event_id,phase_id,note_id,source_keyword,selection_reason
F001,F001,641102cc000000001203f513,F001,shanghai_local_not_seen_in_beijing_chengdu_or_guangzhou
F001,F001,64ad1299000000003100b915,F001,shanghai_local_not_seen_in_beijing_chengdu_or_guangzhou
F001,F001,6548fcf5000000001e033fe6,F001,shanghai_local_not_seen_in_beijing_chengdu_or_guangzhou
F001,F001,672c9d7e000000001a034de1,F001,shanghai_local_not_seen_in_beijing_chengdu_or_guangzhou
F001,F001,6792398f000000001701f986,F001,shanghai_local_not_seen_in_beijing_chengdu_or_guangzhou
F001,F001,68098871000000001201f20a,F001,shanghai_local_not_seen_in_beijing_chengdu_or_guangzhou
F001,F001,681a1846000000002002b826,F001,shanghai_local_not_seen_in_beijing_chengdu_or_guangzhou
F001,F001,6828d4f7000000002300d797,F001,shanghai_local_not_seen_in_beijing_chengdu_or_guangzhou
F001,F001,6895c5e20000000023026957,F001,shanghai_local_not_seen_in_beijing_chengdu_or_guangzhou
F001,F001,689b1a87000000001c01386a,F001,shanghai_local_not_seen_in_beijing_chengdu_or_guangzhou
F001,F001,68b58475000000001b01ea8d,F001,shanghai_local_not_seen_in_beijing_chengdu_or_guangzhou
F001,F001,68d60849000000000e031865,F001,shanghai_local_not_seen_in_beijing_chengdu_or_guangzhou
F001,F001,696540ed000000000d008c20,F001,shanghai_local_not_seen_in_beijing_chengdu_or_guangzhou
F001,F001,699444f8000000000a029cdd,F001,shanghai_local_not_seen_in_beijing_chengdu_or_guangzhou
F001,F001,69ae1878000000002603f23f,F001,shanghai_local_not_seen_in_beijing_chengdu_or_guangzhou
F001,F001,69af96fc0000000009021090,F001,shanghai_local_not_seen_in_beijing_chengdu_or_guangzhou
F001,F001,69c14514000000001a0334b8,F001,shanghai_local_not_seen_in_beijing_chengdu_or_guangzhou
F001,F001,69c26bb7000000001b0015cb,F001,shanghai_local_not_seen_in_beijing_chengdu_or_guangzhou
F001,F001,69cff193000000001b002cbb,F001,shanghai_local_not_seen_in_beijing_chengdu_or_guangzhou
F001,F001,69d63551000000001a022b8c,F001,shanghai_local_not_seen_in_beijing_chengdu_or_guangzhou
F001,F001,69d647d400000000230168b9,F001,shanghai_local_not_seen_in_beijing_chengdu_or_guangzhou
F001,F001,69ec669d000000003503b97e,F001,shanghai_local_not_seen_in_beijing_chengdu_or_guangzhou
F001,F001,69ecbd04000000003503064e,F001,shanghai_local_not_seen_in_beijing_chengdu_or_guangzhou
F001,F001,69f46bae00000000220293f7,F001,shanghai_local_not_seen_in_beijing_chengdu_or_guangzhou
F001,F001,69fbec52000000003601b385,F001,shanghai_local_not_seen_in_beijing_chengdu_or_guangzhou
F001,F001,6a11b9200000000007024fda,F001,shanghai_local_not_seen_in_beijing_chengdu_or_guangzhou
F001,F001,6a16f1b10000000007028568,F001,shanghai_local_not_seen_in_beijing_chengdu_or_guangzhou
F001,F001,6a1906a1000000003700f314,F001,shanghai_local_not_seen_in_beijing_chengdu_or_guangzhou
F001,F001,6a28da4c000000000803c630,F001,shanghai_local_not_seen_in_beijing_chengdu_or_guangzhou
F001,F001,6a2ec6600000000017028338,F001,shanghai_local_not_seen_in_beijing_chengdu_or_guangzhou
F001,F001,6a36acaf000000000702208f,F001,shanghai_local_not_seen_in_beijing_chengdu_or_guangzhou
F001,F001,6a3eb3cd000000000702bd2b,F001,shanghai_local_not_seen_in_beijing_chengdu_or_guangzhou
F001,F001,6a3f24ef000000001503efdc,F001,shanghai_local_not_seen_in_beijing_chengdu_or_guangzhou
F001,F001,6a3f44de000000002100b97a,F001,shanghai_local_not_seen_in_beijing_chengdu_or_guangzhou
F001,F001,6a4a00410000000007010420,F001,shanghai_local_not_seen_in_beijing_chengdu_or_guangzhou
F001,F001,6a4a7493000000000702b897,F001,shanghai_local_not_seen_in_beijing_chengdu_or_guangzhou
F001,F001,6a4b66880000000007013d71,F001,shanghai_local_not_seen_in_beijing_chengdu_or_guangzhou
F001,F001,6a4c734f000000000702ebc7,F001,shanghai_local_not_seen_in_beijing_chengdu_or_guangzhou
F001,F001,6a4ccba60000000007026cb1,F001,shanghai_local_not_seen_in_beijing_chengdu_or_guangzhou
F001,F001,6a4dd1ed0000000021018773,F001,shanghai_local_not_seen_in_beijing_chengdu_or_guangzhou
F001,F001,6a4f2e300000000007013186,F001,shanghai_local_not_seen_in_beijing_chengdu_or_guangzhou
F001,F001,6a4fedfd000000000702a22b,F001,shanghai_local_not_seen_in_beijing_chengdu_or_guangzhou
F001,F001,6a4ff07f000000001603cff1,F001,shanghai_local_not_seen_in_beijing_chengdu_or_guangzhou
F001,F001,6a502de0000000000f0321a5,F001,shanghai_local_not_seen_in_beijing_chengdu_or_guangzhou
F001,F001,6a502eb900000000160241c2,F001,shanghai_local_not_seen_in_beijing_chengdu_or_guangzhou
F001,F001,6a503d780000000022017c4b,F001,shanghai_local_not_seen_in_beijing_chengdu_or_guangzhou
F001,F001,6a503e800000000006030250,F001,shanghai_local_not_seen_in_beijing_chengdu_or_guangzhou
F001,F001,6a503ef8000000001503ecee,F001,shanghai_local_not_seen_in_beijing_chengdu_or_guangzhou
F001,F001,6a503ef8000000001700978b,F001,shanghai_local_not_seen_in_beijing_chengdu_or_guangzhou
F001,F001,6a50447c00000000220092f5,F001,shanghai_local_not_seen_in_beijing_chengdu_or_guangzhou
F001,F001,6a50463600000000220096ca,F001,shanghai_local_not_seen_in_beijing_chengdu_or_guangzhou
F001,F001,6a505d9b00000000060343ae,F001,shanghai_local_not_seen_in_beijing_chengdu_or_guangzhou
F001,F001,6a505ec20000000016024e3b,F001,shanghai_local_not_seen_in_beijing_chengdu_or_guangzhou
F001,F001,6a506d0f000000000f02bc9d,F001,shanghai_local_not_seen_in_beijing_chengdu_or_guangzhou
F001,F001,6a50839a000000001700a574,F001,shanghai_local_not_seen_in_beijing_chengdu_or_guangzhou
F001,F001,6a50a69a0000000021016889,F001,shanghai_local_not_seen_in_beijing_chengdu_or_guangzhou
F001,F001,6a50ae7f0000000015026e97,F001,shanghai_local_not_seen_in_beijing_chengdu_or_guangzhou
F001,F001,6a50b9bb000000001702c587,F001,shanghai_local_not_seen_in_beijing_chengdu_or_guangzhou
F001,F001,6a50ba3e000000001700a33d,F001,shanghai_local_not_seen_in_beijing_chengdu_or_guangzhou
F001,F001,6a50bee0000000001c025f09,F001,shanghai_local_not_seen_in_beijing_chengdu_or_guangzhou
F001,F001,6a50c33f00000000110074ea,F001,shanghai_local_not_seen_in_beijing_chengdu_or_guangzhou
F001,F001,6a50cb9300000000150247e9,F001,shanghai_local_not_seen_in_beijing_chengdu_or_guangzhou
F001,F001,6a50e98a000000000800108a,F001,shanghai_local_not_seen_in_beijing_chengdu_or_guangzhou
F001,F001,6a5107000000000016026e87,F001,shanghai_local_not_seen_in_beijing_chengdu_or_guangzhou
F001,F001,6a514e860000000015024951,F001,shanghai_local_not_seen_in_beijing_chengdu_or_guangzhou
F001,F001,6a51c59a000000002101af73,F001,shanghai_local_not_seen_in_beijing_chengdu_or_guangzhou
F001,F001,6a51e35b000000001101e682,F001,shanghai_local_not_seen_in_beijing_chengdu_or_guangzhou
F001,F001,6a52086f00000000070244c8,F001,shanghai_local_not_seen_in_beijing_chengdu_or_guangzhou
F001,F001,6a5211250000000017009e56,F001,shanghai_local_not_seen_in_beijing_chengdu_or_guangzhou
F001,F001,6a521734000000000702d0af,F001,shanghai_local_not_seen_in_beijing_chengdu_or_guangzhou
F001,F001,6a521cb2000000001101cc79,F001,shanghai_local_not_seen_in_beijing_chengdu_or_guangzhou
F001,F001,6a521e56000000001003d932,F001,shanghai_local_not_seen_in_beijing_chengdu_or_guangzhou
F001,F001,6a5223b9000000000f0301f0,F001,shanghai_local_not_seen_in_beijing_chengdu_or_guangzhou
F001,F001,6a523dee000000001c025818,F001,shanghai_local_not_seen_in_beijing_chengdu_or_guangzhou
F001,F001,6a5241d00000000008000709,F001,shanghai_local_not_seen_in_beijing_chengdu_or_guangzhou
F001,F001,6a52485a000000001603d491,F001,shanghai_local_not_seen_in_beijing_chengdu_or_guangzhou
F001,F001,6a5257b3000000000f01e86e,F001,shanghai_local_not_seen_in_beijing_chengdu_or_guangzhou
F001,F001,6a526f4400000000150243b1,F001,shanghai_local_not_seen_in_beijing_chengdu_or_guangzhou
F001,F001,6a53195d000000001702f331,F001,shanghai_local_not_seen_in_beijing_chengdu_or_guangzhou
F001,F001,6a531fdc0000000011006a43,F001,shanghai_local_not_seen_in_beijing_chengdu_or_guangzhou
F001,F001,6a537b01000000002200bed1,F001,shanghai_local_not_seen_in_beijing_chengdu_or_guangzhou
F001,F001,6a53b0350000000006023ae0,F001,shanghai_local_not_seen_in_beijing_chengdu_or_guangzhou
F001,F001,6a53c1e1000000001603ca6f,F001,shanghai_local_not_seen_in_beijing_chengdu_or_guangzhou
F001,F001,6a5435690000000011017edb,F001,shanghai_local_not_seen_in_beijing_chengdu_or_guangzhou
F001,F001,6a5442d10000000006021072,F001,shanghai_local_not_seen_in_beijing_chengdu_or_guangzhou
F001,F001,6a547bcd000000001503d961,F001,shanghai_local_not_seen_in_beijing_chengdu_or_guangzhou
F001,F001,6a5493a2000000001c0279f9,F001,shanghai_local_not_seen_in_beijing_chengdu_or_guangzhou
F001,F001,6a54df090000000011005409,F001,shanghai_local_not_seen_in_beijing_chengdu_or_guangzhou
F001,F001,6a54f8e80000000021014359,F001,shanghai_local_not_seen_in_beijing_chengdu_or_guangzhou
F001,F001,6a5518b4000000001100542f,F001,shanghai_local_not_seen_in_beijing_chengdu_or_guangzhou
F001,F001,6a553cab0000000007020217,F001,shanghai_local_not_seen_in_beijing_chengdu_or_guangzhou
F001,F001,6a5574b10000000002003c00,F001,shanghai_local_not_seen_in_beijing_chengdu_or_guangzhou
F001,F001,6a5759600000000021021f12,F001,shanghai_local_not_seen_in_beijing_chengdu_or_guangzhou
F001,F001,6a577afd0000000007025d38,F001,shanghai_local_not_seen_in_beijing_chengdu_or_guangzhou
F001,F001,6a57d9320000000022017ac7,F001,shanghai_local_not_seen_in_beijing_chengdu_or_guangzhou
F001,F001,6a5857c4000000001f01e41f,F001,shanghai_local_not_seen_in_beijing_chengdu_or_guangzhou
F001,F001,6a58cdfe000000000401cf0c,F001,shanghai_local_not_seen_in_beijing_chengdu_or_guangzhou
F001,F001,6a58e2d4000000001d0228bf,F001,shanghai_local_not_seen_in_beijing_chengdu_or_guangzhou
F001,F001,6a599f1c000000001100462d,F001,shanghai_local_not_seen_in_beijing_chengdu_or_guangzhou
F001,F001,6a5a2b290000000011011ced,F001,shanghai_local_not_seen_in_beijing_chengdu_or_guangzhou
F001,F001,6a5a3aa700000000040281fc,F001,shanghai_local_not_seen_in_beijing_chengdu_or_guangzhou
F001,F001,6a5ae1ef000000000100fe4a,F001,shanghai_local_not_seen_in_beijing_chengdu_or_guangzhou
F001,F001,6a5b242e000000001303f307,F001,shanghai_local_not_seen_in_beijing_chengdu_or_guangzhou
F001,F001,6a5cb9bb000000001302c48a,F001,shanghai_local_not_seen_in_beijing_chengdu_or_guangzhou
F001,F001,6a5ce0630000000001001c72,F001,shanghai_local_not_seen_in_beijing_chengdu_or_guangzhou
F001,F001,6a5f5f50000000000401cb08,F001,shanghai_local_not_seen_in_beijing_chengdu_or_guangzhou
F001,F001,6a5f9b6d000000001400774d,F001,shanghai_local_not_seen_in_beijing_chengdu_or_guangzhou
F001,F001,6a631da5000000001003ea6c,F001,shanghai_local_not_seen_in_beijing_chengdu_or_guangzhou
F001,F001,6a6414fc000000000101c4a6,F001,shanghai_local_not_seen_in_beijing_chengdu_or_guangzhou
F001,F001,6a6482bd000000000f0324ec,F001,shanghai_local_not_seen_in_beijing_chengdu_or_guangzhou
F001,F001,6a6486a9000000000c016a7f,F001,shanghai_local_not_seen_in_beijing_chengdu_or_guangzhou
F001,F001,6a66c859000000000101cb0b,F001,shanghai_local_not_seen_in_beijing_chengdu_or_guangzhou
F001,F001,6a6b4482000000002501182b,F001,shanghai_local_not_seen_in_beijing_chengdu_or_guangzhou
F001,F001,6a71cb40000000002500addf,F001,shanghai_local_not_seen_in_beijing_chengdu_or_guangzhou
F001,F001,6a73deb4000000002201542b,F001,shanghai_local_not_seen_in_beijing_chengdu_or_guangzhou
F001,F001,6a74387b00000000330376be,F001,shanghai_local_not_seen_in_beijing_chengdu_or_guangzhou
F001,F001,6a75337b000000002402d971,F001,shanghai_local_not_seen_in_beijing_chengdu_or_guangzhou
F001,F001,6a756f82000000000600506b,F001,shanghai_local_not_seen_in_beijing_chengdu_or_guangzhou
F001,F001,6a75adc50000000028003b96,F001,shanghai_local_not_seen_in_beijing_chengdu_or_guangzhou
F001,F001,6a793024000000003301be70,F001,shanghai_local_not_seen_in_beijing_chengdu_or_guangzhou
F001,F001,6a7f63b0000000002403c582,F001,shanghai_local_not_seen_in_beijing_chengdu_or_guangzhou
F001,F001,6a805ab9000000002c006b4e,F001,shanghai_local_not_seen_in_beijing_chengdu_or_guangzhou
F001,F001,6a81970b0000000005028852,F001,shanghai_local_not_seen_in_beijing_chengdu_or_guangzhou
F001,F001,6a827587000000002c0016e7,F001,shanghai_local_not_seen_in_beijing_chengdu_or_guangzhou
F001,F001,6a8287620000000028030222,F001,shanghai_local_not_seen_in_beijing_chengdu_or_guangzhou
F001,F001,6a85472a000000002403f9af,F001,shanghai_local_not_seen_in_beijing_chengdu_or_guangzhou
F001,F001,6a85a70a00000000220126fa,F001,shanghai_local_not_seen_in_beijing_chengdu_or_guangzhou
F001,F001,6a85d00a000000003300fd03,F001,shanghai_local_not_seen_in_beijing_chengdu_or_guangzhou
F001,F001,6a86cb5600000000280225e6,F001,shanghai_local_not_seen_in_beijing_chengdu_or_guangzhou
F001,F001,6a86fbd8000000002702b1a8,F001,shanghai_local_not_seen_in_beijing_chengdu_or_guangzhou
F001,F001,6a87a4dd000000003a02e00e,F001,shanghai_local_not_seen_in_beijing_chengdu_or_guangzhou
F001,F001,6a882077000000002800a859,F001,shanghai_local_not_seen_in_beijing_chengdu_or_guangzhou
F001,F001,6a8829ff000000003300c25a,F001,shanghai_local_not_seen_in_beijing_chengdu_or_guangzhou
F001,F001,6a88707c00000000280255d6,F001,shanghai_local_not_seen_in_beijing_chengdu_or_guangzhou
F001,F001,6a8af7cc000000002202f4e7,F001,shanghai_local_not_seen_in_beijing_chengdu_or_guangzhou
F001,F001,6a8c7567000000002600f92f,F001,shanghai_local_not_seen_in_beijing_chengdu_or_guangzhou
F001,F001,6a8dd91e000000000f039c00,F001,shanghai_local_not_seen_in_beijing_chengdu_or_guangzhou
F001,F001,6a8e61420000000026007c21,F001,shanghai_local_not_seen_in_beijing_chengdu_or_guangzhou
F001,F001,6a8ebb4c000000001f01c0a0,F001,shanghai_local_not_seen_in_beijing_chengdu_or_guangzhou
F001,F001,6a8fbee8000000002600211d,F001,shanghai_local_not_seen_in_beijing_chengdu_or_guangzhou
F001,F001,6a912d8a0000000028007445,F001,shanghai_local_not_seen_in_beijing_chengdu_or_guangzhou
F001,F001,6a93da63000000000402b9cb,F001,shanghai_local_not_seen_in_beijing_chengdu_or_guangzhou
F001,F001,6a94e3b2000000002a03d42b,F001,shanghai_local_not_seen_in_beijing_chengdu_or_guangzhou
F001,F001,6a94e7a1000000002a03dfaa,F001,shanghai_local_not_seen_in_beijing_chengdu_or_guangzhou
F001,F001,6a95267f000000001f0020e5,F001,shanghai_local_not_seen_in_beijing_chengdu_or_guangzhou
F001,F001,6a969db800000000100077e6,F001,shanghai_local_not_seen_in_beijing_chengdu_or_guangzhou
F001,F001,6a97542b000000002803a49e,F001,shanghai_local_not_seen_in_beijing_chengdu_or_guangzhou
F001,F001,6a98efbb0000000025035bf1,F001,shanghai_local_not_seen_in_beijing_chengdu_or_guangzhou
F001,F001,6a98f061000000001103acac,F001,shanghai_local_not_seen_in_beijing_chengdu_or_guangzhou
F001,F001,6a98f18c00000000280364c1,F001,shanghai_local_not_seen_in_beijing_chengdu_or_guangzhou
F001,F001,6a993871000000002a027576,F001,shanghai_local_not_seen_in_beijing_chengdu_or_guangzhou
F001,F001,6a993aec000000001203ca06,F001,shanghai_local_not_seen_in_beijing_chengdu_or_guangzhou
F001,F001,6a9952ae0000000012025adc,F001,shanghai_local_not_seen_in_beijing_chengdu_or_guangzhou
F001,F001,6a9974d9000000002601e6c9,F001,shanghai_local_not_seen_in_beijing_chengdu_or_guangzhou
F001,F001,6a998e52000000001203f287,F001,shanghai_local_not_seen_in_beijing_chengdu_or_guangzhou
F001,F001,6a998f410000000011037621,F001,shanghai_local_not_seen_in_beijing_chengdu_or_guangzhou
F001,F001,6a999a8f0000000026032fbc,F001,shanghai_local_not_seen_in_beijing_chengdu_or_guangzhou
F001,F001,6a9a052400000000260152ee,F001,shanghai_local_not_seen_in_beijing_chengdu_or_guangzhou
F001,F001,6a9a09e2000000002902ff7f,F001,shanghai_local_not_seen_in_beijing_chengdu_or_guangzhou
F001,F001,6a9a1839000000001103489c,F001,shanghai_local_not_seen_in_beijing_chengdu_or_guangzhou
F001,F001,6a9a19b8000000002502e9d3,F001,shanghai_local_not_seen_in_beijing_chengdu_or_guangzhou
F001,F001,6a9a1e5c000000002802eff6,F001,shanghai_local_not_seen_in_beijing_chengdu_or_guangzhou
F001,F001,6a9a1fa5000000002901af5f,F001,shanghai_local_not_seen_in_beijing_chengdu_or_guangzhou
F001,F001,6a9a3007000000002802a2d2,F001,shanghai_local_not_seen_in_beijing_chengdu_or_guangzhou
F001,F001,6a9a3220000000002803b943,F001,shanghai_local_not_seen_in_beijing_chengdu_or_guangzhou
F001,F001,6a9a47470000000026016f22,F001,shanghai_local_not_seen_in_beijing_chengdu_or_guangzhou
F001,F001,6a9a7bd9000000002802e5ef,F001,shanghai_local_not_seen_in_beijing_chengdu_or_guangzhou
F001,F001,6a9a8693000000002b01e633,F001,shanghai_local_not_seen_in_beijing_chengdu_or_guangzhou
F001,F001,6a9a9123000000002802f38e,F001,shanghai_local_not_seen_in_beijing_chengdu_or_guangzhou
F001,F001,6a9a9d58000000002502d3ec,F001,shanghai_local_not_seen_in_beijing_chengdu_or_guangzhou
F001,F001,6a9ac161000000001103544f,F001,shanghai_local_not_seen_in_beijing_chengdu_or_guangzhou
F001,F001,6a9acc210000000029018b43,F001,shanghai_local_not_seen_in_beijing_chengdu_or_guangzhou
F001,F001,6a9accad000000002b003284,F001,shanghai_local_not_seen_in_beijing_chengdu_or_guangzhou
F001,F001,6a9ad02c0000000012000ce7,F001,shanghai_local_not_seen_in_beijing_chengdu_or_guangzhou
F001,F001,6a9af7080000000012003d56,F001,shanghai_local_not_seen_in_beijing_chengdu_or_guangzhou
F001,F001,6a9b1c2a000000000f03a000,F001,shanghai_local_not_seen_in_beijing_chengdu_or_guangzhou
F001,F001,6a9b1ca900000000280383d5,F001,shanghai_local_not_seen_in_beijing_chengdu_or_guangzhou
F001,F001,6a9b39900000000026015e8e,F001,shanghai_local_not_seen_in_beijing_chengdu_or_guangzhou
F001,F001,6a9b4457000000000b00c1e4,F001,shanghai_local_not_seen_in_beijing_chengdu_or_guangzhou
F001,F001,6a9b5ae5000000000d025c15,F001,shanghai_local_not_seen_in_beijing_chengdu_or_guangzhou
F001,F001,6a9b84930000000019026fe7,F001,shanghai_local_not_seen_in_beijing_chengdu_or_guangzhou
F001,F001,6a9b8c920000000025035509,F001,shanghai_local_not_seen_in_beijing_chengdu_or_guangzhou
F001,F001,6a9b983e0000000012037bd0,F001,shanghai_local_not_seen_in_beijing_chengdu_or_guangzhou
F001,F001,6a9b9860000000002802ede1,F001,shanghai_local_not_seen_in_beijing_chengdu_or_guangzhou
F001,F001,6a9b9b0f0000000027009c84,F001,shanghai_local_not_seen_in_beijing_chengdu_or_guangzhou
F001,F001,6a9ba5e90000000026008b8e,F001,shanghai_local_not_seen_in_beijing_chengdu_or_guangzhou
F001,F001,6a9bab66000000002700927f,F001,shanghai_local_not_seen_in_beijing_chengdu_or_guangzhou
F001,F001,6a9bb25500000000260169dd,F001,shanghai_local_not_seen_in_beijing_chengdu_or_guangzhou
F001,F001,6a9bb26b00000000110326bf,F001,shanghai_local_not_seen_in_beijing_chengdu_or_guangzhou
F001,F001,6a9bb5900000000029010e89,F001,shanghai_local_not_seen_in_beijing_chengdu_or_guangzhou
F001,F001,6a9bbaa9000000002502fdb2,F001,shanghai_local_not_seen_in_beijing_chengdu_or_guangzhou
F001,F001,6a9bbb2c000000002603b404,F001,shanghai_local_not_seen_in_beijing_chengdu_or_guangzhou
F001,F001,6a9bc14e00000000120349dd,F001,shanghai_local_not_seen_in_beijing_chengdu_or_guangzhou
F001,F001,6a9bc719000000002b003734,F001,shanghai_local_not_seen_in_beijing_chengdu_or_guangzhou
F001,F001,6a9bc8df0000000029019ad1,F001,shanghai_local_not_seen_in_beijing_chengdu_or_guangzhou
F001,F001,6a9bdff800000000120341b2,F001,shanghai_local_not_seen_in_beijing_chengdu_or_guangzhou
F001,F001,6a9beb56000000002503565f,F001,shanghai_local_not_seen_in_beijing_chengdu_or_guangzhou
F001,F001,6a9c02ea000000002802feda,F001,shanghai_local_not_seen_in_beijing_chengdu_or_guangzhou
F001,F001,6a9c0a9f00000000290117aa,F001,shanghai_local_not_seen_in_beijing_chengdu_or_guangzhou
F001,F001,6a9c21680000000025036d5a,F001,shanghai_local_not_seen_in_beijing_chengdu_or_guangzhou
F001,F001,6a9c501b000000001202512e,F001,shanghai_local_not_seen_in_beijing_chengdu_or_guangzhou
F001,F001,6a9c6cf3000000002b00392d,F001,shanghai_local_not_seen_in_beijing_chengdu_or_guangzhou
F001,F001,6a9c913d000000002802a6e0,F001,shanghai_local_not_seen_in_beijing_chengdu_or_guangzhou
F001,F001,6a9cc3b5000000002b0134d4,F001,shanghai_local_not_seen_in_beijing_chengdu_or_guangzhou
F001,F001,6a9cde150000000026021748,F001,shanghai_local_not_seen_in_beijing_chengdu_or_guangzhou
F001,F001,6a9cf604000000002802fcd0,F001,shanghai_local_not_seen_in_beijing_chengdu_or_guangzhou
F001,F001,6a9d1497000000001203c386,F001,shanghai_local_not_seen_in_beijing_chengdu_or_guangzhou
F001,F001,6a9d3e20000000001103580a,F001,shanghai_local_not_seen_in_beijing_chengdu_or_guangzhou
F001,F001,6a9d5847000000002802ffda,F001,shanghai_local_not_seen_in_beijing_chengdu_or_guangzhou
F001,F001,6a9d651e0000000012026250,F001,shanghai_local_not_seen_in_beijing_chengdu_or_guangzhou
F001,F001,6a9d7073000000002502ddb5,F001,shanghai_local_not_seen_in_beijing_chengdu_or_guangzhou
F001,F001,6a9d72d5000000000d00b5ef,F001,shanghai_local_not_seen_in_beijing_chengdu_or_guangzhou
F001,F001,6a9d90270000000026015e5a,F001,shanghai_local_not_seen_in_beijing_chengdu_or_guangzhou
F001,F001,6a9d93860000000029011a61,F001,shanghai_local_not_seen_in_beijing_chengdu_or_guangzhou
F001,F001,6a9d9e4c000000002a026c69,F001,shanghai_local_not_seen_in_beijing_chengdu_or_guangzhou
F001,F001,6a9daf230000000026015abc,F001,shanghai_local_not_seen_in_beijing_chengdu_or_guangzhou
F001,F001,6a9e3ff20000000028000eb5,F001,shanghai_local_not_seen_in_beijing_chengdu_or_guangzhou
F001,F001,6a9e816e00000000280386c1,F001,shanghai_local_not_seen_in_beijing_chengdu_or_guangzhou
F001,F001,6a9e82770000000028038af1,F001,shanghai_local_not_seen_in_beijing_chengdu_or_guangzhou
F001,F001,6a9e86500000000025034481,F001,shanghai_local_not_seen_in_beijing_chengdu_or_guangzhou
F001,F001,6a9e8b060000000029010ff4,F001,shanghai_local_not_seen_in_beijing_chengdu_or_guangzhou
F001,F001,6a9e8c53000000000d025439,F001,shanghai_local_not_seen_in_beijing_chengdu_or_guangzhou
F001,F001,6a9ea01c000000002900cae5,F001,shanghai_local_not_seen_in_beijing_chengdu_or_guangzhou
F001,F001,6a9eba6f000000002a027260,F001,shanghai_local_not_seen_in_beijing_chengdu_or_guangzhou
F001,F001,6a9ebf5b0000000029010e9e,F001,shanghai_local_not_seen_in_beijing_chengdu_or_guangzhou
F001,F001,6a9ecfb400000000260174ec,F001,shanghai_local_not_seen_in_beijing_chengdu_or_guangzhou
F001,F001,6a9ee1410000000025034862,F001,shanghai_local_not_seen_in_beijing_chengdu_or_guangzhou
F001,F001,6a9eec10000000001001cefc,F001,shanghai_local_not_seen_in_beijing_chengdu_or_guangzhou
F001,F001,6a9f21f00000000026015319,F001,shanghai_local_not_seen_in_beijing_chengdu_or_guangzhou
F001,F001,6a9f4a18000000002a02eeb8,F001,shanghai_local_not_seen_in_beijing_chengdu_or_guangzhou
F001,F001,6a9f52530000000026017d05,F001,shanghai_local_not_seen_in_beijing_chengdu_or_guangzhou
F001,F001,6a9f5b0b000000002902d532,F001,shanghai_local_not_seen_in_beijing_chengdu_or_guangzhou
F001,F001,6a9f5bae000000001203f0cb,F001,shanghai_local_not_seen_in_beijing_chengdu_or_guangzhou
F001,F001,6a9f6792000000001103039e,F001,shanghai_local_not_seen_in_beijing_chengdu_or_guangzhou
F001,F001,6a9f7f69000000002b000ef3,F001,shanghai_local_not_seen_in_beijing_chengdu_or_guangzhou
F001,F001,6a9f805c00000000120031ea,F001,shanghai_local_not_seen_in_beijing_chengdu_or_guangzhou
F001,F001,6a9f83cb000000002b01c079,F001,shanghai_local_not_seen_in_beijing_chengdu_or_guangzhou
F001,F001,6a9f85f10000000012026bc0,F001,shanghai_local_not_seen_in_beijing_chengdu_or_guangzhou
F001,F001,6a9f867d000000001103284d,F001,shanghai_local_not_seen_in_beijing_chengdu_or_guangzhou
F001,F001,6a9f8e1d00000000280382d8,F001,shanghai_local_not_seen_in_beijing_chengdu_or_guangzhou
F001,F001,6a9f9847000000002902cc6a,F001,shanghai_local_not_seen_in_beijing_chengdu_or_guangzhou
F001,F001,6a9f9a50000000002901b9ed,F001,shanghai_local_not_seen_in_beijing_chengdu_or_guangzhou
F001,F001,6a9fa83f00000000260222d9,F001,shanghai_local_not_seen_in_beijing_chengdu_or_guangzhou
F001,F001,6a9fac4f0000000028039d1f,F001,shanghai_local_not_seen_in_beijing_chengdu_or_guangzhou
F001,F001,6a9fba1c0000000012024e2f,F001,shanghai_local_not_seen_in_beijing_chengdu_or_guangzhou
F001,F001,6a9fc2850000000029010c9b,F001,shanghai_local_not_seen_in_beijing_chengdu_or_guangzhou
F001,F001,6a9fc4ec000000000b036795,F001,shanghai_local_not_seen_in_beijing_chengdu_or_guangzhou
F001,F001,6a9fc69d000000002902e685,F001,shanghai_local_not_seen_in_beijing_chengdu_or_guangzhou
F001,F001,6a9fd07f0000000012035475,F001,shanghai_local_not_seen_in_beijing_chengdu_or_guangzhou
F001,F001,6a9fda270000000029016cca,F001,shanghai_local_not_seen_in_beijing_chengdu_or_guangzhou
F001,F001,6a9fdef0000000000d027f4c,F001,shanghai_local_not_seen_in_beijing_chengdu_or_guangzhou
F001,F001,6a9fdfb0000000002a02ff99,F001,shanghai_local_not_seen_in_beijing_chengdu_or_guangzhou
F001,F001,6a9fe6c80000000011034d1b,F001,shanghai_local_not_seen_in_beijing_chengdu_or_guangzhou
F001,F001,6a9ffaec0000000026017be1,F001,shanghai_local_not_seen_in_beijing_chengdu_or_guangzhou
F001,F001,6aa00d38000000002901224d,F001,shanghai_local_not_seen_in_beijing_chengdu_or_guangzhou
F001,F001,6aa00d72000000002902ef35,F001,shanghai_local_not_seen_in_beijing_chengdu_or_guangzhou
F001,F001,6aa01b9d000000002901914f,F001,shanghai_local_not_seen_in_beijing_chengdu_or_guangzhou
F001,F001,6aa021ec000000002901a3b5,F001,shanghai_local_not_seen_in_beijing_chengdu_or_guangzhou
F001,F001,6aa022d3000000002a02d133,F001,shanghai_local_not_seen_in_beijing_chengdu_or_guangzhou
F001,F001,6aa027e50000000026031219,F001,shanghai_local_not_seen_in_beijing_chengdu_or_guangzhou
F001,F001,6aa028ef00000000120354bb,F001,shanghai_local_not_seen_in_beijing_chengdu_or_guangzhou
F001,F001,6aa03070000000002803af1b,F001,shanghai_local_not_seen_in_beijing_chengdu_or_guangzhou
F001,F001,6aa0332e00000000270171ad,F001,shanghai_local_not_seen_in_beijing_chengdu_or_guangzhou
F001,F001,6aa0a0870000000026020fd0,F001,shanghai_local_not_seen_in_beijing_chengdu_or_guangzhou
F001,F001,6aa0b127000000002901a0f5,F001,shanghai_local_not_seen_in_beijing_chengdu_or_guangzhou
F001,F001,6aa0c1bb000000002900dcd5,F001,shanghai_local_not_seen_in_beijing_chengdu_or_guangzhou
F001,F001,6aa0e638000000002802bebb,F001,shanghai_local_not_seen_in_beijing_chengdu_or_guangzhou
F001,F001,6aa0fdcd000000001001caab,F001,shanghai_local_not_seen_in_beijing_chengdu_or_guangzhou
F001,F001,6aa100cf000000002502ce8d,F001,shanghai_local_not_seen_in_beijing_chengdu_or_guangzhou
F001,F001,6aa1017e00000000260386f5,F001,shanghai_local_not_seen_in_beijing_chengdu_or_guangzhou
F001,F001,6aa106330000000026014d64,F001,shanghai_local_not_seen_in_beijing_chengdu_or_guangzhou
F001,F001,6aa113320000000026018e00,F001,shanghai_local_not_seen_in_beijing_chengdu_or_guangzhou
F001,F001,6aa114030000000011039019,F001,shanghai_local_not_seen_in_beijing_chengdu_or_guangzhou
F001,F001,6aa12134000000002600bf61,F001,shanghai_local_not_seen_in_beijing_chengdu_or_guangzhou
F001,F001,6aa12510000000002901b908,F001,shanghai_local_not_seen_in_beijing_chengdu_or_guangzhou
F001,F001,6aa12b8d00000000270173d1,F001,shanghai_local_not_seen_in_beijing_chengdu_or_guangzhou
F001,F001,6aa12be6000000002a005d56,F001,shanghai_local_not_seen_in_beijing_chengdu_or_guangzhou
F001,F001,6aa12d5d0000000012001ec3,F001,shanghai_local_not_seen_in_beijing_chengdu_or_guangzhou
F001,F001,6aa1332e000000002b01067a,F001,shanghai_local_not_seen_in_beijing_chengdu_or_guangzhou
F001,F001,6aa13671000000000b036485,F001,shanghai_local_not_seen_in_beijing_chengdu_or_guangzhou
F001,F001,6aa13b4b000000002601c03e,F001,shanghai_local_not_seen_in_beijing_chengdu_or_guangzhou
F001,F001,6aa14187000000002601aad9,F001,shanghai_local_not_seen_in_beijing_chengdu_or_guangzhou
F001,F001,6aa143e0000000001203dd51,F001,shanghai_local_not_seen_in_beijing_chengdu_or_guangzhou
F001,F001,6aa1696e0000000012035775,F001,shanghai_local_not_seen_in_beijing_chengdu_or_guangzhou
F001,F001,6aa16be1000000001103000b,F001,shanghai_local_not_seen_in_beijing_chengdu_or_guangzhou
F001,F001,6aa1880f0000000025037e18,F001,shanghai_local_not_seen_in_beijing_chengdu_or_guangzhou
F001,F001,6aa1915d00000000260158eb,F001,shanghai_local_not_seen_in_beijing_chengdu_or_guangzhou
F001,F001,6aa1ae93000000002b02415d,F001,shanghai_local_not_seen_in_beijing_chengdu_or_guangzhou
F001,F001,6aa204f6000000002502f90a,F001,shanghai_local_not_seen_in_beijing_chengdu_or_guangzhou
F001,F001,6aa208380000000011037027,F001,shanghai_local_not_seen_in_beijing_chengdu_or_guangzhou
F001,F001,6aa21fbb0000000026038921,F001,shanghai_local_not_seen_in_beijing_chengdu_or_guangzhou
F001,F001,6aa220bc000000001103a1df,F001,shanghai_local_not_seen_in_beijing_chengdu_or_guangzhou
F001,F001,6aa227b1000000000b00fca8,F001,shanghai_local_not_seen_in_beijing_chengdu_or_guangzhou
F001,F001,6aa22a25000000001103695b,F001,shanghai_local_not_seen_in_beijing_chengdu_or_guangzhou
F001,F001,6aa22ea2000000002b000c81,F001,shanghai_local_not_seen_in_beijing_chengdu_or_guangzhou
F001,F001,6aa231b8000000000d026f8b,F001,shanghai_local_not_seen_in_beijing_chengdu_or_guangzhou
F001,F001,6aa2321e000000002901b9e0,F001,shanghai_local_not_seen_in_beijing_chengdu_or_guangzhou
F001,F001,6aa23266000000002802eaec,F001,shanghai_local_not_seen_in_beijing_chengdu_or_guangzhou
F001,F001,6aa234340000000028001b3e,F001,shanghai_local_not_seen_in_beijing_chengdu_or_guangzhou
F001,F001,6aa234870000000028033a7d,F001,shanghai_local_not_seen_in_beijing_chengdu_or_guangzhou
F001,F001,6aa23b86000000002a02fc17,F001,shanghai_local_not_seen_in_beijing_chengdu_or_guangzhou
F001,F001,6aa23c6f0000000011030233,F001,shanghai_local_not_seen_in_beijing_chengdu_or_guangzhou
F001,F001,6aa23e1a000000001001f7ec,F001,shanghai_local_not_seen_in_beijing_chengdu_or_guangzhou
F001,F001,6aa23e3b000000000d026cac,F001,shanghai_local_not_seen_in_beijing_chengdu_or_guangzhou
F001,F001,6aa23fda000000002b013a24,F001,shanghai_local_not_seen_in_beijing_chengdu_or_guangzhou
F001,F001,6aa2467c000000001001e210,F001,shanghai_local_not_seen_in_beijing_chengdu_or_guangzhou
F001,F001,6aa24b6f00000000110350c5,F001,shanghai_local_not_seen_in_beijing_chengdu_or_guangzhou
F001,F001,6aa25114000000002601c7c3,F001,shanghai_local_not_seen_in_beijing_chengdu_or_guangzhou
F002,F002,65519870000000003202d874,F002,shanghai_local_not_seen_in_beijing_chengdu_or_guangzhou
F002,F002,65fdad4e0000000012020417,F002,shanghai_local_not_seen_in_beijing_chengdu_or_guangzhou
F002,F002,6638600c000000001e020e48,F002,shanghai_local_not_seen_in_beijing_chengdu_or_guangzhou
F002,F002,669639f40000000005007148,F002,shanghai_local_not_seen_in_beijing_chengdu_or_guangzhou
F002,F002,6704d3ef000000002c02f872,F002,shanghai_local_not_seen_in_beijing_chengdu_or_guangzhou
F002,F002,67388fcf000000001d03af98,F002,shanghai_local_not_seen_in_beijing_chengdu_or_guangzhou
F002,F002,6752f79b000000000800418d,F002,shanghai_local_not_seen_in_beijing_chengdu_or_guangzhou
F002,F002,678f1b70000000001902c20d,F002,shanghai_local_not_seen_in_beijing_chengdu_or_guangzhou
F002,F002,67ca8da4000000000b014dc5,F002,shanghai_local_not_seen_in_beijing_chengdu_or_guangzhou
F002,F002,67e283ff000000001c009d62,F002,shanghai_local_not_seen_in_beijing_chengdu_or_guangzhou
F002,F002,67e36f3b000000000b015035,F002,shanghai_local_not_seen_in_beijing_chengdu_or_guangzhou
F002,F002,67f606f7000000001202caa4,F002,shanghai_local_not_seen_in_beijing_chengdu_or_guangzhou
F002,F002,6803dbb8000000001e001974,F002,shanghai_local_not_seen_in_beijing_chengdu_or_guangzhou
F002,F002,68711e08000000002203f2ad,F002,shanghai_local_not_seen_in_beijing_chengdu_or_guangzhou
F002,F002,6871cc93000000000b02cee2,F002,shanghai_local_not_seen_in_beijing_chengdu_or_guangzhou
F002,F002,687254e90000000010024d08,F002,shanghai_local_not_seen_in_beijing_chengdu_or_guangzhou
F002,F002,6876342b000000000d024680,F002,shanghai_local_not_seen_in_beijing_chengdu_or_guangzhou
F002,F002,6877134f000000001c03750b,F002,shanghai_local_not_seen_in_beijing_chengdu_or_guangzhou
F002,F002,6877ad31000000001c036c75,F002,shanghai_local_not_seen_in_beijing_chengdu_or_guangzhou
F002,F002,68784c4a000000001c034f20,F002,shanghai_local_not_seen_in_beijing_chengdu_or_guangzhou
F002,F002,687883c0000000001c032736,F002,shanghai_local_not_seen_in_beijing_chengdu_or_guangzhou
F002,F002,687f3b1d000000000b02e853,F002,shanghai_local_not_seen_in_beijing_chengdu_or_guangzhou
F002,F002,6895676d0000000022022e1d,F002,shanghai_local_not_seen_in_beijing_chengdu_or_guangzhou
F002,F002,68a6c300000000001c01331d,F002,shanghai_local_not_seen_in_beijing_chengdu_or_guangzhou
F002,F002,68ba5518000000001b020907,F002,shanghai_local_not_seen_in_beijing_chengdu_or_guangzhou
F002,F002,68bbebe6000000001d03aacd,F002,shanghai_local_not_seen_in_beijing_chengdu_or_guangzhou
F002,F002,68be9adb000000001d039645,F002,shanghai_local_not_seen_in_beijing_chengdu_or_guangzhou
F002,F002,68c23003000000001c0330af,F002,shanghai_local_not_seen_in_beijing_chengdu_or_guangzhou
F002,F002,68c3dbaf000000001d00b129,F002,shanghai_local_not_seen_in_beijing_chengdu_or_guangzhou
F002,F002,68c8f31a000000000e023157,F002,shanghai_local_not_seen_in_beijing_chengdu_or_guangzhou
F002,F002,68ca79dd000000001201ccec,F002,shanghai_local_not_seen_in_beijing_chengdu_or_guangzhou
F002,F002,68d11b52000000001300d262,F002,shanghai_local_not_seen_in_beijing_chengdu_or_guangzhou
F002,F002,68d243fb00000000130158ea,F002,shanghai_local_not_seen_in_beijing_chengdu_or_guangzhou
F002,F002,68d263e7000000001301efb9,F002,shanghai_local_not_seen_in_beijing_chengdu_or_guangzhou
F002,F002,68d9435e0000000013029f4f,F002,shanghai_local_not_seen_in_beijing_chengdu_or_guangzhou
F002,F002,68de4260000000000402218b,F002,shanghai_local_not_seen_in_beijing_chengdu_or_guangzhou
F002,F002,68ef5800000000000300e21b,F002,shanghai_local_not_seen_in_beijing_chengdu_or_guangzhou
F002,F002,68f232bd0000000005031d26,F002,shanghai_local_not_seen_in_beijing_chengdu_or_guangzhou
F002,F002,68faf7f3000000000503b242,F002,shanghai_local_not_seen_in_beijing_chengdu_or_guangzhou
F002,F002,690844170000000004023bf8,F002,shanghai_local_not_seen_in_beijing_chengdu_or_guangzhou
F002,F002,690b5d2700000000040215cb,F002,shanghai_local_not_seen_in_beijing_chengdu_or_guangzhou
F002,F002,690cbfdb0000000005010cc0,F002,shanghai_local_not_seen_in_beijing_chengdu_or_guangzhou
F002,F002,6912da49000000000500240c,F002,shanghai_local_not_seen_in_beijing_chengdu_or_guangzhou
F002,F002,69131efd00000000070151a6,F002,shanghai_local_not_seen_in_beijing_chengdu_or_guangzhou
F002,F002,691462570000000007001301,F002,shanghai_local_not_seen_in_beijing_chengdu_or_guangzhou
F002,F002,6924409e000000001b0266ca,F002,shanghai_local_not_seen_in_beijing_chengdu_or_guangzhou
F002,F002,6926d3e9000000001e015a51,F002,shanghai_local_not_seen_in_beijing_chengdu_or_guangzhou
F002,F002,69437e3f000000001b031859,F002,shanghai_local_not_seen_in_beijing_chengdu_or_guangzhou
F002,F002,694a96a8000000001e022ea6,F002,shanghai_local_not_seen_in_beijing_chengdu_or_guangzhou
F002,F002,694bb58a000000001e02e58f,F002,shanghai_local_not_seen_in_beijing_chengdu_or_guangzhou
F002,F002,696397ef0000000022021d9c,F002,shanghai_local_not_seen_in_beijing_chengdu_or_guangzhou
F002,F002,69785a90000000001a0244a4,F002,shanghai_local_not_seen_in_beijing_chengdu_or_guangzhou
F002,F002,6978d4f0000000000a02d2a9,F002,shanghai_local_not_seen_in_beijing_chengdu_or_guangzhou
F002,F002,6979a6af000000002103ea43,F002,shanghai_local_not_seen_in_beijing_chengdu_or_guangzhou
F002,F002,697a4030000000000a028430,F002,shanghai_local_not_seen_in_beijing_chengdu_or_guangzhou
F002,F002,697b6d560000000028020631,F002,shanghai_local_not_seen_in_beijing_chengdu_or_guangzhou
F002,F002,697bddc4000000001a0231e8,F002,shanghai_local_not_seen_in_beijing_chengdu_or_guangzhou
F002,F002,697c587c000000001a02c17f,F002,shanghai_local_not_seen_in_beijing_chengdu_or_guangzhou
F002,F002,697c5db5000000000e03fe8d,F002,shanghai_local_not_seen_in_beijing_chengdu_or_guangzhou
F002,F002,697dfd21000000000d00bd41,F002,shanghai_local_not_seen_in_beijing_chengdu_or_guangzhou
F002,F002,697dfe9e000000000a033086,F002,shanghai_local_not_seen_in_beijing_chengdu_or_guangzhou
F002,F002,6980b1710000000022031520,F002,shanghai_local_not_seen_in_beijing_chengdu_or_guangzhou
F002,F002,698251fc000000002103dcae,F002,shanghai_local_not_seen_in_beijing_chengdu_or_guangzhou
F002,F002,698448f8000000002202ef1d,F002,shanghai_local_not_seen_in_beijing_chengdu_or_guangzhou
F002,F002,698bf481000000001600901b,F002,shanghai_local_not_seen_in_beijing_chengdu_or_guangzhou
F002,F002,698c385d000000001a02a6be,F002,shanghai_local_not_seen_in_beijing_chengdu_or_guangzhou
F002,F002,698d862d000000001a022c90,F002,shanghai_local_not_seen_in_beijing_chengdu_or_guangzhou
F002,F002,698de3b4000000001a023e51,F002,shanghai_local_not_seen_in_beijing_chengdu_or_guangzhou
F002,F002,699acaab000000001b014134,F002,shanghai_local_not_seen_in_beijing_chengdu_or_guangzhou
F002,F002,699d6283000000000a03de5d,F002,shanghai_local_not_seen_in_beijing_chengdu_or_guangzhou
F002,F002,69a18dfc0000000015023b43,F002,shanghai_local_not_seen_in_beijing_chengdu_or_guangzhou
F002,F002,69a7956b000000001600ac81,F002,shanghai_local_not_seen_in_beijing_chengdu_or_guangzhou
F002,F002,69b2b1fb0000000008033ab8,F002,shanghai_local_not_seen_in_beijing_chengdu_or_guangzhou
F002,F002,69b81a7a0000000022003abc,F002,shanghai_local_not_seen_in_beijing_chengdu_or_guangzhou
F002,F002,69b8c57c0000000028008ae0,F002,shanghai_local_not_seen_in_beijing_chengdu_or_guangzhou
F002,F002,69bdf6280000000023005c39,F002,shanghai_local_not_seen_in_beijing_chengdu_or_guangzhou
F002,F002,69cbf6dd000000001f0034c5,F002,shanghai_local_not_seen_in_beijing_chengdu_or_guangzhou
F002,F002,69cf3c1f0000000021039a6b,F002,shanghai_local_not_seen_in_beijing_chengdu_or_guangzhou
F002,F002,69d29566000000002302184d,F002,shanghai_local_not_seen_in_beijing_chengdu_or_guangzhou
F002,F002,69d36126000000002302719f,F002,shanghai_local_not_seen_in_beijing_chengdu_or_guangzhou
F002,F002,69d5bc670000000021005728,F002,shanghai_local_not_seen_in_beijing_chengdu_or_guangzhou
F002,F002,69d74559000000002202576b,F002,shanghai_local_not_seen_in_beijing_chengdu_or_guangzhou
F002,F002,69dba0eb000000001a022a91,F002,shanghai_local_not_seen_in_beijing_chengdu_or_guangzhou
F002,F002,69e0796d000000001b001679,F002,shanghai_local_not_seen_in_beijing_chengdu_or_guangzhou
F002,F002,69e2394a00000000220030cb,F002,shanghai_local_not_seen_in_beijing_chengdu_or_guangzhou
F002,F002,69e6422e000000002100796c,F002,shanghai_local_not_seen_in_beijing_chengdu_or_guangzhou
F002,F002,69e760f0000000002200f7df,F002,shanghai_local_not_seen_in_beijing_chengdu_or_guangzhou
F002,F002,69f329000000000036032570,F002,shanghai_local_not_seen_in_beijing_chengdu_or_guangzhou
F002,F002,6a06e99f0000000007022530,F002,shanghai_local_not_seen_in_beijing_chengdu_or_guangzhou
F002,F002,6a06ff3900000000070220f3,F002,shanghai_local_not_seen_in_beijing_chengdu_or_guangzhou
F002,F002,6a0bfdf7000000000702e7dc,F002,shanghai_local_not_seen_in_beijing_chengdu_or_guangzhou
F002,F002,6a16d4650000000036003ff6,F002,shanghai_local_not_seen_in_beijing_chengdu_or_guangzhou
F002,F002,6a1ed6fa0000000020039f57,F002,shanghai_local_not_seen_in_beijing_chengdu_or_guangzhou
F002,F002,6a2166f80000000007021523,F002,shanghai_local_not_seen_in_beijing_chengdu_or_guangzhou
F002,F002,6a2966e60000000006035422,F002,shanghai_local_not_seen_in_beijing_chengdu_or_guangzhou
F002,F002,6a2a98150000000022015dae,F002,shanghai_local_not_seen_in_beijing_chengdu_or_guangzhou
F002,F002,6a32974e000000001502585c,F002,shanghai_local_not_seen_in_beijing_chengdu_or_guangzhou
F002,F002,6a33ff41000000000f0050eb,F002,shanghai_local_not_seen_in_beijing_chengdu_or_guangzhou
F002,F002,6a3ceafc000000001003da01,F002,shanghai_local_not_seen_in_beijing_chengdu_or_guangzhou
F002,F002,6a4b87430000000021021869,F002,shanghai_local_not_seen_in_beijing_chengdu_or_guangzhou
F002,F002,6a4f721d000000000702edc5,F002,shanghai_local_not_seen_in_beijing_chengdu_or_guangzhou
F002,F002,6a506b34000000000702e665,F002,shanghai_local_not_seen_in_beijing_chengdu_or_guangzhou
F002,F002,6a506e7c000000001702b96a,F002,shanghai_local_not_seen_in_beijing_chengdu_or_guangzhou
F002,F002,6a509d7c000000001503e147,F002,shanghai_local_not_seen_in_beijing_chengdu_or_guangzhou
F002,F002,6a55fcea000000001c02736b,F002,shanghai_local_not_seen_in_beijing_chengdu_or_guangzhou
F002,F002,6a565c340000000006030bf9,F002,shanghai_local_not_seen_in_beijing_chengdu_or_guangzhou
F002,F002,6a56d9b300000000160253fa,F002,shanghai_local_not_seen_in_beijing_chengdu_or_guangzhou
F002,F002,6a57419e000000000f017770,F002,shanghai_local_not_seen_in_beijing_chengdu_or_guangzhou
F002,F002,6a5802570000000011010ca9,F002,shanghai_local_not_seen_in_beijing_chengdu_or_guangzhou
F002,F002,6a581436000000000f030da6,F002,shanghai_local_not_seen_in_beijing_chengdu_or_guangzhou
F002,F002,6a58207b000000001101abcc,F002,shanghai_local_not_seen_in_beijing_chengdu_or_guangzhou
F002,F002,6a5841da000000001101833b,F002,shanghai_local_not_seen_in_beijing_chengdu_or_guangzhou
F002,F002,6a589d3d000000001102f706,F002,shanghai_local_not_seen_in_beijing_chengdu_or_guangzhou
F002,F002,6a589f1d000000000c016c94,F002,shanghai_local_not_seen_in_beijing_chengdu_or_guangzhou
F002,F002,6a58dc12000000000f028e25,F002,shanghai_local_not_seen_in_beijing_chengdu_or_guangzhou
F002,F002,6a58dc52000000000f032a17,F002,shanghai_local_not_seen_in_beijing_chengdu_or_guangzhou
F002,F002,6a58f1990000000004029757,F002,shanghai_local_not_seen_in_beijing_chengdu_or_guangzhou
F002,F002,6a58f384000000001303db47,F002,shanghai_local_not_seen_in_beijing_chengdu_or_guangzhou
F002,F002,6a58f50b0000000001000fc3,F002,shanghai_local_not_seen_in_beijing_chengdu_or_guangzhou
F002,F002,6a58fb61000000001101ab6f,F002,shanghai_local_not_seen_in_beijing_chengdu_or_guangzhou
F002,F002,6a58feee00000000110130fc,F002,shanghai_local_not_seen_in_beijing_chengdu_or_guangzhou
F002,F002,6a5913c8000000001c0124d9,F002,shanghai_local_not_seen_in_beijing_chengdu_or_guangzhou
F002,F002,6a5916fc000000000503b158,F002,shanghai_local_not_seen_in_beijing_chengdu_or_guangzhou
F002,F002,6a5924ed000000000301fc3b,F002,shanghai_local_not_seen_in_beijing_chengdu_or_guangzhou
F002,F002,6a592cd70000000009036d9e,F002,shanghai_local_not_seen_in_beijing_chengdu_or_guangzhou
F002,F002,6a5965a3000000001101e7fc,F002,shanghai_local_not_seen_in_beijing_chengdu_or_guangzhou
F002,F002,6a5966f9000000000e0352af,F002,shanghai_local_not_seen_in_beijing_chengdu_or_guangzhou
F002,F002,6a596ad2000000000402b4e3,F002,shanghai_local_not_seen_in_beijing_chengdu_or_guangzhou
F002,F002,6a597ada000000000100fdbc,F002,shanghai_local_not_seen_in_beijing_chengdu_or_guangzhou
F002,F002,6a597b71000000000f02bd56,F002,shanghai_local_not_seen_in_beijing_chengdu_or_guangzhou
F002,F002,6a597db600000000110052cd,F002,shanghai_local_not_seen_in_beijing_chengdu_or_guangzhou
F002,F002,6a598412000000000f01640a,F002,shanghai_local_not_seen_in_beijing_chengdu_or_guangzhou
F002,F002,6a5987bf0000000005038e65,F002,shanghai_local_not_seen_in_beijing_chengdu_or_guangzhou
F002,F002,6a5988c700000000010035b8,F002,shanghai_local_not_seen_in_beijing_chengdu_or_guangzhou
F002,F002,6a5988e3000000002201a468,F002,shanghai_local_not_seen_in_beijing_chengdu_or_guangzhou
F002,F002,6a598d0c000000000a038973,F002,shanghai_local_not_seen_in_beijing_chengdu_or_guangzhou
F002,F002,6a598f4a000000000a0390f6,F002,shanghai_local_not_seen_in_beijing_chengdu_or_guangzhou
F002,F002,6a5992ea000000000301c578,F002,shanghai_local_not_seen_in_beijing_chengdu_or_guangzhou
F002,F002,6a599595000000000101cfc6,F002,shanghai_local_not_seen_in_beijing_chengdu_or_guangzhou
F002,F002,6a5996a7000000001101b9d7,F002,shanghai_local_not_seen_in_beijing_chengdu_or_guangzhou
F002,F002,6a599d76000000000a0382b9,F002,shanghai_local_not_seen_in_beijing_chengdu_or_guangzhou
F002,F002,6a59a2b2000000001c00e2fc,F002,shanghai_local_not_seen_in_beijing_chengdu_or_guangzhou
F002,F002,6a59a342000000001303d7c0,F002,shanghai_local_not_seen_in_beijing_chengdu_or_guangzhou
F002,F002,6a59b6b3000000000f01609f,F002,shanghai_local_not_seen_in_beijing_chengdu_or_guangzhou
F002,F002,6a59ba13000000001d022983,F002,shanghai_local_not_seen_in_beijing_chengdu_or_guangzhou
F002,F002,6a59c40e000000001b01ebaa,F002,shanghai_local_not_seen_in_beijing_chengdu_or_guangzhou
F002,F002,6a59ca1b000000001303db53,F002,shanghai_local_not_seen_in_beijing_chengdu_or_guangzhou
F002,F002,6a59ca72000000001302fa2f,F002,shanghai_local_not_seen_in_beijing_chengdu_or_guangzhou
F002,F002,6a59dc7c000000000f017871,F002,shanghai_local_not_seen_in_beijing_chengdu_or_guangzhou
F002,F002,6a59dcee000000000f00a0c8,F002,shanghai_local_not_seen_in_beijing_chengdu_or_guangzhou
F002,F002,6a59e1b6000000001101a724,F002,shanghai_local_not_seen_in_beijing_chengdu_or_guangzhou
F002,F002,6a59ea940000000011016d20,F002,shanghai_local_not_seen_in_beijing_chengdu_or_guangzhou
F002,F002,6a59f4fa0000000013027f96,F002,shanghai_local_not_seen_in_beijing_chengdu_or_guangzhou
F002,F002,6a59f5e2000000000100d628,F002,shanghai_local_not_seen_in_beijing_chengdu_or_guangzhou
F002,F002,6a59fd14000000000a03a60d,F002,shanghai_local_not_seen_in_beijing_chengdu_or_guangzhou
F002,F002,6a59ff1e0000000001001ae4,F002,shanghai_local_not_seen_in_beijing_chengdu_or_guangzhou
F002,F002,6a5a002500000000110060e9,F002,shanghai_local_not_seen_in_beijing_chengdu_or_guangzhou
F002,F002,6a5a02cf000000001400608c,F002,shanghai_local_not_seen_in_beijing_chengdu_or_guangzhou
F002,F002,6a5a1a53000000000f0090b1,F002,shanghai_local_not_seen_in_beijing_chengdu_or_guangzhou
F002,F002,6a5a4013000000000100cdba,F002,shanghai_local_not_seen_in_beijing_chengdu_or_guangzhou
F002,F002,6a5a4166000000000402ad4e,F002,shanghai_local_not_seen_in_beijing_chengdu_or_guangzhou
F002,F002,6a5a48e2000000001303f433,F002,shanghai_local_not_seen_in_beijing_chengdu_or_guangzhou
F002,F002,6a5a53370000000006012edf,F002,shanghai_local_not_seen_in_beijing_chengdu_or_guangzhou
F002,F002,6a5a5581000000000503a20d,F002,shanghai_local_not_seen_in_beijing_chengdu_or_guangzhou
F002,F002,6a5a5707000000001c01210b,F002,shanghai_local_not_seen_in_beijing_chengdu_or_guangzhou
F002,F002,6a5a5b6d000000000301ec94,F002,shanghai_local_not_seen_in_beijing_chengdu_or_guangzhou
F002,F002,6a5a6cf40000000006011721,F002,shanghai_local_not_seen_in_beijing_chengdu_or_guangzhou
F002,F002,6a5a7cbb000000000c014476,F002,shanghai_local_not_seen_in_beijing_chengdu_or_guangzhou
F002,F002,6a5acaae000000000503bc74,F002,shanghai_local_not_seen_in_beijing_chengdu_or_guangzhou
F002,F002,6a5adbb3000000001c011310,F002,shanghai_local_not_seen_in_beijing_chengdu_or_guangzhou
F002,F002,6a5adbea000000001c00dc01,F002,shanghai_local_not_seen_in_beijing_chengdu_or_guangzhou
F002,F002,6a5adc46000000000100e18d,F002,shanghai_local_not_seen_in_beijing_chengdu_or_guangzhou
F002,F002,6a5adc780000000006012c1b,F002,shanghai_local_not_seen_in_beijing_chengdu_or_guangzhou
F002,F002,6a5b0c320000000011014c33,F002,shanghai_local_not_seen_in_beijing_chengdu_or_guangzhou
F002,F002,6a5b1d6d000000001102fa52,F002,shanghai_local_not_seen_in_beijing_chengdu_or_guangzhou
F002,F002,6a5b2796000000001002bc2e,F002,shanghai_local_not_seen_in_beijing_chengdu_or_guangzhou
F002,F002,6a5b3256000000000402bc57,F002,shanghai_local_not_seen_in_beijing_chengdu_or_guangzhou
F002,F002,6a5b421b000000000f0168bf,F002,shanghai_local_not_seen_in_beijing_chengdu_or_guangzhou
F002,F002,6a5b4555000000000f00a699,F002,shanghai_local_not_seen_in_beijing_chengdu_or_guangzhou
F002,F002,6a5b48f40000000005039806,F002,shanghai_local_not_seen_in_beijing_chengdu_or_guangzhou
F002,F002,6a5b4f9d0000000010028cb6,F002,shanghai_local_not_seen_in_beijing_chengdu_or_guangzhou
F002,F002,6a5b517e00000000110186c3,F002,shanghai_local_not_seen_in_beijing_chengdu_or_guangzhou
F002,F002,6a5b639b000000001303d655,F002,shanghai_local_not_seen_in_beijing_chengdu_or_guangzhou
F002,F002,6a5b7f08000000000f032bd3,F002,shanghai_local_not_seen_in_beijing_chengdu_or_guangzhou
F002,F002,6a5b970e000000001303c681,F002,shanghai_local_not_seen_in_beijing_chengdu_or_guangzhou
F002,F002,6a5c2d68000000001002a8c9,F002,shanghai_local_not_seen_in_beijing_chengdu_or_guangzhou
F002,F002,6a5c51f0000000002201a2e9,F002,shanghai_local_not_seen_in_beijing_chengdu_or_guangzhou
F002,F002,6a5c6a460000000011004304,F002,shanghai_local_not_seen_in_beijing_chengdu_or_guangzhou
F002,F002,6a5c6efa0000000001000a8a,F002,shanghai_local_not_seen_in_beijing_chengdu_or_guangzhou
F002,F002,6a5ca2b6000000001302f6aa,F002,shanghai_local_not_seen_in_beijing_chengdu_or_guangzhou
F002,F002,6a5cc731000000000e03603c,F002,shanghai_local_not_seen_in_beijing_chengdu_or_guangzhou
F002,F002,6a5cd500000000001b01f153,F002,shanghai_local_not_seen_in_beijing_chengdu_or_guangzhou
F002,F002,6a5ce1430000000006010f45,F002,shanghai_local_not_seen_in_beijing_chengdu_or_guangzhou
F002,F002,6a5cec7f000000000301f2c5,F002,shanghai_local_not_seen_in_beijing_chengdu_or_guangzhou
F002,F002,6a5cee7b000000000f009cbf,F002,shanghai_local_not_seen_in_beijing_chengdu_or_guangzhou
F002,F002,6a5cfbcb0000000011018071,F002,shanghai_local_not_seen_in_beijing_chengdu_or_guangzhou
F002,F002,6a5d6fe800000000060135f4,F002,shanghai_local_not_seen_in_beijing_chengdu_or_guangzhou
F002,F002,6a5d7cd8000000000503b070,F002,shanghai_local_not_seen_in_beijing_chengdu_or_guangzhou
F002,F002,6a5d84e7000000000100ff2f,F002,shanghai_local_not_seen_in_beijing_chengdu_or_guangzhou
F002,F002,6a5d8a0d0000000001001c3b,F002,shanghai_local_not_seen_in_beijing_chengdu_or_guangzhou
F002,F002,6a5da6ba000000001303fcdb,F002,shanghai_local_not_seen_in_beijing_chengdu_or_guangzhou
F002,F002,6a5dca7b000000000f02b9e8,F002,shanghai_local_not_seen_in_beijing_chengdu_or_guangzhou
F002,F002,6a5ddfc0000000001003d6f3,F002,shanghai_local_not_seen_in_beijing_chengdu_or_guangzhou
F002,F002,6a5e00a000000000010027f3,F002,shanghai_local_not_seen_in_beijing_chengdu_or_guangzhou
F002,F002,6a5e02cf00000000110195b7,F002,shanghai_local_not_seen_in_beijing_chengdu_or_guangzhou
F002,F002,6a5e097d000000001003c790,F002,shanghai_local_not_seen_in_beijing_chengdu_or_guangzhou
F002,F002,6a5e0c0400000000010339e8,F002,shanghai_local_not_seen_in_beijing_chengdu_or_guangzhou
F002,F002,6a5e29cf000000001c00e64e,F002,shanghai_local_not_seen_in_beijing_chengdu_or_guangzhou
F002,F002,6a5e42c30000000006013d30,F002,shanghai_local_not_seen_in_beijing_chengdu_or_guangzhou
F002,F002,6a5e435d00000000010311ee,F002,shanghai_local_not_seen_in_beijing_chengdu_or_guangzhou
F002,F002,6a5edc1f0000000001003bd8,F002,shanghai_local_not_seen_in_beijing_chengdu_or_guangzhou
F002,F002,6a5efe8e000000001102d093,F002,shanghai_local_not_seen_in_beijing_chengdu_or_guangzhou
F002,F002,6a5f07dc00000000220182e8,F002,shanghai_local_not_seen_in_beijing_chengdu_or_guangzhou
F002,F002,6a5f1488000000000101df5d,F002,shanghai_local_not_seen_in_beijing_chengdu_or_guangzhou
F002,F002,6a5f156b000000000101e535,F002,shanghai_local_not_seen_in_beijing_chengdu_or_guangzhou
F002,F002,6a5f3d310000000010029a24,F002,shanghai_local_not_seen_in_beijing_chengdu_or_guangzhou
F002,F002,6a5f455b00000000110141e8,F002,shanghai_local_not_seen_in_beijing_chengdu_or_guangzhou
F002,F002,6a5f49e7000000001d00e783,F002,shanghai_local_not_seen_in_beijing_chengdu_or_guangzhou
F002,F002,6a5f6259000000000100ea02,F002,shanghai_local_not_seen_in_beijing_chengdu_or_guangzhou
F002,F002,6a5f75cb000000001003c8c1,F002,shanghai_local_not_seen_in_beijing_chengdu_or_guangzhou
F002,F002,6a5fb6e3000000001b01e046,F002,shanghai_local_not_seen_in_beijing_chengdu_or_guangzhou
F002,F002,6a605641000000000f01582f,F002,shanghai_local_not_seen_in_beijing_chengdu_or_guangzhou
F002,F002,6a6098cf000000000402a372,F002,shanghai_local_not_seen_in_beijing_chengdu_or_guangzhou
F002,F002,6a61adb7000000000f03c554,F002,shanghai_local_not_seen_in_beijing_chengdu_or_guangzhou
F002,F002,6a61bb90000000000f02b4f8,F002,shanghai_local_not_seen_in_beijing_chengdu_or_guangzhou
F002,F002,6a61c36c000000000f00488a,F002,shanghai_local_not_seen_in_beijing_chengdu_or_guangzhou
F002,F002,6a61c70200000000040294cf,F002,shanghai_local_not_seen_in_beijing_chengdu_or_guangzhou
F002,F002,6a61f91700000000010033c1,F002,shanghai_local_not_seen_in_beijing_chengdu_or_guangzhou
F002,F002,6a61fa0a0000000010025e06,F002,shanghai_local_not_seen_in_beijing_chengdu_or_guangzhou
F002,F002,6a61fdb3000000000402a3cb,F002,shanghai_local_not_seen_in_beijing_chengdu_or_guangzhou
F002,F002,6a6232e6000000000401d84a,F002,shanghai_local_not_seen_in_beijing_chengdu_or_guangzhou
F002,F002,6a62cb81000000000c014e59,F002,shanghai_local_not_seen_in_beijing_chengdu_or_guangzhou
F002,F002,6a630407000000001302456b,F002,shanghai_local_not_seen_in_beijing_chengdu_or_guangzhou
F002,F002,6a631f09000000000f02b25a,F002,shanghai_local_not_seen_in_beijing_chengdu_or_guangzhou
F002,F002,6a6387f3000000000f01092d,F002,shanghai_local_not_seen_in_beijing_chengdu_or_guangzhou
F002,F002,6a641c17000000001101c9c9,F002,shanghai_local_not_seen_in_beijing_chengdu_or_guangzhou
F002,F002,6a643925000000000f02b6a4,F002,shanghai_local_not_seen_in_beijing_chengdu_or_guangzhou
F002,F002,6a6451d5000000000f010ccb,F002,shanghai_local_not_seen_in_beijing_chengdu_or_guangzhou
F002,F002,6a64813e0000000005039f34,F002,shanghai_local_not_seen_in_beijing_chengdu_or_guangzhou
F002,F002,6a64a9e7000000000f017f87,F002,shanghai_local_not_seen_in_beijing_chengdu_or_guangzhou
F002,F002,6a64d679000000000f029367,F002,shanghai_local_not_seen_in_beijing_chengdu_or_guangzhou
F002,F002,6a66acff000000000101c03e,F002,shanghai_local_not_seen_in_beijing_chengdu_or_guangzhou
F002,F002,6a66c23e000000000101e661,F002,shanghai_local_not_seen_in_beijing_chengdu_or_guangzhou
F002,F002,6a671076000000000f0099b7,F002,shanghai_local_not_seen_in_beijing_chengdu_or_guangzhou
F002,F002,6a6724b6000000000f01e7a6,F002,shanghai_local_not_seen_in_beijing_chengdu_or_guangzhou
F002,F002,6a672d52000000000f0168f6,F002,shanghai_local_not_seen_in_beijing_chengdu_or_guangzhou
F002,F002,6a67377b000000001003fdfb,F002,shanghai_local_not_seen_in_beijing_chengdu_or_guangzhou
F002,F002,6a6777b6000000001303d612,F002,shanghai_local_not_seen_in_beijing_chengdu_or_guangzhou
F002,F002,6a677fe20000000001001703,F002,shanghai_local_not_seen_in_beijing_chengdu_or_guangzhou
F002,F002,6a678567000000000301fed0,F002,shanghai_local_not_seen_in_beijing_chengdu_or_guangzhou
F002,F002,6a68072b00000000130257c9,F002,shanghai_local_not_seen_in_beijing_chengdu_or_guangzhou
F002,F002,6a68278b000000000f031d82,F002,shanghai_local_not_seen_in_beijing_chengdu_or_guangzhou
F002,F002,6a68346c000000001101708f,F002,shanghai_local_not_seen_in_beijing_chengdu_or_guangzhou
F002,F002,6a6839b9000000000103156f,F002,shanghai_local_not_seen_in_beijing_chengdu_or_guangzhou
F002,F002,6a6858ce000000000401c5a1,F002,shanghai_local_not_seen_in_beijing_chengdu_or_guangzhou
F002,F002,6a686229000000001002bb8f,F002,shanghai_local_not_seen_in_beijing_chengdu_or_guangzhou
F002,F002,6a6887c3000000001102c2b4,F002,shanghai_local_not_seen_in_beijing_chengdu_or_guangzhou
F002,F002,6a688905000000000402bf2e,F002,shanghai_local_not_seen_in_beijing_chengdu_or_guangzhou
F002,F002,6a689e8a000000001101e069,F002,shanghai_local_not_seen_in_beijing_chengdu_or_guangzhou
F002,F002,6a68a7ec000000000100e88a,F002,shanghai_local_not_seen_in_beijing_chengdu_or_guangzhou
F002,F002,6a68abd7000000000100c1b3,F002,shanghai_local_not_seen_in_beijing_chengdu_or_guangzhou
F002,F002,6a68ccd2000000001002404f,F002,shanghai_local_not_seen_in_beijing_chengdu_or_guangzhou
F002,F002,6a68dee2000000000f009e98,F002,shanghai_local_not_seen_in_beijing_chengdu_or_guangzhou
F002,F002,6a695e55000000001d02124b,F002,shanghai_local_not_seen_in_beijing_chengdu_or_guangzhou
F002,F002,6a695e94000000000c003000,F002,shanghai_local_not_seen_in_beijing_chengdu_or_guangzhou
F002,F002,6a69a87d000000000a038472,F002,shanghai_local_not_seen_in_beijing_chengdu_or_guangzhou
F002,F002,6a69aa6b000000000f031ea5,F002,shanghai_local_not_seen_in_beijing_chengdu_or_guangzhou
F002,F002,6a69ae07000000000f00516d,F002,shanghai_local_not_seen_in_beijing_chengdu_or_guangzhou
F002,F002,6a69d0b30000000013025c19,F002,shanghai_local_not_seen_in_beijing_chengdu_or_guangzhou
F002,F002,6a69db580000000001001198,F002,shanghai_local_not_seen_in_beijing_chengdu_or_guangzhou
F002,F002,6a6a22360000000011016792,F002,shanghai_local_not_seen_in_beijing_chengdu_or_guangzhou
F002,F002,6a6a2fbd0000000005039173,F002,shanghai_local_not_seen_in_beijing_chengdu_or_guangzhou
F002,F002,6a6a4a8d0000000008009c00,F002,shanghai_local_not_seen_in_beijing_chengdu_or_guangzhou
F002,F002,6a6a88f7000000001101fe60,F002,shanghai_local_not_seen_in_beijing_chengdu_or_guangzhou
F002,F002,6a6a89ff000000001c00cb6b,F002,shanghai_local_not_seen_in_beijing_chengdu_or_guangzhou
F002,F002,6a6aa20c000000001d00eb8d,F002,shanghai_local_not_seen_in_beijing_chengdu_or_guangzhou
F002,F002,6a6ac793000000001101884d,F002,shanghai_local_not_seen_in_beijing_chengdu_or_guangzhou
F002,F002,6a6af38400000000140076d2,F002,shanghai_local_not_seen_in_beijing_chengdu_or_guangzhou
F002,F002,6a6af940000000000301c98f,F002,shanghai_local_not_seen_in_beijing_chengdu_or_guangzhou
F002,F002,6a6b17210000000028005572,F002,shanghai_local_not_seen_in_beijing_chengdu_or_guangzhou
F002,F002,6a6c5d650000000028005d98,F002,shanghai_local_not_seen_in_beijing_chengdu_or_guangzhou
F002,F002,6a6c6926000000003400ce21,F002,shanghai_local_not_seen_in_beijing_chengdu_or_guangzhou
F002,F002,6a6c6dda000000000f039c00,F002,shanghai_local_not_seen_in_beijing_chengdu_or_guangzhou
F002,F002,6a6cbb5500000000330182b2,F002,shanghai_local_not_seen_in_beijing_chengdu_or_guangzhou
F002,F002,6a6d6ee60000000022031cd7,F002,shanghai_local_not_seen_in_beijing_chengdu_or_guangzhou
F002,F002,6a6e146d000000002201527f,F002,shanghai_local_not_seen_in_beijing_chengdu_or_guangzhou
F002,F002,6a6e19dc000000000502a680,F002,shanghai_local_not_seen_in_beijing_chengdu_or_guangzhou
F002,F002,6a6ed893000000003301939d,F002,shanghai_local_not_seen_in_beijing_chengdu_or_guangzhou
F002,F002,6a6f0e9e000000003400e044,F002,shanghai_local_not_seen_in_beijing_chengdu_or_guangzhou
F002,F002,6a6f113c000000002800a93e,F002,shanghai_local_not_seen_in_beijing_chengdu_or_guangzhou
F002,F002,6a7036260000000032023c36,F002,shanghai_local_not_seen_in_beijing_chengdu_or_guangzhou
F002,F002,6a71fc810000000022030a56,F002,shanghai_local_not_seen_in_beijing_chengdu_or_guangzhou
F002,F002,6a720b670000000005020906,F002,shanghai_local_not_seen_in_beijing_chengdu_or_guangzhou
F002,F002,6a72960b0000000022017600,F002,shanghai_local_not_seen_in_beijing_chengdu_or_guangzhou
F002,F002,6a72aebd00000000060076fe,F002,shanghai_local_not_seen_in_beijing_chengdu_or_guangzhou
F002,F002,6a741b1c0000000005023eb4,F002,shanghai_local_not_seen_in_beijing_chengdu_or_guangzhou
F002,F002,6a745876000000003302f6bc,F002,shanghai_local_not_seen_in_beijing_chengdu_or_guangzhou
F002,F002,6a745f0b000000003300ad3c,F002,shanghai_local_not_seen_in_beijing_chengdu_or_guangzhou
F002,F002,6a7460a70000000008012122,F002,shanghai_local_not_seen_in_beijing_chengdu_or_guangzhou
F002,F002,6a7461350000000022015e2f,F002,shanghai_local_not_seen_in_beijing_chengdu_or_guangzhou
F002,F002,6a7487ca000000003301e5e1,F002,shanghai_local_not_seen_in_beijing_chengdu_or_guangzhou
F002,F002,6a758846000000002403df42,F002,shanghai_local_not_seen_in_beijing_chengdu_or_guangzhou
F002,F002,6a75ab8d00000000050239d3,F002,shanghai_local_not_seen_in_beijing_chengdu_or_guangzhou
F002,F002,6a76137e0000000035014d6c,F002,shanghai_local_not_seen_in_beijing_chengdu_or_guangzhou
F002,F002,6a783d02000000003301a8d8,F002,shanghai_local_not_seen_in_beijing_chengdu_or_guangzhou
F002,F002,6a793d370000000022032911,F002,shanghai_local_not_seen_in_beijing_chengdu_or_guangzhou
F002,F002,6a79b29f00000000290306aa,F002,shanghai_local_not_seen_in_beijing_chengdu_or_guangzhou
F002,F002,6a79ee01000000003302e087,F002,shanghai_local_not_seen_in_beijing_chengdu_or_guangzhou
F002,F002,6a7abbfa0000000005022974,F002,shanghai_local_not_seen_in_beijing_chengdu_or_guangzhou
F002,F002,6a7c13ec000000003300ec1a,F002,shanghai_local_not_seen_in_beijing_chengdu_or_guangzhou
F002,F002,6a7c5f480000000025017d6b,F002,shanghai_local_not_seen_in_beijing_chengdu_or_guangzhou
F002,F002,6a7d7eed000000002500d2a6,F002,shanghai_local_not_seen_in_beijing_chengdu_or_guangzhou
F002,F002,6a7d8c90000000003300ffb0,F002,shanghai_local_not_seen_in_beijing_chengdu_or_guangzhou
F002,F002,6a7ea81500000000270201cd,F002,shanghai_local_not_seen_in_beijing_chengdu_or_guangzhou
F002,F002,6a7eb3d3000000003301fc91,F002,shanghai_local_not_seen_in_beijing_chengdu_or_guangzhou
F002,F002,6a7edc280000000022017eb6,F002,shanghai_local_not_seen_in_beijing_chengdu_or_guangzhou
F002,F002,6a7edd760000000025017bd1,F002,shanghai_local_not_seen_in_beijing_chengdu_or_guangzhou
F002,F002,6a7eeb220000000025013161,F002,shanghai_local_not_seen_in_beijing_chengdu_or_guangzhou
F002,F002,6a7f15790000000032023f92,F002,shanghai_local_not_seen_in_beijing_chengdu_or_guangzhou
F002,F002,6a7f93510000000021020a9f,F002,shanghai_local_not_seen_in_beijing_chengdu_or_guangzhou
F002,F002,6a7fabdc000000003300f415,F002,shanghai_local_not_seen_in_beijing_chengdu_or_guangzhou
F002,F002,6a7fd5f30000000025003e78,F002,shanghai_local_not_seen_in_beijing_chengdu_or_guangzhou
F002,F002,6a7fda3f000000002c002e95,F002,shanghai_local_not_seen_in_beijing_chengdu_or_guangzhou
F002,F002,6a8002f90000000028000f6b,F002,shanghai_local_not_seen_in_beijing_chengdu_or_guangzhou
F002,F002,6a80d6880000000024026712,F002,shanghai_local_not_seen_in_beijing_chengdu_or_guangzhou
F002,F002,6a826c590000000026035cd2,F002,shanghai_local_not_seen_in_beijing_chengdu_or_guangzhou
F002,F002,6a82b5a2000000002500d961,F002,shanghai_local_not_seen_in_beijing_chengdu_or_guangzhou
F002,F002,6a82e91e0000000022012646,F002,shanghai_local_not_seen_in_beijing_chengdu_or_guangzhou
F002,F002,6a830f2f0000000005029a10,F002,shanghai_local_not_seen_in_beijing_chengdu_or_guangzhou
F002,F002,6a832c5d000000002500ae6b,F002,shanghai_local_not_seen_in_beijing_chengdu_or_guangzhou
F002,F002,6a83fe90000000003302fd4d,F002,shanghai_local_not_seen_in_beijing_chengdu_or_guangzhou
F002,F002,6a843bc7000000003302ea5e,F002,shanghai_local_not_seen_in_beijing_chengdu_or_guangzhou
F002,F002,6a85100500000000240261a1,F002,shanghai_local_not_seen_in_beijing_chengdu_or_guangzhou
F002,F002,6a858649000000002201553c,F002,shanghai_local_not_seen_in_beijing_chengdu_or_guangzhou
F002,F002,6a85ced4000000001d007bbc,F002,shanghai_local_not_seen_in_beijing_chengdu_or_guangzhou
F002,F002,6a85e586000000002c0015f1,F002,shanghai_local_not_seen_in_beijing_chengdu_or_guangzhou
F002,F002,6a87262c000000003300f6e5,F002,shanghai_local_not_seen_in_beijing_chengdu_or_guangzhou
F002,F002,6a87f78c0000000023020d15,F002,shanghai_local_not_seen_in_beijing_chengdu_or_guangzhou
F002,F002,6a880db80000000023000d7f,F002,shanghai_local_not_seen_in_beijing_chengdu_or_guangzhou
F002,F002,6a8826a70000000028003818,F002,shanghai_local_not_seen_in_beijing_chengdu_or_guangzhou
F002,F002,6a885449000000000902c7ed,F002,shanghai_local_not_seen_in_beijing_chengdu_or_guangzhou
F002,F002,6a887eac000000000b02753a,F002,shanghai_local_not_seen_in_beijing_chengdu_or_guangzhou
F002,F002,6a89170800000000260392a7,F002,shanghai_local_not_seen_in_beijing_chengdu_or_guangzhou
F002,F002,6a8933f8000000002802ef64,F002,shanghai_local_not_seen_in_beijing_chengdu_or_guangzhou
F002,F002,6a8a68ed00000000240250e0,F002,shanghai_local_not_seen_in_beijing_chengdu_or_guangzhou
F002,F002,6a8c50d1000000001600a9be,F002,shanghai_local_not_seen_in_beijing_chengdu_or_guangzhou
F002,F002,6a8eaf880000000037033487,F002,shanghai_local_not_seen_in_beijing_chengdu_or_guangzhou
F002,F002,6a8ec968000000000302a843,F002,shanghai_local_not_seen_in_beijing_chengdu_or_guangzhou
F002,F002,6a8f1307000000002303d03f,F002,shanghai_local_not_seen_in_beijing_chengdu_or_guangzhou
F002,F002,6a8f73a5000000001803c98b,F002,shanghai_local_not_seen_in_beijing_chengdu_or_guangzhou
F002,F002,6a8fa727000000002501bb6d,F002,shanghai_local_not_seen_in_beijing_chengdu_or_guangzhou
F002,F002,6a8fe4e1000000001803c8cc,F002,shanghai_local_not_seen_in_beijing_chengdu_or_guangzhou
F002,F002,6a9040ca0000000026005586,F002,shanghai_local_not_seen_in_beijing_chengdu_or_guangzhou
F002,F002,6a912708000000002501106a,F002,shanghai_local_not_seen_in_beijing_chengdu_or_guangzhou
F002,F002,6a9271900000000024005c4b,F002,shanghai_local_not_seen_in_beijing_chengdu_or_guangzhou
F002,F002,6a9298f60000000020032237,F002,shanghai_local_not_seen_in_beijing_chengdu_or_guangzhou
F002,F002,6a92c62b0000000029028d46,F002,shanghai_local_not_seen_in_beijing_chengdu_or_guangzhou
F002,F002,6a93ede3000000001803f09d,F002,shanghai_local_not_seen_in_beijing_chengdu_or_guangzhou
F002,F002,6a9443d2000000002501b028,F002,shanghai_local_not_seen_in_beijing_chengdu_or_guangzhou
F002,F002,6a9527ff000000001e01575d,F002,shanghai_local_not_seen_in_beijing_chengdu_or_guangzhou
F002,F002,6a952a94000000001e01616b,F002,shanghai_local_not_seen_in_beijing_chengdu_or_guangzhou
F002,F002,6a967ac30000000028035f96,F002,shanghai_local_not_seen_in_beijing_chengdu_or_guangzhou
F002,F002,6a96b9a800000000290108f7,F002,shanghai_local_not_seen_in_beijing_chengdu_or_guangzhou
F002,F002,6a96bbf1000000000b00fc6c,F002,shanghai_local_not_seen_in_beijing_chengdu_or_guangzhou
F002,F002,6a96eae6000000002603ac3e,F002,shanghai_local_not_seen_in_beijing_chengdu_or_guangzhou
F002,F002,6a970c9c000000000d0244eb,F002,shanghai_local_not_seen_in_beijing_chengdu_or_guangzhou
F002,F002,6a97875a000000002802ef42,F002,shanghai_local_not_seen_in_beijing_chengdu_or_guangzhou
F002,F002,6a98491e000000001202567a,F002,shanghai_local_not_seen_in_beijing_chengdu_or_guangzhou
F002,F002,6a984d5e0000000026017368,F002,shanghai_local_not_seen_in_beijing_chengdu_or_guangzhou
F002,F002,6a98d6f100000000280335cd,F002,shanghai_local_not_seen_in_beijing_chengdu_or_guangzhou
F002,F002,6a98ec37000000002800186d,F002,shanghai_local_not_seen_in_beijing_chengdu_or_guangzhou
F002,F002,6a99214a000000002b013762,F002,shanghai_local_not_seen_in_beijing_chengdu_or_guangzhou
F002,F002,6a993b2a000000000b035fa9,F002,shanghai_local_not_seen_in_beijing_chengdu_or_guangzhou
F002,F002,6a9a3809000000000b036907,F002,shanghai_local_not_seen_in_beijing_chengdu_or_guangzhou
F002,F002,6a9a3a37000000002701642d,F002,shanghai_local_not_seen_in_beijing_chengdu_or_guangzhou
F002,F002,6a9a7f010000000026020a86,F002,shanghai_local_not_seen_in_beijing_chengdu_or_guangzhou
F002,F002,6a9a99f70000000025035a2b,F002,shanghai_local_not_seen_in_beijing_chengdu_or_guangzhou
F002,F002,6a9a9a9b0000000011036622,F002,shanghai_local_not_seen_in_beijing_chengdu_or_guangzhou
F002,F002,6a9b6ca7000000002802c3e7,F002,shanghai_local_not_seen_in_beijing_chengdu_or_guangzhou
F002,F002,6a9bbcaf000000000b00323e,F002,shanghai_local_not_seen_in_beijing_chengdu_or_guangzhou
F002,F002,6a9cc793000000000d024f4d,F002,shanghai_local_not_seen_in_beijing_chengdu_or_guangzhou
F002,F002,6a9ce402000000000b036272,F002,shanghai_local_not_seen_in_beijing_chengdu_or_guangzhou
F002,F002,6a9d21a6000000002902d7f0,F002,shanghai_local_not_seen_in_beijing_chengdu_or_guangzhou
F002,F002,6a9d378a000000002802bbd5,F002,shanghai_local_not_seen_in_beijing_chengdu_or_guangzhou
F002,F002,6a9d3a17000000002a004bd8,F002,shanghai_local_not_seen_in_beijing_chengdu_or_guangzhou
F002,F002,6a9d6d61000000002802c106,F002,shanghai_local_not_seen_in_beijing_chengdu_or_guangzhou
F002,F002,6a9d7d58000000002a006450,F002,shanghai_local_not_seen_in_beijing_chengdu_or_guangzhou
F002,F002,6a9d8c64000000002503544b,F002,shanghai_local_not_seen_in_beijing_chengdu_or_guangzhou
F002,F002,6a9db9a9000000002901ab29,F002,shanghai_local_not_seen_in_beijing_chengdu_or_guangzhou
F002,F002,6a9e59a5000000002b00030e,F002,shanghai_local_not_seen_in_beijing_chengdu_or_guangzhou
F002,F002,6a9e809e0000000012024593,F002,shanghai_local_not_seen_in_beijing_chengdu_or_guangzhou
F002,F002,6a9f57e30000000025034bb9,F002,shanghai_local_not_seen_in_beijing_chengdu_or_guangzhou
F002,F002,6a9f6419000000000b0025da,F002,shanghai_local_not_seen_in_beijing_chengdu_or_guangzhou
F002,F002,6a9f667e000000002502ddc1,F002,shanghai_local_not_seen_in_beijing_chengdu_or_guangzhou
F002,F002,6a9f7346000000001001ea87,F002,shanghai_local_not_seen_in_beijing_chengdu_or_guangzhou
F002,F002,6a9f7e610000000012025255,F002,shanghai_local_not_seen_in_beijing_chengdu_or_guangzhou
F002,F002,6a9f9f8e000000002901170f,F002,shanghai_local_not_seen_in_beijing_chengdu_or_guangzhou
F002,F002,6a9fa52500000000260336fc,F002,shanghai_local_not_seen_in_beijing_chengdu_or_guangzhou
F002,F002,6a9fbd520000000029019ea6,F002,shanghai_local_not_seen_in_beijing_chengdu_or_guangzhou
F002,F002,6a9fc3f5000000002503698a,F002,shanghai_local_not_seen_in_beijing_chengdu_or_guangzhou
F002,F002,6a9ffeef000000001203d342,F002,shanghai_local_not_seen_in_beijing_chengdu_or_guangzhou
F002,F002,6aa01709000000000b00010b,F002,shanghai_local_not_seen_in_beijing_chengdu_or_guangzhou
F002,F002,6aa01b46000000002803b274,F002,shanghai_local_not_seen_in_beijing_chengdu_or_guangzhou
F002,F002,6aa0882d000000002901bb1d,F002,shanghai_local_not_seen_in_beijing_chengdu_or_guangzhou
F002,F002,6aa0b38300000000260230d6,F002,shanghai_local_not_seen_in_beijing_chengdu_or_guangzhou
F002,F002,6aa0babe000000000b036715,F002,shanghai_local_not_seen_in_beijing_chengdu_or_guangzhou
F002,F002,6aa0ca940000000028032238,F002,shanghai_local_not_seen_in_beijing_chengdu_or_guangzhou
F002,F002,6aa0cd63000000002901af0f,F002,shanghai_local_not_seen_in_beijing_chengdu_or_guangzhou
F002,F002,6aa10c16000000001001df13,F002,shanghai_local_not_seen_in_beijing_chengdu_or_guangzhou
F002,F002,6aa1619e0000000027008e8b,F002,shanghai_local_not_seen_in_beijing_chengdu_or_guangzhou
F002,F002,6aa17b7a0000000011030f15,F002,shanghai_local_not_seen_in_beijing_chengdu_or_guangzhou
F002,F002,6aa17b9a000000002a025c34,F002,shanghai_local_not_seen_in_beijing_chengdu_or_guangzhou
F002,F002,6aa189490000000027014834,F002,shanghai_local_not_seen_in_beijing_chengdu_or_guangzhou
F002,F002,6aa1ae16000000002601799c,F002,shanghai_local_not_seen_in_beijing_chengdu_or_guangzhou
F002,F002,6aa1fda5000000002902f623,F002,shanghai_local_not_seen_in_beijing_chengdu_or_guangzhou
F002,F002,6aa21d4f000000001001cb78,F002,shanghai_local_not_seen_in_beijing_chengdu_or_guangzhou
F002,F002,6aa22d49000000002802b645,F002,shanghai_local_not_seen_in_beijing_chengdu_or_guangzhou
F002,F002,6aa2441b0000000012035885,F002,shanghai_local_not_seen_in_beijing_chengdu_or_guangzhou
F002,F002,6aa24565000000000e03c000,F002,shanghai_local_not_seen_in_beijing_chengdu_or_guangzhou
F002,F002,6aa24e6e000000000f03a400,F002,shanghai_local_not_seen_in_beijing_chengdu_or_guangzhou
F002,F002,6aa24f750000000012024f42,F002,shanghai_local_not_seen_in_beijing_chengdu_or_guangzhou
F002,F002,6aa250cc0000000026016ee4,F002,shanghai_local_not_seen_in_beijing_chengdu_or_guangzhou
F002,F002,6aa254170000000012034e6f,F002,shanghai_local_not_seen_in_beijing_chengdu_or_guangzhou
F002,F002,6aa254ca000000002802df04,F002,shanghai_local_not_seen_in_beijing_chengdu_or_guangzhou
F002,F002,6aa2571d000000002802eca7,F002,shanghai_local_not_seen_in_beijing_chengdu_or_guangzhou
F002,F002,6aa25dfb000000001001eb3e,F002,shanghai_local_not_seen_in_beijing_chengdu_or_guangzhou
F002,F002,6aa25e980000000026018c52,F002,shanghai_local_not_seen_in_beijing_chengdu_or_guangzhou
F002,F002,6aa260f70000000011030d49,F002,shanghai_local_not_seen_in_beijing_chengdu_or_guangzhou
F002,F002,6aa26de2000000002603b385,F002,shanghai_local_not_seen_in_beijing_chengdu_or_guangzhou
F002,F002,6aa270a5000000001001df30,F002,shanghai_local_not_seen_in_beijing_chengdu_or_guangzhou
F002,F002,6aa273090000000028038cbc,F002,shanghai_local_not_seen_in_beijing_chengdu_or_guangzhou
F002,F002,6aa2744d0000000025034704,F002,shanghai_local_not_seen_in_beijing_chengdu_or_guangzhou
F002,F002,6aa2768700000000260159f1,F002,shanghai_local_not_seen_in_beijing_chengdu_or_guangzhou
F002,F002,6aa2768f0000000011031774,F002,shanghai_local_not_seen_in_beijing_chengdu_or_guangzhou
F002,F002,6aa27abe00000000290145b9,F002,shanghai_local_not_seen_in_beijing_chengdu_or_guangzhou
F002,F002,6aa27f71000000002902ec4c,F002,shanghai_local_not_seen_in_beijing_chengdu_or_guangzhou
F002,F002,6aa27f94000000001001c594,F002,shanghai_local_not_seen_in_beijing_chengdu_or_guangzhou
F002,F002,6aa2874b00000000260198be,F002,shanghai_local_not_seen_in_beijing_chengdu_or_guangzhou
F002,F002,6aa28b02000000002900fe21,F002,shanghai_local_not_seen_in_beijing_chengdu_or_guangzhou
F002,F002,6aa28b2f00000000110360cb,F002,shanghai_local_not_seen_in_beijing_chengdu_or_guangzhou
F002,F002,6aa28efc000000000d02565b,F002,shanghai_local_not_seen_in_beijing_chengdu_or_guangzhou
F002,F002,6aa29238000000002b026abe,F002,shanghai_local_not_seen_in_beijing_chengdu_or_guangzhou
F002,F002,6aa292c900000000260306f8,F002,shanghai_local_not_seen_in_beijing_chengdu_or_guangzhou
F002,F002,6aa29c61000000002b002756,F002,shanghai_local_not_seen_in_beijing_chengdu_or_guangzhou
F002,F002,6aa29da50000000012000d0d,F002,shanghai_local_not_seen_in_beijing_chengdu_or_guangzhou
F002,F002,6aa29e92000000000d027461,F002,shanghai_local_not_seen_in_beijing_chengdu_or_guangzhou
F003,F003,6530b4a0000000001e00d5d4,F003,shanghai_local_not_seen_in_beijing_chengdu_or_guangzhou
F003,F003,6797cbe90000000017039bea,F003,shanghai_local_not_seen_in_beijing_chengdu_or_guangzhou
F003,F003,67a6d4e3000000001701e99f,F003,shanghai_local_not_seen_in_beijing_chengdu_or_guangzhou
F003,F003,67a8b340000000001800894c,F003,shanghai_local_not_seen_in_beijing_chengdu_or_guangzhou
F003,F003,67a9fd5c00000000290360b3,F003,shanghai_local_not_seen_in_beijing_chengdu_or_guangzhou
F003,F003,67b3eaa1000000002903c21f,F003,shanghai_local_not_seen_in_beijing_chengdu_or_guangzhou
F003,F003,67c1053d000000002503d009,F003,shanghai_local_not_seen_in_beijing_chengdu_or_guangzhou
F003,F003,67cefbe5000000000900f376,F003,shanghai_local_not_seen_in_beijing_chengdu_or_guangzhou
F003,F003,67dd1a0200000000060280f6,F003,shanghai_local_not_seen_in_beijing_chengdu_or_guangzhou
F003,F003,67e16914000000001d01fda2,F003,shanghai_local_not_seen_in_beijing_chengdu_or_guangzhou
F003,F003,67f4c763000000001c017e65,F003,shanghai_local_not_seen_in_beijing_chengdu_or_guangzhou
F003,F003,67fe2784000000001c02cc15,F003,shanghai_local_not_seen_in_beijing_chengdu_or_guangzhou
F003,F003,680717bc000000001c02d0e9,F003,shanghai_local_not_seen_in_beijing_chengdu_or_guangzhou
F003,F003,680c6c08000000001c0353e4,F003,shanghai_local_not_seen_in_beijing_chengdu_or_guangzhou
F003,F003,681215d600000000200286b9,F003,shanghai_local_not_seen_in_beijing_chengdu_or_guangzhou
F003,F003,6881ed67000000001202ed50,F003,shanghai_local_not_seen_in_beijing_chengdu_or_guangzhou
F003,F003,6895903c0000000023029706,F003,shanghai_local_not_seen_in_beijing_chengdu_or_guangzhou
F003,F003,689db254000000001d0064b3,F003,shanghai_local_not_seen_in_beijing_chengdu_or_guangzhou
F003,F003,68a563e3000000001d016c54,F003,shanghai_local_not_seen_in_beijing_chengdu_or_guangzhou
F003,F003,68a6bbea000000001b03373e,F003,shanghai_local_not_seen_in_beijing_chengdu_or_guangzhou
F003,F003,68da01740000000012032ddf,F003,shanghai_local_not_seen_in_beijing_chengdu_or_guangzhou
F003,F003,68e7f77f00000000070373ee,F003,shanghai_local_not_seen_in_beijing_chengdu_or_guangzhou
F003,F003,68fadb990000000004003027,F003,shanghai_local_not_seen_in_beijing_chengdu_or_guangzhou
F003,F003,69145413000000000d03a7fd,F003,shanghai_local_not_seen_in_beijing_chengdu_or_guangzhou
F003,F003,6975f7e8000000000a033c7b,F003,shanghai_local_not_seen_in_beijing_chengdu_or_guangzhou
F003,F003,698b41f800000000090390ba,F003,shanghai_local_not_seen_in_beijing_chengdu_or_guangzhou
F003,F003,699f028b000000001a025beb,F003,shanghai_local_not_seen_in_beijing_chengdu_or_guangzhou
F003,F003,69a52a220000000022022915,F003,shanghai_local_not_seen_in_beijing_chengdu_or_guangzhou
F003,F003,69ae9021000000001600a519,F003,shanghai_local_not_seen_in_beijing_chengdu_or_guangzhou
F003,F003,69aec246000000001a01faff,F003,shanghai_local_not_seen_in_beijing_chengdu_or_guangzhou
F003,F003,69b5ed9b00000000280081a9,F003,shanghai_local_not_seen_in_beijing_chengdu_or_guangzhou
F003,F003,69b981720000000022024eab,F003,shanghai_local_not_seen_in_beijing_chengdu_or_guangzhou
F003,F003,69d09f12000000001d01dbab,F003,shanghai_local_not_seen_in_beijing_chengdu_or_guangzhou
F003,F003,69d522300000000023006d6d,F003,shanghai_local_not_seen_in_beijing_chengdu_or_guangzhou
F003,F003,69e9e1e00000000020013002,F003,shanghai_local_not_seen_in_beijing_chengdu_or_guangzhou
F003,F003,69eaf7eb0000000020007005,F003,shanghai_local_not_seen_in_beijing_chengdu_or_guangzhou
F003,F003,69eb23b2000000001f030c03,F003,shanghai_local_not_seen_in_beijing_chengdu_or_guangzhou
F003,F003,69eb2a890000000020038d69,F003,shanghai_local_not_seen_in_beijing_chengdu_or_guangzhou
F003,F003,69eb5d590000000037037352,F003,shanghai_local_not_seen_in_beijing_chengdu_or_guangzhou
F003,F003,69eb63b40000000037035a7b,F003,shanghai_local_not_seen_in_beijing_chengdu_or_guangzhou
F003,F003,69ebcda4000000001a02f053,F003,shanghai_local_not_seen_in_beijing_chengdu_or_guangzhou
F003,F003,69ef02200000000022028ae5,F003,shanghai_local_not_seen_in_beijing_chengdu_or_guangzhou
F003,F003,69f2b9560000000035020177,F003,shanghai_local_not_seen_in_beijing_chengdu_or_guangzhou
F003,F003,69f95d890000000035030e25,F003,shanghai_local_not_seen_in_beijing_chengdu_or_guangzhou
F003,F003,69fae6990000000022028347,F003,shanghai_local_not_seen_in_beijing_chengdu_or_guangzhou
F003,F003,69fb09ac000000001f004616,F003,shanghai_local_not_seen_in_beijing_chengdu_or_guangzhou
F003,F003,69fffef70000000007020e78,F003,shanghai_local_not_seen_in_beijing_chengdu_or_guangzhou
F003,F003,6a01d3e10000000035039496,F003,shanghai_local_not_seen_in_beijing_chengdu_or_guangzhou
F003,F003,6a030113000000000803faf2,F003,shanghai_local_not_seen_in_beijing_chengdu_or_guangzhou
F003,F003,6a0d9bd60000000035033fd2,F003,shanghai_local_not_seen_in_beijing_chengdu_or_guangzhou
F003,F003,6a0eca520000000006023439,F003,shanghai_local_not_seen_in_beijing_chengdu_or_guangzhou
F003,F003,6a0ee60f0000000035028055,F003,shanghai_local_not_seen_in_beijing_chengdu_or_guangzhou
F003,F003,6a0f14860000000037036ae2,F003,shanghai_local_not_seen_in_beijing_chengdu_or_guangzhou
F003,F003,6a13c779000000003501d535,F003,shanghai_local_not_seen_in_beijing_chengdu_or_guangzhou
F003,F003,6a1486f300000000350272f5,F003,shanghai_local_not_seen_in_beijing_chengdu_or_guangzhou
F003,F003,6a1da67b000000000803faa2,F003,shanghai_local_not_seen_in_beijing_chengdu_or_guangzhou
F003,F003,6a341b05000000002101a478,F003,shanghai_local_not_seen_in_beijing_chengdu_or_guangzhou
F003,F003,6a41f18a0000000011006791,F003,shanghai_local_not_seen_in_beijing_chengdu_or_guangzhou
F003,F003,6a427a21000000000f0067a4,F003,shanghai_local_not_seen_in_beijing_chengdu_or_guangzhou
F003,F003,6a4407400000000015027380,F003,shanghai_local_not_seen_in_beijing_chengdu_or_guangzhou
F003,F003,6a5246bb000000001603c9e5,F003,shanghai_local_not_seen_in_beijing_chengdu_or_guangzhou
F003,F003,6a54d7e5000000001702da1e,F003,shanghai_local_not_seen_in_beijing_chengdu_or_guangzhou
F003,F003,6a56442e0000000011015e41,F003,shanghai_local_not_seen_in_beijing_chengdu_or_guangzhou
F003,F003,6a5c52ff000000002201a677,F003,shanghai_local_not_seen_in_beijing_chengdu_or_guangzhou
F003,F003,6a5c59ee0000000001001307,F003,shanghai_local_not_seen_in_beijing_chengdu_or_guangzhou
F003,F003,6a5cb7680000000009035eba,F003,shanghai_local_not_seen_in_beijing_chengdu_or_guangzhou
F003,F003,6a5f598900000000040282bf,F003,shanghai_local_not_seen_in_beijing_chengdu_or_guangzhou
F003,F003,6a61a25b000000001c011cd5,F003,shanghai_local_not_seen_in_beijing_chengdu_or_guangzhou
F003,F003,6a6208080000000011011caa,F003,shanghai_local_not_seen_in_beijing_chengdu_or_guangzhou
F003,F003,6a62bff1000000001102f79d,F003,shanghai_local_not_seen_in_beijing_chengdu_or_guangzhou
F003,F003,6a646552000000000103096f,F003,shanghai_local_not_seen_in_beijing_chengdu_or_guangzhou
F003,F003,6a67239b000000001101e773,F003,shanghai_local_not_seen_in_beijing_chengdu_or_guangzhou
F003,F003,6a695433000000001101b985,F003,shanghai_local_not_seen_in_beijing_chengdu_or_guangzhou
F003,F003,6a6c3598000000002500c717,F003,shanghai_local_not_seen_in_beijing_chengdu_or_guangzhou
F003,F003,6a6c3b93000000002201753b,F003,shanghai_local_not_seen_in_beijing_chengdu_or_guangzhou
F003,F003,6a6c6117000000002c00319b,F003,shanghai_local_not_seen_in_beijing_chengdu_or_guangzhou
F003,F003,6a6c8d19000000002202db07,F003,shanghai_local_not_seen_in_beijing_chengdu_or_guangzhou
F003,F003,6a6cac26000000002500fbcb,F003,shanghai_local_not_seen_in_beijing_chengdu_or_guangzhou
F003,F003,6a6cb33300000000250069b0,F003,shanghai_local_not_seen_in_beijing_chengdu_or_guangzhou
F003,F003,6a6d0394000000000502ab49,F003,shanghai_local_not_seen_in_beijing_chengdu_or_guangzhou
F003,F003,6a6dd88d0000000035014302,F003,shanghai_local_not_seen_in_beijing_chengdu_or_guangzhou
F003,F003,6a6ead40000000002500eb41,F003,shanghai_local_not_seen_in_beijing_chengdu_or_guangzhou
F003,F003,6a6f138f00000000240248ec,F003,shanghai_local_not_seen_in_beijing_chengdu_or_guangzhou
F003,F003,6a6f7b1a0000000025006733,F003,shanghai_local_not_seen_in_beijing_chengdu_or_guangzhou
F003,F003,6a70498000000000280012e4,F003,shanghai_local_not_seen_in_beijing_chengdu_or_guangzhou
F003,F003,6a72f58b000000000502a533,F003,shanghai_local_not_seen_in_beijing_chengdu_or_guangzhou
F003,F003,6a73dfec0000000032021450,F003,shanghai_local_not_seen_in_beijing_chengdu_or_guangzhou
F003,F003,6a7414f4000000002500a27c,F003,shanghai_local_not_seen_in_beijing_chengdu_or_guangzhou
F003,F003,6a74a4ea000000003300a3ba,F003,shanghai_local_not_seen_in_beijing_chengdu_or_guangzhou
F003,F003,6a75ac6600000000280044ed,F003,shanghai_local_not_seen_in_beijing_chengdu_or_guangzhou
F003,F003,6a77467300000000250029ae,F003,shanghai_local_not_seen_in_beijing_chengdu_or_guangzhou
F003,F003,6a785a490000000021022050,F003,shanghai_local_not_seen_in_beijing_chengdu_or_guangzhou
F003,F003,6a79bc7100000000330090f2,F003,shanghai_local_not_seen_in_beijing_chengdu_or_guangzhou
F003,F003,6a7c8ff4000000003301c699,F003,shanghai_local_not_seen_in_beijing_chengdu_or_guangzhou
F003,F003,6a7c915d0000000035017260,F003,shanghai_local_not_seen_in_beijing_chengdu_or_guangzhou
F003,F003,6a7c91b300000000050318fd,F003,shanghai_local_not_seen_in_beijing_chengdu_or_guangzhou
F003,F003,6a7c920b0000000028002e14,F003,shanghai_local_not_seen_in_beijing_chengdu_or_guangzhou
F003,F003,6a7c930000000000330110ca,F003,shanghai_local_not_seen_in_beijing_chengdu_or_guangzhou
F003,F003,6a7c9383000000003300a7a7,F003,shanghai_local_not_seen_in_beijing_chengdu_or_guangzhou
F003,F003,6a7c93af000000003302cb40,F003,shanghai_local_not_seen_in_beijing_chengdu_or_guangzhou
F003,F003,6a7c94ba000000002403d2d5,F003,shanghai_local_not_seen_in_beijing_chengdu_or_guangzhou
F003,F003,6a7c9538000000002402df6b,F003,shanghai_local_not_seen_in_beijing_chengdu_or_guangzhou
F003,F003,6a7c95710000000022031660,F003,shanghai_local_not_seen_in_beijing_chengdu_or_guangzhou
F003,F003,6a7c95740000000025012abf,F003,shanghai_local_not_seen_in_beijing_chengdu_or_guangzhou
F003,F003,6a7c9613000000002402e348,F003,shanghai_local_not_seen_in_beijing_chengdu_or_guangzhou
F003,F003,6a7c96480000000033011927,F003,shanghai_local_not_seen_in_beijing_chengdu_or_guangzhou
F003,F003,6a7c96630000000028031266,F003,shanghai_local_not_seen_in_beijing_chengdu_or_guangzhou
F003,F003,6a7c96fa000000003202084b,F003,shanghai_local_not_seen_in_beijing_chengdu_or_guangzhou
F003,F003,6a7c97040000000025012e9f,F003,shanghai_local_not_seen_in_beijing_chengdu_or_guangzhou
F003,F003,6a7c97ab0000000035014259,F003,shanghai_local_not_seen_in_beijing_chengdu_or_guangzhou
F003,F003,6a7c97c30000000028003c8c,F003,shanghai_local_not_seen_in_beijing_chengdu_or_guangzhou
F003,F003,6a7c9e08000000003301e8c5,F003,shanghai_local_not_seen_in_beijing_chengdu_or_guangzhou
F003,F003,6a7ca90b0000000006006ba0,F003,shanghai_local_not_seen_in_beijing_chengdu_or_guangzhou
F003,F003,6a7cac89000000003301a84c,F003,shanghai_local_not_seen_in_beijing_chengdu_or_guangzhou
F003,F003,6a7cb72e0000000008010ecf,F003,shanghai_local_not_seen_in_beijing_chengdu_or_guangzhou
F003,F003,6a7cbd670000000022033b88,F003,shanghai_local_not_seen_in_beijing_chengdu_or_guangzhou
F003,F003,6a7d1168000000002803312c,F003,shanghai_local_not_seen_in_beijing_chengdu_or_guangzhou
F003,F003,6a7d185f0000000025009b92,F003,shanghai_local_not_seen_in_beijing_chengdu_or_guangzhou
F003,F003,6a7d29ed0000000033008932,F003,shanghai_local_not_seen_in_beijing_chengdu_or_guangzhou
F003,F003,6a7d41d2000000002500fe46,F003,shanghai_local_not_seen_in_beijing_chengdu_or_guangzhou
F003,F003,6a7d59dc0000000025001927,F003,shanghai_local_not_seen_in_beijing_chengdu_or_guangzhou
F003,F003,6a7d62b4000000003203074b,F003,shanghai_local_not_seen_in_beijing_chengdu_or_guangzhou
F003,F003,6a7d6f090000000005030240,F003,shanghai_local_not_seen_in_beijing_chengdu_or_guangzhou
F003,F003,6a7d73cc0000000025008865,F003,shanghai_local_not_seen_in_beijing_chengdu_or_guangzhou
F003,F003,6a7d8d20000000002800382c,F003,shanghai_local_not_seen_in_beijing_chengdu_or_guangzhou
F003,F003,6a7d977a0000000008013d05,F003,shanghai_local_not_seen_in_beijing_chengdu_or_guangzhou
F003,F003,6a7da4ac000000002c00025e,F003,shanghai_local_not_seen_in_beijing_chengdu_or_guangzhou
F003,F003,6a7da53d0000000021022e1e,F003,shanghai_local_not_seen_in_beijing_chengdu_or_guangzhou
F003,F003,6a7da7470000000027022103,F003,shanghai_local_not_seen_in_beijing_chengdu_or_guangzhou
F003,F003,6a7daaa7000000002403e297,F003,shanghai_local_not_seen_in_beijing_chengdu_or_guangzhou
F003,F003,6a7daf5d000000002203055a,F003,shanghai_local_not_seen_in_beijing_chengdu_or_guangzhou
F003,F003,6a7db1470000000028009961,F003,shanghai_local_not_seen_in_beijing_chengdu_or_guangzhou
F003,F003,6a7db3bf000000003301e881,F003,shanghai_local_not_seen_in_beijing_chengdu_or_guangzhou
F003,F003,6a7db52a000000002800a71b,F003,shanghai_local_not_seen_in_beijing_chengdu_or_guangzhou
F003,F003,6a7dbf6f00000000250010d1,F003,shanghai_local_not_seen_in_beijing_chengdu_or_guangzhou
F003,F003,6a7dc4fa0000000032033436,F003,shanghai_local_not_seen_in_beijing_chengdu_or_guangzhou
F003,F003,6a7ddf9900000000330194da,F003,shanghai_local_not_seen_in_beijing_chengdu_or_guangzhou
F003,F003,6a7e04590000000035017212,F003,shanghai_local_not_seen_in_beijing_chengdu_or_guangzhou
F003,F003,6a80136d00000000210226fa,F003,shanghai_local_not_seen_in_beijing_chengdu_or_guangzhou
F003,F003,6a8036ed000000002403d15a,F003,shanghai_local_not_seen_in_beijing_chengdu_or_guangzhou
F003,F003,6a82f8bf0000000022016086,F003,shanghai_local_not_seen_in_beijing_chengdu_or_guangzhou
F003,F003,6a83a4f30000000022030d1c,F003,shanghai_local_not_seen_in_beijing_chengdu_or_guangzhou
F003,F003,6a8510220000000021021049,F003,shanghai_local_not_seen_in_beijing_chengdu_or_guangzhou
F003,F003,6a8576410000000033030384,F003,shanghai_local_not_seen_in_beijing_chengdu_or_guangzhou
F003,F003,6a86a0e8000000002202fae4,F003,shanghai_local_not_seen_in_beijing_chengdu_or_guangzhou
F003,F003,6a86db93000000002802a1cd,F003,shanghai_local_not_seen_in_beijing_chengdu_or_guangzhou
F003,F003,6a881cd200000000350234c1,F003,shanghai_local_not_seen_in_beijing_chengdu_or_guangzhou
F003,F003,6a881e0b0000000005032cce,F003,shanghai_local_not_seen_in_beijing_chengdu_or_guangzhou
F003,F003,6a8868000000000029027013,F003,shanghai_local_not_seen_in_beijing_chengdu_or_guangzhou
F003,F003,6a8adf8f000000002202d556,F003,shanghai_local_not_seen_in_beijing_chengdu_or_guangzhou
F003,F003,6a8bb2e700000000280013a1,F003,shanghai_local_not_seen_in_beijing_chengdu_or_guangzhou
F003,F003,6a8c93f50000000031035c74,F003,shanghai_local_not_seen_in_beijing_chengdu_or_guangzhou
F003,F003,6a8d571800000000330290f0,F003,shanghai_local_not_seen_in_beijing_chengdu_or_guangzhou
F003,F003,6a8ff7a80000000004028ea9,F003,shanghai_local_not_seen_in_beijing_chengdu_or_guangzhou
F003,F003,6a92ad0600000000260027d9,F003,shanghai_local_not_seen_in_beijing_chengdu_or_guangzhou
F003,F003,6a9676aa0000000012000b81,F003,shanghai_local_not_seen_in_beijing_chengdu_or_guangzhou
F003,F003,6a991def000000000b000ca5,F003,shanghai_local_not_seen_in_beijing_chengdu_or_guangzhou
F003,F003,6a9a42b0000000001001fc30,F003,shanghai_local_not_seen_in_beijing_chengdu_or_guangzhou
F003,F003,6a9a4b9f0000000028032888,F003,shanghai_local_not_seen_in_beijing_chengdu_or_guangzhou
F003,F003,6a9a9829000000000d026cac,F003,shanghai_local_not_seen_in_beijing_chengdu_or_guangzhou
F003,F003,6a9ae4880000000026015261,F003,shanghai_local_not_seen_in_beijing_chengdu_or_guangzhou
F003,F003,6a9aebe6000000002900dc2f,F003,shanghai_local_not_seen_in_beijing_chengdu_or_guangzhou
F003,F003,6a9ba84d0000000027015ab3,F003,shanghai_local_not_seen_in_beijing_chengdu_or_guangzhou
F003,F003,6a9bd89900000000290142e3,F003,shanghai_local_not_seen_in_beijing_chengdu_or_guangzhou
F003,F003,6a9c0b1600000000280287e6,F003,shanghai_local_not_seen_in_beijing_chengdu_or_guangzhou
F003,F003,6a9d591b000000002b00000c,F003,shanghai_local_not_seen_in_beijing_chengdu_or_guangzhou
F003,F003,6a9e6e77000000002502cc57,F003,shanghai_local_not_seen_in_beijing_chengdu_or_guangzhou
F003,F003,6a9e9906000000002802cfe7,F003,shanghai_local_not_seen_in_beijing_chengdu_or_guangzhou
F003,F003,6a9f65e700000000110341f0,F003,shanghai_local_not_seen_in_beijing_chengdu_or_guangzhou
F003,F003,6a9fb7f90000000026038f4d,F003,shanghai_local_not_seen_in_beijing_chengdu_or_guangzhou
F003,F003,6a9fc51f0000000026016e73,F003,shanghai_local_not_seen_in_beijing_chengdu_or_guangzhou
F003,F003,6a9fc961000000002b02472a,F003,shanghai_local_not_seen_in_beijing_chengdu_or_guangzhou
F003,F003,6a9fc9e1000000002b0248f9,F003,shanghai_local_not_seen_in_beijing_chengdu_or_guangzhou
F003,F003,6a9fcf70000000002b0138e4,F003,shanghai_local_not_seen_in_beijing_chengdu_or_guangzhou
F003,F003,6a9fd3eb000000000b035a70,F003,shanghai_local_not_seen_in_beijing_chengdu_or_guangzhou
F003,F003,6a9fd5f600000000260159f6,F003,shanghai_local_not_seen_in_beijing_chengdu_or_guangzhou
F003,F003,6a9fdd4500000000110351ab,F003,shanghai_local_not_seen_in_beijing_chengdu_or_guangzhou
F003,F003,6a9fdd5a000000002b00272b,F003,shanghai_local_not_seen_in_beijing_chengdu_or_guangzhou
F003,F003,6a9fe07d0000000012035596,F003,shanghai_local_not_seen_in_beijing_chengdu_or_guangzhou
F003,F003,6a9fe6ce000000002901aa01,F003,shanghai_local_not_seen_in_beijing_chengdu_or_guangzhou
F003,F003,6a9ffc60000000002900d52a,F003,shanghai_local_not_seen_in_beijing_chengdu_or_guangzhou
F003,F003,6a9fff9f00000000280036c2,F003,shanghai_local_not_seen_in_beijing_chengdu_or_guangzhou
F003,F003,6aa043e00000000012002b8d,F003,shanghai_local_not_seen_in_beijing_chengdu_or_guangzhou
F003,F003,6aa06b60000000001001e68d,F003,shanghai_local_not_seen_in_beijing_chengdu_or_guangzhou
F003,F003,6aa099d8000000001103aa07,F003,shanghai_local_not_seen_in_beijing_chengdu_or_guangzhou
F003,F003,6aa09e01000000002b00259e,F003,shanghai_local_not_seen_in_beijing_chengdu_or_guangzhou
F003,F003,6aa09f2d000000001203738e,F003,shanghai_local_not_seen_in_beijing_chengdu_or_guangzhou
F003,F003,6aa0a677000000001103b728,F003,shanghai_local_not_seen_in_beijing_chengdu_or_guangzhou
F003,F003,6aa0a8d10000000011037705,F003,shanghai_local_not_seen_in_beijing_chengdu_or_guangzhou
F003,F003,6aa0ae38000000002802a152,F003,shanghai_local_not_seen_in_beijing_chengdu_or_guangzhou
F003,F003,6aa0b36500000000120355d1,F003,shanghai_local_not_seen_in_beijing_chengdu_or_guangzhou
F003,F003,6aa0b6d5000000002900fb8a,F003,shanghai_local_not_seen_in_beijing_chengdu_or_guangzhou
F003,F003,6aa0bdfb00000000250345b6,F003,shanghai_local_not_seen_in_beijing_chengdu_or_guangzhou
F003,F003,6aa0c1dd000000001203414f,F003,shanghai_local_not_seen_in_beijing_chengdu_or_guangzhou
F003,F003,6aa0c4500000000028030edd,F003,shanghai_local_not_seen_in_beijing_chengdu_or_guangzhou
F003,F003,6aa0c6330000000019024897,F003,shanghai_local_not_seen_in_beijing_chengdu_or_guangzhou
F003,F003,6aa0ca1c000000001001f886,F003,shanghai_local_not_seen_in_beijing_chengdu_or_guangzhou
F003,F003,6aa0cf4a000000002502caa3,F003,shanghai_local_not_seen_in_beijing_chengdu_or_guangzhou
F003,F003,6aa0d3f500000000120340ee,F003,shanghai_local_not_seen_in_beijing_chengdu_or_guangzhou
F003,F003,6aa0d50f000000002803026a,F003,shanghai_local_not_seen_in_beijing_chengdu_or_guangzhou
F003,F003,6aa0eb47000000001203494a,F003,shanghai_local_not_seen_in_beijing_chengdu_or_guangzhou
F003,F003,6aa0ef65000000001203e55a,F003,shanghai_local_not_seen_in_beijing_chengdu_or_guangzhou
F003,F003,6aa0f0d0000000002601ce26,F003,shanghai_local_not_seen_in_beijing_chengdu_or_guangzhou
F003,F003,6aa0f5cc00000000290115a3,F003,shanghai_local_not_seen_in_beijing_chengdu_or_guangzhou
F003,F003,6aa0fe3b000000002803355e,F003,shanghai_local_not_seen_in_beijing_chengdu_or_guangzhou
F003,F003,6aa0ff31000000000b036b1c,F003,shanghai_local_not_seen_in_beijing_chengdu_or_guangzhou
F003,F003,6aa105fc00000000290190a8,F003,shanghai_local_not_seen_in_beijing_chengdu_or_guangzhou
F003,F003,6aa10732000000002b01d4d0,F003,shanghai_local_not_seen_in_beijing_chengdu_or_guangzhou
F003,F003,6aa1075a000000002a0060ae,F003,shanghai_local_not_seen_in_beijing_chengdu_or_guangzhou
F003,F003,6aa109c20000000026020a77,F003,shanghai_local_not_seen_in_beijing_chengdu_or_guangzhou
F003,F003,6aa10e4a0000000027014eee,F003,shanghai_local_not_seen_in_beijing_chengdu_or_guangzhou
F003,F003,6aa10f6600000000120343e9,F003,shanghai_local_not_seen_in_beijing_chengdu_or_guangzhou
F003,F003,6aa11062000000002601849b,F003,shanghai_local_not_seen_in_beijing_chengdu_or_guangzhou
F003,F003,6aa1125b000000002b0014d0,F003,shanghai_local_not_seen_in_beijing_chengdu_or_guangzhou
F003,F003,6aa112fa000000000d027ff6,F003,shanghai_local_not_seen_in_beijing_chengdu_or_guangzhou
F003,F003,6aa113110000000026008fd4,F003,shanghai_local_not_seen_in_beijing_chengdu_or_guangzhou
F003,F003,6aa113b8000000001001cd6c,F003,shanghai_local_not_seen_in_beijing_chengdu_or_guangzhou
F003,F003,6aa115940000000028034858,F003,shanghai_local_not_seen_in_beijing_chengdu_or_guangzhou
F003,F003,6aa11639000000002b0121ba,F003,shanghai_local_not_seen_in_beijing_chengdu_or_guangzhou
F003,F003,6aa11804000000002802d941,F003,shanghai_local_not_seen_in_beijing_chengdu_or_guangzhou
F003,F003,6aa11930000000001103a34d,F003,shanghai_local_not_seen_in_beijing_chengdu_or_guangzhou
F003,F003,6aa11cba000000002b013787,F003,shanghai_local_not_seen_in_beijing_chengdu_or_guangzhou
F003,F003,6aa11d500000000012001c58,F003,shanghai_local_not_seen_in_beijing_chengdu_or_guangzhou
F003,F003,6aa11d95000000002b003b4a,F003,shanghai_local_not_seen_in_beijing_chengdu_or_guangzhou
F003,F003,6aa1209a000000002601712a,F003,shanghai_local_not_seen_in_beijing_chengdu_or_guangzhou
F003,F003,6aa121ca000000002601e703,F003,shanghai_local_not_seen_in_beijing_chengdu_or_guangzhou
F003,F003,6aa12323000000002601423e,F003,shanghai_local_not_seen_in_beijing_chengdu_or_guangzhou
F003,F003,6aa12327000000000b036013,F003,shanghai_local_not_seen_in_beijing_chengdu_or_guangzhou
F003,F003,6aa1277c000000002600965d,F003,shanghai_local_not_seen_in_beijing_chengdu_or_guangzhou
F003,F003,6aa12d6b0000000011030821,F003,shanghai_local_not_seen_in_beijing_chengdu_or_guangzhou
F003,F003,6aa12d9800000000250348d3,F003,shanghai_local_not_seen_in_beijing_chengdu_or_guangzhou
F003,F003,6aa12e2c0000000011030cee,F003,shanghai_local_not_seen_in_beijing_chengdu_or_guangzhou
F003,F003,6aa12f0c0000000012024f2e,F003,shanghai_local_not_seen_in_beijing_chengdu_or_guangzhou
F003,F003,6aa1316100000000290135d5,F003,shanghai_local_not_seen_in_beijing_chengdu_or_guangzhou
F003,F003,6aa13187000000001901f213,F003,shanghai_local_not_seen_in_beijing_chengdu_or_guangzhou
F003,F003,6aa1332c000000002b000838,F003,shanghai_local_not_seen_in_beijing_chengdu_or_guangzhou
F003,F003,6aa13841000000002901664a,F003,shanghai_local_not_seen_in_beijing_chengdu_or_guangzhou
F003,F003,6aa139a900000000260191e9,F003,shanghai_local_not_seen_in_beijing_chengdu_or_guangzhou
F003,F003,6aa14b45000000002803333d,F003,shanghai_local_not_seen_in_beijing_chengdu_or_guangzhou
F003,F003,6aa1511800000000110363be,F003,shanghai_local_not_seen_in_beijing_chengdu_or_guangzhou
F003,F003,6aa153af00000000280373bf,F003,shanghai_local_not_seen_in_beijing_chengdu_or_guangzhou
F003,F003,6aa15458000000002b01d343,F003,shanghai_local_not_seen_in_beijing_chengdu_or_guangzhou
F003,F003,6aa156f70000000026014475,F003,shanghai_local_not_seen_in_beijing_chengdu_or_guangzhou
F003,F003,6aa15f550000000026020ce8,F003,shanghai_local_not_seen_in_beijing_chengdu_or_guangzhou
F003,F003,6aa1698f000000001203e70e,F003,shanghai_local_not_seen_in_beijing_chengdu_or_guangzhou
F003,F003,6aa16af6000000002603391a,F003,shanghai_local_not_seen_in_beijing_chengdu_or_guangzhou
F003,F003,6aa16b1d000000002a02c831,F003,shanghai_local_not_seen_in_beijing_chengdu_or_guangzhou
F003,F003,6aa16f9300000000280357b9,F003,shanghai_local_not_seen_in_beijing_chengdu_or_guangzhou
F003,F003,6aa1730e000000000b00d460,F003,shanghai_local_not_seen_in_beijing_chengdu_or_guangzhou
F003,F003,6aa17ac10000000026014cd2,F003,shanghai_local_not_seen_in_beijing_chengdu_or_guangzhou
F003,F003,6aa17c8f000000002900f034,F003,shanghai_local_not_seen_in_beijing_chengdu_or_guangzhou
F003,F003,6aa181e00000000012000465,F003,shanghai_local_not_seen_in_beijing_chengdu_or_guangzhou
F003,F003,6aa183070000000026023cff,F003,shanghai_local_not_seen_in_beijing_chengdu_or_guangzhou
F003,F003,6aa199040000000028003600,F003,shanghai_local_not_seen_in_beijing_chengdu_or_guangzhou
F003,F003,6aa1b7420000000026032188,F003,shanghai_local_not_seen_in_beijing_chengdu_or_guangzhou
F003,F003,6aa1eb3e0000000025035ae6,F003,shanghai_local_not_seen_in_beijing_chengdu_or_guangzhou
F003,F003,6aa1f9660000000011037bd4,F003,shanghai_local_not_seen_in_beijing_chengdu_or_guangzhou
F003,F003,6aa2002f00000000290158f5,F003,shanghai_local_not_seen_in_beijing_chengdu_or_guangzhou
F003,F003,6aa20940000000002a0254f0,F003,shanghai_local_not_seen_in_beijing_chengdu_or_guangzhou
F003,F003,6aa21093000000002b003237,F003,shanghai_local_not_seen_in_beijing_chengdu_or_guangzhou
F003,F003,6aa218480000000011034211,F003,shanghai_local_not_seen_in_beijing_chengdu_or_guangzhou
F003,F003,6aa21fc800000000260096dd,F003,shanghai_local_not_seen_in_beijing_chengdu_or_guangzhou
F003,F003,6aa220210000000026031fa1,F003,shanghai_local_not_seen_in_beijing_chengdu_or_guangzhou
F003,F003,6aa2264700000000280312c6,F003,shanghai_local_not_seen_in_beijing_chengdu_or_guangzhou
F003,F003,6aa22cee0000000026022d66,F003,shanghai_local_not_seen_in_beijing_chengdu_or_guangzhou
F003,F003,6aa22d200000000029013d61,F003,shanghai_local_not_seen_in_beijing_chengdu_or_guangzhou
F003,F003,6aa230b8000000002a024895,F003,shanghai_local_not_seen_in_beijing_chengdu_or_guangzhou
F003,F003,6aa23485000000000b00e08e,F003,shanghai_local_not_seen_in_beijing_chengdu_or_guangzhou
F003,F003,6aa236e4000000002803babf,F003,shanghai_local_not_seen_in_beijing_chengdu_or_guangzhou
F003,F003,6aa2389f000000002b0249d7,F003,shanghai_local_not_seen_in_beijing_chengdu_or_guangzhou
F003,F003,6aa23cdb000000002b01d3f9,F003,shanghai_local_not_seen_in_beijing_chengdu_or_guangzhou
F003,F003,6aa23dda000000002802e37b,F003,shanghai_local_not_seen_in_beijing_chengdu_or_guangzhou
F003,F003,6aa244940000000028000c3a,F003,shanghai_local_not_seen_in_beijing_chengdu_or_guangzhou
F003,F003,6aa245eb000000001103995c,F003,shanghai_local_not_seen_in_beijing_chengdu_or_guangzhou
F003,F003,6aa2480d000000000d025db8,F003,shanghai_local_not_seen_in_beijing_chengdu_or_guangzhou
F003,F003,6aa24a0d000000002b0278be,F003,shanghai_local_not_seen_in_beijing_chengdu_or_guangzhou
F003,F003,6aa24bdd00000000250350ad,F003,shanghai_local_not_seen_in_beijing_chengdu_or_guangzhou
F003,F003,6aa24cd9000000002b0240ed,F003,shanghai_local_not_seen_in_beijing_chengdu_or_guangzhou
F003,F003,6aa24d41000000002802f472,F003,shanghai_local_not_seen_in_beijing_chengdu_or_guangzhou
F003,F003,6aa24dd30000000027016871,F003,shanghai_local_not_seen_in_beijing_chengdu_or_guangzhou
F003,F003,6aa24e5e000000000b0005b6,F003,shanghai_local_not_seen_in_beijing_chengdu_or_guangzhou
F003,F003,6aa2504d000000002b01cb06,F003,shanghai_local_not_seen_in_beijing_chengdu_or_guangzhou
F003,F003,6aa250ec000000002a005ab2,F003,shanghai_local_not_seen_in_beijing_chengdu_or_guangzhou
F003,F003,6aa2510a000000000b00ef0f,F003,shanghai_local_not_seen_in_beijing_chengdu_or_guangzhou
F003,F003,6aa2525f000000001401cb6d,F003,shanghai_local_not_seen_in_beijing_chengdu_or_guangzhou
F003,F003,6aa25384000000002a0269fa,F003,shanghai_local_not_seen_in_beijing_chengdu_or_guangzhou
F003,F003,6aa257fe000000002b01e2fd,F003,shanghai_local_not_seen_in_beijing_chengdu_or_guangzhou
F003,F003,6aa2586f000000000b002530,F003,shanghai_local_not_seen_in_beijing_chengdu_or_guangzhou
F003,F003,6aa259e0000000002b01e8e0,F003,shanghai_local_not_seen_in_beijing_chengdu_or_guangzhou
F003,F003,6aa25c49000000000b00d2bc,F003,shanghai_local_not_seen_in_beijing_chengdu_or_guangzhou
F003,F003,6aa25ec20000000012001b6b,F003,shanghai_local_not_seen_in_beijing_chengdu_or_guangzhou
F003,F003,6aa263bb000000002a025e52,F003,shanghai_local_not_seen_in_beijing_chengdu_or_guangzhou
F003,F003,6aa2655c0000000011038922,F003,shanghai_local_not_seen_in_beijing_chengdu_or_guangzhou
F003,F003,6aa265f0000000002b012ef5,F003,shanghai_local_not_seen_in_beijing_chengdu_or_guangzhou
F003,F003,6aa2667c0000000011032ede,F003,shanghai_local_not_seen_in_beijing_chengdu_or_guangzhou
F003,F003,6aa26a860000000011034a30,F003,shanghai_local_not_seen_in_beijing_chengdu_or_guangzhou
F003,F003,6aa26cb3000000002503557b,F003,shanghai_local_not_seen_in_beijing_chengdu_or_guangzhou
F003,F003,6aa274ef0000000011034e68,F003,shanghai_local_not_seen_in_beijing_chengdu_or_guangzhou
F003,F003,6aa276d90000000012026333,F003,shanghai_local_not_seen_in_beijing_chengdu_or_guangzhou
F003,F003,6aa27820000000002a005e60,F003,shanghai_local_not_seen_in_beijing_chengdu_or_guangzhou
F003,F003,6aa27a8e000000000b03465c,F003,shanghai_local_not_seen_in_beijing_chengdu_or_guangzhou
F003,F003,6aa27cae0000000027014668,F003,shanghai_local_not_seen_in_beijing_chengdu_or_guangzhou
F003,F003,6aa27f35000000002802ecfd,F003,shanghai_local_not_seen_in_beijing_chengdu_or_guangzhou
F003,F003,6aa28a2f000000000d0279e7,F003,shanghai_local_not_seen_in_beijing_chengdu_or_guangzhou
F003,F003,6aa28d65000000001001dba5,F003,shanghai_local_not_seen_in_beijing_chengdu_or_guangzhou
F003,F003,6aa28e170000000025036d62,F003,shanghai_local_not_seen_in_beijing_chengdu_or_guangzhou
F003,F003,6aa29688000000000b00d87d,F003,shanghai_local_not_seen_in_beijing_chengdu_or_guangzhou
F003,F003,6aa296d10000000026016841,F003,shanghai_local_not_seen_in_beijing_chengdu_or_guangzhou
F003,F003,6aa2972f0000000028000049,F003,shanghai_local_not_seen_in_beijing_chengdu_or_guangzhou
F003,F003,6aa29dab0000000025034af8,F003,shanghai_local_not_seen_in_beijing_chengdu_or_guangzhou
F003,F003,6aa2a226000000001203c7d9,F003,shanghai_local_not_seen_in_beijing_chengdu_or_guangzhou
F003,F003,6aa2a3a30000000029014dd6,F003,shanghai_local_not_seen_in_beijing_chengdu_or_guangzhou
F003,F003,6aa2a739000000002601bf09,F003,shanghai_local_not_seen_in_beijing_chengdu_or_guangzhou
F003,F003,6aa2ab300000000011036017,F003,shanghai_local_not_seen_in_beijing_chengdu_or_guangzhou
F003,F003,6aa2ae42000000002803505d,F003,shanghai_local_not_seen_in_beijing_chengdu_or_guangzhou
F003,F003,6aa2b4f0000000002900d849,F003,shanghai_local_not_seen_in_beijing_chengdu_or_guangzhou
F003,F003,6aa2b8ce0000000011032de4,F003,shanghai_local_not_seen_in_beijing_chengdu_or_guangzhou
F003,F003,6aa2bc32000000002b000cb9,F003,shanghai_local_not_seen_in_beijing_chengdu_or_guangzhou
F003,F003,6aa2bf03000000001200065a,F003,shanghai_local_not_seen_in_beijing_chengdu_or_guangzhou
F003,F003,6aa2c2bb000000001001d8b3,F003,shanghai_local_not_seen_in_beijing_chengdu_or_guangzhou
F003,F003,6aa2c5f40000000026017e08,F003,shanghai_local_not_seen_in_beijing_chengdu_or_guangzhou
F003,F003,6aa2c853000000002b01d1ee,F003,shanghai_local_not_seen_in_beijing_chengdu_or_guangzhou
F003,F003,6aa2c8f8000000001203cf3e,F003,shanghai_local_not_seen_in_beijing_chengdu_or_guangzhou
F003,F003,6aa2caca000000002b0136b2,F003,shanghai_local_not_seen_in_beijing_chengdu_or_guangzhou
F003,F003,6aa2cb9f0000000026021d91,F003,shanghai_local_not_seen_in_beijing_chengdu_or_guangzhou
F003,F003,6aa2ce19000000002802f978,F003,shanghai_local_not_seen_in_beijing_chengdu_or_guangzhou
F003,F003,6aa2ce250000000028037ad6,F003,shanghai_local_not_seen_in_beijing_chengdu_or_guangzhou
F003,F003,6aa2ce730000000014011712,F003,shanghai_local_not_seen_in_beijing_chengdu_or_guangzhou
F003,F003,6aa2ced3000000002601672d,F003,shanghai_local_not_seen_in_beijing_chengdu_or_guangzhou
F003,F003,6aa2d048000000001103915f,F003,shanghai_local_not_seen_in_beijing_chengdu_or_guangzhou
F003,F003,6aa2d32c000000000d02555d,F003,shanghai_local_not_seen_in_beijing_chengdu_or_guangzhou
F003,F003,6aa2d4040000000012026d73,F003,shanghai_local_not_seen_in_beijing_chengdu_or_guangzhou
F003,F003,6aa2d454000000002802b9dc,F003,shanghai_local_not_seen_in_beijing_chengdu_or_guangzhou
F003,F003,6aa2d49b0000000011039c74,F003,shanghai_local_not_seen_in_beijing_chengdu_or_guangzhou
F003,F003,6aa2d511000000000b035e42,F003,shanghai_local_not_seen_in_beijing_chengdu_or_guangzhou
F003,F003,6aa2d60e000000002b027596,F003,shanghai_local_not_seen_in_beijing_chengdu_or_guangzhou
F003,F003,6aa2d692000000002802e0b1,F003,shanghai_local_not_seen_in_beijing_chengdu_or_guangzhou
F003,F003,6aa2d6de00000000110303e0,F003,shanghai_local_not_seen_in_beijing_chengdu_or_guangzhou
F003,F003,6aa2d6f3000000002700b8ef,F003,shanghai_local_not_seen_in_beijing_chengdu_or_guangzhou
F003,F003,6aa2d703000000002b001345,F003,shanghai_local_not_seen_in_beijing_chengdu_or_guangzhou
F003,F003,6aa2d723000000002902dc36,F003,shanghai_local_not_seen_in_beijing_chengdu_or_guangzhou
F003,F003,6aa2d9380000000012036df3,F003,shanghai_local_not_seen_in_beijing_chengdu_or_guangzhou
F003,F003,6aa2d948000000002502ed09,F003,shanghai_local_not_seen_in_beijing_chengdu_or_guangzhou
F003,F003,6aa2d996000000001001c357,F003,shanghai_local_not_seen_in_beijing_chengdu_or_guangzhou
F003,F003,6aa2da770000000011031214,F003,shanghai_local_not_seen_in_beijing_chengdu_or_guangzhou
F003,F003,6aa2db5100000000260190fd,F003,shanghai_local_not_seen_in_beijing_chengdu_or_guangzhou
F003,F003,6aa2dbf0000000000d027b4b,F003,shanghai_local_not_seen_in_beijing_chengdu_or_guangzhou
F003,F003,6aa2dc26000000002b011e06,F003,shanghai_local_not_seen_in_beijing_chengdu_or_guangzhou
F003,F003,6aa2e35c000000001103271d,F003,shanghai_local_not_seen_in_beijing_chengdu_or_guangzhou
F003,F003,6aa2e4f4000000001203cc6a,F003,shanghai_local_not_seen_in_beijing_chengdu_or_guangzhou
F004,F004,67a472e6000000002902570b,F004,shanghai_local_not_seen_in_beijing_chengdu_or_guangzhou
F004,F004,67bc4d2700000000060398e8,F004,shanghai_local_not_seen_in_beijing_chengdu_or_guangzhou
F004,F004,67be9ea60000000029028054,F004,shanghai_local_not_seen_in_beijing_chengdu_or_guangzhou
F004,F004,67c1250d000000000e007d23,F004,shanghai_local_not_seen_in_beijing_chengdu_or_guangzhou
F004,F004,67da683b000000000d01661c,F004,shanghai_local_not_seen_in_beijing_chengdu_or_guangzhou
F004,F004,67e22132000000001e00bdeb,F004,shanghai_local_not_seen_in_beijing_chengdu_or_guangzhou
F004,F004,67ea81a3000000001c004629,F004,shanghai_local_not_seen_in_beijing_chengdu_or_guangzhou
F004,F004,67f3879e000000001d001a80,F004,shanghai_local_not_seen_in_beijing_chengdu_or_guangzhou
F004,F004,68086120000000001d02eb5e,F004,shanghai_local_not_seen_in_beijing_chengdu_or_guangzhou
F004,F004,6819849f000000001101f815,F004,shanghai_local_not_seen_in_beijing_chengdu_or_guangzhou
F004,F004,68340ddd000000000303ac6b,F004,shanghai_local_not_seen_in_beijing_chengdu_or_guangzhou
F004,F004,68376e4900000000120049fc,F004,shanghai_local_not_seen_in_beijing_chengdu_or_guangzhou
F004,F004,6839278a000000002300c078,F004,shanghai_local_not_seen_in_beijing_chengdu_or_guangzhou
F004,F004,68398b9d000000002102e05c,F004,shanghai_local_not_seen_in_beijing_chengdu_or_guangzhou
F004,F004,685e2d780000000010025003,F004,shanghai_local_not_seen_in_beijing_chengdu_or_guangzhou
F004,F004,686dccbe000000001203d5d7,F004,shanghai_local_not_seen_in_beijing_chengdu_or_guangzhou
F004,F004,68718c2000000000120178aa,F004,shanghai_local_not_seen_in_beijing_chengdu_or_guangzhou
F004,F004,688b8fa40000000003027881,F004,shanghai_local_not_seen_in_beijing_chengdu_or_guangzhou
F004,F004,68938d4c000000000200373f,F004,shanghai_local_not_seen_in_beijing_chengdu_or_guangzhou
F004,F004,68a3f2ec000000001d027612,F004,shanghai_local_not_seen_in_beijing_chengdu_or_guangzhou
F004,F004,68a5ece0000000001d0027ed,F004,shanghai_local_not_seen_in_beijing_chengdu_or_guangzhou
F004,F004,68d17a860000000013013c91,F004,shanghai_local_not_seen_in_beijing_chengdu_or_guangzhou
F004,F004,68d35d8100000000130092dc,F004,shanghai_local_not_seen_in_beijing_chengdu_or_guangzhou
F004,F004,68d4251f000000001301e432,F004,shanghai_local_not_seen_in_beijing_chengdu_or_guangzhou
F004,F004,68e27582000000000302d3f9,F004,shanghai_local_not_seen_in_beijing_chengdu_or_guangzhou
F004,F004,68e66d4d000000000402b05f,F004,shanghai_local_not_seen_in_beijing_chengdu_or_guangzhou
F004,F004,68eefda2000000000303a53e,F004,shanghai_local_not_seen_in_beijing_chengdu_or_guangzhou
F004,F004,68ef40a40000000007009df6,F004,shanghai_local_not_seen_in_beijing_chengdu_or_guangzhou
F004,F004,68f2566600000000030103b5,F004,shanghai_local_not_seen_in_beijing_chengdu_or_guangzhou
F004,F004,68fb52eb000000000700b413,F004,shanghai_local_not_seen_in_beijing_chengdu_or_guangzhou
F004,F004,6902cd3a0000000007022766,F004,shanghai_local_not_seen_in_beijing_chengdu_or_guangzhou
F004,F004,691b08a80000000004029d4d,F004,shanghai_local_not_seen_in_beijing_chengdu_or_guangzhou
F004,F004,6921ac35000000001e012523,F004,shanghai_local_not_seen_in_beijing_chengdu_or_guangzhou
F004,F004,6925077e000000001d03c0e9,F004,shanghai_local_not_seen_in_beijing_chengdu_or_guangzhou
F004,F004,6926e1bf000000000d035e3b,F004,shanghai_local_not_seen_in_beijing_chengdu_or_guangzhou
F004,F004,69294e8e000000001e023780,F004,shanghai_local_not_seen_in_beijing_chengdu_or_guangzhou
F004,F004,695256df000000001d03ac32,F004,shanghai_local_not_seen_in_beijing_chengdu_or_guangzhou
F004,F004,69575941000000001e0254e5,F004,shanghai_local_not_seen_in_beijing_chengdu_or_guangzhou
F004,F004,69604c68000000000b00a19d,F004,shanghai_local_not_seen_in_beijing_chengdu_or_guangzhou
F004,F004,69658530000000001a032652,F004,shanghai_local_not_seen_in_beijing_chengdu_or_guangzhou
F004,F004,697766e50000000009039597,F004,shanghai_local_not_seen_in_beijing_chengdu_or_guangzhou
F004,F004,697dadd30000000022009d38,F004,shanghai_local_not_seen_in_beijing_chengdu_or_guangzhou
F004,F004,697fa376000000000b011945,F004,shanghai_local_not_seen_in_beijing_chengdu_or_guangzhou
F004,F004,698155d8000000000b00b0ff,F004,shanghai_local_not_seen_in_beijing_chengdu_or_guangzhou
F004,F004,69829df5000000001a033b7c,F004,shanghai_local_not_seen_in_beijing_chengdu_or_guangzhou
F004,F004,6982bc06000000001a01dfb9,F004,shanghai_local_not_seen_in_beijing_chengdu_or_guangzhou
F004,F004,6985f195000000000c0347df,F004,shanghai_local_not_seen_in_beijing_chengdu_or_guangzhou
F004,F004,698acff7000000001a0222d5,F004,shanghai_local_not_seen_in_beijing_chengdu_or_guangzhou
F004,F004,698fff15000000000e03db0d,F004,shanghai_local_not_seen_in_beijing_chengdu_or_guangzhou
F004,F004,699c7480000000001a023057,F004,shanghai_local_not_seen_in_beijing_chengdu_or_guangzhou
F004,F004,69a7affc000000001a02dec2,F004,shanghai_local_not_seen_in_beijing_chengdu_or_guangzhou
F004,F004,69aa0cb9000000001502151f,F004,shanghai_local_not_seen_in_beijing_chengdu_or_guangzhou
F004,F004,69c27dc20000000023012ace,F004,shanghai_local_not_seen_in_beijing_chengdu_or_guangzhou
F004,F004,69ca0df9000000001a02ac37,F004,shanghai_local_not_seen_in_beijing_chengdu_or_guangzhou
F004,F004,69cf25e4000000001a0279e5,F004,shanghai_local_not_seen_in_beijing_chengdu_or_guangzhou
F004,F004,69e89e1b000000002200d55e,F004,shanghai_local_not_seen_in_beijing_chengdu_or_guangzhou
F004,F004,69eadb430000000020003801,F004,shanghai_local_not_seen_in_beijing_chengdu_or_guangzhou
F004,F004,69eaeb7a000000001f030c05,F004,shanghai_local_not_seen_in_beijing_chengdu_or_guangzhou
F004,F004,69ebcd88000000003601ae0c,F004,shanghai_local_not_seen_in_beijing_chengdu_or_guangzhou
F004,F004,69ec0703000000001a02da27,F004,shanghai_local_not_seen_in_beijing_chengdu_or_guangzhou
F004,F004,69ec191800000000370371be,F004,shanghai_local_not_seen_in_beijing_chengdu_or_guangzhou
F004,F004,69ecc3690000000036000f7b,F004,shanghai_local_not_seen_in_beijing_chengdu_or_guangzhou
F004,F004,69ed6294000000001b0218ab,F004,shanghai_local_not_seen_in_beijing_chengdu_or_guangzhou
F004,F004,69ee3451000000001f005d70,F004,shanghai_local_not_seen_in_beijing_chengdu_or_guangzhou
F004,F004,69ef74a6000000003700cd73,F004,shanghai_local_not_seen_in_beijing_chengdu_or_guangzhou
F004,F004,69f015e5000000003502a1fc,F004,shanghai_local_not_seen_in_beijing_chengdu_or_guangzhou
F004,F004,69f0b429000000001b02186a,F004,shanghai_local_not_seen_in_beijing_chengdu_or_guangzhou
F004,F004,69f0e359000000001a034389,F004,shanghai_local_not_seen_in_beijing_chengdu_or_guangzhou
F004,F004,69f1c75b0000000035022e7b,F004,shanghai_local_not_seen_in_beijing_chengdu_or_guangzhou
F004,F004,69f1c9db000000003700e77a,F004,shanghai_local_not_seen_in_beijing_chengdu_or_guangzhou
F004,F004,69f20ae5000000002003ad58,F004,shanghai_local_not_seen_in_beijing_chengdu_or_guangzhou
F004,F004,69f221ea000000003601a959,F004,shanghai_local_not_seen_in_beijing_chengdu_or_guangzhou
F004,F004,69f2bb49000000003601dc23,F004,shanghai_local_not_seen_in_beijing_chengdu_or_guangzhou
F004,F004,69f3610a0000000022025d1f,F004,shanghai_local_not_seen_in_beijing_chengdu_or_guangzhou
F004,F004,69f4cb64000000001a0365e6,F004,shanghai_local_not_seen_in_beijing_chengdu_or_guangzhou
F004,F004,69f697ee000000002003b515,F004,shanghai_local_not_seen_in_beijing_chengdu_or_guangzhou
F004,F004,69f6ce2c000000003701d6bc,F004,shanghai_local_not_seen_in_beijing_chengdu_or_guangzhou
F004,F004,69fb240a000000001f002123,F004,shanghai_local_not_seen_in_beijing_chengdu_or_guangzhou
F004,F004,69fec9c700000000350227c0,F004,shanghai_local_not_seen_in_beijing_chengdu_or_guangzhou
F004,F004,6a0671d8000000003601d3cb,F004,shanghai_local_not_seen_in_beijing_chengdu_or_guangzhou
F004,F004,6a07d3f7000000003601f7ca,F004,shanghai_local_not_seen_in_beijing_chengdu_or_guangzhou
F004,F004,6a094633000000000702a445,F004,shanghai_local_not_seen_in_beijing_chengdu_or_guangzhou
F004,F004,6a098138000000003501ea53,F004,shanghai_local_not_seen_in_beijing_chengdu_or_guangzhou
F004,F004,6a0b1c160000000007022a70,F004,shanghai_local_not_seen_in_beijing_chengdu_or_guangzhou
F004,F004,6a1057230000000006022f42,F004,shanghai_local_not_seen_in_beijing_chengdu_or_guangzhou
F004,F004,6a156f25000000000702c143,F004,shanghai_local_not_seen_in_beijing_chengdu_or_guangzhou
F004,F004,6a17f4cf0000000037035a00,F004,shanghai_local_not_seen_in_beijing_chengdu_or_guangzhou
F004,F004,6a18151600000000370366da,F004,shanghai_local_not_seen_in_beijing_chengdu_or_guangzhou
F004,F004,6a18631f00000000070256dd,F004,shanghai_local_not_seen_in_beijing_chengdu_or_guangzhou
F004,F004,6a1a8a2d00000000070214fc,F004,shanghai_local_not_seen_in_beijing_chengdu_or_guangzhou
F004,F004,6a211a0d0000000035024b3f,F004,shanghai_local_not_seen_in_beijing_chengdu_or_guangzhou
F004,F004,6a23a4d0000000003501cbb4,F004,shanghai_local_not_seen_in_beijing_chengdu_or_guangzhou
F004,F004,6a243fbe000000003503abe4,F004,shanghai_local_not_seen_in_beijing_chengdu_or_guangzhou
F004,F004,6a28c4460000000022028e35,F004,shanghai_local_not_seen_in_beijing_chengdu_or_guangzhou
F004,F004,6a29504f0000000035023ab2,F004,shanghai_local_not_seen_in_beijing_chengdu_or_guangzhou
F004,F004,6a2b8f29000000000702c58d,F004,shanghai_local_not_seen_in_beijing_chengdu_or_guangzhou
F004,F004,6a2c09e800000000160273e5,F004,shanghai_local_not_seen_in_beijing_chengdu_or_guangzhou
F004,F004,6a2f697b0000000016027f15,F004,shanghai_local_not_seen_in_beijing_chengdu_or_guangzhou
F004,F004,6a2fa20f000000000f033691,F004,shanghai_local_not_seen_in_beijing_chengdu_or_guangzhou
F004,F004,6a35f60100000000160251e0,F004,shanghai_local_not_seen_in_beijing_chengdu_or_guangzhou
F004,F004,6a36b0160000000007029cdd,F004,shanghai_local_not_seen_in_beijing_chengdu_or_guangzhou
F004,F004,6a37d654000000002100898a,F004,shanghai_local_not_seen_in_beijing_chengdu_or_guangzhou
F004,F004,6a38c6c6000000001700926d,F004,shanghai_local_not_seen_in_beijing_chengdu_or_guangzhou
F004,F004,6a3df4da000000000f01ebd8,F004,shanghai_local_not_seen_in_beijing_chengdu_or_guangzhou
F004,F004,6a3f46a0000000000800159e,F004,shanghai_local_not_seen_in_beijing_chengdu_or_guangzhou
F004,F004,6a3fa6170000000008033658,F004,shanghai_local_not_seen_in_beijing_chengdu_or_guangzhou
F004,F004,6a3fbd430000000021021713,F004,shanghai_local_not_seen_in_beijing_chengdu_or_guangzhou
F004,F004,6a43aa0f0000000008003224,F004,shanghai_local_not_seen_in_beijing_chengdu_or_guangzhou
F004,F004,6a43e9080000000007021d22,F004,shanghai_local_not_seen_in_beijing_chengdu_or_guangzhou
F004,F004,6a4607ea00000000070286dd,F004,shanghai_local_not_seen_in_beijing_chengdu_or_guangzhou
F004,F004,6a465b9e0000000015026928,F004,shanghai_local_not_seen_in_beijing_chengdu_or_guangzhou
F004,F004,6a4a822f000000000f0314b5,F004,shanghai_local_not_seen_in_beijing_chengdu_or_guangzhou
F004,F004,6a4dcf0a00000000210179ff,F004,shanghai_local_not_seen_in_beijing_chengdu_or_guangzhou
F004,F004,6a522c1a0000000022017981,F004,shanghai_local_not_seen_in_beijing_chengdu_or_guangzhou
F004,F004,6a526826000000001503cc46,F004,shanghai_local_not_seen_in_beijing_chengdu_or_guangzhou
F004,F004,6a53afc700000000110045e2,F004,shanghai_local_not_seen_in_beijing_chengdu_or_guangzhou
F004,F004,6a55c7640000000006036c57,F004,shanghai_local_not_seen_in_beijing_chengdu_or_guangzhou
F004,F004,6a579e84000000002101a9c4,F004,shanghai_local_not_seen_in_beijing_chengdu_or_guangzhou
F004,F004,6a603c41000000000503928e,F004,shanghai_local_not_seen_in_beijing_chengdu_or_guangzhou
F004,F004,6a6082840000000006012a2c,F004,shanghai_local_not_seen_in_beijing_chengdu_or_guangzhou
F004,F004,6a61e87a000000000503ab67,F004,shanghai_local_not_seen_in_beijing_chengdu_or_guangzhou
F004,F004,6a637962000000001d0206c6,F004,shanghai_local_not_seen_in_beijing_chengdu_or_guangzhou
F004,F004,6a670def000000000f007ebb,F004,shanghai_local_not_seen_in_beijing_chengdu_or_guangzhou
F004,F004,6a67711e000000001b01e5c0,F004,shanghai_local_not_seen_in_beijing_chengdu_or_guangzhou
F004,F004,6a6773d4000000001d020cc7,F004,shanghai_local_not_seen_in_beijing_chengdu_or_guangzhou
F004,F004,6a69da79000000000a0386aa,F004,shanghai_local_not_seen_in_beijing_chengdu_or_guangzhou
F004,F004,6a6b6dd600000000050316fc,F004,shanghai_local_not_seen_in_beijing_chengdu_or_guangzhou
F004,F004,6a6c1d6a000000003400fa42,F004,shanghai_local_not_seen_in_beijing_chengdu_or_guangzhou
F004,F004,6a6c3767000000002402e2af,F004,shanghai_local_not_seen_in_beijing_chengdu_or_guangzhou
F004,F004,6a6c38eb000000002701ea2d,F004,shanghai_local_not_seen_in_beijing_chengdu_or_guangzhou
F004,F004,6a6c3ae000000000240244a0,F004,shanghai_local_not_seen_in_beijing_chengdu_or_guangzhou
F004,F004,6a6c3b6400000000320332f6,F004,shanghai_local_not_seen_in_beijing_chengdu_or_guangzhou
F004,F004,6a6c3fe10000000028006ded,F004,shanghai_local_not_seen_in_beijing_chengdu_or_guangzhou
F004,F004,6a6c409e0000000025010b24,F004,shanghai_local_not_seen_in_beijing_chengdu_or_guangzhou
F004,F004,6a6c41bf000000002500f1db,F004,shanghai_local_not_seen_in_beijing_chengdu_or_guangzhou
F004,F004,6a6c436000000000320313ed,F004,shanghai_local_not_seen_in_beijing_chengdu_or_guangzhou
F004,F004,6a6c43e90000000006007773,F004,shanghai_local_not_seen_in_beijing_chengdu_or_guangzhou
F004,F004,6a6c47fb0000000028031c11,F004,shanghai_local_not_seen_in_beijing_chengdu_or_guangzhou
F004,F004,6a6c4d970000000008010574,F004,shanghai_local_not_seen_in_beijing_chengdu_or_guangzhou
F004,F004,6a6c526a000000002702022a,F004,shanghai_local_not_seen_in_beijing_chengdu_or_guangzhou
F004,F004,6a6c547e0000000033037b66,F004,shanghai_local_not_seen_in_beijing_chengdu_or_guangzhou
F004,F004,6a6c5748000000003302ca7f,F004,shanghai_local_not_seen_in_beijing_chengdu_or_guangzhou
F004,F004,6a6c598f000000000503250d,F004,shanghai_local_not_seen_in_beijing_chengdu_or_guangzhou
F004,F004,6a6c5d6b0000000028005dad,F004,shanghai_local_not_seen_in_beijing_chengdu_or_guangzhou
F004,F004,6a6c65290000000025011a59,F004,shanghai_local_not_seen_in_beijing_chengdu_or_guangzhou
F004,F004,6a6c729800000000250111b5,F004,shanghai_local_not_seen_in_beijing_chengdu_or_guangzhou
F004,F004,6a6c7328000000003300eb02,F004,shanghai_local_not_seen_in_beijing_chengdu_or_guangzhou
F004,F004,6a6c9334000000002702186e,F004,shanghai_local_not_seen_in_beijing_chengdu_or_guangzhou
F004,F004,6a6ca01f00000000320226f7,F004,shanghai_local_not_seen_in_beijing_chengdu_or_guangzhou
F004,F004,6a6ca4f10000000026037db8,F004,shanghai_local_not_seen_in_beijing_chengdu_or_guangzhou
F004,F004,6a6cb7620000000008011970,F004,shanghai_local_not_seen_in_beijing_chengdu_or_guangzhou
F004,F004,6a6ccee300000000060040dd,F004,shanghai_local_not_seen_in_beijing_chengdu_or_guangzhou
F004,F004,6a6ce94e000000002500fa19,F004,shanghai_local_not_seen_in_beijing_chengdu_or_guangzhou
F004,F004,6a6d45fb0000000025004aca,F004,shanghai_local_not_seen_in_beijing_chengdu_or_guangzhou
F004,F004,6a6d5e19000000000801157d,F004,shanghai_local_not_seen_in_beijing_chengdu_or_guangzhou
F004,F004,6a6d5e9b000000002701cbe4,F004,shanghai_local_not_seen_in_beijing_chengdu_or_guangzhou
F004,F004,6a6d6e2c0000000025005fd0,F004,shanghai_local_not_seen_in_beijing_chengdu_or_guangzhou
F004,F004,6a6d7e04000000002c002b9d,F004,shanghai_local_not_seen_in_beijing_chengdu_or_guangzhou
F004,F004,6a6de792000000002c004e7c,F004,shanghai_local_not_seen_in_beijing_chengdu_or_guangzhou
F004,F004,6a6dffdc000000003300b657,F004,shanghai_local_not_seen_in_beijing_chengdu_or_guangzhou
F004,F004,6a6e18c40000000033035ba4,F004,shanghai_local_not_seen_in_beijing_chengdu_or_guangzhou
F004,F004,6a6e23ea000000002202f40f,F004,shanghai_local_not_seen_in_beijing_chengdu_or_guangzhou
F004,F004,6a6e9cf1000000003302c8f6,F004,shanghai_local_not_seen_in_beijing_chengdu_or_guangzhou
F004,F004,6a6eb4090000000005022d78,F004,shanghai_local_not_seen_in_beijing_chengdu_or_guangzhou
F004,F004,6a6f1e99000000003302de78,F004,shanghai_local_not_seen_in_beijing_chengdu_or_guangzhou
F004,F004,6a6f3e46000000002203225b,F004,shanghai_local_not_seen_in_beijing_chengdu_or_guangzhou
F004,F004,6a6fff6d000000002201037b,F004,shanghai_local_not_seen_in_beijing_chengdu_or_guangzhou
F004,F004,6a70274f00000000330093d6,F004,shanghai_local_not_seen_in_beijing_chengdu_or_guangzhou
F004,F004,6a703c0f00000000320310b4,F004,shanghai_local_not_seen_in_beijing_chengdu_or_guangzhou
F004,F004,6a70711c0000000005031a63,F004,shanghai_local_not_seen_in_beijing_chengdu_or_guangzhou
F004,F004,6a712e9f000000002500201d,F004,shanghai_local_not_seen_in_beijing_chengdu_or_guangzhou
F004,F004,6a7154d8000000003300d19a,F004,shanghai_local_not_seen_in_beijing_chengdu_or_guangzhou
F004,F004,6a71a4b80000000033030264,F004,shanghai_local_not_seen_in_beijing_chengdu_or_guangzhou
F004,F004,6a71a79e000000003501721d,F004,shanghai_local_not_seen_in_beijing_chengdu_or_guangzhou
F004,F004,6a71b7c00000000025011a98,F004,shanghai_local_not_seen_in_beijing_chengdu_or_guangzhou
F004,F004,6a71be5d00000000050316b7,F004,shanghai_local_not_seen_in_beijing_chengdu_or_guangzhou
F004,F004,6a71c55600000000330372ff,F004,shanghai_local_not_seen_in_beijing_chengdu_or_guangzhou
F004,F004,6a721683000000003301f657,F004,shanghai_local_not_seen_in_beijing_chengdu_or_guangzhou
F004,F004,6a722a4d00000000330187af,F004,shanghai_local_not_seen_in_beijing_chengdu_or_guangzhou
F004,F004,6a72ce6d000000002202db06,F004,shanghai_local_not_seen_in_beijing_chengdu_or_guangzhou
F004,F004,6a7307a40000000025007c31,F004,shanghai_local_not_seen_in_beijing_chengdu_or_guangzhou
F004,F004,6a730d440000000028031573,F004,shanghai_local_not_seen_in_beijing_chengdu_or_guangzhou
F004,F004,6a7333b200000000050208ef,F004,shanghai_local_not_seen_in_beijing_chengdu_or_guangzhou
F004,F004,6a734b4c000000003301edd8,F004,shanghai_local_not_seen_in_beijing_chengdu_or_guangzhou
F004,F004,6a734ee00000000005028fa6,F004,shanghai_local_not_seen_in_beijing_chengdu_or_guangzhou
F004,F004,6a7350f30000000025006a96,F004,shanghai_local_not_seen_in_beijing_chengdu_or_guangzhou
F004,F004,6a73d49800000000280301af,F004,shanghai_local_not_seen_in_beijing_chengdu_or_guangzhou
F004,F004,6a74979f0000000029033135,F004,shanghai_local_not_seen_in_beijing_chengdu_or_guangzhou
F004,F004,6a74b8c40000000028002172,F004,shanghai_local_not_seen_in_beijing_chengdu_or_guangzhou
F004,F004,6a7511d400000000080110f9,F004,shanghai_local_not_seen_in_beijing_chengdu_or_guangzhou
F004,F004,6a75487800000000280091b1,F004,shanghai_local_not_seen_in_beijing_chengdu_or_guangzhou
F004,F004,6a7577860000000028033cb1,F004,shanghai_local_not_seen_in_beijing_chengdu_or_guangzhou
F004,F004,6a758b7900000000320224be,F004,shanghai_local_not_seen_in_beijing_chengdu_or_guangzhou
F004,F004,6a7592300000000025017dff,F004,shanghai_local_not_seen_in_beijing_chengdu_or_guangzhou
F004,F004,6a759bf50000000022033893,F004,shanghai_local_not_seen_in_beijing_chengdu_or_guangzhou
F004,F004,6a76e7d3000000002202eb11,F004,shanghai_local_not_seen_in_beijing_chengdu_or_guangzhou
F004,F004,6a76e85b00000000320202fe,F004,shanghai_local_not_seen_in_beijing_chengdu_or_guangzhou
F004,F004,6a773b17000000000502a751,F004,shanghai_local_not_seen_in_beijing_chengdu_or_guangzhou
F004,F004,6a77c32d000000002800646c,F004,shanghai_local_not_seen_in_beijing_chengdu_or_guangzhou
F004,F004,6a78a77c000000002201010a,F004,shanghai_local_not_seen_in_beijing_chengdu_or_guangzhou
F004,F004,6a78fa10000000002403dc16,F004,shanghai_local_not_seen_in_beijing_chengdu_or_guangzhou
F004,F004,6a79647c0000000008012110,F004,shanghai_local_not_seen_in_beijing_chengdu_or_guangzhou
F004,F004,6a7a0837000000003301a513,F004,shanghai_local_not_seen_in_beijing_chengdu_or_guangzhou
F004,F004,6a7aef610000000024025b6c,F004,shanghai_local_not_seen_in_beijing_chengdu_or_guangzhou
F004,F004,6a7af7e8000000002402ca52,F004,shanghai_local_not_seen_in_beijing_chengdu_or_guangzhou
F004,F004,6a7b166500000000050321ed,F004,shanghai_local_not_seen_in_beijing_chengdu_or_guangzhou
F004,F004,6a7b26fa00000000280304da,F004,shanghai_local_not_seen_in_beijing_chengdu_or_guangzhou
F004,F004,6a7b70580000000006006067,F004,shanghai_local_not_seen_in_beijing_chengdu_or_guangzhou
F004,F004,6a7ca0a60000000005022395,F004,shanghai_local_not_seen_in_beijing_chengdu_or_guangzhou
F004,F004,6a7cb7ec000000002403f3bf,F004,shanghai_local_not_seen_in_beijing_chengdu_or_guangzhou
F004,F004,6a7ceaa300000000080133fe,F004,shanghai_local_not_seen_in_beijing_chengdu_or_guangzhou
F004,F004,6a7d0d1f0000000022012c1e,F004,shanghai_local_not_seen_in_beijing_chengdu_or_guangzhou
F004,F004,6a7d67ab0000000025015ca9,F004,shanghai_local_not_seen_in_beijing_chengdu_or_guangzhou
F004,F004,6a7d719e000000003300d2af,F004,shanghai_local_not_seen_in_beijing_chengdu_or_guangzhou
F004,F004,6a7d749900000000050329b0,F004,shanghai_local_not_seen_in_beijing_chengdu_or_guangzhou
F004,F004,6a7d90050000000005033abe,F004,shanghai_local_not_seen_in_beijing_chengdu_or_guangzhou
F004,F004,6a7dcb810000000022030454,F004,shanghai_local_not_seen_in_beijing_chengdu_or_guangzhou
F004,F004,6a7e50a3000000002500468c,F004,shanghai_local_not_seen_in_beijing_chengdu_or_guangzhou
F004,F004,6a7ebf0900000000250052ca,F004,shanghai_local_not_seen_in_beijing_chengdu_or_guangzhou
F004,F004,6a7ec1970000000028001185,F004,shanghai_local_not_seen_in_beijing_chengdu_or_guangzhou
F004,F004,6a7eea89000000002402e2f2,F004,shanghai_local_not_seen_in_beijing_chengdu_or_guangzhou
F004,F004,6a7f057a000000002402db5c,F004,shanghai_local_not_seen_in_beijing_chengdu_or_guangzhou
F004,F004,6a7f204c000000000502ba59,F004,shanghai_local_not_seen_in_beijing_chengdu_or_guangzhou
F004,F004,6a7fc92600000000330091f3,F004,shanghai_local_not_seen_in_beijing_chengdu_or_guangzhou
F004,F004,6a802fec00000000050293d8,F004,shanghai_local_not_seen_in_beijing_chengdu_or_guangzhou
F004,F004,6a805a34000000002202ec58,F004,shanghai_local_not_seen_in_beijing_chengdu_or_guangzhou
F004,F004,6a813298000000002402f676,F004,shanghai_local_not_seen_in_beijing_chengdu_or_guangzhou
F004,F004,6a818ab10000000022017c4c,F004,shanghai_local_not_seen_in_beijing_chengdu_or_guangzhou
F004,F004,6a827d4f0000000032022a91,F004,shanghai_local_not_seen_in_beijing_chengdu_or_guangzhou
F004,F004,6a82f752000000002403fd40,F004,shanghai_local_not_seen_in_beijing_chengdu_or_guangzhou
F004,F004,6a830a38000000001202955d,F004,shanghai_local_not_seen_in_beijing_chengdu_or_guangzhou
F004,F004,6a833e850000000022032035,F004,shanghai_local_not_seen_in_beijing_chengdu_or_guangzhou
F004,F004,6a83c0320000000025007ac7,F004,shanghai_local_not_seen_in_beijing_chengdu_or_guangzhou
F004,F004,6a83c34b0000000032032393,F004,shanghai_local_not_seen_in_beijing_chengdu_or_guangzhou
F004,F004,6a84222a00000000080113e5,F004,shanghai_local_not_seen_in_beijing_chengdu_or_guangzhou
F004,F004,6a843c64000000002500091c,F004,shanghai_local_not_seen_in_beijing_chengdu_or_guangzhou
F004,F004,6a84590d000000002c0069ec,F004,shanghai_local_not_seen_in_beijing_chengdu_or_guangzhou
F004,F004,6a845aaa000000002202dcc9,F004,shanghai_local_not_seen_in_beijing_chengdu_or_guangzhou
F004,F004,6a846ea70000000035014dcd,F004,shanghai_local_not_seen_in_beijing_chengdu_or_guangzhou
F004,F004,6a8538750000000022032440,F004,shanghai_local_not_seen_in_beijing_chengdu_or_guangzhou
F004,F004,6a855e0f0000000028003216,F004,shanghai_local_not_seen_in_beijing_chengdu_or_guangzhou
F004,F004,6a85acf5000000000c033c00,F004,shanghai_local_not_seen_in_beijing_chengdu_or_guangzhou
F004,F004,6a863d37000000001c00ad44,F004,shanghai_local_not_seen_in_beijing_chengdu_or_guangzhou
F004,F004,6a86b442000000002202c85b,F004,shanghai_local_not_seen_in_beijing_chengdu_or_guangzhou
F004,F004,6a870bf700000000060078ca,F004,shanghai_local_not_seen_in_beijing_chengdu_or_guangzhou
F004,F004,6a87b4080000000023002027,F004,shanghai_local_not_seen_in_beijing_chengdu_or_guangzhou
F004,F004,6a881545000000003400a024,F004,shanghai_local_not_seen_in_beijing_chengdu_or_guangzhou
F004,F004,6a8816e8000000001d01ff89,F004,shanghai_local_not_seen_in_beijing_chengdu_or_guangzhou
F004,F004,6a881a5e000000001700ba8d,F004,shanghai_local_not_seen_in_beijing_chengdu_or_guangzhou
F004,F004,6a881bce0000000021008079,F004,shanghai_local_not_seen_in_beijing_chengdu_or_guangzhou
F004,F004,6a881bd80000000025001507,F004,shanghai_local_not_seen_in_beijing_chengdu_or_guangzhou
F004,F004,6a881e70000000001b02a340,F004,shanghai_local_not_seen_in_beijing_chengdu_or_guangzhou
F004,F004,6a882102000000002301356b,F004,shanghai_local_not_seen_in_beijing_chengdu_or_guangzhou
F004,F004,6a88248000000000250062ae,F004,shanghai_local_not_seen_in_beijing_chengdu_or_guangzhou
F004,F004,6a882659000000001801bc0e,F004,shanghai_local_not_seen_in_beijing_chengdu_or_guangzhou
F004,F004,6a8827af000000001602aa91,F004,shanghai_local_not_seen_in_beijing_chengdu_or_guangzhou
F004,F004,6a8828ee000000002802b26b,F004,shanghai_local_not_seen_in_beijing_chengdu_or_guangzhou
F004,F004,6a882b8b00000000080124bf,F004,shanghai_local_not_seen_in_beijing_chengdu_or_guangzhou
F004,F004,6a882c34000000002a03382b,F004,shanghai_local_not_seen_in_beijing_chengdu_or_guangzhou
F004,F004,6a882f0f0000000028009343,F004,shanghai_local_not_seen_in_beijing_chengdu_or_guangzhou
F004,F004,6a88320f000000000902c930,F004,shanghai_local_not_seen_in_beijing_chengdu_or_guangzhou
F004,F004,6a884411000000003302196d,F004,shanghai_local_not_seen_in_beijing_chengdu_or_guangzhou
F004,F004,6a884f2a000000000902f4f7,F004,shanghai_local_not_seen_in_beijing_chengdu_or_guangzhou
F004,F004,6a8852c6000000002202f921,F004,shanghai_local_not_seen_in_beijing_chengdu_or_guangzhou
F004,F004,6a88536000000000160095b6,F004,shanghai_local_not_seen_in_beijing_chengdu_or_guangzhou
F004,F004,6a885661000000003703deec,F004,shanghai_local_not_seen_in_beijing_chengdu_or_guangzhou
F004,F004,6a8856a2000000003300ea5f,F004,shanghai_local_not_seen_in_beijing_chengdu_or_guangzhou
F004,F004,6a885735000000003301b134,F004,shanghai_local_not_seen_in_beijing_chengdu_or_guangzhou
F004,F004,6a885e9d000000002202e7b8,F004,shanghai_local_not_seen_in_beijing_chengdu_or_guangzhou
F004,F004,6a886246000000001700346a,F004,shanghai_local_not_seen_in_beijing_chengdu_or_guangzhou
F004,F004,6a8867ba0000000016023ae6,F004,shanghai_local_not_seen_in_beijing_chengdu_or_guangzhou
F004,F004,6a886914000000003a020ec5,F004,shanghai_local_not_seen_in_beijing_chengdu_or_guangzhou
F004,F004,6a886b9f0000000029027c53,F004,shanghai_local_not_seen_in_beijing_chengdu_or_guangzhou
F004,F004,6a887b0c000000003003e661,F004,shanghai_local_not_seen_in_beijing_chengdu_or_guangzhou
F004,F004,6a887be80000000028003f31,F004,shanghai_local_not_seen_in_beijing_chengdu_or_guangzhou
F004,F004,6a887c0a0000000029019257,F004,shanghai_local_not_seen_in_beijing_chengdu_or_guangzhou
F004,F004,6a8889af000000002b001b3b,F004,shanghai_local_not_seen_in_beijing_chengdu_or_guangzhou
F004,F004,6a88ff540000000023010e9d,F004,shanghai_local_not_seen_in_beijing_chengdu_or_guangzhou
F004,F004,6a8903480000000008012f78,F004,shanghai_local_not_seen_in_beijing_chengdu_or_guangzhou
F004,F004,6a89235d0000000028022c85,F004,shanghai_local_not_seen_in_beijing_chengdu_or_guangzhou
F004,F004,6a892d0c0000000023013239,F004,shanghai_local_not_seen_in_beijing_chengdu_or_guangzhou
F004,F004,6a8930a1000000001801af8c,F004,shanghai_local_not_seen_in_beijing_chengdu_or_guangzhou
F004,F004,6a895b900000000018018577,F004,shanghai_local_not_seen_in_beijing_chengdu_or_guangzhou
F004,F004,6a89be5e000000002800b0ac,F004,shanghai_local_not_seen_in_beijing_chengdu_or_guangzhou
F004,F004,6a89becd000000001402590d,F004,shanghai_local_not_seen_in_beijing_chengdu_or_guangzhou
F004,F004,6a8a079b000000003301b987,F004,shanghai_local_not_seen_in_beijing_chengdu_or_guangzhou
F004,F004,6a8a587300000000330285b2,F004,shanghai_local_not_seen_in_beijing_chengdu_or_guangzhou
F004,F004,6a8a833700000000290187b7,F004,shanghai_local_not_seen_in_beijing_chengdu_or_guangzhou
F004,F004,6a8a877c000000002202c82c,F004,shanghai_local_not_seen_in_beijing_chengdu_or_guangzhou
F004,F004,6a8a9d560000000033012532,F004,shanghai_local_not_seen_in_beijing_chengdu_or_guangzhou
F004,F004,6a8b9c270000000028001555,F004,shanghai_local_not_seen_in_beijing_chengdu_or_guangzhou
F004,F004,6a8bae1b000000001602169c,F004,shanghai_local_not_seen_in_beijing_chengdu_or_guangzhou
F004,F004,6a8c39b6000000000902ea19,F004,shanghai_local_not_seen_in_beijing_chengdu_or_guangzhou
F004,F004,6a8d6225000000002a00761a,F004,shanghai_local_not_seen_in_beijing_chengdu_or_guangzhou
F004,F004,6a8d70f8000000002501bfaa,F004,shanghai_local_not_seen_in_beijing_chengdu_or_guangzhou
F004,F004,6a8db7d10000000024007ea4,F004,shanghai_local_not_seen_in_beijing_chengdu_or_guangzhou
F004,F004,6a8dba830000000020031b2f,F004,shanghai_local_not_seen_in_beijing_chengdu_or_guangzhou
F004,F004,6a8ec93c000000001803e446,F004,shanghai_local_not_seen_in_beijing_chengdu_or_guangzhou
F004,F004,6a8efc1700000000260342eb,F004,shanghai_local_not_seen_in_beijing_chengdu_or_guangzhou
F004,F004,6a8efed9000000002303d3da,F004,shanghai_local_not_seen_in_beijing_chengdu_or_guangzhou
F004,F004,6a8f1ad7000000000502833a,F004,shanghai_local_not_seen_in_beijing_chengdu_or_guangzhou
F004,F004,6a8f9243000000001f00677a,F004,shanghai_local_not_seen_in_beijing_chengdu_or_guangzhou
F004,F004,6a8fa028000000000801293e,F004,shanghai_local_not_seen_in_beijing_chengdu_or_guangzhou
F004,F004,6a8fe0c9000000002003419e,F004,shanghai_local_not_seen_in_beijing_chengdu_or_guangzhou
F004,F004,6a910550000000000502a98f,F004,shanghai_local_not_seen_in_beijing_chengdu_or_guangzhou
F004,F004,6a9109b3000000001803d9e6,F004,shanghai_local_not_seen_in_beijing_chengdu_or_guangzhou
F004,F004,6a927f62000000001f01e5d2,F004,shanghai_local_not_seen_in_beijing_chengdu_or_guangzhou
F004,F004,6a92ceb40000000020039ca4,F004,shanghai_local_not_seen_in_beijing_chengdu_or_guangzhou
F004,F004,6a92eea1000000002902973e,F004,shanghai_local_not_seen_in_beijing_chengdu_or_guangzhou
F004,F004,6a941dbe0000000026005ed2,F004,shanghai_local_not_seen_in_beijing_chengdu_or_guangzhou
F004,F004,6a9446850000000020038371,F004,shanghai_local_not_seen_in_beijing_chengdu_or_guangzhou
F004,F004,6a950ae1000000002a03bf4f,F004,shanghai_local_not_seen_in_beijing_chengdu_or_guangzhou
F004,F004,6a951b6500000000250259d4,F004,shanghai_local_not_seen_in_beijing_chengdu_or_guangzhou
F004,F004,6a953b08000000002102773f,F004,shanghai_local_not_seen_in_beijing_chengdu_or_guangzhou
F004,F004,6a959a1d000000001203c18c,F004,shanghai_local_not_seen_in_beijing_chengdu_or_guangzhou
F004,F004,6a96264b00000000260149c6,F004,shanghai_local_not_seen_in_beijing_chengdu_or_guangzhou
F004,F004,6a97a023000000002502c551,F004,shanghai_local_not_seen_in_beijing_chengdu_or_guangzhou
F004,F004,6a97bfef0000000027014538,F004,shanghai_local_not_seen_in_beijing_chengdu_or_guangzhou
F004,F004,6a97cfb1000000002902d297,F004,shanghai_local_not_seen_in_beijing_chengdu_or_guangzhou
F004,F004,6a97d942000000002a02e575,F004,shanghai_local_not_seen_in_beijing_chengdu_or_guangzhou
F004,F004,6a97f70700000000260214c2,F004,shanghai_local_not_seen_in_beijing_chengdu_or_guangzhou
F004,F004,6a98d49200000000260191a5,F004,shanghai_local_not_seen_in_beijing_chengdu_or_guangzhou
F004,F004,6a9953e3000000001203e9a3,F004,shanghai_local_not_seen_in_beijing_chengdu_or_guangzhou
F004,F004,6a99756a000000002502c61f,F004,shanghai_local_not_seen_in_beijing_chengdu_or_guangzhou
F004,F004,6a9a0e49000000002802fca1,F004,shanghai_local_not_seen_in_beijing_chengdu_or_guangzhou
F004,F004,6a9a17c80000000012026b5e,F004,shanghai_local_not_seen_in_beijing_chengdu_or_guangzhou
F004,F004,6a9ae4c00000000029011773,F004,shanghai_local_not_seen_in_beijing_chengdu_or_guangzhou
F004,F004,6a9b0942000000002601a9ee,F004,shanghai_local_not_seen_in_beijing_chengdu_or_guangzhou
F004,F004,6a9c2b85000000002900c379,F004,shanghai_local_not_seen_in_beijing_chengdu_or_guangzhou
F004,F004,6a9c5daf000000002b0253f1,F004,shanghai_local_not_seen_in_beijing_chengdu_or_guangzhou
F004,F004,6a9e66fb0000000028000b02,F004,shanghai_local_not_seen_in_beijing_chengdu_or_guangzhou
F004,F004,6a9e75750000000026022eb6,F004,shanghai_local_not_seen_in_beijing_chengdu_or_guangzhou
F004,F004,6a9f7db200000000260221fa,F004,shanghai_local_not_seen_in_beijing_chengdu_or_guangzhou
F004,F004,6a9fc4310000000028001645,F004,shanghai_local_not_seen_in_beijing_chengdu_or_guangzhou
F004,F004,6a9fcbb90000000026038e98,F004,shanghai_local_not_seen_in_beijing_chengdu_or_guangzhou
F004,F004,6aa03699000000001103af4d,F004,shanghai_local_not_seen_in_beijing_chengdu_or_guangzhou
F004,F004,6aa03f1d00000000110350d8,F004,shanghai_local_not_seen_in_beijing_chengdu_or_guangzhou
F004,F004,6aa0481b00000000280394a3,F004,shanghai_local_not_seen_in_beijing_chengdu_or_guangzhou
F004,F004,6aa0804000000000290163f0,F004,shanghai_local_not_seen_in_beijing_chengdu_or_guangzhou
F004,F004,6aa0b0b8000000002901a020,F004,shanghai_local_not_seen_in_beijing_chengdu_or_guangzhou
F004,F004,6aa0b273000000002502f26c,F004,shanghai_local_not_seen_in_beijing_chengdu_or_guangzhou
F004,F004,6aa0b6880000000012035e68,F004,shanghai_local_not_seen_in_beijing_chengdu_or_guangzhou
F004,F004,6aa0b9ca000000002b0113e2,F004,shanghai_local_not_seen_in_beijing_chengdu_or_guangzhou
F004,F004,6aa0ba09000000002803321d,F004,shanghai_local_not_seen_in_beijing_chengdu_or_guangzhou
F004,F004,6aa0c77c000000002a027059,F004,shanghai_local_not_seen_in_beijing_chengdu_or_guangzhou
F004,F004,6aa0c97d000000001001f4cf,F004,shanghai_local_not_seen_in_beijing_chengdu_or_guangzhou
F004,F004,6aa0ceaa000000000d024ae1,F004,shanghai_local_not_seen_in_beijing_chengdu_or_guangzhou
F004,F004,6aa0cef9000000002900cb91,F004,shanghai_local_not_seen_in_beijing_chengdu_or_guangzhou
F004,F004,6aa0d03900000000120373be,F004,shanghai_local_not_seen_in_beijing_chengdu_or_guangzhou
F004,F004,6aa0d51d000000001203d46e,F004,shanghai_local_not_seen_in_beijing_chengdu_or_guangzhou
F004,F004,6aa0dad00000000029014439,F004,shanghai_local_not_seen_in_beijing_chengdu_or_guangzhou
F004,F004,6aa0db640000000025036bf8,F004,shanghai_local_not_seen_in_beijing_chengdu_or_guangzhou
F004,F004,6aa0ddc30000000025037845,F004,shanghai_local_not_seen_in_beijing_chengdu_or_guangzhou
F004,F004,6aa0f0890000000012035907,F004,shanghai_local_not_seen_in_beijing_chengdu_or_guangzhou
F004,F004,6aa0f3300000000011039c42,F004,shanghai_local_not_seen_in_beijing_chengdu_or_guangzhou
F004,F004,6aa0f480000000000b00fdde,F004,shanghai_local_not_seen_in_beijing_chengdu_or_guangzhou
F004,F004,6aa0f5ba0000000028031c43,F004,shanghai_local_not_seen_in_beijing_chengdu_or_guangzhou
F004,F004,6aa0f67b000000002902e448,F004,shanghai_local_not_seen_in_beijing_chengdu_or_guangzhou
F004,F004,6aa106ea000000002600a929,F004,shanghai_local_not_seen_in_beijing_chengdu_or_guangzhou
F004,F004,6aa10780000000000b03442b,F004,shanghai_local_not_seen_in_beijing_chengdu_or_guangzhou
F004,F004,6aa10f49000000001001f277,F004,shanghai_local_not_seen_in_beijing_chengdu_or_guangzhou
F004,F004,6aa1101c000000002502e9c2,F004,shanghai_local_not_seen_in_beijing_chengdu_or_guangzhou
F004,F004,6aa1105c000000002b01f23b,F004,shanghai_local_not_seen_in_beijing_chengdu_or_guangzhou
F004,F004,6aa111b10000000027015a24,F004,shanghai_local_not_seen_in_beijing_chengdu_or_guangzhou
F004,F004,6aa11263000000001203de3f,F004,shanghai_local_not_seen_in_beijing_chengdu_or_guangzhou
F004,F004,6aa11c25000000002601d3cc,F004,shanghai_local_not_seen_in_beijing_chengdu_or_guangzhou
F004,F004,6aa12798000000001203f194,F004,shanghai_local_not_seen_in_beijing_chengdu_or_guangzhou
F004,F004,6aa127e6000000002800163a,F004,shanghai_local_not_seen_in_beijing_chengdu_or_guangzhou
F004,F004,6aa12936000000002602044a,F004,shanghai_local_not_seen_in_beijing_chengdu_or_guangzhou
F004,F004,6aa13eeb000000001001e2e5,F004,shanghai_local_not_seen_in_beijing_chengdu_or_guangzhou
F004,F004,6aa13f6f000000002b002f17,F004,shanghai_local_not_seen_in_beijing_chengdu_or_guangzhou
F004,F004,6aa141fd000000002802a194,F004,shanghai_local_not_seen_in_beijing_chengdu_or_guangzhou
F004,F004,6aa14205000000002603365e,F004,shanghai_local_not_seen_in_beijing_chengdu_or_guangzhou
F004,F004,6aa1459a00000000290150a8,F004,shanghai_local_not_seen_in_beijing_chengdu_or_guangzhou
F004,F004,6aa1473e000000002803a2ec,F004,shanghai_local_not_seen_in_beijing_chengdu_or_guangzhou
F004,F004,6aa147a4000000001001d568,F004,shanghai_local_not_seen_in_beijing_chengdu_or_guangzhou
F004,F004,6aa14cc4000000000b00dc98,F004,shanghai_local_not_seen_in_beijing_chengdu_or_guangzhou
F004,F004,6aa159be000000001001c30c,F004,shanghai_local_not_seen_in_beijing_chengdu_or_guangzhou
F004,F004,6aa15cd7000000002a007bac,F004,shanghai_local_not_seen_in_beijing_chengdu_or_guangzhou
F004,F004,6aa161f90000000028002e1a,F004,shanghai_local_not_seen_in_beijing_chengdu_or_guangzhou
F004,F004,6aa1640b000000001103bee3,F004,shanghai_local_not_seen_in_beijing_chengdu_or_guangzhou
F004,F004,6aa166f300000000260164a1,F004,shanghai_local_not_seen_in_beijing_chengdu_or_guangzhou
F004,F004,6aa16f4f00000000250350cd,F004,shanghai_local_not_seen_in_beijing_chengdu_or_guangzhou
F004,F004,6aa18740000000002901a480,F004,shanghai_local_not_seen_in_beijing_chengdu_or_guangzhou
F004,F004,6aa18a03000000002901526f,F004,shanghai_local_not_seen_in_beijing_chengdu_or_guangzhou
F004,F004,6aa18a750000000026020d9e,F004,shanghai_local_not_seen_in_beijing_chengdu_or_guangzhou
F004,F004,6aa18a76000000002b010336,F004,shanghai_local_not_seen_in_beijing_chengdu_or_guangzhou
F004,F004,6aa19d6a000000002a024c82,F004,shanghai_local_not_seen_in_beijing_chengdu_or_guangzhou
F004,F004,6aa1a005000000001103705c,F004,shanghai_local_not_seen_in_beijing_chengdu_or_guangzhou
F004,F004,6aa1d5d5000000001203eb51,F004,shanghai_local_not_seen_in_beijing_chengdu_or_guangzhou
F004,F004,6aa1f652000000002802caf1,F004,shanghai_local_not_seen_in_beijing_chengdu_or_guangzhou
F004,F004,6aa1f80c000000002b01e06e,F004,shanghai_local_not_seen_in_beijing_chengdu_or_guangzhou
F004,F004,6aa1fce60000000011034559,F004,shanghai_local_not_seen_in_beijing_chengdu_or_guangzhou
F004,F004,6aa21488000000002600b462,F004,shanghai_local_not_seen_in_beijing_chengdu_or_guangzhou
F004,F004,6aa216dd000000001103beec,F004,shanghai_local_not_seen_in_beijing_chengdu_or_guangzhou
F004,F004,6aa22066000000002803b0d4,F004,shanghai_local_not_seen_in_beijing_chengdu_or_guangzhou
F004,F004,6aa2293d0000000028039058,F004,shanghai_local_not_seen_in_beijing_chengdu_or_guangzhou
F004,F004,6aa22b74000000002802c80a,F004,shanghai_local_not_seen_in_beijing_chengdu_or_guangzhou
F004,F004,6aa230f3000000001203ef4c,F004,shanghai_local_not_seen_in_beijing_chengdu_or_guangzhou
F004,F004,6aa232ab00000000280335ad,F004,shanghai_local_not_seen_in_beijing_chengdu_or_guangzhou
F004,F004,6aa241580000000026015af6,F004,shanghai_local_not_seen_in_beijing_chengdu_or_guangzhou
F004,F004,6aa244ec0000000026016d13,F004,shanghai_local_not_seen_in_beijing_chengdu_or_guangzhou
F004,F004,6aa24553000000002b026b69,F004,shanghai_local_not_seen_in_beijing_chengdu_or_guangzhou
F004,F004,6aa24586000000002803a717,F004,shanghai_local_not_seen_in_beijing_chengdu_or_guangzhou
F004,F004,6aa246a6000000000d02568b,F004,shanghai_local_not_seen_in_beijing_chengdu_or_guangzhou
F004,F004,6aa24754000000002802d368,F004,shanghai_local_not_seen_in_beijing_chengdu_or_guangzhou
F004,F004,6aa249b10000000029011407,F004,shanghai_local_not_seen_in_beijing_chengdu_or_guangzhou
F004,F004,6aa24a14000000001001f5a8,F004,shanghai_local_not_seen_in_beijing_chengdu_or_guangzhou
F004,F004,6aa24b00000000002802e7d9,F004,shanghai_local_not_seen_in_beijing_chengdu_or_guangzhou
F004,F004,6aa24b51000000002800227c,F004,shanghai_local_not_seen_in_beijing_chengdu_or_guangzhou
F004,F004,6aa24bb00000000027008699,F004,shanghai_local_not_seen_in_beijing_chengdu_or_guangzhou
F004,F004,6aa24bf80000000012001713,F004,shanghai_local_not_seen_in_beijing_chengdu_or_guangzhou
F004,F004,6aa24d67000000001203c831,F004,shanghai_local_not_seen_in_beijing_chengdu_or_guangzhou
F004,F004,6aa24dc80000000026031f2d,F004,shanghai_local_not_seen_in_beijing_chengdu_or_guangzhou
F004,F004,6aa24fef000000002502c287,F004,shanghai_local_not_seen_in_beijing_chengdu_or_guangzhou
F004,F004,6aa250b30000000011036e68,F004,shanghai_local_not_seen_in_beijing_chengdu_or_guangzhou
F004,F004,6aa251f30000000029017b25,F004,shanghai_local_not_seen_in_beijing_chengdu_or_guangzhou
F004,F004,6aa252c7000000000d025a52,F004,shanghai_local_not_seen_in_beijing_chengdu_or_guangzhou
F004,F004,6aa2534d000000002a02ff66,F004,shanghai_local_not_seen_in_beijing_chengdu_or_guangzhou
F004,F004,6aa25367000000002803960b,F004,shanghai_local_not_seen_in_beijing_chengdu_or_guangzhou
F004,F004,6aa25382000000001203dce8,F004,shanghai_local_not_seen_in_beijing_chengdu_or_guangzhou
F004,F004,6aa253c5000000002902c367,F004,shanghai_local_not_seen_in_beijing_chengdu_or_guangzhou
F004,F004,6aa25549000000002b013950,F004,shanghai_local_not_seen_in_beijing_chengdu_or_guangzhou
F004,F004,6aa256100000000026014dc8,F004,shanghai_local_not_seen_in_beijing_chengdu_or_guangzhou
F004,F004,6aa256a1000000002502e8e3,F004,shanghai_local_not_seen_in_beijing_chengdu_or_guangzhou
F004,F004,6aa258360000000011035a04,F004,shanghai_local_not_seen_in_beijing_chengdu_or_guangzhou
F004,F004,6aa25ae6000000001203677f,F004,shanghai_local_not_seen_in_beijing_chengdu_or_guangzhou
F004,F004,6aa25b860000000012000f40,F004,shanghai_local_not_seen_in_beijing_chengdu_or_guangzhou
F004,F004,6aa25b8f000000002b010d55,F004,shanghai_local_not_seen_in_beijing_chengdu_or_guangzhou
F004,F004,6aa25cbd000000002502cdc0,F004,shanghai_local_not_seen_in_beijing_chengdu_or_guangzhou
F004,F004,6aa25f3e00000000290120df,F004,shanghai_local_not_seen_in_beijing_chengdu_or_guangzhou
F004,F004,6aa2601a000000000b00defb,F004,shanghai_local_not_seen_in_beijing_chengdu_or_guangzhou
F004,F004,6aa26103000000001203cdce,F004,shanghai_local_not_seen_in_beijing_chengdu_or_guangzhou
F004,F004,6aa261cd000000000b0003f3,F004,shanghai_local_not_seen_in_beijing_chengdu_or_guangzhou
F004,F004,6aa264eb0000000028037803,F004,shanghai_local_not_seen_in_beijing_chengdu_or_guangzhou
F004,F004,6aa264fd000000002b024e6e,F004,shanghai_local_not_seen_in_beijing_chengdu_or_guangzhou
F004,F004,6aa266d70000000011038ec9,F004,shanghai_local_not_seen_in_beijing_chengdu_or_guangzhou
F004,F004,6aa26777000000002900f28a,F004,shanghai_local_not_seen_in_beijing_chengdu_or_guangzhou
F004,F004,6aa2689f0000000025037be7,F004,shanghai_local_not_seen_in_beijing_chengdu_or_guangzhou
F004,F004,6aa2694c000000002601434d,F004,shanghai_local_not_seen_in_beijing_chengdu_or_guangzhou
F004,F004,6aa271360000000011033309,F004,shanghai_local_not_seen_in_beijing_chengdu_or_guangzhou
F004,F004,6aa2726000000000120340f3,F004,shanghai_local_not_seen_in_beijing_chengdu_or_guangzhou
F004,F004,6aa2739c000000002802dd89,F004,shanghai_local_not_seen_in_beijing_chengdu_or_guangzhou
F004,F004,6aa277250000000011035da4,F004,shanghai_local_not_seen_in_beijing_chengdu_or_guangzhou
F004,F004,6aa278020000000028030c7e,F004,shanghai_local_not_seen_in_beijing_chengdu_or_guangzhou
F004,F004,6aa279e1000000002502c93c,F004,shanghai_local_not_seen_in_beijing_chengdu_or_guangzhou
F004,F004,6aa27a20000000000b001928,F004,shanghai_local_not_seen_in_beijing_chengdu_or_guangzhou
F004,F004,6aa27b0a000000000b00fb7d,F004,shanghai_local_not_seen_in_beijing_chengdu_or_guangzhou
F004,F004,6aa27d420000000026014815,F004,shanghai_local_not_seen_in_beijing_chengdu_or_guangzhou
F004,F004,6aa27f1c000000002b01075f,F004,shanghai_local_not_seen_in_beijing_chengdu_or_guangzhou
F004,F004,6aa28108000000000b00327c,F004,shanghai_local_not_seen_in_beijing_chengdu_or_guangzhou
F004,F004,6aa2828f0000000026016c23,F004,shanghai_local_not_seen_in_beijing_chengdu_or_guangzhou
F004,F004,6aa286a3000000002b0121c6,F004,shanghai_local_not_seen_in_beijing_chengdu_or_guangzhou
F004,F004,6aa2873a0000000028029167,F004,shanghai_local_not_seen_in_beijing_chengdu_or_guangzhou
F004,F004,6aa28866000000002802e8c3,F004,shanghai_local_not_seen_in_beijing_chengdu_or_guangzhou
F004,F004,6aa288cc000000000d0271bc,F004,shanghai_local_not_seen_in_beijing_chengdu_or_guangzhou
F004,F004,6aa28cdd0000000029014424,F004,shanghai_local_not_seen_in_beijing_chengdu_or_guangzhou
F004,F004,6aa29545000000002b01111c,F004,shanghai_local_not_seen_in_beijing_chengdu_or_guangzhou
F004,F004,6aa29751000000000b03673f,F004,shanghai_local_not_seen_in_beijing_chengdu_or_guangzhou
F004,F004,6aa297cc00000000110329b9,F004,shanghai_local_not_seen_in_beijing_chengdu_or_guangzhou
F004,F004,6aa2995c0000000026009750,F004,shanghai_local_not_seen_in_beijing_chengdu_or_guangzhou
F004,F004,6aa29b030000000012000331,F004,shanghai_local_not_seen_in_beijing_chengdu_or_guangzhou
F004,F004,6aa29b6f000000002b02485d,F004,shanghai_local_not_seen_in_beijing_chengdu_or_guangzhou
F004,F004,6aa29e69000000001001c1e9,F004,shanghai_local_not_seen_in_beijing_chengdu_or_guangzhou
F004,F004,6aa29f000000000029011504,F004,shanghai_local_not_seen_in_beijing_chengdu_or_guangzhou
F004,F004,6aa29f09000000002601a48a,F004,shanghai_local_not_seen_in_beijing_chengdu_or_guangzhou
F004,F004,6aa2acdd0000000025036694,F004,shanghai_local_not_seen_in_beijing_chengdu_or_guangzhou
F004,F004,6aa2af86000000000b00e961,F004,shanghai_local_not_seen_in_beijing_chengdu_or_guangzhou
F004,F004,6aa2afbc000000001103a683,F004,shanghai_local_not_seen_in_beijing_chengdu_or_guangzhou
F004,F004,6aa2b4000000000027008c18,F004,shanghai_local_not_seen_in_beijing_chengdu_or_guangzhou
F004,F004,6aa2b632000000001001d272,F004,shanghai_local_not_seen_in_beijing_chengdu_or_guangzhou
F004,F004,6aa2b6cc000000002902f840,F004,shanghai_local_not_seen_in_beijing_chengdu_or_guangzhou
F004,F004,6aa2b701000000000d02473e,F004,shanghai_local_not_seen_in_beijing_chengdu_or_guangzhou
F004,F004,6aa2b8ca000000002601b740,F004,shanghai_local_not_seen_in_beijing_chengdu_or_guangzhou
F004,F004,6aa2bcc6000000002b000e82,F004,shanghai_local_not_seen_in_beijing_chengdu_or_guangzhou
F004,F004,6aa2bee8000000002a02e1d4,F004,shanghai_local_not_seen_in_beijing_chengdu_or_guangzhou
F004,F004,6aa2bf10000000002802ee47,F004,shanghai_local_not_seen_in_beijing_chengdu_or_guangzhou
F004,F004,6aa2c16000000000280354c7,F004,shanghai_local_not_seen_in_beijing_chengdu_or_guangzhou
F004,F004,6aa2c9400000000028038a5d,F004,shanghai_local_not_seen_in_beijing_chengdu_or_guangzhou
F004,F004,6aa2ca1c000000002502e923,F004,shanghai_local_not_seen_in_beijing_chengdu_or_guangzhou
F004,F004,6aa2cb0300000000110350cd,F004,shanghai_local_not_seen_in_beijing_chengdu_or_guangzhou
F004,F004,6aa2e06e000000002900d470,F004,shanghai_local_not_seen_in_beijing_chengdu_or_guangzhou
F004,F004,6aa2ec470000000029012d19,F004,shanghai_local_not_seen_in_beijing_chengdu_or_guangzhou
F004,F004,6aa2edd70000000012034780,F004,shanghai_local_not_seen_in_beijing_chengdu_or_guangzhou
F004,F004,6aa2f34a00000000270179da,F004,shanghai_local_not_seen_in_beijing_chengdu_or_guangzhou
F004,F004,6aa31044000000002802f067,F004,shanghai_local_not_seen_in_beijing_chengdu_or_guangzhou
F004,F004,6aa315c10000000011035865,F004,shanghai_local_not_seen_in_beijing_chengdu_or_guangzhou
F004,F004,6aa31702000000002700aaa2,F004,shanghai_local_not_seen_in_beijing_chengdu_or_guangzhou
F004,F004,6aa31761000000002503555d,F004,shanghai_local_not_seen_in_beijing_chengdu_or_guangzhou
F004,F004,6aa31821000000002601db16,F004,shanghai_local_not_seen_in_beijing_chengdu_or_guangzhou
F004,F004,6aa3327f000000002a02d25e,F004,shanghai_local_not_seen_in_beijing_chengdu_or_guangzhou
F004,F004,6aa34690000000002902e89c,F004,shanghai_local_not_seen_in_beijing_chengdu_or_guangzhou
F005,F005,655d529a0000000032002174,F005,shanghai_local_not_seen_in_beijing_chengdu_or_guangzhou
F005,F005,655dcfa60000000032029c7f,F005,shanghai_local_not_seen_in_beijing_chengdu_or_guangzhou
F005,F005,66d93447000000001f01af54,F005,shanghai_local_not_seen_in_beijing_chengdu_or_guangzhou
F005,F005,66e19cd60000000012010b8b,F005,shanghai_local_not_seen_in_beijing_chengdu_or_guangzhou
F005,F005,6718eaa60000000024016ea1,F005,shanghai_local_not_seen_in_beijing_chengdu_or_guangzhou
F005,F005,6783cd3f000000000b022936,F005,shanghai_local_not_seen_in_beijing_chengdu_or_guangzhou
F005,F005,67a6d341000000002900eba1,F005,shanghai_local_not_seen_in_beijing_chengdu_or_guangzhou
F005,F005,67b6a478000000002803e7e8,F005,shanghai_local_not_seen_in_beijing_chengdu_or_guangzhou
F005,F005,67c076f7000000000302b3b3,F005,shanghai_local_not_seen_in_beijing_chengdu_or_guangzhou
F005,F005,67e6be69000000000900f7dd,F005,shanghai_local_not_seen_in_beijing_chengdu_or_guangzhou
F005,F005,68248b9100000000210037be,F005,shanghai_local_not_seen_in_beijing_chengdu_or_guangzhou
F005,F005,687a38aa000000001203f3f1,F005,shanghai_local_not_seen_in_beijing_chengdu_or_guangzhou
F005,F005,688312f6000000001c037e35,F005,shanghai_local_not_seen_in_beijing_chengdu_or_guangzhou
F005,F005,6888c33c0000000003031556,F005,shanghai_local_not_seen_in_beijing_chengdu_or_guangzhou
F005,F005,688f590f0000000022038c25,F005,shanghai_local_not_seen_in_beijing_chengdu_or_guangzhou
F005,F005,689094ca000000002500e340,F005,shanghai_local_not_seen_in_beijing_chengdu_or_guangzhou
F005,F005,689235aa0000000025027436,F005,shanghai_local_not_seen_in_beijing_chengdu_or_guangzhou
F005,F005,6892b8af000000002202033d,F005,shanghai_local_not_seen_in_beijing_chengdu_or_guangzhou
F005,F005,68aff600000000001d01e0b5,F005,shanghai_local_not_seen_in_beijing_chengdu_or_guangzhou
F005,F005,68b02770000000001d00e80b,F005,shanghai_local_not_seen_in_beijing_chengdu_or_guangzhou
F005,F005,68d380a80000000012031f09,F005,shanghai_local_not_seen_in_beijing_chengdu_or_guangzhou
F005,F005,68efd82400000000040038ca,F005,shanghai_local_not_seen_in_beijing_chengdu_or_guangzhou
F005,F005,68f13b360000000007039a2f,F005,shanghai_local_not_seen_in_beijing_chengdu_or_guangzhou
F005,F005,6901be48000000000700fe0f,F005,shanghai_local_not_seen_in_beijing_chengdu_or_guangzhou
F005,F005,6904a6a2000000000400068a,F005,shanghai_local_not_seen_in_beijing_chengdu_or_guangzhou
F005,F005,690840ff000000000300d0a2,F005,shanghai_local_not_seen_in_beijing_chengdu_or_guangzhou
F005,F005,69294f86000000001b023cc1,F005,shanghai_local_not_seen_in_beijing_chengdu_or_guangzhou
F005,F005,693193fd000000000d03fb33,F005,shanghai_local_not_seen_in_beijing_chengdu_or_guangzhou
F005,F005,69319436000000000d03fc9b,F005,shanghai_local_not_seen_in_beijing_chengdu_or_guangzhou
F005,F005,69429644000000001e015adc,F005,shanghai_local_not_seen_in_beijing_chengdu_or_guangzhou
F005,F005,695a4248000000002103c8d0,F005,shanghai_local_not_seen_in_beijing_chengdu_or_guangzhou
F005,F005,6964b25d000000000e00e0fe,F005,shanghai_local_not_seen_in_beijing_chengdu_or_guangzhou
F005,F005,6972edf4000000002103c1ac,F005,shanghai_local_not_seen_in_beijing_chengdu_or_guangzhou
F005,F005,69887c37000000001d011409,F005,shanghai_local_not_seen_in_beijing_chengdu_or_guangzhou
F005,F005,698d5c8b000000000e03e79c,F005,shanghai_local_not_seen_in_beijing_chengdu_or_guangzhou
F005,F005,699d9ff3000000001a031c10,F005,shanghai_local_not_seen_in_beijing_chengdu_or_guangzhou
F005,F005,69a43ede000000001503b4af,F005,shanghai_local_not_seen_in_beijing_chengdu_or_guangzhou
F005,F005,69a6e55b000000002303a6e5,F005,shanghai_local_not_seen_in_beijing_chengdu_or_guangzhou
F005,F005,69aa5dcd000000000d00bf5d,F005,shanghai_local_not_seen_in_beijing_chengdu_or_guangzhou
F005,F005,69b2ac82000000001b0150b8,F005,shanghai_local_not_seen_in_beijing_chengdu_or_guangzhou
F005,F005,69b5a198000000001a02286f,F005,shanghai_local_not_seen_in_beijing_chengdu_or_guangzhou
F005,F005,69b755c9000000001a032f05,F005,shanghai_local_not_seen_in_beijing_chengdu_or_guangzhou
F005,F005,69b771900000000023011938,F005,shanghai_local_not_seen_in_beijing_chengdu_or_guangzhou
F005,F005,69bba1610000000023016701,F005,shanghai_local_not_seen_in_beijing_chengdu_or_guangzhou
F005,F005,69bcfef5000000002003b25d,F005,shanghai_local_not_seen_in_beijing_chengdu_or_guangzhou
F005,F005,69bf89490000000023005ddb,F005,shanghai_local_not_seen_in_beijing_chengdu_or_guangzhou
F005,F005,69c1c956000000001a024a34,F005,shanghai_local_not_seen_in_beijing_chengdu_or_guangzhou
F005,F005,69c219b8000000001d01b668,F005,shanghai_local_not_seen_in_beijing_chengdu_or_guangzhou
F005,F005,69c6ec9f000000001a02beaa,F005,shanghai_local_not_seen_in_beijing_chengdu_or_guangzhou
F005,F005,69ca6cf2000000002200f984,F005,shanghai_local_not_seen_in_beijing_chengdu_or_guangzhou
F005,F005,69ca8b66000000001f004874,F005,shanghai_local_not_seen_in_beijing_chengdu_or_guangzhou
F005,F005,69cb85460000000021039bed,F005,shanghai_local_not_seen_in_beijing_chengdu_or_guangzhou
F005,F005,69ce82b40000000023004a42,F005,shanghai_local_not_seen_in_beijing_chengdu_or_guangzhou
F005,F005,69cf14c2000000001b022631,F005,shanghai_local_not_seen_in_beijing_chengdu_or_guangzhou
F005,F005,69cfdff2000000001b023249,F005,shanghai_local_not_seen_in_beijing_chengdu_or_guangzhou
F005,F005,69d6625900000000230179cc,F005,shanghai_local_not_seen_in_beijing_chengdu_or_guangzhou
F005,F005,69db6c26000000001d01d9da,F005,shanghai_local_not_seen_in_beijing_chengdu_or_guangzhou
F005,F005,69dce44a00000000210101bc,F005,shanghai_local_not_seen_in_beijing_chengdu_or_guangzhou
F005,F005,69dd0e35000000002103825f,F005,shanghai_local_not_seen_in_beijing_chengdu_or_guangzhou
F005,F005,69e093b8000000002200d356,F005,shanghai_local_not_seen_in_beijing_chengdu_or_guangzhou
F005,F005,69e10d68000000002200c4ad,F005,shanghai_local_not_seen_in_beijing_chengdu_or_guangzhou
F005,F005,69e1ceb9000000001f0008f7,F005,shanghai_local_not_seen_in_beijing_chengdu_or_guangzhou
F005,F005,69e23418000000001d019535,F005,shanghai_local_not_seen_in_beijing_chengdu_or_guangzhou
F005,F005,69e788fa0000000023027f04,F005,shanghai_local_not_seen_in_beijing_chengdu_or_guangzhou
F005,F005,69e99551000000001a02f1e8,F005,shanghai_local_not_seen_in_beijing_chengdu_or_guangzhou
F005,F005,69ea273c000000001f030c02,F005,shanghai_local_not_seen_in_beijing_chengdu_or_guangzhou
F005,F005,69eada750000000012029808,F005,shanghai_local_not_seen_in_beijing_chengdu_or_guangzhou
F005,F005,69eb20eb0000000020013001,F005,shanghai_local_not_seen_in_beijing_chengdu_or_guangzhou
F005,F005,69eb742a000000003701c117,F005,shanghai_local_not_seen_in_beijing_chengdu_or_guangzhou
F005,F005,69eee1ac000000002003b65c,F005,shanghai_local_not_seen_in_beijing_chengdu_or_guangzhou
F005,F005,69f072d8000000001a02df94,F005,shanghai_local_not_seen_in_beijing_chengdu_or_guangzhou
F005,F005,69f143ce0000000035026f36,F005,shanghai_local_not_seen_in_beijing_chengdu_or_guangzhou
F005,F005,69f17376000000001f002efc,F005,shanghai_local_not_seen_in_beijing_chengdu_or_guangzhou
F005,F005,69f2eac80000000036031436,F005,shanghai_local_not_seen_in_beijing_chengdu_or_guangzhou
F005,F005,69f2ff73000000001f0031b7,F005,shanghai_local_not_seen_in_beijing_chengdu_or_guangzhou
F005,F005,69f86dd500000000350338c8,F005,shanghai_local_not_seen_in_beijing_chengdu_or_guangzhou
F005,F005,69fb0c54000000003502cfd6,F005,shanghai_local_not_seen_in_beijing_chengdu_or_guangzhou
F005,F005,69fc7ec4000000003701d3e6,F005,shanghai_local_not_seen_in_beijing_chengdu_or_guangzhou
F005,F005,6a013efe0000000008030b8a,F005,shanghai_local_not_seen_in_beijing_chengdu_or_guangzhou
F005,F005,6a031ef10000000006037310,F005,shanghai_local_not_seen_in_beijing_chengdu_or_guangzhou
F005,F005,6a04ef37000000000702aac5,F005,shanghai_local_not_seen_in_beijing_chengdu_or_guangzhou
F005,F005,6a0c2acd000000003501dd8c,F005,shanghai_local_not_seen_in_beijing_chengdu_or_guangzhou
F005,F005,6a15cef8000000000803e261,F005,shanghai_local_not_seen_in_beijing_chengdu_or_guangzhou
F005,F005,6a167acc000000003601e46b,F005,shanghai_local_not_seen_in_beijing_chengdu_or_guangzhou
F005,F005,6a16bb730000000008002159,F005,shanghai_local_not_seen_in_beijing_chengdu_or_guangzhou
F005,F005,6a17b30600000000350245ba,F005,shanghai_local_not_seen_in_beijing_chengdu_or_guangzhou
F005,F005,6a18113f000000003802278a,F005,shanghai_local_not_seen_in_beijing_chengdu_or_guangzhou
F005,F005,6a1875770000000036018127,F005,shanghai_local_not_seen_in_beijing_chengdu_or_guangzhou
F005,F005,6a18a68a0000000008027c7e,F005,shanghai_local_not_seen_in_beijing_chengdu_or_guangzhou
F005,F005,6a1d26d0000000003501c0e2,F005,shanghai_local_not_seen_in_beijing_chengdu_or_guangzhou
F005,F005,6a1fa6f9000000000803da57,F005,shanghai_local_not_seen_in_beijing_chengdu_or_guangzhou
F005,F005,6a2386be0000000021023334,F005,shanghai_local_not_seen_in_beijing_chengdu_or_guangzhou
F005,F005,6a267e9c0000000021014801,F005,shanghai_local_not_seen_in_beijing_chengdu_or_guangzhou
F005,F005,6a28476c0000000016024790,F005,shanghai_local_not_seen_in_beijing_chengdu_or_guangzhou
F005,F005,6a284e7d000000001702c0e5,F005,shanghai_local_not_seen_in_beijing_chengdu_or_guangzhou
F005,F005,6a285b23000000001c024a34,F005,shanghai_local_not_seen_in_beijing_chengdu_or_guangzhou
F005,F005,6a285bbf000000000803f4e0,F005,shanghai_local_not_seen_in_beijing_chengdu_or_guangzhou
F005,F005,6a285db50000000035030a5d,F005,shanghai_local_not_seen_in_beijing_chengdu_or_guangzhou
F005,F005,6a288cb8000000000803c212,F005,shanghai_local_not_seen_in_beijing_chengdu_or_guangzhou
F005,F005,6a289a6b0000000015027db1,F005,shanghai_local_not_seen_in_beijing_chengdu_or_guangzhou
F005,F005,6a28b7f900000000060234bd,F005,shanghai_local_not_seen_in_beijing_chengdu_or_guangzhou
F005,F005,6a28b968000000002103c668,F005,shanghai_local_not_seen_in_beijing_chengdu_or_guangzhou
F005,F005,6a28bc0100000000170280ff,F005,shanghai_local_not_seen_in_beijing_chengdu_or_guangzhou
F005,F005,6a28bfc0000000003501f1c7,F005,shanghai_local_not_seen_in_beijing_chengdu_or_guangzhou
F005,F005,6a28c19e0000000021023337,F005,shanghai_local_not_seen_in_beijing_chengdu_or_guangzhou
F005,F005,6a28c1b1000000002202641f,F005,shanghai_local_not_seen_in_beijing_chengdu_or_guangzhou
F005,F005,6a28cc38000000002100bff9,F005,shanghai_local_not_seen_in_beijing_chengdu_or_guangzhou
F005,F005,6a28cd3c0000000007025064,F005,shanghai_local_not_seen_in_beijing_chengdu_or_guangzhou
F005,F005,6a28cef80000000017009d69,F005,shanghai_local_not_seen_in_beijing_chengdu_or_guangzhou
F005,F005,6a28d3d50000000021014f89,F005,shanghai_local_not_seen_in_beijing_chengdu_or_guangzhou
F005,F005,6a28d427000000002201ac77,F005,shanghai_local_not_seen_in_beijing_chengdu_or_guangzhou
F005,F005,6a28dc070000000036001c6b,F005,shanghai_local_not_seen_in_beijing_chengdu_or_guangzhou
F005,F005,6a290a950000000022014150,F005,shanghai_local_not_seen_in_beijing_chengdu_or_guangzhou
F005,F005,6a291591000000003503a853,F005,shanghai_local_not_seen_in_beijing_chengdu_or_guangzhou
F005,F005,6a291b50000000002101a682,F005,shanghai_local_not_seen_in_beijing_chengdu_or_guangzhou
F005,F005,6a292f9a000000003502b1fd,F005,shanghai_local_not_seen_in_beijing_chengdu_or_guangzhou
F005,F005,6a294ad00000000022015686,F005,shanghai_local_not_seen_in_beijing_chengdu_or_guangzhou
F005,F005,6a294df6000000001702bf22,F005,shanghai_local_not_seen_in_beijing_chengdu_or_guangzhou
F005,F005,6a2971fb0000000021017ec1,F005,shanghai_local_not_seen_in_beijing_chengdu_or_guangzhou
F005,F005,6a297f8a0000000006030383,F005,shanghai_local_not_seen_in_beijing_chengdu_or_guangzhou
F005,F005,6a29803a000000001603f008,F005,shanghai_local_not_seen_in_beijing_chengdu_or_guangzhou
F005,F005,6a29d199000000001702a64c,F005,shanghai_local_not_seen_in_beijing_chengdu_or_guangzhou
F005,F005,6a29fb3e000000003501fb79,F005,shanghai_local_not_seen_in_beijing_chengdu_or_guangzhou
F005,F005,6a2a13200000000022008247,F005,shanghai_local_not_seen_in_beijing_chengdu_or_guangzhou
F005,F005,6a2a32b7000000003502fbee,F005,shanghai_local_not_seen_in_beijing_chengdu_or_guangzhou
F005,F005,6a2a34480000000007010a49,F005,shanghai_local_not_seen_in_beijing_chengdu_or_guangzhou
F005,F005,6a2a3b8f000000001700ba36,F005,shanghai_local_not_seen_in_beijing_chengdu_or_guangzhou
F005,F005,6a2a3ed300000000220289d0,F005,shanghai_local_not_seen_in_beijing_chengdu_or_guangzhou
F005,F005,6a2a3fd00000000022020887,F005,shanghai_local_not_seen_in_beijing_chengdu_or_guangzhou
F005,F005,6a2a79ba0000000021015e15,F005,shanghai_local_not_seen_in_beijing_chengdu_or_guangzhou
F005,F005,6a2a7fbf0000000015024891,F005,shanghai_local_not_seen_in_beijing_chengdu_or_guangzhou
F005,F005,6a2a8543000000002201b124,F005,shanghai_local_not_seen_in_beijing_chengdu_or_guangzhou
F005,F005,6a2a8b9a000000002101a28a,F005,shanghai_local_not_seen_in_beijing_chengdu_or_guangzhou
F005,F005,6a2aabab000000000702b58e,F005,shanghai_local_not_seen_in_beijing_chengdu_or_guangzhou
F005,F005,6a2aaf470000000016024024,F005,shanghai_local_not_seen_in_beijing_chengdu_or_guangzhou
F005,F005,6a2ac667000000002103d6bd,F005,shanghai_local_not_seen_in_beijing_chengdu_or_guangzhou
F005,F005,6a2ad109000000001c0265fb,F005,shanghai_local_not_seen_in_beijing_chengdu_or_guangzhou
F005,F005,6a2b038000000000350227fd,F005,shanghai_local_not_seen_in_beijing_chengdu_or_guangzhou
F005,F005,6a2b6ce9000000001700a5ea,F005,shanghai_local_not_seen_in_beijing_chengdu_or_guangzhou
F005,F005,6a2b9861000000000803fd40,F005,shanghai_local_not_seen_in_beijing_chengdu_or_guangzhou
F005,F005,6a2bcdce0000000035023136,F005,shanghai_local_not_seen_in_beijing_chengdu_or_guangzhou
F005,F005,6a2bd48f000000001503ed76,F005,shanghai_local_not_seen_in_beijing_chengdu_or_guangzhou
F005,F005,6a2c3538000000001503e012,F005,shanghai_local_not_seen_in_beijing_chengdu_or_guangzhou
F005,F005,6a2c8a330000000035021c25,F005,shanghai_local_not_seen_in_beijing_chengdu_or_guangzhou
F005,F005,6a2cc4d7000000003503960b,F005,shanghai_local_not_seen_in_beijing_chengdu_or_guangzhou
F005,F005,6a2ccb94000000000702acf2,F005,shanghai_local_not_seen_in_beijing_chengdu_or_guangzhou
F005,F005,6a2cdb57000000000e021800,F005,shanghai_local_not_seen_in_beijing_chengdu_or_guangzhou
F005,F005,6a2ce1ee000000000802656c,F005,shanghai_local_not_seen_in_beijing_chengdu_or_guangzhou
F005,F005,6a2d7fb7000000000803e340,F005,shanghai_local_not_seen_in_beijing_chengdu_or_guangzhou
F005,F005,6a2eb06f000000002202212a,F005,shanghai_local_not_seen_in_beijing_chengdu_or_guangzhou
F005,F005,6a2f5ed50000000015027914,F005,shanghai_local_not_seen_in_beijing_chengdu_or_guangzhou
F005,F005,6a2f914d000000000f005520,F005,shanghai_local_not_seen_in_beijing_chengdu_or_guangzhou
F005,F005,6a2fd17b000000000803242a,F005,shanghai_local_not_seen_in_beijing_chengdu_or_guangzhou
F005,F005,6a2fe0900000000022016d79,F005,shanghai_local_not_seen_in_beijing_chengdu_or_guangzhou
F005,F005,6a2fe4d5000000001003ec2e,F005,shanghai_local_not_seen_in_beijing_chengdu_or_guangzhou
F005,F005,6a301861000000001100782b,F005,shanghai_local_not_seen_in_beijing_chengdu_or_guangzhou
F005,F005,6a320da20000000006031288,F005,shanghai_local_not_seen_in_beijing_chengdu_or_guangzhou
F005,F005,6a32c6dc0000000015025b40,F005,shanghai_local_not_seen_in_beijing_chengdu_or_guangzhou
F005,F005,6a335fa0000000000702151d,F005,shanghai_local_not_seen_in_beijing_chengdu_or_guangzhou
F005,F005,6a3a499c000000001702c710,F005,shanghai_local_not_seen_in_beijing_chengdu_or_guangzhou
F005,F005,6a3a99cc00000000160247a3,F005,shanghai_local_not_seen_in_beijing_chengdu_or_guangzhou
F005,F005,6a3ac251000000001101c4d7,F005,shanghai_local_not_seen_in_beijing_chengdu_or_guangzhou
F005,F005,6a3bffea000000001503dac7,F005,shanghai_local_not_seen_in_beijing_chengdu_or_guangzhou
F005,F005,6a3d1acb000000000f016216,F005,shanghai_local_not_seen_in_beijing_chengdu_or_guangzhou
F005,F005,6a3d384f000000001702fc06,F005,shanghai_local_not_seen_in_beijing_chengdu_or_guangzhou
F005,F005,6a3dcfad000000001101113a,F005,shanghai_local_not_seen_in_beijing_chengdu_or_guangzhou
F005,F005,6a4088f500000000070209b7,F005,shanghai_local_not_seen_in_beijing_chengdu_or_guangzhou
F005,F005,6a40894c0000000022016b78,F005,shanghai_local_not_seen_in_beijing_chengdu_or_guangzhou
F005,F005,6a41cbea0000000008026b59,F005,shanghai_local_not_seen_in_beijing_chengdu_or_guangzhou
F005,F005,6a4218f2000000001602497b,F005,shanghai_local_not_seen_in_beijing_chengdu_or_guangzhou
F005,F005,6a4253be000000000603610b,F005,shanghai_local_not_seen_in_beijing_chengdu_or_guangzhou
F005,F005,6a43d0e3000000001101dcec,F005,shanghai_local_not_seen_in_beijing_chengdu_or_guangzhou
F005,F005,6a440277000000001702b7b8,F005,shanghai_local_not_seen_in_beijing_chengdu_or_guangzhou
F005,F005,6a44438800000000210191cb,F005,shanghai_local_not_seen_in_beijing_chengdu_or_guangzhou
F005,F005,6a446a90000000001101dacb,F005,shanghai_local_not_seen_in_beijing_chengdu_or_guangzhou
F005,F005,6a4492e100000000160256f2,F005,shanghai_local_not_seen_in_beijing_chengdu_or_guangzhou
F005,F005,6a44d90c000000001c027f46,F005,shanghai_local_not_seen_in_beijing_chengdu_or_guangzhou
F005,F005,6a44d94e000000001101517b,F005,shanghai_local_not_seen_in_beijing_chengdu_or_guangzhou
F005,F005,6a44e63400000000210216be,F005,shanghai_local_not_seen_in_beijing_chengdu_or_guangzhou
F005,F005,6a454709000000001101bbeb,F005,shanghai_local_not_seen_in_beijing_chengdu_or_guangzhou
F005,F005,6a45b8730000000007022d7a,F005,shanghai_local_not_seen_in_beijing_chengdu_or_guangzhou
F005,F005,6a45c9c00000000008024220,F005,shanghai_local_not_seen_in_beijing_chengdu_or_guangzhou
F005,F005,6a45d50e000000001702bd3f,F005,shanghai_local_not_seen_in_beijing_chengdu_or_guangzhou
F005,F005,6a45e65d0000000007012743,F005,shanghai_local_not_seen_in_beijing_chengdu_or_guangzhou
F005,F005,6a46000e0000000021008199,F005,shanghai_local_not_seen_in_beijing_chengdu_or_guangzhou
F005,F005,6a462183000000000803c260,F005,shanghai_local_not_seen_in_beijing_chengdu_or_guangzhou
F005,F005,6a464583000000001503fdf0,F005,shanghai_local_not_seen_in_beijing_chengdu_or_guangzhou
F005,F005,6a4681a8000000002101625f,F005,shanghai_local_not_seen_in_beijing_chengdu_or_guangzhou
F005,F005,6a46d7940000000006031914,F005,shanghai_local_not_seen_in_beijing_chengdu_or_guangzhou
F005,F005,6a46f6d10000000011010f67,F005,shanghai_local_not_seen_in_beijing_chengdu_or_guangzhou
F005,F005,6a47050b000000001003c69a,F005,shanghai_local_not_seen_in_beijing_chengdu_or_guangzhou
F005,F005,6a473f320000000017029f27,F005,shanghai_local_not_seen_in_beijing_chengdu_or_guangzhou
F005,F005,6a474f06000000001702b455,F005,shanghai_local_not_seen_in_beijing_chengdu_or_guangzhou
F005,F005,6a47a7ba000000001702e1db,F005,shanghai_local_not_seen_in_beijing_chengdu_or_guangzhou
F005,F005,6a47ad980000000017009c9d,F005,shanghai_local_not_seen_in_beijing_chengdu_or_guangzhou
F005,F005,6a4803e9000000000f031f32,F005,shanghai_local_not_seen_in_beijing_chengdu_or_guangzhou
F005,F005,6a48645f0000000008002406,F005,shanghai_local_not_seen_in_beijing_chengdu_or_guangzhou
F005,F005,6a48e2640000000011010563,F005,shanghai_local_not_seen_in_beijing_chengdu_or_guangzhou
F005,F005,6a490b280000000007028ba0,F005,shanghai_local_not_seen_in_beijing_chengdu_or_guangzhou
F005,F005,6a4911fa0000000006037ad6,F005,shanghai_local_not_seen_in_beijing_chengdu_or_guangzhou
F005,F005,6a4a3b6f000000001101a835,F005,shanghai_local_not_seen_in_beijing_chengdu_or_guangzhou
F005,F005,6a4ae91e000000001102fff6,F005,shanghai_local_not_seen_in_beijing_chengdu_or_guangzhou
F005,F005,6a4b5a560000000008000135,F005,shanghai_local_not_seen_in_beijing_chengdu_or_guangzhou
F005,F005,6a4b922d000000002100a677,F005,shanghai_local_not_seen_in_beijing_chengdu_or_guangzhou
F005,F005,6a4bb6d0000000001503f5ba,F005,shanghai_local_not_seen_in_beijing_chengdu_or_guangzhou
F005,F005,6a4dbfa4000000000702d515,F005,shanghai_local_not_seen_in_beijing_chengdu_or_guangzhou
F005,F005,6a4dd2a9000000001100699b,F005,shanghai_local_not_seen_in_beijing_chengdu_or_guangzhou
F005,F005,6a4e7ee400000000160250e7,F005,shanghai_local_not_seen_in_beijing_chengdu_or_guangzhou
F005,F005,6a4ee73b0000000015025e93,F005,shanghai_local_not_seen_in_beijing_chengdu_or_guangzhou
F005,F005,6a4f1992000000001102d962,F005,shanghai_local_not_seen_in_beijing_chengdu_or_guangzhou
F005,F005,6a52601d0000000016026445,F005,shanghai_local_not_seen_in_beijing_chengdu_or_guangzhou
F005,F005,6a5286d40000000015027e52,F005,shanghai_local_not_seen_in_beijing_chengdu_or_guangzhou
F005,F005,6a53aead000000000602366f,F005,shanghai_local_not_seen_in_beijing_chengdu_or_guangzhou
F005,F005,6a53d00c0000000008009c00,F005,shanghai_local_not_seen_in_beijing_chengdu_or_guangzhou
F005,F005,6a53f9bc000000001101d537,F005,shanghai_local_not_seen_in_beijing_chengdu_or_guangzhou
F005,F005,6a54390b00000000070103db,F005,shanghai_local_not_seen_in_beijing_chengdu_or_guangzhou
F005,F005,6a54fb0b000000000f014283,F005,shanghai_local_not_seen_in_beijing_chengdu_or_guangzhou
F005,F005,6a55165f000000001702fccd,F005,shanghai_local_not_seen_in_beijing_chengdu_or_guangzhou
F005,F005,6a5607cf000000002003bde2,F005,shanghai_local_not_seen_in_beijing_chengdu_or_guangzhou
F005,F005,6a560a07000000001101a2a6,F005,shanghai_local_not_seen_in_beijing_chengdu_or_guangzhou
F005,F005,6a5704d500000000080038df,F005,shanghai_local_not_seen_in_beijing_chengdu_or_guangzhou
F005,F005,6a570d4c000000002101a22f,F005,shanghai_local_not_seen_in_beijing_chengdu_or_guangzhou
F005,F005,6a5756a6000000001c026917,F005,shanghai_local_not_seen_in_beijing_chengdu_or_guangzhou
F005,F005,6a57901f000000001101f068,F005,shanghai_local_not_seen_in_beijing_chengdu_or_guangzhou
F005,F005,6a5862f0000000000e0359af,F005,shanghai_local_not_seen_in_beijing_chengdu_or_guangzhou
F005,F005,6a5988c9000000001b01e1d8,F005,shanghai_local_not_seen_in_beijing_chengdu_or_guangzhou
F005,F005,6a59999d000000000503b9f0,F005,shanghai_local_not_seen_in_beijing_chengdu_or_guangzhou
F005,F005,6a59a7fa000000000f0334fd,F005,shanghai_local_not_seen_in_beijing_chengdu_or_guangzhou
F005,F005,6a59d056000000001c0133c2,F005,shanghai_local_not_seen_in_beijing_chengdu_or_guangzhou
F005,F005,6a5a737b000000000c033c00,F005,shanghai_local_not_seen_in_beijing_chengdu_or_guangzhou
F005,F005,6a5aea14000000000903719d,F005,shanghai_local_not_seen_in_beijing_chengdu_or_guangzhou
F005,F005,6a5aeb07000000001101ba28,F005,shanghai_local_not_seen_in_beijing_chengdu_or_guangzhou
F005,F005,6a5aec3d000000001102c80c,F005,shanghai_local_not_seen_in_beijing_chengdu_or_guangzhou
F005,F005,6a5aefe50000000013024602,F005,shanghai_local_not_seen_in_beijing_chengdu_or_guangzhou
F005,F005,6a5b093d000000001003c26c,F005,shanghai_local_not_seen_in_beijing_chengdu_or_guangzhou
F005,F005,6a5b26940000000001031f01,F005,shanghai_local_not_seen_in_beijing_chengdu_or_guangzhou
F005,F005,6a5b4cb70000000011012665,F005,shanghai_local_not_seen_in_beijing_chengdu_or_guangzhou
F005,F005,6a5b767d000000001002947b,F005,shanghai_local_not_seen_in_beijing_chengdu_or_guangzhou
F005,F005,6a5ba4440000000005039934,F005,shanghai_local_not_seen_in_beijing_chengdu_or_guangzhou
F005,F005,6a5d7799000000001102c19b,F005,shanghai_local_not_seen_in_beijing_chengdu_or_guangzhou
F005,F005,6a5efdb6000000001d00cef1,F005,shanghai_local_not_seen_in_beijing_chengdu_or_guangzhou
F005,F005,6a5f8a59000000000301f77d,F005,shanghai_local_not_seen_in_beijing_chengdu_or_guangzhou
F005,F005,6a60c61d0000000006012697,F005,shanghai_local_not_seen_in_beijing_chengdu_or_guangzhou
F005,F005,6a6105f40000000022018612,F005,shanghai_local_not_seen_in_beijing_chengdu_or_guangzhou
F005,F005,6a6189e1000000001003fcaa,F005,shanghai_local_not_seen_in_beijing_chengdu_or_guangzhou
F005,F005,6a61e614000000000e0364cb,F005,shanghai_local_not_seen_in_beijing_chengdu_or_guangzhou
F005,F005,6a620700000000000e035c43,F005,shanghai_local_not_seen_in_beijing_chengdu_or_guangzhou
F005,F005,6a623119000000000503805e,F005,shanghai_local_not_seen_in_beijing_chengdu_or_guangzhou
F005,F005,6a62c5f6000000000101cef6,F005,shanghai_local_not_seen_in_beijing_chengdu_or_guangzhou
F005,F005,6a6349e1000000000401e72b,F005,shanghai_local_not_seen_in_beijing_chengdu_or_guangzhou
F005,F005,6a637ea20000000002003c00,F005,shanghai_local_not_seen_in_beijing_chengdu_or_guangzhou
F005,F005,6a63bb2a000000000401e328,F005,shanghai_local_not_seen_in_beijing_chengdu_or_guangzhou
F005,F005,6a63c5fb000000000503951b,F005,shanghai_local_not_seen_in_beijing_chengdu_or_guangzhou
F005,F005,6a63ef86000000000503ad18,F005,shanghai_local_not_seen_in_beijing_chengdu_or_guangzhou
F005,F005,6a642c70000000000f011525,F005,shanghai_local_not_seen_in_beijing_chengdu_or_guangzhou
F005,F005,6a6457ee000000001303c5bc,F005,shanghai_local_not_seen_in_beijing_chengdu_or_guangzhou
F005,F005,6a6470cd00000000010313ec,F005,shanghai_local_not_seen_in_beijing_chengdu_or_guangzhou
F005,F005,6a647817000000001002b017,F005,shanghai_local_not_seen_in_beijing_chengdu_or_guangzhou
F005,F005,6a64c26c000000001d023f39,F005,shanghai_local_not_seen_in_beijing_chengdu_or_guangzhou
F005,F005,6a64c728000000001302db27,F005,shanghai_local_not_seen_in_beijing_chengdu_or_guangzhou
F005,F005,6a64ce49000000001003f5bb,F005,shanghai_local_not_seen_in_beijing_chengdu_or_guangzhou
F005,F005,6a64d43c000000001d023abd,F005,shanghai_local_not_seen_in_beijing_chengdu_or_guangzhou
F005,F005,6a64e0b200000000140075e3,F005,shanghai_local_not_seen_in_beijing_chengdu_or_guangzhou
F005,F005,6a64e7d9000000000401ddd4,F005,shanghai_local_not_seen_in_beijing_chengdu_or_guangzhou
F005,F005,6a64f156000000001101518e,F005,shanghai_local_not_seen_in_beijing_chengdu_or_guangzhou
F005,F005,6a64fed6000000001002bbb7,F005,shanghai_local_not_seen_in_beijing_chengdu_or_guangzhou
F005,F005,6a658ec5000000000103354b,F005,shanghai_local_not_seen_in_beijing_chengdu_or_guangzhou
F005,F005,6a66e9c0000000001302e8f6,F005,shanghai_local_not_seen_in_beijing_chengdu_or_guangzhou
F005,F005,6a66fd57000000001f01ced0,F005,shanghai_local_not_seen_in_beijing_chengdu_or_guangzhou
F005,F005,6a66fe0d0000000010025a08,F005,shanghai_local_not_seen_in_beijing_chengdu_or_guangzhou
F005,F005,6a671d64000000000f03206c,F005,shanghai_local_not_seen_in_beijing_chengdu_or_guangzhou
F005,F005,6a6723f1000000002201ac22,F005,shanghai_local_not_seen_in_beijing_chengdu_or_guangzhou
F005,F005,6a674639000000000101c970,F005,shanghai_local_not_seen_in_beijing_chengdu_or_guangzhou
F005,F005,6a6c1a03000000002403df88,F005,shanghai_local_not_seen_in_beijing_chengdu_or_guangzhou
F005,F005,6a70059f000000000502ab0b,F005,shanghai_local_not_seen_in_beijing_chengdu_or_guangzhou
F005,F005,6a70dcd4000000002402d62f,F005,shanghai_local_not_seen_in_beijing_chengdu_or_guangzhou
F005,F005,6a714fb000000000240249bc,F005,shanghai_local_not_seen_in_beijing_chengdu_or_guangzhou
F005,F005,6a72136100000000350161b5,F005,shanghai_local_not_seen_in_beijing_chengdu_or_guangzhou
F005,F005,6a734d7e000000003301018a,F005,shanghai_local_not_seen_in_beijing_chengdu_or_guangzhou
F005,F005,6a7441dc0000000028031d75,F005,shanghai_local_not_seen_in_beijing_chengdu_or_guangzhou
F005,F005,6a754aa20000000005028924,F005,shanghai_local_not_seen_in_beijing_chengdu_or_guangzhou
F005,F005,6a754eb00000000006004661,F005,shanghai_local_not_seen_in_beijing_chengdu_or_guangzhou
F005,F005,6a75613f000000003300d993,F005,shanghai_local_not_seen_in_beijing_chengdu_or_guangzhou
F005,F005,6a76d1370000000025001919,F005,shanghai_local_not_seen_in_beijing_chengdu_or_guangzhou
F005,F005,6a76ddc800000000320312b9,F005,shanghai_local_not_seen_in_beijing_chengdu_or_guangzhou
F005,F005,6a78725a00000000330369b9,F005,shanghai_local_not_seen_in_beijing_chengdu_or_guangzhou
F005,F005,6a797b3c0000000035016f2d,F005,shanghai_local_not_seen_in_beijing_chengdu_or_guangzhou
F005,F005,6a79a569000000002402da59,F005,shanghai_local_not_seen_in_beijing_chengdu_or_guangzhou
F005,F005,6a79c89b0000000025007ebc,F005,shanghai_local_not_seen_in_beijing_chengdu_or_guangzhou
F005,F005,6a7a5b1a00000000330303d8,F005,shanghai_local_not_seen_in_beijing_chengdu_or_guangzhou
F005,F005,6a7bd9d8000000000502ba5c,F005,shanghai_local_not_seen_in_beijing_chengdu_or_guangzhou
F005,F005,6a7be34e000000000502b5e1,F005,shanghai_local_not_seen_in_beijing_chengdu_or_guangzhou
F005,F005,6a7c40b7000000003302e9ef,F005,shanghai_local_not_seen_in_beijing_chengdu_or_guangzhou
F005,F005,6a7c58760000000032021b03,F005,shanghai_local_not_seen_in_beijing_chengdu_or_guangzhou
F005,F005,6a7d84b6000000002701c6f5,F005,shanghai_local_not_seen_in_beijing_chengdu_or_guangzhou
F005,F005,6a7dc955000000002500f06e,F005,shanghai_local_not_seen_in_beijing_chengdu_or_guangzhou
F005,F005,6a7ff6cf000000001202815e,F005,shanghai_local_not_seen_in_beijing_chengdu_or_guangzhou
F005,F005,6a8151f30000000025009571,F005,shanghai_local_not_seen_in_beijing_chengdu_or_guangzhou
F005,F005,6a81c39b00000000220338bb,F005,shanghai_local_not_seen_in_beijing_chengdu_or_guangzhou
F005,F005,6a82e049000000003301ccd4,F005,shanghai_local_not_seen_in_beijing_chengdu_or_guangzhou
F005,F005,6a8413b7000000003501798a,F005,shanghai_local_not_seen_in_beijing_chengdu_or_guangzhou
F005,F005,6a843034000000003302ffe8,F005,shanghai_local_not_seen_in_beijing_chengdu_or_guangzhou
F005,F005,6a849753000000003300fba4,F005,shanghai_local_not_seen_in_beijing_chengdu_or_guangzhou
F005,F005,6a8513820000000033030e33,F005,shanghai_local_not_seen_in_beijing_chengdu_or_guangzhou
F005,F005,6a85319e000000002500103d,F005,shanghai_local_not_seen_in_beijing_chengdu_or_guangzhou
F005,F005,6a8557fd000000002c00595c,F005,shanghai_local_not_seen_in_beijing_chengdu_or_guangzhou
F005,F005,6a881bef000000001b0296e7,F005,shanghai_local_not_seen_in_beijing_chengdu_or_guangzhou
F005,F005,6a88207c000000000302a9d1,F005,shanghai_local_not_seen_in_beijing_chengdu_or_guangzhou
F005,F005,6a8a91b5000000003300ed46,F005,shanghai_local_not_seen_in_beijing_chengdu_or_guangzhou
F005,F005,6a8aff470000000028002e3f,F005,shanghai_local_not_seen_in_beijing_chengdu_or_guangzhou
F005,F005,6a8bd8f40000000028003630,F005,shanghai_local_not_seen_in_beijing_chengdu_or_guangzhou
F005,F005,6a8fed3f0000000026004f1c,F005,shanghai_local_not_seen_in_beijing_chengdu_or_guangzhou
F005,F005,6a9010db000000002102444d,F005,shanghai_local_not_seen_in_beijing_chengdu_or_guangzhou
F005,F005,6a902d2e000000001f0012f5,F005,shanghai_local_not_seen_in_beijing_chengdu_or_guangzhou
F005,F005,6a91035c000000002903de47,F005,shanghai_local_not_seen_in_beijing_chengdu_or_guangzhou
F005,F005,6a9138f4000000000a00b45c,F005,shanghai_local_not_seen_in_beijing_chengdu_or_guangzhou
F005,F005,6a91cd78000000002003545e,F005,shanghai_local_not_seen_in_beijing_chengdu_or_guangzhou
F005,F005,6a92075f0000000020036bea,F005,shanghai_local_not_seen_in_beijing_chengdu_or_guangzhou
F005,F005,6a92fed50000000026001a49,F005,shanghai_local_not_seen_in_beijing_chengdu_or_guangzhou
F005,F005,6a93210c000000002a031bab,F005,shanghai_local_not_seen_in_beijing_chengdu_or_guangzhou
F005,F005,6a94857a000000002a030966,F005,shanghai_local_not_seen_in_beijing_chengdu_or_guangzhou
F005,F005,6a957dc9000000000303e4f5,F005,shanghai_local_not_seen_in_beijing_chengdu_or_guangzhou
F005,F005,6a96709c000000002701506f,F005,shanghai_local_not_seen_in_beijing_chengdu_or_guangzhou
F005,F005,6a96cf55000000002901933b,F005,shanghai_local_not_seen_in_beijing_chengdu_or_guangzhou
F005,F005,6a9718d7000000001203492e,F005,shanghai_local_not_seen_in_beijing_chengdu_or_guangzhou
F005,F005,6a971ac900000000280037d6,F005,shanghai_local_not_seen_in_beijing_chengdu_or_guangzhou
F005,F005,6a971bda0000000026018297,F005,shanghai_local_not_seen_in_beijing_chengdu_or_guangzhou
F005,F005,6a971fe900000000110380d2,F005,shanghai_local_not_seen_in_beijing_chengdu_or_guangzhou
F005,F005,6a972c1900000000120350ff,F005,shanghai_local_not_seen_in_beijing_chengdu_or_guangzhou
F005,F005,6a9742ca0000000028034324,F005,shanghai_local_not_seen_in_beijing_chengdu_or_guangzhou
F005,F005,6a974bd300000000290109d3,F005,shanghai_local_not_seen_in_beijing_chengdu_or_guangzhou
F005,F005,6a97531d0000000027015b94,F005,shanghai_local_not_seen_in_beijing_chengdu_or_guangzhou
F005,F005,6a97541b0000000028032df6,F005,shanghai_local_not_seen_in_beijing_chengdu_or_guangzhou
F005,F005,6a976568000000000b00e5ed,F005,shanghai_local_not_seen_in_beijing_chengdu_or_guangzhou
F005,F005,6a97687e000000000d024ad8,F005,shanghai_local_not_seen_in_beijing_chengdu_or_guangzhou
F005,F005,6a976b8e000000002b024ce7,F005,shanghai_local_not_seen_in_beijing_chengdu_or_guangzhou
F005,F005,6a9772ba00000000110347d2,F005,shanghai_local_not_seen_in_beijing_chengdu_or_guangzhou
F005,F005,6a9774b3000000002600b46c,F005,shanghai_local_not_seen_in_beijing_chengdu_or_guangzhou
F005,F005,6a9774cd0000000026039864,F005,shanghai_local_not_seen_in_beijing_chengdu_or_guangzhou
F005,F005,6a977a04000000002601dfb6,F005,shanghai_local_not_seen_in_beijing_chengdu_or_guangzhou
F005,F005,6a977e80000000002902c6dc,F005,shanghai_local_not_seen_in_beijing_chengdu_or_guangzhou
F005,F005,6a977ffc000000002900fac8,F005,shanghai_local_not_seen_in_beijing_chengdu_or_guangzhou
F005,F005,6a9784df000000001103519c,F005,shanghai_local_not_seen_in_beijing_chengdu_or_guangzhou
F005,F005,6a978ea800000000290138a7,F005,shanghai_local_not_seen_in_beijing_chengdu_or_guangzhou
F005,F005,6a979240000000002902c48f,F005,shanghai_local_not_seen_in_beijing_chengdu_or_guangzhou
F005,F005,6a9792e8000000000b0022d4,F005,shanghai_local_not_seen_in_beijing_chengdu_or_guangzhou
F005,F005,6a9796810000000029015dd9,F005,shanghai_local_not_seen_in_beijing_chengdu_or_guangzhou
F005,F005,6a9797980000000029011688,F005,shanghai_local_not_seen_in_beijing_chengdu_or_guangzhou
F005,F005,6a979d53000000002802e6d2,F005,shanghai_local_not_seen_in_beijing_chengdu_or_guangzhou
F005,F005,6a979d7100000000250354fd,F005,shanghai_local_not_seen_in_beijing_chengdu_or_guangzhou
F005,F005,6a97a0aa000000001001c4e3,F005,shanghai_local_not_seen_in_beijing_chengdu_or_guangzhou
F005,F005,6a97a2f20000000026032f68,F005,shanghai_local_not_seen_in_beijing_chengdu_or_guangzhou
F005,F005,6a97a7f0000000002800086d,F005,shanghai_local_not_seen_in_beijing_chengdu_or_guangzhou
F005,F005,6a97aeb00000000026030db2,F005,shanghai_local_not_seen_in_beijing_chengdu_or_guangzhou
F005,F005,6a97bc43000000002502d588,F005,shanghai_local_not_seen_in_beijing_chengdu_or_guangzhou
F005,F005,6a97beb10000000026039e12,F005,shanghai_local_not_seen_in_beijing_chengdu_or_guangzhou
F005,F005,6a97c2b4000000002b010592,F005,shanghai_local_not_seen_in_beijing_chengdu_or_guangzhou
F005,F005,6a97c7eb0000000012002d21,F005,shanghai_local_not_seen_in_beijing_chengdu_or_guangzhou
F005,F005,6a97cd29000000000b0009bf,F005,shanghai_local_not_seen_in_beijing_chengdu_or_guangzhou
F005,F005,6a97ec8c000000002600905e,F005,shanghai_local_not_seen_in_beijing_chengdu_or_guangzhou
F005,F005,6a98003a00000000120292e2,F005,shanghai_local_not_seen_in_beijing_chengdu_or_guangzhou
F005,F005,6a981158000000000b00cc30,F005,shanghai_local_not_seen_in_beijing_chengdu_or_guangzhou
F005,F005,6a981e6e0000000028037333,F005,shanghai_local_not_seen_in_beijing_chengdu_or_guangzhou
F005,F005,6a985c42000000000b00c31d,F005,shanghai_local_not_seen_in_beijing_chengdu_or_guangzhou
F005,F005,6a98ca3f00000000260147cc,F005,shanghai_local_not_seen_in_beijing_chengdu_or_guangzhou
F005,F005,6a98d168000000000d0246fe,F005,shanghai_local_not_seen_in_beijing_chengdu_or_guangzhou
F005,F005,6a98e60e000000002b0011f1,F005,shanghai_local_not_seen_in_beijing_chengdu_or_guangzhou
F005,F005,6a98ff210000000028034c8f,F005,shanghai_local_not_seen_in_beijing_chengdu_or_guangzhou
F005,F005,6a9916cc000000002901b279,F005,shanghai_local_not_seen_in_beijing_chengdu_or_guangzhou
F005,F005,6a991b4d000000002901809b,F005,shanghai_local_not_seen_in_beijing_chengdu_or_guangzhou
F005,F005,6a99302e0000000011034259,F005,shanghai_local_not_seen_in_beijing_chengdu_or_guangzhou
F005,F005,6a9937840000000028035086,F005,shanghai_local_not_seen_in_beijing_chengdu_or_guangzhou
F005,F005,6a994e00000000000b002dfb,F005,shanghai_local_not_seen_in_beijing_chengdu_or_guangzhou
F005,F005,6a997f2f0000000026020758,F005,shanghai_local_not_seen_in_beijing_chengdu_or_guangzhou
F005,F005,6a99841b000000002502d973,F005,shanghai_local_not_seen_in_beijing_chengdu_or_guangzhou
F005,F005,6a99b08f0000000014011a52,F005,shanghai_local_not_seen_in_beijing_chengdu_or_guangzhou
F005,F005,6a9a9051000000002a005491,F005,shanghai_local_not_seen_in_beijing_chengdu_or_guangzhou
F005,F005,6a9aa736000000002802c69c,F005,shanghai_local_not_seen_in_beijing_chengdu_or_guangzhou
F005,F005,6a9ae7fb00000000280317db,F005,shanghai_local_not_seen_in_beijing_chengdu_or_guangzhou
F005,F005,6a9aedc9000000000e03c000,F005,shanghai_local_not_seen_in_beijing_chengdu_or_guangzhou
F005,F005,6a9b3edb0000000011031f5d,F005,shanghai_local_not_seen_in_beijing_chengdu_or_guangzhou
F005,F005,6a9b83c8000000000b037576,F005,shanghai_local_not_seen_in_beijing_chengdu_or_guangzhou
F005,F005,6a9b9ba3000000002800387b,F005,shanghai_local_not_seen_in_beijing_chengdu_or_guangzhou
F005,F005,6a9be1760000000026009333,F005,shanghai_local_not_seen_in_beijing_chengdu_or_guangzhou
F005,F005,6a9d43320000000012003fe2,F005,shanghai_local_not_seen_in_beijing_chengdu_or_guangzhou
F005,F005,6a9d6a320000000026015502,F005,shanghai_local_not_seen_in_beijing_chengdu_or_guangzhou
F005,F005,6a9d6f25000000002502d612,F005,shanghai_local_not_seen_in_beijing_chengdu_or_guangzhou
F005,F005,6a9e45940000000011030f5b,F005,shanghai_local_not_seen_in_beijing_chengdu_or_guangzhou
F005,F005,6a9e63e1000000002902c3fb,F005,shanghai_local_not_seen_in_beijing_chengdu_or_guangzhou
F005,F005,6a9eb3ce000000000b000578,F005,shanghai_local_not_seen_in_beijing_chengdu_or_guangzhou
F005,F005,6a9ed20f0000000025034473,F005,shanghai_local_not_seen_in_beijing_chengdu_or_guangzhou
F005,F005,6a9edb21000000002502cc71,F005,shanghai_local_not_seen_in_beijing_chengdu_or_guangzhou
F005,F005,6a9fbc2e000000002b013a72,F005,shanghai_local_not_seen_in_beijing_chengdu_or_guangzhou
F005,F005,6a9fd4b7000000002601e956,F005,shanghai_local_not_seen_in_beijing_chengdu_or_guangzhou
F005,F005,6a9ff2a6000000000b00f0e0,F005,shanghai_local_not_seen_in_beijing_chengdu_or_guangzhou
F005,F005,6aa0020a000000002700a155,F005,shanghai_local_not_seen_in_beijing_chengdu_or_guangzhou
F005,F005,6aa03175000000002803043f,F005,shanghai_local_not_seen_in_beijing_chengdu_or_guangzhou
F005,F005,6aa03c9e000000002b00387f,F005,shanghai_local_not_seen_in_beijing_chengdu_or_guangzhou
F005,F005,6aa03cf7000000002503446e,F005,shanghai_local_not_seen_in_beijing_chengdu_or_guangzhou
F005,F005,6aa043b5000000000d027856,F005,shanghai_local_not_seen_in_beijing_chengdu_or_guangzhou
F005,F005,6aa047ad000000002802f4a1,F005,shanghai_local_not_seen_in_beijing_chengdu_or_guangzhou
F005,F005,6aa05da8000000001001dda0,F005,shanghai_local_not_seen_in_beijing_chengdu_or_guangzhou
F005,F005,6aa05f2b000000002601ed17,F005,shanghai_local_not_seen_in_beijing_chengdu_or_guangzhou
F005,F005,6aa07eb30000000025037ddb,F005,shanghai_local_not_seen_in_beijing_chengdu_or_guangzhou
F005,F005,6aa080a60000000026009070,F005,shanghai_local_not_seen_in_beijing_chengdu_or_guangzhou
F005,F005,6aa09a8d000000002900cba2,F005,shanghai_local_not_seen_in_beijing_chengdu_or_guangzhou
F005,F005,6aa09c5c0000000027016b5b,F005,shanghai_local_not_seen_in_beijing_chengdu_or_guangzhou
F005,F005,6aa0a25200000000120376f6,F005,shanghai_local_not_seen_in_beijing_chengdu_or_guangzhou
F005,F005,6aa0a5f2000000002b002da8,F005,shanghai_local_not_seen_in_beijing_chengdu_or_guangzhou
F005,F005,6aa0abd40000000026021fce,F005,shanghai_local_not_seen_in_beijing_chengdu_or_guangzhou
F005,F005,6aa0b094000000002802a5a1,F005,shanghai_local_not_seen_in_beijing_chengdu_or_guangzhou
F005,F005,6aa0b207000000000e03c800,F005,shanghai_local_not_seen_in_beijing_chengdu_or_guangzhou
F005,F005,6aa0b599000000001203ecb2,F005,shanghai_local_not_seen_in_beijing_chengdu_or_guangzhou
F005,F005,6aa0b6e000000000250363a0,F005,shanghai_local_not_seen_in_beijing_chengdu_or_guangzhou
F005,F005,6aa0b8d7000000000d0251fc,F005,shanghai_local_not_seen_in_beijing_chengdu_or_guangzhou
F005,F005,6aa0b9d0000000002b0113f4,F005,shanghai_local_not_seen_in_beijing_chengdu_or_guangzhou
F005,F005,6aa0c455000000002502cbb1,F005,shanghai_local_not_seen_in_beijing_chengdu_or_guangzhou
F005,F005,6aa0c694000000000b001958,F005,shanghai_local_not_seen_in_beijing_chengdu_or_guangzhou
F005,F005,6aa0c7de000000001001eb56,F005,shanghai_local_not_seen_in_beijing_chengdu_or_guangzhou
F005,F005,6aa0cb2f0000000012026e08,F005,shanghai_local_not_seen_in_beijing_chengdu_or_guangzhou
F005,F005,6aa0cce4000000002802f865,F005,shanghai_local_not_seen_in_beijing_chengdu_or_guangzhou
F005,F005,6aa0d473000000002802e525,F005,shanghai_local_not_seen_in_beijing_chengdu_or_guangzhou
F005,F005,6aa0d6410000000028030611,F005,shanghai_local_not_seen_in_beijing_chengdu_or_guangzhou
F005,F005,6aa0d7ec000000000b000eeb,F005,shanghai_local_not_seen_in_beijing_chengdu_or_guangzhou
F005,F005,6aa0dc4f000000001001df08,F005,shanghai_local_not_seen_in_beijing_chengdu_or_guangzhou
F005,F005,6aa0e2b90000000019025d84,F005,shanghai_local_not_seen_in_beijing_chengdu_or_guangzhou
F005,F005,6aa0e2d900000000110357e8,F005,shanghai_local_not_seen_in_beijing_chengdu_or_guangzhou
F005,F005,6aa0e39c000000002502f774,F005,shanghai_local_not_seen_in_beijing_chengdu_or_guangzhou
F005,F005,6aa0e58e0000000026021310,F005,shanghai_local_not_seen_in_beijing_chengdu_or_guangzhou
F005,F005,6aa0ebd3000000002b01c55c,F005,shanghai_local_not_seen_in_beijing_chengdu_or_guangzhou
F005,F005,6aa0f0c2000000002802f544,F005,shanghai_local_not_seen_in_beijing_chengdu_or_guangzhou
F005,F005,6aa0f54d0000000011032f80,F005,shanghai_local_not_seen_in_beijing_chengdu_or_guangzhou
F005,F005,6aa0f6fe00000000270080fa,F005,shanghai_local_not_seen_in_beijing_chengdu_or_guangzhou
F005,F005,6aa0f732000000000b035394,F005,shanghai_local_not_seen_in_beijing_chengdu_or_guangzhou
F005,F005,6aa0fa2000000000280029a0,F005,shanghai_local_not_seen_in_beijing_chengdu_or_guangzhou
F005,F005,6aa0fc580000000026015545,F005,shanghai_local_not_seen_in_beijing_chengdu_or_guangzhou
F005,F005,6aa0ff940000000019027e43,F005,shanghai_local_not_seen_in_beijing_chengdu_or_guangzhou
F005,F005,6aa11cd1000000002b003876,F005,shanghai_local_not_seen_in_beijing_chengdu_or_guangzhou
F005,F005,6aa12a4f000000002601c629,F005,shanghai_local_not_seen_in_beijing_chengdu_or_guangzhou
F005,F005,6aa13076000000001202548a,F005,shanghai_local_not_seen_in_beijing_chengdu_or_guangzhou
F005,F005,6aa1378d00000000110308fe,F005,shanghai_local_not_seen_in_beijing_chengdu_or_guangzhou
F005,F005,6aa13c35000000002802c28a,F005,shanghai_local_not_seen_in_beijing_chengdu_or_guangzhou
F005,F005,6aa14735000000002900f79e,F005,shanghai_local_not_seen_in_beijing_chengdu_or_guangzhou
F005,F005,6aa149f10000000011039eab,F005,shanghai_local_not_seen_in_beijing_chengdu_or_guangzhou
F005,F005,6aa14f2a000000002a005015,F005,shanghai_local_not_seen_in_beijing_chengdu_or_guangzhou
F005,F005,6aa1542b000000002900e72a,F005,shanghai_local_not_seen_in_beijing_chengdu_or_guangzhou
F005,F005,6aa1586600000000120267e6,F005,shanghai_local_not_seen_in_beijing_chengdu_or_guangzhou
F005,F005,6aa1616b000000002701611b,F005,shanghai_local_not_seen_in_beijing_chengdu_or_guangzhou
F005,F005,6aa163e70000000028038cad,F005,shanghai_local_not_seen_in_beijing_chengdu_or_guangzhou
F005,F005,6aa16588000000000d027c57,F005,shanghai_local_not_seen_in_beijing_chengdu_or_guangzhou
F005,F005,6aa165880000000027016e09,F005,shanghai_local_not_seen_in_beijing_chengdu_or_guangzhou
F005,F005,6aa1659f000000002901347d,F005,shanghai_local_not_seen_in_beijing_chengdu_or_guangzhou
F005,F005,6aa1668a000000002a02fa31,F005,shanghai_local_not_seen_in_beijing_chengdu_or_guangzhou
F005,F005,6aa16ca6000000002a02748c,F005,shanghai_local_not_seen_in_beijing_chengdu_or_guangzhou
F005,F005,6aa16e2600000000260201bd,F005,shanghai_local_not_seen_in_beijing_chengdu_or_guangzhou
F005,F005,6aa16e4f000000000b035576,F005,shanghai_local_not_seen_in_beijing_chengdu_or_guangzhou
F005,F005,6aa173a8000000000d024a92,F005,shanghai_local_not_seen_in_beijing_chengdu_or_guangzhou
F005,F005,6aa173e50000000027008e3f,F005,shanghai_local_not_seen_in_beijing_chengdu_or_guangzhou
F005,F005,6aa174d1000000002601f28a,F005,shanghai_local_not_seen_in_beijing_chengdu_or_guangzhou
F005,F005,6aa1750e0000000028036913,F005,shanghai_local_not_seen_in_beijing_chengdu_or_guangzhou
F005,F005,6aa179b9000000001001f661,F005,shanghai_local_not_seen_in_beijing_chengdu_or_guangzhou
F005,F005,6aa17ba00000000026009e00,F005,shanghai_local_not_seen_in_beijing_chengdu_or_guangzhou
F005,F005,6aa17ced00000000110357e4,F005,shanghai_local_not_seen_in_beijing_chengdu_or_guangzhou
F005,F005,6aa17fcc0000000012035a00,F005,shanghai_local_not_seen_in_beijing_chengdu_or_guangzhou
F005,F005,6aa18327000000000d024f26,F005,shanghai_local_not_seen_in_beijing_chengdu_or_guangzhou
F005,F005,6aa1835a0000000011032f20,F005,shanghai_local_not_seen_in_beijing_chengdu_or_guangzhou
F005,F005,6aa18cb9000000001203c631,F005,shanghai_local_not_seen_in_beijing_chengdu_or_guangzhou
F005,F005,6aa18e440000000026015278,F005,shanghai_local_not_seen_in_beijing_chengdu_or_guangzhou
F005,F005,6aa1cf990000000012003f13,F005,shanghai_local_not_seen_in_beijing_chengdu_or_guangzhou
F005,F005,6aa1d85e000000000f039c00,F005,shanghai_local_not_seen_in_beijing_chengdu_or_guangzhou
F005,F005,6aa1f13d00000000140135d5,F005,shanghai_local_not_seen_in_beijing_chengdu_or_guangzhou
F005,F005,6aa1f6e1000000001202445d,F005,shanghai_local_not_seen_in_beijing_chengdu_or_guangzhou
F005,F005,6aa204ec000000002800011c,F005,shanghai_local_not_seen_in_beijing_chengdu_or_guangzhou
F005,F005,6aa206a5000000000d02485c,F005,shanghai_local_not_seen_in_beijing_chengdu_or_guangzhou
F005,F005,6aa20b730000000028001342,F005,shanghai_local_not_seen_in_beijing_chengdu_or_guangzhou
F005,F005,6aa210be0000000012024108,F005,shanghai_local_not_seen_in_beijing_chengdu_or_guangzhou
F005,F005,6aa21cbc000000000b00384a,F005,shanghai_local_not_seen_in_beijing_chengdu_or_guangzhou
F005,F005,6aa227cd00000000120025eb,F005,shanghai_local_not_seen_in_beijing_chengdu_or_guangzhou
F005,F005,6aa2284d000000001103bd30,F005,shanghai_local_not_seen_in_beijing_chengdu_or_guangzhou
F005,F005,6aa23e0d000000000e03f000,F005,shanghai_local_not_seen_in_beijing_chengdu_or_guangzhou
F005,F005,6aa250a0000000000d024de3,F005,shanghai_local_not_seen_in_beijing_chengdu_or_guangzhou
F005,F005,6aa252cd000000000d025a7b,F005,shanghai_local_not_seen_in_beijing_chengdu_or_guangzhou
F005,F005,6aa270f6000000000b0363a2,F005,shanghai_local_not_seen_in_beijing_chengdu_or_guangzhou
F005,F005,6aa277d3000000002601a1de,F005,shanghai_local_not_seen_in_beijing_chengdu_or_guangzhou
F005,F005,6aa27e27000000002502e6c2,F005,shanghai_local_not_seen_in_beijing_chengdu_or_guangzhou
F005,F005,6aa27e70000000000d026f4f,F005,shanghai_local_not_seen_in_beijing_chengdu_or_guangzhou
F005,F005,6aa287b80000000026019a30,F005,shanghai_local_not_seen_in_beijing_chengdu_or_guangzhou
F005,F005,6aa2a15c00000000280360db,F005,shanghai_local_not_seen_in_beijing_chengdu_or_guangzhou
F005,F005,6aa2bc360000000028000851,F005,shanghai_local_not_seen_in_beijing_chengdu_or_guangzhou
F005,F005,6aa2c3ab00000000260205fb,F005,shanghai_local_not_seen_in_beijing_chengdu_or_guangzhou
F005,F005,6aa2c4f100000000260392de,F005,shanghai_local_not_seen_in_beijing_chengdu_or_guangzhou
F005,F005,6aa2c76f0000000028002cb2,F005,shanghai_local_not_seen_in_beijing_chengdu_or_guangzhou
F005,F005,6aa2cb47000000002a02c391,F005,shanghai_local_not_seen_in_beijing_chengdu_or_guangzhou
F005,F005,6aa2e278000000000b03748e,F005,shanghai_local_not_seen_in_beijing_chengdu_or_guangzhou
F005,F005,6aa2e6150000000026017460,F005,shanghai_local_not_seen_in_beijing_chengdu_or_guangzhou
F005,F005,6aa2e9e5000000001200298a,F005,shanghai_local_not_seen_in_beijing_chengdu_or_guangzhou
F005,F005,6aa2eb06000000001001e7fc,F005,shanghai_local_not_seen_in_beijing_chengdu_or_guangzhou
F005,F005,6aa32c95000000002803a853,F005,shanghai_local_not_seen_in_beijing_chengdu_or_guangzhou
F005,F005,6aa33355000000000f03a400,F005,shanghai_local_not_seen_in_beijing_chengdu_or_guangzhou
F005,F005,6aa3340c000000000e03c800,F005,shanghai_local_not_seen_in_beijing_chengdu_or_guangzhou
F005,F005,6aa33b6d000000001103a6b1,F005,shanghai_local_not_seen_in_beijing_chengdu_or_guangzhou
F005,F005,6aa340b300000000110336d7,F005,shanghai_local_not_seen_in_beijing_chengdu_or_guangzhou
F005,F005,6aa34128000000002802d5cc,F005,shanghai_local_not_seen_in_beijing_chengdu_or_guangzhou
F005,F005,6aa3479a000000002b0117b0,F005,shanghai_local_not_seen_in_beijing_chengdu_or_guangzhou
F005,F005,6aa34d59000000000e03c000,F005,shanghai_local_not_seen_in_beijing_chengdu_or_guangzhou
F005,F005,6aa34eae0000000026015edd,F005,shanghai_local_not_seen_in_beijing_chengdu_or_guangzhou
F005,F005,6aa35835000000002900f191,F005,shanghai_local_not_seen_in_beijing_chengdu_or_guangzhou
F005,F005,6aa35c9d00000000260155c7,F005,shanghai_local_not_seen_in_beijing_chengdu_or_guangzhou
F005,F005,6aa36696000000001001f594,F005,shanghai_local_not_seen_in_beijing_chengdu_or_guangzhou
F005,F005,6aa36a81000000002700a0fd,F005,shanghai_local_not_seen_in_beijing_chengdu_or_guangzhou
F005,F005,6aa36d92000000002502c790,F005,shanghai_local_not_seen_in_beijing_chengdu_or_guangzhou
F005,F005,6aa36f6e000000002b00340c,F005,shanghai_local_not_seen_in_beijing_chengdu_or_guangzhou
F005,F005,6aa36f7800000000120007d8,F005,shanghai_local_not_seen_in_beijing_chengdu_or_guangzhou
F005,F005,6aa37633000000002600833e,F005,shanghai_local_not_seen_in_beijing_chengdu_or_guangzhou
F005,F005,6aa37671000000002601677b,F005,shanghai_local_not_seen_in_beijing_chengdu_or_guangzhou
F005,F005,6aa394740000000028033ceb,F005,shanghai_local_not_seen_in_beijing_chengdu_or_guangzhou
F006,F006,652f9fa7000000001a021a6b,F006,shanghai_local_not_seen_in_beijing_chengdu_or_guangzhou
F006,F006,66d15de1000000001f01d014,F006,shanghai_local_not_seen_in_beijing_chengdu_or_guangzhou
F006,F006,66e3fced00000000270001b6,F006,shanghai_local_not_seen_in_beijing_chengdu_or_guangzhou
F006,F006,6846b9ab0000000023017695,F006,shanghai_local_not_seen_in_beijing_chengdu_or_guangzhou
F006,F006,6875ad3a00000000230077de,F006,shanghai_local_not_seen_in_beijing_chengdu_or_guangzhou
F006,F006,68d695f30000000013014233,F006,shanghai_local_not_seen_in_beijing_chengdu_or_guangzhou
F006,F006,68e00f78000000000303a08e,F006,shanghai_local_not_seen_in_beijing_chengdu_or_guangzhou
F006,F006,69038a4b0000000003038569,F006,shanghai_local_not_seen_in_beijing_chengdu_or_guangzhou
F006,F006,692150f7000000001f00e800,F006,shanghai_local_not_seen_in_beijing_chengdu_or_guangzhou
F006,F006,699d33bf000000000a031b50,F006,shanghai_local_not_seen_in_beijing_chengdu_or_guangzhou
F006,F006,69a64074000000002602c438,F006,shanghai_local_not_seen_in_beijing_chengdu_or_guangzhou
F006,F006,69d4479e00000000210110b5,F006,shanghai_local_not_seen_in_beijing_chengdu_or_guangzhou
F006,F006,69d515db00000000200397f4,F006,shanghai_local_not_seen_in_beijing_chengdu_or_guangzhou
F006,F006,69e1ae1700000000230237f5,F006,shanghai_local_not_seen_in_beijing_chengdu_or_guangzhou
F006,F006,69faeb3e000000003700f245,F006,shanghai_local_not_seen_in_beijing_chengdu_or_guangzhou
F006,F006,69fcc15d000000002003bf01,F006,shanghai_local_not_seen_in_beijing_chengdu_or_guangzhou
F006,F006,6a0da7e900000000360324da,F006,shanghai_local_not_seen_in_beijing_chengdu_or_guangzhou
F006,F006,6a2410df000000002202fac4,F006,shanghai_local_not_seen_in_beijing_chengdu_or_guangzhou
F006,F006,6a2998af000000001503da54,F006,shanghai_local_not_seen_in_beijing_chengdu_or_guangzhou
F006,F006,6a3b4ae5000000001503f25c,F006,shanghai_local_not_seen_in_beijing_chengdu_or_guangzhou
F006,F006,6a3b7f46000000001101d553,F006,shanghai_local_not_seen_in_beijing_chengdu_or_guangzhou
F006,F006,6a40e1fd00000000110166be,F006,shanghai_local_not_seen_in_beijing_chengdu_or_guangzhou
F006,F006,6a464d76000000001101439f,F006,shanghai_local_not_seen_in_beijing_chengdu_or_guangzhou
F006,F006,6a4bc8b4000000001603ccab,F006,shanghai_local_not_seen_in_beijing_chengdu_or_guangzhou
F006,F006,6a504071000000002101992c,F006,shanghai_local_not_seen_in_beijing_chengdu_or_guangzhou
F006,F006,6a599810000000000e037a04,F006,shanghai_local_not_seen_in_beijing_chengdu_or_guangzhou
F006,F006,6a5cb9e80000000001002090,F006,shanghai_local_not_seen_in_beijing_chengdu_or_guangzhou
F006,F006,6a5d976800000000040285e1,F006,shanghai_local_not_seen_in_beijing_chengdu_or_guangzhou
F006,F006,6a61fbce000000001003d4be,F006,shanghai_local_not_seen_in_beijing_chengdu_or_guangzhou
F006,F006,6a6d8319000000002800a35f,F006,shanghai_local_not_seen_in_beijing_chengdu_or_guangzhou
F006,F006,6a70889d00000000220310a1,F006,shanghai_local_not_seen_in_beijing_chengdu_or_guangzhou
F006,F006,6a749a590000000002003c00,F006,shanghai_local_not_seen_in_beijing_chengdu_or_guangzhou
F006,F006,6a772bdc0000000025017efd,F006,shanghai_local_not_seen_in_beijing_chengdu_or_guangzhou
F006,F006,6a787dc80000000028031832,F006,shanghai_local_not_seen_in_beijing_chengdu_or_guangzhou
F006,F006,6a7b0696000000002c004dc6,F006,shanghai_local_not_seen_in_beijing_chengdu_or_guangzhou
F006,F006,6a86546e000000003800392d,F006,shanghai_local_not_seen_in_beijing_chengdu_or_guangzhou
F006,F006,6a87e94e000000003101704d,F006,shanghai_local_not_seen_in_beijing_chengdu_or_guangzhou
F006,F006,6a8a836e000000003a02d781,F006,shanghai_local_not_seen_in_beijing_chengdu_or_guangzhou
F006,F006,6a8e83640000000007004adc,F006,shanghai_local_not_seen_in_beijing_chengdu_or_guangzhou
F006,F006,6a935ff4000000001f01ebab,F006,shanghai_local_not_seen_in_beijing_chengdu_or_guangzhou
F006,F006,6a940dc20000000026003371,F006,shanghai_local_not_seen_in_beijing_chengdu_or_guangzhou
F006,F006,6a94f4f5000000001f01c387,F006,shanghai_local_not_seen_in_beijing_chengdu_or_guangzhou
F006,F006,6a956edb000000002903e56f,F006,shanghai_local_not_seen_in_beijing_chengdu_or_guangzhou
F006,F006,6a96354a000000002802de3a,F006,shanghai_local_not_seen_in_beijing_chengdu_or_guangzhou
F006,F006,6a96a1e70000000028038981,F006,shanghai_local_not_seen_in_beijing_chengdu_or_guangzhou
F006,F006,6a9790d30000000026014ce5,F006,shanghai_local_not_seen_in_beijing_chengdu_or_guangzhou
F006,F006,6a99a0a1000000002a0069f2,F006,shanghai_local_not_seen_in_beijing_chengdu_or_guangzhou
F006,F006,6a99d162000000002603bef1,F006,shanghai_local_not_seen_in_beijing_chengdu_or_guangzhou
F006,F006,6a99db3a000000002a02ee89,F006,shanghai_local_not_seen_in_beijing_chengdu_or_guangzhou
F006,F006,6a99f61b00000000120022b2,F006,shanghai_local_not_seen_in_beijing_chengdu_or_guangzhou
F006,F006,6a9a08a5000000002803947a,F006,shanghai_local_not_seen_in_beijing_chengdu_or_guangzhou
F006,F006,6a9a0f6500000000250367c6,F006,shanghai_local_not_seen_in_beijing_chengdu_or_guangzhou
F006,F006,6a9a19f3000000002b0009db,F006,shanghai_local_not_seen_in_beijing_chengdu_or_guangzhou
F006,F006,6a9a1f75000000002803be6b,F006,shanghai_local_not_seen_in_beijing_chengdu_or_guangzhou
F006,F006,6a9a21b00000000027008ef6,F006,shanghai_local_not_seen_in_beijing_chengdu_or_guangzhou
F006,F006,6a9a27dc000000002700a13d,F006,shanghai_local_not_seen_in_beijing_chengdu_or_guangzhou
F006,F006,6a9a2b7b0000000012003d76,F006,shanghai_local_not_seen_in_beijing_chengdu_or_guangzhou
F006,F006,6a9a2cda000000002a02c995,F006,shanghai_local_not_seen_in_beijing_chengdu_or_guangzhou
F006,F006,6a9a3363000000002502e83e,F006,shanghai_local_not_seen_in_beijing_chengdu_or_guangzhou
F006,F006,6a9a3f1500000000260392ac,F006,shanghai_local_not_seen_in_beijing_chengdu_or_guangzhou
F006,F006,6a9a4046000000002502f295,F006,shanghai_local_not_seen_in_beijing_chengdu_or_guangzhou
F006,F006,6a9a42d9000000001001fd0d,F006,shanghai_local_not_seen_in_beijing_chengdu_or_guangzhou
F006,F006,6a9a4b3f000000002601ed6a,F006,shanghai_local_not_seen_in_beijing_chengdu_or_guangzhou
F006,F006,6a9a5997000000002a006336,F006,shanghai_local_not_seen_in_beijing_chengdu_or_guangzhou
F006,F006,6a9a5bd1000000002803be21,F006,shanghai_local_not_seen_in_beijing_chengdu_or_guangzhou
F006,F006,6a9a5f1c000000002a027405,F006,shanghai_local_not_seen_in_beijing_chengdu_or_guangzhou
F006,F006,6a9a61b6000000000d025286,F006,shanghai_local_not_seen_in_beijing_chengdu_or_guangzhou
F006,F006,6a9a7598000000002b01edaa,F006,shanghai_local_not_seen_in_beijing_chengdu_or_guangzhou
F006,F006,6a9a7fea000000002b002c0c,F006,shanghai_local_not_seen_in_beijing_chengdu_or_guangzhou
F006,F006,6a9a8432000000000b034768,F006,shanghai_local_not_seen_in_beijing_chengdu_or_guangzhou
F006,F006,6a9a9791000000000d026899,F006,shanghai_local_not_seen_in_beijing_chengdu_or_guangzhou
F006,F006,6a9a987b0000000011030ef2,F006,shanghai_local_not_seen_in_beijing_chengdu_or_guangzhou
F006,F006,6a9ab4720000000027009797,F006,shanghai_local_not_seen_in_beijing_chengdu_or_guangzhou
F006,F006,6a9abe3a000000002603033d,F006,shanghai_local_not_seen_in_beijing_chengdu_or_guangzhou
F006,F006,6a9ad9dc0000000011038149,F006,shanghai_local_not_seen_in_beijing_chengdu_or_guangzhou
F006,F006,6a9adf430000000019024216,F006,shanghai_local_not_seen_in_beijing_chengdu_or_guangzhou
F006,F006,6a9ae828000000000b00fe88,F006,shanghai_local_not_seen_in_beijing_chengdu_or_guangzhou
F006,F006,6a9b1d07000000002601d64f,F006,shanghai_local_not_seen_in_beijing_chengdu_or_guangzhou
F006,F006,6a9b26bd000000000b034a5c,F006,shanghai_local_not_seen_in_beijing_chengdu_or_guangzhou
F006,F006,6a9b2954000000002600bbe9,F006,shanghai_local_not_seen_in_beijing_chengdu_or_guangzhou
F006,F006,6a9b40b30000000029019eb1,F006,shanghai_local_not_seen_in_beijing_chengdu_or_guangzhou
F006,F006,6a9b4dc2000000002900e3ba,F006,shanghai_local_not_seen_in_beijing_chengdu_or_guangzhou
F006,F006,6a9b546a0000000026022bfd,F006,shanghai_local_not_seen_in_beijing_chengdu_or_guangzhou
F006,F006,6a9b74f1000000002902faba,F006,shanghai_local_not_seen_in_beijing_chengdu_or_guangzhou
F006,F006,6a9b7cf6000000002700b4ce,F006,shanghai_local_not_seen_in_beijing_chengdu_or_guangzhou
F006,F006,6a9b7cfc00000000290109d8,F006,shanghai_local_not_seen_in_beijing_chengdu_or_guangzhou
F006,F006,6a9b7f720000000011034e44,F006,shanghai_local_not_seen_in_beijing_chengdu_or_guangzhou
F006,F006,6a9b89ad000000002601b45d,F006,shanghai_local_not_seen_in_beijing_chengdu_or_guangzhou
F006,F006,6a9b8a37000000002b013b48,F006,shanghai_local_not_seen_in_beijing_chengdu_or_guangzhou
F006,F006,6a9b8f760000000029010ad3,F006,shanghai_local_not_seen_in_beijing_chengdu_or_guangzhou
F006,F006,6a9b90a900000000280013a3,F006,shanghai_local_not_seen_in_beijing_chengdu_or_guangzhou
F006,F006,6a9b9492000000002601f99c,F006,shanghai_local_not_seen_in_beijing_chengdu_or_guangzhou
F006,F006,6a9b997c0000000012024c45,F006,shanghai_local_not_seen_in_beijing_chengdu_or_guangzhou
F006,F006,6a9b9ec70000000026017bd9,F006,shanghai_local_not_seen_in_beijing_chengdu_or_guangzhou
F006,F006,6a9bba0c00000000260157f2,F006,shanghai_local_not_seen_in_beijing_chengdu_or_guangzhou
F006,F006,6a9bbcd7000000002803880b,F006,shanghai_local_not_seen_in_beijing_chengdu_or_guangzhou
F006,F006,6a9bc208000000002902c439,F006,shanghai_local_not_seen_in_beijing_chengdu_or_guangzhou
F006,F006,6a9bc2cb000000002900ecdc,F006,shanghai_local_not_seen_in_beijing_chengdu_or_guangzhou
F006,F006,6a9bc6a4000000000b00134c,F006,shanghai_local_not_seen_in_beijing_chengdu_or_guangzhou
F006,F006,6a9bcc360000000027014fc9,F006,shanghai_local_not_seen_in_beijing_chengdu_or_guangzhou
F006,F006,6a9bd9f5000000002900c659,F006,shanghai_local_not_seen_in_beijing_chengdu_or_guangzhou
F006,F006,6a9bde570000000012037aff,F006,shanghai_local_not_seen_in_beijing_chengdu_or_guangzhou
F006,F006,6a9bebc80000000026033c61,F006,shanghai_local_not_seen_in_beijing_chengdu_or_guangzhou
F006,F006,6a9bee8b000000002502cf23,F006,shanghai_local_not_seen_in_beijing_chengdu_or_guangzhou
F006,F006,6a9befa9000000002802c79d,F006,shanghai_local_not_seen_in_beijing_chengdu_or_guangzhou
F006,F006,6a9bf38d0000000028032ece,F006,shanghai_local_not_seen_in_beijing_chengdu_or_guangzhou
F006,F006,6a9bf664000000002802f254,F006,shanghai_local_not_seen_in_beijing_chengdu_or_guangzhou
F006,F006,6a9c07b700000000290166c4,F006,shanghai_local_not_seen_in_beijing_chengdu_or_guangzhou
F006,F006,6a9c0ece000000002a02c005,F006,shanghai_local_not_seen_in_beijing_chengdu_or_guangzhou
F006,F006,6a9c0f970000000025037b4b,F006,shanghai_local_not_seen_in_beijing_chengdu_or_guangzhou
F006,F006,6a9c0ff2000000002700959a,F006,shanghai_local_not_seen_in_beijing_chengdu_or_guangzhou
F006,F006,6a9c22f90000000027017d71,F006,shanghai_local_not_seen_in_beijing_chengdu_or_guangzhou
F006,F006,6a9c2d1f000000001401c16c,F006,shanghai_local_not_seen_in_beijing_chengdu_or_guangzhou
F006,F006,6a9c3da1000000002900fe3c,F006,shanghai_local_not_seen_in_beijing_chengdu_or_guangzhou
F006,F006,6a9c3f17000000002601e6f9,F006,shanghai_local_not_seen_in_beijing_chengdu_or_guangzhou
F006,F006,6a9c4410000000001001c68c,F006,shanghai_local_not_seen_in_beijing_chengdu_or_guangzhou
F006,F006,6a9c7ef500000000270145e7,F006,shanghai_local_not_seen_in_beijing_chengdu_or_guangzhou
F006,F006,6a9c967e00000000250342bd,F006,shanghai_local_not_seen_in_beijing_chengdu_or_guangzhou
F006,F006,6a9cbc3a0000000011033a87,F006,shanghai_local_not_seen_in_beijing_chengdu_or_guangzhou
F006,F006,6a9cbcef0000000011033ce8,F006,shanghai_local_not_seen_in_beijing_chengdu_or_guangzhou
F006,F006,6a9cbcfb000000000b00047e,F006,shanghai_local_not_seen_in_beijing_chengdu_or_guangzhou
F006,F006,6a9cd9dc0000000029018f0c,F006,shanghai_local_not_seen_in_beijing_chengdu_or_guangzhou
F006,F006,6a9ce70a000000002603be4f,F006,shanghai_local_not_seen_in_beijing_chengdu_or_guangzhou
F006,F006,6a9ceb4e000000002901766f,F006,shanghai_local_not_seen_in_beijing_chengdu_or_guangzhou
F006,F006,6a9cf2da000000002900d821,F006,shanghai_local_not_seen_in_beijing_chengdu_or_guangzhou
F006,F006,6a9d0ba3000000002a027abb,F006,shanghai_local_not_seen_in_beijing_chengdu_or_guangzhou
F006,F006,6a9d2ea00000000011038ddd,F006,shanghai_local_not_seen_in_beijing_chengdu_or_guangzhou
F006,F006,6a9d48310000000027008440,F006,shanghai_local_not_seen_in_beijing_chengdu_or_guangzhou
F006,F006,6a9d568000000000250363ec,F006,shanghai_local_not_seen_in_beijing_chengdu_or_guangzhou
F006,F006,6a9d6b55000000002803baac,F006,shanghai_local_not_seen_in_beijing_chengdu_or_guangzhou
F006,F006,6a9d7215000000002902c016,F006,shanghai_local_not_seen_in_beijing_chengdu_or_guangzhou
F006,F006,6a9d78da000000002b0026df,F006,shanghai_local_not_seen_in_beijing_chengdu_or_guangzhou
F006,F006,6a9d80370000000011035ea2,F006,shanghai_local_not_seen_in_beijing_chengdu_or_guangzhou
F006,F006,6a9dfd78000000001001f9f1,F006,shanghai_local_not_seen_in_beijing_chengdu_or_guangzhou
F006,F006,6a9e0e5d0000000028039311,F006,shanghai_local_not_seen_in_beijing_chengdu_or_guangzhou
F006,F006,6a9e21ad000000002502f65e,F006,shanghai_local_not_seen_in_beijing_chengdu_or_guangzhou
F006,F006,6a9e294800000000120038c1,F006,shanghai_local_not_seen_in_beijing_chengdu_or_guangzhou
F006,F006,6a9e2ac00000000028000c92,F006,shanghai_local_not_seen_in_beijing_chengdu_or_guangzhou
F006,F006,6a9e2da1000000000b035e49,F006,shanghai_local_not_seen_in_beijing_chengdu_or_guangzhou
F006,F006,6a9e3483000000000d02659f,F006,shanghai_local_not_seen_in_beijing_chengdu_or_guangzhou
F006,F006,6a9e50e80000000029018b65,F006,shanghai_local_not_seen_in_beijing_chengdu_or_guangzhou
F006,F006,6a9e78930000000026009cc8,F006,shanghai_local_not_seen_in_beijing_chengdu_or_guangzhou
F006,F006,6a9e8885000000002700af29,F006,shanghai_local_not_seen_in_beijing_chengdu_or_guangzhou
F006,F006,6a9e8a9b000000001203f13a,F006,shanghai_local_not_seen_in_beijing_chengdu_or_guangzhou
F006,F006,6a9e938b000000002603a56f,F006,shanghai_local_not_seen_in_beijing_chengdu_or_guangzhou
F006,F006,6a9eaf2d0000000011039fc4,F006,shanghai_local_not_seen_in_beijing_chengdu_or_guangzhou
F006,F006,6a9ebd66000000000b035743,F006,shanghai_local_not_seen_in_beijing_chengdu_or_guangzhou
F006,F006,6a9ecb4b0000000026022afe,F006,shanghai_local_not_seen_in_beijing_chengdu_or_guangzhou
F006,F006,6a9ecca2000000001103893b,F006,shanghai_local_not_seen_in_beijing_chengdu_or_guangzhou
F006,F006,6a9ed6270000000025035816,F006,shanghai_local_not_seen_in_beijing_chengdu_or_guangzhou
F006,F006,6a9eec750000000011036c40,F006,shanghai_local_not_seen_in_beijing_chengdu_or_guangzhou
F006,F006,6a9f61eb000000002901a0da,F006,shanghai_local_not_seen_in_beijing_chengdu_or_guangzhou
F006,F006,6a9f67d2000000002601ec5e,F006,shanghai_local_not_seen_in_beijing_chengdu_or_guangzhou
F006,F006,6a9f74e800000000270178b5,F006,shanghai_local_not_seen_in_beijing_chengdu_or_guangzhou
F006,F006,6a9f81bc0000000012034ee4,F006,shanghai_local_not_seen_in_beijing_chengdu_or_guangzhou
F006,F006,6a9f887e000000002601ca6c,F006,shanghai_local_not_seen_in_beijing_chengdu_or_guangzhou
F006,F006,6a9f8d000000000011034e1a,F006,shanghai_local_not_seen_in_beijing_chengdu_or_guangzhou
F006,F006,6a9f96ee000000002802b9b6,F006,shanghai_local_not_seen_in_beijing_chengdu_or_guangzhou
F006,F006,6a9f99f900000000120357e3,F006,shanghai_local_not_seen_in_beijing_chengdu_or_guangzhou
F006,F006,6a9fa0680000000028001d81,F006,shanghai_local_not_seen_in_beijing_chengdu_or_guangzhou
F006,F006,6a9fac3d000000000b035a82,F006,shanghai_local_not_seen_in_beijing_chengdu_or_guangzhou
F006,F006,6a9fb1db000000001203f5bc,F006,shanghai_local_not_seen_in_beijing_chengdu_or_guangzhou
F006,F006,6a9fc0c7000000002601be4d,F006,shanghai_local_not_seen_in_beijing_chengdu_or_guangzhou
F006,F006,6a9fc8050000000028002476,F006,shanghai_local_not_seen_in_beijing_chengdu_or_guangzhou
F006,F006,6a9fcca30000000027017588,F006,shanghai_local_not_seen_in_beijing_chengdu_or_guangzhou
F006,F006,6a9fce9b000000002900eaac,F006,shanghai_local_not_seen_in_beijing_chengdu_or_guangzhou
F006,F006,6a9fd86a000000001103ae11,F006,shanghai_local_not_seen_in_beijing_chengdu_or_guangzhou
F006,F006,6a9fdd48000000002b01297f,F006,shanghai_local_not_seen_in_beijing_chengdu_or_guangzhou
F006,F006,6a9fdf870000000012025d8e,F006,shanghai_local_not_seen_in_beijing_chengdu_or_guangzhou
F006,F006,6a9fe4be000000000d02635d,F006,shanghai_local_not_seen_in_beijing_chengdu_or_guangzhou
F006,F006,6a9ffe45000000000d00a01f,F006,shanghai_local_not_seen_in_beijing_chengdu_or_guangzhou
F006,F006,6aa000ab000000002603bdf0,F006,shanghai_local_not_seen_in_beijing_chengdu_or_guangzhou
F006,F006,6aa00b03000000002502fea4,F006,shanghai_local_not_seen_in_beijing_chengdu_or_guangzhou
F006,F006,6aa00c750000000028035f64,F006,shanghai_local_not_seen_in_beijing_chengdu_or_guangzhou
F006,F006,6aa01ebd000000002802e8c2,F006,shanghai_local_not_seen_in_beijing_chengdu_or_guangzhou
F006,F006,6aa02206000000000b03536d,F006,shanghai_local_not_seen_in_beijing_chengdu_or_guangzhou
F006,F006,6aa03304000000002b002997,F006,shanghai_local_not_seen_in_beijing_chengdu_or_guangzhou
F006,F006,6aa034b0000000001001def7,F006,shanghai_local_not_seen_in_beijing_chengdu_or_guangzhou
F006,F006,6aa0360e000000002502d678,F006,shanghai_local_not_seen_in_beijing_chengdu_or_guangzhou
F006,F006,6aa0393300000000110342d2,F006,shanghai_local_not_seen_in_beijing_chengdu_or_guangzhou
F006,F006,6aa03c360000000011034a64,F006,shanghai_local_not_seen_in_beijing_chengdu_or_guangzhou
F006,F006,6aa03df00000000027009423,F006,shanghai_local_not_seen_in_beijing_chengdu_or_guangzhou
F006,F006,6aa04374000000002a02cd85,F006,shanghai_local_not_seen_in_beijing_chengdu_or_guangzhou
F006,F006,6aa05be9000000002802c965,F006,shanghai_local_not_seen_in_beijing_chengdu_or_guangzhou
F006,F006,6aa05dac000000002b010e9c,F006,shanghai_local_not_seen_in_beijing_chengdu_or_guangzhou
F006,F006,6aa07b10000000002b0278a3,F006,shanghai_local_not_seen_in_beijing_chengdu_or_guangzhou
F006,F006,6aa0905e000000000d026fd2,F006,shanghai_local_not_seen_in_beijing_chengdu_or_guangzhou
F006,F006,6aa099640000000026015638,F006,shanghai_local_not_seen_in_beijing_chengdu_or_guangzhou
F006,F006,6aa09c5a0000000028035d0b,F006,shanghai_local_not_seen_in_beijing_chengdu_or_guangzhou
F006,F006,6aa0aa35000000002601766b,F006,shanghai_local_not_seen_in_beijing_chengdu_or_guangzhou
F006,F006,6aa0b04a000000000b034e2d,F006,shanghai_local_not_seen_in_beijing_chengdu_or_guangzhou
F006,F006,6aa0b0ff0000000026014c48,F006,shanghai_local_not_seen_in_beijing_chengdu_or_guangzhou
F006,F006,6aa0b77e000000002603b394,F006,shanghai_local_not_seen_in_beijing_chengdu_or_guangzhou
F006,F006,6aa0b8c70000000026016dfd,F006,shanghai_local_not_seen_in_beijing_chengdu_or_guangzhou
F006,F006,6aa0bac60000000026017756,F006,shanghai_local_not_seen_in_beijing_chengdu_or_guangzhou
F006,F006,6aa0bbf5000000000d026144,F006,shanghai_local_not_seen_in_beijing_chengdu_or_guangzhou
F006,F006,6aa0bdd2000000002a025390,F006,shanghai_local_not_seen_in_beijing_chengdu_or_guangzhou
F006,F006,6aa0bf5e0000000011030ed4,F006,shanghai_local_not_seen_in_beijing_chengdu_or_guangzhou
F006,F006,6aa0c21c000000002b024cfa,F006,shanghai_local_not_seen_in_beijing_chengdu_or_guangzhou
F006,F006,6aa0c323000000002802963e,F006,shanghai_local_not_seen_in_beijing_chengdu_or_guangzhou
F006,F006,6aa0ca8900000000280011fe,F006,shanghai_local_not_seen_in_beijing_chengdu_or_guangzhou
F006,F006,6aa0ccc50000000026018157,F006,shanghai_local_not_seen_in_beijing_chengdu_or_guangzhou
F006,F006,6aa0ce840000000011036a80,F006,shanghai_local_not_seen_in_beijing_chengdu_or_guangzhou
F006,F006,6aa0cf4b000000001103ab19,F006,shanghai_local_not_seen_in_beijing_chengdu_or_guangzhou
F006,F006,6aa0d4bf0000000026032421,F006,shanghai_local_not_seen_in_beijing_chengdu_or_guangzhou
F006,F006,6aa0d535000000002a0052e6,F006,shanghai_local_not_seen_in_beijing_chengdu_or_guangzhou
F006,F006,6aa0d6b3000000000b00edca,F006,shanghai_local_not_seen_in_beijing_chengdu_or_guangzhou
F006,F006,6aa0d955000000001200378e,F006,shanghai_local_not_seen_in_beijing_chengdu_or_guangzhou
F006,F006,6aa0dba90000000012003f38,F006,shanghai_local_not_seen_in_beijing_chengdu_or_guangzhou
F006,F006,6aa0dd1b000000002700b174,F006,shanghai_local_not_seen_in_beijing_chengdu_or_guangzhou
F006,F006,6aa0df89000000002601e0a3,F006,shanghai_local_not_seen_in_beijing_chengdu_or_guangzhou
F006,F006,6aa0e03800000000110306b1,F006,shanghai_local_not_seen_in_beijing_chengdu_or_guangzhou
F006,F006,6aa0e09b000000002502e8ac,F006,shanghai_local_not_seen_in_beijing_chengdu_or_guangzhou
F006,F006,6aa0e3d300000000110318c0,F006,shanghai_local_not_seen_in_beijing_chengdu_or_guangzhou
F006,F006,6aa0e4ab000000000d024094,F006,shanghai_local_not_seen_in_beijing_chengdu_or_guangzhou
F006,F006,6aa0e55b000000000b00d668,F006,shanghai_local_not_seen_in_beijing_chengdu_or_guangzhou
F006,F006,6aa0e6810000000027015b74,F006,shanghai_local_not_seen_in_beijing_chengdu_or_guangzhou
F006,F006,6aa0eca6000000002b012504,F006,shanghai_local_not_seen_in_beijing_chengdu_or_guangzhou
F006,F006,6aa0ee6a0000000026022e2a,F006,shanghai_local_not_seen_in_beijing_chengdu_or_guangzhou
F006,F006,6aa0ef63000000000d0274a6,F006,shanghai_local_not_seen_in_beijing_chengdu_or_guangzhou
F006,F006,6aa0f148000000002600a999,F006,shanghai_local_not_seen_in_beijing_chengdu_or_guangzhou
F006,F006,6aa0f4bb000000002601d956,F006,shanghai_local_not_seen_in_beijing_chengdu_or_guangzhou
F006,F006,6aa0f641000000002601dd6d,F006,shanghai_local_not_seen_in_beijing_chengdu_or_guangzhou
F006,F006,6aa0f84c0000000028002369,F006,shanghai_local_not_seen_in_beijing_chengdu_or_guangzhou
F006,F006,6aa0f8ee000000001001ef59,F006,shanghai_local_not_seen_in_beijing_chengdu_or_guangzhou
F006,F006,6aa0fa13000000001203c7e1,F006,shanghai_local_not_seen_in_beijing_chengdu_or_guangzhou
F006,F006,6aa0fdaf00000000110361c2,F006,shanghai_local_not_seen_in_beijing_chengdu_or_guangzhou
F006,F006,6aa0ff1700000000260090fc,F006,shanghai_local_not_seen_in_beijing_chengdu_or_guangzhou
F006,F006,6aa0ff8c00000000260166f9,F006,shanghai_local_not_seen_in_beijing_chengdu_or_guangzhou
F006,F006,6aa10661000000002700b637,F006,shanghai_local_not_seen_in_beijing_chengdu_or_guangzhou
F006,F006,6aa107be000000002803b1b1,F006,shanghai_local_not_seen_in_beijing_chengdu_or_guangzhou
F006,F006,6aa10dba000000002902f610,F006,shanghai_local_not_seen_in_beijing_chengdu_or_guangzhou
F006,F006,6aa10eb2000000000b002b4d,F006,shanghai_local_not_seen_in_beijing_chengdu_or_guangzhou
F006,F006,6aa10f1d000000002a0079d1,F006,shanghai_local_not_seen_in_beijing_chengdu_or_guangzhou
F006,F006,6aa10f70000000000d026a1c,F006,shanghai_local_not_seen_in_beijing_chengdu_or_guangzhou
F006,F006,6aa112ba000000000b00da92,F006,shanghai_local_not_seen_in_beijing_chengdu_or_guangzhou
F006,F006,6aa113e7000000002a00497e,F006,shanghai_local_not_seen_in_beijing_chengdu_or_guangzhou
F006,F006,6aa123db0000000028039cc5,F006,shanghai_local_not_seen_in_beijing_chengdu_or_guangzhou
F006,F006,6aa12440000000002b02734a,F006,shanghai_local_not_seen_in_beijing_chengdu_or_guangzhou
F006,F006,6aa12466000000002b0273d6,F006,shanghai_local_not_seen_in_beijing_chengdu_or_guangzhou
F006,F006,6aa12afe000000002803ba7d,F006,shanghai_local_not_seen_in_beijing_chengdu_or_guangzhou
F006,F006,6aa12c3100000000110344a5,F006,shanghai_local_not_seen_in_beijing_chengdu_or_guangzhou
F006,F006,6aa12d88000000002b01332e,F006,shanghai_local_not_seen_in_beijing_chengdu_or_guangzhou
F006,F006,6aa12ec4000000002b0259c7,F006,shanghai_local_not_seen_in_beijing_chengdu_or_guangzhou
F006,F006,6aa1323f000000002600bce4,F006,shanghai_local_not_seen_in_beijing_chengdu_or_guangzhou
F006,F006,6aa1336c000000002a02d731,F006,shanghai_local_not_seen_in_beijing_chengdu_or_guangzhou
F006,F006,6aa135e9000000000b003239,F006,shanghai_local_not_seen_in_beijing_chengdu_or_guangzhou
F006,F006,6aa139880000000012000d70,F006,shanghai_local_not_seen_in_beijing_chengdu_or_guangzhou
F006,F006,6aa13991000000002b027e80,F006,shanghai_local_not_seen_in_beijing_chengdu_or_guangzhou
F006,F006,6aa14335000000002803949c,F006,shanghai_local_not_seen_in_beijing_chengdu_or_guangzhou
F006,F006,6aa1489e000000002800112a,F006,shanghai_local_not_seen_in_beijing_chengdu_or_guangzhou
F006,F006,6aa14a030000000026023ea2,F006,shanghai_local_not_seen_in_beijing_chengdu_or_guangzhou
F006,F006,6aa14e1900000000110351ee,F006,shanghai_local_not_seen_in_beijing_chengdu_or_guangzhou
F006,F006,6aa150ce0000000028002f7d,F006,shanghai_local_not_seen_in_beijing_chengdu_or_guangzhou
F006,F006,6aa1547a00000000280310cc,F006,shanghai_local_not_seen_in_beijing_chengdu_or_guangzhou
F006,F006,6aa157fb000000001203577f,F006,shanghai_local_not_seen_in_beijing_chengdu_or_guangzhou
F006,F006,6aa15a1d000000001200040f,F006,shanghai_local_not_seen_in_beijing_chengdu_or_guangzhou
F006,F006,6aa161b4000000000b00e02f,F006,shanghai_local_not_seen_in_beijing_chengdu_or_guangzhou
F006,F006,6aa163c20000000026032298,F006,shanghai_local_not_seen_in_beijing_chengdu_or_guangzhou
F006,F006,6aa1748b000000002b027675,F006,shanghai_local_not_seen_in_beijing_chengdu_or_guangzhou
F006,F006,6aa177fe0000000028033cea,F006,shanghai_local_not_seen_in_beijing_chengdu_or_guangzhou
F006,F006,6aa179a70000000025034488,F006,shanghai_local_not_seen_in_beijing_chengdu_or_guangzhou
F006,F006,6aa17cbd000000001103570d,F006,shanghai_local_not_seen_in_beijing_chengdu_or_guangzhou
F006,F006,6aa21bd0000000000b003578,F006,shanghai_local_not_seen_in_beijing_chengdu_or_guangzhou
F006,F006,6aa222c80000000025037ae2,F006,shanghai_local_not_seen_in_beijing_chengdu_or_guangzhou
F006,F006,6aa248bb000000002803318d,F006,shanghai_local_not_seen_in_beijing_chengdu_or_guangzhou
F006,F006,6aa252d10000000011038528,F006,shanghai_local_not_seen_in_beijing_chengdu_or_guangzhou
F006,F006,6aa253fc000000001203dec2,F006,shanghai_local_not_seen_in_beijing_chengdu_or_guangzhou
F006,F006,6aa255a9000000002b01dbaa,F006,shanghai_local_not_seen_in_beijing_chengdu_or_guangzhou
F006,F006,6aa26ab50000000011039da3,F006,shanghai_local_not_seen_in_beijing_chengdu_or_guangzhou
F006,F006,6aa2766c000000000d027842,F006,shanghai_local_not_seen_in_beijing_chengdu_or_guangzhou
F006,F006,6aa28017000000002a02d76e,F006,shanghai_local_not_seen_in_beijing_chengdu_or_guangzhou
F006,F006,6aa292860000000026014e22,F006,shanghai_local_not_seen_in_beijing_chengdu_or_guangzhou
F006,F006,6aa293b50000000026008550,F006,shanghai_local_not_seen_in_beijing_chengdu_or_guangzhou
F006,F006,6aa29426000000002503522c,F006,shanghai_local_not_seen_in_beijing_chengdu_or_guangzhou
F006,F006,6aa29a5f000000000d025a6b,F006,shanghai_local_not_seen_in_beijing_chengdu_or_guangzhou
F006,F006,6aa2b1ce000000002a005c80,F006,shanghai_local_not_seen_in_beijing_chengdu_or_guangzhou
F006,F006,6aa2b507000000002502f66f,F006,shanghai_local_not_seen_in_beijing_chengdu_or_guangzhou
F006,F006,6aa2b7d2000000002901a429,F006,shanghai_local_not_seen_in_beijing_chengdu_or_guangzhou
F006,F006,6aa2bbae000000002b026fc5,F006,shanghai_local_not_seen_in_beijing_chengdu_or_guangzhou
F006,F006,6aa2c7b2000000002b025246,F006,shanghai_local_not_seen_in_beijing_chengdu_or_guangzhou
F006,F006,6aa2c7c00000000026021266,F006,shanghai_local_not_seen_in_beijing_chengdu_or_guangzhou
F006,F006,6aa2e394000000000b00eb59,F006,shanghai_local_not_seen_in_beijing_chengdu_or_guangzhou
F006,F006,6aa2e8e9000000001902691a,F006,shanghai_local_not_seen_in_beijing_chengdu_or_guangzhou
F006,F006,6aa2faaf0000000011030594,F006,shanghai_local_not_seen_in_beijing_chengdu_or_guangzhou
F006,F006,6aa33856000000002700b787,F006,shanghai_local_not_seen_in_beijing_chengdu_or_guangzhou
F006,F006,6aa33a3b000000000b035a2f,F006,shanghai_local_not_seen_in_beijing_chengdu_or_guangzhou
F006,F006,6aa33d2b0000000029015a08,F006,shanghai_local_not_seen_in_beijing_chengdu_or_guangzhou
F006,F006,6aa35ee4000000001203f602,F006,shanghai_local_not_seen_in_beijing_chengdu_or_guangzhou
F006,F006,6aa3638f000000001103303c,F006,shanghai_local_not_seen_in_beijing_chengdu_or_guangzhou
F006,F006,6aa37c13000000002902c2d4,F006,shanghai_local_not_seen_in_beijing_chengdu_or_guangzhou
F006,F006,6aa37f830000000028029406,F006,shanghai_local_not_seen_in_beijing_chengdu_or_guangzhou
F006,F006,6aa38982000000002a027755,F006,shanghai_local_not_seen_in_beijing_chengdu_or_guangzhou
F006,F006,6aa3a1870000000026014b9d,F006,shanghai_local_not_seen_in_beijing_chengdu_or_guangzhou
F006,F006,6aa3a1b7000000002b0267c3,F006,shanghai_local_not_seen_in_beijing_chengdu_or_guangzhou
F006,F006,6aa3b28b00000000120345e5,F006,shanghai_local_not_seen_in_beijing_chengdu_or_guangzhou
