chunk_index,collection_status,event_id,note_id,comment_id,parent_comment_id,create_time,content,creator_hash,nickname,like_count,sub_comment_count,pictures,public_ip_location,last_modify_ts
1,complete,GK2026D1,6a24e6a0000000002201a734,6a24e84600000000270283ca,,1780803654000,这步伐透出了自信、稳健[派对R],cb4c8449036d3fdf,话***儿,13,0,,内蒙古,1787471698794
1,complete,GK2026D1,6a24e6a0000000002201a734,6a24e8a0000000002702c5ec,,1780803745000,加油,e69f9eec830e05c0,k***i,0,0,,北京,1787472137440
1,complete,GK2026D1,6a24e6a0000000002201a734,6a24ebb6000000002901b154,,1780804534000,还没看完就清华大学，有点太自信了吧[失望R],6835fc029544bd2e,小***物,1,11,,广东,1787472171164
1,complete,GK2026D1,6a24e6a0000000002201a734,6a24ebd1000000002a03016a,6a24ebb6000000002901b154,1780804561000,估计是学霸哈哈[派对R],cef6a4d98875481a,S***🍦,13,0,,辽宁,1787472408814
1,complete,GK2026D1,6a24e6a0000000002201a734,6a24ec4e0000000029034d06,6a24ebb6000000002901b154,1780804687000,这可是人大附,c335f335ff855d24,果*,11,0,,北京,1787472410752
1,complete,GK2026D1,6a24e6a0000000002201a734,6a24ed28000000002702b177,6a24ebb6000000002901b154,1780804904000,人家是人大附中，考得差的去隔壁人大[偷笑R],4532451528db1290,m***o,9,0,,广东,1787472410753
1,complete,GK2026D1,6a24e6a0000000002201a734,6a24ed8b0000000027015e1b,6a24ebb6000000002901b154,1780805004000,能自信说出清华的，就有这个实力,2b3b35dcdfcd3404,尘***妈,3,0,,广东,1787472427434
1,complete,GK2026D1,6a24e6a0000000002201a734,6a24ee5f000000002b00116e,6a24ebb6000000002901b154,1780805216000,人大附中啊，全国数一数二的学校,08688312b867255a,Z***.,3,0,,上海,1787472410754
1,complete,GK2026D1,6a24e6a0000000002201a734,6a24eec30000000028009dc1,,1780805316000,帅,d74dd19c25717364,时***狗,1,7,,河南,1787471698792
1,complete,GK2026D1,6a24e6a0000000002201a734,6a24efff000000002a0269f5,6a24ebb6000000002901b154,1780805632000,这好像是人大附中的，能进这学校的差不了的[笑哭R],aa929f9899ad60a3,匆***年,0,0,,安徽,1787472410754
1,complete,GK2026D1,6a24e6a0000000002201a734,6a24f01b000000002900e851,,1780805661000,人大附中，一个学校的清北人数，比一个省的清北人还多，一个学校，每年200个清北[汗颜R],f3076fe3466a1d84,南***式,0,0,http://sns-webpic-qc.xhscdn.com/202608231602/7d98af2a57afaec5a3d8321cf0f4893e/comment/1040g2h03213ohoo6na6g5ojee4q8d24ddftvv98!nd_whgt34_webp_wm_1,江苏,1787472137439
1,complete,GK2026D1,6a24e6a0000000002201a734,6a24f05b0000000028036ac8,6a24ee5f000000002b00116e,1780805723000,没有数二，就是第一的学校[暗中观察R],f3076fe3466a1d84,南***式,3,0,,江苏,1787472410755
1,complete,GK2026D1,6a24e6a0000000002201a734,6a24f173000000002803ca74,,1780806003000,和江苏考生一套试卷考考看,07481d690fbb5a9c,陈***安,1,17,,江苏,1787472171164
1,complete,GK2026D1,6a24e6a0000000002201a734,6a24f1f5000000002b02a48b,,1780806134000,[飞吻R][飞吻R],aa31948f9404c26a,。***。,1,0,,浙江,1787472137439
1,complete,GK2026D1,6a24e6a0000000002201a734,6a24f218000000002a00628c,,1780806168000,很自信好样的,9c7b27f911e1d200,小***师,0,0,,江苏,1787472137438
1,complete,GK2026D1,6a24e6a0000000002201a734,6a24f2e600000000270299fc,,1780806374000,自主命题最简单的[笑哭R],e0dbd10dbe046a97,1***唯,54,13,,河北,1787472171163
1,complete,GK2026D1,6a24e6a0000000002201a734,6a24f37e0000000029024b01,,1780806527000,刘昊然,8f5ddfe46d4c9438,E***m,10,1,,陕西,1787471698795
1,complete,GK2026D1,6a24e6a0000000002201a734,6a24f3bb000000002a025fcc,,1780806588000,考上了记得告诉我一声呢[微笑R],44186e9bd1b98a46,*,2,0,,上海,1787472137438
1,complete,GK2026D1,6a24e6a0000000002201a734,6a24f47a000000002701e14e,6a24f173000000002803ca74,1780806779000,倒也不用看不上他们，北京头部这些孩子父母大都是外地精英留北京的，从财力到智商都够。本土著的不卷人大附高中根本够不到[偷笑R][偷笑R],900209586d8665a9,咖***豆,25,0,,北京,1787472340832
1,complete,GK2026D1,6a24e6a0000000002201a734,6a24f49e00000000270163be,,1780806814000,我要彩票中一等奖500万,c2650870e1f29aa8,江***子,0,0,,江苏,1787472137437
1,complete,GK2026D1,6a24e6a0000000002201a734,6a24f49e000000002701ebd0,6a24ebb6000000002901b154,1780806814000,平时排名估计就稳够,900209586d8665a9,咖***豆,1,0,,北京,1787472427430
1,complete,GK2026D1,6a24e6a0000000002201a734,6a24f4b5000000002a02f5f8,6a24ebb6000000002901b154,1780806838000,人家人大附中的，就算是尾部学生，名校基本上也随便考的[偷笑R],43c92960745d2240,杜***族,1,0,,上海,1787472427432
1,complete,GK2026D1,6a24e6a0000000002201a734,6a24f4dd0000000028038fca,,1780806878000,评论区嘲啥呢 人家人大附的[笑哭R][合十R],e080fe437303ffbc,f***_,3,0,,北京,1787472171162
1,complete,GK2026D1,6a24e6a0000000002201a734,6a24f501000000002702cdbb,,1780806914000,现在高中生怎么长这么老,3bae4de88e8b27e3,c***t,1,11,,重庆,1787472171162
1,complete,GK2026D1,6a24e6a0000000002201a734,6a24f527000000002b001192,6a24f2e600000000270299fc,1780806952000,你还活在30年前,e507617813e14703,加***猫,23,0,,北京,1787472291745
1,complete,GK2026D1,6a24e6a0000000002201a734,6a24f5280000000029037258,,1780806953000,愿你达成所愿[玫瑰R],2c456600caf7d2f1,懒*,1,0,,广东,1787472137436
1,complete,GK2026D1,6a24e6a0000000002201a734,6a24f55b0000000029037bda,6a24ebb6000000002901b154,1780807003000,他们学校校排前二百可以去清北,0a400707222e880a,要***t,0,0,,北京,1787472427432
1,complete,GK2026D1,6a24e6a0000000002201a734,6a24f55e000000002900f9e4,,1780807006000,厉害,243e9e475bec494f,美***♉,0,0,,河北,1787472104100
1,complete,GK2026D1,6a24e6a0000000002201a734,6a24f6dc0000000027017428,,1780807388000,前期百米冲刺，最后慢悠悠走出来[偷笑R],e64fe321376dd822,小*,1,0,,山东,1787472104099
1,complete,GK2026D1,6a24e6a0000000002201a734,6a24f7240000000029011fa9,6a24f47a000000002701e14e,1780807460000,确实，江苏小镇做题家偏多[捂脸R]我亲戚去年北大也是[笑哭R],9a377547289656fd,雪***🈲,2,0,,江苏,1787472342980
1,complete,GK2026D1,6a24e6a0000000002201a734,6a24f739000000002701cf55,,1780807482000,清华大学美团站点吧[doge],340a36f30bb18c62,你***叫,2,2,,广东,1787472104099
1,complete,GK2026D1,6a24e6a0000000002201a734,6a24f73d000000002803f8c5,6a24ee5f000000002b00116e,1780807485000,哇喔。好厉害,9e1024e0f27d9f55,追*,0,0,,江苏,1787472427433
1,complete,GK2026D1,6a24e6a0000000002201a734,6a24f7510000000029036514,6a24f173000000002803ca74,1780807505000,你是不是觉得江苏的学生比北京的聪明[大笑R][大笑R],20435bc755ccf88c,曰***海,3,0,,北京,1787472359710
1,complete,GK2026D1,6a24e6a0000000002201a734,6a24f81f000000002803f15b,6a24f501000000002702cdbb,1780807711000,这就是学霸,5b5f8bb876db2595,快***子,0,0,,广东,1787472254824
1,complete,GK2026D1,6a24e6a0000000002201a734,6a24f8410000000027022fe1,6a24f173000000002803ca74,1780807745000,又来了！每年都这样，不烦吗？做题家们！你也不看看这是哪儿的学生？人大附本部的孩子。[捂脸R][捂脸R][捂脸R],7345a132fa0d0f7b,坚***！,3,0,,北京,1787472359711
1,complete,GK2026D1,6a24e6a0000000002201a734,6a24f844000000002701c8e9,6a24f527000000002b001192,1780807749000,多少年前也是自主命题最简单[笑哭R],e0dbd10dbe046a97,1***唯,3,0,,河北,1787472289561
1,complete,GK2026D1,6a24e6a0000000002201a734,6a24f856000000002800b3ed,6a24f527000000002b001192,1780807767000,何况现在，与时俱进一样的结果,e0dbd10dbe046a97,1***唯,1,0,,河北,1787472291742
1,complete,GK2026D1,6a24e6a0000000002201a734,6a24f86e0000000028034678,6a24f7510000000029036514,1780807791000,不是。北上天自主命题，懂得都懂。难得不是试卷，是户籍。,e76aa1f7c9020ecb,不***爾,1,0,,江苏,1787472342981
1,complete,GK2026D1,6a24e6a0000000002201a734,6a24f89a00000000270168b5,,1780807834000,这个走路的步调我下辈子学不来,5fb80f4a20bde2d8,🥔***✨,2,0,,广东,1787472104098
1,complete,GK2026D1,6a24e6a0000000002201a734,6a24f8eb000000002a02f704,6a24f86e0000000028034678,1780807915000,你要记住，学生学什么内容考什么内容。除非你怀疑北京教育资源[大笑R][大笑R],20435bc755ccf88c,曰***海,0,0,,北京,1787472342981
1,complete,GK2026D1,6a24e6a0000000002201a734,6a24f90f0000000027029915,,1780807951000,给他全国卷做做,2bb34b6a48f3fd77,八***木,12,13,,河北,1787472171161
1,complete,GK2026D1,6a24e6a0000000002201a734,6a24f95b0000000029034a53,,1780808028000,[点赞R][点赞R][点赞R],e26aa5962e856876,星***海,0,0,,北京,1787472104098
1,complete,GK2026D1,6a24e6a0000000002201a734,6a24f960000000002702ae13,6a24f173000000002803ca74,1780808032000,其实吧，你也有机会让孩子考北京卷的,580ffc079f2c87f0,m***o,2,0,,上海,1787472342982
1,complete,GK2026D1,6a24e6a0000000002201a734,6a24f96f000000002901bd81,,1780808047000,说话还是留点余地,02fb0af81f4ffbd5,小*,1,2,,黑龙江,1787472171160
1,complete,GK2026D1,6a24e6a0000000002201a734,6a24f9d2000000002702fce4,6a24f173000000002803ca74,1780808146000,北京娃更卷[捂脸R],2bc0d581603b7872,无*,0,0,,江苏,1787472342982
1,complete,GK2026D1,6a24e6a0000000002201a734,6a24f9d2000000002803dafb,6a24f8eb000000002a02f704,1780808146000,是啊。有的知识点根本不学啊。。这不是变相轻松么。。不然北上天身份为啥如此精贵呢。。。全国都知道的事不要硬杠了。。,e76aa1f7c9020ecb,不***爾,1,0,,江苏,1787472376377
1,complete,GK2026D1,6a24e6a0000000002201a734,6a24f9d70000000027021718,,1780808151000,也真是会找孩子[doge],85059d05a086079b,月***野,0,0,,北京,1787472104097
1,complete,GK2026D1,6a24e6a0000000002201a734,6a24f9df000000002900dc05,,1780808159000,这个男生是人大附中的，确实厉害,2d2a8409d8af2693,明***😴,8,0,,浙江,1787472104097
1,complete,GK2026D1,6a24e6a0000000002201a734,6a24fa060000000028009aa6,6a24f173000000002803ca74,1780808198000,没有必要酸，显得不够敞亮！是否想过这些孩子父母就有你IP考到北京留在北京的，他们已经是考二代，甚至考三代了。,21ca471c0796385d,m***o,1,0,,上海,1787472376378
1,complete,GK2026D1,6a24e6a0000000002201a734,6a24fa44000000002a0057fc,6a24f844000000002701c8e9,1780808260000,确实。,59ea27127ca82a46,幸***果,0,0,,广东,1787472291743
1,complete,GK2026D1,6a24e6a0000000002201a734,6a24fa4a000000002701c3ee,6a24f173000000002803ca74,1780808266000,北京考生想上好学校也很卷的，而且那种教育资源喂养出来的孩子你觉得能力会低？,4d6296f7094d1873,乱***飞,0,0,,河北,1787472376378
1,complete,GK2026D1,6a24e6a0000000002201a734,6a24fad1000000002803d7f4,6a24f96f000000002901bd81,1780808402000,人大附中，人家有这个底气,37602107677a1d05,啵***糖,2,0,,江苏,1787472186167
1,complete,GK2026D1,6a24e6a0000000002201a734,6a24fb390000000028037f68,6a24f173000000002803ca74,1780808506000,祝福孩子们就好，现在说这些话只能显得格局太小。这些孩子无论放在哪个省市都是头部。,d6a5820623158b4a,m***o,0,0,,北京,1787472376380
1,complete,GK2026D1,6a24e6a0000000002201a734,6a24fbda000000002900d2b8,,1780808667000,@哼哼爆😍😍 敢不敢高考的时候去喊一句陈奕恒nb,5a85427683e072e2,爱***起,0,0,,河南,1787472104096
1,complete,GK2026D1,6a24e6a0000000002201a734,6a24fc4d000000002701544c,6a24f96f000000002901bd81,1780808781000,竟然人家能说出来，绝对是有信心的,e5f0fa1d1cc8e8e5,M***o,0,0,,陕西,1787472188237
1,complete,GK2026D1,6a24e6a0000000002201a734,6a24fc5d000000002803a16b,,1780808797000,[拔草R],6374c3fbbb4b4911,M***行,0,0,,贵州,1787472104095
1,complete,GK2026D1,6a24e6a0000000002201a734,6a24fc910000000029035fee,6a24eec30000000028009dc1,1780808849000,帅在哪[笑哭R],5814e3ade72494b5,曾***子,2,0,,黑龙江,1787471934569
1,complete,GK2026D1,6a24e6a0000000002201a734,6a24fce60000000028037148,,1780808934000,？,1c744ff84aecc810,总***家,0,0,,云南,1787472104094
1,complete,GK2026D1,6a24e6a0000000002201a734,6a24fdbe000000002b0027df,,1780809150000,记得跟踪下[笑哭R],8223eac64add34d1,地***机,0,0,,广东,1787472087401
1,complete,GK2026D1,6a24e6a0000000002201a734,6a24fe20000000002a024e5a,,1780809248000,就凭他那身校服，他说煤球是白的，我得先怀疑我自己是色盲！,a6c109ded1e22d0b,苹***派,7,0,,天津,1787472087400
1,complete,GK2026D1,6a24e6a0000000002201a734,6a24feff0000000027021c59,,1780809471000,人大附[赞R],b18ded267f1d5718,人***火,1,0,,北京,1787472087400
1,complete,GK2026D1,6a24e6a0000000002201a734,6a24ff6e000000002a02e5bd,6a24f739000000002701cf55,1780809583000,别人人大附中的，有啥好嘲笑的,8e5cb41a010dbd1d,两***争,41,0,,广东,1787472120784
1,complete,GK2026D1,6a24e6a0000000002201a734,6a24ffcf000000002a025b4d,,1780809680000,说容易的省份，过来考个750分看看～,bdcfb3262644d603,用***销,1,0,,北京,1787472087399
1,complete,GK2026D1,6a24e6a0000000002201a734,6a2500450000000028039889,,1780809797000,刚考完出来不能说作文题目。,31cf61f1aa04cf10,椰***🦀,0,1,,湖北,1787472087398
1,complete,GK2026D1,6a24e6a0000000002201a734,6a25007c0000000028035f61,,1780809852000,人大附中一定要考清华，叫人大情何以堪,72f519721f2b3311,小***F,2,0,,北京,1787472087398
1,complete,GK2026D1,6a24e6a0000000002201a734,6a2500810000000027023b34,,1780809858000,真自信[加油R],625adf3c39bc6bfe,F***蕾,1,0,,天津,1787472087397
1,complete,GK2026D1,6a24e6a0000000002201a734,6a250098000000002b024f38,,1780809881000,有一种刘昊然的感觉,9611996cb276b118,饱***煲,22,9,,安徽,1787471698788
1,complete,GK2026D1,6a24e6a0000000002201a734,6a250123000000002702d923,,1780810020000,清华都招北京人 你可以的,072d0c5c76373c5f,L***r,18,8,,江苏,1787471698789
1,complete,GK2026D1,6a24e6a0000000002201a734,6a25012a000000002a005aa5,,1780810027000,早上才看到他，淡定也是这个表情走进去[doge],da1470d8f8eeb267,_***墨,1,0,,广东,1787472087396
1,complete,GK2026D1,6a24e6a0000000002201a734,6a25016a000000002803a423,6a24f739000000002701cf55,1780810091000,知道你是送外卖的了[尬住R],58ccfa3ae0da8465,总***我,17,0,,湖北,1787472119104
1,complete,GK2026D1,6a24e6a0000000002201a734,6a25016e00000000270238a0,,1780810095000,那些嘲笑出来人家大学毕业外卖的是啥心理。都是自己考不上大学的人吧。我见到很多大学生毕业或者即将上大学的做外卖都是勤工俭学或者找不到合适的工作才选择外卖过渡。真正找工作的时候人家卡学历他们就可以把一堆学历低下的比下去竞争。只能说有些人目光短浅。见不得别人好,7a4c782ce47c96de,C***儿,0,0,,海南,1787472444206
1,complete,GK2026D1,6a24e6a0000000002201a734,6a2501d8000000002702c4bf,,1780810200000,@兮芸L黛,0419b7ceb2905933,小***🥀,0,0,,广东,1787472171166
1,complete,GK2026D1,6a24e6a0000000002201a734,6a2501e7000000002702c8d8,,1780810215000,一看就局里局气的,13144efa0e27932b,范*,3,0,,江苏,1787472087396
1,complete,GK2026D1,6a24e6a0000000002201a734,6a250216000000002902e8cd,6a24f2e600000000270299fc,1780810262000,为河北骄傲就要接受河北的一切而不是过来特么阴阳怪气[哇R],b900e2338f5d0d35,m***o,5,0,,北京,1787472308379
1,complete,GK2026D1,6a24e6a0000000002201a734,6a250240000000002701dc21,6a250123000000002702d923,1780810305000,你们老乡的孩子,fae439873a72c84a,K*,6,0,,北京,1787471849499
1,complete,GK2026D1,6a24e6a0000000002201a734,6a25024e0000000029036dfa,,1780810318000,这一看就是当领导的，在编人员的气质,ebf86120573fdf2c,S***i,3,0,,广东,1787472087395
1,complete,GK2026D1,6a24e6a0000000002201a734,6a250254000000002701e07d,6a2500450000000028039889,1780810324000,"他说他的作文题目,自主命题的",570caa6017999d4d,1***3,8,0,,江苏,1787472102403
1,complete,GK2026D1,6a24e6a0000000002201a734,6a25025f000000002803563b,,1780810336000,我敢,f0bd407f73023ef6,奕***糖,0,0,,重庆,1787472070653
1,complete,GK2026D1,6a24e6a0000000002201a734,6a2502c6000000002901981d,6a250098000000002b024f38,1780810438000,你懂我,3c56431b4ff56e19,J***A,1,0,,湖北,1787471817734
1,complete,GK2026D1,6a24e6a0000000002201a734,6a2502d2000000002a02c0db,,1780810450000,莫名像刘昊然,3c56431b4ff56e19,J***A,1,0,,湖北,1787472070652
1,complete,GK2026D1,6a24e6a0000000002201a734,6a2502d30000000027020ed2,,1780810451000,他进考场我也刷到了[笑哭R],d9dfb393acf100df,w***.,1,0,,江苏,1787472070652
1,complete,GK2026D1,6a24e6a0000000002201a734,6a2502e6000000002a02708e,6a250123000000002702d923,1780810470000,这都是考二代 老北京孩子比不了 只能说你或者你爸妈不够努力,b09e88b98f45cafb,栖***_,9,0,,北京,1787471851178
1,complete,GK2026D1,6a24e6a0000000002201a734,6a25034a0000000028009064,6a250098000000002b024f38,1780810570000,没错儿,03c61a2fb355e533,r***n,0,0,,北京,1787471817735
1,complete,GK2026D1,6a24e6a0000000002201a734,6a250362000000002701dd0e,,1780810594000,可能已经保送才如此淡定,1960165ad485fc3e,顺***为,1,0,,广东,1787472070651
1,complete,GK2026D1,6a24e6a0000000002201a734,6a2503f4000000002b029c4b,6a24f90f0000000027029915,1780810740000,这是考二代留京，谈吐看什么卷给他也是考清华，老北京孩子比不了，你酸只能说你或者你爸妈不够努力。,b09e88b98f45cafb,栖***_,2,0,,北京,1787472223187
1,complete,GK2026D1,6a24e6a0000000002201a734,6a250463000000002902d621,6a24f86e0000000028034678,1780810851000,这都是考二代留京，老北京孩子比不了，你或者你父母也可以拿到户口的，没拿到只能说你或者你爸妈不够努力。,b09e88b98f45cafb,栖***_,0,0,,北京,1787472376380
1,complete,GK2026D1,6a24e6a0000000002201a734,6a2504b2000000002a02416d,,1780810931000,有什么值得骄傲？北京人可以轻松考上本地985，这是北京特别保护本地考生,97d48edb667b6edb,m***o,1,3,,北京,1787472137442
1,complete,GK2026D1,6a24e6a0000000002201a734,6a2504b60000000028036ead,,1780810935000,但是我有一个小问题，为什么高考可以穿校服考啊[笑哭R],419d46d1a85ffe1b,小***D,96,26,,江苏,1787471698786
1,complete,GK2026D1,6a24e6a0000000002201a734,6a250526000000002900d738,6a2504b60000000028036ead,1780811047000,原来不能穿校服吗？我们当时都是穿校服的,ed27760a681054b3,小***.,110,0,,广东,1787471713796
1,complete,GK2026D1,6a24e6a0000000002201a734,6a2505ec0000000027029054,6a250526000000002900d738,1780811245000,[笑哭R]不行，怕监考老师有不公平吧,afabdd7de8c09093,倒***河,10,0,,内蒙古,1787471715804
1,complete,GK2026D1,6a24e6a0000000002201a734,6a2506040000000029034b8c,6a24f2e600000000270299fc,1780811269000,有本事考进来,13adb8b2db356376,l***.,3,0,,北京,1787472308380
1,complete,GK2026D1,6a24e6a0000000002201a734,6a25061e000000002b028154,,1780811294000,学霸既视感,58f50817b8115049,D***i,0,0,,广西,1787472070651
1,complete,GK2026D1,6a24e6a0000000002201a734,6a25062d0000000029024621,6a2504b60000000028036ead,1780811310000,北京从来都是要求穿校服考试的。,0cc393788233ce91,二***区,24,0,,北京,1787471715805
1,complete,GK2026D1,6a24e6a0000000002201a734,6a2506cb0000000027023f49,6a2504b60000000028036ead,1780811468000,在本校考穿也没关系,2f627d88de43519c,妮***帐,10,0,,北京,1787471715805
1,complete,GK2026D1,6a24e6a0000000002201a734,6a25074c00000000270149a7,6a24f90f0000000027029915,1780811597000,有本事考过来,363185e853d2f726,m***o,5,0,,北京,1787472223188
1,complete,GK2026D1,6a24e6a0000000002201a734,6a250758000000002701c0f8,6a24f90f0000000027029915,1780811608000,其实没必要这样 这样的孩子底子好能力强 刷刷题 感受一下题型 也没问题的,fab42708c9de288f,咖*,12,0,,北京,1787472203240
1,complete,GK2026D1,6a24e6a0000000002201a734,6a25077d000000002b02bf96,,1780811646000,有本事来湖南考,d4f30e63885db3e2,r***y,3,10,,湖南,1787471698790
1,complete,GK2026D1,6a24e6a0000000002201a734,6a2508a00000000028008542,6a24f173000000002803ca74,1780811936000,真心不必这样 这样的孩子底子好能力强 走到哪都差不了,fab42708c9de288f,咖*,0,0,,北京,1787472359707
1,complete,GK2026D1,6a24e6a0000000002201a734,6a2508a1000000002702b559,,1780811938000,就我一个人关注牙齿[偷笑R]，建议先牙齿正畸[笑哭R],f8510f138c352a0f,s***a,1,0,,宁夏,1787472070650
1,complete,GK2026D1,6a24e6a0000000002201a734,6a25092c0000000027017fa1,,1780812076000,高考出来就直接升处级干部了[捂脸R],50cdc0ee5b150092,老*,4,0,,北京,1787472070650
1,complete,GK2026D1,6a24e6a0000000002201a734,6a250931000000002702ca38,6a25077d000000002b02bf96,1780812081000,[doge]考不考另说 我就想问呀是不是湖南的题比别处多放辣椒[笑哭R][笑哭R][笑哭R],41504fc5b226a95d,半***生,2,0,,上海,1787471884567
1,complete,GK2026D1,6a24e6a0000000002201a734,6a25099a0000000029036e63,,1780812186000,含英咀华什么意思,f8d9ccbc02746374,郑***画,17,2,,北京,1787471698791
1,complete,GK2026D1,6a24e6a0000000002201a734,6a2509b30000000028039997,,1780812212000,刚才进去的拍到的怎么也是他,460121e0da7d7091,如*,0,0,,福建,1787472070649
1,complete,GK2026D1,6a24e6a0000000002201a734,6a2509b7000000002702b42f,,1780812215000,小虎牙一出来就很厉害了 太棒了,86c612c3d44d0285,精***并,0,0,,广东,1787472070648
1,complete,GK2026D1,6a24e6a0000000002201a734,6a250a74000000002701fe4f,,1780812404000,没有代表性，因为和我们不一样[笑哭R][笑哭R],5575ac9f3287f7bf,胖***❤,2,0,,江苏,1787472070647
1,complete,GK2026D1,6a24e6a0000000002201a734,6a250add0000000028008ebf,6a2504b60000000028036ead,1780812509000,一般好学校的都不让穿校服 差一点的学校无所谓 我是南京的 我们这边是这个说法,eb8dd23d557e3097,B***s,1,0,,澳大利亚,1787471715807
1,complete,GK2026D1,6a24e6a0000000002201a734,6a250b10000000002701e101,6a2504b60000000028036ead,1780812560000,为什么不能穿校服？,46ff5c659ea02aae,孙***铺,0,0,,江苏,1787471715808
1,complete,GK2026D1,6a24e6a0000000002201a734,6a250b620000000029027235,6a24f2e600000000270299fc,1780812642000,特权,d97968b9e2dc2d33,C***n,0,0,,浙江,1787472291744
1,complete,GK2026D1,6a24e6a0000000002201a734,6a250bae000000002803d831,,1780812718000,这是我表弟,3485247d9891b859,牧*,1,0,,广东,1787472053909
1,complete,GK2026D1,6a24e6a0000000002201a734,6a250be200000000280332e8,,1780812770000,从走路姿势，说这几句话，我觉得他这个清华大学的梦，稳了[偷笑R],86df31eecfab3cc2,爱***～,3,0,,辽宁,1787472053908
1,complete,GK2026D1,6a24e6a0000000002201a734,6a250c5c000000002a004923,6a25099a0000000029036e63,1780812893000,也不知道[笑哭R][捂脸R],bb4081cedd4d5ce7,春***，,3,0,,北京,1787471917834
1,complete,GK2026D1,6a24e6a0000000002201a734,6a250c7b0000000028031363,6a2504b60000000028036ead,1780812923000,北京都是穿校服。,e9724b042e59a2c8,妖***赢,1,0,,北京,1787471733003
1,complete,GK2026D1,6a24e6a0000000002201a734,6a250d25000000002900f94b,6a2502c6000000002901981d,1780813094000,我感觉像王俊凯[捂脸R],3034c66fa89a9cf8,夏*,2,0,,上海,1787471817736
1,complete,GK2026D1,6a24e6a0000000002201a734,6a250d7d000000002a026234,,1780813182000,@权权拳拳 来看看京爷的从容,e96f3e012419098d,棠*,0,0,,江西,1787472053908
1,complete,GK2026D1,6a24e6a0000000002201a734,6a250dd0000000002900e379,,1780813264000,一看这衣服,25d117c648d27f35,且***惜,0,0,,广西,1787472053908
1,complete,GK2026D1,6a24e6a0000000002201a734,6a250f20000000002803900c,6a250add0000000028008ebf,1780813601000,北京都穿校服[偷笑R],2a6e7376097fa48f,后***姨,1,0,,北京,1787471733005
1,complete,GK2026D1,6a24e6a0000000002201a734,6a250f6e000000002803f062,,1780813678000,说完清华不自信的表情就暴露了本质[doge],09dfba2965c33927,不***莲,0,0,,辽宁,1787472053907
1,complete,GK2026D1,6a24e6a0000000002201a734,6a250f8d000000002701ec26,6a25099a0000000029036e63,1780813710000,细品花香，比喻领会诗词精华。作文材料中有[萌萌哒R],f21230fe0cdd9410,I***s,21,0,,广东,1787471916203
1,complete,GK2026D1,6a24e6a0000000002201a734,6a251119000000002b025f07,6a24f90f0000000027029915,1780814105000,不是你觉得全国卷很难吗？[笑哭R]不也就那样,5346e7b4b0b92342,圆***天,0,0,,贵州,1787472223189
1,complete,GK2026D1,6a24e6a0000000002201a734,6a25118f0000000029011de5,,1780814224000,啊这，高考阅卷老师已经知道他的题目了,dedf0d84c930f23a,用***4,0,0,,新疆,1787472053907
1,complete,GK2026D1,6a24e6a0000000002201a734,6a2511d6000000002b002c39,6a24fc910000000029035fee,1780814295000,你美在哪[笑哭R],2a3941d6aa4c2f5c,청***리,1,0,,浙江,1787471934570
1,complete,GK2026D1,6a24e6a0000000002201a734,6a251215000000002803199f,,1780814358000,型男[笑哭R],5d64aacdc83b405d,o***e,0,0,,河北,1787472053906
1,complete,GK2026D1,6a24e6a0000000002201a734,6a2512210000000028031c0b,,1780814369000,当第一总是那么累[笑哭R],658622f6ea15963f,m***o,0,0,,上海,1787472053906
1,complete,GK2026D1,6a24e6a0000000002201a734,6a25129a0000000028008cc3,6a250216000000002902e8cd,1780814490000,天啊，说点实话就阴阳了，你是多傲慢,e0dbd10dbe046a97,1***唯,2,0,,河北,1787472308381
1,complete,GK2026D1,6a24e6a0000000002201a734,6a251359000000002a02d893,6a2504b60000000028036ead,1780814682000,北京除了假期在家，其他必须校服,602ac24a2ddd65db,莎*,1,0,,北京,1787471733005
1,complete,GK2026D1,6a24e6a0000000002201a734,6a2513f30000000027017b8d,,1780814836000,谁家的孩子这么优秀[赞R],d20a41d3ffeb629d,m***o,0,0,,北京,1787472053905
1,complete,GK2026D1,6a24e6a0000000002201a734,6a2514080000000029012df5,6a24f90f0000000027029915,1780814856000,他父母曾经全国卷的，你应该回家责问一下你父母为啥没给你争取个京津沪卷的机会[笑哭R],ec16919c9c134e61,张***傅,4,0,,北京,1787472223189
1,complete,GK2026D1,6a24e6a0000000002201a734,6a2514330000000029013771,6a24f90f0000000027029915,1780814899000,看气质，听谈吐，难道不是人才？做哪里的卷子也不怕。,2ba4d17ba9397e1d,小***e,1,0,,北京,1787472223190
1,complete,GK2026D1,6a24e6a0000000002201a734,6a251440000000002203cdca,6a24f90f0000000027029915,1780814912000,兄弟，你下面全是地道,b9c4d05dc804ea0d,菠***📿,2,0,,山东,1787472205918
1,complete,GK2026D1,6a24e6a0000000002201a734,6a25144e000000002803ce1b,,1780814926000,@切切切 除了发型好像hjj,eb8a55dfa1c5bd81,西***丁,1,0,,广西,1787472053904
1,complete,GK2026D1,6a24e6a0000000002201a734,6a25147000000000280375c2,,1780814960000,厅里厅气,b781e2940d20c7ea,m***o,0,0,,湖北,1787472036876
1,complete,GK2026D1,6a24e6a0000000002201a734,6a251542000000002803af32,6a2504b60000000028036ead,1780815171000,都是穿校服啊，坐标深圳在我读书的时候都是校服[笑哭R][笑哭R]，小学的时候周三有便服日，但是到了初中一律校服，短裤还不太能穿，都是短袖长裤的校服[笑哭R],c59d83004e182999,扒*,1,0,,广东,1787471733007
1,complete,GK2026D1,6a24e6a0000000002201a734,6a2515ec000000002a026099,6a2504b60000000028036ead,1780815340000,都是去别的学校考的，监考老师也不是本校的，就算有本校的，概率极小，为什么不能穿校服,b47b2578dc1dd310,翻***🍠,0,0,,浙江,1787471783721
1,complete,GK2026D1,6a24e6a0000000002201a734,6a2515f6000000002b002808,,1780815350000,成功晋级网红，比五条杠还红[笑哭R],931f153d393d9ac0,M***e,0,0,,上海,1787472036876
1,complete,GK2026D1,6a24e6a0000000002201a734,6a251602000000002a026438,6a24f90f0000000027029915,1780815363000,从小接受打击式教育,8964c6b23d54bc5f,R***i,0,0,,澳大利亚,1787472205920
1,complete,GK2026D1,6a24e6a0000000002201a734,6a251671000000002902ece9,6a25077d000000002b02bf96,1780815474000,小时候也这么认为的，来北京后发现北京题确实难，卷王窝,9b35591f6d0109ef,b***y,3,0,,北京,1787471882913
1,complete,GK2026D1,6a24e6a0000000002201a734,6a25171f00000000290124c4,,1780815647000,看着像刘昊然,5e53a152350748eb,_***n,49,3,,广东,1787471698788
1,complete,GK2026D1,6a24e6a0000000002201a734,6a251740000000002900d6ba,6a24f90f0000000027029915,1780815680000,虽然但是  看这个孩子的校服 他大概率去哪里考都不会差的,e01ecd6f2e95ba4b,风***子,2,0,,河北,1787472205921
1,complete,GK2026D1,6a24e6a0000000002201a734,6a2517550000000028009cb5,,1780815701000,好淡定[吧唧R],c6563e4a60c12c59,绛*,0,0,,云南,1787472036875
1,complete,GK2026D1,6a24e6a0000000002201a734,6a25177a00000000280376a5,6a250463000000002902d621,1780815738000,一点也不羡慕，不好意思。。只是就事论事。。,e76aa1f7c9020ecb,不***爾,0,0,,江苏,1787472359708
1,complete,GK2026D1,6a24e6a0000000002201a734,6a25178300000000290185a2,6a24f501000000002702cdbb,1780815747000,真不会说话,8964c6b23d54bc5f,R***i,0,0,,澳大利亚,1787472256935
1,complete,GK2026D1,6a24e6a0000000002201a734,6a2517c0000000002702a5e9,6a25178300000000290185a2,1780815808000,本来就是[笑哭R]这都要硬夸？,3bae4de88e8b27e3,c***t,0,0,,重庆,1787472256936
1,complete,GK2026D1,6a24e6a0000000002201a734,6a25180a000000002a031fe5,6a25177a00000000280376a5,1780815883000,我们其实很羡慕 同在北京他们可以上最好的高中 当然人家父母足够卷自己才可以我们达不到,b09e88b98f45cafb,栖***_,0,0,,北京,1787472359709
1,complete,GK2026D1,6a24e6a0000000002201a734,6a25187900000000280314eb,6a2504b60000000028036ead,1780815993000,北京都是可以的……大多数孩子穿校服的,47f4693562d98c5b,进***具,1,0,,北京,1787471733009
1,complete,GK2026D1,6a24e6a0000000002201a734,6a2518a10000000028031d77,6a250098000000002b024f38,1780816033000,确实，刘昊然也是一脸学霸样,51695b220f8c38b7,c***z,13,0,,上海,1787471815419
1,complete,GK2026D1,6a24e6a0000000002201a734,6a2518a1000000002803ab65,,1780816034000,怎么有点像吹哥,dec65daeb9d81370,R***a,0,0,,四川,1787472137441
1,complete,GK2026D1,6a24e6a0000000002201a734,6a2518ed0000000029011130,6a25171f00000000290124c4,1780816109000,都有一种学霸感,51695b220f8c38b7,c***z,26,0,,上海,1787471798727
1,complete,GK2026D1,6a24e6a0000000002201a734,6a251920000000002903436e,6a2517c0000000002702a5e9,1780816161000,你这个叫没礼貌，你倒还挺理直气壮,8964c6b23d54bc5f,R***i,0,0,,澳大利亚,1787472274555
1,complete,GK2026D1,6a24e6a0000000002201a734,6a251969000000002702d25c,6a251920000000002903436e,1780816233000,随便  喜欢听想听的话自己找ai夸去,3bae4de88e8b27e3,c***t,0,0,,重庆,1787472274556
1,complete,GK2026D1,6a24e6a0000000002201a734,6a25197d0000000027028daf,6a251920000000002903436e,1780816253000,老得像三十多岁的,3bae4de88e8b27e3,c***t,0,0,,重庆,1787472274557
1,complete,GK2026D1,6a24e6a0000000002201a734,6a2519920000000029035915,6a251969000000002702d25c,1780816274000,本来就是没礼貌啊，难道还要硬夸？,8964c6b23d54bc5f,R***i,0,0,,澳大利亚,1787472274558
1,complete,GK2026D1,6a24e6a0000000002201a734,6a2519bd000000002702e6e4,,1780816318000,我他娘的连这四个字是啥意思都不知道,3865af96afc4559c,常***川,3,0,,河南,1787472036875
1,complete,GK2026D1,6a24e6a0000000002201a734,6a2519d2000000002701cc6d,6a2519920000000029035915,1780816338000,对呀你说的对  你说我没礼貌是因为我说了点实话  也没夸我啊[笑哭R]我也没让你夸,3bae4de88e8b27e3,c***t,0,0,,重庆,1787472274558
1,complete,GK2026D1,6a24e6a0000000002201a734,6a2519fa000000002900f028,6a25171f00000000290124c4,1780816378000,刘昊然也是高中三年几乎没上文化课，上的是艺术类中专，最后高考数学考了120。,a968e3916cf2ab76,R*,8,0,,北京,1787471800414
1,complete,GK2026D1,6a24e6a0000000002201a734,6a251a26000000002b002488,6a2519d2000000002701cc6d,1780816423000,champion,8964c6b23d54bc5f,R***i,0,0,,澳大利亚,1787472256933
1,complete,GK2026D1,6a24e6a0000000002201a734,6a251a63000000002702801b,6a251a26000000002b002488,1780816484000,merci[萌萌哒R],3bae4de88e8b27e3,c***t,0,0,,重庆,1787472256934
1,complete,GK2026D1,6a24e6a0000000002201a734,6a251af7000000002901049f,6a24f90f0000000027029915,1780816631000,京二代的父母几乎都是小镇做题家。,a968e3916cf2ab76,R*,1,0,,北京,1787472205921
1,complete,GK2026D1,6a24e6a0000000002201a734,6a251b49000000002a033a78,6a2504b60000000028036ead,1780816714000,学生穿校服不是应该的吗[捂脸R],db201ac690fb7fcd,L***e,0,0,,海南,1787471783722
1,complete,GK2026D1,6a24e6a0000000002201a734,6a251b86000000002701e549,6a250d25000000002900f94b,1780816775000,？王俊凯？他？,894deb545356d536,橹***.,0,0,,广东,1787471834495
1,complete,GK2026D1,6a24e6a0000000002201a734,6a251b8b000000002a005fb0,6a251a63000000002702801b,1780816779000,[笑哭R][点赞R],8964c6b23d54bc5f,R***i,0,0,,澳大利亚,1787472256935
1,complete,GK2026D1,6a24e6a0000000002201a734,6a251c1c00000000290278a6,6a2504b60000000028036ead,1780816925000,不都是穿校服吗,eb91e94c57e5d50e,博***码,0,0,,四川,1787471749618
1,complete,GK2026D1,6a24e6a0000000002201a734,6a251d2c0000000029026724,6a2505ec0000000027029054,1780817196000,不会的，像我们这边大部分学校校服一样的，都是可以穿校服考试的,063f6a8bc5ea3d06,微***尘,0,0,,上海,1787471749619
1,complete,GK2026D1,6a24e6a0000000002201a734,6a251eac0000000028033f90,6a25180a000000002a031fe5,1780817580000,也不一定卷出来了，很多人被时代推着走，命格如此，如果不用羡慕，做好自己。谁也不能说其他省份家长不卷自己，不努力。。没资格,e76aa1f7c9020ecb,不***爾,1,0,,江苏,1787472393811
1,complete,GK2026D1,6a24e6a0000000002201a734,6a251ecb00000000280394b6,6a2504b2000000002a02416d,1780817611000,谁给诉你北京人能轻松考试985的。。。看下比例再去说话好吧[笑哭R],e679682ffd91543a,无***子,0,0,,北京,1787472154186
1,complete,GK2026D1,6a24e6a0000000002201a734,6a251ed5000000002902c4fb,6a250add0000000028008ebf,1780817621000,本校考生，学校规定必须穿校服的。我儿子就是，他也是重点高中,6f18d5f1d8159cd0,m***🍓,0,0,,河北,1787471749620
1,complete,GK2026D1,6a24e6a0000000002201a734,6a251f1f000000002a00727a,,1780817695000,是学霸无疑了[合十R],6f18d5f1d8159cd0,m***🍓,0,0,,河北,1787472036874
1,complete,GK2026D1,6a24e6a0000000002201a734,6a251f22000000002701eaed,,1780817698000,这气质绝对不是普通家庭的孩子。,21943058e11b51ab,春***冬,3,0,,山东,1787472036874
1,complete,GK2026D1,6a24e6a0000000002201a734,6a2520510000000028031586,,1780818001000,都是为了热度为了流量罢了……世界这个草台班子又诞生一名新的演员……可悲……可叹,ba8f01b109074cee,小***4,0,0,,广西,1787472171165
1,complete,GK2026D1,6a24e6a0000000002201a734,6a252160000000002702df52,,1780818273000,一看就像学霸，一张学霸脸,6f69b9e9a2852cdc,南***木,0,0,,江西,1787472036873
1,complete,GK2026D1,6a24e6a0000000002201a734,6a25223f0000000028030d12,,1780818496000,好样的[派对R],f1c097a62e2f7da7,上***莉,0,0,,上海,1787472036873
1,complete,GK2026D1,6a24e6a0000000002201a734,6a252254000000002900d224,6a24f90f0000000027029915,1780818516000,人家学霸在哪都是学霸[捂脸R],1892498283ff2320,T*,0,0,,北京,1787472205922
1,complete,GK2026D1,6a24e6a0000000002201a734,6a25228c0000000028034f7d,6a24f2e600000000270299fc,1780818572000,酸了[哇R],1892498283ff2320,T*,1,0,,北京,1787472308382
1,complete,GK2026D1,6a24e6a0000000002201a734,6a2522b4000000002803dbe8,6a24fc910000000029035fee,1780818612000,你算啥[哇R],1892498283ff2320,T*,0,0,,北京,1787471951303
1,complete,GK2026D1,6a24e6a0000000002201a734,6a2522c3000000002900ee42,6a24f90f0000000027029915,1780818627000,又开始了，他是人大附中的，你说这话暴露了你的无知呀兄弟[笑哭R],5fdccc8e5d5ec19c,晗***。,0,0,,江苏,1787472239820
1,complete,GK2026D1,6a24e6a0000000002201a734,6a2522cd000000002702efb0,,1780818637000,感觉特装逼的样子,fb77647c2e4c7ad4,任***行,0,0,,河南,1787472171165
1,complete,GK2026D1,6a24e6a0000000002201a734,6a2523650000000027023a52,6a2504b60000000028036ead,1780818790000,深圳全部都是穿校服所有学校都一样也认不出是哪个学校，除非仔细看校服上的校徽[偷笑R],e3b5a89cf7161e45,岁***画,0,0,,广东,1787471749622
1,complete,GK2026D1,6a24e6a0000000002201a734,6a25239f000000002900e3ed,6a24f90f0000000027029915,1780818847000,你觉得北京人大附中的学生考不过你那的？这是什么笑话？那么问题来了，你觉得北京高考简单的话，你怎么不带你孩子去北京上学呀？是不想吗还是你没那个能力呀？人家也是父辈们努力奋斗，人家才在北京上学的呀,5fdccc8e5d5ec19c,晗***。,0,0,,江苏,1787472239821
1,complete,GK2026D1,6a24e6a0000000002201a734,6a2525490000000027022124,6a2504b60000000028036ead,1780819273000,怎么穿都可以,c4a3e829c1c13c65,多***米,0,0,,北京,1787471749622
1,complete,GK2026D1,6a24e6a0000000002201a734,6a2525f5000000002a0307c0,6a251ecb00000000280394b6,1780819445000,北京卷是全国最容易呀，北京考生人数不多，名额比较多，我亲戚大多孩子都读了985,97d48edb667b6edb,m***o,0,0,,北京,1787472152446
1,complete,GK2026D1,6a24e6a0000000002201a734,6a25262d000000002a026cc5,6a2522b4000000002803dbe8,1780819502000,本人吧你是[偷笑R],5814e3ade72494b5,曾***子,0,0,,黑龙江,1787471932838
1,complete,GK2026D1,6a24e6a0000000002201a734,6a2526eb000000002803d4d0,6a25262d000000002a026cc5,1780819692000,谢谢夸奖[偷笑R],1892498283ff2320,T*,0,0,,北京,1787471934566
1,complete,GK2026D1,6a24e6a0000000002201a734,6a2527e5000000002a027ce9,,1780819942000,牙得矫正下吧,64b3a8914e95dd12,童***娃,0,0,,河北,1787472036872
1,complete,GK2026D1,6a24e6a0000000002201a734,6a2528b20000000027016834,6a24f37e0000000029024b01,1780820147000,一点都不像[doge],493ddf16f401be08,老*,0,0,,广东,1787471983077
1,complete,GK2026D1,6a24e6a0000000002201a734,6a25291b000000002702ea80,,1780820252000,淡定，从容，松弛，羡慕他的父母培养出这么优秀的孩子！,40e003b39de51652,梵*,1,0,,黑龙江,1787472036871
1,complete,GK2026D1,6a24e6a0000000002201a734,6a25297f0000000027015b8f,6a24fc910000000029035fee,1780820352000,帅是一种感觉,d74dd19c25717364,时***狗,0,0,,河南,1787471934568
1,complete,GK2026D1,6a24e6a0000000002201a734,6a2529ac000000002a03316f,6a25171f00000000290124c4,1780820397000,对对我也觉得,3e88b69992c822f3,G***W,0,0,,上海,1787471800416
1,complete,GK2026D1,6a24e6a0000000002201a734,6a253550000000002702d28e,6a25228c0000000028034f7d,1780823376000,不是事实吗？什么逻辑,e0dbd10dbe046a97,1***唯,1,0,,河北,1787472308382
1,complete,GK2026D1,6a24e6a0000000002201a734,6a2535e6000000002a02eecd,6a24fc910000000029035fee,1780823527000,这种在大学里随便打扮打扮就会挺好看的，五官都还可以,f9554c6d971eca40,冰***荷,2,0,,山东,1787471934569
1,complete,GK2026D1,6a24e6a0000000002201a734,6a2535f9000000002702fdbf,6a250123000000002702d923,1780823545000,别这么说，让我又要以为我们400清北随便选了[笑哭R],f1a2545373daef3c,这***会,3,0,,北京,1787471851180
1,complete,GK2026D1,6a24e6a0000000002201a734,6a253633000000002800a5eb,6a25077d000000002b02bf96,1780823603000,你考来北京，让你孩子来体会一下如今的北京卷,f1a2545373daef3c,这***会,1,0,,北京,1787471884571
1,complete,GK2026D1,6a24e6a0000000002201a734,6a2537bb0000000028037041,6a251b86000000002701e549,1780823996000,然丝有素质不会随便攻击素人，你不是然丝所以另当别论[偷笑R],a968e3916cf2ab76,R*,3,0,http://sns-webpic-qc.xhscdn.com/202608231557/059b015464191cc2073b3b3cefbdd150/comment/1040g2h0321418hgsnk5g5pb8ekko5pu66ik23l0!nd_whgt34_webp_wm_1,北京,1787471834497
1,complete,GK2026D1,6a24e6a0000000002201a734,6a253aa70000000029011c84,6a2525f5000000002a0307c0,1780824743000,说话不要凭感觉，拿数据说话，北京985率4.3%，一百个里才有4个985，这叫轻松么？其次北京985率在全国仅排第三。不管你家亲戚如何，如此不严谨，看出来你本人和985没啥关系。,e679682ffd91543a,无***子,1,0,,北京,1787472154187
1,complete,GK2026D1,6a24e6a0000000002201a734,6a253ab30000000027014476,6a2537bb0000000028037041,1780824756000,我没攻击啊 我只是觉得震惊呀[捂脸R],894deb545356d536,橹***.,0,0,,广东,1787471817737
1,complete,GK2026D1,6a24e6a0000000002201a734,6a253b17000000002803dee1,6a253ab30000000027014476,1780824856000,拿无辜的素人拉踩两个明星,a968e3916cf2ab76,R*,0,0,,北京,1787471834498
1,complete,GK2026D1,6a24e6a0000000002201a734,6a253c2e000000002a030458,,1780825135000,加油加油加油[彩虹R],655255923ad6c1a4,小***2,0,0,,广东,1787472001981
1,complete,GK2026D1,6a24e6a0000000002201a734,6a254252000000002a024bc2,,1780826706000,作文题目啥意思呀[捂脸R],87ab2d4eda4232a5,周***🎩,0,0,,浙江,1787472001981
1,complete,GK2026D1,6a24e6a0000000002201a734,6a254281000000002a02f9fd,6a2505ec0000000027029054,1780826753000,难道老师还能给你答案吗，都有监控老师还能让你抄啊。,a96675009863a33d,本***空,0,0,,广东,1787471783723
1,complete,GK2026D1,6a24e6a0000000002201a734,6a254325000000002803ba67,,1780826919000,为什么他走这几步给我一种这个演员的感觉[笑哭R],fa5320a0102400b7,Z***m,1,0,http://sns-webpic-qc.xhscdn.com/202608231600/ef251b8430e3d8395f598bb0fd33f477/comment/1040g2h032142m4i8na004bj8ad378tu3d81g800!nd_whlt34_webp_wm_1,辽宁,1787472001980
1,complete,GK2026D1,6a24e6a0000000002201a734,6a25433d000000002b002cad,6a2504b60000000028036ead,1780826942000,都是穿校服,79ad8383fff1823c,蒜***鱼,1,0,,江苏,1787471766850
1,complete,GK2026D1,6a24e6a0000000002201a734,6a2543d8000000002803a777,,1780827097000,这个看着学习挺好的……,59c1bcb9495ea241,C***.,0,0,,浙江,1787472001980
1,complete,GK2026D1,6a24e6a0000000002201a734,6a2544cd0000000029035997,6a2504b60000000028036ead,1780827341000,深圳校服全市统一，穿不穿一样哈哈哈哈哈哈，不能有校标,14356ebc5622c645,L***梁,0,0,,广东,1787471766851
1,complete,GK2026D1,6a24e6a0000000002201a734,6a2546d7000000002803fe21,,1780827863000,有点像刘昊然的虎牙,df299aef81941d59,l***兰,0,0,,荷兰,1787472001979
1,complete,GK2026D1,6a24e6a0000000002201a734,6a2548c20000000028008674,,1780828354000,学霸从不会走错考场 或者什么忘记带考证[偷笑R]  想想那些什么走错考场 和忘带考证是什么级别把[偷笑R],624852180c0a42cb,今***么,0,1,,浙江,1787472001979
1,complete,GK2026D1,6a24e6a0000000002201a734,6a254b3a000000002a02fdad,,1780828987000,这气质绝对不是普通家庭的孩子➕1   又帅又自信口才还好！,6516392c0be3150f,南***🌺,9,2,,广东,1787471698793
1,complete,GK2026D1,6a24e6a0000000002201a734,6a254b5d000000002b002aff,,1780829022000,这孩子不一般，后面保安都得跟着 嘻嘻,6516392c0be3150f,南***🌺,2,2,,广东,1787472001978
1,complete,GK2026D1,6a24e6a0000000002201a734,6a254b7e00000000290105b2,6a2504b60000000028036ead,1780829054000,人大附的孩子可能除了校服没有别的衣服[偷笑R]他们天天都得穿校服,e0741b177b298642,哈*,0,0,,北京,1787471766852
1,complete,GK2026D1,6a24e6a0000000002201a734,6a254c25000000002901a83e,6a250add0000000028008ebf,1780829222000,只要不用换学校考 就要穿校服,b6fc77b0f03754d9,b***o,0,0,,浙江,1787471766853
1,complete,GK2026D1,6a24e6a0000000002201a734,6a254caa000000002900dcb8,,1780829355000,看着气质，哪个高官的儿子吧[偷笑R],2d3ab45ce4bf2d0b,无***者,0,0,,广东,1787472001977
1,complete,GK2026D1,6a24e6a0000000002201a734,6a254ce2000000002b0035d2,,1780829410000,巧了我也有一颗虎牙，只是我在扭螺丝[捂脸R],d01f0bd1d31b57e9,L***栩,0,0,,湖南,1787472001977
1,complete,GK2026D1,6a24e6a0000000002201a734,6a254d3e0000000029013416,,1780829503000,又帅又聪明不好吗？,fea2c2e9d92f725a,小***🍊,0,0,,北京,1787472001976
1,complete,GK2026D1,6a24e6a0000000002201a734,6a254e8c0000000028038bed,,1780829837000,我就想说，记者走脑子么？你去顶尖的学校问顶尖的学生难不难？好不好写？,2c91578f11e029a0,一***儿,0,0,,北京,1787472137440
1,complete,GK2026D1,6a24e6a0000000002201a734,6a2552570000000028036a5c,6a250526000000002900d738,1780830808000,哈哈好吧，我们这边大概会明文规定不允许穿校服的，老师也经常强调，所以就下意识问出来了[笑哭R],419d46d1a85ffe1b,小***D,0,0,,江苏,1787471766855
1,complete,GK2026D1,6a24e6a0000000002201a734,6a2559b80000000028031fbc,,1780832696000,这长相就是学霸的样子[哭惹R],31ac1fa4619a84db,A***.,0,0,,上海,1787471984981
1,complete,GK2026D1,6a24e6a0000000002201a734,6a2561b5000000002900d91c,6a253550000000002702d28e,1780834741000,你是真不了解[捂脸R],1892498283ff2320,T*,1,0,,北京,1787472325826
1,complete,GK2026D1,6a24e6a0000000002201a734,6a2565aa00000000280086d9,6a2561b5000000002900d91c,1780835755000,[偷笑R]事实胜于雄辩，可以试着换卷解答一下,e0dbd10dbe046a97,1***唯,0,0,,河北,1787472291745
1,complete,GK2026D1,6a24e6a0000000002201a734,6a2568b1000000002902f986,6a25129a0000000028008cc3,1780836529000,傲不傲慢关你啥事，我看你是挺不会察言观色的，别人高考你说这些[哇R],b900e2338f5d0d35,m***o,0,0,,北京,1787472325828
1,complete,GK2026D1,6a24e6a0000000002201a734,6a256924000000002702a8f9,6a25077d000000002b02bf96,1780836645000,有本事来河南考，高考大省[笑哭R],8a49ededc4e115c6,n***a,0,0,,河南,1787471884568
1,complete,GK2026D1,6a24e6a0000000002201a734,6a25896e0000000029019866,,1780844910000,郭麒麟来的,a7249f0ba334899b,空***卿,0,0,,广东,1787471984981
1,complete,GK2026D1,6a24e6a0000000002201a734,6a25aca9000000002701d66b,6a250add0000000028008ebf,1780853929000,学生不穿校服穿什么？[笑哭R]因为每个考点都有不同学校的学生有些还会做校车去的。方便大家归堆，然后不上错车什么的，很正常呀。然后还可以看校服认人，几个考完了的，在外面打个招呼，一起走，或者一起吃饭，或者一起讨论题目，都挺好的。即使是考试的时候，一个教室里面有几个相同校服的，会有一种莫名的安心感，感觉跟在学校一样，跟在自己班级一样，考试都会踏实很多，减少压力跟焦虑感。,f5571083d28f72b4,懒***名,0,0,,北京,1787471783724
1,complete,GK2026D1,6a24e6a0000000002201a734,6a25ad64000000002800b566,6a250123000000002702d923,1780854117000,你是说清华里面的不是北京人的那些人是属于非人类的？[微笑R],f5571083d28f72b4,懒***名,0,0,,北京,1787471851180
1,complete,GK2026D1,6a24e6a0000000002201a734,6a25add9000000002800be7c,6a250931000000002702ca38,1780854234000,你有本事来北京考呀，天天说北京容易，你看看清华北大里面都是精华学生高考状元，榜眼探花，哪儿写着北京专上了？非得要变相的证明一下北京实际教育素质比别的地方高吗？[微笑R],f5571083d28f72b4,懒***名,1,0,,北京,1787471901197
1,complete,GK2026D1,6a24e6a0000000002201a734,6a25ae25000000002800836d,6a254b5d000000002b002aff,1780854309000,我们这里高考先出来的那几个，都是保安后边跟着给送出来的，不是为了别的，怕你出来的时候乱喊乱叫，影响别人，或者你作弊，比如说给别人传个纸条。等到统一交卷铃响后，集体往外放的时候，保安才会不跟着，只会在门口维持治安。那时候人家担心的是磕了碰了，影响你下一场考试，所以请不要以小人之心来看世事，好吗？[微笑R],f5571083d28f72b4,懒***名,0,0,,北京,1787472019129
1,complete,GK2026D1,6a24e6a0000000002201a734,6a25aed9000000002701fd83,6a254b3a000000002a02fdad,1780854489000,有没有可能他是属于好学生，学霸那一类的，自然而然就有气质，有自信了？跟家事其实无关的。因为在北京，最不缺的就是家世好的。现在你知道为啥说北京教学素质好了吧？其实北京教学资质真的挺不错的，教出学生整体素质都很好。而且吧我们有些好学校真的不撒谎并不是说看你升学历高考率多少的，而是看清华的中考率多少北大的重考多少，然后头几名的那几个有多少，然后才来决定老师的工资奖金高低的[偷笑R]。真的不骗你。最牛的就是我姥娘当年的那个学校。就是那么看的，一个班如果有50个学生，老师考虑的是，有多少个能上清华，能上北大……。因为那是决定他每年的优秀教师或者特级教师稳不稳的先决条件之一。[偷笑R][笑哭R],f5571083d28f72b4,懒***名,2,0,,北京,1787471968072
1,complete,GK2026D1,6a24e6a0000000002201a734,6a25af6c0000000027029797,6a2548c20000000028008674,1780854636000,那种我小时候是直接放弃的，不知道为啥现在那么多人拼了命的给他们补救，其实说实话，补救啥呀？有什么意义呀？还让家里面多花几年高额学费。真的还不如像南方人一样，直接放弃，多赚4年的钱呢。真心话噢，而且我觉得这是对很多家庭是有好处的，对社会也有好处，而不是大波轰的什么货都塞进学校里面去。凑一个升学率。其实就是浪费社会资源。北京以前一直是这么卷的，好像自从开始普及大学以后就变味儿了。特别是这几年。,f5571083d28f72b4,懒***名,1,0,,北京,1787472034131
1,complete,GK2026D1,6a24e6a0000000002201a734,6a260062000000002900ddda,6a250123000000002702d923,1780875363000,是招爹妈强的且自己强的。,36135115f5c50092,m***o,1,0,,北京,1787471867909
1,complete,GK2026D1,6a24e6a0000000002201a734,6a26009d000000002803543b,6a256924000000002702a8f9,1780875421000,不如想想为啥不能来北京考。上一代基因没合格罢了，自己多努力吧,36135115f5c50092,m***o,1,0,,北京,1787471901198
1,complete,GK2026D1,6a24e6a0000000002201a734,6a2610970000000029034d3e,,1780879511000,这是谁家的女婿？,4a3ab7d793a2f41b,橄*,0,0,,广西,1787471984980
1,complete,GK2026D1,6a24e6a0000000002201a734,6a262e8f00000000280366ed,,1780887184000,以后肯定是网红[点赞R],74f151de50e89820,唐*,0,0,,陕西,1787471984980
1,complete,GK2026D1,6a24e6a0000000002201a734,6a26323f000000002a02496a,6a25ae25000000002800836d,1780888127000,明白了 谢谢解读哈,6516392c0be3150f,南***🌺,0,0,,广东,1787472016983
1,complete,GK2026D1,6a24e6a0000000002201a734,6a263252000000002902e636,6a25aed9000000002701fd83,1780888147000,嗯 明白了 这个孩子气宇非凡,6516392c0be3150f,南***🌺,1,0,,广东,1787471966306
1,complete,GK2026D1,6a24e6a0000000002201a734,6a26339a000000002b0277c6,6a250123000000002702d923,1780888475000,他们的父母都是当妈年各地状元学霸留在北京，孩子本身也是学霸才能进人大附中,4f738eb1ab244a60,静*,0,0,,北京,1787471851176
1,complete,GK2026D1,6a24e6a0000000002201a734,6a2634d3000000002b02663d,6a250123000000002702d923,1780888787000,你们老乡的孩子,0ecdc11924a5b037,小***1,0,0,,北京,1787471851177
1,complete,GK2026D1,6a24e6a0000000002201a734,6a2635520000000029034b80,6a25077d000000002b02bf96,1780888914000,你老乡的孩子[doge],0ecdc11924a5b037,小***1,1,0,,北京,1787471884569
1,complete,GK2026D1,6a24e6a0000000002201a734,6a2637dc000000002901822f,,1780889565000,开口就是市委书记级别,7120560348abf257,高***车,3,0,http://sns-webpic-qc.xhscdn.com/202608231559/ac78895bee5fcf567af7d1872e34173c/comment/1040g4b8321508ggqnuh05q4nh7rq5dgge0t66f8!nd_whlt34_webp_wm_1,云南,1787471984979
1,complete,GK2026D1,6a24e6a0000000002201a734,6a265262000000002800905a,6a2504b60000000028036ead,1780896354000,我没穿校服也可以线上体会高考[捂脸R] 曾经的河北考生挑战写高考作文,5bfd0d9f7ae9fbaa,袁***怵,0,0,,广东,1787471783720
1,complete,GK2026D1,6a24e6a0000000002201a734,6a2694a8000000002900e7ac,6a2518a10000000028031d77,1780913320000,的确，也像陈铭[笑哭R]我觉得,44d4a6a5615f2154,布***灵,0,0,,江西,1787471817738
1,complete,GK2026D1,6a24e6a0000000002201a734,6a26bdb300000000290124cc,,1780923828000,好厉害啊一看就是学霸,e98e3366d30a18bd,✨***）,0,0,,山东,1787471984978
1,complete,GK2026D1,6a24e6a0000000002201a734,6a2720910000000027029964,6a250123000000002702d923,1780949137000,你看看人家父母怎么留到北京了，回去赶紧问问你父母干了什么,5aa8b8093df17cd9,v***晨,0,0,,北京,1787471867911
1,complete,GK2026D1,6a24e6a0000000002201a734,6a2720d3000000002800924d,6a256924000000002702a8f9,1780949204000,你努力努力让你孩子来北京考不是更好,5aa8b8093df17cd9,v***晨,0,0,,北京,1787471901199
1,complete,GK2026D1,6a24e6a0000000002201a734,6a28b765000000000d023000,,1781053285000,现在不用说那么多，等成绩出来就知道了,814bcb1c9ab5c558,E*,0,0,,马来西亚,1787471984978
1,complete,GK2026D1,6a24e6a0000000002201a734,6a28d45800000000280377eb,,1781060697000,想看分数出来后续,f0f1d9d177745fb5,大***睛,0,0,,湖北,1787471984977
1,complete,GK2026D1,6a24e6a0000000002201a734,6a2d0da4000000002a006f3b,,1781337508000,欧阳一月,f0e46740fe15f704,。*,0,0,,湖南,1787471984976
1,complete,GK2026D1,6a24e6a0000000002201a734,6a41fef3000000000b039b6f,,1782710003000,我要验牌,279d8585ea2d4c6c,爱***说,0,0,,江苏,1787471984975
1,complete,GK2026D1,6a24e6a0000000002201a734,6a7f2e8e0000000002036eeb,6a26009d000000002803543b,1786719887000,与其乱归因基因，不如好好了解下异地高考真实规则。,8a49ededc4e115c6,n***a,0,0,,河南,1787471901200
1,complete,GK2026D1,6a24e6a0000000002201a734,6a7f2f4200000000030082f2,6a2720d3000000002800924d,1786720066000,每个省份升学压力不一样，各有难处，没必要纠结在哪考试，孩子尽力成长就够了。评论只是简单的调侃,8a49ededc4e115c6,n***a,0,0,,河南,1787471884570
4,complete,GK2026D1,6a2565e50000000008033aaf,6a256708000000002902e1c3,,1780836104000,111,a6b38975b3a3070b,x***g,0,0,,湖北,1787474436528
4,complete,GK2026D1,6a2565e50000000008033aaf,6a256721000000002b027170,,1780836130000,昕昕姐姐[派对R],b7d051b9ac1cb490,一***),0,0,,湖南,1787474403188
4,complete,GK2026D1,6a2565e50000000008033aaf,6a25677a000000002800bb4a,,1780836219000,昕昕来啦,df094a53a2b24980,闪***竹,2,0,http://sns-webpic-qc.xhscdn.com/202608231640/83b0a346ddfa366d24151fd026759b62/comment/1040g2h03213pmlcf70205oth5cl9t7elpe1f7o0!nd_whgt34_webp_wm_1,河南,1787474403187
4,complete,GK2026D1,6a2565e50000000008033aaf,6a25678b000000002a024e2a,,1780836236000,前排，前排,6ffa8d7040dd7b71,🍥***🐾,0,0,,浙江,1787474436521
4,complete,GK2026D1,6a2565e50000000008033aaf,6a2568e0000000002b024416,,1780836576000,[赞R][赞R],04c0c9f2356e40cc,🍀***月,0,0,,广东,1787474436529
4,complete,GK2026D1,6a2565e50000000008033aaf,6a2569600000000029035b70,,1780836704000,超级美,c8e6c653c10b6f49,下***岸,4,0,,四川,1787474403186
4,complete,GK2026D1,6a2565e50000000008033aaf,6a256bc20000000028009144,,1780837315000,好善良，祝所有高考生都能取得好成绩,0a2719fa9f1a105e,期*,5,0,,河南,1787474453259
4,complete,GK2026D1,6a2565e50000000008033aaf,6a256d3e0000000028033455,,1780837695000,善良美丽[飞吻R],79318302c98e25d2,奔***早,0,0,,新疆,1787474436525
4,complete,GK2026D1,6a2565e50000000008033aaf,6a256e45000000002803393f,,1780837958000,來咯來咯,a4c3f5a93bd743e3,🍊***餡,0,0,,中国香港,1787474403189
4,complete,GK2026D1,6a2565e50000000008033aaf,6a256e4f000000002803a2ec,,1780837968000,昕昕真棒,a4c3f5a93bd743e3,🍊***餡,0,0,,中国香港,1787474436523
4,complete,GK2026D1,6a2565e50000000008033aaf,6a257553000000002803600e,,1780839763000,支持，喜欢看你的视频,c359622ee7510c1c,嗯***呐,1,0,,吉林,1787474403190
4,complete,GK2026D1,6a2565e50000000008033aaf,6a25761e000000000d022802,,1780839966000,画质现在偏差 之前的视频没漏过[害羞R],53457cc3841c1903,一***朱,0,0,,爱尔兰,1787474436523
4,complete,GK2026D1,6a2565e50000000008033aaf,6a25aea7000000002702c348,,1780854439000,你这不是会让他们在考试的时候上卫生间吗，不就间接影响到他们了吗，看似初衷是好的，但其实暗藏弊处[捂脸R],1b3699cae1f6b842,仕***途,0,4,,浙江,1787474453261
4,complete,GK2026D1,6a2565e50000000008033aaf,6a25d4cf000000002b029d12,6a25aea7000000002702c348,1780864207000,肯定考之前是会上厕所的啊，并且喝水会缓解紧张，我一紧张就想喝点水[笑哭R],76a0c17fc1343648,小***4,3,0,,湖北,1787474468265
4,complete,GK2026D1,6a2565e50000000008033aaf,6a262b26000000002a027582,6a25aea7000000002702c348,1780886310000,这有啥影响的…提供给有需要的人 拿了可以选择喝或不喝 总比想喝的时候没有好啊…,dad2a613e225b517,昕***元,4,0,,湖南,1787474470338
4,complete,GK2026D1,6a2565e50000000008033aaf,6a2646990000000029027a53,,1780893337000,昕昕回来了[哭惹R],afa235afca6c6757,m***o,0,0,,浙江,1787474436526
4,complete,GK2026D1,6a2565e50000000008033aaf,6a2646b4000000002b0037b0,,1780893364000,是昕昕回来了还是把号卖给昕昕了啊[哭惹R],afa235afca6c6757,m***o,10,3,,浙江,1787474403184
4,complete,GK2026D1,6a2565e50000000008033aaf,6a264d9f000000002702d9ce,6a2646b4000000002b0037b0,1780895136000,打官司要回来了,d875ffc8bf8c8f12,一***。,11,0,,湖北,1787474418194
4,complete,GK2026D1,6a2565e50000000008033aaf,6a26a0b8000000002702d39e,,1780916409000,看了半天发现这是自己学校[偷笑R],9b46caca01443c1e,🆔***虞,0,0,,湖南,1787474436524
4,complete,GK2026D1,6a2565e50000000008033aaf,6a26c86d000000002803f39f,6a2646b4000000002b0037b0,1780926573000,什么情况 我已经好久没刷到了 以前老喜欢看了,eed3801a2e716455,小***伤,0,0,,河南,1787474419791
4,complete,GK2026D1,6a2565e50000000008033aaf,6a273f030000000028036312,,1780956931000,高考的第三天，祝各位考生金榜题名，一举夺魁。考的不会蒙的全对[飞吻R][飞吻R],058895c731ff77ad,l***y,0,0,,广东,1787474403190
4,complete,GK2026D1,6a2565e50000000008033aaf,6a2770eb000000002b02b2d5,6a25aea7000000002702c348,1780969708000,这都能喷666,eb1dcedc170f9b5d,松***香,0,0,,湖南,1787474470340
4,complete,GK2026D1,6a2565e50000000008033aaf,6a277cb90000000027021d48,6a2770eb000000002b02b2d5,1780972730000,什么叫这都能喷，我不能提出我的观点吗，我有骂博主吗请问,1b3699cae1f6b842,仕***途,0,0,,浙江,1787474470341
4,complete,GK2026D1,6a2565e50000000008033aaf,6a27d8310000000029027c61,6a2646b4000000002b0037b0,1780996145000,昕昕：“之前的 摄像侵占账号  我打官司拿回来了宝宝”,f8143fee9c8c30b2,i***l,2,0,,广东,1787474419793
4,complete,GK2026D1,6a2565e50000000008033aaf,6a281988000000002b024f78,,1781012873000,高考题目是不能泄露的考生和主播可能都会有一些的错误,3b9e5e83500ef986,^***^,1,0,,浙江,1787474403187
4,complete,GK2026D1,6a2565e50000000008033aaf,6a281c400000000028030601,,1781013569000,姐你回来了啊[哭惹R],a18b2a0cb90e4fe4,柳***女,0,0,,江苏,1787474403188
4,complete,GK2026D1,6a2565e50000000008033aaf,6a282fa2000000002900c5b1,,1781018530000,前排[派对R],5cf19a3e846c8da1,C***a,1,0,,广东,1787474436528
4,complete,GK2026D1,6a2565e50000000008033aaf,6a2c116f0000000029010eea,,1781272944000,之前是说你要自己做了，一直在找人拍视频，原来在打官司,032c51cd289c4a5e,芝***吖,1,0,,广西,1787474403191
4,complete,GK2026D1,6a2565e50000000008033aaf,6a663d2e0000000015003e78,,1785085231000,怎麼不更新了 ！又被搶走了嗎！！！！,a4c3f5a93bd743e3,🍊***餡,0,0,,中国香港,1787474436527
5,complete,GK2026D1,6a24bdbd0000000035020e3e,6a24c6f90000000027020692,,1780795129000,是高考的第一天，祝所有考生金榜题名，旗开得胜,312c01988fd988ea,红***薯,0,0,,广东,1787475122675
5,complete,GK2026D1,6a24bdbd0000000035020e3e,6a24f1d3000000002902eb8a,,1780806100000,祝福考生们金榜题名事事顺心顺意,4d0cc958b307d4c6,我***侠,0,0,,广东,1787475122675
5,complete,GK2026D1,6a24bdbd0000000035020e3e,6a24fefd0000000027021bdc,,1780809470000,一眼ai。,1c5d414371d07117,小***2,0,0,,上海,1787475122674
5,complete,GK2026D1,6a24bdbd0000000035020e3e,6a2506fb00000000270209cd,,1780811516000,[点赞R][点赞R][爱心R][玫瑰R],cc4b7072586a0d10,小***3,0,0,,上海,1787475122673
5,complete,GK2026D1,6a24bdbd0000000035020e3e,6a25115100000000280083cf,,1780814161000,祝这些高考的读书。考状元,991fe9f312cf6869,秀***i,0,0,,贵州,1787475122672
5,complete,GK2026D1,6a24bdbd0000000035020e3e,6a260a9c000000002702eba2,,1780877980000,祝福你们金榜题名，前程似锦，加油加油[点赞R][点赞R][点赞R][红色心形R][红色心形R][红色心形R][福R][福R][福R][玫瑰R][玫瑰R][玫瑰R],9a8dc110cc7b528a,平***福,0,0,,陕西,1787475122670
6,complete,GK2026D1,6a256406000000002103ee56,6a256451000000002701c756,,1780835409000,[派对R],e21e50227b8502f0,男***人,0,0,,四川,1787475981239
6,complete,GK2026D1,6a256406000000002103ee56,6a256458000000002a02779f,,1780835416000,1,213c24ac529bc86a,葵***鹿,3,0,,陕西,1787475981237
6,complete,GK2026D1,6a256406000000002103ee56,6a25645f0000000029013af2,,1780835424000,前排来的,e88caf2c04b7f29e,小***B,1,0,,安徽,1787475776173
6,complete,GK2026D1,6a256406000000002103ee56,6a2564a10000000029010b05,,1780835489000,[doge],6d0fce7054c42471,洛*,1,0,,江西,1787475981238
6,complete,GK2026D1,6a256406000000002103ee56,6a2564cc0000000029011572,,1780835532000,求弟弟心理阴影面积,05a3cc57c041ccc8,一***角,120,0,,江苏,1787475776169
6,complete,GK2026D1,6a256406000000002103ee56,6a2564f900000000270206c0,,1780835577000,2,5194307b5726504a,女***婉,2,0,,四川,1787475981236
6,complete,GK2026D1,6a256406000000002103ee56,6a2565ed0000000029019b90,,1780835822000,老辈子的美颜依旧扛打,94ae3cf79c8120cb,岛***],1903,26,http://sns-webpic-qc.xhscdn.com/202608231702/4a8e0d033e5c491598f2eb774d84c70d/comment/1040g4b832146ou7b7u605qd3o9eocvfunjnpvf0!nd_whgt34_webp_wm_1,甘肃,1787475776168
6,complete,GK2026D1,6a256406000000002103ee56,6a2566d8000000002b0264dd,,1780836056000,@我86斤白瘦富美,058ae144faf5740f,H***s,0,0,,吉林,1787476167273
6,complete,GK2026D1,6a256406000000002103ee56,6a256769000000002a02cabb,,1780836201000,@花花睡不醒l 哈哈哈哈哈哈哈,9d7c2b0d5f3ec5b3,李***碧,0,1,,江苏,1787475998512
6,complete,GK2026D1,6a256406000000002103ee56,6a2571a400000000280388ff,,1780838820000,@荼 [呃R],9cd7b96642b91cc2,出***痛,0,1,,山西,1787476167272
6,complete,GK2026D1,6a256406000000002103ee56,6a25881900000000280306f4,,1780844570000,@铭玖零陆 笑死我了。。。。,0f744e7373436807,喂*,1,0,,河北,1787475998511
6,complete,GK2026D1,6a256406000000002103ee56,6a258aef0000000029019d54,6a2571a400000000280388ff,1780845295000,。这种都算不上侵犯陌生人肖像权了，根本看不出来人形…,4629f013285b07b9,*,0,0,,北京,1787476182281
6,complete,GK2026D1,6a256406000000002103ee56,6a258cd000000000270176d2,6a256769000000002a02cabb,1780845776000,好冒昧,7b8d868c5bf25158,花***l,0,0,,江苏,1787476030594
6,complete,GK2026D1,6a256406000000002103ee56,6a2592630000000028038ad2,,1780847204000,一边想指责阿姨侵犯别人肖像权了，回头一看这美颜也算是打码了吧。,d3df8d2f585b15a2,用***销,192,10,,北京,1787476032403
6,complete,GK2026D1,6a256406000000002103ee56,6a259ede000000002900e85d,6a2592630000000028038ad2,1780850399000,笑崩溃了,587cebb6b8e9f5f2,用***销,3,0,,广东,1787476066232
6,complete,GK2026D1,6a256406000000002103ee56,6a25a17b00000000280096b5,6a2592630000000028038ad2,1780851068000,@一周一个好名字 [回招呼],33383d2b1b53c1f8,哒***哒,2,0,,福建,1787476049353
6,complete,GK2026D1,6a256406000000002103ee56,6a26093600000000270288b5,,1780877623000,给小老弟美颜成ET了，不敢想阿姨关了美颜脸盘子有多大,c30e154d1ccaaf53,花***鱼,28,0,,安徽,1787476032405
6,complete,GK2026D1,6a256406000000002103ee56,6a261729000000002b0263a0,6a2592630000000028038ad2,1780881194000,@kkO,77d5eff262a8813f,(***),1,0,,广西,1787476049354
6,complete,GK2026D1,6a256406000000002103ee56,6a2619a2000000002a0245cd,,1780881826000,@金刚兔子狼外婆 @猫野 @Eleven 哈哈哈哈哈哈哈,09217a70147dc57b,看***）,0,1,,广东,1787475981234
6,complete,GK2026D1,6a256406000000002103ee56,6a261eaf000000002803e536,6a2592630000000028038ad2,1780883119000,@momo @🍟 @Vvvuuyeah,7ed0141b06a58745,m***o,0,0,,江苏,1787476049355
6,complete,GK2026D1,6a256406000000002103ee56,6a2623c50000000029026aaf,6a2592630000000028038ad2,1780884421000,拍了半天硬是没侵犯肖像权,d04c56065db9d830,b***o,42,0,,江苏,1787476047411
6,complete,GK2026D1,6a256406000000002103ee56,6a2625cc000000002b026fef,,1780884941000,@摸鱼惯犯日记,a133764db43f634c,想***鱼,0,0,,湖南,1787476167271
6,complete,GK2026D1,6a256406000000002103ee56,6a2627d6000000002701e1d6,,1780885463000,@熊大俺要吃蜂蜜！ @用户mougeren @头发多多钱多多 @ㅤㅤ 啊啊啊啊啊啊啊,d66636524cd2a840,快***狗,2,0,,天津,1787475998511
6,complete,GK2026D1,6a256406000000002103ee56,6a262a4f000000002b02bc09,6a2592630000000028038ad2,1780886095000,弟弟同学看了半天硬没看出来这是谁哈哈哈哈哈哈哈哈哈,ee338967b8cded42,举***宠,11,0,,湖南,1787476049356
6,complete,GK2026D1,6a256406000000002103ee56,6a262b6e000000002803f16b,6a2565ed0000000029019b90,1780886383000,@🍄米菲酱 @¿ @Funny🐷妹猪,ab8eb1e4bf65d772,来***薯,2,0,,海南,1787475861998
6,complete,GK2026D1,6a256406000000002103ee56,6a262c720000000027020e25,6a261eaf000000002803e536,1780886643000,哈哈哈哈哈哈哈哈哈哈哈对,71c2f9b98025c2f3,*,0,0,,江苏,1787476049356
6,complete,GK2026D1,6a256406000000002103ee56,6a262e2b000000002b025e2a,6a2565ed0000000029019b90,1780887084000,哈哈哈哈哈笑拉了,db6269d63b3d1ae6,加***倦,1,0,,广东,1787475861999
6,complete,GK2026D1,6a256406000000002103ee56,6a262e47000000002b002576,6a2592630000000028038ad2,1780887112000,@阿尔卡季 ,6a9678b351f0a2bf,肖***我,0,0,,吉林,1787476066228
6,complete,GK2026D1,6a256406000000002103ee56,6a262f58000000002b000f03,6a2592630000000028038ad2,1780887384000,哈哈哈哈哈哈哈哈哈,6d29c6e6ee11c396,等***来,0,0,,云南,1787476066230
6,complete,GK2026D1,6a256406000000002103ee56,6a262fb300000000270236cf,6a2565ed0000000029019b90,1780887476000,我喝过它家的电解质水,fff366318b6a32a1,咖***菲,207,0,,广东,1787475859539
6,complete,GK2026D1,6a256406000000002103ee56,6a2633dc000000002a004b03,,1780888541000,@momo,04f61260ac30747f,W***果,0,1,,山东,1787476167270
6,complete,GK2026D1,6a256406000000002103ee56,6a2636eb00000000280383b2,,1780889324000,@北北北枳 @Penguing @therealadmin @阿王校长 @if 1ce @芋泥粽子 @世界第一大美女 @illu0sion @窝窝窝不要出栏ka🎸🦈 @anna,291a4e0566b7c67c,紫***星,1,1,,北京,1787476167270
6,complete,GK2026D1,6a256406000000002103ee56,6a2637be000000002b028d49,6a2619a2000000002a0245cd,1780889534000,哈哈哈哈哈哈哈哈哈哈哈被感动的阿姨,fb68027150f2fea3,金***婆,0,0,,广东,1787475996243
6,complete,GK2026D1,6a256406000000002103ee56,6a2637cf000000002902c3c8,6a2633dc000000002a004b03,1780889551000,抖音看到了,48cb0d192b670d67,m***o,0,0,,山东,1787476182281
6,complete,GK2026D1,6a256406000000002103ee56,6a2639000000000029025040,,1780889856000,@人类后腿 我尼玛笑死了,75916243e2390da1,红***梨,0,0,,美国,1787475998510
6,complete,GK2026D1,6a256406000000002103ee56,6a263a380000000029024341,6a2565ed0000000029019b90,1780890168000,@吧里吧里阿Q这哈进,0fbc01ab3dbed426,月***干,1,0,,广东,1787475862000
6,complete,GK2026D1,6a256406000000002103ee56,6a263b97000000002803ef68,6a2636eb00000000280383b2,1780890520000,太搞笑了,7e23a5b3f7ea16c5,北***枳,0,0,,美国,1787476182280
6,complete,GK2026D1,6a256406000000002103ee56,6a263ece00000000270211b7,6a263a380000000029024341,1780891343000,[捂脸R][捂脸R],4a0f2bf6eb6c837f,吧***进,0,0,,广东,1787475862001
6,complete,GK2026D1,6a256406000000002103ee56,6a2642930000000029010204,,1780892307000,就是他妈啊 她开玩笑说不是孩子妈妈,a38540d24a1daff9,图***n,118,21,,上海,1787475776166
6,complete,GK2026D1,6a256406000000002103ee56,6a2643b0000000002900fcec,6a2642930000000029010204,1780892592000,真的不是 我刷到孩子他妈的抖音了[捂脸R],208178cab3419366,创***人,223,0,,四川,1787475793285
6,complete,GK2026D1,6a256406000000002103ee56,6a2643c40000000028031a1f,6a2643b0000000002900fcec,1780892612000,啊？,a38540d24a1daff9,图***n,0,0,,上海,1787475793286
6,complete,GK2026D1,6a256406000000002103ee56,6a2645ca00000000280307a2,,1780893131000,@Valuri @胡志军 @Oink oink @麻球宾治武士 @Evelyn_evaniaaa^C,9e8d745bf74d53e6,随***吧,1,0,,广东,1787476167269
6,complete,GK2026D1,6a256406000000002103ee56,6a264828000000002803a836,,1780893736000,@咪咪大王 @财财来财 @画灵brit [笑哭R],e4bacd629fdce3af,夹***子,0,1,,湖南,1787476167268
6,complete,GK2026D1,6a256406000000002103ee56,6a2649aa0000000027017ee9,6a264828000000002803a836,1780894122000,变成外星人了,800eb9c99406e8e5,画***t,0,0,,湖南,1787476182278
6,complete,GK2026D1,6a256406000000002103ee56,6a2649d100000000290377c1,6a2565ed0000000029019b90,1780894162000,@红茶拿铁 [doge],fef14a4b6153b903,奶***了,0,0,,江西,1787475862001
6,complete,GK2026D1,6a256406000000002103ee56,6a264b070000000029027a6e,6a262fb300000000270236cf,1780894472000,@NeiiLLL 笑的我,4812f0a582e3a856,B***y,0,0,,福建,1787475879422
6,complete,GK2026D1,6a256406000000002103ee56,6a264c290000000028036f12,6a261eaf000000002803e536,1780894762000,[笑哭R][笑哭R]哈哈哈哈,d563e95f2d236d38,V***h,0,0,,江苏,1787476066231
6,complete,GK2026D1,6a256406000000002103ee56,6a264e450000000029011e28,,1780895301000,@移霞,c241f7604af6da40,小***星,0,0,,黑龙江,1787476167268
6,complete,GK2026D1,6a256406000000002103ee56,6a26537d000000002a02c548,,1780896637000,@叽叽咕咕🐶 @阿不思尧,ec648a95bdd888f8,狼***狗,1,0,,广西,1787476167267
6,complete,GK2026D1,6a256406000000002103ee56,6a2656a8000000002100f8bd,,1780897449000, @momo ,84c578ae80db4c7c,陈***生,0,1,,河北,1787476167266
6,complete,GK2026D1,6a256406000000002103ee56,6a26580e000000002800a85d,6a2642930000000029010204,1780897808000,这个才是孩子他妈哈哈哈,4ecd7498ec9f67a6,B*,371,0,http://sns-webpic-qc.xhscdn.com/202608231702/20a15bf46fe242c7e7bf32b673e554cf/comment/1040g4b832154fqd870d05o2i2tu094njovcni48!nd_whgt34_webp_wm_1,辽宁,1787475791175
6,complete,GK2026D1,6a256406000000002103ee56,6a265b3f000000002702cbbc,,1780898623000,@Elaborate. 哈哈哈哈哈哈好有趣的妈妈,afbd0664c999f03f,m***o,0,1,,江西,1787475998510
6,complete,GK2026D1,6a256406000000002103ee56,6a265b9f00000000280091c6,6a265b3f000000002702cbbc,1780898720000,哈哈哈哈哈哈哈哈哈哈,013eadb75cbf67a2,E***.,0,0,,河南,1787476030593
6,complete,GK2026D1,6a256406000000002103ee56,6a265f1f000000002a02737a,6a26580e000000002800a85d,1780899615000,@燕子,474009bfb0213dd1,雨***°,1,0,,湖南,1787475793287
6,complete,GK2026D1,6a256406000000002103ee56,6a2666eb00000000280328bc,,1780901611000,@投喂中的猪 @蜡笔不小心,ae840080691dd466,番***卷,0,2,,四川,1787476117079
6,complete,GK2026D1,6a256406000000002103ee56,6a2669f4000000002702c0e3,,1780902389000,,1ecb230554d701bc,N***r,6,1,http://sns-webpic-qc.xhscdn.com/202608231702/5c6611cd29fc9cbd35994f843c937a4b/comment/1040g4b832156lnkt726g5pn9g7jiu7840sf0juo!nd_whgt34_webp_wm_1,江苏,1787475776171
6,complete,GK2026D1,6a256406000000002103ee56,6a266c370000000028036d21,6a2666eb00000000280328bc,1780902968000,旗袍吗？有意思,a89f1c04e292dd70,蜡***心,0,0,http://sns-webpic-qc.xhscdn.com/202608231708/1e6f57ed2504a629e7694c8f13a99f8e/comment/1040g2h032156ui3bnurg5pc6t5tn4llbdr3ijjg!nd_whlt34_webp_wm_1,四川,1787476148867
6,complete,GK2026D1,6a256406000000002103ee56,6a2672bd000000002702da6e,,1780904638000,@南极🧊,61e42ecf56deedef,0*,0,0,,安徽,1787476117079
6,complete,GK2026D1,6a256406000000002103ee56,6a267bf40000000028032239,6a26580e000000002800a85d,1780906997000,[捂脸R],a38540d24a1daff9,图***n,0,0,,上海,1787475793288
6,complete,GK2026D1,6a256406000000002103ee56,6a267dd90000000027021841,6a262fb300000000270236cf,1780907481000,@薄巧年糕条🍜 @小红薯6910A017 @捕鼠能手大花猫上将 @小乖baby晗,69cfa8ea2a6b3774,麻***🍫,0,0,,四川,1787475879423
6,complete,GK2026D1,6a256406000000002103ee56,6a268539000000002900c16c,,1780909369000,@Rere [笑哭R],752c33ce11dc498c,火***蛛,0,1,,湖北,1787476117078
6,complete,GK2026D1,6a256406000000002103ee56,6a2685500000000028032ac2,6a268539000000002900c16c,1780909393000,哈哈哈哈哈刷到过,d7261fbec4d4bb14,R***e,0,0,,浙江,1787476148865
6,complete,GK2026D1,6a256406000000002103ee56,6a26872a000000002702d247,,1780909867000,@Celia [doge][doge][doge],c5054a313b7afdf3,p***💐,0,0,,江西,1787476117078
6,complete,GK2026D1,6a256406000000002103ee56,6a268f79000000002803a9b1,,1780911993000,不行了，真的笑死我了，哈哈哈哈哈哈[捂脸R],53dcbc1d816eed3e,昔***辰,2,0,,江西,1787475776172
6,complete,GK2026D1,6a256406000000002103ee56,6a268fce000000002702876b,,1780912078000,笑死我了哈哈哈哈,cd778febd311303c,Z***👀,0,0,,山西,1787475981233
6,complete,GK2026D1,6a256406000000002103ee56,6a26b309000000002a02d44b,,1780921098000,@汐山凉音 他哥在考场里头想去这个笑崩溃,3866bbba03372c49,帅***薯,9,1,,四川,1787475998509
6,complete,GK2026D1,6a256406000000002103ee56,6a26b7750000000028034270,,1780922230000,@捌拾贰 @覆水难收,446cdbf28f06aac0,1***1,0,0,,福建,1787476117077
6,complete,GK2026D1,6a256406000000002103ee56,6a26bb82000000002900d867,,1780923266000,@冬序章 @16页海风 @lei_ @小红薯63DFACFE,4e89a742870181dd,g***n,2,1,,江西,1787476032407
6,complete,GK2026D1,6a256406000000002103ee56,6a26c4d10000000029026558,6a26580e000000002800a85d,1780925650000,[笑哭R],ac6df548eabd1944,👀***💋,0,0,,山西,1787475793289
6,complete,GK2026D1,6a256406000000002103ee56,6a26c4e90000000027023ad5,,1780925673000,这是今年的视频吗？我感觉我记忆错乱了，好像之前就看过这个 高考＋感动的路人＋过度美颜。我感觉上一年就见过这个梗和视频，是我记错了吗[笑哭R],e3ce527ddc776a9b,荷***白,24,9,,上海,1787475776168
6,complete,GK2026D1,6a256406000000002103ee56,6a26c9410000000028008d3b,6a2565ed0000000029019b90,1780926785000,把人家老弟拍成萝莉了[黄金薯R],a20661542ce10c22,做***星,0,0,,河北,1787475879425
6,complete,GK2026D1,6a256406000000002103ee56,6a26cd5f000000002b028ec9,6a26bb82000000002900d867,1780927839000,求同款,32b7547f6b4cf38c,A***💤,0,0,,江西,1787476081237
6,complete,GK2026D1,6a256406000000002103ee56,6a26d046000000002b02a81f,,1780928582000,看过这个笑死我了 我靠,d1364fa371b1fca1,昱*,0,0,,安徽,1787475981235
6,complete,GK2026D1,6a256406000000002103ee56,6a26e142000000002a02c324,,1780932930000,@欧气大王,ad5f563ff01e6fde,欧***棒,0,0,,广东,1787476117077
6,complete,GK2026D1,6a256406000000002103ee56,6a26eac2000000002803a76f,6a2666eb00000000280328bc,1780935365000,.,73c1d7aa094c26ef,饱*,0,0,http://sns-webpic-qc.xhscdn.com/202608231709/e21b7ada92e98ac4d8c2e31a87f6ee39/comment/1040g2h03215mcsen7u605nkp5nng86ab8m6qk5o!nd_whlt34_webp_wm_1,四川,1787476150497
6,complete,GK2026D1,6a256406000000002103ee56,6a27524d0000000027028f49,,1780961869000,@乐呵呵笑嘻嘻 这个,66bd77518a80b81b,此***）,0,1,,河北,1787475981235
6,complete,GK2026D1,6a256406000000002103ee56,6a27693f0000000027029efe,6a26b309000000002a02d44b,1780967744000,笑死我了，看热闹的,5c11287fa01e69f5,汐***音,0,0,,青海,1787476030591
6,complete,GK2026D1,6a256406000000002103ee56,6a276a4f000000002900fe75,6a262fb300000000270236cf,1780968016000,外星人吗哈哈哈[偷笑R],4c84818b94e5b947,用***销,0,0,,广东,1787475879425
6,complete,GK2026D1,6a256406000000002103ee56,6a27710a0000000028008802,,1780969738000,@圆缘.love🎀,60d20b74a45b6dd9,断*,0,0,,内蒙古,1787476117076
6,complete,GK2026D1,6a256406000000002103ee56,6a2776620000000029036847,,1780971106000,@在公交车上吃花生酱的🐻 这个更全,7ec3163b27c8198b,C***s,0,0,,山东,1787475998508
6,complete,GK2026D1,6a256406000000002103ee56,6a2779e80000000027020a68,6a26c4e90000000027023ad5,1780972008000,今年的[笑哭了R],515d3b82a048725a,智***了,13,0,,安徽,1787475945472
6,complete,GK2026D1,6a256406000000002103ee56,6a277f42000000002a02ea02,6a27524d0000000027028f49,1780973378000,等你高考让你弟弟安排,30253b1b64bf1938,乐***嘻,0,0,,河北,1787475996245
6,complete,GK2026D1,6a256406000000002103ee56,6a2786ef000000002b003f8d,6a26580e000000002800a85d,1780975344000,@小吴,76d15d2b03aec99c,C***s,0,0,,广东,1787475810254
6,complete,GK2026D1,6a256406000000002103ee56,6a2788bc0000000029024b31,,1780975805000,@心事都在胃里,d2fca088e2629f2e,椰***🥐,1,0,,黑龙江,1787476117075
6,complete,GK2026D1,6a256406000000002103ee56,6a278fce000000002803a0e6,6a2565ed0000000029019b90,1780977615000,@不要太闲不要熬夜 哈哈哈哈,2065a4734831be2c,浮*,0,0,,湖北,1787475879426
6,complete,GK2026D1,6a256406000000002103ee56,6a2792e9000000002701c7c9,6a2779e80000000027020a68,1780978409000,[捂脸R]唉，不知道怎么记错了,e3ce527ddc776a9b,荷***白,0,0,,上海,1787475947646
6,complete,GK2026D1,6a256406000000002103ee56,6a27954b000000002800811a,,1780979019000,我高考的时候让我弟也穿[喝奶茶R]@米老猪 @我对你的恨永不凋零🖤,23493ce95316188c,自***界,0,0,,黑龙江,1787475998507
6,complete,GK2026D1,6a256406000000002103ee56,6a2798260000000029034512,,1780979750000,@汪汪汪呀 @小蒜 @lalala @Whispering,ce46032d8338fff4,别*,0,3,,四川,1787476117075
6,complete,GK2026D1,6a256406000000002103ee56,6a27989f000000002800bbe4,6a2565ed0000000029019b90,1780979871000,@蓝色裤衩猫,2dbfc1c5d1cb5ff4,邪***子,0,0,,江西,1787475896367
6,complete,GK2026D1,6a256406000000002103ee56,6a279dc300000000280397db,6a26580e000000002800a85d,1780981187000,更好笑了哈哈哈哈哈,1d57dc561f7e8ac8,喵*,4,0,,河南,1787475810256
6,complete,GK2026D1,6a256406000000002103ee56,6a27a15900000000280390be,6a2798260000000029034512,1780982106000,我也刷到了！,8039e881866bd385,l***a,0,0,,四川,1787476132085
6,complete,GK2026D1,6a256406000000002103ee56,6a27a7ab0000000027022f7b,6a2798260000000029034512,1780983724000,哈哈哈哈 我前两天看到笑死了,25906848387e4bff,小*,0,0,,湖北,1787476133859
6,complete,GK2026D1,6a256406000000002103ee56,6a27af3d0000000027029568,,1780985661000,@angla 这个也好笑,24c9884f8ee9ff8e,美***家,0,2,,云南,1787475998506
6,complete,GK2026D1,6a256406000000002103ee56,6a27b036000000002b02a91f,6a2669f4000000002702c0e3,1780985910000,@^^,c454836d9403b749,小***）,0,0,,河南,1787475979382
6,complete,GK2026D1,6a256406000000002103ee56,6a27b3e1000000002203f5ed,6a2565ed0000000029019b90,1780986849000,哈哈哈哈哈抬起头那一刻,275220cf746c1d57,冰***林,0,0,,海南,1787475896369
6,complete,GK2026D1,6a256406000000002103ee56,6a27b80e00000000290183c2,6a27af3d0000000027029568,1780987918000,笑死我了[捂脸R] 我前几天在抖音真刷到了,fe89bd2af55abbc1,a***a,0,0,,云南,1787476013515
6,complete,GK2026D1,6a256406000000002103ee56,6a27b8590000000028033c02,,1780987993000,这男孩我认识 我喝过他家的电解质水,160153da49e33ec3,k*,17,1,,湖北,1787475776170
6,complete,GK2026D1,6a256406000000002103ee56,6a27bcd0000000002800a8fe,6a27b80e00000000290183c2,1780989136000,那你为什么自己偷偷快乐不@我[扯脸H],24c9884f8ee9ff8e,美***家,0,0,,云南,1787476015585
6,complete,GK2026D1,6a256406000000002103ee56,6a27bd710000000029024a39,6a26580e000000002800a85d,1780989298000,@这啥啊 还有后续 我没绷住,7bcd0c185f8bc09c,歌***歌,0,0,,上海,1787475810256
6,complete,GK2026D1,6a256406000000002103ee56,6a27bd96000000002902face,6a2565ed0000000029019b90,1780989334000,@xz54 @丸宇的闪屁灯,5f440890d3fccd35,l*,0,0,,北京,1787475896370
6,complete,GK2026D1,6a256406000000002103ee56,6a27c67b000000002803a85b,6a26c4e90000000027023ad5,1780991611000,每年不都有这样的吗，经典过度美颜[doge],0c4bdca41a549986,m***o,5,0,,广东,1787475947648
6,complete,GK2026D1,6a256406000000002103ee56,6a27c878000000002a02d2a8,,1780992120000,@重返cr成为异世界勇者,77d7117f2254fa62,y***t,0,1,,江西,1787476117073
6,complete,GK2026D1,6a256406000000002103ee56,6a27d57a000000002701461d,6a27c878000000002a02d2a8,1780995451000,？我服了,989298a1e77a70dc,重***者,0,0,,浙江,1787476132082
6,complete,GK2026D1,6a256406000000002103ee56,6a27d6db0000000028038383,6a26580e000000002800a85d,1780995804000,@AAA草莓批发老金 @尾青瓷鱼 还有第二关,8ffdbadc803f0fe2,蛋***弱,1,0,,山东,1787475810257
6,complete,GK2026D1,6a256406000000002103ee56,6a27d6e500000000280385d1,6a26580e000000002800a85d,1780995813000,@是可爱的心子呀 笑死我了哈哈哈哈哈,8ffdbadc803f0fe2,蛋***弱,0,0,,山东,1787475810258
6,complete,GK2026D1,6a256406000000002103ee56,6a27dd73000000002b02769c,,1780997492000,[捂脸R][捂脸R][捂脸R],0bf8f639ce98b99f,时***人,0,0,,安徽,1787475981240
6,complete,GK2026D1,6a256406000000002103ee56,6a27dda5000000002702fd6b,6a26580e000000002800a85d,1780997542000,还是连续剧,12c1d0bc9b229bf2,坂***裤,0,0,,安徽,1787475827503
6,complete,GK2026D1,6a256406000000002103ee56,6a27e4e7000000002803f06b,,1780999399000,@木圈 @Desting [笑哭R],5dbb70ded6be7fe0,Z***Y,0,0,,河北,1787476082975
6,complete,GK2026D1,6a256406000000002103ee56,6a27e94a000000002b003bb1,6a262fb300000000270236cf,1781000523000,@Naivtaer ,2a94770f204fd6d4,重***籽,0,0,,上海,1787475896371
6,complete,GK2026D1,6a256406000000002103ee56,6a27e96a000000002702b79b,6a27d6db0000000028038383,1781000555000,笑死我了,17d30ca857046fcc,水***.,0,0,,山东,1787475827505
6,complete,GK2026D1,6a256406000000002103ee56,6a27e9cd0000000028032f25,,1781000654000,@云曦.,3b5576496f8cba82,k***i,0,1,,上海,1787476082974
6,complete,GK2026D1,6a256406000000002103ee56,6a27eac90000000027016109,6a26580e000000002800a85d,1781000906000,有后续 更好笑了[笑哭R],4d46acae150650b4,m***o,1,0,,四川,1787475827506
6,complete,GK2026D1,6a256406000000002103ee56,6a27f108000000002a033986,6a2643b0000000002900fcec,1781002505000,@独照峨眉峰 我服了[捂脸R],69b07c0d1081ec99,b***i,0,0,,上海,1787475827507
6,complete,GK2026D1,6a256406000000002103ee56,6a27f457000000002702dd9e,6a27f108000000002a033986,1781003352000,太搞笑了,70aeee9d863d4b2e,独***峰,0,0,,上海,1787475827507
6,complete,GK2026D1,6a256406000000002103ee56,6a27f868000000002901b352,6a2565ed0000000029019b90,1781004393000,哈哈哈[笑哭R],07998e4ae7f99dcf,远***岛,1,0,,陕西,1787475896371
6,complete,GK2026D1,6a256406000000002103ee56,6a27faa9000000002803e002,,1781004970000,谢谢了，这个美颜和打马赛克没区别,225292dd486d0014,綺*,10,0,,贵州,1787475776171
6,complete,GK2026D1,6a256406000000002103ee56,6a27fb590000000027028986,,1781005145000,@🐧神 @Nebula. @serein.,f4e7bc4c115bba69,垂*,1,2,,内蒙古,1787476082973
6,complete,GK2026D1,6a256406000000002103ee56,6a27fba9000000002701d684,6a27fb590000000027028986,1781005227000,胶头滴管,08d3ae0a985f51c6,失*,0,0,http://sns-webpic-qc.xhscdn.com/202608231708/ef84cfd38e8fa8757b9eae7c35756c2e/comment/1040g2h03216nmt4rmu605qh5anh0g401r40n5gg!nd_whlt34_webp_wm_1,内蒙古,1787476097984
6,complete,GK2026D1,6a256406000000002103ee56,6a27fcc00000000027014aca,6a2565ed0000000029019b90,1781005505000,@芝士呗呗 哈哈哈像我妈会拍的视频,28a888315f185a6b,Z***🍃,0,0,,湖北,1787475913301
6,complete,GK2026D1,6a256406000000002103ee56,6a27fd2f000000002803a312,,1781005616000,社交恐怖分子,d61d4acb0cfde42e,许***歌,0,0,,上海,1787476032406
6,complete,GK2026D1,6a256406000000002103ee56,6a27fd40000000002803a7a5,6a27b8590000000028033c02,1781005633000,那我玩过他家的游戏本,d61d4acb0cfde42e,许***歌,2,0,,上海,1787475979381
6,complete,GK2026D1,6a256406000000002103ee56,6a27fda0000000002b0271cf,6a2565ed0000000029019b90,1781005729000,@青昭,bb67d44ee4ceb121,啊***书,0,0,,广东,1787475913302
6,complete,GK2026D1,6a256406000000002103ee56,6a27fdf6000000002702053c,6a27fb590000000027028986,1781005814000,看过,26881d0195a9b106,N***.,0,0,,内蒙古,1787476099600
6,complete,GK2026D1,6a256406000000002103ee56,6a27ffc1000000002800b829,6a2656a8000000002100f8bd,1781006274000,哈哈哈哈哈路人,b4586ecf4d35895a,普***民,0,0,,天津,1787476182274
6,complete,GK2026D1,6a256406000000002103ee56,6a2804a00000000029012aa8,,1781007521000,@猫挠挠一直挠,34ab34228fa4505f,C***💜,0,0,,湖北,1787476082972
6,complete,GK2026D1,6a256406000000002103ee56,6a2807fb000000000d021400,,1781008379000,@11  ？笑死我😭,34433e9e996ae230,.***.,0,0,,中国香港,1787475998504
6,complete,GK2026D1,6a256406000000002103ee56,6a28082c000000002203e0d7,,1781008429000, @呆呆奇文恒（4A） ,35ed83bb00416e1f,曲***🍪,0,1,,湖北,1787476082971
6,complete,GK2026D1,6a256406000000002103ee56,6a280c10000000002803d2d1,6a27e9cd0000000028032f25,1781009425000,这个我看过n遍了，这小孩他哥高考完发现自己弟弟火了,6ed81dcd33a4ea60,云***.,0,0,,上海,1787476114604
6,complete,GK2026D1,6a256406000000002103ee56,6a281316000000002a02d0d8,6a2565ed0000000029019b90,1781011222000,哈哈哈太好玩了,c98bac20d76adabd,木*,0,0,,山东,1787475913303
6,complete,GK2026D1,6a256406000000002103ee56,6a281324000000002b0243a0,6a26580e000000002800a85d,1781011237000,[偷笑R],c98bac20d76adabd,木*,0,0,,山东,1787475844530
6,complete,GK2026D1,6a256406000000002103ee56,6a281ad500000000280326a5,6a27d6e500000000280385d1,1781013205000,哈哈哈哈哈哈哈,b304314a7293d646,是***呀,0,0,,山东,1787475844532
6,complete,GK2026D1,6a256406000000002103ee56,6a281d1b00000000270297ef,6a28082c000000002203e0d7,1781013787000,这个我知道,5f020703312e7c78,奕***🦔,0,0,,湖北,1787476097982
6,complete,GK2026D1,6a256406000000002103ee56,6a281e670000000028038790,6a2798260000000029034512,1781014119000,双方都笑死我了[捂脸R],2556744bc5485d61,W***g,0,0,,河北,1787476133861
6,complete,GK2026D1,6a256406000000002103ee56,6a2821c6000000002300d97d,,1781014982000, @momo ,a6ed615d8c0eb254,电***云,0,0,,江苏,1787476082970
6,complete,GK2026D1,6a256406000000002103ee56,6a2824c70000000027016ce1,6a26c4e90000000027023ad5,1781015752000,每年都有，记错了很正常[笑哭R],b84f47a1c5db1a5a,百***赖,0,0,,广西,1787475947649
6,complete,GK2026D1,6a256406000000002103ee56,6a2829af000000002701f3be,6a27c67b000000002803a85b,1781017007000,就是有印象 感动的路人 这个梗[捂脸R],e3ce527ddc776a9b,荷***白,1,0,,上海,1787475947650
6,complete,GK2026D1,6a256406000000002103ee56,6a282d16000000002803532e,,1781017878000,@gggl,7252bc1ac2e04fb0,我***）,0,0,,广东,1787476082969
6,complete,GK2026D1,6a256406000000002103ee56,6a282f080000000029026c9c,,1781018376000,@Paisley． [doge],bdce0f948e5faebf,未*,1,1,,湖南,1787476082968
6,complete,GK2026D1,6a256406000000002103ee56,6a28307e000000002701436b,6a27bd710000000029024a39,1781018751000,笑死了,b55367f3f16b36dc,这***啊,0,0,,荷兰,1787475844533
6,complete,GK2026D1,6a256406000000002103ee56,6a28312c000000002902c459,,1781018925000,@奶兔芽芽 @煮鸡蛋永远煮破壳 @焦糖蛋挞,aaa03bc34799f9b2,F***e,0,0,,广东,1787476082967
6,complete,GK2026D1,6a256406000000002103ee56,6a2835f70000000027015a56,,1781020152000,@momo,9fd48736a4404108,小***哗,0,0,,河南,1787476082965
6,complete,GK2026D1,6a256406000000002103ee56,6a2836a30000000029024fe4,6a26c4e90000000027023ad5,1781020324000,[石化R]啊 这是今年的？我咋感觉前几年就看过了,5f5d4862df676be1,4***o,0,0,,山西,1787475947651
6,complete,GK2026D1,6a256406000000002103ee56,6a2839f6000000002800a0d9,6a2836a30000000029024fe4,1781021174000,找到同道中人了[哭惹R],e3ce527ddc776a9b,荷***白,0,0,,上海,1787475964375
6,complete,GK2026D1,6a256406000000002103ee56,6a28417000000000290191b3,6a262fb300000000270236cf,1781023088000,笑死我了,6f6d83e3d513619d,国***版,0,0,,广东,1787475913304
6,complete,GK2026D1,6a256406000000002103ee56,6a284480000000002803f07c,6a2565ed0000000029019b90,1781023872000,@小葵（宁芙奖请投红夫人！！！！ 我不行了[笑哭R],c11b87da013f94d5,y***.,0,0,,河南,1787475913305
6,complete,GK2026D1,6a256406000000002103ee56,6a284d63000000002a031ddb,6a2565ed0000000029019b90,1781026148000,@想纵容你的坏,f96cef742b1d85bc,ㅇ***!,0,0,,辽宁,1787475930465
6,complete,GK2026D1,6a256406000000002103ee56,6a2890ce000000002902e372,6a284480000000002803f07c,1781043406000,这个我也刷到过[doge],f2ebe3cf4468d8e6,小*,0,0,,河南,1787475930466
6,complete,GK2026D1,6a256406000000002103ee56,6a28b953000000002702a0e2,6a26c4e90000000027023ad5,1781053780000,我也感觉几年前看过了 特别是这个男生,0012150ed4fc2e8c,闪***✨,1,0,,广东,1787475964377
6,complete,GK2026D1,6a256406000000002103ee56,6a28e2280000000027021ae0,6a28b953000000002702a0e2,1781064232000,我也[握手R],e3ce527ddc776a9b,荷***白,0,0,,上海,1787475964378
6,complete,GK2026D1,6a256406000000002103ee56,6a28f440000000002a027673,,1781068865000,这类微商头为啥总是开那么浮夸的滤镜啊,bea721f680694198,白***T,0,0,,贵州,1787476032406
6,complete,GK2026D1,6a256406000000002103ee56,6a292247000000002702354b,,1781080647000,@砂糖 @凑猫,9a5cb2abd7a3e9ee,贫***姐,0,1,,山东,1787476032409
6,complete,GK2026D1,6a256406000000002103ee56,6a292264000000002803b074,6a27fcc00000000027014aca,1781080677000,哈哈哈哈哈是的,0595b6f77a0f6f75,芝***呗,0,0,,湖北,1787475930467
6,complete,GK2026D1,6a256406000000002103ee56,6a29313d0000000028034f7b,6a282f080000000029026c9c,1781084477000,[doge][doge][doge]这个是真的可！,6c489fbc92ab84c4,祈***霖,0,0,,湖南,1787476097980
6,complete,GK2026D1,6a256406000000002103ee56,6a293df7000000002901b7b4,,1781087736000,@叫我野乖乖,b9049dfa84b1e29a,叫***非,0,0,,广东,1787476032409
6,complete,GK2026D1,6a256406000000002103ee56,6a29519f0000000028033978,,1781092768000,@Juhoon,3b106b812d3082f1,什***么,0,1,,湖南,1787476032408
6,complete,GK2026D1,6a256406000000002103ee56,6a295d730000000029036e90,6a2649d100000000290377c1,1781095795000,我肚肚[捂脸R],edfe42dde00e594c,红***铁,0,0,,浙江,1787475930468
6,complete,GK2026D1,6a256406000000002103ee56,6a29f7d20000000028031daa,6a292247000000002702354b,1781135315000,哎呦我我以为老妈呢,3f8bc37e0c9a4150,砂*,0,0,,山东,1787476081242
6,complete,GK2026D1,6a256406000000002103ee56,6a2b5f5f000000002b000610,6a29519f0000000028033978,1781227360000,恶俗了不。,dc4d379e5111739b,J***n,0,0,,,1787476081239
6,complete,GK2026D1,6a256406000000002103ee56,6a2b6fa00000000023003df6,,1781231520000,这个美颜，应该谁家孩子都一样吧,3c7ec7af8c125a68,J***、,0,0,,福建,1787475776172
6,complete,GK2026D1,6a256406000000002103ee56,6a2d2c6f000000002b025935,6a2643c40000000028031a1f,1781345392000,真不是他妈，而且你注意他妈发的抖音里面，有一个穿灰色衣服的短发阿姨，即将触发感动剧情。,58e0ab7ef4132b3c,轻*,0,0,,内蒙古,1787475844533
6,complete,GK2026D1,6a256406000000002103ee56,6a2d50c5000000002803ab75,6a2d2c6f000000002b025935,1781354694000,[捂脸R],a38540d24a1daff9,图***n,0,0,,上海,1787475844534
6,complete,GK2026D1,6a256406000000002103ee56,6a2e53b2000000002701cad6,,1781420979000,@AAAzap85批发厂（鱿） 穿,22461dae35854a35,摄***~,0,0,,浙江,1787475981240
6,complete,GK2026D1,6a256406000000002103ee56,6a30bedb00000000290345cf,,1781579484000,@倒鸡屎开始^^,b4e55e5c15efe238,e***D,0,0,,澳大利亚,1787476032408
6,complete,GK2026D1,6a256406000000002103ee56,6a368634000000000b03927c,,1781958197000,@momo @momo,aa2b0e93f53f51d3,忘*,0,0,,河北,1787476032407
6,complete,GK2026D1,6a256406000000002103ee56,6a3ca1f90000000004038775,6a262fb300000000270236cf,1782358522000,@红薯🍠🍠🍠洋芋🥔🥔🥔 学术论文,b36aa9dbaf7490b6,R***根,0,0,,上海,1787475930468
7,complete,GK2026D1,6a268adb000000002003a452,6a268c50000000002702d093,,1780911185000,第一个画面毫无说服力，应该把第二个画面放在开头,227210394e9381a2,向***王,21,5,,河南,1787478637964
7,complete,GK2026D1,6a268adb000000002003a452,6a269362000000002701c9f1,,1780912994000,小音在这里愿所有高考生落笔生花，合上笔盖时有侠客收剑的骄傲。乘风破浪，金榜题名，前程似锦！,53c32af06a0035d0,V***音,6,0,,广东,1787478637962
7,complete,GK2026D1,6a268adb000000002003a452,6a26991a000000002800a32b,,1780914459000,第一个像韦神[笑哭R],28288c3b62041459,紫*,7,0,,吉林,1787478637968
7,complete,GK2026D1,6a268adb000000002003a452,6a26a057000000002702ae72,6a268c50000000002702d093,1780916312000,第一个画面那可太有说服力了，答案再不写出来都要掉地上了！,3dd3a1873237c245,勇***牛,17,0,,辽宁,1787478687950
7,complete,GK2026D1,6a268adb000000002003a452,6a26a0e50000000027015c82,6a26a057000000002702ae72,1780916454000,可能吧，不说是那个学校的完全看不出气势在哪,227210394e9381a2,向***王,0,0,,河南,1787478687951
7,complete,GK2026D1,6a268adb000000002003a452,6a26a9120000000028008fc2,,1780918546000,没那么邪乎,43a4369fc5f691d5,老***游,1,0,,北京,1787478838834
7,complete,GK2026D1,6a268adb000000002003a452,6a26ba0c000000002803360a,,1780922892000,但愿他们是中国的美好未来,df03d06422122621,向***生,0,0,,山西,1787478822092
7,complete,GK2026D1,6a268adb000000002003a452,6a26bc400000000028034fd1,,1780923456000,还是生得好,80bc8661ae8b07d4,插***猪,34,8,,重庆,1787478637964
7,complete,GK2026D1,6a268adb000000002003a452,6a26cb05000000002901340d,,1780927238000,上层阶级的人才,6c4d9e0ca9498c8a,何***旭,1,0,,广东,1787478822091
7,complete,GK2026D1,6a268adb000000002003a452,6a26cba7000000002702304e,,1780927400000,有韦神系列，更有人大代表,07ccc693120954f1,n***o,28,1,,陕西,1787478637965
7,complete,GK2026D1,6a268adb000000002003a452,6a26cbcc000000002701de8b,,1780927436000,部级人大代表范,07ccc693120954f1,n***o,1,0,,陕西,1787478822091
7,complete,GK2026D1,6a268adb000000002003a452,6a26d1b70000000027029c0c,,1780928951000,知识多，气质就不一样了,acd0e8c37f5ad389,一***线,9,2,,安徽,1787478637967
7,complete,GK2026D1,6a268adb000000002003a452,6a26d5ce0000000029013882,6a268c50000000002702d093,1780929999000,看下韦神吧！这个简直是小一号韦神，一看就是数学天才，知识都快溢出来了,49a9b4975389de9f,M***o,19,0,,重庆,1787478686268
7,complete,GK2026D1,6a268adb000000002003a452,6a26d658000000002701ce1d,,1780930136000,真的气质不凡,b81af0d3970c35be,我***💊,1,0,,福建,1787478822090
7,complete,GK2026D1,6a268adb000000002003a452,6a26e16c00000000290265bd,6a26cba7000000002702304e,1780932973000,你会总结,a276414b75dff0bc,心***生,1,0,,广西,1787478702954
7,complete,GK2026D1,6a268adb000000002003a452,6a26f48f000000002701e78c,6a26d5ce0000000029013882,1780937871000,又不是走路样貌一样就是韦神了，你觉得可以这样辨别智慧那就是吧，如果不穿这个校服确实看不出来[笑哭R],227210394e9381a2,向***王,0,0,,河南,1787478687952
7,complete,GK2026D1,6a268adb000000002003a452,6a270a14000000000d021800,,1780943380000,最厉害的早的去年十二月今年一月已经拿到美国名校的本科录取了 最晚的四五月份也拿到了 根本不用参加高考,6b1ef0dfab05288d,渴***气,0,0,,美国,1787478822090
7,complete,GK2026D1,6a268adb000000002003a452,6a2711df0000000028030240,,1780945376000,腹有诗书气自华,82c1a18b6ee27841,憩***栈,0,0,,河北,1787478822089
7,complete,GK2026D1,6a268adb000000002003a452,6a2721e200000000280097dc,,1780949475000,人民大学:你礼貌吗,aa429af3df16bab5,J***修,7,2,,浙江,1787478637967
7,complete,GK2026D1,6a268adb000000002003a452,6a272dc20000000028037fd7,6a2721e200000000280097dc,1780952514000,今天不努力，将来去隔壁,ef6084b0a4b11e49,C***r,4,0,,德国,1787478752837
7,complete,GK2026D1,6a268adb000000002003a452,6a2737f50000000029024881,,1780955126000,都超前学吗？都补课吗？初中卷来飞起，高中还断层教学[失望R][失望R],15a09735feb1c1b2,L***光,1,0,,四川,1787478805111
7,complete,GK2026D1,6a268adb000000002003a452,6a27680f000000002902e5b5,6a26bc400000000028034fd1,1780967440000,那你也努力给你娃送去北京。,f81e7bd2fd89e2b8,用***销,3,0,,四川,1787478654671
7,complete,GK2026D1,6a268adb000000002003a452,6a276878000000002b02b091,,1780967545000,公务员 绝对公务员 十年后提篮桥白毛岭欢迎您,636d75bb6e5f1b12,昵***规,0,0,,上海,1787478805111
7,complete,GK2026D1,6a268adb000000002003a452,6a277562000000002701c107,,1780970850000,高考逐步结束，新的人生阶段开启！快来找小音将此刻心情制作成歌[萌萌哒R][萌萌哒R],53c32af06a0035d0,V***音,1,0,,广东,1787478637968
7,complete,GK2026D1,6a268adb000000002003a452,6a277b3e000000002803191b,,1780972350000,不知道有几个被双规的,32179dd87abe6747,像***由,0,0,,北京,1787478805110
7,complete,GK2026D1,6a268adb000000002003a452,6a277c92000000002902d05e,6a27680f000000002902e5b5,1780972691000,人家祖宗开始就在北京了,50e10fb54b786756,半*,7,0,,广西,1787478654672
7,complete,GK2026D1,6a268adb000000002003a452,6a277ddc000000002b02783c,,1780973020000,公务员,bb5c4da48c6744f3,江*,0,0,,四川,1787478805110
7,complete,GK2026D1,6a268adb000000002003a452,6a278ea8000000002b02ada0,,1780977321000,标准答案来了,0a366f119d0fe471,安***薯,0,0,,辽宁,1787478805109
7,complete,GK2026D1,6a268adb000000002003a452,6a278fac0000000027015fcb,6a272dc20000000028037fd7,1780977580000,根我们成都林荫一样的，现在不努力将来去隔壁（四川大学）,d86dc3d5c872664e,用***销,0,0,,四川,1787478754516
7,complete,GK2026D1,6a268adb000000002003a452,6a2798020000000027022903,,1780979715000,这些人，大部分都是去美国当牛马。,2f1a5fcf86c468a9,大***人,0,0,,江苏,1787478822094
7,complete,GK2026D1,6a268adb000000002003a452,6a27c38a00000000290110d8,,1780990859000,真的是要亮的睡不着了吧,799bdc735026ab72,财***滚,1,0,,福建,1787478805109
7,complete,GK2026D1,6a268adb000000002003a452,6a27c3a90000000029027cd6,,1780990890000,无聊,d1a6ad9626bc78e0,阳***子,0,0,,北京,1787478822093
7,complete,GK2026D1,6a268adb000000002003a452,6a27c782000000002701eaae,6a27680f000000002902e5b5,1780991874000,努力就能去吗？,e48bedec3cf8275c,听***蝉,2,0,,河南,1787478654673
7,complete,GK2026D1,6a268adb000000002003a452,6a27c8f1000000002a006bb8,6a27c782000000002701eaae,1780992241000,能[笑哭R]北京那么大,f81e7bd2fd89e2b8,用***销,0,0,,四川,1787478652970
7,complete,GK2026D1,6a268adb000000002003a452,6a27cfc600000000270221a4,6a27c8f1000000002a006bb8,1780993990000,过客而已，觉得像主人了,e48bedec3cf8275c,听***蝉,3,0,,河南,1787478671265
7,complete,GK2026D1,6a268adb000000002003a452,6a27dd300000000029018f35,,1780997425000,考卷不一样,7ce73fdfad00dc03,李*,1,0,,四川,1787478805108
7,complete,GK2026D1,6a268adb000000002003a452,6a27fca900000000270237bd,6a26d1b70000000027029c0c,1781005482000,不是知识多 是家底厚 知识多是家底堆成的,b97cb2ae8633e83b,阿***维,3,0,,广东,1787478736210
7,complete,GK2026D1,6a268adb000000002003a452,6a27ff41000000002701ed3a,,1781006146000,都好自信[偷笑R],66962e9f8f35b988,如*,0,0,,天津,1787478805107
7,complete,GK2026D1,6a268adb000000002003a452,6a27ff4f00000000270168e8,,1781006160000,穿校服考试不错,66962e9f8f35b988,如*,1,0,,天津,1787478805106
7,complete,GK2026D1,6a268adb000000002003a452,6a280304000000002a030501,,1781007109000,皇城根儿就是命好啊,ae10a15c5983a657,m***o,4,4,,浙江,1787478637966
7,complete,GK2026D1,6a268adb000000002003a452,6a280b27000000002701d767,,1781009192000,来浙江考[doge],ab82d97dcb4a4477,啊***，,1,0,,浙江,1787478805105
7,complete,GK2026D1,6a268adb000000002003a452,6a280b62000000002803dfa3,,1781009251000,穿校服去考试肯定是提前安排好的,465bd5c125c15c8c,m***o,0,0,,浙江,1787478788496
7,complete,GK2026D1,6a268adb000000002003a452,6a281e63000000002a024e75,,1781014115000,来湖南考,e0f6a367b75b3ef1,丽*,0,0,,湖南,1787478788496
7,complete,GK2026D1,6a268adb000000002003a452,6a281ec3000000002803c2b4,,1781014211000,这个孩子有点外交官的气质,dfff768efe3abd81,鞍***丹,0,0,,辽宁,1787478788495
7,complete,GK2026D1,6a268adb000000002003a452,6a2837dd0000000029011752,,1781020638000,很羡慕那些自信大方的人,befef4910b9908f4,江***姨,1,0,,广东,1787478788495
7,complete,GK2026D1,6a268adb000000002003a452,6a283aee000000002a024359,,1781021423000,权贵资本罢了,2804ebdaff6245ba,孤*,2,0,,四川,1787478788494
7,complete,GK2026D1,6a268adb000000002003a452,6a283bac000000002a0324cb,,1781021613000,当年达文西就是这么来找凌凌漆的,781d894171de486f,邵*,0,0,,湖南,1787478788493
7,complete,GK2026D1,6a268adb000000002003a452,6a28441b0000000028008b9b,,1781023771000,来山东做下试卷，看看承压力如何，是否还那么淡定从容,84c00a939a47eed9,辛***火,2,0,,山东,1787478788493
7,complete,GK2026D1,6a268adb000000002003a452,6a28575e000000002803f59c,6a26bc400000000028034fd1,1781028703000,明白人啊,406d8ddac67451b3,冷*,0,0,,浙江,1787478654669
7,complete,GK2026D1,6a268adb000000002003a452,6a285dbf000000002901ad4c,,1781030336000,欣赏 羡慕 嫉妒都不冲突,e11efc7c87632ed3,J***o,0,0,,陕西,1787478788492
7,complete,GK2026D1,6a268adb000000002003a452,6a289390000000002803e495,,1781044113000,第一个画面：奔赴考场的答案,e49d90be9c344864,大***国,0,0,,陕西,1787478788491
7,complete,GK2026D1,6a268adb000000002003a452,6a289d0b000000002b003de1,,1781046540000,毫无朝气[斜眼R],158e65063e13128f,G***n,0,0,,江苏,1787478788490
7,complete,GK2026D1,6a268adb000000002003a452,6a289d90000000002701fce4,,1781046672000,怎么感觉和古代那种官宦子弟一样，出生即决定命运,94229bd5b8963f37,用***销,0,0,,江西,1787478771684
7,complete,GK2026D1,6a268adb000000002003a452,6a289fcb000000002803a765,,1781047244000,@heartsonfire,2cfbd2d29b5daa5b,瀚***🐱,0,0,,福建,1787478838836
7,complete,GK2026D1,6a268adb000000002003a452,6a28aa660000000028037d5a,,1781049958000,走路姿势……唉，看把孩子们逼的,92abf867db52a1fd,*,0,0,,陕西,1787478771684
7,complete,GK2026D1,6a268adb000000002003a452,6a28ae2500000000270296d3,6a280304000000002a030501,1781050918000,北京的孩子也不是各个能上人大附中啊,3bd98181727c7e6f,m***o,1,0,,北京,1787478719592
7,complete,GK2026D1,6a268adb000000002003a452,6a28af720000000027023de4,,1781051250000,第1个男孩是韦东奕的弟弟吧？,ceca961f120bf8ec,依*,8,4,,广东,1787478637966
7,complete,GK2026D1,6a268adb000000002003a452,6a28b105000000002a007e6f,6a28af720000000027023de4,1781051654000,韦西奕,777949ebe6d595d3,小***D,2,0,,吉林,1787478702956
7,complete,GK2026D1,6a268adb000000002003a452,6a28b135000000002b0296a9,6a27680f000000002902e5b5,1781051702000,为啥非得努力去北京呢[吃瓜R]这世界这么大，只剩北京了？[汗颜R],87f7b124e5cbb750,小***D,0,0,,湖南,1787478671266
7,complete,GK2026D1,6a268adb000000002003a452,6a28b3b7000000002901b859,6a28b135000000002b0296a9,1781052344000,他说人家生的好啊[笑哭R],f81e7bd2fd89e2b8,用***销,0,0,,四川,1787478654670
7,complete,GK2026D1,6a268adb000000002003a452,6a28b7a5000000002a027ff5,6a28b105000000002a007e6f,1781053349000,[笑哭R][笑哭R][笑哭R],a05ba0d35d77e81f,静***开,0,0,,山西,1787478704586
7,complete,GK2026D1,6a268adb000000002003a452,6a28b7ca000000002a02e27a,,1781053386000,说的对，生的好,85e2a73361594cf2,小***F,0,0,,山东,1787478771684
7,complete,GK2026D1,6a268adb000000002003a452,6a28b7cf0000000028031000,,1781053391000,人大附中？不，隔壁是人中附大[doge],95590e559a5b70c1,用***销,0,0,,广东,1787478771684
7,complete,GK2026D1,6a268adb000000002003a452,6a28b7f10000000029037871,,1781053425000,山东学子，去哪里更牛,85e2a73361594cf2,小***F,0,0,,山东,1787478771683
7,complete,GK2026D1,6a268adb000000002003a452,6a28bf15000000002900ee22,6a28b105000000002a007e6f,1781055254000,这学校没有录取你，是他们的遗憾[暗中观察R],11d94b549d9c61b3,M***g,0,0,,江苏,1787478704588
7,complete,GK2026D1,6a268adb000000002003a452,6a28c01d0000000029027394,6a28ae2500000000270296d3,1781055517000,那也比普通人要好了,6ba0ddc71bd39688,我***服,0,0,,山东,1787478721206
7,complete,GK2026D1,6a268adb000000002003a452,6a28c04a000000002a006f80,6a26d1b70000000027029c0c,1781055563000,气质是要有知识、经济和爱堆出来的[笑哭R],6ba0ddc71bd39688,我***服,1,0,,山东,1787478737833
7,complete,GK2026D1,6a268adb000000002003a452,6a28c0ca0000000029034929,,1781055691000,播放千万是因为那哥们是韦哥弟弟哈哈,83a82c686c12782f,祺***丹,1,0,,河北,1787478771683
7,complete,GK2026D1,6a268adb000000002003a452,6a28cb1d000000002300e544,,1781058334000,我也感觉他好像韦东奕,0eb9bb8697ff5406,山***d,0,0,,贵州,1787478771683
7,complete,GK2026D1,6a268adb000000002003a452,6a28d08a0000000027017701,,1781059722000,感觉又是一个韦东奕,f3cf5b3bb16c6e2f,采***笔,0,0,,甘肃,1787478771683
7,complete,GK2026D1,6a268adb000000002003a452,6a28d9420000000028039d5d,,1781061954000,怎么不说北京那边题目简单，名校名额多？,b9a90c85790d3403,啊***嘟,0,0,,山东,1787478822093
7,complete,GK2026D1,6a268adb000000002003a452,6a28e621000000002902d7f5,,1781065249000,装求！来山西参加高考,26016320ce4042ca,用***销,0,0,,山西,1787478822092
7,complete,GK2026D1,6a268adb000000002003a452,6a28ecdb0000000028008bfd,6a26a057000000002702ae72,1781066972000,哈哈，真的一看就是学霸,efd6952bb7ba2e60,用***销,0,0,,贵州,1787478687951
7,complete,GK2026D1,6a268adb000000002003a452,6a28efbd000000002a024554,6a28ae2500000000270296d3,1781067710000,但是不知道为什么，北京的学生看上去就是充满自信,307a996cdc29425f,郁***香,0,0,,江苏,1787478721207
7,complete,GK2026D1,6a268adb000000002003a452,6a28f70500000000270166ff,,1781069573000,以后会听到更多大话，假话，空话，套话，很难听到一句实话了。,f76261a191893592,北*,1,0,,北京,1787478771682
7,complete,GK2026D1,6a268adb000000002003a452,6a28f7e500000000280083c9,6a280304000000002a030501,1781069798000,有个高考状元的父母命能不好么,8677d4f54b2995b6,自***爹,0,0,,江苏,1787478721208
7,complete,GK2026D1,6a268adb000000002003a452,6a2908b1000000002b002132,6a28af720000000027023de4,1781074098000,我就是要找这个评论[笑哭R],6272d4eb21d24573,维*,0,0,,广东,1787478704589
7,complete,GK2026D1,6a268adb000000002003a452,6a295925000000002702ee2e,,1781094693000,[偷笑R],f35f6b649193517c,n***t,0,0,,北京,1787478771682
8,complete,GK2026D1,6a266e7400000000220272b3,6a266ed4000000002902dd01,,1780903637000,11111,42234d7133145101,梨***诗,2,0,,河南,1787479491150
8,complete,GK2026D1,6a266e7400000000220272b3,6a26ee46000000002b0278b5,,1780936263000,[赞R][赞R][赞R],6cbecb6fe5804313,삼***🌿,1,0,,云南,1787479491153
8,complete,GK2026D1,6a266e7400000000220272b3,6a276d5100000000270203fd,,1780968785000,球鞋里面的袜子也用了好兆头,f0dbcc3b3df6136d,幼***🍓,1,0,,海南,1787479491152
8,complete,GK2026D1,6a266e7400000000220272b3,6a2b70be000000002903658c,,1781231806000,葵花逐日走，并非花中魁。,b566d93131b9c1d2,自***倌,1,0,,山东,1787479491152
8,complete,GK2026D1,6a266e7400000000220272b3,6a448439000000002b02ad04,,1782875193000,歪风邪气，浪费国家社会资源,4ef5a94e07e15a81,驻***谷,0,0,,河南,1787479491154
9,complete,GK2026D1,6a262ff5000000002103e0e0,6a3f440a000000002901936a,,1782531083000,[点赞R][点赞R][红色心形R][红色心形R][玫瑰R][玫瑰R],988327181d12b253,百***红,0,0,,湖北,1787480142957
10,complete,GK2026D1,6a25132600000000080332ab,6a26ccec000000002b02b7f2,,1780927725000,周六去要预约吗 如果要 怎么预约,c72918951aa4123f,i***e,0,1,,广东,1787480795493
10,complete,GK2026D1,6a25132600000000080332ab,6a26f4be0000000029024811,6a26ccec000000002b02b7f2,1780937919000,小宝私我！！,cfa8ead4c293fdb7,碎***飞,2,0,,广东,1787480810496
13,complete,GK2026D1,6a24eac60000000016024948,6a31f4aa0000000029012b75,,1781658795000,拍的真好[偷笑R],51b075367db23b88,S***.,0,1,,湖北,1787484554543
13,complete,GK2026D1,6a24eac60000000016024948,6a320c750000000028039ed3,6a31f4aa0000000029012b75,1781664885000,谢谢[派对R],a509311ee637f864,小***📷,0,0,,海南,1787484569547
14,complete,GK2026D1,6a24d5cd000000003502b68d,6a24d63f000000002a006bd2,,1780799041000,,5364f6cfc4bc9173,不***贝,0,0,,浙江,1787487168194
14,complete,GK2026D1,6a24d5cd000000003502b68d,6a24d66a000000002a030559,,1780799082000,1,163d38a0090491f4,雾***雾,0,0,,河北,1787487168193
14,complete,GK2026D1,6a24d5cd000000003502b68d,6a24d66a000000002702c35f,,1780799083000,1,22c5da7bc70e52e5,苹***喵,0,0,,山东,1787487168193
14,complete,GK2026D1,6a24d5cd000000003502b68d,6a24d66b0000000028031d63,,1780799084000,高考忘带脑子的我能理解，忘带身份证和准考证的理解不了[doge],6ffd05aee8cd7c57,天***道,1,0,,黑龙江,1787488096352
14,complete,GK2026D1,6a24d5cd000000003502b68d,6a24d693000000002900d192,,1780799124000,这么重要时刻，重要证件！不提前准备好的？,32dc1e3e90ea8001,金***唐,1,0,,广西,1787487168192
14,complete,GK2026D1,6a24d5cd000000003502b68d,6a24d73e0000000029010006,,1780799295000,这种人考不考都无所谓了,f3c623b799987a41,越***粉,1,0,,湖南,1787488096352
14,complete,GK2026D1,6a24d5cd000000003502b68d,6a24d7d0000000002803ab6c,,1780799440000,笑了[doge],00f5461093e62e53,单***🤓,0,0,,河南,1787487168191
14,complete,GK2026D1,6a24d5cd000000003502b68d,6a24d92e000000002803c95b,,1780799790000,这种人，不用考了,d9fd3670a2a5757d,小***1,1,0,,江苏,1787487168191
14,complete,GK2026D1,6a24d5cd000000003502b68d,6a24db02000000002a0072c1,,1780800258000,笑了每年都得刷新点 npc,5006cec49b6d4869,痞***丶,0,0,,辽宁,1787487168190
14,complete,GK2026D1,6a24d5cd000000003502b68d,6a24db0b000000002702fb77,,1780800268000,怎么每年都有这种事情发生,42b934bcf35b287c,唔***西,2,3,,广东,1787487168189
14,complete,GK2026D1,6a24d5cd000000003502b68d,6a24dbfe000000002803e89c,,1780800510000,反正毕了业也要送外卖的,410a4a673c417eb7,S***影,67,7,,北京,1787487403662
14,complete,GK2026D1,6a24d5cd000000003502b68d,6a24dd5a00000000270176fb,,1780800858000,我今天早上找要扔的垃圾，找了半小时，就是不记得随手放哪里去了。允许别人犯错，好吧。,6d7d380220d1cd69,糖***虫,3,6,,安徽,1787487403664
14,complete,GK2026D1,6a24d5cd000000003502b68d,6a24dd9d00000000270207e1,,1780800925000,你们评论区炸了。别再乱说了，行吗？我在前面几条视频不知道怎么就点开你们评论区了，到后面刷到的时候还是你们评论区，你们评论区[石化R]真厉害[doge],afcb780bc422a20c,水*,0,0,,江苏,1787488096351
14,complete,GK2026D1,6a24d5cd000000003502b68d,6a24dfbd000000002702bca6,,1780801470000,要不直接去送外卖吧 总不会忘记取餐咯,7c08a2c37f5cb735,3***了,1,0,,湖北,1787487168187
14,complete,GK2026D1,6a24d5cd000000003502b68d,6a24e0f4000000002702fef9,,1780801780000,不是提前几天老师家长就在说了嘛,719357ee1ae45a14,开***我,0,0,,四川,1787487118026
14,complete,GK2026D1,6a24d5cd000000003502b68d,6a24e17b0000000029036cdd,,1780801915000,高考npc已经蠢蠢欲动了[笑哭R],8431d4140e49a084,丁***道,0,0,,北京,1787487118026
14,complete,GK2026D1,6a24d5cd000000003502b68d,6a24e2a20000000029036239,,1780802211000,已为您接到订单,ea480e031979826a,C***.,0,0,,广西,1787487118025
14,complete,GK2026D1,6a24d5cd000000003502b68d,6a24e32a000000002a026e91,,1780802346000,现在的孩子高考忘带证件走错考场，啥玩意都有。上了大学没有自理能力，还要辅导员建家长群。很无语了已经！,77b1723318775064,哥***哥,1,0,,北京,1787488096349
14,complete,GK2026D1,6a24d5cd000000003502b68d,6a24e4520000000028039b23,,1780802642000,天才，就不应该前几天就放好了吗？[笑哭R][笑哭R][笑哭R]这都能忘，不如直接去送外卖。[笑哭R][笑哭R][笑哭R],297e18e074457b51,翼***),0,2,,山西,1787488062628
14,complete,GK2026D1,6a24d5cd000000003502b68d,6a24e521000000002702f396,,1780802850000,一眼ai。,1c5d414371d07117,小***2,0,0,,上海,1787487118024
14,complete,GK2026D1,6a24d5cd000000003502b68d,6a24e56e000000002b02547d,,1780802927000,这种人就不要进去考了，这么重要的考试都能丢三落四，出社会也没啥软用,2bdb0c5f76751798,M*,0,1,,广东,1787488062627
14,complete,GK2026D1,6a24d5cd000000003502b68d,6a24e58900000000290243e6,6a24dd5a00000000270176fb,1780802954000,可能大家一般不会提前一个月准备垃圾吧[笑哭R],7a3da1262c4a6a27,重***U,3,0,,浙江,1787487603219
14,complete,GK2026D1,6a24d5cd000000003502b68d,6a24e5c1000000002900d41a,,1780803010000,每年固定刷新的NPC[doge],13bb68f36a2950a8,苏***子,0,0,,四川,1787487118023
14,complete,GK2026D1,6a24d5cd000000003502b68d,6a24e61c000000002702bdd8,,1780803101000,这样真的就别考了,2cf9e1b56e240ebd,小***了,1,0,,四川,1787487118023
14,complete,GK2026D1,6a24d5cd000000003502b68d,6a24e66c000000002a0314de,6a24dd5a00000000270176fb,1780803181000,怎么说呢，祝你生活愉快吧,2cbb512004cbb074,z***🍒,2,0,,江苏,1787487604991
14,complete,GK2026D1,6a24d5cd000000003502b68d,6a24e6a10000000028034cb5,,1780803234000,这些人，自然淘汰不好吗,1f340643a08db101,m***o,0,0,,广西,1787488062626
14,complete,GK2026D1,6a24d5cd000000003502b68d,6a24e6b3000000002a02f6f2,6a24dd5a00000000270176fb,1780803252000,情况能一样吗？,b4349ca0774df1d7,用***销,0,0,,江苏,1787487604993
14,complete,GK2026D1,6a24d5cd000000003502b68d,6a24e6c6000000002902fc77,6a24dd5a00000000270176fb,1780803271000,允许啊 但是明年我的准时宝不会放过他[doge],8494da8d6fa2f683,骑***🥕,3,0,,内蒙古,1787487604992
14,complete,GK2026D1,6a24d5cd000000003502b68d,6a24e6cd0000000029035c90,,1780803278000,又到了张韶涵最忙的时间。。。,b85edb395a255df1,小***8,32,8,,湖北,1787487118022
14,complete,GK2026D1,6a24d5cd000000003502b68d,6a24e6f500000000270211d9,,1780803317000,这种新闻每年都可以提前做好文案，只配不同的人物场景就行了。,94fe62f981158fc7,S***💭,18,1,,湖南,1787487118021
14,complete,GK2026D1,6a24d5cd000000003502b68d,6a24e7190000000028009858,,1780803354000,筛选不止考场之内,eb284345f97c535a,猫***哥,0,0,,北京,1787487118021
14,complete,GK2026D1,6a24d5cd000000003502b68d,6a24e7310000000028036d9f,6a24e56e000000002b02547d,1780803378000,看视频，二龙路派出所附近的考点只有实验中学和北京八中，这两个考点考试的学生都是实验和八中的，这两个学校北京前五，用你担心吗[笑哭R],b9bc2761a294bf37,t***B,0,0,,北京,1787488077633
14,complete,GK2026D1,6a24d5cd000000003502b68d,6a24e7360000000027022062,6a24e4520000000028039b23,1780803383000,送外卖都不会要[偷笑R],94fe62f981158fc7,S***💭,0,0,,湖南,1787488077634
14,complete,GK2026D1,6a24d5cd000000003502b68d,6a24e74e000000002803e077,,1780803407000,这种就算了吧，人压根也没想考，到时候落榜了说是没带身份证少考一门,4311251ea83b9fbf,用***销,0,0,,陕西,1787487118019
14,complete,GK2026D1,6a24d5cd000000003502b68d,6a24e7510000000027016f78,,1780803409000,这就应该淘汰！[吃瓜R],adddca2554c1d2e2,叫***马,0,0,,广东,1787487101280
14,complete,GK2026D1,6a24d5cd000000003502b68d,6a24e7720000000029037ab1,6a24dbfe000000002803e89c,1780803443000,外卖搞丢还要赔钱 去捡垃圾,a44af516c30156bd,小***豹,8,0,,广西,1787487502581
14,complete,GK2026D1,6a24d5cd000000003502b68d,6a24e7d8000000002803c284,,1780803545000,考生昨天在干啥，？无语,61b0873defe4bc4c,三***金,0,0,,四川,1787488062625
14,complete,GK2026D1,6a24d5cd000000003502b68d,6a24e7da000000002a02772d,6a24e6f500000000270211d9,1780803546000,说的太多了，哪一年没有呢！刚刷到走错考场，幸好警察护送[捂脸R],b3c63d171c9dce1c,奶***鱼,1,0,,浙江,1787487133030
14,complete,GK2026D1,6a24d5cd000000003502b68d,6a24e7e00000000029012326,,1780803552000,年年不看新闻的吗高三生。[失望R][失望R],7716fb11524554e8,不***班,0,0,,广东,1787488062625
14,complete,GK2026D1,6a24d5cd000000003502b68d,6a24e7e400000000290123f6,,1780803556000,不想考就别考了，这么热的天在空调房睡睡觉挺好的,ae25a110219d16e9,睡***醒,0,0,,湖北,1787488062624
14,complete,GK2026D1,6a24d5cd000000003502b68d,6a24e80a000000002a0314f1,,1780803595000,马上工作了，可别在麻烦警察叔叔了！,4f191863172d8a61,别***！,0,0,,江西,1787487101280
14,complete,GK2026D1,6a24d5cd000000003502b68d,6a24e83b000000002702ecfc,6a24e66c000000002a0314de,1780803644000,怎么说呢，祝你一点错别犯,6d7d380220d1cd69,糖***虫,0,0,,安徽,1787487604994
14,complete,GK2026D1,6a24d5cd000000003502b68d,6a24e84b0000000027021fc3,,1780803659000,这种家庭培养的孩子，长大估计也是废物吧,07f766cce4fc08b4,球*,1,0,,上海,1787488197180
14,complete,GK2026D1,6a24d5cd000000003502b68d,6a24e8510000000028036c57,,1780803666000,就这样的态度，重在参与,3de34cc027aa34bc,我***啥,0,0,,山东,1787487101279
14,complete,GK2026D1,6a24d5cd000000003502b68d,6a24e8570000000027022257,6a24e58900000000290243e6,1780803672000,没遇到过，东西急着找就是找不到的情况吗？,6d7d380220d1cd69,糖***虫,0,0,,安徽,1787487604995
14,complete,GK2026D1,6a24d5cd000000003502b68d,6a24e8c9000000002702d0d3,,1780803785000,优胜劣汰,4329d927caa7ed54,放***蟹,0,0,,北京,1787487101278
14,complete,GK2026D1,6a24d5cd000000003502b68d,6a24e8d4000000002a0261af,6a24dbfe000000002803e89c,1780803796000,哈哈哈，低调点，不全是，是不是[doge],787430b1ad21e6c9,A***苼,1,0,,河南,1787487504323
14,complete,GK2026D1,6a24d5cd000000003502b68d,6a24e8e2000000002a0073db,,1780803811000,每年都有，为什么要帮他们兜底[笑哭R],e4cb20f8d81d61eb,M*,0,0,,广东,1787487101278
14,complete,GK2026D1,6a24d5cd000000003502b68d,6a24e8e8000000002803aa4e,,1780803816000,别考了，没意义,b8d2b640d0213f3b,宝***德,0,0,,河北,1787487101277
14,complete,GK2026D1,6a24d5cd000000003502b68d,6a24e8f3000000002900ca68,,1780803827000,，，那些走错考场，忘带身份证准考场，迟到的，，那些鸟都不用鸟他,a2c4f0dd6c29debc,赣***子,0,0,,江西,1787488062624
14,complete,GK2026D1,6a24d5cd000000003502b68d,6a24e911000000002a0303c5,,1780803858000,这么多交警就是为了孩子护航啊，以防万一呀，那么多考生难免出现意外，发现评论区真是巴不得别人不好，哦，你送外卖就想别人去送外卖，这么说一个孩子，有句话，你口中说的别人就是自己的缩影[点赞R],145116eefd40c216,心***苔,0,0,,广东,1787488062623
14,complete,GK2026D1,6a24d5cd000000003502b68d,6a24e925000000002b028c57,,1780803878000,这种学生根本就不应该去考试，直接送外卖多方便,37b1de0f01ae2283,李***画,0,0,,四川,1787487101277
14,complete,GK2026D1,6a24d5cd000000003502b68d,6a24e941000000002900db09,,1780803905000,第一轮筛选，这种的不用考了没必要。直接进厂,b57ae03d3cce635d,太***儿,0,0,,河北,1787487101276
14,complete,GK2026D1,6a24d5cd000000003502b68d,6a24e98d00000000280374b0,6a24e7360000000027022062,1780803982000,也是，估计要接单的时候，人走了，餐还在店家那。或者是，接了多单，然后送完其中一单之后，剩下单子忘了一单[笑哭R][笑哭R][笑哭R],297e18e074457b51,翼***),0,0,,山西,1787488079636
14,complete,GK2026D1,6a24d5cd000000003502b68d,6a24e98e0000000027028d4c,,1780803983000,送美团骑手站,9897f868c7185e08,S***e,0,0,,上海,1787487101275
14,complete,GK2026D1,6a24d5cd000000003502b68d,6a24e991000000002803ea45,,1780803986000,考个P回家吧,1f5a353cc5dd6d17,l*,0,0,,广东,1787488062622
14,complete,GK2026D1,6a24d5cd000000003502b68d,6a24e9e50000000027014340,,1780804070000,你们别开户籍证明了，直接送美团办理入职[扯脸H]。,1d5a66b4bf047301,格***林,0,0,,四川,1787487101274
14,complete,GK2026D1,6a24d5cd000000003502b68d,6a24e9ea000000002803a718,,1780804075000,浪费公共资源,ce55be9342cd62a7,J***D,0,0,,浙江,1787487083831
14,complete,GK2026D1,6a24d5cd000000003502b68d,6a24e9ef0000000029012ed5,,1780804079000,这种考试当天忘带证件的、走错考场的、没带笔的，大概率是上不了本科线的，甚至专科第一批都可能够呛,dfa02c824e5ae915,大***师,1,0,,四川,1787487083830
14,complete,GK2026D1,6a24d5cd000000003502b68d,6a24e9f9000000002b0260e5,,1780804089000,抓紧时间进厂吧[笑哭R],179e4d599379efec,邹***好,1,1,,广东,1787487083830
14,complete,GK2026D1,6a24d5cd000000003502b68d,6a24ea51000000002a02607a,,1780804178000,这种人考也考不明白,d507050a1bcec927,🍼***😘,0,0,,上海,1787488062621
14,complete,GK2026D1,6a24d5cd000000003502b68d,6a24ea66000000002a0264a3,,1780804198000,神人，都是神人,544cc3a5a9b9ff2e,N***派,0,0,,湖北,1787488045894
14,complete,GK2026D1,6a24d5cd000000003502b68d,6a24eab3000000002803921f,6a24e7720000000029037ab1,1780804275000,有道理[捂嘴笑R],410a4a673c417eb7,S***影,0,0,,北京,1787487504325
14,complete,GK2026D1,6a24d5cd000000003502b68d,6a24eab4000000002702cc1b,,1780804277000,本来想找个借口不考试，硬被你们塞回去了！[哭惹R],ad65d3b85a6daa63,t***y,0,0,,广东,1787487083829
14,complete,GK2026D1,6a24d5cd000000003502b68d,6a24eb1a000000002702b4c3,,1780804379000,对对，出门的一瞬间消失了，多神奇啊，家长也是个傻逼,de18142f7517340f,帝***帅,0,0,,新疆,1787488197179
14,complete,GK2026D1,6a24d5cd000000003502b68d,6a24eb4e000000002900d2f0,,1780804430000,直接拉到外卖站点办理入职,f664e12a4771d038,S***丶,0,0,,浙江,1787487083829
14,complete,GK2026D1,6a24d5cd000000003502b68d,6a24eb6d0000000029027fce,,1780804461000,这种别考了,19ec1d28bfa5bab6,嘟***爵,0,0,,福建,1787488045893
14,complete,GK2026D1,6a24d5cd000000003502b68d,6a24eb86000000002702fc6f,,1780804486000,进厂都能打反螺丝，捡水瓶只要瓶盖的那种,a8f94fee30932f9c,无*,0,0,,广西,1787487083828
14,complete,GK2026D1,6a24d5cd000000003502b68d,6a24eb8e0000000027021f43,,1780804494000,第一道门槛就筛掉了挺好,81fc0f297fc7b7e6,m***o,0,0,,上海,1787487083827
14,complete,GK2026D1,6a24d5cd000000003502b68d,6a24ebb1000000000d021c04,,1780804530000,喜闻乐见,badf72570e384ee3,m***o,0,0,,美国,1787487083826
14,complete,GK2026D1,6a24d5cd000000003502b68d,6a24ebd8000000002803ee05,,1780804569000,牛批 这玩意不是考试前都准备好的吗,7b3843d030035c87,一***鱼,0,0,,河南,1787487083825
14,complete,GK2026D1,6a24d5cd000000003502b68d,6a24ebe50000000028031913,,1780804581000,为考不好找借口,0a216ec0a6280920,沧***月,0,0,,四川,1787488045893
14,complete,GK2026D1,6a24d5cd000000003502b68d,6a24ebf5000000002a030704,,1780804597000,以后送外卖的时候外卖别忘了拿就行,095a436dc5380141,凡***沦,0,0,,安徽,1787487083823
14,complete,GK2026D1,6a24d5cd000000003502b68d,6a24ebf7000000002803f505,,1780804599000,将来也不会有啥出息,0a216ec0a6280920,沧***月,1,0,,四川,1787487066849
14,complete,GK2026D1,6a24d5cd000000003502b68d,6a24ec1b000000002803266d,6a24e6cd0000000029035c90,1780804635000,张韶涵什么梗[石化R],e03294dc87efa59f,花***🍟,0,0,,辽宁,1787487151391
14,complete,GK2026D1,6a24d5cd000000003502b68d,6a24ec230000000028035883,,1780804644000,逆天…,6c254e01eaaafbde,k***g,0,0,,安徽,1787488045892
14,complete,GK2026D1,6a24d5cd000000003502b68d,6a24ec280000000029018532,,1780804649000,出门突然就找不到了[大笑R][大笑R][大笑R],84256b1c3a4cd4db,小***7,0,0,,广东,1787487066848
14,complete,GK2026D1,6a24d5cd000000003502b68d,6a24ec2b000000002a027c25,,1780804651000,每年都有几个,dc5f3f5a694423a7,耐***r,0,0,,浙江,1787487066847
14,complete,GK2026D1,6a24d5cd000000003502b68d,6a24ec2c00000000290185e9,,1780804653000,你在开什么玩笑，京爷高考难度比你这些地方小多了，不至于送外卖哈,c01a1beef0741556,小***6,0,0,,四川,1787488045892
14,complete,GK2026D1,6a24d5cd000000003502b68d,6a24ec37000000002701da64,,1780804664000,东西都忘带。直接送外卖,42fa20a7354e3459,c***s,0,0,,广东,1787487066847
14,complete,GK2026D1,6a24d5cd000000003502b68d,6a24ec3c000000002a03122d,,1780804669000,恭喜🎉,24edc9342bf95a64,人***格,1,0,,广东,1787487066846
14,complete,GK2026D1,6a24d5cd000000003502b68d,6a24ec510000000028008a8e,,1780804689000,证件文具不都是提前检查好放一起吗，“突然”找不到？,97871e3aa8a71695,小***1,0,0,,天津,1787488045891
14,complete,GK2026D1,6a24d5cd000000003502b68d,6a24ec53000000002902f389,,1780804692000,哎😑，都不知道说啥了,46d53bf323bc7045,晕***者,0,0,,甘肃,1787487066845
14,complete,GK2026D1,6a24d5cd000000003502b68d,6a24ec53000000002a024319,,1780804692000,考也是白考，孩子专门藏起来了你找那玩意干啥，送外卖都够呛,672d8d1eb504bd7d,西***张,0,0,,陕西,1787488045890
14,complete,GK2026D1,6a24d5cd000000003502b68d,6a24ec6c000000002901927c,,1780804716000,会不会是学生故意的，不想去考,888601f788ce02ad,会***圈,0,0,,安徽,1787487066844
14,complete,GK2026D1,6a24d5cd000000003502b68d,6a24ec70000000002702f2de,,1780804720000,各位站长还等什么呢？冲业绩的时候到了[doge],62119068e38b1e9f,不***追,0,0,,江苏,1787487066843
14,complete,GK2026D1,6a24d5cd000000003502b68d,6a24ec7f000000002b003bda,,1780804735000,又多一个送外卖的，这么重要的事情，我高考的时候，都检查 3 遍的！这种考生直接送外卖站了,73583c7350147873,小***1,1,0,,广东,1787487066842
14,complete,GK2026D1,6a24d5cd000000003502b68d,6a24ec820000000029035542,6a24ec1b000000002803266d,1780804738000,她唱的歌，年年都放[偷笑R],5262c7c6fb1ba2c8,梓*,2,0,,四川,1787487134633
14,complete,GK2026D1,6a24d5cd000000003502b68d,6a24ec9b000000002b025a72,,1780804763000,这么重要的的东西不是前一天晚上检查好多遍的么[笑哭R],69862ac96d5a4c78,亿*,0,0,,广东,1787487066841
14,complete,GK2026D1,6a24d5cd000000003502b68d,6a24eca6000000002701672c,,1780804774000,现在都养成习惯了，出门前都想一下今天要做什么事要带什么东西，有些重要的还反复检查有没有漏,4214b9234f79514b,小***C,0,0,,广东,1787487032792
14,complete,GK2026D1,6a24d5cd000000003502b68d,6a24ecaa000000002b025d41,,1780804779000,这都能忘，不知道还能干啥[笑哭R],c8fd4c10506b0171,金*,0,0,,上海,1787487032792
14,complete,GK2026D1,6a24d5cd000000003502b68d,6a24eccd0000000027029b88,,1780804813000,直接去外卖站点办理入职,332f1f593ad5fd3e,八***承,0,0,,山东,1787487032791
14,complete,GK2026D1,6a24d5cd000000003502b68d,6a24ecd8000000002803940d,,1780804824000,弱智,38e88de70e4d9dd5,夏***次,0,0,,安徽,1787488197178
14,complete,GK2026D1,6a24d5cd000000003502b68d,6a24ecdd00000000280318cd,,1780804829000,美团hr应该在各考场门口蹲守，遇到跑错的，少带东西的直接当场办理入职,b3bade8cb7df78e9,H***5,0,0,,陕西,1787487032790
14,complete,GK2026D1,6a24d5cd000000003502b68d,6a24ece20000000027022d12,,1780804834000,提前一天把需要的东西都放一个袋子里很难吗，为什么临时才收拾,85f6f558233a0cf5,小***F,0,0,,广东,1787488045890
14,complete,GK2026D1,6a24d5cd000000003502b68d,6a24ed0a00000000280324d0,,1780804874000,嗐，不说了[棒R],a705128ab7609a5c,穆***醇,0,0,,江苏,1787487032790
14,complete,GK2026D1,6a24d5cd000000003502b68d,6a24ed1900000000280328a8,,1780804890000,这种考了也考不好，直接进厂多好呢,95e2c84599390a4f,土***人,1,0,,河南,1787487032789
14,complete,GK2026D1,6a24d5cd000000003502b68d,6a24ed1b000000002702ae04,6a24ec1b000000002803266d,1780804891000,每当我。。。。被暴雨淋过。。。[失望R],3b676c09ea5895d3,隽***巴,4,0,,重庆,1787487134634
14,complete,GK2026D1,6a24d5cd000000003502b68d,6a24ed20000000002a026b3c,,1780804897000,这种人就不要考试了[汗颜R][汗颜R][汗颜R],94baf0725e898069,努***晴,0,0,,甘肃,1787488045889
14,complete,GK2026D1,6a24d5cd000000003502b68d,6a24ed33000000002b027554,,1780804916000,每个小卖店都能刷脸付款了....高考这么大的事不能刷脸,cdd4795545258609,京***帅,0,0,,北京,1787487032789
14,complete,GK2026D1,6a24d5cd000000003502b68d,6a24ed4100000000290374be,,1780804929000,这种重要东西应该提前一天准备好放一个袋子里，而不是考试当天才想起来,854631e4f42e6f2c,小*,8,2,,江西,1787487032788
14,complete,GK2026D1,6a24d5cd000000003502b68d,6a24ed4e000000002902e312,,1780804943000,这种直接送站点[笑哭R],6dbc0f7d737dfe70,无***人,0,0,,内蒙古,1787487032787
14,complete,GK2026D1,6a24d5cd000000003502b68d,6a24ed57000000002803b3c8,,1780804952000,这种就没必要帮忙了,3e49e76bbf17eebe,M***o,2,0,,广东,1787487032785
14,complete,GK2026D1,6a24d5cd000000003502b68d,6a24ed5b000000002902e5b1,,1780804956000,干啥能中用[暗中观察R],bb6bcff10c59425d,庄***千,1,0,,山东,1787487016108
14,complete,GK2026D1,6a24d5cd000000003502b68d,6a24ed760000000028008cda,,1780804983000,不是，不提前一天找出来放着？！,d2ec108c90666b2d,旺***酥,0,0,,福建,1787488045888
14,complete,GK2026D1,6a24d5cd000000003502b68d,6a24eda10000000028030b2d,,1780805026000,张韶涵表示唱不动了有点儿…,fea9ba3354ad4618,高***帅,0,0,,加拿大,1787487016108
14,complete,GK2026D1,6a24d5cd000000003502b68d,6a24edc6000000002803411b,,1780805062000,丢三落四,638572a3a2c6d71f,贵*,0,0,,广东,1787488028481
14,complete,GK2026D1,6a24d5cd000000003502b68d,6a24edc60000000028034125,,1780805062000,每一步都在淘汰人,af066998912819d1,极***草,2,0,,浙江,1787487016107
14,complete,GK2026D1,6a24d5cd000000003502b68d,6a24edd5000000002a00581e,,1780805077000,脑子都不带，考啥,dbb0d9c2fd33b308,s***.,0,0,,广东,1787488028481
14,complete,GK2026D1,6a24d5cd000000003502b68d,6a24ede8000000002b025829,,1780805096000,取消高考,96a99d59eb604c85,大***几,0,0,,江苏,1787487016107
14,complete,GK2026D1,6a24d5cd000000003502b68d,6a24edee00000000270233c0,,1780805103000,今年发高考的都没啥流量[捂脸R],fad7baabb13a31d7,重***周,0,0,,重庆,1787487016106
14,complete,GK2026D1,6a24d5cd000000003502b68d,6a24edf5000000002702a61c,,1780805110000,入职美团吧,060f7bac9a25606d,变***2,0,0,,广东,1787487016106
14,complete,GK2026D1,6a24d5cd000000003502b68d,6a24edfd000000002702379f,,1780805117000,淘汰吧！这种。,d0b6c5fd77900499,m***i,0,0,,四川,1787487016105
14,complete,GK2026D1,6a24d5cd000000003502b68d,6a24ee01000000002702a894,,1780805122000,我们这边身份证准考证都是老师统一保管，每场考试前在考点学校门口统一发放，考试结束了统一上交老师保管。,9282bb1245a081b2,子***6,0,0,,江苏,1787487016104
14,complete,GK2026D1,6a24d5cd000000003502b68d,6a24ee0200000000270238de,6a24ed4100000000290374be,1780805122000,我当年都要检查N遍，早上还要提前起再去看看装够没[失望R],bfda6ffddcfea5b4,月***士,2,0,,江西,1787487047797
14,complete,GK2026D1,6a24d5cd000000003502b68d,6a24ee1100000000280328d2,,1780805137000,祝这位考生高考下岸,b09edcbacaa752ae,A***）,0,0,,四川,1787488197177
14,complete,GK2026D1,6a24d5cd000000003502b68d,6a24ee15000000002a025649,,1780805142000,突然间[doge],3dbe7b2b477eebb5,m***员,0,0,,广东,1787487016103
14,complete,GK2026D1,6a24d5cd000000003502b68d,6a24ee23000000002800b707,,1780805156000,这都能忘？前一天不是要检查几遍？,c2b3281c23bbe8eb,小***F,0,0,,甘肃,1787488028480
14,complete,GK2026D1,6a24d5cd000000003502b68d,6a24ee26000000002803574e,,1780805159000,下午就去报道打螺丝吧,01198b76514fcde3,B***c,0,0,,北京,1787487016102
14,complete,GK2026D1,6a24d5cd000000003502b68d,6a24ee290000000029027f73,,1780805162000,送外卖你忘带外卖，送快递你忘带快递，开滴滴你没带手机，出门打工你忘记出门了，直接淘汰吧，别费劲了,861cbb61ad208519,闲*,0,0,,河南,1787486999406
14,complete,GK2026D1,6a24d5cd000000003502b68d,6a24ee3d000000002702dc42,,1780805181000,这种就不要考了，去美团站点报到吧,89180b64a2358289,8***h,1,0,,福建,1787486999406
14,complete,GK2026D1,6a24d5cd000000003502b68d,6a24ee430000000028033559,6a24ec1b000000002803266d,1780805187000,[暗中观察R] 我终于看到 所有梦想都开花 追逐的年轻歌声多嘹亮,c108cb96e7e0f69c,万***盔,2,0,,北京,1787487134635
14,complete,GK2026D1,6a24d5cd000000003502b68d,6a24ee4f000000002b000e71,,1780805200000,[笑哭R][笑哭R][笑哭R]直接送美团众包，餐没了顾客有差评的[笑哭R],838cafdfe7236739,期***云,0,0,,安徽,1787486999405
14,complete,GK2026D1,6a24d5cd000000003502b68d,6a24ee560000000027020cd2,,1780805206000,我们这都是老师统一保管的,bcd9ca8b152a5984,小***A,0,0,,福建,1787486999405
14,complete,GK2026D1,6a24d5cd000000003502b68d,6a24ee63000000002902d664,,1780805220000,派出所能把电脑拿到考场门口吗，随时出具身份证明,8dba826d140514e6,越***了,0,0,,北京,1787486999404
14,complete,GK2026D1,6a24d5cd000000003502b68d,6a24ee7a000000002900ca4e,6a24db0b000000002702fb77,1780805243000,人口基数太大了，什么妖魔鬼怪也有。提前几天检查一下证件对他们来说太难了。,f888ebf601a6045d,第***甲,0,0,,河北,1787487184824
14,complete,GK2026D1,6a24d5cd000000003502b68d,6a24ee840000000028030424,,1780805253000,真服了年年刷新这些事情,2e59e154b2b0419f,阿*,0,0,,陕西,1787486999403
14,complete,GK2026D1,6a24d5cd000000003502b68d,6a24ee8b0000000029037313,,1780805260000,[汗颜R]要不身份证多备几张？[doge],6786d8439259aa9c,m***o,0,0,,广东,1787486999403
14,complete,GK2026D1,6a24d5cd000000003502b68d,6a24ee8c0000000027028e1f,6a24dbfe000000002803e89c,1780805261000,美团在呼唤,9d8a0bd65e3d7711,行***则,1,0,,上海,1787487504327
14,complete,GK2026D1,6a24d5cd000000003502b68d,6a24ee90000000002902de87,,1780805265000,刚有这种事的时候觉得还看个乐呵，现在看就只剩生气了。无论孩子还是家长都不重视高考，前一晚都在家干啥呢，东西不提前装好？这种还是别去考了，浪费资源，还占名额[生气R][生气R],76c43076b1ddc7fe,橘***糖,0,0,,辽宁,1787488028480
14,complete,GK2026D1,6a24d5cd000000003502b68d,6a24ee92000000002702f075,,1780805267000,就这种也考试？考不考其实都一样,015d7f5a71231b5d,张***车,0,0,,甘肃,1787486999402
14,complete,GK2026D1,6a24d5cd000000003502b68d,6a24eebb0000000029018091,,1780805308000,考试前一晚干嘛的，这些不都应该准备好放在文具袋里，这些人到底知不知道第二天是高考啊,65bc0628c2eddf93,绿***草,0,0,,江苏,1787488028479
14,complete,GK2026D1,6a24d5cd000000003502b68d,6a24eec1000000002803123e,,1780805313000,每年都有这种猪脑子，就不能前一天晚上把准考证、身份证、所需要的证件都放在一个小包里吗？放在门口，就放在门口，穿鞋就能看见的，行不行？猪脑,a68ded819df8f202,熊***仔,0,0,,广西,1787488197176
14,complete,GK2026D1,6a24d5cd000000003502b68d,6a24eed1000000002702c06c,,1780805330000,这种时候了不提前准备好。服了,02abea97f603cfa5,华*,0,0,,黑龙江,1787486999401
14,complete,GK2026D1,6a24d5cd000000003502b68d,6a24eede000000002702c3d2,,1780805343000,这种考生就该让他明年再来一次,6b6f0fcb16e72017,鹦***6,0,0,,四川,1787486999400
14,complete,GK2026D1,6a24d5cd000000003502b68d,6a24eefe000000002b02953b,,1780805375000,跑错考点，丢三落四的，直接打螺丝去吧。,d1bbecc112f5c491,室***计,0,0,,湖南,1787486982779
14,complete,GK2026D1,6a24d5cd000000003502b68d,6a24ef00000000002903488a,,1780805377000,就很离谱离谱、[偷笑R],e19c083b0e9cce76,X*,0,0,,广东,1787486982778
14,complete,GK2026D1,6a24d5cd000000003502b68d,6a24ef0b000000002a02f15d,,1780805388000,评论区很不友好，老说别人毕业会送外卖，我不这么认为，也有可能送快递啊,b7260365c7d2517f,M***M,0,0,,上海,1787488028479
14,complete,GK2026D1,6a24d5cd000000003502b68d,6a24ef0c000000002702adae,,1780805388000,年年考，年年错，就算考生是第一次，家长看了这么多次，不能提前一晚上把东西准备好装一个袋子里吗[doge],d4b1767bc9cf82e0,薛***记,0,0,,贵州,1787488028478
14,complete,GK2026D1,6a24d5cd000000003502b68d,6a24ef140000000029027167,,1780805397000,不要考了[哇R],050380e8bef7dfe8,四***罗,0,0,,广东,1787486982778
14,complete,GK2026D1,6a24d5cd000000003502b68d,6a24ef15000000002901909e,6a24db0b000000002702fb77,1780805397000,人口基数大，,847dafd5c7f17423,m***o,0,0,,新疆,1787487183197
14,complete,GK2026D1,6a24d5cd000000003502b68d,6a24ef27000000002900f516,,1780805416000,这种学生也仅仅是参加考试罢了。,4c4407497728994e,周*,0,0,,河北,1787486982777
14,complete,GK2026D1,6a24d5cd000000003502b68d,6a24ef2a000000002b003878,,1780805419000,自然筛选请不要干预,88ddd4a8259d2f91,k***®,0,0,,河北,1787486982777
14,complete,GK2026D1,6a24d5cd000000003502b68d,6a24ef31000000002900f785,,1780805426000,学渣的心思你们理解不了,f024ede9d2b60622,拖***基,0,0,,浙江,1787488028477
14,complete,GK2026D1,6a24d5cd000000003502b68d,6a24ef37000000002800ba00,,1780805431000,千万不要送外卖,ca99f06b3378260b,小***2,0,0,,广东,1787486982777
14,complete,GK2026D1,6a24d5cd000000003502b68d,6a24ef39000000002803c0d3,,1780805434000,还是去送外卖吧,9bbbc49efae01cd2,达***娃,0,0,,四川,1787486982776
14,complete,GK2026D1,6a24d5cd000000003502b68d,6a24ef3d000000002702dc06,,1780805438000,出门的时候找不到了，前一天干嘛去了？,d734384550397fc2,用***销,0,0,,广东,1787486982775
14,complete,GK2026D1,6a24d5cd000000003502b68d,6a24ef43000000002a024bef,,1780805443000,每年叨叨，每年还是有各种奇葩发生，还没进考场考试就被筛选掉了[doge][doge],6cb27dbaf5ce8079,向***花,0,0,,山东,1787488197176
14,complete,GK2026D1,6a24d5cd000000003502b68d,6a24ef5600000000270208db,,1780805463000,直接送去医院办个健康证 在送美团站点 要依法上岗,ab7a47117311f0dc,北***员,1,0,,美国,1787486982774
14,complete,GK2026D1,6a24d5cd000000003502b68d,6a24ef5b000000002803c7f8,,1780805467000,直接到工厂报道吧,daa2cb4b12a01a02,威***车,0,0,,山东,1787486982773
14,complete,GK2026D1,6a24d5cd000000003502b68d,6a24ef84000000002a02c92b,6a24dbfe000000002803e89c,1780805508000,感谢你给你孩子做出的合理规划[赞R],b5d32aebfb784c0a,小***嗡,2,0,,湖南,1787487504326
14,complete,GK2026D1,6a24d5cd000000003502b68d,6a24ef8900000000280370a7,,1780805514000,前一天，前两天，前三天干嘛去了,6d3277c07db4d183,是***🌟,0,0,,湖北,1787486965801
14,complete,GK2026D1,6a24d5cd000000003502b68d,6a24ef9e000000002701ec14,,1780805534000,建议增加考试规则，走错考场，忘记携带准考证，身份证，不熟悉考试规则（着装类，考试用品类），考生本年度取消考试，次年参考！,593b5458b53b7960,清*,1,0,,广东,1787486965801
14,complete,GK2026D1,6a24d5cd000000003502b68d,6a24efbb000000002a02d3d2,,1780805564000,抓紧，赶紧外卖站点报道,31b16f8e94b7c881,你***啊,0,0,,重庆,1787486965800
14,complete,GK2026D1,6a24d5cd000000003502b68d,6a24efd90000000029012427,,1780805594000,身份证找不到以后怎么去办理外卖员入职啊,48fc1e56a37dd14a,m***i,0,0,,江西,1787486965800
14,complete,GK2026D1,6a24d5cd000000003502b68d,6a24efdf00000000280396ff,,1780805600000,这样的不考也行,a4d08f02a805f553,小***A,0,0,,河南,1787486965799
14,complete,GK2026D1,6a24d5cd000000003502b68d,6a24effe000000002800a9a1,,1780805630000,真服了这种考生以及考生的父母，太粗心大意了,3a1acda700c57497,*,0,0,,江苏,1787488028476
14,complete,GK2026D1,6a24d5cd000000003502b68d,6a24f00800000000290265cf,,1780805641000,考试只是个流程，该走的流程一个不落下,32e49db13e2917d5,M***生,0,0,,浙江,1787486965798
14,complete,GK2026D1,6a24d5cd000000003502b68d,6a24f00b000000002b028760,,1780805644000,为什么年年都有这样的   [害羞R],4989aa7711422270,老***的,1,0,,河北,1787486965798
14,complete,GK2026D1,6a24d5cd000000003502b68d,6a24f012000000002803f3e3,,1780805650000,真的想知道，怎么会不见的。,887e5774456a6f39,燕***🍀,0,0,,江西,1787486965797
14,complete,GK2026D1,6a24d5cd000000003502b68d,6a24f026000000002803f94e,,1780805670000,怎么办，我厌蠢症犯了,0a2b1eeb2852eb6e,吃***森,0,0,,江苏,1787486965796
14,complete,GK2026D1,6a24d5cd000000003502b68d,6a24f03d000000002b002d22,,1780805693000,[鼓掌R][鼓掌R][鼓掌R][鼓掌R][吧唧R],9a6ec20d7f7edbbf,小***4,0,0,,河南,1787486965794
14,complete,GK2026D1,6a24d5cd000000003502b68d,6a24f048000000002a004e4a,,1780805704000,忘带身份证，准考证，本身就已经被筛选掉了。厌蠢！,6b6475f27258f340,除*,0,0,,湖北,1787488028474
14,complete,GK2026D1,6a24d5cd000000003502b68d,6a24f04b000000002803c3e5,,1780805708000,怎么考上高中的？,05b913219ee9f87c,橙*,0,0,,广东,1787486949102
14,complete,GK2026D1,6a24d5cd000000003502b68d,6a24f04e000000002902e8ef,,1780805711000,这种就没有必要考了，总要为自己的错误买单！,62c254f42dd8daf0,不***在,2,0,,新加坡,1787486949101
14,complete,GK2026D1,6a24d5cd000000003502b68d,6a24f07f00000000280374fe,,1780805759000,这种赶紧进厂就业吧,f2d56fcf742892df,H***o,0,0,,北京,1787488011415
14,complete,GK2026D1,6a24d5cd000000003502b68d,6a24f081000000002a02f576,,1780805761000,这些人是干嘛的，这么重要的事，这么不靠谱,c5db2525184f716c,心***塔,0,0,,四川,1787488011414
14,complete,GK2026D1,6a24d5cd000000003502b68d,6a24f0880000000027015d43,,1780805768000,他们负责全部送进考场，考怎么样就看他们自己的了,3400f6870fed05df,R***y,0,0,,陕西,1787486949100
14,complete,GK2026D1,6a24d5cd000000003502b68d,6a24f094000000002b0255a8,6a24ec1b000000002803266d,1780805780000,就是曲子比较燃啦，当然我不知道视频燃什么[笑哭R],9b29ff044f6b4283,v***s,1,0,,江苏,1787487134636
14,complete,GK2026D1,6a24d5cd000000003502b68d,6a24f0970000000028008f94,,1780805783000,以后我的餐丢了你得给我赔钱,174b818df042d92a,m***o,0,0,,云南,1787486949100
14,complete,GK2026D1,6a24d5cd000000003502b68d,6a24f097000000002a030bef,,1780805784000,听我说一句，这种学生就不要让他考试，这吗大的事年年都有迟到的落下准考证的，就不能提前准备好？早起一个小时？自己都不当回事,25e8efaefbf80146,🕊***এ,0,0,,天津,1787488011414
14,complete,GK2026D1,6a24d5cd000000003502b68d,6a24f0a6000000002800932e,,1780805798000,能干啥，这些东西都是头一天晚上收拾好，随身携带的。连这个都整不好，能干啥。,b35a0ef427838f74,请***）,0,0,,陕西,1787488011413
14,complete,GK2026D1,6a24d5cd000000003502b68d,6a24f0b60000000027022312,,1780805814000,筛选已经开始了,79c1c93679eb419d,超***🍡,0,0,,山西,1787486949099
14,complete,GK2026D1,6a24d5cd000000003502b68d,6a24f0c00000000028038ed8,,1780805824000,我的准时宝不会放过这种人的[doge],a4b6704228c1cb57,纯***螂,0,0,,四川,1787486949099
14,complete,GK2026D1,6a24d5cd000000003502b68d,6a24f0c60000000028031c49,,1780805830000,他会感谢你八辈祖宗，本来找个借口不去了，你还沉浸在自己的好心之中，[偷笑R]你俩终究是错付了。,112f1b45dc710dcc,白*,0,0,,北京,1787488011413
14,complete,GK2026D1,6a24d5cd000000003502b68d,6a24f0cf000000002a02c270,,1780805839000,差点就提前加入外卖大军。,bb9f580e2899dfcf,呀***。,1,0,,海南,1787486949098
14,complete,GK2026D1,6a24d5cd000000003502b68d,6a24f0cf000000002b02affa,,1780805840000,这种能忘记不知道什么人，晚上都要放好，第二天检查,4044903d5757a71e,逆***界,0,0,,重庆,1787486949098
14,complete,GK2026D1,6a24d5cd000000003502b68d,6a24f0dd000000002702c7d9,,1780805854000,哦吼，又来了[doge],3e091f4176e60bf0,重***好,1,0,,湖南,1787486949097
14,complete,GK2026D1,6a24d5cd000000003502b68d,6a24f0df000000002902c07c,,1780805856000,感觉故意的，学习不好明知道考不好但又怕家长骂，干脆搞点事情考不了，到时候还能委屈的说不是考的不好,eac650e1ccbc8136,😃***瓜,0,0,,江苏,1787488011412
14,complete,GK2026D1,6a24d5cd000000003502b68d,6a24f0e5000000002701fe05,,1780805862000,哈哈哈，建议不要考了,302f70cbc31621fa,飝*,0,0,,广东,1787486949095
14,complete,GK2026D1,6a24d5cd000000003502b68d,6a24f0e7000000002702ca4a,,1780805864000,准考证找不到没事，我的可乐找不到了，我可是要投诉的,4e9e154f89429622,德***灯,0,0,,安徽,1787486932412
14,complete,GK2026D1,6a24d5cd000000003502b68d,6a24f0fe000000002702a98c,,1780805887000,啥叫突然找不到，前一天不会准备吗？,a2ba199e543852b1,你***呀,0,0,,广西,1787488011411
14,complete,GK2026D1,6a24d5cd000000003502b68d,6a24f1050000000029012d20,,1780805893000,高考的时候准考证和身份证不都是会收上去的吗？而且有些还会统一发车，难道没有吗[石化R],92212b51c84ff1f5,小***7,0,0,,江西,1787486932411
14,complete,GK2026D1,6a24d5cd000000003502b68d,6a24f1300000000029013745,,1780805936000,每年最烦：忘带准考证，身份证，走错考场，第一个出考场，迟到……欢迎补充,9b9c8f5f24badf83,糯***圆,0,0,,天津,1787486932411
14,complete,GK2026D1,6a24d5cd000000003502b68d,6a24f130000000002800b495,,1780805937000,我真是不理解那些走错考点，没带准考证或者没带身份证的人，努力了这么多年，就为了这一次，这么重要的东西还能忘，那我看这还是没有那么想读，真正考上985211清华北大的那种人是不可能忘带准考证的。,eabc9d9f86916035,洛***杉,1,0,,安徽,1787488011411
14,complete,GK2026D1,6a24d5cd000000003502b68d,6a24f133000000002b0277fd,,1780805940000,不是读书的料，人生第一次筛选。,fac45168a4c44609,吉***嚞,0,0,,重庆,1787486932410
14,complete,GK2026D1,6a24d5cd000000003502b68d,6a24f136000000002803fd94,,1780805943000,每年都是这个几类视屏，忘带身份证了，路上堵车迟到了……,7a4ac5a58a9f4a59,清*,0,0,,安徽,1787486932410
14,complete,GK2026D1,6a24d5cd000000003502b68d,6a24f154000000002a026d84,,1780805973000,直接办外卖证就行了[笑哭R],cab288ecc5f91b79,m***o,0,0,,山东,1787486932409
14,complete,GK2026D1,6a24d5cd000000003502b68d,6a24f1710000000028037880,,1780806001000,不想考吧？这么重要的事情都出乱子,93999d8493aaa4c3,M***g,0,0,,广东,1787486932409
14,complete,GK2026D1,6a24d5cd000000003502b68d,6a24f1790000000028037ab5,,1780806010000,每年都有，,b3a46d14e53dd48a,m***o,1,0,,广东,1787486932408
14,complete,GK2026D1,6a24d5cd000000003502b68d,6a24f17c00000000290109be,,1780806012000,这么重要的事都不操心 还是别考了 还浪费警力,ecc32eaf98c13eaa,A***烎,0,0,,陕西,1787488011410
14,complete,GK2026D1,6a24d5cd000000003502b68d,6a24f19400000000280317b8,,1780806037000,以后不要管，自然淘汱,217c664949d7dc80,杨***川,0,0,,河北,1787486932407
14,complete,GK2026D1,6a24d5cd000000003502b68d,6a24f197000000002803d206,,1780806039000,废物将来也是废物，考干嘛，直接打螺丝吧。,c78c54ab8699b15e,淮***师,0,0,,江苏,1787488197174
14,complete,GK2026D1,6a24d5cd000000003502b68d,6a24f1af000000002a027daf,,1780806064000,我的外卖和快递不准他送,f958668f6d42409b,离*,1,0,,江苏,1787486932405
14,complete,GK2026D1,6a24d5cd000000003502b68d,6a24f1b8000000002a02ec15,,1780806072000,年年都有身份证找不到的人 哈哈,d40aba3ebd3f777e,一***秋,0,0,,广东,1787486915338
14,complete,GK2026D1,6a24d5cd000000003502b68d,6a24f1cb000000002803de1c,,1780806091000,准考证就是上阵打仗的武器，马上打仗了你告诉我丢了武器，那还是躺平吧！免得连累别人！,d6a9b3508e49e042,小***🐷,0,0,,浙江,1787486915337
14,complete,GK2026D1,6a24d5cd000000003502b68d,6a24f1e0000000002b0037ae,,1780806112000,没必要去考，出来也是丢三落四，不如直接在家养老,05a5f853ad22808e,小***子,2,0,,湖北,1787486915336
14,complete,GK2026D1,6a24d5cd000000003502b68d,6a24f1e70000000029011fb3,,1780806119000,大千世界，无奇不有！有的参加高考迟到了，有的忘了带准考证身份证，甚至忘了带笔！有的去应聘工作迟到，忘了带个人资料，有的去银行取钱找不到存折，去年一个人竞将刚取的十万元钱忘在了出租车上！凡此等等百样失误，虽有可原，但有一个共性:这类人决不会有大出息！难堪大用！能混个最低层工作讨个生活就算不错！,4c4407497728994e,周*,0,0,,河北,1787486915336
14,complete,GK2026D1,6a24d5cd000000003502b68d,6a24f200000000002701791b,,1780806144000,以前哪有这些不行就下一年，服务越好事情越多,b210c115b0ca49ba,用***销,0,0,,北京,1787486915335
14,complete,GK2026D1,6a24d5cd000000003502b68d,6a24f209000000002a02fa84,,1780806153000,年年都有这种事,b79fb387212e41ac,之*,0,0,,重庆,1787486915334
14,complete,GK2026D1,6a24d5cd000000003502b68d,6a24f22900000000280366ef,,1780806185000,吃屎长大的,dc84ab073d663623,真***面,0,0,,陕西,1787488011408
14,complete,GK2026D1,6a24d5cd000000003502b68d,6a24f24d0000000029036b3d,,1780806222000,这种娃也没必要考了,e7caa44afb15b333,充***鹅,0,0,,四川,1787486915333
14,complete,GK2026D1,6a24d5cd000000003502b68d,6a24f276000000002803ba85,,1780806262000,这种就是毕了业去大街上卖菜的，出门都不检查身份证[笑哭R],ac586675fa291a2e,L***t,0,0,,山东,1787487994423
14,complete,GK2026D1,6a24d5cd000000003502b68d,6a24f2990000000029026215,,1780806297000,他以后送我外卖少拿一瓶水我的差评可不会饶了他,fd9c03ad902add50,烟***冷,28,5,,江苏,1787485207905
14,complete,GK2026D1,6a24d5cd000000003502b68d,6a24f2c0000000002a02da38,,1780806337000,这类学生就得刷下来，早点进入社会历练历练。,ec7fa29f984434f9,A***r,0,0,,浙江,1787486915332
14,complete,GK2026D1,6a24d5cd000000003502b68d,6a24f2c8000000002a033472,,1780806345000,年年如此[捂脸R],4a6b92bf7c1e7559,s***s,0,0,,广东,1787486915332
14,complete,GK2026D1,6a24d5cd000000003502b68d,6a24f2e1000000002900d2c3,,1780806370000,这么重要的时刻，证件都能不准备[点赞R],b23b9de237618e77,硬*,0,0,,广东,1787486915330
14,complete,GK2026D1,6a24d5cd000000003502b68d,6a24f2f0000000002b028e1e,6a24e6cd0000000029035c90,1780806384000,每当我背上锅[doge],4ea507513a4e5a55,A***h,3,0,,广东,1787487133031
14,complete,GK2026D1,6a24d5cd000000003502b68d,6a24f2f1000000002800a50b,,1780806386000,根本不存在找不到的情况！那个人就是一个狗屎！,31d19a3672cab4ca,通***人,0,0,,山东,1787488179993
14,complete,GK2026D1,6a24d5cd000000003502b68d,6a24f2f2000000002702297f,6a24dbfe000000002803e89c,1780806387000,你后代都是要送外卖的,e0030f536d899a60,浅*,1,0,,广东,1787487504328
14,complete,GK2026D1,6a24d5cd000000003502b68d,6a24f2f5000000002a02e327,,1780806389000,这些都是高考筛选的一个环节吧,15c467ee237a0e25,丘*,0,0,,四川,1787486898397
14,complete,GK2026D1,6a24d5cd000000003502b68d,6a24f308000000002803ee4b,,1780806409000,我说话难听算了,8461b7bb55201f3d,沐***李,0,0,,云南,1787486898396
14,complete,GK2026D1,6a24d5cd000000003502b68d,6a24f30d00000000280337f8,,1780806414000,这孩子真棒直接去八宝山,9efd321d07660f4e,馄*,0,0,,北京,1787486898395
14,complete,GK2026D1,6a24d5cd000000003502b68d,6a24f30d000000002a004e58,,1780806414000,这么重要的考试，又是找不到身份证，又是走错考场，又是迟到的，真的不如去送外卖。,7a79cfe2e0862ab8,福***呀,0,0,,江苏,1787486898395
14,complete,GK2026D1,6a24d5cd000000003502b68d,6a24f319000000002701c617,,1780806426000,别浪费时间了，早点去进厂吧，反正早晚都要去,9bc67268722c389a,m***o,0,0,,湖南,1787486898394
14,complete,GK2026D1,6a24d5cd000000003502b68d,6a24f32a000000002b0033bb,,1780806443000,长脑子干嘛的,b154786633343c45,阿*,0,0,,北京,1787488179992
14,complete,GK2026D1,6a24d5cd000000003502b68d,6a24f32d000000002803a652,,1780806445000,能不能直接送回家啊？这种送去工地建的房子出来都是危房，送去送外卖都是餐餐丢的选手,1aa22d8426d724be,厌*,0,0,,江苏,1787486898394
14,complete,GK2026D1,6a24d5cd000000003502b68d,6a24f33b0000000028036e71,,1780806459000,可以这样的话大家都别带了，直接排队办证明[偷笑R],8af9adf120c6d766,见***喜,0,0,,北京,1787486898393
14,complete,GK2026D1,6a24d5cd000000003502b68d,6a24f378000000002701dd5d,,1780806521000,每年都有这种人,ec61681e39636b93,微***8,0,0,,上海,1787486898392
14,complete,GK2026D1,6a24d5cd000000003502b68d,6a24f37a000000002702f1d3,,1780806523000,新闻年年有，年年不新鲜[捂脸R],fa6ed3b9b2a0fdd9,M***i,0,0,,广西,1787486898391
14,complete,GK2026D1,6a24d5cd000000003502b68d,6a24f389000000002701e1cb,,1780806537000,年年都有,a637989f49cd603f,小***鱼,0,0,,广西,1787486898390
14,complete,GK2026D1,6a24d5cd000000003502b68d,6a24f395000000002803bfdd,,1780806549000,身份证忘带了，户籍证明会带？,dc5b91977d54bfdb,平***f,0,0,,江西,1787486881713
14,complete,GK2026D1,6a24d5cd000000003502b68d,6a24f399000000002903691a,,1780806553000,《突然间找不到》好一个突然啊,0ea7ba32e54f7a44,乌*,1,0,,上海,1787486881713
14,complete,GK2026D1,6a24d5cd000000003502b68d,6a24f3e9000000002901bb40,,1780806634000,为啥忘记带呢我不是很明白 不都是提前收拾好检查一遍又一遍都放在同一个文具袋里面吗,793d2cb8d2620096,超***火,0,0,,山东,1787486881712
14,complete,GK2026D1,6a24d5cd000000003502b68d,6a24f3eb000000002900d893,,1780806636000,忘记带准考证，身份证，走错考场的，除了突发意外事件不说，说白了全是没把高考放心上的，这么重要的事情，不提前做好准备，不提前规划好到考场的路线。,6e6965391ac1d4e0,璀*,0,0,,广西,1787486881711
14,complete,GK2026D1,6a24d5cd000000003502b68d,6a24f3ff0000000029037ad6,,1780806655000,其实我很好奇，为什么不提前出门，提前反复检查？我们当年从来没听过有这种事情,dbe62c87fbef0045,古*,0,0,,浙江,1787486881710
14,complete,GK2026D1,6a24d5cd000000003502b68d,6a24f401000000002800a617,,1780806657000,年年都这样,7957f0d9fe2d816c,C***啡,0,0,,河北,1787486881710
14,complete,GK2026D1,6a24d5cd000000003502b68d,6a24f408000000002b0283fd,,1780806665000,看衣服和树叶，不知道是哪一年的，反正是每年都是这个时候考，也不知道是哪年的事儿。,27a182253cf3fd40,阿*,0,0,,山东,1787486881709
14,complete,GK2026D1,6a24d5cd000000003502b68d,6a24f40d000000002702d73c,,1780806670000,老节目,e95b2e15006ab1d1,p***2,0,0,,江苏,1787486881708
14,complete,GK2026D1,6a24d5cd000000003502b68d,6a24f413000000002b0244a7,,1780806676000,别考了，浪费时间，抓紧进厂吧，不然进厂名额都轮不到了,0d77e52383f865f4,Z***u,0,0,,湖南,1787486881707
14,complete,GK2026D1,6a24d5cd000000003502b68d,6a24f418000000002a02d922,6a24f2990000000029026215,1780806680000,哈哈哈,c1e8371402ee23b1,有*,0,0,,广西,1787485493979
14,complete,GK2026D1,6a24d5cd000000003502b68d,6a24f423000000002702dbfc,,1780806691000,别浪费警力好嘛，,f675df4446812a1a,小*,0,0,,重庆,1787487994423
14,complete,GK2026D1,6a24d5cd000000003502b68d,6a24f4240000000027014422,,1780806693000,每年都在范同样的错误，就不能提前准备起吗,3457d2fb5f79848d,＜***%,0,0,,四川,1787486881706
14,complete,GK2026D1,6a24d5cd000000003502b68d,6a24f429000000002701caef,,1780806697000,就不要浪费人力物力，这种人能干什么,687a8b4cfa3186ef,木*,0,0,,福建,1787487994422
14,complete,GK2026D1,6a24d5cd000000003502b68d,6a24f42b00000000290342b2,,1780806699000,这种就压根不是去考试的[偷笑R],12028ff4034302d5,筑***黄,0,0,,山东,1787486846192
14,complete,GK2026D1,6a24d5cd000000003502b68d,6a24f42c000000002b002180,,1780806701000,要不明年再考吧，自己不做准备，就已经输了,ff3c69870fab8bfd,土*,0,0,,辽宁,1787486846191
14,complete,GK2026D1,6a24d5cd000000003502b68d,6a24f44a0000000027023946,,1780806731000,上战场忘带枪，已经提前淘汰了,a2c6d26b942b0152,鹤***渚,0,0,,陕西,1787486846190
14,complete,GK2026D1,6a24d5cd000000003502b68d,6a24f44b000000002900f272,,1780806732000,高考忘带身份证，忘带准考证的，来工地报道,d5d5c57c1a87cf2d,w***兽,0,0,,广西,1787486846190
14,complete,GK2026D1,6a24d5cd000000003502b68d,6a24f4530000000027023b12,,1780806739000,每年这个时候各地交警都是最有流量的,1efb33731b05630b,小***8,0,0,,陕西,1787486846189
14,complete,GK2026D1,6a24d5cd000000003502b68d,6a24f46f000000002702013a,6a24e6cd0000000029035c90,1780806767000,还有。。。在一瞬间有一百万个可能。。。,1efb33731b05630b,小***8,0,0,,陕西,1787487134637
14,complete,GK2026D1,6a24d5cd000000003502b68d,6a24f46f000000002900fb90,,1780806767000,666恭喜一堆预言家预言成功   又到了张韶涵最忙的时间。。。,15d3b9ec6a1fe5cb,唯***浅,0,0,,江苏,1787487994422
14,complete,GK2026D1,6a24d5cd000000003502b68d,6a24f47200000000270157d5,,1780806771000,送外卖去吧,a463f418453d9f8b,侯***),298,61,,广东,1787487168194
14,complete,GK2026D1,6a24d5cd000000003502b68d,6a24f477000000002b002fdc,,1780806775000,年年必备节目，迟起的家，记错考场的娃，忘带东西的他，看着的愤怒的大家,95aae6bf6d303d7f,躺*,1,0,,广东,1787486846188
14,complete,GK2026D1,6a24d5cd000000003502b68d,6a24f47e000000002701e270,,1780806783000,那年都有缺根筋的！家长前一天晚上不得再三检查个好几遍吗？,4add4184379e2cd3,R***a,0,0,,江苏,1787487994421
14,complete,GK2026D1,6a24d5cd000000003502b68d,6a24f49a000000002702f5cb,,1780806811000,费那是干嘛，去办健康证吧,bdd30ea4308a470b,试***试,2,0,,江苏,1787486846187
14,complete,GK2026D1,6a24d5cd000000003502b68d,6a24f49e000000002803802b,,1780806815000,高考都能忘记身份证的就理应被淘汰，根本就不该给予他们这种服务。人生大事尚如此对待，未来真到重要岗位也不会靠谱。,c70466af437b7406,H***a,2,0,,北京,1787486846187
14,complete,GK2026D1,6a24d5cd000000003502b68d,6a24f4b0000000002b003b47,,1780806833000,考个屁，加紧时候跑外买，争取做个单王,bdb002ebdbfc3a46,良***哥,0,0,,广东,1787487994421
14,complete,GK2026D1,6a24d5cd000000003502b68d,6a24f4b3000000002b026138,,1780806835000,[doge]以后送塔斯汀记得别忘拿我的可乐就行,3045f4498b987102,寂***.,0,0,,上海,1787486846186
14,complete,GK2026D1,6a24d5cd000000003502b68d,6a24f4bb0000000029019ee1,,1780806843000,别浪费社会资源了[doge]早点进场,03f703cf7d0e1e21,蚂***树,0,0,,广东,1787487994420
14,complete,GK2026D1,6a24d5cd000000003502b68d,6a24f4bc000000002900ceb9,,1780806844000,怎么会忘记带啊，不能理解[捂脸R],c4beed4957c05d4f,幸***在,16,5,,四川,1787486846185
14,complete,GK2026D1,6a24d5cd000000003502b68d,6a24f4bd0000000029035e2f,,1780806846000,我真的很好奇，这种重大考试为什么提前一个晚上都不准备好？,e4a1c9319af4c951,只***o,0,0,,福建,1787486829358
14,complete,GK2026D1,6a24d5cd000000003502b68d,6a24f4c30000000027016d5e,,1780806852000,每当我悲伤股,647063266a81dbb5,:*,0,0,,河南,1787486829357
14,complete,GK2026D1,6a24d5cd000000003502b68d,6a24f4c600000000290245bf,,1780806854000,出门才找身份证？这种人提早被淘汰不是挺好的嘛[doge][doge],d15680d2c474bba6,加***戴,0,0,,上海,1787487994419
14,complete,GK2026D1,6a24d5cd000000003502b68d,6a24f4d30000000029036218,,1780806868000,切,c181ef7a18c06f27,大***迹,0,0,,山东,1787486829356
14,complete,GK2026D1,6a24d5cd000000003502b68d,6a24f4e8000000002900dafc,,1780806889000,不是得提前把所有的需要的东西都放一个袋里，这咋还找不到了,ae0a1b4a10c0036e,嘻*,0,0,,河南,1787486829356
14,complete,GK2026D1,6a24d5cd000000003502b68d,6a24f4f2000000002702ca39,6a24f47200000000270157d5,1780806899000,送外卖也需要脑子的，我看过一个采访，也是计算好挣得多，弄不好还得赔钱呢,e02ec1ca177698f0,果*,46,0,,海南,1787487199833
14,complete,GK2026D1,6a24d5cd000000003502b68d,6a24f50c000000002803e791,6a24f2f0000000002b028e1e,1780806925000,[捂脸R][斜眼R],b174084a960e0ad8,风***年,0,0,,湖南,1787487151389
14,complete,GK2026D1,6a24d5cd000000003502b68d,6a24f50e000000002800a5fb,,1780806927000,为什么每年都有这种蠢人[捂脸R],5285d32fc97457bc,y***n,0,0,,广西,1787488179992
14,complete,GK2026D1,6a24d5cd000000003502b68d,6a24f512000000002b02b2a3,,1780806931000,送外卖去啊，还办什么身份证,63835b690830bb23,柒*,0,0,,浙江,1787486829355
14,complete,GK2026D1,6a24d5cd000000003502b68d,6a24f51a000000002800a8cd,6a24f47200000000270157d5,1780806939000,这种送外卖也会忘记取餐,3044b65b9463037b,失***蕉,33,0,,广东,1787487201569
14,complete,GK2026D1,6a24d5cd000000003502b68d,6a24f520000000002701443c,6a24f47200000000270157d5,1780806945000,送工地,b9c21ef5b3bf825b,蓉***人,6,0,,湖南,1787487201571
14,complete,GK2026D1,6a24d5cd000000003502b68d,6a24f52c000000002a02cc7f,,1780806956000,我记得我考的时候 前一天晚上再三检查好要带的东西放到书包里 父亲要上班 前一天晚上还带我走了两次去孝场的路,aafaa393b7d2ec07,吃***众,0,0,,广西,1787486829355
14,complete,GK2026D1,6a24d5cd000000003502b68d,6a24f53b000000002a0267ef,,1780806972000,98%的人都没问题，说明什么……,e0ae46d34cb15b2b,蹦***起,0,0,,湖北,1787486829354
14,complete,GK2026D1,6a24d5cd000000003502b68d,6a24f53f000000002b02787c,,1780806975000,这种家长孩子真的普遍，中考填志愿的最后一天，家长群还有家长在问怎么登录怎么填写的[汗颜R],16eaaba4f1a4a00d,茶***子,0,0,,广东,1787486829353
14,complete,GK2026D1,6a24d5cd000000003502b68d,6a24f53f000000002a02d055,,1780806976000,这是不想考试，但又不好说吧[笑哭R],f22cab0fd0b790e1,沐*,0,0,,重庆,1787486829354
14,complete,GK2026D1,6a24d5cd000000003502b68d,6a24f540000000002b02bab1,,1780806976000,[石化R]头一天晚上放在背包里不行吗,de443a60b9cc80f4,*,0,0,,湖南,1787486829351
14,complete,GK2026D1,6a24d5cd000000003502b68d,6a24f547000000002902c74c,,1780806983000,不理解这些走错考场，丢了准考证，忘带身份证，穿不合格衣服的这些玩意[微笑R]这种人生大事我从小到大都是诚惶诚恐的对待的，生怕出一丝错，会反复自查。。。。。。我身边就算是成绩不好的也很难出这些错,7f40bbbf4b6b88e1,橘***🍊,0,0,,湖南,1787487994418
14,complete,GK2026D1,6a24d5cd000000003502b68d,6a24f54800000000280376ef,,1780806984000,那么牛逼的人脸识别技术，这个时候应该启用了,f9aae1cb6bedef8a,听***史,0,5,,陕西,1787486796086
14,complete,GK2026D1,6a24d5cd000000003502b68d,6a24f54e000000002803aac4,,1780806990000,每年都有这些浪费公共资源的，真不知道脑子是干吗用的,8524539714acef04,萝***林,1,0,,甘肃,1787488179991
14,complete,GK2026D1,6a24d5cd000000003502b68d,6a24f55a000000002a032c6f,,1780807002000,不带身份证的，不带准考证的，走错考场的，迟到的，还考它干嘛，浪费时间。,fc6dcafc95a7a769,饭***范,0,0,,河南,1787487994417
14,complete,GK2026D1,6a24d5cd000000003502b68d,6a24f56200000000290132a8,6a24f4bc000000002900ceb9,1780807010000,这个很简单不想考对高考没什么把握,ce01ec31abeb7ed1,到***止,4,0,,福建,1787486861194
14,complete,GK2026D1,6a24d5cd000000003502b68d,6a24f579000000002b002155,,1780807034000,证件到了人没到咋整,773cdea6af0f022e,走***过,0,0,,黑龙江,1787486796086
14,complete,GK2026D1,6a24d5cd000000003502b68d,6a24f586000000002a03348f,6a24f47200000000270157d5,1780807047000,送外卖忘记送货地址[偷笑R],c8162a956856d301,我***翻,2,0,,西藏,1787487201572
14,complete,GK2026D1,6a24d5cd000000003502b68d,6a24f58a000000002a02762e,6a24f47200000000270157d5,1780807051000,？？？,6ac6d17abf5398e7,喵***💜,2,0,,上海,1787487201573
14,complete,GK2026D1,6a24d5cd000000003502b68d,6a24f58d000000002902d312,,1780807054000,还能忘点啥,984f8e97f8e3c112,M*,0,0,,吉林,1787486796085
14,complete,GK2026D1,6a24d5cd000000003502b68d,6a24f590000000002902675d,,1780807056000,头天晚上就把该准备的准备好放一起 睡觉前还要再检查一下,cb7173903825de6b,遠***台,0,0,,广东,1787486796085
14,complete,GK2026D1,6a24d5cd000000003502b68d,6a24f593000000002701e76a,,1780807059000,干啥吃的么？怎么每年都有这样的人[生气R],36a6e18212808b31,虎***哈,1,0,,陕西,1787487977434
14,complete,GK2026D1,6a24d5cd000000003502b68d,6a24f5a4000000002a0339c8,,1780807077000,唉,6ac6d17abf5398e7,喵***💜,0,0,,上海,1787486796084
14,complete,GK2026D1,6a24d5cd000000003502b68d,6a24f5b4000000002702835f,,1780807093000,这么胖的警察嘛[汗颜R],0acebfb76639772f,栋*,0,0,,广东,1787486796084
14,complete,GK2026D1,6a24d5cd000000003502b68d,6a24f5b6000000002b002c6a,,1780807094000,美团是否说这种情况第一时间换衣服入职[doge],18c05e37b70f67e7,多*,1,0,,新疆,1787486796083
14,complete,GK2026D1,6a24d5cd000000003502b68d,6a24f5b70000000028031403,6a24f2990000000029026215,1780807096000,[笑哭R],1a3a27db761ce6b8,易***介,0,0,,河北,1787485495581
14,complete,GK2026D1,6a24d5cd000000003502b68d,6a24f5be000000002902dafe,,1780807102000,怎么会突然找不到呢，也是很神奇，前一天不准备好吗,39b6eb0e649b2b21,说***枝,0,0,,安徽,1787486796083
14,complete,GK2026D1,6a24d5cd000000003502b68d,6a24f5d10000000029035214,6a24f520000000002701443c,1780807121000,工地也要本科毕业生了，你不要认为工地什么垃圾都收[捂脸R],0eeefec907721017,w***y,0,0,,云南,1787487336103
14,complete,GK2026D1,6a24d5cd000000003502b68d,6a24f5d40000000028038beb,6a24f54800000000280376ef,1780807125000,双胞胎能不能识别出来？,1a3a27db761ce6b8,易***介,0,0,,河北,1787486812706
14,complete,GK2026D1,6a24d5cd000000003502b68d,6a24f5d60000000029035304,6a24f47200000000270157d5,1780807126000,不行啊送外卖也要身份证的,dc3a988a65c6b8eb,茉***茶,5,0,,上海,1787487201573
14,complete,GK2026D1,6a24d5cd000000003502b68d,6a24f5e100000000290111d0,6a24f54800000000280376ef,1780807137000,不是杠，纯好奇,1a3a27db761ce6b8,易***介,0,0,,河北,1787486811095
14,complete,GK2026D1,6a24d5cd000000003502b68d,6a24f5e1000000002b0034c4,,1780807137000,去考试必带的就是会忘记,5512c90b2c9e003b,诗***方,0,0,,广东,1787486796082
14,complete,GK2026D1,6a24d5cd000000003502b68d,6a24f5e80000000028009d60,,1780807145000,送外卖估计都送不明白,3e81ff9ebdd53f4b,D***f,0,0,,北京,1787487977433
14,complete,GK2026D1,6a24d5cd000000003502b68d,6a24f5eb000000002701fd84,,1780807148000,赶紧让他去美团报道啊，等啥呢,c721eef66fd953aa,G***t,0,0,,浙江,1787486796080
14,complete,GK2026D1,6a24d5cd000000003502b68d,6a24f5ed0000000027021a05,,1780807149000,@再也不熬夜了,2351fca4001570a3,我***点,0,0,,安徽,1787488179990
14,complete,GK2026D1,6a24d5cd000000003502b68d,6a24f5f4000000002702c8bd,6a24f4f2000000002702ca39,1780807156000,哈哈哈,a463f418453d9f8b,侯***),0,0,,广东,1787487218504
14,complete,GK2026D1,6a24d5cd000000003502b68d,6a24f614000000002702cfd0,6a24f58a000000002a02762e,1780807188000,你少了一个竞争对手[大笑R],a463f418453d9f8b,侯***),0,0,,广东,1787487218505
14,complete,GK2026D1,6a24d5cd000000003502b68d,6a24f623000000002b02a447,,1780807204000,家长心真大,214b432a428bb5ed,埃***梦,0,0,,浙江,1787487977432
14,complete,GK2026D1,6a24d5cd000000003502b68d,6a24f62900000000290242f9,6a24f47200000000270157d5,1780807210000,应该不行，会把电瓶车丢了,2cfea5e6034f2291,占***愚,0,0,,江苏,1787487218506
14,complete,GK2026D1,6a24d5cd000000003502b68d,6a24f62b000000002702d5fc,,1780807212000,真的服   身份证前一天肯定要准备好 如果掉了也赶紧补   什么人都有～,768fa730241ee85e,只***菜,0,0,,浙江,1787486779281
14,complete,GK2026D1,6a24d5cd000000003502b68d,6a24f632000000002b026594,,1780807219000,一个字我都不信,25e6ce147fb486a3,万***表,0,0,,上海,1787486779280
14,complete,GK2026D1,6a24d5cd000000003502b68d,6a24f63b0000000029012617,,1780807227000,参加一下就行，参不参加都行[捂脸R],41f2139925e757a5,川***人,0,0,,四川,1787486779280
14,complete,GK2026D1,6a24d5cd000000003502b68d,6a24f655000000002800b6c4,,1780807253000,服了。忽然找不到了[doge][doge][doge],2d6b2b474df29514,袖***李,0,0,,陕西,1787486779279
14,complete,GK2026D1,6a24d5cd000000003502b68d,6a24f656000000002900f625,,1780807254000,别考了，考了也是白搭,da691b060f907cf5,塔***木,0,0,,四川,1787486779278
14,complete,GK2026D1,6a24d5cd000000003502b68d,6a24f659000000002a02c245,,1780807257000,这种可以直接录取,1346582dcbdd84bc,无***手,0,0,,广西,1787486779277
14,complete,GK2026D1,6a24d5cd000000003502b68d,6a24f67100000000290133d8,,1780807282000,这不送外卖去送快递，还干嘛，考什么考,c8b07d2bd31e65e1,K***舍,0,0,,江西,1787487977431
14,complete,GK2026D1,6a24d5cd000000003502b68d,6a24f673000000002a02c785,,1780807284000,这都能找不到？考前，前两天不是应该准备好，放好吗？送外卖去得了,58279cdfe6e6e0fd,悦***✨,0,0,,云南,1787487977431
14,complete,GK2026D1,6a24d5cd000000003502b68d,6a24f677000000002803b2ef,6a24f47200000000270157d5,1780807287000,没身份证办不了健康证啊,73c0dbfbaa0cb839,G***h,0,0,,广东,1787487218507
14,complete,GK2026D1,6a24d5cd000000003502b68d,6a24f680000000002702b4f8,,1780807296000,[笑哭R],d1a4dacab99c0ad2,凤***院,0,0,,广东,1787486779277
14,complete,GK2026D1,6a24d5cd000000003502b68d,6a24f688000000002701e5d1,6a24db0b000000002702fb77,1780807304000,林子大了什么鸟都有,ed6142a4110c8d15,m***o,1,0,,上海,1787487184826
14,complete,GK2026D1,6a24d5cd000000003502b68d,6a24f68d000000002b0012a3,,1780807309000,像这种，不用考了,e94f5d534bf91c7f,孤***者,0,0,,广东,1787486779276
14,complete,GK2026D1,6a24d5cd000000003502b68d,6a24f6a0000000002900c829,,1780807328000,真的算了 这样的,2360098c3de847e0,乘***表,0,0,,浙江,1787486779275
14,complete,GK2026D1,6a24d5cd000000003502b68d,6a24f6a60000000028030a30,,1780807335000,啥意思，这个业务的意思是不带也没关系[笑哭R],62847b2d975403f3,傅*,0,0,,北京,1787486779274
14,complete,GK2026D1,6a24d5cd000000003502b68d,6a24f6c6000000002803daa8,,1780807367000,别浪费警察了，这种还考什么呀,ec0966f53944d54e,朵***虫,0,0,,重庆,1787487977430
14,complete,GK2026D1,6a24d5cd000000003502b68d,6a24f6d0000000002900d4a0,,1780807376000,每年固定npc。。。,b740fd1f5e1efa77,S***🐚,0,0,,安徽,1787486762263
14,complete,GK2026D1,6a24d5cd000000003502b68d,6a24f6d500000000290181ef,,1780807382000,你忘了带身份证🎩叔叔会帮你拿，下次我点华莱士你敢迟到我的准时宝跟差评可不会跟你开玩笑[偷笑R],e5151c36c2040932,小***8,0,0,,广东,1787486762263
14,complete,GK2026D1,6a24d5cd000000003502b68d,6a24f6da00000000280316fd,,1780807387000,"大国风顺，国家保障，警车护航，社会让行，孩子考场挥洒青春，一切都是最美好的样子！[加油R][加油R][加油R][加油R][加油R][加油R]
少年强则国强。祝所有考生笔尖生辉，下笔皆是心之所向；金榜题名，奔赴未来星辰大海！[烟花R][烟花R][烟花R]",1124c89222e74fa2,东*,0,0,,江苏,1787486762262
14,complete,GK2026D1,6a24d5cd000000003502b68d,6a24f6e4000000002803e2b2,,1780807396000,真重要的事情都忘记带身份证，还考什么？,f0f1506f6d1f27f6,至***z,0,0,,山东,1787486762261
14,complete,GK2026D1,6a24d5cd000000003502b68d,6a24f6ee000000002b002446,,1780807406000,昨天接到通知，明天开始高考，如果有事必须上报，统一编辑发布,d3ebac9292331a23,光***月,0,0,,江西,1787486762261
14,complete,GK2026D1,6a24d5cd000000003502b68d,6a24f7050000000029011876,,1780807429000,惯了这些人的毛病。,3bc83984734b6e0b,奔***灞,0,0,,广东,1787488179989
14,complete,GK2026D1,6a24d5cd000000003502b68d,6a24f708000000002b028dda,,1780807432000,为什么不提前放好,08ab870352ee2b59,*,0,0,,浙江,1787486762260
14,complete,GK2026D1,6a24d5cd000000003502b68d,6a24f70c0000000029018d5b,,1780807437000,怎么每年都有心这么大的学生啊,e8bfb99f4188e462,童***帐,0,0,,浙江,1787487977429
14,complete,GK2026D1,6a24d5cd000000003502b68d,6a24f721000000002a02e489,,1780807457000,别浪费公共资源了,aaf032d63079539c,咚***咚,0,0,,上海,1787487977429
14,complete,GK2026D1,6a24d5cd000000003502b68d,6a24f727000000002900ecbc,,1780807464000,咋不把头忘在家里,4bc816137a551c3d,专***瓜,0,0,,江苏,1787487977428
14,complete,GK2026D1,6a24d5cd000000003502b68d,6a24f72c000000002b025352,6a24f47200000000270157d5,1780807468000,别啊，万一忘记给我取餐了，到我家门口发现只带了筷子，那我吃啥[笑哭R],da207f1c335e77b3,短***加,0,0,,山东,1787487218508
14,complete,GK2026D1,6a24d5cd000000003502b68d,6a24f73c000000002900f1fa,6a24f47200000000270157d5,1780807484000,他送外卖也找不到路,d3c0fc316f94f80b,诺***舟,0,0,,四川,1787487235127
14,complete,GK2026D1,6a24d5cd000000003502b68d,6a24f76d000000002803ad97,,1780807534000,这种娃能考多少分？300能吗，我觉得他是不想参加高考,f46435e3eab02171,小***2,0,0,,广东,1787486762260
14,complete,GK2026D1,6a24d5cd000000003502b68d,6a24f76f000000002a02f18d,6a24f5d40000000028038beb,1780807536000,识别不出来。,f9b8eaa13e5e86d8,王***官,0,0,,江苏,1787486812703
14,complete,GK2026D1,6a24d5cd000000003502b68d,6a24f78d000000002a0253c2,,1780807566000,“突然间找不到了”,f713a748500756e4,小***3,0,0,,河北,1787486762259
14,complete,GK2026D1,6a24d5cd000000003502b68d,6a24f79c000000002803cfc9,,1780807580000,别考了[偷笑R],244b40678925f5ed,m***o,0,0,,浙江,1787486762258
14,complete,GK2026D1,6a24d5cd000000003502b68d,6a24f7a3000000002b00057e,,1780807588000,你忘了带身份证🎩会帮你拿，下次我点华莱士你迟到我的准时宝跟差评可不会跟你开玩笑[偷笑R],e5151c36c2040932,小***8,1,0,,广东,1787487977426
14,complete,GK2026D1,6a24d5cd000000003502b68d,6a24f7b7000000002902ef42,,1780807607000,这种还考啥啊。人生这么重要的考试还出门发现不见了,ccd35a86fcc4653f,淼***起,0,0,,浙江,1787486762257
14,complete,GK2026D1,6a24d5cd000000003502b68d,6a24f7ca00000000280386f4,,1780807626000,为什么每年都有，丢东西的！[石化R],fd171e862497fd67,波*,0,0,,辽宁,1787486728236
14,complete,GK2026D1,6a24d5cd000000003502b68d,6a24f7d6000000002900d677,,1780807638000,直接送厂里,ec8ddb2a0e382fb8,小***记,0,0,,天津,1787486728235
14,complete,GK2026D1,6a24d5cd000000003502b68d,6a24f7df00000000290110c7,,1780807647000,送外卖去吧,ec8ddb2a0e382fb8,小***记,0,0,,天津,1787486728234
14,complete,GK2026D1,6a24d5cd000000003502b68d,6a24f7e2000000002803630d,,1780807651000,。。。前一天竟然不放好的……,601b9b747bfc1cf8,去***击,0,0,,上海,1787486728234
14,complete,GK2026D1,6a24d5cd000000003502b68d,6a24f7e4000000002701f639,,1780807652000,准考证到手了，为啥不把证件都放一起，备齐,ee65729653e6ae1c,离***草,0,0,,广东,1787486728233
14,complete,GK2026D1,6a24d5cd000000003502b68d,6a24f80300000000270142cc,,1780807684000,这都能忘，那还考什么,005eae308176d00b,米*,0,0,,安徽,1787487960710
14,complete,GK2026D1,6a24d5cd000000003502b68d,6a24f809000000002702204f,6a24f47200000000270157d5,1780807689000,外卖员赚钱多的都是脑子好使的！,b4a9c462d36456a5,举***子,1,0,,安徽,1787487235128
14,complete,GK2026D1,6a24d5cd000000003502b68d,6a24f815000000002902c11a,,1780807701000,其实已经被淘汰了,731df419c879e9ad,一***橘,0,0,,上海,1787486728233
14,complete,GK2026D1,6a24d5cd000000003502b68d,6a24f826000000002902c4a3,,1780807718000,得伺候成啥样啊[微笑R][微笑R][微笑R][微笑R][微笑R][微笑R][微笑R][微笑R],9b2eb482be5af025,m***o,1,0,,山东,1787486728232
14,complete,GK2026D1,6a24d5cd000000003502b68d,6a24f826000000002b02459f,,1780807719000,这样都不记得，直接保送美团外卖,d0ece640a1a654ea,🐷***兽,4,2,,广东,1787486728231
14,complete,GK2026D1,6a24d5cd000000003502b68d,6a24f8360000000029035325,,1780807735000,不应该干涉他们的因果,c12339223b093971,追*,0,0,,湖南,1787486728230
14,complete,GK2026D1,6a24d5cd000000003502b68d,6a24f841000000002a0334d8,,1780807745000,送去工地[亲一个R],34e7a3314ced4dd8,南***千,0,1,,四川,1787486728229
14,complete,GK2026D1,6a24d5cd000000003502b68d,6a24f843000000002701538a,,1780807748000,[笑哭R]这种不是一发准考证就开始准备袋子装好么...,8aeb9e48af3da7cd,R***.,0,0,,广东,1787487960710
14,complete,GK2026D1,6a24d5cd000000003502b68d,6a24f854000000002b002911,6a24f47200000000270157d5,1780807765000,外卖智商不够[失望R]只能搬砖不用思考,440e97b6cd053653,糖***e,1,0,,广东,1787487352886
14,complete,GK2026D1,6a24d5cd000000003502b68d,6a24f855000000002a0078c0,,1780807766000,凭啥要全社会给他们的错误买单,8c238d9988959825,城***光,0,0,,江苏,1787487960709
14,complete,GK2026D1,6a24d5cd000000003502b68d,6a24f85a000000002803ffc3,,1780807770000,不太能理解，这不提前好几天就应该准备好的吗？儿子五号拿回来的准考证，当天就把需要的文具，证件全都装好了！检查过好几次！,9f2c3674cbc05999,辉***代,0,0,,北京,1787487960708
14,complete,GK2026D1,6a24d5cd000000003502b68d,6a24f8600000000028033795,,1780807777000,请尽快去联系美团,cbf78595b72ad1e8,小***人,0,0,,云南,1787486711240
14,complete,GK2026D1,6a24d5cd000000003502b68d,6a24f86c00000000280345ea,,1780807789000,我坐个车都提前一天找出身份证,f14424ae9cd8568d,尺*,0,0,,安徽,1787486711239
14,complete,GK2026D1,6a24d5cd000000003502b68d,6a24f86d000000002a033ca8,,1780807790000,觉得没必要搞那么多服务，自己重要的事自己承担是一种成长，过度兜底反而助长惰性，无法成为担当的人,494797825c39e335,冬***冬,0,0,,广东,1787486711238
14,complete,GK2026D1,6a24d5cd000000003502b68d,6a24f87a0000000029013758,,1780807802000,不是，这事到底大不大啊，头天晚上嘛去了,dbdb1fa1aff2b194,b***基,0,0,,北京,1787486711237
14,complete,GK2026D1,6a24d5cd000000003502b68d,6a24f885000000002803cae4,,1780807814000,浪费警力,c484b83b16a179b9,K***g,0,0,,江苏,1787487960708
14,complete,GK2026D1,6a24d5cd000000003502b68d,6a24f887000000002800803d,,1780807815000,有什么好炫耀的,3b77846437121827,R***l,0,0,,上海,1787487960707
14,complete,GK2026D1,6a24d5cd000000003502b68d,6a24f88b0000000029027f36,,1780807820000,多办一个身份证是有用的，把之前那个挂失,889254ca1ffc093e,星***。,0,0,,山东,1787486711237
14,complete,GK2026D1,6a24d5cd000000003502b68d,6a24f88d000000002803032f,6a24f47200000000270157d5,1780807821000,以后送外卖都送不明白,3f1a8a33a6bcdeef,今***子,0,0,,广西,1787487352887
14,complete,GK2026D1,6a24d5cd000000003502b68d,6a24f8920000000029013d97,6a24f54800000000280376ef,1780807827000,传统的方式已经很便捷安全了，没必要人为增加不必要的开销和风险。,689785452448c757,*,0,0,,广西,1787486812705
14,complete,GK2026D1,6a24d5cd000000003502b68d,6a24f8ae0000000027020a96,,1780807854000,我们当时高考身份证和准考证被学校要求粘贴在一块。那几天考场外必须上交班主任管理，考试前发放,a48a2317c533be36,n***y,0,0,,湖北,1787486711236
14,complete,GK2026D1,6a24d5cd000000003502b68d,6a24f8b7000000002b029d3f,,1780807863000,为什么每年都有这种事,34e579ec9ba1fe89,我***？,0,0,,山东,1787486711236
14,complete,GK2026D1,6a24d5cd000000003502b68d,6a24f8cd00000000270176ae,6a24f5d10000000029035214,1780807885000,没事，有口饭吃，饿不死,b9c21ef5b3bf825b,蓉***人,0,0,,湖南,1787487352887
14,complete,GK2026D1,6a24d5cd000000003502b68d,6a24f8d00000000029019ef0,,1780807888000,总有几个不适合上大学的,32e9eef0db9e290f,M***.,0,0,,浙江,1787486711235
14,complete,GK2026D1,6a24d5cd000000003502b68d,6a24f8d300000000280091a2,,1780807891000,我看孩子考场就设立了近视身份证办理处，挺好的,f74a4383fb384c0e,陌***开,0,0,,山东,1787486711234
14,complete,GK2026D1,6a24d5cd000000003502b68d,6a24f8e1000000002901114f,,1780807905000,身份证：我先躲起来哦,bc6045c59ec12da2,气***昂,0,0,,安徽,1787486711233
14,complete,GK2026D1,6a24d5cd000000003502b68d,6a24f8fa000000002900dde5,6a24f2990000000029026215,1780807930000,没错，以后送外卖都送不明白,3f1a8a33a6bcdeef,今***子,1,0,,广西,1787485495583
14,complete,GK2026D1,6a24d5cd000000003502b68d,6a24f8fb00000000290117e3,6a24f520000000002701443c,1780807932000,工地老板表示不要，忘记带安全头盔赔不起！,4d5b359ae2310d60,阿*,0,0,,广西,1787487235129
14,complete,GK2026D1,6a24d5cd000000003502b68d,6a24f9130000000027029a45,6a24f47200000000270157d5,1780807955000,送外卖会丢外卖[偷笑R],63a010d124fd9d25,A***🤔,0,0,,云南,1787487235130
14,complete,GK2026D1,6a24d5cd000000003502b68d,6a24f91a000000002a025793,,1780807962000,捡瓶子去吧，多劳多得，送外卖容易忘记取餐[偷笑R],7bf37972e6842185,罗***马,0,0,,重庆,1787486677552
14,complete,GK2026D1,6a24d5cd000000003502b68d,6a24f9300000000027014fc1,6a24f8fb00000000290117e3,1780807985000,那送外卖吧,b9c21ef5b3bf825b,蓉***人,0,0,,湖南,1787487235130
14,complete,GK2026D1,6a24d5cd000000003502b68d,6a24f939000000002b02b514,,1780807994000,送外卖吧,1e0e3d06156e3765,O***O,0,0,,广东,1787486677552
14,complete,GK2026D1,6a24d5cd000000003502b68d,6a24f949000000002702daf9,,1780808009000,不带身份证直接拉到网吧算了,7bf51f444036ab41,黄***工,4,3,,四川,1787486677551
14,complete,GK2026D1,6a24d5cd000000003502b68d,6a24f94b000000002701c83c,,1780808012000,明年都有考生出现这种情况，还不如不要参加考试呢。这么重要的东西怎么能忘记呢？这些东西老师早都不知提醒了多少次了，还能忘？明摆着是应付差事,8c2e707ba28bc41e,往***风,0,0,,宁夏,1787487960706
14,complete,GK2026D1,6a24d5cd000000003502b68d,6a24f9520000000029012cdd,,1780808019000,脑子还能找得到不,e6533199d4784430,别***我,0,0,,北京,1787487960705
14,complete,GK2026D1,6a24d5cd000000003502b68d,6a24f954000000002701ca70,,1780808020000,我就不理解，为什么不头一天或者提前把所有东西准备好？还会突然找不到？我那时候高考，我自己早早的把身份证，笔需要到的所有东西装在一个袋子里面～而且跟同一考场的同学还会提前走一遍去考场的路，考试当天都是提前出发，那时候根本没听说过谁谁的身份证找不到了，没带了，谁谁找不到考场了，迟到了～～,0ed0686690c9ac5f,晚***臣,0,0,,广西,1787487960704
14,complete,GK2026D1,6a24d5cd000000003502b68d,6a24f95500000000270235a3,,1780808022000,又来了，每当我悲伤过～[笑哭R],67e78dd5d21b8de4,小***乐,0,0,,广西,1787486677551
14,complete,GK2026D1,6a24d5cd000000003502b68d,6a24f958000000002702decb,,1780808025000,前一晚干嘛去了，都不提前准备好东西,4446726094ddf508,.***.,0,0,,福建,1787487960703
14,complete,GK2026D1,6a24d5cd000000003502b68d,6a24f95d0000000027015b2b,,1780808033000,这是被安排的考生吧,70c91314e63c975f,****💋,0,0,http://sns-webpic-qc.xhscdn.com/202608232004/f166cc308c616d24593311377aeaad9a/comment/1040g2h03213pltqtn0004avmmnphff7b5msf26g!nd_whgt34_webp_wm_1,江苏,1787486677550
14,complete,GK2026D1,6a24d5cd000000003502b68d,6a24f96400000000280347e1,6a24f826000000002b02459f,1780808036000,不可以，会送错餐,b401801a3de9dbdb,Y***Y,0,0,,浙江,1787486743242
14,complete,GK2026D1,6a24d5cd000000003502b68d,6a24f96a000000002a02ccb7,,1780808043000,这种人很难上一本的不信你看,b5f60e241eb3a088,路***苏,0,0,,广东,1787487943844
14,complete,GK2026D1,6a24d5cd000000003502b68d,6a24f975000000002900fe32,6a24f4bc000000002900ceb9,1780808054000,压根就不想进去，给家里一个满意的答复！,4d5b359ae2310d60,阿*,2,0,,广西,1787486863558
14,complete,GK2026D1,6a24d5cd000000003502b68d,6a24f976000000002702e66a,,1780808055000,晒鸠气,43bfa628dd1920a7,张***车,0,0,,广东,1787487943844
14,complete,GK2026D1,6a24d5cd000000003502b68d,6a24f97c000000002b001ac4,,1780808061000,厌蠢症有什么好报到的,1dbe96725fcea0cb,像***由,0,0,,四川,1787488179989
14,complete,GK2026D1,6a24d5cd000000003502b68d,6a24f97e000000002702b631,,1780808062000,直接送厂里吧[笑哭R],67e78dd5d21b8de4,小***乐,0,0,,广西,1787486677550
14,complete,GK2026D1,6a24d5cd000000003502b68d,6a24f97e00000000290137c9,,1780808062000,每年都有这么一群小可爱，这东西不应该提前几天就收拾好都放一起吗,80d8af79ec875c5b,Z***L,0,0,,美国,1787487943843
14,complete,GK2026D1,6a24d5cd000000003502b68d,6a24f97e000000002903513d,,1780808063000,这么重要的事都能忘，说明对这件事不上心,264c227ead7d7061,S***色,0,0,,广东,1787486677549
14,complete,GK2026D1,6a24d5cd000000003502b68d,6a24f98b000000002902cd57,6a24f949000000002702daf9,1780808076000,网吧也是要身份证的，这种网吧都进不去[捂脸R],8b7ca58522813e55,大***哥,0,0,,江苏,1787486692560
14,complete,GK2026D1,6a24d5cd000000003502b68d,6a24f98e000000002803b8f4,6a24f47200000000270157d5,1780808078000,也没岗位了,a1edb51b3ba99b0a,火***人,0,0,,湖南,1787487251736
14,complete,GK2026D1,6a24d5cd000000003502b68d,6a24f990000000002701d88c,,1780808080000,昨天还跟我老公讨论，不明白为什么这么重要的时刻年年有人迟到，年年有人忘记这忘记那，要是我们孩子，我都提前几天对材料，前一晚挂她脖子上[笑哭R]。有人说卡得太严格了，其实这也是一种筛选,722f9ce4ce0b91a2,落***水,53,19,,福建,1787485207902
14,complete,GK2026D1,6a24d5cd000000003502b68d,6a24f99d0000000028030a76,,1780808093000,为什么今年那么多这种还没答题就被淘汰的呢,128ef438c724837a,茶***🍠,1,1,,北京,1787486677548
14,complete,GK2026D1,6a24d5cd000000003502b68d,6a24f9a00000000028008087,,1780808096000,用用心、动动手就能做到的事情[石化R][石化R],2907cb1919f54c7f,*,0,0,,陕西,1787486677547
14,complete,GK2026D1,6a24d5cd000000003502b68d,6a24f9b100000000270282dd,,1780808114000,明天还会有，后天也不会少[doge],82c7371e426ace7b,s***了,0,0,,北京,1787486677546
14,complete,GK2026D1,6a24d5cd000000003502b68d,6a24f9b7000000002b0024b2,,1780808119000,都不提前准备好，检查好放一个袋子？出门前再检查一下，提前三十分钟到现场？,115b5e03dec774a4,。***。,0,0,,福建,1787487943842
14,complete,GK2026D1,6a24d5cd000000003502b68d,6a24f9bb000000002803131a,6a24f841000000002a0334d8,1780808123000,你这是在害工地老板啊，要是他忘记带安全头盔怎么办？,4d5b359ae2310d60,阿*,0,0,,广西,1787486743238
14,complete,GK2026D1,6a24d5cd000000003502b68d,6a24f9c4000000002a02da0f,,1780808133000,本来找了一个理由为自己的失败当借口,60b4bfe9a1f0a9bc,浪***年,0,0,,云南,1787487943842
14,complete,GK2026D1,6a24d5cd000000003502b68d,6a24f9c500000000280089f2,6a24f990000000002701d88c,1780808134000,挂脖子上怎么睡,63b3d040af791304,攒***万,0,0,,北京,1787485377607
14,complete,GK2026D1,6a24d5cd000000003502b68d,6a24f9db000000002803dd5a,6a24f99d0000000028030a76,1780808156000,每年都有,47b7b621e13f221f,千***寻,2,0,,江苏,1787486692557
14,complete,GK2026D1,6a24d5cd000000003502b68d,6a24f9e1000000002b0293fe,,1780808161000,不带身份证，网吧都进不去，送外卖去吧[笑哭R],c02a719793130791,芒***茫,0,0,,广西,1787486660450
14,complete,GK2026D1,6a24d5cd000000003502b68d,6a24f9ec0000000027021cf1,,1780808172000,人家故意找不到了，你们～～～,560f2956d01fb4bb,小***阳,0,0,,宁夏,1787486660449
14,complete,GK2026D1,6a24d5cd000000003502b68d,6a24f9f9000000002701f130,,1780808185000,比较人性化,7d1fc751e7f68ef9,J***n,0,0,,美国,1787486660448
14,complete,GK2026D1,6a24d5cd000000003502b68d,6a24f9fb00000000290116a6,,1780808187000,浪费警力,a90238486ae57635,吉***意,0,0,,江苏,1787487943841
14,complete,GK2026D1,6a24d5cd000000003502b68d,6a24fa0200000000290198a0,,1780808194000,还有一个晚到的   怎么弄了,ca56e41d90e260c9,恩***儿,0,0,,江苏,1787486660448
14,complete,GK2026D1,6a24d5cd000000003502b68d,6a24fa0800000000270147d9,,1780808201000,身份证丢了开户籍证明？我们是公安人员帮忙验证身份后就可以直接进考场。,fdeaff3e320c8c7f,阿***哥,0,0,,云南,1787488179988
14,complete,GK2026D1,6a24d5cd000000003502b68d,6a24fa0d00000000270225ed,,1780808206000,自己的考试，全社会买单，给惯的毛病，20年前警察哪儿有时间管这事儿，自己都不为自己负责，迟到丢东西的，到了社会也干不了啥大事儿,92a9ade3421d406d,火***喵,0,0,,北京,1787487943840
14,complete,GK2026D1,6a24d5cd000000003502b68d,6a24fa2900000000290370fc,,1780808233000,这种人就别让他考上，自己干啥吃的忘这忘那,44592b9510f1838b,清***萄,0,0,,广东,1787487943839
14,complete,GK2026D1,6a24d5cd000000003502b68d,6a24fa32000000002a0311b7,,1780808242000,该 这种人就不应该让他考试，家里人都是干啥的,5ca80a4365af531a,一***民,0,0,,黑龙江,1787487943839
14,complete,GK2026D1,6a24d5cd000000003502b68d,6a24fa37000000002702d7ad,6a24f98b000000002902cd57,1780808247000,现在网吧带个手机，扫脸就能注册,3bed314052f58673,K***n,0,0,,广西,1787486694413
14,complete,GK2026D1,6a24d5cd000000003502b68d,6a24fa39000000002901a328,6a24f614000000002702cfd0,1780808250000,行,6ac6d17abf5398e7,喵***💜,0,0,,浙江,1787487251738
14,complete,GK2026D1,6a24d5cd000000003502b68d,6a24fa3c0000000027023265,,1780808253000,就没有电子的吗[捂脸R][捂脸R],00364bdb2f5c6de1,生***学,0,0,,河北,1787486660447
14,complete,GK2026D1,6a24d5cd000000003502b68d,6a24fa4b000000002803a49f,,1780808268000,这是不想去考，不是找不到了。,e48668335fb3ef84,L***o,1,0,,印度尼西亚,1787486660446
14,complete,GK2026D1,6a24d5cd000000003502b68d,6a24fa58000000002800af1c,,1780808281000,一辈子就这一件事儿。,1833095bb499e5e4,小***6,0,0,,吉林,1787486660446
14,complete,GK2026D1,6a24d5cd000000003502b68d,6a24fa730000000027023f03,6a24f47200000000270157d5,1780808308000,责任心都没有，会不会到客户家发展外卖没拿？,930e66c3bd35bbce,雷***塞,0,0,,北京,1787487352888
14,complete,GK2026D1,6a24d5cd000000003502b68d,6a24fa7e00000000290138f9,6a24f990000000002701d88c,1780808318000,你用什么态度面对人生，生活就以什么态度反馈给你,26d30d71d5668669,小***子,3,0,,北京,1787485377608
14,complete,GK2026D1,6a24d5cd000000003502b68d,6a24fa8c000000002800bc1f,,1780808333000,每年都有那些不爱学习的学生，还老耽误别人时间。提前 3 天还不够你准备的吗？,45bbb2341c4e581f,九*,0,0,,江西,1787487943837
14,complete,GK2026D1,6a24d5cd000000003502b68d,6a24fa9d000000002701d8ea,6a24f47200000000270157d5,1780808350000,最后还是送外卖不用担心,975886dd7ac0f997,m***o,0,0,,广东,1787487251739
14,complete,GK2026D1,6a24d5cd000000003502b68d,6a24faa0000000002b001463,,1780808353000,其实管这些的人们都会嘴里默默的说一声[笑哭R],de3ceacc73c69379,成***敢,0,0,,天津,1787486660445
14,complete,GK2026D1,6a24d5cd000000003502b68d,6a24faab000000002903478e,,1780808363000,每一年都有的[猪头R][猪头R]npc剧情一样,a08e8989dce38375,米***.,0,0,,云南,1787486660444
14,complete,GK2026D1,6a24d5cd000000003502b68d,6a24fab00000000028035e91,,1780808369000,送外卖,b5730297e2f31e06,*,0,0,,河南,1787486660442
14,complete,GK2026D1,6a24d5cd000000003502b68d,6a24fab40000000028008680,,1780808372000,这是几率问题,76dc25534e057062,稀***啦,0,9,,北京,1787487893313
14,complete,GK2026D1,6a24d5cd000000003502b68d,6a24fac5000000002803641f,,1780808390000,工厂在等你,0bffef9aa2588a05,安***m,0,0,,广东,1787486643675
14,complete,GK2026D1,6a24d5cd000000003502b68d,6a24face0000000028036660,,1780808398000,每个考点都有警察，直接现场开临时身份证,59f0bcdc372cd17c,G***y,0,0,,江苏,1787486643674
14,complete,GK2026D1,6a24d5cd000000003502b68d,6a24fad600000000270289f8,,1780808407000,每年固定的表演项目开始了[偷笑R],21d2257f436f2013,C*,1,0,,北京,1787486643673
14,complete,GK2026D1,6a24d5cd000000003502b68d,6a24fad7000000002902d078,,1780808408000,可能我冷血，我觉得这也是一种筛选,a2889cc29e3eac9c,萌***🐽,292,26,,重庆,1787487403661
14,complete,GK2026D1,6a24d5cd000000003502b68d,6a24fada000000000d022c01,,1780808411000,这么重要的日子都能忘这忘那的，那基本人生的第一轮就被淘下来了，我相信三岁看八十,d38cfb7d04109e37,M***o,0,0,,美国,1787486643673
14,complete,GK2026D1,6a24d5cd000000003502b68d,6a24fada0000000027017b8a,,1780808411000,逆天，依旧逆天,bb4931762a36d533,。*,0,0,,福建,1787486643672
14,complete,GK2026D1,6a24d5cd000000003502b68d,6a24fadb000000002b001fd5,,1780808411000,筛选掉就好了,ce1b5b32ba817a2c,雨***尘,0,0,,浙江,1787486643671
14,complete,GK2026D1,6a24d5cd000000003502b68d,6a24fae1000000002a0072a7,,1780808417000,这就是刷人的方式,0a8fec0b19e9691e,A***舟,1,0,,北京,1787486643671
14,complete,GK2026D1,6a24d5cd000000003502b68d,6a24fae50000000029018305,,1780808421000,感觉高考能忘带东西的以后也干不成啥事了,e32b34ed2300ff29,*,0,0,,吉林,1787486643670
14,complete,GK2026D1,6a24d5cd000000003502b68d,6a24fae8000000002900da0e,,1780808425000,这种人怎么有脸浪费公共资源的啊[笑哭R],d7ae1bbe6103ba7b,小***1,0,0,,上海,1787488179987
14,complete,GK2026D1,6a24d5cd000000003502b68d,6a24faf1000000002b0280e2,6a24ee0200000000270238de,1780808433000,对呀，不能什么都依赖父母，自己的事情自己干,854631e4f42e6f2c,小*,0,0,,江西,1787487050078
14,complete,GK2026D1,6a24d5cd000000003502b68d,6a24fb01000000002900dfe5,,1780808450000,机会是留给有准备的人的 ，连个身份证都准备不了，还考啥呀，烤地瓜去吧,08d0cdf3797c4620,小***C,0,0,,甘肃,1787487893313
14,complete,GK2026D1,6a24d5cd000000003502b68d,6a24fb230000000028037ab5,,1780808484000,忘带就别几把考了[汗颜R][汗颜R][汗颜R],f18af2bc8bb64224,T***9,0,0,,湖南,1787487893312
14,complete,GK2026D1,6a24d5cd000000003502b68d,6a24fb27000000002a007fba,,1780808488000,这玩意儿不是提前就应该准备好的东西嘛。,c88afde630c48f13,*,0,0,,河北,1787487893311
14,complete,GK2026D1,6a24d5cd000000003502b68d,6a24fb28000000002a02d537,6a24fad7000000002902d078,1780808488000,确实是筛选,0ee6970f5714e73d,🌞***🌞,23,0,,山东,1787487418670
14,complete,GK2026D1,6a24d5cd000000003502b68d,6a24fb320000000028037dc5,,1780808498000,什么叫突然间找不到[捂脸R][捂脸R][捂脸R]两三天前干嘛去了？都成年人了，要对自己负责，别增添别人的麻烦，别浪费社会资源！,91cf123c61e97fd8,健***✨,1,0,,广东,1787487893311
14,complete,GK2026D1,6a24d5cd000000003502b68d,6a24fb32000000002702a1f3,,1780808499000,家长在家里怎么不提醒一下？,c398b5c16da5aca7,灵***零,0,0,,广东,1787486643669
14,complete,GK2026D1,6a24d5cd000000003502b68d,6a24fb3b000000002a02402e,6a24f2990000000029026215,1780808507000,那他忘不了[笑哭R],0ee6970f5714e73d,🌞***🌞,0,0,,山东,1787485495584
14,complete,GK2026D1,6a24d5cd000000003502b68d,6a24fb4200000000290362da,,1780808514000,金典环节[笑哭R],3ea9a08e26c901b0,星***🐟,0,0,,广东,1787486643668
14,complete,GK2026D1,6a24d5cd000000003502b68d,6a24fb44000000002a02daaa,,1780808517000,这类考生建议用古代那种酷刑，搞个烧红的铁块，把证件信息印在脑门上！,c938e260beb7c8a8,C***模,0,0,,广东,1787486626897
14,complete,GK2026D1,6a24d5cd000000003502b68d,6a24fb55000000002a024472,,1780808533000,这么重要的考试身份证能丢？？？,ecbf2bbb78715ff0,一*,0,0,,广东,1787486626897
14,complete,GK2026D1,6a24d5cd000000003502b68d,6a24fb56000000002a02ddf4,,1780808535000,孩子你记住了考场可以走错，因为警察叔叔能帮你送，但以后送 塔斯汀 的时候 千万别忘记拿可乐，我的差评可不是在跟你开玩笑的,57e2d0d33a6a2bd7,光***城,4,0,,江苏,1787486626896
14,complete,GK2026D1,6a24d5cd000000003502b68d,6a24fb59000000002701c6cc,,1780808537000,社会进步了，以前评论区都是祝福,043b30cd62fe6a36,蓬***),0,0,,贵州,1787486626895
14,complete,GK2026D1,6a24d5cd000000003502b68d,6a24fb65000000002803a738,6a24f47200000000270157d5,1780808549000,别送我的，到了发现外卖没拿那我吃啥,b8a2bafe065d606c,只***劳,1,0,,浙江,1787487352889
14,complete,GK2026D1,6a24d5cd000000003502b68d,6a24fb66000000002701ca27,,1780808551000,希望送外卖的时候，别把外卖弄丢就好了,974cbead47a041a8,跳***u,0,0,,浙江,1787486626895
14,complete,GK2026D1,6a24d5cd000000003502b68d,6a24fb6c0000000027016043,,1780808556000,不是那块料，就别去勉强自己了,775ce9d3e96ba601,P***_,0,0,,重庆,1787486626894
14,complete,GK2026D1,6a24d5cd000000003502b68d,6a24fb72000000002803c1a0,6a24f990000000002701d88c,1780808563000,对,25b1db876ca91648,一***欢,0,0,,安徽,1787485360326
14,complete,GK2026D1,6a24d5cd000000003502b68d,6a24fb790000000029013857,,1780808570000,每年都有这事，估计也考不好了,a2b131894c909865,小***F,0,0,,河南,1787486626894
14,complete,GK2026D1,6a24d5cd000000003502b68d,6a24fb7f000000002900fe05,,1780808575000,这个家长也是太不仔细了,af61807aa8eec3f5,信*,0,0,,河北,1787487893310
14,complete,GK2026D1,6a24d5cd000000003502b68d,6a24fb7f000000002800b826,,1780808576000,这样的考生就算考上了，也狗屁不是,80980ec600f5419e,小***6,0,0,,北京,1787488179986
14,complete,GK2026D1,6a24d5cd000000003502b68d,6a24fb94000000002701d520,6a24f47200000000270157d5,1780808596000,外卖也不收[doge]这种丢三落四的,2e81cbd66fe3a268,🦌***🐉,0,0,,广西,1787487370064
14,complete,GK2026D1,6a24d5cd000000003502b68d,6a24fb9600000000270206a8,,1780808599000,[汗颜R][汗颜R][汗颜R],73eeb24947fc4227,走***国,0,0,,河北,1787486626893
14,complete,GK2026D1,6a24d5cd000000003502b68d,6a24fb9a000000002901a54c,,1780808602000,本来人家是故意的不愿考，奈何热心群众太多，还有忘拿身份证准考证的，非得骑摩托给人家去拿回来。心里有苦说不出来啊[偷笑R][偷笑R],cc8842624f1a3d04,小***D,0,0,,河南,1787487893309
14,complete,GK2026D1,6a24d5cd000000003502b68d,6a24fb9b000000002701d6ea,,1780808603000,真周到[萌萌哒R],97c23b2f76dc62f0,宝***。,0,0,,北京,1787486626892
14,complete,GK2026D1,6a24d5cd000000003502b68d,6a24fba6000000002803ce1f,,1780808615000,不能人脸？还带身份证，互联网这么发达了,951f48b0e1ed2578,小***学,0,0,,广东,1787487893308
14,complete,GK2026D1,6a24d5cd000000003502b68d,6a24fbb0000000002a005c35,,1780808625000,送快递把快递丢了咋整？,f6e6aa76f232faff,m***o,0,0,,新加坡,1787486626891
14,complete,GK2026D1,6a24d5cd000000003502b68d,6a24fbb5000000002803bb41,,1780808629000,突然间就找不到了[笑哭R]好小众的一句话啊,bb53f0d871868345,饿***嘴,0,0,,山东,1787486610183
14,complete,GK2026D1,6a24d5cd000000003502b68d,6a24fbb90000000029010b29,,1780808634000,每次高考都是这样,1f9a29f93c4489cd,H***s,0,0,,广东,1787486610182
14,complete,GK2026D1,6a24d5cd000000003502b68d,6a24fbc10000000028031868,,1780808641000,考不好就有理由说，当时忘带身份证了,05401cc7c8bc727a,嗷***~,0,0,,广东,1787487893308
14,complete,GK2026D1,6a24d5cd000000003502b68d,6a24fbc10000000029010d64,6a24f4bc000000002900ceb9,1780808642000,心大 没有提前准备,da9f0e713dfd7fc7,淡***痕,0,0,,广东,1787486863562
14,complete,GK2026D1,6a24d5cd000000003502b68d,6a24fbc700000000280319e1,,1780808648000,别考了,245de0ef79a21ee5,M***o,0,0,,广东,1787486610181
14,complete,GK2026D1,6a24d5cd000000003502b68d,6a24fbcf0000000028036748,6a24fad7000000002902d078,1780808655000,你说的没错，这么重要的考试，最少也得提前一周吧！把所有的东西准备好，还能前一天找不到了，我天，优胜劣汰吧！以后进入社会了，也是愁人,116473ac9ed86759,苒***g,16,0,,辽宁,1787487420336
14,complete,GK2026D1,6a24d5cd000000003502b68d,6a24fbd3000000002902c1e0,6a24f47200000000270157d5,1780808659000,你是站长你敢要？不怕把人家餐丢了？,05385be95adc59a2,欢***马,0,0,,山西,1787487370066
14,complete,GK2026D1,6a24d5cd000000003502b68d,6a24fbd90000000027017915,,1780808666000,所有东西不应该头天晚上就准备好吗，这种事情都不上心，忘带东西的，走错考场的，年年都有这种志障[微笑R],afaef70a10c5a7cd,m***o,0,0,,江西,1787488163205
14,complete,GK2026D1,6a24d5cd000000003502b68d,6a24fbe20000000028036ca5,6a24fad7000000002902d078,1780808675000,现在真是全方位为考生服务，只需要会写，别的都不是问题[笑哭R],a839b93200bbeed3,好***来,4,0,,湖南,1787487420337
14,complete,GK2026D1,6a24d5cd000000003502b68d,6a24fbe80000000027021cf0,6a24f47200000000270157d5,1780808681000,把外卖弄丢要赔钱的,9c0ef0401f34b792,兄*,0,0,,广东,1787487251740
14,complete,GK2026D1,6a24d5cd000000003502b68d,6a24fbee0000000029025a3b,6a24fad7000000002902d078,1780808686000,就是，考前这样的也没必要考了,f3b5d627e79dc82f,靇*,1,0,,河北,1787487420338
14,complete,GK2026D1,6a24d5cd000000003502b68d,6a24fbf20000000028038a79,,1780808691000,不到你不用着急，反正也是看300分[扶墙R],119e2bed15eda5ca,小***8,0,0,,广东,1787486610180
14,complete,GK2026D1,6a24d5cd000000003502b68d,6a24fc0a0000000029025f2a,,1780808715000,突然间找不到的....谁藏起来的[笑哭R],c209fabe65a33bb1,菲***纳,1,0,,北京,1787486610179
14,complete,GK2026D1,6a24d5cd000000003502b68d,6a24fc130000000028039166,,1780808723000,现在人脸技术可以直接刷脸嘛+指纹🫆。每年都有这种事情发生。,9f25f2b422ee240b,星***车,0,1,,浙江,1787486610178
14,complete,GK2026D1,6a24d5cd000000003502b68d,6a24fc15000000002a006dc2,,1780808725000,每年都有固定的npc出场[捂脸R][捂脸R],75c52875b21c136d,福***哦,0,0,,新疆,1787486610178
14,complete,GK2026D1,6a24d5cd000000003502b68d,6a24fc18000000002a032e67,,1780808728000,怎么每年都有这种,de4b71b25f380ffb,小***a,0,0,,四川,1787486610177
14,complete,GK2026D1,6a24d5cd000000003502b68d,6a24fc29000000002902d230,6a24f990000000002701d88c,1780808746000,刚刷到一个迟到的，不理解啊，这个重要的时刻怎么能迟到，除非自己不想考了,74c6ea07c026ffa8,朱*,0,0,,天津,1787485395081
14,complete,GK2026D1,6a24d5cd000000003502b68d,6a24fc2b000000002702a611,,1780808747000,我们高考前三个月，班主任就每天都问有没有人身份证要到期了，有就要请假去办理，有时候科任老师也会提醒，父母也会提醒，本人也要重视,724f4cca573ea5f5,M***O,0,0,,广东,1787486610176
14,complete,GK2026D1,6a24d5cd000000003502b68d,6a24fc3a000000002702d27b,,1780808762000,送去外卖站，领先同学4年得了,a51f9288cb180747,一*,0,0,,浙江,1787486610175
14,complete,GK2026D1,6a24d5cd000000003502b68d,6a24fc3a000000002b001fe7,,1780808762000,凡事要按规定办，否则要规定干啥，没带身份证就拒绝入内没毛病，面对这样的人生大事都马虎不当回事这样的人应该有个刻骨铭心的教训,1d17fa062bafbe1a,小***4,0,0,,内蒙古,1787486576130
14,complete,GK2026D1,6a24d5cd000000003502b68d,6a24fc46000000002b0284cb,,1780808774000,每年都有几个卧龙凤雏，不是迟到就去忘带身份证准考证，高考这么大的事都不认真对待[鄙视R],35bfee7d9672fb3e,巴***量,0,0,,河南,1787487893306
14,complete,GK2026D1,6a24d5cd000000003502b68d,6a24fc46000000002a0337fe,,1780808775000,刷全了，跑错的，迟到的，没带证件的[doge],8bcbf7c5e83ac3c7,斯***虎,0,0,,江苏,1787486576129
14,complete,GK2026D1,6a24d5cd000000003502b68d,6a24fc63000000002702b465,,1780808803000,都知道重要了，提前准备好都放一个透明袋里，指定放在一个显眼的地方。他会找不到？,ceec658a206e84f3,m***o,0,0,,广东,1787487876510
14,complete,GK2026D1,6a24d5cd000000003502b68d,6a24fc6d00000000280350c8,,1780808814000,继续回家睡觉吧,bdf9430f6e083857,C***k,1,0,,广东,1787486576129
14,complete,GK2026D1,6a24d5cd000000003502b68d,6a24fc7e000000002803c57d,6a24f4bc000000002900ceb9,1780808830000,找个理由不去考吧,a90655f75d548499,麦***A,1,0,,四川,1787486863560
14,complete,GK2026D1,6a24d5cd000000003502b68d,6a24fc82000000002702e8ca,,1780808834000,这种考生，脑子进水了,c18655fe223dec47,D***」,0,0,,广西,1787488163204
14,complete,GK2026D1,6a24d5cd000000003502b68d,6a24fc89000000002803079f,,1780808842000,那些丢身份证，丢准考证的真的不值得同情，这么重要的东西不提前准备好，还会突然不见的吗？,04acc15b47c7a216,h***d,0,0,,湖南,1787487876510
14,complete,GK2026D1,6a24d5cd000000003502b68d,6a24fca6000000002803d1ef,,1780808871000,我靠 我还想不是明天考么[笑哭R],eb447974775199b0,红***干,0,0,,天津,1787486576128
14,complete,GK2026D1,6a24d5cd000000003502b68d,6a24fca6000000002a004754,,1780808871000,这种就不应该浪费警力，任他自然淘汰久对了,8113eb226e28c8e4,哦***会,0,0,,重庆,1787486576127
14,complete,GK2026D1,6a24d5cd000000003502b68d,6a24fcae0000000028031112,6a24f826000000002b02459f,1780808879000,送外卖也要快和准，他到客户家里发现餐丢了[笑哭R],31ce45c486c81f61,M***o,1,0,,广东,1787486744859
14,complete,GK2026D1,6a24d5cd000000003502b68d,6a24fcb8000000002701de56,,1780808888000,年年都有这种250出现[捂脸R][捂脸R]服了真服了[捂脸R],c66e12ae1c3ebddd,公***💰,0,0,,广东,1787488163203
14,complete,GK2026D1,6a24d5cd000000003502b68d,6a24fcbd000000002902ecb5,,1780808894000,[笑哭R],f45965605d00dba5,熊***侠,0,0,,江苏,1787486576127
14,complete,GK2026D1,6a24d5cd000000003502b68d,6a24fcc10000000027028c00,,1780808897000,考完公布这个考生分数,2340783220e6d386,乔***🤓,0,1,,陕西,1787486576126
14,complete,GK2026D1,6a24d5cd000000003502b68d,6a24fcc800000000280318cb,,1780808904000,我前两天都让孩子把身份证准考证文具放在袋子里，昨晚检查一遍，今天出门再检查一遍。这些估计是父母不管所以才这样，我们就是太唠叨了[捂脸R],2b5c1bd288c3c50f,七***仔,5,3,,海南,1787486576125
14,complete,GK2026D1,6a24d5cd000000003502b68d,6a24fcc9000000002b003d5b,,1780808906000,可能我比较冷血。这些关我屁事？,5a1af8ed8a124f62,*,0,0,,重庆,1787488163203
14,complete,GK2026D1,6a24d5cd000000003502b68d,6a24fcd00000000028031b39,,1780808912000,没脑子,62898a93daca2946,怒***粒,0,0,,浙江,1787488163202
14,complete,GK2026D1,6a24d5cd000000003502b68d,6a24fcd3000000002901150b,,1780808915000,退退退孩子们遇不到,26dd7d365ce10636,X***_,0,0,,广西,1787487876509
14,complete,GK2026D1,6a24d5cd000000003502b68d,6a24fcd5000000002902f0f1,,1780808917000,就那几样东西都能忘还考个屁！,7664b601fd37fc7d,金*,0,0,,北京,1787488163202
14,complete,GK2026D1,6a24d5cd000000003502b68d,6a24fcd9000000002702189b,6a24fc130000000028039166,1780808922000,高考进场是有刷脸的验证的，但是也需要提供身份证的,f5946d7bcb4aa82c,小***9,0,0,,北京,1787486625187
14,complete,GK2026D1,6a24d5cd000000003502b68d,6a24fce9000000002702c496,6a24f4bc000000002900ceb9,1780808937000,我也觉得，每一年都会有这样的同学。,1ce84e35af91ed6a,J***o,1,0,,广东,1787486863561
14,complete,GK2026D1,6a24d5cd000000003502b68d,6a24fcea0000000027029711,,1780808938000,早干嘛来的？不提前准备么,baf34ae90e9c3d19,Z***I,0,0,,北京,1787487876509
14,complete,GK2026D1,6a24d5cd000000003502b68d,6a24fcf200000000280325a4,,1780808946000,说一下：考试当天身份证找不到的，身份证过期的，考场走错的，睡过迟到的，准考证丢了的，直接入职美团哈，没啥可惜的，筛掉的就是你们[doge],f1654bc0b6e76c0a,别***出,0,0,,陕西,1787486576124
14,complete,GK2026D1,6a24d5cd000000003502b68d,6a24fcf3000000002702c70c,6a24f520000000002701443c,1780808948000,这种建楼你放心?,c57b57edb03ee5f1,每***点,0,0,,广东,1787487370067
14,complete,GK2026D1,6a24d5cd000000003502b68d,6a24fcfc000000002900d979,6a24fab40000000028008680,1780808957000,有准备的人都会在前一天就把身份证准考证和答题笔都放在文具袋里面统一放好，这种不提前准备好的，就是无所谓的态度，这种考不考都一个样，还不如早点进厂打螺丝。,517b477fa7c60263,云***墨,2,0,,广东,1787487910002
14,complete,GK2026D1,6a24d5cd000000003502b68d,6a24fd0b00000000290122e3,,1780808971000,突然间？[抠鼻R]知道考不好藏起来了吧[哇R],ff52d78af5059fe9,三***世,0,0,,山东,1787487876508
14,complete,GK2026D1,6a24d5cd000000003502b68d,6a24fd18000000002900e0ef,,1780808984000,每年都有丢三落四的，每年都有跑错考场的，每年今天我都有点想不通[笑哭R][笑哭R][笑哭R],81716cee9e021d49,侠***客,0,0,,江苏,1787486559376
14,complete,GK2026D1,6a24d5cd000000003502b68d,6a24fd180000000027014846,,1780808985000,就不应该管他们，这也是筛选的一步。,3aae9a474f7522ff,周*,0,0,,重庆,1787486576123
14,complete,GK2026D1,6a24d5cd000000003502b68d,6a24fd1a000000002702a3b9,6a24f54800000000280376ef,1780808986000,有的，北京高考有刷脸的，但是验证也需要身份证～,f5946d7bcb4aa82c,小***9,0,0,,北京,1787486812705
14,complete,GK2026D1,6a24d5cd000000003502b68d,6a24fd1c000000002800987e,,1780808989000,弄一个工具袋很难吗？把所有要用到的东西都装进去，到点随手一拿就去了，高考最少都是考前三天放假准备，都咋想的！,2a100ee1e627899e,梦***梦,0,0,,甘肃,1787487876508
14,complete,GK2026D1,6a24d5cd000000003502b68d,6a24fd1f00000000270229e9,6a24fbcf0000000028036748,1780808992000,我从来没有出门忘带这个那个了，因为我每晚睡前看天气预报，准备好第二天要用的衣服鞋子，伞，把包也搭配好，里面装好钥匙，充电器，纸巾，零钱，特殊情况还要装好资料证件，不会第二天一早要出门了慌慌张张去找，而且我每次出门之前至少确认两遍家里水源电源断了，外面没有晾东西，垃圾都清好了带下楼了,a776ed9096c47bb0,蒹***苍,3,0,,湖北,1787487420339
14,complete,GK2026D1,6a24d5cd000000003502b68d,6a24fd3600000000290254b1,6a24f47200000000270157d5,1780809015000,送外卖也是技术活，算订单时间，路线规划，哪个先送，哪个可以顺路，遇到问题快速解决。[doge],7bb3d26f15883d68,逆***行,1,0,,黑龙江,1787487251740
14,complete,GK2026D1,6a24d5cd000000003502b68d,6a24fd370000000029012e7b,,1780809016000,你敢把我的外卖漏了，迟到了，我的差评可不是开玩笑的,32d090c80bc84413,小***飞,0,0,,广西,1787486559376
14,complete,GK2026D1,6a24d5cd000000003502b68d,6a24fd3e0000000028009f90,,1780809022000,是突然找不到，还是就没打算考,36f5cbcdb3ef91b0,人***己,0,0,,云南,1787486559375
14,complete,GK2026D1,6a24d5cd000000003502b68d,6a24fd440000000028034a81,,1780809028000,我觉得不要给失误的任何考生提供帮助，因为这是他们自己的事，如果连自己的事都重视而养成依赖他人的习惯，那他们就觉得这个社会都是欠他的,3f36267bda415cfd,大***丽,1,0,,广西,1787486559374
14,complete,GK2026D1,6a24d5cd000000003502b68d,6a24fd51000000002800a3eb,6a24f51a000000002800a8cd,1780809042000,走错楼,7f6de3a03ebd6372,夜***璃,0,0,,贵州,1787487268850
14,complete,GK2026D1,6a24d5cd000000003502b68d,6a24fd56000000002702b400,,1780809046000,美团：我这不是收容所，啥人都往我塞，我也是有门槛的[doge],d5239c520801a3cb,喜***果,0,0,,广东,1787486559374
14,complete,GK2026D1,6a24d5cd000000003502b68d,6a24fd5a000000002902cb60,,1780809050000,我就不懂为什么这么重要考试还有忘身份证的，我们高考时前一天就要提前放好和准考证一起，我妈巴不得几个小时就检查一次[捂脸R],ff30be4b453499f6,E***i,0,0,,北京,1787486559373
14,complete,GK2026D1,6a24d5cd000000003502b68d,6a24fd60000000002803fc7c,6a24fcc800000000280318cb,1780809056000,父母为什么要管？他们不是成年人吗,3f36267bda415cfd,大***丽,3,0,,广西,1787486593394
14,complete,GK2026D1,6a24d5cd000000003502b68d,6a24fd66000000002b00183a,,1780809063000,这点终于在2026年体现了证件的人性化操作了,ebf86120573fdf2c,S***i,0,0,,广东,1787486559373
14,complete,GK2026D1,6a24d5cd000000003502b68d,6a24fd68000000002b027acc,,1780809064000,每年都有这种考生[笑哭R],b62e49240754649f,派***r,0,0,,广东,1787486559372
14,complete,GK2026D1,6a24d5cd000000003502b68d,6a24fd72000000000d023c00,,1780809074000,现在身份证突然找不到 下次出来工作了就是合同突然找不到了,0dbf7a463f65c46d,我***猪,0,0,,新加坡,1787486559371
14,complete,GK2026D1,6a24d5cd000000003502b68d,6a24fd75000000002901b846,,1780809077000,每年都搞这种,b415eae617ace25d,小***3,0,0,,江西,1787486559369
14,complete,GK2026D1,6a24d5cd000000003502b68d,6a24fd79000000002902d1c8,6a24f47200000000270157d5,1780809081000,不要侮辱外卖小哥，他会成为你,0a1e51f18fb11ebf,不*,0,0,,江苏,1787487370067
14,complete,GK2026D1,6a24d5cd000000003502b68d,6a24fd7c00000000270162a9,,1780809084000,[doge]不觉得离谱吗？,aa18ebdd5067b076,猫***朵,0,0,,广东,1787487876507
14,complete,GK2026D1,6a24d5cd000000003502b68d,6a24fd7e0000000029013fc8,,1780809086000,这种还是别高考了。,ca60722617e76f76,凯*,0,0,,天津,1787486542610
14,complete,GK2026D1,6a24d5cd000000003502b68d,6a24fd800000000028035a93,,1780809088000,傻逼，突然间找不到？,a726fa49983427ec,m***a,0,0,,福建,1787488163201
14,complete,GK2026D1,6a24d5cd000000003502b68d,6a24fd910000000027020682,,1780809105000,npc开刷了,566a6d61697f71b9,S***h,0,0,,广东,1787486542609
14,complete,GK2026D1,6a24d5cd000000003502b68d,6a24fd94000000002a033239,6a24fd1f00000000270229e9,1780809109000,我也是 我感觉这也是自己的一种能力就是很爽,b72b06b3317fb1a2,3*,1,0,,江苏,1787487420340
14,complete,GK2026D1,6a24d5cd000000003502b68d,6a24fd9b000000002800b45f,,1780809115000,看下附近有没有美团饿了么顺丰中通圆通申通韵达的站点，直接送过去报名吧，别耽误了孩子赚钱！,836275f655198912,风***神,0,0,,江西,1787486542609
14,complete,GK2026D1,6a24d5cd000000003502b68d,6a24fd9f000000002900c72f,,1780809119000,突然就找不到了，是突然就不想让找到了吧[doge],7f263e71e5dcec62,小***3,0,0,,四川,1787486542608
14,complete,GK2026D1,6a24d5cd000000003502b68d,6a24fda8000000002902daf6,,1780809128000,这种进去了也没用,06c9200af2335c06,用***销,0,0,,广东,1787486542608
14,complete,GK2026D1,6a24d5cd000000003502b68d,6a24fda9000000002901bfc3,,1780809129000,NPC哪找的,b08834cac66a9eb6,梯*,1,0,,河北,1787486542607
14,complete,GK2026D1,6a24d5cd000000003502b68d,6a24fdaa0000000027020cd8,6a24fcc10000000027028c00,1780809130000,250，大专都上不了,7f6de3a03ebd6372,夜***璃,1,0,,贵州,1787486608400
14,complete,GK2026D1,6a24d5cd000000003502b68d,6a24fdb9000000002701717f,6a24f47200000000270157d5,1780809145000,外卖都忘带,9e6104cb6f4a2e74,等*,0,0,,江苏,1787487268852
14,complete,GK2026D1,6a24d5cd000000003502b68d,6a24fdc2000000002900d0ae,,1780809155000,前一晚把考试资料文具提前放在你书包不就可以了。,289c77de8b60569d,锅*,0,0,,广东,1787486542607
14,complete,GK2026D1,6a24d5cd000000003502b68d,6a24fdcc000000002b002a2c,,1780809164000,如果没考上 明年再复读一年。,9985564bf9972822,德***💭,1,0,,江苏,1787486542606
14,complete,GK2026D1,6a24d5cd000000003502b68d,6a24fddf000000002902e55f,,1780809183000,别考了,014250dc61bb77d3,易***阁,0,0,,北京,1787486542605
14,complete,GK2026D1,6a24d5cd000000003502b68d,6a24fdec0000000027029742,6a24f47200000000270157d5,1780809197000,不要，我会差评的,faa6b011de207cb4,甜***甜,0,0,,北京,1787487268853
14,complete,GK2026D1,6a24d5cd000000003502b68d,6a24fdf5000000002a02dbeb,,1780809205000,为啥准考证不可以多准备两张，一张备用给老师全部收着，老师在考场遇到没有的可以发一张，还有一张备用给父母，真的到那时候没拿，陪同的家长不可能也没拿吧，每年都有这种事。,2f54182139fda6c8,牙***妹,0,0,,广东,1787486542604
14,complete,GK2026D1,6a24d5cd000000003502b68d,6a24fdff000000002900e039,,1780809215000,带着户口本,03abec7fea952a52,林*,0,0,,河北,1787486525926
14,complete,GK2026D1,6a24d5cd000000003502b68d,6a24fdff000000002a03050c,,1780809215000,这种提前淘汰也好,2902126037b32cb7,a***错,0,0,,陕西,1787486525925
14,complete,GK2026D1,6a24d5cd000000003502b68d,6a24fe1b000000002a02e322,,1780809244000,每年都有这个节目,18a035fda28e4352,不***赞,0,0,,北京,1787486525925
14,complete,GK2026D1,6a24d5cd000000003502b68d,6a24fe270000000029012ae1,6a24fad7000000002902d078,1780809256000,确实 我觉得我就是那种很摆烂的人 但当年高考还是高度重视准备完善的 这种低级错误真是无法理解[失望R],ed07c472e583025b,石***s,0,0,,广东,1787487437064
14,complete,GK2026D1,6a24d5cd000000003502b68d,6a24fe280000000029024349,,1780809256000,每年都有这样的人不是忘记这就是忘记那没拿，也没考个好分数,7fcbb96e4048c31e,*,0,0,,江西,1787487876506
14,complete,GK2026D1,6a24d5cd000000003502b68d,6a24fe30000000002701f5d0,,1780809264000,还好我是保送中科院，考试琐事太多了又麻烦，平时努力点根本不需要考试来证明什么,902b23c8feea298f,毛***岛,0,0,,重庆,1787486525924
14,complete,GK2026D1,6a24d5cd000000003502b68d,6a24fe32000000002b02a2c6,,1780809267000,突然找不到[石化R] 那就别考了,c2d43c6369bdd332,C***8,0,0,,江苏,1787486525923
14,complete,GK2026D1,6a24d5cd000000003502b68d,6a24fe35000000002702a8af,,1780809270000,欢迎过嚟茂名养鸡！[萌萌哒R][偷笑R],04e12dd51c46b830,屁***！,0,0,,广东,1787486525922
14,complete,GK2026D1,6a24d5cd000000003502b68d,6a24fe4f000000002a005329,,1780809296000,别考了，去当学徒吧,b4e9e270a4257b38,阿*,0,0,,福建,1787486525921
14,complete,GK2026D1,6a24d5cd000000003502b68d,6a24fe51000000002a005376,,1780809298000,为什么每年都有这种傻傻的,42332ae6ac247665,瑶***包,0,0,,广西,1787487876505
14,complete,GK2026D1,6a24d5cd000000003502b68d,6a24fe590000000029019a76,,1780809305000,赞是给民警派出所的，不是给考生的，人生第一次大事居然还丢三落四，这是一种筛选，而且最初级筛选,6003b68856bf209c,唉***仔,2,0,,四川,1787486525921
14,complete,GK2026D1,6a24d5cd000000003502b68d,6a24fe5b0000000029024c87,,1780809308000,我就是记性不好的原因才没上大学的[doge][doge][doge][doge][doge][doge],7bb3d26f15883d68,逆***行,1,0,,黑龙江,1787486525920
14,complete,GK2026D1,6a24d5cd000000003502b68d,6a24fe70000000002b0005e2,,1780809329000,哎………………,2fc6e3ba71ab68c2,惜*,0,0,,新疆,1787486525918
14,complete,GK2026D1,6a24d5cd000000003502b68d,6a24fe7f0000000027023dd2,6a24f47200000000270157d5,1780809344000,完了，你的餐忘记取了[doge],b391f2000f0025bc,不***辩,0,0,,云南,1787487268854
14,complete,GK2026D1,6a24d5cd000000003502b68d,6a24fe8100000000280304dc,,1780809345000,评论区的忍耐一下吧，高考是他们的最后一道绿灯了[捂脸R]，之后就没这么好的事情了,8e27187c8f56ac4c,洋***方,2,0,,河南,1787486508657
14,complete,GK2026D1,6a24d5cd000000003502b68d,6a24fe8700000000270165e3,,1780809351000,走错考场，忘带准考证，身份证，迟到的……好不到哪去[叹气R][叹气R],83b445261cb26e5f,m***o,1,0,,贵州,1787486508656
14,complete,GK2026D1,6a24d5cd000000003502b68d,6a24fe90000000002902c738,6a24f47200000000270157d5,1780809360000,送外卖的表示，这种不上心的人，不要，还是去挖煤吧,c4bba32ef24d9752,风***扬,0,0,,浙江,1787487370068
14,complete,GK2026D1,6a24d5cd000000003502b68d,6a24fe95000000002803abc7,,1780809366000,我说话难听，就先走了,bd6ad4536ca148ad,索***娅,0,0,,北京,1787486508655
14,complete,GK2026D1,6a24d5cd000000003502b68d,6a24fe98000000002903450e,,1780809368000,这样的不用考了[抓狂R][抓狂R][抓狂R]十年就为今天[石化R][石化R][石化R],48a1129bae7f7547,钱***💸,0,0,,陕西,1787486508654
14,complete,GK2026D1,6a24d5cd000000003502b68d,6a24fea6000000002902cb48,6a24fad7000000002902d078,1780809382000,你不是一个人,2706bcc8c6433595,睡***子,0,0,,广西,1787487487576
14,complete,GK2026D1,6a24d5cd000000003502b68d,6a24fea6000000002a02ff08,,1780809382000,年年有迟到忘带身份证准考证的[捂脸R],62982da7fab1d2b7,惜***君,0,1,,福建,1787486508654
14,complete,GK2026D1,6a24d5cd000000003502b68d,6a24fea7000000002a02ff63,6a24f47200000000270157d5,1780809384000,可能人到了，外卖没拿吧,e97d270c9eb56a80,长***央,0,0,,江苏,1787487268854
14,complete,GK2026D1,6a24d5cd000000003502b68d,6a24feb1000000002a02c16a,,1780809393000,前天我就放透明袋子里，早上看一眼就知道在不在。除非整个包丢了，否则丢不掉的,ead4afd43fd84c00,打***鲁,0,0,,河北,1787486508653
14,complete,GK2026D1,6a24d5cd000000003502b68d,6a24feb9000000002803b41d,,1780809401000,感动[doge],fc334c8adb6fcd88,渣***言,0,0,,浙江,1787486508652
14,complete,GK2026D1,6a24d5cd000000003502b68d,6a24feb90000000028036893,,1780809402000,知道高考重要 为什么还是这么不仔细啊 就不能提前晚上放在档案袋里,03e71946333ae134,用***销,0,0,,新疆,1787487876504
14,complete,GK2026D1,6a24d5cd000000003502b68d,6a24fec3000000002902d0ad,,1780809412000,这种证件不是应该前一天或者前两天就已经准备好了吗？放在一起了，我不能理解这种人，,253455572f4aaed1,余***心,0,0,,湖南,1787487859884
14,complete,GK2026D1,6a24d5cd000000003502b68d,6a24feef00000000290265ac,,1780809456000,直接进场，四年之后都是班组长了，还考啥哦,6d2502f269a37e48,m***r,0,0,,四川,1787486508651
14,complete,GK2026D1,6a24d5cd000000003502b68d,6a24fefb000000000d022800,,1780809467000,刚看到，有一个小伙子迟到一分钟 民警都不让进去了,0bbe6605598593c5,森***新,0,0,,美国,1787486508650
14,complete,GK2026D1,6a24d5cd000000003502b68d,6a24ff080000000029012519,6a24f990000000002701d88c,1780809480000,不明白这帮人怎么想的，我儿子去司法局领法考通过的那个证书，网上明明白白的说了领证要携带哪些证件，还就是有人空着手去……这种人过了法考有啥用啊，以后开庭估计也不带答辩书[偷笑R],bd6ad4536ca148ad,索***娅,0,0,,北京,1787485395082
14,complete,GK2026D1,6a24d5cd000000003502b68d,6a24ff13000000002800905f,,1780809492000,认考场的时候刷脸认证考试的时候就刷脸进入,79e581d6488b3e1c,春*,0,0,,河北,1787486508649
14,complete,GK2026D1,6a24d5cd000000003502b68d,6a24ff250000000027014d04,6a24fcfc000000002900d979,1780809509000,你懂什么叫几率嘛？年年都有永远不停，你别装，你连我说什么都听不懂。,76dc25534e057062,稀***啦,1,0,,北京,1787487910003
14,complete,GK2026D1,6a24d5cd000000003502b68d,6a24ff2b0000000028038f32,,1780809515000,寒窗苦读十几载，就为今天，都能把身份证丢了，你也可以不用考了，直接打工吧。,8fa252e88f38962e,刘***生,0,0,,江苏,1787487859884
14,complete,GK2026D1,6a24d5cd000000003502b68d,6a24ff36000000002900ef60,,1780809526000,每年都有这样的,579714072990b0a9,M***锐,0,0,,北京,1787486475158
14,complete,GK2026D1,6a24d5cd000000003502b68d,6a24ff36000000002b024e81,,1780809527000,找不到去jm呀,21dd735181928408,达***呀,0,0,,辽宁,1787486475157
14,complete,GK2026D1,6a24d5cd000000003502b68d,6a24ff3a0000000027022bcc,6a24f47200000000270157d5,1780809531000,外卖也会忘了带餐,34ae55aaa2a7d927,4***K,0,0,,天津,1787487285470
14,complete,GK2026D1,6a24d5cd000000003502b68d,6a24ff5700000000290135be,6a24fea6000000002a02ff08,1780809559000,还有走错考场,0e0c8958d79ba83f,甜***豆,0,0,,广东,1787486523662
14,complete,GK2026D1,6a24d5cd000000003502b68d,6a24ff5a00000000290278e3,,1780809563000,年年高考年年有这种新闻。都见怪不怪了。,10d3daff6751ae86,m***m,0,0,,广西,1787486475157
14,complete,GK2026D1,6a24d5cd000000003502b68d,6a24ff7b0000000029013e65,,1780809595000,昨晚上吃屎去了？要临出门才找身份证？[抠鼻R],928b76ea90b2dd1d,白***子,0,0,,上海,1787487859883
14,complete,GK2026D1,6a24d5cd000000003502b68d,6a24ff82000000002702bc45,,1780809604000,所有在高考这种人生转折点迟到的，走错考场的，找不到身份证的，说实话不值得惋惜,9d6fc54c23af2796,亲***睹,0,0,http://sns-webpic-qc.xhscdn.com/202608232001/7d027ecc4ceca3807df074e088dc0e97/comment/1040g4b83213qdu256ucg5n2plfqnd2n6thfhi4g!nd_whgt34_webp_wm_1,福建,1787486475156
14,complete,GK2026D1,6a24d5cd000000003502b68d,6a24ff860000000029024111,6a24fad7000000002902d078,1780809606000,确实是筛选。   我参加考中级会计，税务师等考试，考试前一晚都会确认身份证和准考证。第二天出发会再次检查。   他们这更何况是高考更重要了。,ca2bed5e1174e186,T***u,0,0,,广东,1787487437066
14,complete,GK2026D1,6a24d5cd000000003502b68d,6a24ff890000000027020066,,1780809609000,……求求了别再说这种人送外卖了，我看人家外卖员风里来雨里去能吃苦，方向感好路线熟，送的还快，你们真的觉得这种重大考试连证件都能忘记在哪的人能胜任吗，“身份证突然找不到”这听起来更像是找理由给自己的失误在推脱，比那些说没有整理好忘记的人还难评。,9a41f7c0badac28c,M***版,0,0,,江苏,1787487859883
14,complete,GK2026D1,6a24d5cd000000003502b68d,6a24ffb10000000028030eab,,1780809649000,入职手续办了吗,ff17804f5d102b29,麒***令,4,3,,北京,1787486475156
14,complete,GK2026D1,6a24d5cd000000003502b68d,6a24ffb8000000002800b477,,1780809657000,备考这么久找不到身份证？？？认真的吗？,90750910b3d648bc,不***白,0,0,,广东,1787487859882
14,complete,GK2026D1,6a24d5cd000000003502b68d,6a24ffc8000000002803b6fa,,1780809673000,这个东西不是头一天就应该准备好吗？[捂脸R],24e4de24e6e04bd1,牧***～,0,0,,辽宁,1787487859882
14,complete,GK2026D1,6a24d5cd000000003502b68d,6a24ffcb0000000029037f0e,,1780809676000,希望从明年开始追加一条高考新规：高考除了笔试第一关是从带齐各种证件准时进入正确考场！忘这忘那的必须扣分。每年高考都要浪费多少社会资源？,3d3a8ff61002f9c7,蓝***比,0,0,,四川,1787486475155
14,complete,GK2026D1,6a24d5cd000000003502b68d,6a24ffcd000000002900d073,6a24fad7000000002902d078,1780809677000,你说的没错 很多没必要的便利条件,ff17804f5d102b29,麒***令,0,0,,北京,1787487437067
14,complete,GK2026D1,6a24d5cd000000003502b68d,6a24ffe800000000270141a4,,1780809704000,丟三落四的人別讀了去送外賣吧,309ab990330dfdb9,年***🌾,0,0,,中国香港,1787487859881
14,complete,GK2026D1,6a24d5cd000000003502b68d,6a24ffec0000000028037878,6a24fad7000000002902d078,1780809708000,一样的想法！这么重要的事情我可能头一礼拜就翻出来准备好了！,24e4de24e6e04bd1,牧***～,0,0,,辽宁,1787487437068
14,complete,GK2026D1,6a24d5cd000000003502b68d,6a250003000000002902563b,,1780809731000,没新闻就别报了，这年年都是这忘带身份证的跑错考场的，忘带准考证的。有啥可报道的。我们已经看烦了。,5375aaea996e88de,J***u,0,0,,广东,1787487859881
14,complete,GK2026D1,6a24d5cd000000003502b68d,6a250005000000002701de7f,,1780809734000,我都不想说,b2236afa0102a2a1,^***^,0,1,,天津,1787486475154
14,complete,GK2026D1,6a24d5cd000000003502b68d,6a25000d0000000028008809,,1780809741000,没有就别考了，人生那么大的事，每年不是迟到就是证丢了，脑子不好使别麻烦人家了,06858997fdd0160c,漫***店,0,0,,江苏,1787488163200
14,complete,GK2026D1,6a24d5cd000000003502b68d,6a25000e000000002b0276c4,,1780809743000,也说明了问题，他可能不适合这个赛道,f9ebdafff008ad5f,小***飞,0,0,,北京,1787486475154
14,complete,GK2026D1,6a24d5cd000000003502b68d,6a25003b0000000028032e5d,,1780809788000,算了，不敢评论了，上一个我也是这样评论的。很多人来喷我,2d7db862ffa16b4f,小***D,0,0,,广东,1787486475153
14,complete,GK2026D1,6a24d5cd000000003502b68d,6a250048000000002900ed95,6a24ffb10000000028030eab,1780809800000,算了，不敢评论了，上一个我也是这样评论的。很多人来喷我,2d7db862ffa16b4f,小***D,0,0,,广东,1787486490165
14,complete,GK2026D1,6a24d5cd000000003502b68d,6a250055000000002900f091,6a24f47200000000270157d5,1780809814000,算了，不敢评论了，上一个我也是这样评论的。很多人来喷我,2d7db862ffa16b4f,小***D,0,0,,广东,1787487285472
14,complete,GK2026D1,6a24d5cd000000003502b68d,6a250072000000002902dcbe,6a24fad7000000002902d078,1780809843000,我也觉得,b829cc481b3bf12d,🐰***师,0,0,,浙江,1787487437069
14,complete,GK2026D1,6a24d5cd000000003502b68d,6a250073000000002a02d151,6a250005000000002701de7f,1780809843000,我也是,cddcbac3f8903171,A***事,0,0,,新疆,1787486490163
14,complete,GK2026D1,6a24d5cd000000003502b68d,6a250097000000002b002501,,1780809880000,筛选的第一步，年年都有丢东西  忘带东西  迟到过点进不去的,82f58946a5accc38,二*,0,0,,天津,1787486475151
14,complete,GK2026D1,6a24d5cd000000003502b68d,6a250098000000002701c12a,,1780809880000,这种新闻我真的一点都不想刷到,8ee72dab8966fbf4,咕***～,0,0,,上海,1787486458415
14,complete,GK2026D1,6a24d5cd000000003502b68d,6a2501070000000028031d62,6a24fad7000000002902d078,1780809992000,我也觉得，这么重要的场合，迟到，忘带东西，走错考场等等这些都是最基本的东西吧,d20b1ec2158d8942,M***N,0,0,,内蒙古,1787487453829
14,complete,GK2026D1,6a24d5cd000000003502b68d,6a2501230000000027015254,,1780810019000,这类人还真一点不值得同情又不是临时通知明天就高考还会出现这种问题,de4e71e2b53438d2,！***风,0,0,,广东,1787487859880
14,complete,GK2026D1,6a24d5cd000000003502b68d,6a250127000000002b02a3d5,,1780810023000,突然间找不到[doge]好突然啊[doge]掉进异次元空间了吧[doge],b04455eb511a2721,阿*,2,0,,福建,1787486458415
14,complete,GK2026D1,6a24d5cd000000003502b68d,6a25013c000000002803ebe7,,1780810045000,这么重要的事情，这忘了，那找不到了，迟到了，走错考场了各种的。服了也是,1e86b633b596a262,优****,1,0,,云南,1787486458414
14,complete,GK2026D1,6a24d5cd000000003502b68d,6a25014000000000290253f7,,1780810049000,直接去美团报道吧,32f1e7e4aa15d726,A***❤,0,0,,北京,1787486458414
14,complete,GK2026D1,6a24d5cd000000003502b68d,6a25014a000000002702ad7d,6a24f47200000000270157d5,1780810058000,送外卖也是忘拿可乐，送错地址的主,cd68828bf706199d,最*,0,0,,北京,1787487285472
14,complete,GK2026D1,6a24d5cd000000003502b68d,6a2501590000000027015f9a,,1780810073000,别来参加考试，送外卖去吧,de2faba5305a97d9,一***人,0,0,,上海,1787487859879
14,complete,GK2026D1,6a24d5cd000000003502b68d,6a25015b0000000027016013,,1780810075000,这种人也是浪费社会资源,5290e980e5eafeee,希*,0,0,,江西,1787487842928
14,complete,GK2026D1,6a24d5cd000000003502b68d,6a2501600000000027016170,,1780810081000,其实就可以不用去了，考了也考不上。,4458b6b1eec769ab,3***天,3,0,,陕西,1787486458413
14,complete,GK2026D1,6a24d5cd000000003502b68d,6a250161000000002803f4a8,,1780810081000,我们当年班主任把我们身份证都收上去了，到考场集体发,b7648efb59d86887,巴***特,0,0,,山东,1787486458412
14,complete,GK2026D1,6a24d5cd000000003502b68d,6a250173000000002902cd0f,,1780810100000,年年讲，年年忘,df3c05aafbd49012,绿***人,0,0,,上海,1787486458412
14,complete,GK2026D1,6a24d5cd000000003502b68d,6a2501750000000028009e97,,1780810102000,身份证找不到就赶紧去找个好工作。,6ba43dbf25ab6dc5,太*,0,0,,四川,1787486458411
14,complete,GK2026D1,6a24d5cd000000003502b68d,6a250182000000002803372f,,1780810114000,年年都有，放弃吧。,593fb2b4663213b0,东***北,0,0,,山西,1787486458410
14,complete,GK2026D1,6a24d5cd000000003502b68d,6a250198000000002a033ac4,,1780810136000,连身份证都能忘记带的，我就不信他能考多高分,29396a1b65362789,L***P,2,0,,日本,1787486458409
14,complete,GK2026D1,6a24d5cd000000003502b68d,6a2501a2000000002a027860,,1780810147000,忘带身份证，忘干嘛的那些都不是读书的料，快点去扫地啦,476015db31cb814f,腾***人,8,5,,广东,1787486424797
14,complete,GK2026D1,6a24d5cd000000003502b68d,6a2501af000000002b02ba65,,1780810160000,这种事都能忘，读出来有什么用？所有重要的东西考试的前一天晚上不是应该都收拾妥当，第二天出门前再反复检查，怎么不把吃饭都忘了呢？,69d6a01f2892ae8b,小***6,0,0,,广东,1787487842927
14,complete,GK2026D1,6a24d5cd000000003502b68d,6a2501cf000000002902dd08,,1780810191000,[捂脸R]自己高考，自己东西都带不全，真的是[捂脸R][捂脸R],d35a44c4e4aa91b2,小*,0,0,,山西,1787486424796
14,complete,GK2026D1,6a24d5cd000000003502b68d,6a2501d30000000027017b20,,1780810195000,人家外卖员门槛也不低 [生气R] 千万不要混进外卖和快递的行业啊 我不希望自己外卖超时快递丢件 ！！！,1622e6470650c0f3,查***版,1,0,,北京,1787486424796
14,complete,GK2026D1,6a24d5cd000000003502b68d,6a2501d4000000002900cfc1,,1780810196000,连身份证都能找不到,8d3d6f566d5571e2,K***n,0,0,,江苏,1787486424795
14,complete,GK2026D1,6a24d5cd000000003502b68d,6a2501e8000000002b028432,,1780810216000,孩子你记住了考场可以走错，因为警察叔叔能帮你送，但以后送塔斯汀的时候 千万别忘记拿可乐，我的差评可不是在跟你开玩笑的,caad877a44834ce7,一***鱼,0,0,,云南,1787487842927
14,complete,GK2026D1,6a24d5cd000000003502b68d,6a250217000000002b028cb6,6a2501a2000000002a027860,1780810264000,真不一定,8d1bb45e0f329396,多*,0,0,,山东,1787486439802
14,complete,GK2026D1,6a24d5cd000000003502b68d,6a250241000000002900eaa8,,1780810305000,送外卖人家都不要 ，你去送外卖 然后外卖都没拿走，你能干个啥？,962e1a7942eda20a,小***5,0,0,,重庆,1787487842926
14,complete,GK2026D1,6a24d5cd000000003502b68d,6a250241000000002902f061,,1780810305000,反正只要会做题就行，其他啥都不会也无所谓,df3c05aafbd49012,绿***人,0,0,,上海,1787486424794
14,complete,GK2026D1,6a24d5cd000000003502b68d,6a250259000000002b025766,6a250217000000002b028cb6,1780810330000,你是其中一个是吧,476015db31cb814f,腾***人,1,0,,广东,1787486441397
14,complete,GK2026D1,6a24d5cd000000003502b68d,6a25027a000000002a032620,,1780810362000,身份证和笔，考试垫，不都是提前晚上装一个袋子里，，，这么重要的事情都不记得，直接送外卖去吧,2b5c81bf14940a62,薪***海,0,0,,广西,1787486424794
14,complete,GK2026D1,6a24d5cd000000003502b68d,6a2502a3000000002800a448,,1780810404000,还考啥,660a40f3c72f159b,y***g,0,0,,广东,1787486424793
14,complete,GK2026D1,6a24d5cd000000003502b68d,6a2502ba000000002902c5c1,,1780810426000,这么重要的考试为什么不做好前期工作，,e599b3e67c772db0,0***3,0,0,,新加坡,1787486424792
14,complete,GK2026D1,6a24d5cd000000003502b68d,6a2502ba0000000029034014,6a250259000000002b025766,1780810427000,有时候有些事不好说。,8d1bb45e0f329396,多*,0,0,,山东,1787486441399
14,complete,GK2026D1,6a24d5cd000000003502b68d,6a2502c00000000027017102,,1780810433000,突然间,3ba96883bc4e19c7,树***水,1,0,,广东,1787486424792
14,complete,GK2026D1,6a24d5cd000000003502b68d,6a2502c300000000280370c7,,1780810435000,年年都有这种港督[doge],60be2ca04a9480df,m***o,0,0,,上海,1787486424791
14,complete,GK2026D1,6a24d5cd000000003502b68d,6a2502cc000000002b026e3c,,1780810444000,为什么突然没有了？就是忘了带了,96012ff95b8bdf3f,刘*,0,0,,天津,1787486407841
14,complete,GK2026D1,6a24d5cd000000003502b68d,6a2502cd000000002800aec5,,1780810445000,每年高考必报热点新闻：1、爱心车辆免费接送考生。2、考生进错考点，或者各种原因迟到，交警紧急护送至正确考点。3、忘带准考证，求助交警，终于在最后一分钟前进入考场！4、准考证或身份证丢失，或者一起丢失；5、超过了高考入场时间在门外嚎啕大哭，家长跪地；6、考生带伤、带病，坚持参加高考！7、家里有人过逝，怕影响孩子考试不告诉他；8、全民解读高考作文。9、以上配上激动人心的背景音乐,a6cb37416fd16005,Z***O,0,0,,广东,1787486407841
14,complete,GK2026D1,6a24d5cd000000003502b68d,6a2502f10000000028037def,,1780810481000,这种的就别帮了，已经属于被高考淘汰了,e71093b16adb9c13,小***师,0,0,,广东,1787486407840
14,complete,GK2026D1,6a24d5cd000000003502b68d,6a2502f4000000002900d1c7,,1780810485000,年年都有这种情况[呃R],c1d3376883e14b7a,M***🍑,0,0,,广西,1787486407840
14,complete,GK2026D1,6a24d5cd000000003502b68d,6a2502f7000000002a027401,,1780810487000,这样的不需要考的,b4e3f7370651e761,花***🍓,0,0,,广西,1787486407839
14,complete,GK2026D1,6a24d5cd000000003502b68d,6a25031d000000002803e0bd,6a24f4f2000000002702ca39,1780810526000,路线计算规划  统筹能力好的记性好的  才能在短时间内多送一单  快递物流也是,4399148602082005,人***岁,0,0,,河南,1787487285473
14,complete,GK2026D1,6a24d5cd000000003502b68d,6a25032a00000000290123c0,,1780810539000,这种考也是白考,c12fad5d6a85d516,游***心,0,0,,广东,1787487842926
14,complete,GK2026D1,6a24d5cd000000003502b68d,6a250338000000002902dbd5,,1780810552000,怎么能做到进考场前那一刻才没有身份证的？18，9岁的孩子，难道连考试该提前准备好证件，文具的常识都没有吗,09238f007c4afbd2,冰***式,0,0,,广东,1787487842925
14,complete,GK2026D1,6a24d5cd000000003502b68d,6a25033b0000000027022413,,1780810556000,年年有，[点赞R],413f928406eb865e,雨*,0,0,,山东,1787486407839
14,complete,GK2026D1,6a24d5cd000000003502b68d,6a25035d000000002702b428,,1780810589000,理解不了,7be728974b978abb,希***喵,0,0,,广东,1787486407838
14,complete,GK2026D1,6a24d5cd000000003502b68d,6a250367000000002803f371,6a24f47200000000270157d5,1780810600000,干不过准时宝,47637a4f47502b9b,一***💨,0,0,,广东,1787487285474
14,complete,GK2026D1,6a24d5cd000000003502b68d,6a250380000000002900f14b,,1780810624000,不要瞧不起我们送外卖的，好歹也是月入过万[doge],fe36620d84a3d572,十***子,0,0,,四川,1787486407837
14,complete,GK2026D1,6a24d5cd000000003502b68d,6a2503820000000028033143,,1780810626000,如果连最起码的都需要别人来监督，我觉得就已经自然筛掉了吧，不需要他人人为干预了[失望R][失望R]。高三了都快17-8岁了，不是7岁！,c24781f0b3ad4d93,爱***🐱,0,0,,浙江,1787486407837
14,complete,GK2026D1,6a24d5cd000000003502b68d,6a250397000000002702834e,6a24f47200000000270157d5,1780810648000,外卖其实也不收这样的,8822ad07db7ce1df,黒***な,0,0,,天津,1787487302455
14,complete,GK2026D1,6a24d5cd000000003502b68d,6a2503b4000000002a02e8e0,,1780810677000,没事硬帮，考试前想啥了！！,018b865babdbb453,|***|,0,0,,黑龙江,1787487842924
14,complete,GK2026D1,6a24d5cd000000003502b68d,6a2503b8000000002b0291ee,,1780810680000,[大便R],a1c2f7540206d9ef,随***安,0,0,,重庆,1787486407836
14,complete,GK2026D1,6a24d5cd000000003502b68d,6a2503d0000000002a025be9,6a2502ba0000000029034014,1780810704000,Ta家一定有鬼！,b9e5775516312516,锅***拉,0,0,,广东,1787486441400
14,complete,GK2026D1,6a24d5cd000000003502b68d,6a2503d2000000002803cf85,,1780810707000,年年都这样，这样子的春竹[doge]明明只是个人的考试，却要浪费资源为他们让路。[鄙视R]公考、考研等不也是国家级考试，也没见有这种待遇。而且像这种丢三落四的，能考多好。也别说进厂或者送外卖了，这样的人去了，简直就是在污辱每个职业。[再见R],8e19df4783ce3d7d,m***🧐,1,0,,福建,1787488163200
14,complete,GK2026D1,6a24d5cd000000003502b68d,6a2503d2000000002b025fe1,,1780810707000,哇，今年又有好多大学生失业了[吃瓜R],84cf863ef1500758,秦*,0,0,,天津,1787486391229
14,complete,GK2026D1,6a24d5cd000000003502b68d,6a2503d4000000002a0322ec,,1780810709000,没有身份证  跑外卖都跑不了,aaa68faf25741da4,小***）,0,0,,江苏,1787486391228
14,complete,GK2026D1,6a24d5cd000000003502b68d,6a2503dd0000000027029429,,1780810717000,每年固定NPC来了，不是忘带准考证，就是忘带身份证，或者就是忘带笔，据我参加过高考的人来说，这一定是个成绩不好的，因为成绩好的不会这么吊儿郎当，高考完要不就下海，要不就读大专，就这两种可能[笑哭R][笑哭R],2416c584e2066354,B***l,2,0,,广东,1787486391228
14,complete,GK2026D1,6a24d5cd000000003502b68d,6a2503e4000000002803d3b6,,1780810724000,到底是吃什么长那么大的？不认真对待就不值得被同情！,98de5e3e4f0a4b8a,见***青,0,0,,云南,1787487842924
14,complete,GK2026D1,6a24d5cd000000003502b68d,6a2503eb0000000029018b84,,1780810732000,每年都有这样的，就这样丢三落四的考上了也是废物吧,b86cf8d16bf6b3e4,口***士,0,0,,陕西,1787488163198
14,complete,GK2026D1,6a24d5cd000000003502b68d,6a2503f2000000002900ccbb,,1780810738000,为什么每年都有没带证件的，或者跑错考场的[偷笑R],55a89b2503d4059a,阳***遥,0,0,,广西,1787486391227
14,complete,GK2026D1,6a24d5cd000000003502b68d,6a2503f70000000028030ca6,,1780810744000,不要高考了，不适合,5068620a7bb6db10,小***E,0,0,,河北,1787486391227
14,complete,GK2026D1,6a24d5cd000000003502b68d,6a2503f80000000029025d62,,1780810745000,这么重要的事都没先准备好！进厂得了！,ab05a5c11fe20453,魑*,0,0,,福建,1787487842923
14,complete,GK2026D1,6a24d5cd000000003502b68d,6a2503ff000000002701771a,6a25031d000000002803e0bd,1780810752000,对呀所以那些不行就去送外卖的言论，估计他们也送不明白,e02ec1ca177698f0,果*,0,0,,海南,1787487386897
14,complete,GK2026D1,6a24d5cd000000003502b68d,6a25040000000000280340ed,,1780810752000,每年都有这种[石化R],469cf28c7f8f88eb,不***躁,0,0,,湖北,1787486391226
14,complete,GK2026D1,6a24d5cd000000003502b68d,6a250402000000002701c1f8,,1780810754000,年年都有这样的，今天休息，家门我都不出,8a400f20346a21e9,m***o,0,0,,北京,1787486391225
14,complete,GK2026D1,6a24d5cd000000003502b68d,6a250416000000002a0267b2,,1780810774000,今天考试忘记带身份证，工作后就是那种讲ppt忘记带u盘，签合同忘记带合同，送外卖丢外卖的[笑哭R],1d68f6be3d533584,S***🍑,0,0,,广西,1787486391224
14,complete,GK2026D1,6a24d5cd000000003502b68d,6a2504180000000028034741,,1780810776000,是老天爷在筛选吗，感觉每年都有这些情况的人,d9d38b66628f358a,*,1,0,,广东,1787486391223
14,complete,GK2026D1,6a24d5cd000000003502b68d,6a250423000000002902caef,6a24f2990000000029026215,1780810787000,哈哈哈🤣,028bc5acea9ffdc6,星***.,0,0,,广东,1787485495584
14,complete,GK2026D1,6a24d5cd000000003502b68d,6a250426000000002701c9f2,,1780810790000,这些都是陪考的npc,75abc387dba91289,蘑***点,0,0,,浙江,1787486391222
14,complete,GK2026D1,6a24d5cd000000003502b68d,6a250426000000002902666e,6a24f990000000002701d88c,1780810791000,迟到还能理解，因为不一定都是拖拉导致的，有可能是路上突发状况。但是其他的忘了，是真不能理解,6da3e449988543ad,*,9,0,,广西,1787485358693
14,complete,GK2026D1,6a24d5cd000000003502b68d,6a2504380000000028031ce6,,1780810809000,每年都有类似新闻出来，年年考年年错,1de2f8501d5ddd9a,F***Y,0,0,,重庆,1787486374287
14,complete,GK2026D1,6a24d5cd000000003502b68d,6a250444000000002b0272ea,,1780810820000,感动 这会没时间 一会哭,b3db16bf4713dafa,神***点,0,0,,陕西,1787486374286
14,complete,GK2026D1,6a24d5cd000000003502b68d,6a25045a000000002b0012b1,,1780810842000,找不到就不用考了，直接在家睡觉多好,b5813dee95b9eef5,大***管,0,0,,河北,1787486374286
14,complete,GK2026D1,6a24d5cd000000003502b68d,6a25048900000000280098fb,,1780810890000,别难为其他工作人员了，这种类似的娃，学个挖掘机都能把挖掘机开沟里，考不考的意义都不大。人生第一次决定命运的事，这忘了那忘了，迟到的，自己不操心，家长也不管，送个外卖都成天差评。,e3f347e9e8fec445,L***H,1,0,,陕西,1787486374285
14,complete,GK2026D1,6a24d5cd000000003502b68d,6a250494000000002901ac8d,6a24f47200000000270157d5,1780810900000,外卖不好送啊,3c46415c7f221205,水***贝,0,0,,北京,1787487302456
14,complete,GK2026D1,6a24d5cd000000003502b68d,6a250496000000002a00714d,6a24f990000000002701d88c,1780810902000,别说高考了，就小学期中期末考试，孩子说老师说备三支笔，我都给他备六支，所有东西看了一遍又一遍，万一呢[捂脸R]还有平时要办事身份证户口本原件复印件看了又看，怕漏都会装一起，放在出门必须看到的地方，身份证这东西平时又不用，装好备好万无一失啊！但是很多人临出门才找，，，,b9e5775516312516,锅***拉,5,0,,广东,1787485360327
14,complete,GK2026D1,6a24d5cd000000003502b68d,6a25049f000000002803fb7e,,1780810911000,是挺突然的,9f08d245b0abfa9e,杭***糕,0,0,,浙江,1787486374285
14,complete,GK2026D1,6a24d5cd000000003502b68d,6a2504a5000000002803ad77,,1780810917000,这次忘带准考证身份证原谅你，将来要是送错我的外卖，我的准时宝可不是开玩笑的,d8b5337cd33fe12f,t*,62,8,,浙江,1787487403663
14,complete,GK2026D1,6a24d5cd000000003502b68d,6a2504d1000000002803b831,,1780810961000,我就服气了，早都干啥去了，迟到的，找错学校的，丢准考证的，找不到身份证的,c792a29242c456e4,春***开,0,0,,江苏,1787486374284
14,complete,GK2026D1,6a24d5cd000000003502b68d,6a2504e7000000002b028a81,,1780810984000,送外卖也怕忘了取餐[捂脸R],beb8aac03608b36f,N***h,0,0,,广东,1787486374284
14,complete,GK2026D1,6a24d5cd000000003502b68d,6a2504f7000000002803811f,6a24ef84000000002a02c92b,1780811000000,你先走出大山再说吧[捂嘴笑R],410a4a673c417eb7,S***影,0,0,,北京,1787487521064
14,complete,GK2026D1,6a24d5cd000000003502b68d,6a250506000000002702cea8,6a24f47200000000270157d5,1780811015000,这样的，送外卖也够呛,6eef353e1464ea84,无***纸,0,0,,江苏,1787487302457
14,complete,GK2026D1,6a24d5cd000000003502b68d,6a25050b000000002b0035c1,6a2504a5000000002803ad77,1780811019000,哈哈哈哈,bce24152f4d2f6bc,那***跑,0,0,,福建,1787487536069
14,complete,GK2026D1,6a24d5cd000000003502b68d,6a25050e0000000027017ac7,,1780811022000,像这种直接第二年再靠。又不是高考的第一年。年年说年年都会有这种情况,1e6a1d1c5aa69e09,小***2,0,0,,四川,1787486374283
14,complete,GK2026D1,6a24d5cd000000003502b68d,6a250520000000002a031cac,,1780811040000,每年都有这种 这么大的事 不带证件 这种学生考不考应该没差吧,48629ac8db2d70e8,🎈***Q,1,0,,陕西,1787486374282
14,complete,GK2026D1,6a24d5cd000000003502b68d,6a250529000000002903667f,,1780811050000,年年都有这种人，,f2d8fae9f82fb4a7,雨*,0,0,,贵州,1787486374280
14,complete,GK2026D1,6a24d5cd000000003502b68d,6a250534000000002903684a,6a2503d0000000002a025be9,1780811060000,哈哈哈鬼把身份证藏起来了,bce24152f4d2f6bc,那***跑,0,0,,福建,1787486441400
14,complete,GK2026D1,6a24d5cd000000003502b68d,6a2505350000000029018775,,1780811061000,这种考生年年有，一点不同情，视频不知道燃什么,099b95f382831ec0,豆*,0,0,,广东,1787487842921
14,complete,GK2026D1,6a24d5cd000000003502b68d,6a250556000000002a0326ef,,1780811095000,忘带身份证还考什么式,db765f271a96c31c,哒***),0,0,,上海,1787486357567
14,complete,GK2026D1,6a24d5cd000000003502b68d,6a25055900000000280353f8,,1780811097000,服了这些[捂脸R],27652f7b11f475cd,瓜*,0,0,,江苏,1787486357567
14,complete,GK2026D1,6a24d5cd000000003502b68d,6a25056500000000290137c0,,1780811110000,这种人考上了还有什么用,33b68a379c9c09c7,仙***钧,0,0,,河南,1787487826090
14,complete,GK2026D1,6a24d5cd000000003502b68d,6a2505760000000027023483,6a24f47200000000270157d5,1780811126000,哈哈哈，别侮辱了外卖员，外卖员大多都是聪明伶俐的[偷笑R][偷笑R],414736e7c2a46baf,小***呀,0,0,,江苏,1787487386899
14,complete,GK2026D1,6a24d5cd000000003502b68d,6a2505790000000028039fa6,,1780811129000,忘带了，那就别考了，大学别念了，直接进社会吧。这么重要的事情都能忘了,3205f24a68dde743,山***中,2,0,,浙江,1787486357566
14,complete,GK2026D1,6a24d5cd000000003502b68d,6a25057c000000002702ec43,,1780811132000,每年都报这个新闻，有意思吗,dfc8e91d922c2d12,粉***🌸,1,0,,福建,1787486357565
14,complete,GK2026D1,6a24d5cd000000003502b68d,6a25058a000000002803ef23,6a250048000000002900ed95,1780811146000,因为那些“人”就是视频里这样的,410a4a673c417eb7,S***影,0,0,,北京,1787486491915
14,complete,GK2026D1,6a24d5cd000000003502b68d,6a25059c000000002803a83e,6a24f47200000000270157d5,1780811165000,也干不了别的 就这🧠,036b6dbe6067488c,十***郭,0,0,,天津,1787487302457
14,complete,GK2026D1,6a24d5cd000000003502b68d,6a2505a2000000002a026b9b,,1780811170000,这么重要的事情都能忘，无语😓,f4754aa5b3f64efe,h***g,0,0,,美国,1787486357565
14,complete,GK2026D1,6a24d5cd000000003502b68d,6a2505a7000000002701de94,,1780811175000,对这些不带身份证的，真的是无语。,d9b5a5ecdd5b6906,我***逛,0,0,,安徽,1787486357564
14,complete,GK2026D1,6a24d5cd000000003502b68d,6a2505e80000000027020d97,,1780811240000,出门的时候突然找不到了，头一天睡觉前就把身份证，文具放一起有那么难吗？直接贴在你家门把锁上，还会忘记吗？妈的，这种考生和家长除了浪费社会资源外，直接放弃吧，活起也是凑人数[笑哭R],022196108586ca5c,阿***叔,0,0,,四川,1787488146531
14,complete,GK2026D1,6a24d5cd000000003502b68d,6a2505f8000000002902dc53,,1780811257000,快递驿站缺人，快来上班吧孩子,c7947194301b0316,空***⬜,0,0,,甘肃,1787486357563
14,complete,GK2026D1,6a24d5cd000000003502b68d,6a2505fa000000002b027a33,,1780811259000,忘带身份证，还能不能忘记吃饭？？,162a3d0a4e093426,白*,0,0,,四川,1787486357562
14,complete,GK2026D1,6a24d5cd000000003502b68d,6a250605000000002800acbf,,1780811270000,身份证都能忘带，还是老实去流水线吧,72bc891104f0e506,S***A,0,0,,湖北,1787487826090
14,complete,GK2026D1,6a24d5cd000000003502b68d,6a250618000000002b027fa0,,1780811289000,为啥不直接去送外卖[捂脸R],7b90ccfd783aeeff,y***i,0,0,,辽宁,1787486357561
14,complete,GK2026D1,6a24d5cd000000003502b68d,6a250621000000002803d551,,1780811297000,不带身份证，忘带准考证，是因为他们知道，有人会帮他们拿，已经是成年人了，应该对自己的行为负责，不应该让公共资源为他们的行为买单。,a8ea7e309cfc6fb3,丑***怪,0,0,,湖北,1787486357560
14,complete,GK2026D1,6a24d5cd000000003502b68d,6a25062b000000002902e4ae,,1780811307000,吃饱了撑的，自己的事都弄不好，你帮他让他考有用吗，这种不负责任的人考上了又能怎样，对自己的不负责任对别人还有事能负责任吗,bf0f65295fbcab4f,素***作,0,0,,河北,1787487826090
14,complete,GK2026D1,6a24d5cd000000003502b68d,6a25062e000000002702d3c9,,1780811310000,每年……每一年……服了,d949d251e66ae290,K*,0,0,,北京,1787486324110
14,complete,GK2026D1,6a24d5cd000000003502b68d,6a25063b000000002800b9d7,6a2504a5000000002803ad77,1780811324000,你失业的时候  也不是开玩笑的,85d5ab071bdbd180,重***理,0,0,,四川,1787487537737
14,complete,GK2026D1,6a24d5cd000000003502b68d,6a2506420000000028038e0b,,1780811330000,这样帮他等于害了他！,89065199a00e7d61,低*,0,0,,广东,1787487826089
14,complete,GK2026D1,6a24d5cd000000003502b68d,6a250653000000002b028a1e,,1780811348000,这种人还考啥！直接去送外卖能少走很多弯路，还能省很多学费，最后结果是一样的。,fa071a0d2659786f,小***6,0,0,,广东,1787487826089
14,complete,GK2026D1,6a24d5cd000000003502b68d,6a25065c000000002900e233,6a24f47200000000270157d5,1780811357000,会丢件的,2b7662bec1f790bd,喜***徐,0,0,,浙江,1787487302458
14,complete,GK2026D1,6a24d5cd000000003502b68d,6a25065e000000002803949d,,1780811359000,这些人就是天选外卖员，入职以后最好别丢餐。,410a4a673c417eb7,S***影,1,0,,北京,1787487826088
14,complete,GK2026D1,6a24d5cd000000003502b68d,6a250665000000002a024f50,,1780811365000,每年都有人丢这丢那,1fcfa55b7caa2f47,小***B,0,0,,广东,1787486324110
14,complete,GK2026D1,6a24d5cd000000003502b68d,6a250667000000002701cabf,6a24f47200000000270157d5,1780811368000,送殡仪馆吧,720a39ba9f00d83d,吃***？,0,0,,福建,1787487386899
14,complete,GK2026D1,6a24d5cd000000003502b68d,6a2506780000000028035758,,1780811384000,越有后盾，越会有人这样,2b7662bec1f790bd,喜***徐,0,0,,浙江,1787486324109
14,complete,GK2026D1,6a24d5cd000000003502b68d,6a2506a5000000002a0049a2,6a24f47200000000270157d5,1780811430000,外卖都忘带了，你吃个啥子,981f2a3dbe384b7b,j***r,0,0,,河北,1787487386900
14,complete,GK2026D1,6a24d5cd000000003502b68d,6a2506a8000000002702f22a,,1780811432000,多余帮这种人,ba6d26c629f5ab50,9***咯,1,2,,四川,1787486324109
14,complete,GK2026D1,6a24d5cd000000003502b68d,6a2506a9000000002702f28a,,1780811434000,不是头一天晚上都放一块，一个袋子里么,8dea3a504fac4dc3,黑***子,0,0,,山东,1787486324108
14,complete,GK2026D1,6a24d5cd000000003502b68d,6a2506c500000000280097c8,,1780811462000,这么重要的时候 不提前一周找出来嘛[捂脸R] 要是我孩子 我每天都给他看一遍 还能出门前发现找不到了？[失望R],39b982205ed87940,我***g,0,0,,北京,1787487826088
14,complete,GK2026D1,6a24d5cd000000003502b68d,6a2506d00000000029018fca,,1780811473000,他就不想考，何必勉强他的？每年淘汰赛理由最多。,b9b2d02be9bc9e7f,北*,0,0,,新疆,1787487826087
14,complete,GK2026D1,6a24d5cd000000003502b68d,6a2506d20000000028009abb,6a2504a5000000002803ad77,1780811474000,优秀！,5578c4a8bb5e5fae,Y***i,0,0,,天津,1787487537733
14,complete,GK2026D1,6a24d5cd000000003502b68d,6a2506d4000000002b00064e,,1780811477000,彳亍,510aa6412fcfa193,小***依,0,0,,广西,1787486324108
14,complete,GK2026D1,6a24d5cd000000003502b68d,6a2506da0000000027016b67,6a25063b000000002800b9d7,1780811482000,？你高考忘带身份证了？,1a7a03f5229641ff,草***🥕,2,0,,浙江,1787487554657
14,complete,GK2026D1,6a24d5cd000000003502b68d,6a2506e7000000002b02a488,,1780811496000,明天也别考了上工地去吧,217092bf89159f95,爱***汁,0,0,,福建,1787487826086
14,complete,GK2026D1,6a24d5cd000000003502b68d,6a2506f4000000002b02a6ba,,1780811509000,这就是京爷的松弛感,164baea9d9f3a1e3,大***7,0,0,,浙江,1787486324107
14,complete,GK2026D1,6a24d5cd000000003502b68d,6a25070e0000000027020e7b,6a24f47200000000270157d5,1780811535000,现在不是什么工作都要人[吃瓜R],3ece4471ba2209b4,融***了,0,0,,广西,1787487319272
14,complete,GK2026D1,6a24d5cd000000003502b68d,6a25071d0000000029019dce,6a2506a8000000002702f22a,1780811550000,真的有厌蠢症，年年都有,7477afd418ef6f5e,木***尔,1,0,,安徽,1787486340910
14,complete,GK2026D1,6a24d5cd000000003502b68d,6a250735000000002901a236,,1780811574000,重大考试，第一天提前准备好所有考试用品，两人交叉按核对单比对勾选。准备好后就不要去动，放在两个人都知道的固定位置。,c92f0c6621308309,m***o,0,0,,重庆,1787486324106
14,complete,GK2026D1,6a24d5cd000000003502b68d,6a25073e000000002702a30f,,1780811583000,迟到，丢准考证，忘带身份证，年年有，这种人，还有什么资格参考。要不这样吧，每年高考时，所有考生被集中起来送到指定宾馆，所有考生的准考证和身份证，都换成电子的刷脸就行，或者打指纹，然后由大巴送到指定考点，全程都是妈宝级的待遇，怎么样。,7b84c1891d399c53,飞*,0,0,,宁夏,1787488146530
14,complete,GK2026D1,6a24d5cd000000003502b68d,6a2507670000000027015033,,1780811623000,就这么突然吗,3ecaf8a029fc9cb4,偷***水,0,0,,安徽,1787486324105
14,complete,GK2026D1,6a24d5cd000000003502b68d,6a250768000000002a00684d,6a24f47200000000270157d5,1780811625000,没带身份证也没办法去站点报道,68d9fe4cd44b8312,喔***o,0,0,,福建,1787487319273
14,complete,GK2026D1,6a24d5cd000000003502b68d,6a25076f00000000280325bd,,1780811632000,突然找不到 不是全部提前装到一个袋子里吗 也是佩服,40785181c6306a68,想***儿,0,0,,贵州,1787486324104
14,complete,GK2026D1,6a24d5cd000000003502b68d,6a250773000000002701c642,,1780811635000,啊哈哈哈哈哈哈,b1831d0ef21b13dd,И***Н,0,0,,天津,1787486307334
14,complete,GK2026D1,6a24d5cd000000003502b68d,6a2507770000000029024404,,1780811640000,昨天晚上就应该将必带品全部清查一下   ,513f1451f6ada563,老*,0,0,,上海,1787486307333
14,complete,GK2026D1,6a24d5cd000000003502b68d,6a250779000000002a0240c0,,1780811641000,你们太小看送外卖的了，这种人送外卖小区门都进不去你们信不信,f958db5b7867a812,蓝***生,0,0,,江苏,1787487826084
14,complete,GK2026D1,6a24d5cd000000003502b68d,6a25077a000000002701c78c,,1780811642000,每年都是这些新闻，没内容吗？要培育他们不要不去恋爱不去做丁克。,2bea76c8bc5ac4e7,*,0,0,,广东,1787486307333
14,complete,GK2026D1,6a24d5cd000000003502b68d,6a250790000000002b00259b,,1780811664000,高考既然那么重要，为什么这些不是提前准备好，这些都要发生真的不用去考了,b1450580688b5226,c*,0,0,,上海,1787486307332
14,complete,GK2026D1,6a24d5cd000000003502b68d,6a250797000000002701cd79,,1780811671000,每年都有这种点心,b1831d0ef21b13dd,И***Н,0,0,,天津,1787486307331
14,complete,GK2026D1,6a24d5cd000000003502b68d,6a2507a5000000002803f252,6a2506a8000000002702f22a,1780811686000,不帮学生会觉得是外部原因导致他没考好的，这时候谁都不敢得罪高考生，哪怕是学渣,e2294a8312c951f5,冥***🥕,1,0,,江苏,1787486339116
14,complete,GK2026D1,6a24d5cd000000003502b68d,6a2507ac0000000028008c60,,1780811693000,弱智,748286d864c7f8b3,哈***儿,0,0,,重庆,1787488146530
14,complete,GK2026D1,6a24d5cd000000003502b68d,6a2507b4000000002803a05b,,1780811701000,不要介入他人因果,ef3b194b400eb9ca,豆***书,0,0,,北京,1787486307331
14,complete,GK2026D1,6a24d5cd000000003502b68d,6a2507c1000000002701d76e,,1780811714000,[笑哭R]这…何尝不是一种筛选呢,91a8883bdacd00b9,善***如,0,0,,广西,1787486307330
14,complete,GK2026D1,6a24d5cd000000003502b68d,6a2507c5000000000d022801,6a24f47200000000270157d5,1780811717000,我怕他超时[doge],6b3a967c76c30be7,m***o,0,0,,澳大利亚,1787487319274
14,complete,GK2026D1,6a24d5cd000000003502b68d,6a2507d2000000002701dbf1,6a250048000000002900ed95,1780811731000,被点急的人是那样的,1a7a03f5229641ff,草***🥕,1,0,,浙江,1787486491916
14,complete,GK2026D1,6a24d5cd000000003502b68d,6a2507d50000000028037267,,1780811734000,这还是高中筛选过的，要是普及高中，人数得翻几番[笑哭R],36cbc938161ee85c,m***o,0,0,,四川,1787486307329
14,complete,GK2026D1,6a24d5cd000000003502b68d,6a2507ed000000002a007f7d,,1780811757000,每年出这种事大家都要骂，他们怎么还敢啊，自己不上心吗[呃R],c47ea8797628e1dd,在***.,0,0,,四川,1787487808888
14,complete,GK2026D1,6a24d5cd000000003502b68d,6a2507f1000000002901139a,,1780811761000,有没有可能有人偷走了[捂脸R],a2094436190e2b27,玉***包,0,0,,安徽,1787486307328
14,complete,GK2026D1,6a24d5cd000000003502b68d,6a2507f9000000002901852d,,1780811770000,我公司前台文员，大学生，我们四个人从郑州去广州出差，让她订机票和酒店，然后，她订了四张：郑州-广州，然后我们出差结束，让她订回去的票，她订了四张：郑州-广州，然后我们到机场办理登机牌，感觉不对劲，然后进安检时被拦住，说你这个是郑州出发 我们这里是广州[笑哭R] 然后……，后面回去后，她哭着诉苦，她为什么24岁才毕业，父母记错自己几岁，所以晚读了一年小学，考高忘记拿身份证，准考证，压根就连文具都没拿，最后没考成，复读了一年。所以……,1903666a30ae1fd7,魔***👿,0,0,,甘肃,1787487808888
14,complete,GK2026D1,6a24d5cd000000003502b68d,6a2507fa000000002a02e7f5,,1780811770000,最新一批骑手和快递员即将出炉～,e55d77d9cd7a877b,我***说,0,0,,广东,1787486307327
14,complete,GK2026D1,6a24d5cd000000003502b68d,6a2507fd000000002902f8bd,,1780811773000,这就别考了,6cb69aa7a5ac6f96,老*,0,0,,江苏,1787487808887
14,complete,GK2026D1,6a24d5cd000000003502b68d,6a2507ff000000002702082a,,1780811775000,这种人就该被淘汰,9b225025b0e030cd,小***F,0,0,,江苏,1787488146529
14,complete,GK2026D1,6a24d5cd000000003502b68d,6a250802000000002701764e,,1780811778000,还考啥 你咋不玩失踪[笑哭R],7c44d0e5ddb53f6d,趙***i,0,0,,山东,1787486289960
14,complete,GK2026D1,6a24d5cd000000003502b68d,6a250803000000002a031d75,,1780811780000,[抠鼻R]考试身份证找不到还是别考了，去送外卖吧，连个身份证都看不好的人当保安都看不好人[抠鼻R],e2ff5a0631b02721,我***急,0,0,,江苏,1787487808886
14,complete,GK2026D1,6a24d5cd000000003502b68d,6a250812000000002702c782,,1780811794000,服务真好[偷笑R],e4397565e844d5f5,狐*,0,0,,北京,1787486289960
14,complete,GK2026D1,6a24d5cd000000003502b68d,6a25081c000000002a025fb2,6a25063b000000002800b9d7,1780811805000,你这么激动干嘛？说你了？[doge],e2ff5a0631b02721,我***急,1,0,,江苏,1787487554659
14,complete,GK2026D1,6a24d5cd000000003502b68d,6a250829000000002800a907,,1780811817000,考试前一天晚上，老师们都会让大家把所有的文件放一个袋子里，还有清单呢，咋会忘呢？,13b5ec96355439b8,-***-,0,0,,广东,1787486289959
14,complete,GK2026D1,6a24d5cd000000003502b68d,6a25082f0000000027021354,,1780811823000,当年我就早上给祖先装了香，吃了提前买的早餐面包，喝了一盒牛奶。就自己打车出门去考场。这劳师动众还能忘记带[失望R]提前放好还能怎么忘了带。,b245bf76ffa097e7,少***薯,0,0,,广东,1787486289958
14,complete,GK2026D1,6a24d5cd000000003502b68d,6a250833000000002b02a064,,1780811828000,[笑哭R]。连这个都能准备不到位，还能干啥,b70a59d1caa46977,*,0,0,,江苏,1787487808886
14,complete,GK2026D1,6a24d5cd000000003502b68d,6a250836000000002702cf92,,1780811830000,有沒有統計過這種忘記帶准考證跟身份證的？我相信幾乎都是學渣[捂脸R][捂脸R][捂脸R],00c9f7ee4b41b734,S***g,0,0,,福建,1787488146529
14,complete,GK2026D1,6a24d5cd000000003502b68d,6a2508380000000028034aee,6a24fad7000000002902d078,1780811832000,我觉得也是[笑哭R] 这还考啥啊,81d8fc515fcd0e61,陆***司,0,0,,北京,1787487453831
14,complete,GK2026D1,6a24d5cd000000003502b68d,6a25084f000000002800b1eb,6a24f47200000000270157d5,1780811856000,连父母都得一起去,385f6ad3bfc60cf3,大***爆,0,0,,福建,1787487319275
14,complete,GK2026D1,6a24d5cd000000003502b68d,6a25084f000000002902c67d,6a24f47200000000270157d5,1780811856000,送外卖在把我餐丢了[偷笑R],00c8be3cdfef34aa,亮*,0,0,,黑龙江,1787487319275
14,complete,GK2026D1,6a24d5cd000000003502b68d,6a250875000000002702de57,,1780811894000,虽然我也是一个很粗心大意的人，但是这种非常非常重要的时刻，难道不应该再三确认吗？我不明白为什么会有忘带身份证，走错考场这种事情发生,d949c1154f607903,*,0,0,,浙江,1787486289958
14,complete,GK2026D1,6a24d5cd000000003502b68d,6a2508780000000028038ed6,,1780811897000,每年都有[笑哭了R][笑哭了R],519f252bf48fa8c3,别***我,0,0,,山东,1787486289957
14,complete,GK2026D1,6a24d5cd000000003502b68d,6a25088c000000002b000c7b,6a24fad7000000002902d078,1780811916000,这种跟保胎似的。,cca8e16e79e3a240,时*,0,0,,湖北,1787487453832
14,complete,GK2026D1,6a24d5cd000000003502b68d,6a25088c000000002b000c7f,,1780811916000,这种货色送外卖都会跑错地方,051d1e333815bb77,m***o,0,0,,云南,1787488146528
14,complete,GK2026D1,6a24d5cd000000003502b68d,6a2508a2000000002a005ee2,6a24fad7000000002902d078,1780811939000,第一轮就...,2a8311afa5f85c4a,圈*,0,0,,上海,1787487453833
14,complete,GK2026D1,6a24d5cd000000003502b68d,6a2508b4000000002900ef65,6a24fcc800000000280318cb,1780811956000,父母不管也不至于这样啊，自己人生呢。,cef4cf97193768c2,菠***蜜,5,0,,广东,1787486591134
14,complete,GK2026D1,6a24d5cd000000003502b68d,6a2508b70000000027016367,,1780811960000,？真的是无语,5d7b0f05bb58cc47,是***🍒,0,0,,湖北,1787486289957
14,complete,GK2026D1,6a24d5cd000000003502b68d,6a2508be000000002a02c8bf,,1780811966000,电子厂入职都需要身份证，这种连厂都进不了,2d91b451fc3893e6,今***天,0,0,,广西,1787486289956
14,complete,GK2026D1,6a24d5cd000000003502b68d,6a2508c1000000002a027e23,,1780811970000,年年都有这种人，明知道考试提前一天不把自己要准备的东西准备好,d2a0eddf8cf561da,3***1,0,0,,浙江,1787487808885
14,complete,GK2026D1,6a24d5cd000000003502b68d,6a2508cc000000002b02bad5,,1780811980000,哈哈哈，评论区，多损呐,1480af2d4fc87c84,林*,0,0,,江苏,1787486289955
14,complete,GK2026D1,6a24d5cd000000003502b68d,6a2508d60000000029034b85,,1780811990000,年年都有，还考啥呀？趁他们的考试，没放假赶紧进厂报道吧,ca469e5eff6544c7,缘***鱼,0,0,,广西,1787486289953
14,complete,GK2026D1,6a24d5cd000000003502b68d,6a2508db0000000029010c91,6a25081c000000002a025fb2,1780811995000,扎他心了，[笑哭R],900157b5cb60cb6e,用***销,0,0,,北京,1787487537735
14,complete,GK2026D1,6a24d5cd000000003502b68d,6a2508da000000002a024301,,1780811997000,俺娃当年提前一天就住进学校了，哪会发生这种事。,82e78c3ddc7f2177,小***2,0,0,"http://sns-webpic-qc.xhscdn.com/202608231957/9dde106959f228bff4b17fef41a8e7c1/comment/1040g2h03213r0t1d7o605p73h3o0a191k0j3l1g!nd_whlt34_webp_wm_1,http://sns-webpic-qc.xhscdn.com/202608231957/4c8e8b5568d09813204dd7884cf90d5b/comment/1040g2h03213r0t1d7o5g5p73h3o0a191tcd0ml0!nd_whgt34_webp_wm_1,http://sns-webpic-qc.xhscdn.com/202608231957/18e43dd12644b9940900ddffd6b5686b/comment/1040g2h03213r0t1d7o505p73h3o0a191kq0hb50!nd_whgt34_webp_wm_1",广西,1787486273242
14,complete,GK2026D1,6a24d5cd000000003502b68d,6a2508e4000000002902477f,,1780812005000,我们那会高考啥服务都没有,712c9cb599cd84cf,多*,0,0,,天津,1787486273241
14,complete,GK2026D1,6a24d5cd000000003502b68d,6a2508fd000000002701e266,,1780812029000,这种都是活该的,20bf4732a9695d88,皇***衣,0,0,,广东,1787488146527
14,complete,GK2026D1,6a24d5cd000000003502b68d,6a2508fe000000002701e2bd,,1780812030000,20年前遇到这样情况！怎样处理的？,07ec7a2496fd726c,m***o,0,0,,广东,1787486273241
14,complete,GK2026D1,6a24d5cd000000003502b68d,6a250900000000002702feca,,1780812033000,忘这忘那，父母干啥吃的？孩子自己干啥吃的,fe9f3572049618e3,五***赢,0,0,,北京,1787487808885
14,complete,GK2026D1,6a24d5cd000000003502b68d,6a250907000000002b028471,,1780812040000,孩子你记住了，身份证可以忘记拿，也可以走错考场  因为警察叔叔可以帮你，但以后送 塔斯汀 的时候 千万别忘记拿可乐，我的差评可不是跟你开玩笑的[微笑R],0ae59888d1b79fae,鹿***呀,499,41,,山东,1787485207900
14,complete,GK2026D1,6a24d5cd000000003502b68d,6a25090d0000000028030c76,,1780812046000,这种跟保胎一样 不如让他们优胜劣汰[鄙视R],268781398ade35d7,这***么,0,0,,重庆,1787486273240
14,complete,GK2026D1,6a24d5cd000000003502b68d,6a250926000000002a02d929,,1780812070000,每年都有这样的，属实想不明白，还是不在乎[笑哭了R],dd1e129cc7e2dfcf,肆*,1,0,,安徽,1787486273240
14,complete,GK2026D1,6a24d5cd000000003502b68d,6a250932000000002900cc0e,,1780812083000,服了,7cde0dbcd780dca7,叫***系,0,0,,北京,1787486273239
14,complete,GK2026D1,6a24d5cd000000003502b68d,6a2509390000000027021357,,1780812089000,如果警察回去下班時說警官證找不到會怎樣？高考其實是真的在篩走一部分的人！你幫他一次！下次誰幫？,c6b8ca21f05a4ad2,怪***管,0,0,,中国香港,1787487808884
14,complete,GK2026D1,6a24d5cd000000003502b68d,6a2509410000000028034ce0,,1780812098000,明年的这个时候刷小红书 还是能看到迟到的 身份证掉了的 睡过头的,d5b28a38b359f326,地***鲜,0,0,,江西,1787486273238
14,complete,GK2026D1,6a24d5cd000000003502b68d,6a250958000000002803523c,,1780812120000,会不会有人偷了，咋还能突然不见了,2ef83217751b1609,V***d,0,0,,山东,1787486273238
14,complete,GK2026D1,6a24d5cd000000003502b68d,6a250977000000002b003373,,1780812152000,准备去打螺丝吧，那么不严谨的[捂脸R],b1985197694ca746,阿*,1,0,,广西,1787486273237
14,complete,GK2026D1,6a24d5cd000000003502b68d,6a25099800000000280392fa,,1780812184000,个人原因导致进不了考场的，就应该自己承担后果。,2aa9f201e8faa55a,一***米,1,0,,辽宁,1787486273236
14,complete,GK2026D1,6a24d5cd000000003502b68d,6a25099f000000002900e52b,6a250907000000002b028471,1780812191000,没事，干众包,2ef83217751b1609,V***d,24,0,,山东,1787485222909
14,complete,GK2026D1,6a24d5cd000000003502b68d,6a2509a2000000002900e5cc,6a24fd60000000002803fc7c,1780812194000,在这种大事前面，父母为什么不能提醒孩子，毕竟又没经验。照你这么说以后父母老了病了自己去医院呗又不是小孩，干嘛要儿女去照看,2b5c1bd288c3c50f,七***仔,1,0,,海南,1787486593395
14,complete,GK2026D1,6a24d5cd000000003502b68d,6a2509b1000000002803e6f1,,1780812209000,这种仪式感是有组织的吗,92053fc0fa7a7efb,w***7,0,0,,天津,1787486256381
14,complete,GK2026D1,6a24d5cd000000003502b68d,6a2509b500000000280368b0,,1780812213000,别考了 送外卖也不错,45bb665fa199656d,纪***🐟,0,0,,爱尔兰,1787486256380
14,complete,GK2026D1,6a24d5cd000000003502b68d,6a2509c1000000002b02649d,,1780812226000,其实这种人不给考就行,0bdd1e0972639593,*,0,0,,广东,1787486256379
14,complete,GK2026D1,6a24d5cd000000003502b68d,6a2509cf000000002900f077,,1780812239000,现在忘带身份证和准考证都没关系了，现场都有老师工作人员协助办理了？[捂脸R],5abec66231723d97,月***团,0,0,,北京,1787486256379
14,complete,GK2026D1,6a24d5cd000000003502b68d,6a2509d9000000002803ef44,6a24ff250000000027014d04,1780812249000,......戾气很重只能在网上diss下素未相识的网友显得自己还不错的loser一枚[doge],268781398ade35d7,这***么,1,0,,重庆,1787487910003
14,complete,GK2026D1,6a24d5cd000000003502b68d,6a2509e8000000002803762a,6a250907000000002b028471,1780812264000,哈哈哈,84c84dcec6f3027d,小*,2,0,,北京,1787485224537
14,complete,GK2026D1,6a24d5cd000000003502b68d,6a2509ef000000002900f8ea,,1780812272000,我老家有个学习挺好的姐 后面去考场的时候把身份证掉了 找不到很着急后面儿就反正根据警察还有一些好心人的帮助，进去考试了 现在去了山师  没必要对别人的出错这么大[笑哭R]人家真考上了又当缩头乌龟，没人想跟你风里雨里送外卖哈(没有说外卖员不好的意思 纯针对评论区某些人),c3c5eb7e6b4b80d0,怎***此,1,0,,山东,1787487808884
14,complete,GK2026D1,6a24d5cd000000003502b68d,6a2509f50000000028009913,,1780812277000,北京就是不一样,0fef0721f3b63854,小***椒,1,0,,河北,1787486256378
14,complete,GK2026D1,6a24d5cd000000003502b68d,6a250a0a000000002a027b44,,1780812298000,有这么难准备吗[微笑R],71f1dbb44cd3d221,阿***睡,1,0,,河北,1787486256377
14,complete,GK2026D1,6a24d5cd000000003502b68d,6a250a17000000002901acc2,,1780812312000,就这水平还高考[汗颜R],46d8022cabd1bac6,浮***u,0,0,,云南,1787487808882
14,complete,GK2026D1,6a24d5cd000000003502b68d,6a250a2a000000002902d9f5,6a24f47200000000270157d5,1780812330000,这种送外卖肯德基都能忘了拿可乐[笑哭R],9217945c2fad0afe,饮***茶,0,0,,安徽,1787487386901
14,complete,GK2026D1,6a24d5cd000000003502b68d,6a250a32000000002901b1a9,,1780812338000,人性这块!,b63d88a4cc18dc7b,宠***u,0,0,,广西,1787486256376
14,complete,GK2026D1,6a24d5cd000000003502b68d,6a250a38000000002a0067e8,6a24f47200000000270157d5,1780812345000,送外卖都忘记拿餐,4fca11538aee7485,小***D,0,0,,广西,1787487336100
14,complete,GK2026D1,6a24d5cd000000003502b68d,6a250a41000000002a00697f,,1780812353000,没必要考吧。。自己不上心。一般认真对待的提前一天会自己整理好,6977cc26a97255fa,冰***皮,2,0,,福建,1787486256376
14,complete,GK2026D1,6a24d5cd000000003502b68d,6a250a42000000000d022001,,1780812354000,年年都有找不到身份证的[捂脸R][捂脸R][捂脸R][捂脸R][捂脸R][捂脸R],eb0a70f8c76422d1,墨***司,0,0,,澳大利亚,1787486256375
14,complete,GK2026D1,6a24d5cd000000003502b68d,6a250a42000000002800abb0,,1780812355000,这种可以不考真的，就是你们一直在兜底，脑瓜子落家了，还考啥啊。,0aceb2a67489ea79,今***？,0,0,,黑龙江,1787487791386
14,complete,GK2026D1,6a24d5cd000000003502b68d,6a250a8a000000002800bc99,,1780812426000,这种直接筛选掉吧。,ac6d8865ca03014a,W***T,2,0,,云南,1787486256374
14,complete,GK2026D1,6a24d5cd000000003502b68d,6a250a97000000002900e020,,1780812440000,胖嘟嘟机器猫，警察,900a0bad574bdbe2,z***e,0,0,,云南,1787486239417
14,complete,GK2026D1,6a24d5cd000000003502b68d,6a250a9800000000290250e3,,1780812440000,不知道你们是怎样的，反正山西那边高考时基本都是住校，只有个别会回家住，来回考场都有专车，会提前一小时到考场   考试除了用具其他都是老师统一保管的  到考场才给你,3c589c376e6501b4,左***月,0,0,,广东,1787486239416
14,complete,GK2026D1,6a24d5cd000000003502b68d,6a250a9d000000002701c822,,1780812445000,忘记身份证准考证迟到的考生就不要想着后悔了，这种事都能发生，就算让你考了，毕业也没什么出息，不如现在找份工作打螺丝送外卖，别去浪费时间跟金钱去读书了！,05362bdbf1eb87fa,明*,0,0,,广东,1787486239416
14,complete,GK2026D1,6a24d5cd000000003502b68d,6a250aa4000000002b002ad9,,1780812453000,出门的时候身份证突然不见了[黑薯问号R],193ab38f94b13410,现***基,1,0,,浙江,1787486239415
14,complete,GK2026D1,6a24d5cd000000003502b68d,6a250aaa0000000028032b1b,6a24f990000000002701d88c,1780812459000,你不明白的事可多了,727360e9f04db28d,香***卡,0,0,,马来西亚,1787485395083
14,complete,GK2026D1,6a24d5cd000000003502b68d,6a250ab0000000002b0290fd,,1780812464000,评论里一堆一个月赚几千块的嘲笑人家，可悲啊,8dfa1a21d1d35488,你***😊,0,0,,广东,1787488146527
14,complete,GK2026D1,6a24d5cd000000003502b68d,6a250ab7000000002702290b,,1780812471000,我们高中住校，所有东西都是自己准备的，父母也没高考过，都不知道要做些什么。考完自己打包行李，坐中巴回家。,1f3c1e3bd6252b90,李***娘,1,0,,广东,1787486239415
14,complete,GK2026D1,6a24d5cd000000003502b68d,6a250ac4000000002702e9e6,,1780812485000,虽然但是，真的厌蠢。就不能提前一天晚上，所有东西收拾好，都放笔袋里，很难吗。,3efd2d53e2bbd68d,大***橘,0,0,,青海,1787487791385
14,complete,GK2026D1,6a24d5cd000000003502b68d,6a250ac40000000029018d42,6a24fab40000000028008680,1780812485000,是这个定律,9fa41bd3be041942,泥***！,0,0,http://sns-webpic-qc.xhscdn.com/202608232024/b8d4bf6e11a54515d469f057fa031381/comment/1040g4b83213rpssh7u005pichgu0uaido3eied8!nd_whgt34_webp_wm_1,广东,1787487908320
14,complete,GK2026D1,6a24d5cd000000003502b68d,6a250acd0000000028008b8c,,1780812493000,考试袋里装好需要的东西，考试的时候拎着袋子就走了,4388e10a5ccedf88,天*,0,0,,安徽,1787486239414
14,complete,GK2026D1,6a24d5cd000000003502b68d,6a250ae500000000270169f7,6a24f4f2000000002702ca39,1780812517000,送快递送外卖赔钱的非常多,ee9820eb6c062435,乔***哥,0,0,,江苏,1787487336101
14,complete,GK2026D1,6a24d5cd000000003502b68d,6a250ae6000000002902f9e2,,1780812518000,我们之前也讨论过这个问题，一个考前忘带这带那的，还考个啥[汗颜R],369a6de675dcb251,今***比,0,0,,湖南,1787487791385
14,complete,GK2026D1,6a24d5cd000000003502b68d,6a250afd000000002702f807,,1780812541000,每年都有，这种考生和家长都是马大哈,230d453fe9d76de0,在***薯,0,0,,湖北,1787487791384
14,complete,GK2026D1,6a24d5cd000000003502b68d,6a250b09000000002a026924,,1780812553000,也是一种筛选,5dc3f65d5ce46e37,陈***亨,0,0,,广东,1787486239414
14,complete,GK2026D1,6a24d5cd000000003502b68d,6a250b10000000002803038f,,1780812561000,还好没忘记呼吸,8c5c2d0659695277,S***e,1,0,,北京,1787486239413
14,complete,GK2026D1,6a24d5cd000000003502b68d,6a250b14000000002803044a,,1780812564000,总有些人不重视的,52183e406a62eb94,斌*,0,0,,广西,1787486239412
14,complete,GK2026D1,6a24d5cd000000003502b68d,6a250b2a000000002a00550f,,1780812586000,这么重要的场合都能忘,e5112af4ea74b8e4,初***e,0,0,,辽宁,1787486239411
14,complete,GK2026D1,6a24d5cd000000003502b68d,6a250b2c00000000290269d7,,1780812589000,每年都会避免不了有这种现象,9fa41bd3be041942,泥***！,0,0,http://sns-webpic-qc.xhscdn.com/202608231957/996bee782e4453ed8ed3aeabc03c61c8/comment/1040g4b83213rpssh7u105pichgu0uaidrtem758!nd_whgt34_webp_wm_1,广东,1787486222688
14,complete,GK2026D1,6a24d5cd000000003502b68d,6a250b310000000027029115,6a250907000000002b028471,1780812594000,@窝瓜瓜 妈的上次就是没给我送可乐[生气R][生气R],6ad80626aa4b204e,呆***瓜,1,0,,广东,1787485326665
14,complete,GK2026D1,6a24d5cd000000003502b68d,6a250b5b000000002701f2d3,,1780812636000,基本上都是可考可不考的学生。,53344ef5b9503ada,独***雪,2,0,,吉林,1787486222688
14,complete,GK2026D1,6a24d5cd000000003502b68d,6a250b7800000000280383ad,,1780812665000,都是妈宝无语,574309b44ada8b0f,烟*,0,0,,上海,1787486222687
14,complete,GK2026D1,6a24d5cd000000003502b68d,6a250b800000000029013176,6a24f47200000000270157d5,1780812673000,送外卖，都可能忘记拿餐就走了[捂脸R][捂脸R][捂脸R][捂脸R][捂脸R],358374524ae5a4d3,林***7,0,0,,北京,1787487336102
14,complete,GK2026D1,6a24d5cd000000003502b68d,6a250b8c000000002a033b89,,1780812684000,为啥能忘了，实在无法理解,13311d21f84a1857,你***光,0,0,,福建,1787486222687
14,complete,GK2026D1,6a24d5cd000000003502b68d,6a250b9900000000280322c2,6a2504a5000000002803ad77,1780812697000,哈哈哈哈哈哈哈哈哈,358374524ae5a4d3,林***7,0,0,,北京,1787487537735
14,complete,GK2026D1,6a24d5cd000000003502b68d,6a250b9c000000002a00684d,,1780812700000,我觉得当年什么都是我自己准备，而如今，全天下都在为你们停下来，你还丢三落四。我真怕你送外卖把外卖整丢了，,5308f5c476012c8e,乡***）,0,0,,四川,1787486222686
14,complete,GK2026D1,6a24d5cd000000003502b68d,6a250ba6000000002701c43e,,1780812711000,该干嘛就赶紧去干吧[笑哭R],cb2675d8bb1fa5f8,猫***大,0,0,,广西,1787486222685
14,complete,GK2026D1,6a24d5cd000000003502b68d,6a250ba60000000029027d04,,1780812711000,什么叫突然间找不到了,9f38f0ce4164a4be,欧***咔,1,0,,北京,1787486222684
14,complete,GK2026D1,6a24d5cd000000003502b68d,6a250ba9000000002b0276a5,,1780812714000,证件这么重要的东西不应该至少前几天就开始检查准备好吗[呃R],fc3dd98ca312a413,吃***视,0,0,,广东,1787486222684
14,complete,GK2026D1,6a24d5cd000000003502b68d,6a250bae000000002900dfa9,,1780812719000,晚上都准备好放桌上还会出问题吗？,027ea952f338f53c,宗***河,0,0,,浙江,1787486222683
14,complete,GK2026D1,6a24d5cd000000003502b68d,6a250bb4000000002702e086,,1780812725000,为啥年年都有[捂脸R],5d5a6ec3ec4a4c93,变***）,7,9,,北京,1787487403664
14,complete,GK2026D1,6a24d5cd000000003502b68d,6a250bb80000000029027ff0,,1780812728000,这种人不值得同情，做啥基本不会成,da865092508faa97,暮***城,0,0,,四川,1787487791384
14,complete,GK2026D1,6a24d5cd000000003502b68d,6a250bbb0000000027022713,6a24f47200000000270157d5,1780812732000,送外卖也估计难得进来。,2aa98bf31e7d4cd0,秀***🎣,0,0,,湖南,1787487336103
14,complete,GK2026D1,6a24d5cd000000003502b68d,6a250bc9000000002b02844e,,1780812745000,为什么搞的那么复杂呢？本来孩子在高考期间心情紧张，能不能搞了简单一点,effe045089012ab8,小***8,0,0,,上海,1787486222681
14,complete,GK2026D1,6a24d5cd000000003502b68d,6a250bd5000000002902e447,,1780812757000,戶籍證明要收費嗎？,940380dd2037b509,p***K,0,0,,泰国,1787486205736
14,complete,GK2026D1,6a24d5cd000000003502b68d,6a250beb00000000270232f3,,1780812779000,评论区都说送外卖，我体验过送外卖，外卖员的脑子得非常清楚有耐心细心，别小看外卖员,fe55520673c2ac1d,目***斤,39,13,,山东,1787485207903
14,complete,GK2026D1,6a24d5cd000000003502b68d,6a250bef000000002a030b71,,1780812783000,头一天晚上在家都不要检查一下的吗？可能一家三口提前开香槟庆祝了,756be5273d0dd017,贵***叽,0,0,,上海,1787486205735
14,complete,GK2026D1,6a24d5cd000000003502b68d,6a250c0d000000002800968a,,1780812813000,其实每一个考点门口应该设立外卖岗位报名点，迟到的、忘带证件的、去错考点的，当场就直接签约，签5年劳动合同。人生最重要的事，本人和家庭都不重视，就应该直接分流了。,4ba6c32b33d3081a,k*,0,0,,北京,1787486205735
14,complete,GK2026D1,6a24d5cd000000003502b68d,6a250c130000000028033cc2,6a250907000000002b028471,1780812819000,没毛病,358374524ae5a4d3,林***7,1,0,,北京,1787485224538
14,complete,GK2026D1,6a24d5cd000000003502b68d,6a250c1a000000002902f0ff,,1780812826000,考生有问题，父母问题更大,aef8e14ee55160b7,雯***e,0,0,,湖北,1787486205734
14,complete,GK2026D1,6a24d5cd000000003502b68d,6a250c24000000002803ac67,,1780812836000,我亲戚专升本，第一年次考试睡过头了，第二年考试去了发现没带身份证，对他只有佩服两个字[笑哭R],5d9c8d1561174800,可***乐,0,0,,四川,1787486205734
14,complete,GK2026D1,6a24d5cd000000003502b68d,6a250c31000000002a031528,,1780812849000,蠢人,1f1ee629da21433d,一***T,0,0,,江西,1787488146526
14,complete,GK2026D1,6a24d5cd000000003502b68d,6a250c400000000027020671,,1780812864000,这类人，是为打螺丝而生的。,a5f20e43e4c1de49,l***g,0,0,,广东,1787487791383
14,complete,GK2026D1,6a24d5cd000000003502b68d,6a250c45000000002803fb51,,1780812869000,送外卖都不要,4f2cbc933fa5d28d,清***云,0,0,,江苏,1787486205733
14,complete,GK2026D1,6a24d5cd000000003502b68d,6a250c50000000002800a796,,1780812880000,身份证临时怯场，长腿跑了,38062d2007ce0b8e,沃***口,0,0,,福建,1787486205733
14,complete,GK2026D1,6a24d5cd000000003502b68d,6a250c53000000002a02653b,,1780812883000,这么重要的事儿居然都能整丢，嗐～,5e8abea5105286c7,马***计,0,0,,云南,1787486205732
14,complete,GK2026D1,6a24d5cd000000003502b68d,6a250c54000000002803fecd,,1780812884000,年年有这样的事[抠鼻R],caf50bd2cb956991,王***王,0,0,,山东,1787486205731
14,complete,GK2026D1,6a24d5cd000000003502b68d,6a250c80000000002800b33d,,1780812929000,我想知道前一天这些东西都不提前拿好的吗，早上出门才收拾？,fcece4674cef9a57,一***p,1,0,,安徽,1787486205730
14,complete,GK2026D1,6a24d5cd000000003502b68d,6a250cb80000000029026b56,6a24fad7000000002902d078,1780812984000,同意！附议！每年都有人丢三落四的，总惦记着有人帮忙兜底。[失望R],a1e436694a7e6b03,设***影,0,0,,广东,1787487453834
14,complete,GK2026D1,6a24d5cd000000003502b68d,6a250ce7000000002b000fe6,,1780813031000,忘记带身份证的 走错考场的 迟到的  男的送工地 女的送洗浴中心,58e0669052216dad,。***风,0,0,,广东,1787486188833
14,complete,GK2026D1,6a24d5cd000000003502b68d,6a250cee000000002902d6ae,,1780813038000,后勤保障就输了还考个P,94533716255785c2,d***d,0,0,,山东,1787487791383
14,complete,GK2026D1,6a24d5cd000000003502b68d,6a250cf7000000002702ee45,,1780813048000,没必要浪费社会资源给忘记带考试工具的人行便，老板只会直接开除,b2460afb5fd8287b,核***🌞,0,0,,广西,1787486188832
14,complete,GK2026D1,6a24d5cd000000003502b68d,6a250cfe00000000290348ae,,1780813055000,不用慌张，因为不影响打铁,ebc00a9d42400540,豆***哥,0,0,,北京,1787486188831
14,complete,GK2026D1,6a24d5cd000000003502b68d,6a250cff000000002900efa1,,1780813055000,不带就不带吧，这年月谁还想去替考[暗中观察R],cb65175b564970dd,李***甜,0,0,,河北,1787486188830
14,complete,GK2026D1,6a24d5cd000000003502b68d,6a250cff000000002901b06c,6a250beb00000000270232f3,1780813056000,就是，别侮辱外卖员了[doge],71ec9f9e6a985101,宸***姨,6,0,,江苏,1787485445375
14,complete,GK2026D1,6a24d5cd000000003502b68d,6a250d0d000000002b027248,,1780813069000,这些家长都是干啥的，高考前这些东西不是应该提前准备的吗？家长就不当回事,998bed88a6f348df,*,0,0,,甘肃,1787487791382
14,complete,GK2026D1,6a24d5cd000000003502b68d,6a250d190000000028033a41,,1780813081000,进工地吧。只能这样了。,a457984c9b193b6e,伊***E,0,0,,江西,1787486188829
14,complete,GK2026D1,6a24d5cd000000003502b68d,6a250d20000000002900f7ef,,1780813088000,说的对，这么重要的日子，早知道干嘛了，打仗是不是也能到时候忘记装子弹,c38c052cc2de9e25,繁***尽,7,1,,上海,1787486188828
14,complete,GK2026D1,6a24d5cd000000003502b68d,6a250d40000000002903548f,,1780813121000,评论区在干啥呢？直接去工地和外卖站是违法的，阻止人家不参加高考一切行为均是违法的，即使人家考不好也不能现在就直接不考试去那种地方，再说你咋就知道人家一定考不好呢？出现这种问题有啥大惊小怪的呢？还攻击人家家长，何必呢，这都是上天对他们的考验让他们知道高考很难，这样做起题时候就能认真答题，不辜负自己也不辜负警察，你们都啥心理啊真服了,004c98c90b6e4153,日***哥,0,0,,山东,1787487791381
14,complete,GK2026D1,6a24d5cd000000003502b68d,6a250d410000000028034056,,1780813121000,今天敢忘身份证，以后就敢忘取餐。,5e9b1b91d2b294ab,殺***丶,0,0,,广东,1787486188828
14,complete,GK2026D1,6a24d5cd000000003502b68d,6a250d48000000002803f8c7,,1780813129000,每年都有 打我记事起 就有忘带身份证 准考证的,e12cb8bd5a6d3f55,日***🌙,0,0,,天津,1787486188827
14,complete,GK2026D1,6a24d5cd000000003502b68d,6a250d5400000000280344ea,6a250907000000002b028471,1780813141000,哈哈哈哈哈哈哈,e12cb8bd5a6d3f55,日***🌙,1,0,,天津,1787485224539
14,complete,GK2026D1,6a24d5cd000000003502b68d,6a250d6f0000000028034b6c,,1780813167000,我看到是上一个迟到一分钟,100a234efbe335fe,柠***乐,0,0,,福建,1787486188826
14,complete,GK2026D1,6a24d5cd000000003502b68d,6a250d73000000002803100c,6a2504a5000000002803ad77,1780813171000,哈哈哈哈,e12cb8bd5a6d3f55,日***🌙,0,0,,天津,1787487537736
14,complete,GK2026D1,6a24d5cd000000003502b68d,6a250d78000000002701425f,6a24fad7000000002902d078,1780813177000,是的 而且我觉得从小就占用公共资源,81ef97799e82b272,艺***🐑,0,0,,荷兰,1787487470471
14,complete,GK2026D1,6a24d5cd000000003502b68d,6a250d98000000002800b1df,,1780813209000,年年都有 一个卡片子度看不住还能干点啥？,98fffddbdd9ad2a9,暗***动,0,0,,山西,1787486188824
14,complete,GK2026D1,6a24d5cd000000003502b68d,6a250d9b000000002803564e,,1780813211000,没有百分百的就应该万无一失的！！这种挺正常的，大家嘴上留德吧！！谁都不会在这世上一千年！！,ed3fc9f238a29f42,砰***蓬,0,0,,天津,1787486172171
14,complete,GK2026D1,6a24d5cd000000003502b68d,6a250da70000000028035973,6a250bb4000000002702e086,1780813224000,从我记事儿起， 高考每年都有忘带的 笑死了,e12cb8bd5a6d3f55,日***🌙,5,0,,天津,1787487569662
14,complete,GK2026D1,6a24d5cd000000003502b68d,6a250dac0000000029013a25,,1780813229000,这种人，活该,1b4aa405fa931635,达*,0,0,,重庆,1787488146524
14,complete,GK2026D1,6a24d5cd000000003502b68d,6a250dbe00000000270218a7,6a24fad7000000002902d078,1780813246000,同感，这种人一天到晚在想啥呢，提前不知道检查好,cf5fb95dd12b3f75,小*,0,0,,重庆,1787487487577
14,complete,GK2026D1,6a24d5cd000000003502b68d,6a250ddb000000002a027484,,1780813276000,年年这样真的不理解[抓狂R][抓狂R],407182f3948dbec6,大***佳,0,0,,上海,1787486172170
14,complete,GK2026D1,6a24d5cd000000003502b68d,6a250ddf000000002803d946,6a250beb00000000270232f3,1780813279000,是的，外卖员没这么没准头。,83d9779c170fc0ea,李***寥,6,0,,新疆,1787485426774
14,complete,GK2026D1,6a24d5cd000000003502b68d,6a250e100000000028039a31,,1780813328000,这就是纯概率问题了 人口基数太大 即便再重要的事儿 很难免有人 存心大意或突发状况 全社会之所以如此重视 多部门联合保障 就是人为的把这种概率降到最低,58b8cedbf08063b5,滦***磊,0,0,,河北,1787486172170
14,complete,GK2026D1,6a24d5cd000000003502b68d,6a250e28000000002a032f32,,1780813352000,这种重要东西咋丢的啊  不应该提前好久就在好好保管了吗  最起码前一天晚上要检查的吧？怎么会出现当天早上不见的情况,49444854977c8e42,*,1,0,,广东,1787486172169
14,complete,GK2026D1,6a24d5cd000000003502b68d,6a250e3300000000270233a6,,1780813364000,还有就是现在我们这边在下雷阵雨 估计很多考生被影响了（考试期间几个考点我们是设定的禁止小汽车通行的）,ebc83819cbf9e083,东*,0,0,http://sns-webpic-qc.xhscdn.com/202608231956/58fec361f1d2e16456ecfca2486e328c/comment/1040g4b83213s7a3u72dg5o64m8o0881bp8a8fl8!nd_whgt34_webp_wm_1,江西,1787486172169
14,complete,GK2026D1,6a24d5cd000000003502b68d,6a250e3b000000002702834b,,1780813372000,这种人还考个锤子！[弱R],967d7a27eb2226a4,M***r,0,0,,云南,1787488129874
14,complete,GK2026D1,6a24d5cd000000003502b68d,6a250e56000000002701e618,,1780813398000,有些人没筛选到你身上罢了[doge],ab99a58241181fb3,理***),0,0,,广东,1787487791380
14,complete,GK2026D1,6a24d5cd000000003502b68d,6a250e6b0000000028009fcb,,1780813419000,她开房的时候一定能找到身份证,f007365c30a428c3,小***4,1,0,,河北,1787486172168
14,complete,GK2026D1,6a24d5cd000000003502b68d,6a250e73000000002902d213,,1780813427000,评论区别侮辱外卖员，很多本科生研究生刚刚毕业暂时没找到工作去送外卖，还是外卖人员多棒啊 时间观念那么强 拼命努力只为让我吃上一口热乎饭，多么高尚的职业。,0408dccbac4116fe,月***士,0,0,,河南,1787487774419
14,complete,GK2026D1,6a24d5cd000000003502b68d,6a250e7b000000002702c742,,1780813436000,这种的就直接送到外卖站吧，比别人少走四年弯路[doge],1f981aea06c9067b,c***i,0,0,,辽宁,1787487774418
14,complete,GK2026D1,6a24d5cd000000003502b68d,6a250e7d000000002702059c,,1780813438000,年年科普年年发生，我就搞不懂了，口感喊的响，高考是人生大事，怎么人生大事还能这么吊儿郎当[捂脸R],53abc8a77e56d7de,差***了,0,0,,宁夏,1787486172167
14,complete,GK2026D1,6a24d5cd000000003502b68d,6a250e96000000002701438e,6a24fad7000000002902d078,1780813462000,[笑哭R]直接取消资格,0191e657e43a587a,泌***康,0,0,,广东,1787487470472
14,complete,GK2026D1,6a24d5cd000000003502b68d,6a250e97000000002a02c9d0,,1780813464000,祖国的未来在人生最重大的考试前这没带那没带还有迟到的,03699ba3c68a6d78,倪***),0,0,,北京,1787486172166
14,complete,GK2026D1,6a24d5cd000000003502b68d,6a250eb50000000027014a5c,6a25099f000000002900e52b,1780813494000,@星星,aeca6f4526d17002,林***。,0,0,,广东,1787485224540
14,complete,GK2026D1,6a24d5cd000000003502b68d,6a250eb9000000002a02cf66,,1780813497000,反正有应急措施  没啥问题的,eb56e09f421c6411,小***F,0,0,,安徽,1787486172166
14,complete,GK2026D1,6a24d5cd000000003502b68d,6a250ebb000000002900dce2,,1780813500000,为什么每年高考都有这样的情况呢[失望R],235d3cc144152b3c,我***朵,0,0,,湖南,1787486172164
14,complete,GK2026D1,6a24d5cd000000003502b68d,6a250ebe000000002701fec0,6a250907000000002b028471,1780813502000,我今天刚吃了塔斯丁[笑哭R],53abc8a77e56d7de,差***了,0,0,,宁夏,1787485224541
14,complete,GK2026D1,6a24d5cd000000003502b68d,6a250ec1000000002702a18e,6a250da70000000028035973,1780813506000,我也是[捂脸R]从自己高考到现在，年年都有,5d5a6ec3ec4a4c93,变***）,0,0,,北京,1787487571301
14,complete,GK2026D1,6a24d5cd000000003502b68d,6a250eca000000002a02d236,,1780813515000,惯着了呀！,fd5699a608f4867d,回***去,0,0,,湖北,1787487774418
14,complete,GK2026D1,6a24d5cd000000003502b68d,6a250ed4000000002702a5a1,,1780813524000,我就纳闷了，都知道要高考，身份证不应该提前找出来都放在一起吗[笑哭R]难道要等到高考的当天再去找身份证的嘛[暗中观察R][暗中观察R]，,2dd15787d0349295,桃***夭,0,0,,山东,1787487774417
14,complete,GK2026D1,6a24d5cd000000003502b68d,6a250ed5000000002701c386,,1780813526000,突然间找不到[扯脸H][扯脸H][扯脸H],30fe4e388a6268a2,荔***枝,0,0,,湖南,1787486138413
14,complete,GK2026D1,6a24d5cd000000003502b68d,6a250ed7000000002901bedd,,1780813528000,能干啥[捂脸R],b1f20c674237478c,果***界,6,4,,四川,1787486138412
14,complete,GK2026D1,6a24d5cd000000003502b68d,6a250ed7000000002b002514,,1780813528000,这种孩子就放弃了，不用考了，也考不上的,1d448d99d9fdf03b,黑***圈,0,0,,云南,1787486138412
14,complete,GK2026D1,6a24d5cd000000003502b68d,6a250ed900000000290102d4,,1780813530000,身份证我每天都带身上[呃R],477d84bc386e79d6,***🍀,0,0,,广东,1787486138411
14,complete,GK2026D1,6a24d5cd000000003502b68d,6a250edb000000002803d0dd,6a24fad7000000002902d078,1780813532000,每一年都有这些货的，真的天道筛选，赴考携带相应证件技能都没有能干什么呢，古时候参加考试的考生，奔赴一两千公里的都有。,37b34c1b4645084f,柑***狒,0,0,,广东,1787487470473
14,complete,GK2026D1,6a24d5cd000000003502b68d,6a250edc000000002900e478,6a24fb28000000002a02d537,1780813532000,没错,ad55e23b82297ded,T***Y,0,0,,北京,1787487470474
14,complete,GK2026D1,6a24d5cd000000003502b68d,6a250ee100000000280322e4,6a250907000000002b028471,1780813537000,你真狠[捂脸R],c1b13c7a33e70e11,～***色,0,0,,江西,1787485343684
14,complete,GK2026D1,6a24d5cd000000003502b68d,6a250ee300000000280383c2,,1780813540000,好贴心,316bb96d6b8a559a,起***火,0,0,,广东,1787486138411
14,complete,GK2026D1,6a24d5cd000000003502b68d,6a250ee90000000027021d32,,1780813545000,就这送外卖都干不了,7ae3c4018a77c6a7,阳*,0,0,,广东,1787486138410
14,complete,GK2026D1,6a24d5cd000000003502b68d,6a250ef0000000002702e272,,1780813552000,跟我的丢损必赔说去吧[派对R],af5882cef1e29d67,敢*,2,0,,江苏,1787486138410
14,complete,GK2026D1,6a24d5cd000000003502b68d,6a250eff000000002b002c5b,,1780813567000,觉不觉得他们像不像NPC，总是有人会这样的NPC[嘻嘻R],c8f4ba6cff00ed9c,橘***柠,0,0,,江西,1787486138409
14,complete,GK2026D1,6a24d5cd000000003502b68d,6a250f0400000000280329c9,,1780813573000,支付宝电子的不行吗,41b37cb3e053f9c8,电***？,0,0,,浙江,1787486138408
14,complete,GK2026D1,6a24d5cd000000003502b68d,6a250f0b000000002a03163e,,1780813579000,放弃他吧，要是我儿子犯这种低级错误也一样,5f5f0266e1b3fdc8,🐇***🐁,0,0,,广东,1787486138407
14,complete,GK2026D1,6a24d5cd000000003502b68d,6a250f14000000002702ebb3,,1780813589000,废物年年有[捂脸R][捂脸R],7fcc720e199a027f,E***d,0,0,,广东,1787488129874
14,complete,GK2026D1,6a24d5cd000000003502b68d,6a250f250000000027016408,,1780813606000,高考能忘考证和身份证等一切必要证件的人，去考了也是白考，没意义,0dd369fc5451ffa9,马***生,0,0,,贵州,1787486088433
14,complete,GK2026D1,6a24d5cd000000003502b68d,6a250f32000000002702f356,,1780813619000,怎么老是刷到这些 除了他人陷害阻碍的 这些自己找不到东西没带东西的 要么明年考 要么去厂里上班[抓狂R][抓狂R][抓狂R][抓狂R],d1d7ca3e29cb7d4f,菜*,0,0,,湖南,1787487774416
14,complete,GK2026D1,6a24d5cd000000003502b68d,6a250f39000000002900fc6e,,1780813625000,估计学习不好不然这么重要的是居然忘了[笑哭R],3e64d637a8f20066,胖***】,0,0,,广东,1787486088433
14,complete,GK2026D1,6a24d5cd000000003502b68d,6a250f49000000000d021c04,6a24f990000000002701d88c,1780813642000,说话要包容，做事要厚道，宽以待人。忘带证件的学生可能家长忙，或一方不在身边，或工作忙；有人可能父母离异；有的学生可能还会打工，一边打工赚钱一边上学，可能考试前半天还在干体力活呢；有的父母可能生病住院，孩子前一晚还在医院照顾病人呢？有的学生可能还在病中呢？你各方面条件好，不代表还有些学生条件也好，留点口德。其他的情况你就自己脑袋想象吧。,4207fb8de5da626e,H***o,0,0,,加拿大,1787485395083
14,complete,GK2026D1,6a24d5cd000000003502b68d,6a250f4f00000000280093ba,6a250907000000002b028471,1780813647000,会说你多说👍,780b2fc8d6e498df,用***销,0,0,,广东,1787485242034
14,complete,GK2026D1,6a24d5cd000000003502b68d,6a250f660000000029012859,,1780813671000,这种真的不理解，年年有这种情况，为什么不能提前都检查好准备好呢,e6b7bbfc147547ba,哆*,0,0,,黑龙江,1787487774415
14,complete,GK2026D1,6a24d5cd000000003502b68d,6a250f67000000002803eef6,,1780813672000,出门才找身份证，不想考就直说嘛,efa143931bf06db1,力***哥,0,0,,广东,1787487774415
14,complete,GK2026D1,6a24d5cd000000003502b68d,6a250f6e0000000029025c50,,1780813679000,这种考生，丢三落四的，年年都有！就这记性，我觉得成绩也就那样了！,9978349a17985d1c,飞***鹿,0,0,,浙江,1787487774414
14,complete,GK2026D1,6a24d5cd000000003502b68d,6a250f790000000028034415,,1780813689000,我们都是提前放好在考试要用透明袋子，头一天晚上检查了一遍放进书包，早上出门前又叫我儿子再检查一遍。说明孩子和家长都太大大咧咧啦[捂脸R][捂脸R][捂脸R],b4a84c8599d6c7ce,小***妈,0,0,,广西,1787487774413
14,complete,GK2026D1,6a24d5cd000000003502b68d,6a250f790000000029012c7a,,1780813690000,这就是筛选 人生中这么大的事儿不在意 这就是第一次筛选,c98d486651180025,M***果,0,0,,福建,1787486088432
14,complete,GK2026D1,6a24d5cd000000003502b68d,6a250f8400000000290371ef,6a250907000000002b028471,1780813701000,哈哈😂,393c5dedc31a320a,伍***万,0,0,,广东,1787485242035
14,complete,GK2026D1,6a24d5cd000000003502b68d,6a250faa00000000290135f9,,1780813738000,有句港句，人家不带身份证就是故意的，面子上好看点[偷笑R],3dfeffe2ad26114b,我***拉,0,0,,广东,1787487774411
14,complete,GK2026D1,6a24d5cd000000003502b68d,6a250fb4000000002b000c90,6a250da70000000028035973,1780813748000,有些小孩故意的，我觉得这种事情都能忘，就说明这小孩也不是个有规划有节奏的人,da4f879c48619bf9,有***甜,1,0,,湖北,1787487571303
14,complete,GK2026D1,6a24d5cd000000003502b68d,6a250fcf00000000280359d7,,1780813776000,搞人脸识别+指纹不就行了,81ff8ecbf08f9de3,彭***咩,1,8,,泰国,1787486088432
14,complete,GK2026D1,6a24d5cd000000003502b68d,6a250ff1000000002800b5d4,,1780813810000,直接送去外卖点入职,afa641381a73a7a7,A***2,0,0,,加拿大,1787486088432
14,complete,GK2026D1,6a24d5cd000000003502b68d,6a250ffd00000000270155ad,,1780813821000,身份证不是提前一天准备好吗，每年这么重要的日子让所有人给学生绿色通道，自己就不能上点心吗，以后社会上谁老给绿色通道,73a3f8d53b9352b2,b***🍌,0,0,,北京,1787487757604
14,complete,GK2026D1,6a24d5cd000000003502b68d,6a2510190000000029010bc1,,1780813850000,我昨天就说了，今天！（每年今天)肯定有人又迟到！又落准考证！又丢身份证！又走错考场！！就像过年时候总有被炮炸坏的。不知道说什么可能十几万人概率统计也会有吧。,0f71a21147513772,*,0,0,,内蒙古,1787486088431
14,complete,GK2026D1,6a24d5cd000000003502b68d,6a25101c000000002901b19d,6a24fad7000000002902d078,1780813853000,我也觉得，到这里就应该淘汰了,97d73431431130c1,长***喵,0,0,,山东,1787487470474
14,complete,GK2026D1,6a24d5cd000000003502b68d,6a251025000000002803da4e,,1780813862000,个人觉得勿喷，这种大事都耽误的人以后大范围是你为什么不帮我？你为什么这样对我那类，我记得我高考前一晚检查好几遍，早起5点又检查一遍然后提前到考场等着,33415b031e667434,初***师,0,0,,天津,1787486088430
14,complete,GK2026D1,6a24d5cd000000003502b68d,6a2510330000000028033076,,1780813876000,每年都有这种货，考试对他们来说其实也就走走过场，重在参与吧，不影响他未来送外卖,e5e3ddb82a2bab5f,闻***曰,0,0,,广东,1787487757604
14,complete,GK2026D1,6a24d5cd000000003502b68d,6a25104c000000002900ff6d,,1780813900000,别考了明年再战,78029a0837a1fa81,梦***症,0,0,,内蒙古,1787486088430
14,complete,GK2026D1,6a24d5cd000000003502b68d,6a25104c000000002b0027c5,6a250bb4000000002702e086,1780813901000,只要人数够多，啥大聪明都能遇到,cd593838d2eabe8c,l***e,1,0,,广东,1787487588215
14,complete,GK2026D1,6a24d5cd000000003502b68d,6a25104e0000000027022ec2,,1780813902000,虽然我平时特别丢三落四的，有时候赶火车、高铁啥的都忘记带身份证， 但是高考期间没出现过这种情况，多数就是看重不重视了[笑哭R]，但是我始终相信，林子大了，样本量大，虽然每年都能看到，但是每年是不同批次的人,d6813b438c4df30a,1***1,0,0,,河南,1787486088429
14,complete,GK2026D1,6a24d5cd000000003502b68d,6a25106c0000000028037f0f,6a250fcf00000000280359d7,1780813932000,就是不搞，这样就可以淘汰人读大学然后他们就跑外卖[偷笑R][偷笑R],b56e99f93a7ae14a,小***7,7,0,,广东,1787486103437
14,complete,GK2026D1,6a24d5cd000000003502b68d,6a25108f000000002900cdbb,6a250ed7000000002901bedd,1780813968000,准备做外卖,b56e99f93a7ae14a,小***7,0,0,,广东,1787486153419
14,complete,GK2026D1,6a24d5cd000000003502b68d,6a2510b300000000290256de,,1780814003000,对的，找警察，可别被外卖带走入职了[笑哭R][笑哭R],6a33577f9314ddc5,Y***o,0,0,,江西,1787486088427
14,complete,GK2026D1,6a24d5cd000000003502b68d,6a2510d7000000002b02a001,,1780814039000,每个人都得对自己的行为负责买单，一年一度的开考都是一种筛选，拿个人来说是从小到大就为了这一天，这么神圣而又非常重要的高考竟然能忘带证件，自己都不重视不谨慎了，真的没有必要浪费资源，（或许我有点冷血了）,b2e9338990cb04de,我***你,0,0,,安徽,1787487757603
14,complete,GK2026D1,6a24d5cd000000003502b68d,6a2510de00000000290136a1,,1780814047000,高考都是當天才通知高考的嗎[汗颜R],b5a1d9fae1956551,L***6,0,0,,中国澳门,1787486071726
14,complete,GK2026D1,6a24d5cd000000003502b68d,6a2510f4000000002a02f08e,,1780814068000,考生家长。。。。。就是当年忘记考证的那一批,66b51bace92a1a44,我***9,0,0,,湖北,1787486071726
14,complete,GK2026D1,6a24d5cd000000003502b68d,6a2510f8000000002803c5e1,,1780814073000,心得有多大,12473439d487e418,设***字,0,0,,北京,1787486071725
14,complete,GK2026D1,6a24d5cd000000003502b68d,6a25110a00000000270150d5,,1780814091000,每年都这样，那就淘汰了吧,c41efaaaf7b38ff3,刘***万,0,0,,广东,1787486071724
14,complete,GK2026D1,6a24d5cd000000003502b68d,6a251111000000002902fb80,,1780814098000,泪目了,21b40ca5b2e5ccf7,小***哥,0,0,,广东,1787486071724
14,complete,GK2026D1,6a24d5cd000000003502b68d,6a25113f00000000280388e0,,1780814144000,人才,58e5e129c69256f2,3*,0,0,,广东,1787487757603
14,complete,GK2026D1,6a24d5cd000000003502b68d,6a25115c00000000270162d6,,1780814173000,事不关己全是圣母，如果是你们自己子女或父母在生活中被规矩所困，又是另一部嘴脸，各机关各考场自己会去应对这种情况，非现场人员没必要指指点点。,5c681af0717868e8,文*,0,0,,广东,1787488129873
14,complete,GK2026D1,6a24d5cd000000003502b68d,6a25115f000000002b026b80,,1780814175000,去美团站点报到，那边会有人安排你的[笑哭R],631b55cf7b559dcb,小***里,0,0,,江苏,1787486071723
14,complete,GK2026D1,6a24d5cd000000003502b68d,6a2511910000000027016fd2,,1780814226000,这种人我觉得淘汰是应该的……就算考上了以后工作也是害死队友的人,ea900f756da57810,m***o,0,0,,广东,1787487757602
14,complete,GK2026D1,6a24d5cd000000003502b68d,6a25119c0000000028033e27,6a250bb4000000002702e086,1780814236000,物种多样性,f47d4044643d145d,娜*,0,0,,浙江,1787487588216
14,complete,GK2026D1,6a24d5cd000000003502b68d,6a2511a7000000002a02cf8c,,1780814248000,治好了也流口水，去工地搬砖吧。[偷笑R],b91ad48b413e7820,阿***っ,0,0,,广西,1787488129872
14,complete,GK2026D1,6a24d5cd000000003502b68d,6a2511e9000000002800a455,,1780814313000,这就是一种筛选 都不用管他 那么多人 不差这一个,e11b32c0a1cac84f,永***声,44,3,,澳大利亚,1787485207904
14,complete,GK2026D1,6a24d5cd000000003502b68d,6a2511fe00000000290183cf,,1780814334000,故意的,51685da6bed23267,a***d,0,0,,四川,1787487757601
14,complete,GK2026D1,6a24d5cd000000003502b68d,6a251210000000002803c80d,,1780814352000,为什么不把准考证和身份证放一起装在一起,915a6016cd328f0e,梨***花,0,0,,陕西,1787487757600
14,complete,GK2026D1,6a24d5cd000000003502b68d,6a251219000000002900eb2c,6a250d20000000002900f7ef,1780814361000,我有个亲戚、面试当天都能看错日子，还在家睡觉呢，国企编制的正式面试啊[捂脸R],fac8197be1c2fb4e,渺*,2,0,,湖北,1787486203837
14,complete,GK2026D1,6a24d5cd000000003502b68d,6a2512260000000029025559,6a250907000000002b028471,1780814375000,哈哈哈哈哈哈[捂脸R],9150bfa13ca2ac56,1***4,0,0,,山西,1787485242036
14,complete,GK2026D1,6a24d5cd000000003502b68d,6a251241000000002900f432,,1780814401000,出门的时候突然就找不到了[偷笑R],eaabc005e48f79fd,b***肉,0,0,,吉林,1787486071723
14,complete,GK2026D1,6a24d5cd000000003502b68d,6a25124c000000002803d853,6a24fad7000000002902d078,1780814413000,宝宝 你不是冷血 你是睿智！,092fd7af6d6d593c,不***饭,0,0,,云南,1787487487573
14,complete,GK2026D1,6a24d5cd000000003502b68d,6a25124f000000002b00023f,,1780814416000,"高考准考证没带的显眼包不知道第一个是谁！ http://xhslink.com/o/5IiUMB8Ehzg 
快戳【小红书】瞧瞧这篇笔记！",378d54379e9b44fc,牙***乐,0,0,,黑龙江,1787486071722
14,complete,GK2026D1,6a24d5cd000000003502b68d,6a25127f000000002800873e,6a2511e9000000002800a455,1780814464000,就是,6f40830e03673d5f,就***吧,4,0,,河北,1787485477240
14,complete,GK2026D1,6a24d5cd000000003502b68d,6a251280000000002702306e,,1780814464000,直接淘汰。,1da62bb7f299e918,贪***猫,0,0,,广东,1787486071721
14,complete,GK2026D1,6a24d5cd000000003502b68d,6a2512a1000000002b025fd8,,1780814498000,这样都可以忘记，不是准备好吗？,be936a98703f2e2d,B***t,0,0,,广东,1787486071719
14,complete,GK2026D1,6a24d5cd000000003502b68d,6a2512a4000000002a02fa61,,1780814502000,当年我考的时候带了个这种透明文件袋，身份证放在文件袋外侧的这个地方，结果掉出来了正好被我教导主任亲眼看到[失望R][失望R]  提醒一下大家尽量不要放在外面这个地方,d07a5a3c5ec199db,越***春,0,0,http://sns-webpic-qc.xhscdn.com/202608231954/f3cec753fc6c8ce880ebb5993de1b040/comment/1040g4b83213solki7k705ol5ela6t252if1ssv8!nd_whgt34_webp_wm_1,江苏,1787486054863
14,complete,GK2026D1,6a24d5cd000000003502b68d,6a2512b10000000028034c12,,1780814513000,都啥年代还这样，考点没备案？没专岗专人？,6ca49dabc35686a0,应***需,0,0,,浙江,1787487757599
14,complete,GK2026D1,6a24d5cd000000003502b68d,6a2512c20000000028009569,6a250bb4000000002702e086,1780814530000,以后越来越多  警察送不到 以后就是警察的责任   迟到不让进就是学校的责任  反正自己没有一点问题,2f29d2e9c1ffcdfa,玩***王,0,0,,北京,1787487571303
14,complete,GK2026D1,6a24d5cd000000003502b68d,6a2512ec0000000028035c06,6a24fd1f00000000270229e9,1780814573000,那是你，你不能代表别人。,6ca49dabc35686a0,应***需,0,0,,浙江,1787487487577
14,complete,GK2026D1,6a24d5cd000000003502b68d,6a2512fc000000002800a337,,1780814589000,准备做外卖吧，记得检查单号有没有拿错,5fa6f0e93ae2212b,你***错,0,0,,广东,1787486054863
14,complete,GK2026D1,6a24d5cd000000003502b68d,6a25132f000000002902d703,,1780814639000,就别给他开,ce4b0dd7e0656aa3,J***画,1,0,,福建,1787486054862
14,complete,GK2026D1,6a24d5cd000000003502b68d,6a251393000000002b00009e,,1780814739000,每年都有忘带东西的，走错地方的。又不是古代进京赶考没导航。提前看下也不至于走错吧。,e1f72a614243ab5f,超*,0,0,,天津,1787486054862
14,complete,GK2026D1,6a24d5cd000000003502b68d,6a2513ba000000002b02992a,,1780814779000,差评，没有考虑迟到考生感受。还应该设迟到服务区，让迟到考生也能考上试[偷笑R],f7d92994ed778185,C***g,0,0,,广东,1787486054861
14,complete,GK2026D1,6a24d5cd000000003502b68d,6a2513c10000000028009218,6a250907000000002b028471,1780814785000,[笑哭R][笑哭R][笑哭R][笑哭R]笑死,9469fca9c2b98e64,滴***仔,0,0,,广东,1787485242037
14,complete,GK2026D1,6a24d5cd000000003502b68d,6a2513cd000000002a032142,,1780814797000,有些考生就是因为有人兜底才会这么不上心，其实未必是好事,35664de1ed3162ed,尊***嘟,0,0,,江苏,1787486054861
14,complete,GK2026D1,6a24d5cd000000003502b68d,6a2513cf0000000029025be9,6a2511e9000000002800a455,1780814799000,是的,cf67855eaf17387f,T*,2,0,,江苏,1787485478973
14,complete,GK2026D1,6a24d5cd000000003502b68d,6a2513ff0000000029012c27,,1780814848000,这也是一种筛选啊，直接淘汰就好了,e0430d114bd69e26,紫***木,0,0,,浙江,1787486054860
14,complete,GK2026D1,6a24d5cd000000003502b68d,6a25148f000000002902d4e1,,1780814991000,我一直认为准考证临考了找不到的人平时自我管理就不咋地，所以自律不好的一般成绩也不咋滴！,8883da515e81ad1e,*,0,0,,江苏,1787486054860
14,complete,GK2026D1,6a24d5cd000000003502b68d,6a25149200000000280387ae,,1780814995000,怎么年年有啊,3ea2326d4ce9c219,*,0,0,,广东,1787486054859
14,complete,GK2026D1,6a24d5cd000000003502b68d,6a251498000000002900fdd6,,1780815000000,怎么年年有啊,3ea2326d4ce9c219,*,0,0,,广东,1787486054858
14,complete,GK2026D1,6a24d5cd000000003502b68d,6a2514aa00000000280087fd,6a250907000000002b028471,1780815018000,塔斯汀：五毛钱，已转账。,64aca755aa6235ab,A***a,2,0,,广东,1787485242038
14,complete,GK2026D1,6a24d5cd000000003502b68d,6a2514b5000000002b002fb5,,1780815030000,烤红薯都费劲，考什么试啊[doge][doge][doge]，直接送外卖去吧,fa58adc455243bd7,D***K,0,0,,湖南,1787487757598
14,complete,GK2026D1,6a24d5cd000000003502b68d,6a2514c90000000028033907,,1780815049000,这些重要的文件不应该提前一周就放在一个袋子里吗？[捂脸R],01a530c36697996f,心***念,0,0,,安徽,1787486037789
14,complete,GK2026D1,6a24d5cd000000003502b68d,6a2514d7000000002900cb9a,6a250bb4000000002702e086,1780815064000,因为每年都要淘汰这些个次品[坏笑R],0bc6d9f6b9c4431b,R***海,1,0,,甘肃,1787487571304
14,complete,GK2026D1,6a24d5cd000000003502b68d,6a2514e1000000002803ee9b,,1780815074000,不用管他们这么多！！,7262cb85446a525b,r***n,0,0,,重庆,1787486037789
14,complete,GK2026D1,6a24d5cd000000003502b68d,6a2514e5000000002902477c,,1780815077000,忘带就忘带了呗，等于是筛选了一部分没有脑，没有责任心的人。,51a07312d94dc911,一***-,0,0,,云南,1787488129872
14,complete,GK2026D1,6a24d5cd000000003502b68d,6a2514ea0000000029034602,,1780815083000,在這些重大的日子裏，都竟然會出現去錯試場，忘記攜帶身份證明，這些都沒有提前準備好的嗎😨,51420d1e03cf5f0c,怒***」,0,0,,中国香港,1787487757597
14,complete,GK2026D1,6a24d5cd000000003502b68d,6a25151c00000000270140a9,6a250907000000002b028471,1780815132000,@狐狸不是喵,628848296f123dbc,违***？,0,0,,北京,1787485258693
14,complete,GK2026D1,6a24d5cd000000003502b68d,6a25153200000000290352c2,,1780815155000,出门时候突然就找不到了[捂脸R],0be8b89beb69a67a,熊*,0,0,,日本,1787486037788
14,complete,GK2026D1,6a24d5cd000000003502b68d,6a251538000000002902549e,,1780815161000,年复一年的剧情,860e9d72f4f7a831,第***间,0,0,,广东,1787486037787
14,complete,GK2026D1,6a24d5cd000000003502b68d,6a25153a000000002803ad9a,6a250907000000002b028471,1780815163000,我前几天给我娃点的，外卖员就是忘拿了，说赔我钱，我还不在家，家里只有娃一人，我说不要钱孩子想喝可乐，你要懒得去塔斯汀拿就到门口便利店给买一瓶给孩子送进去吧[捂脸R],7f9b7ee7938280ab,一***羊,0,0,,山西,1787485258695
14,complete,GK2026D1,6a24d5cd000000003502b68d,6a251576000000002a024e4d,6a2514aa00000000280087fd,1780815222000,还没收到，@塔斯汀,0ae59888d1b79fae,鹿***呀,0,0,,山东,1787485258696
14,complete,GK2026D1,6a24d5cd000000003502b68d,6a25159e000000002803822d,,1780815263000,呵呵,4c2b760b7824c0c4,一***哈,0,0,,河南,1787486037787
14,complete,GK2026D1,6a24d5cd000000003502b68d,6a2515b6000000002803de66,,1780815286000,每年都有 这还考什么,068c438ade2616bd,九***督,1,0,,天津,1787486037786
14,complete,GK2026D1,6a24d5cd000000003502b68d,6a2515c600000000280338a7,,1780815302000,早点找个工作,1b30f6b136fc9b39,九***祥,1,0,,陕西,1787486037785
14,complete,GK2026D1,6a24d5cd000000003502b68d,6a2515df0000000028038ef0,6a250907000000002b028471,1780815328000,新手骑士，秒懂,8724d702d98cfd5c,齐***强,0,0,,河北,1787485258697
14,complete,GK2026D1,6a24d5cd000000003502b68d,6a2515ed000000002902d3cd,6a25108f000000002900cdbb,1780815341000,外卖都送不明白,fa58adc455243bd7,D***K,2,0,,湖南,1787486155168
14,complete,GK2026D1,6a24d5cd000000003502b68d,6a2515fe0000000029027487,6a250907000000002b028471,1780815358000,必须给你点了，没毛病！！！,ff2f7531213412be,笑***笑,0,0,,北京,1787485258697
14,complete,GK2026D1,6a24d5cd000000003502b68d,6a25160d000000002900d21b,,1780815374000,直接筛选掉吧，还参加高考干啥，装备都带不全,76db3dfe1cf54712,月***叁,0,0,,陕西,1787487740305
14,complete,GK2026D1,6a24d5cd000000003502b68d,6a2516210000000027014262,6a250bb4000000002702e086,1780815393000,因为林子大了,520fc33120bd0da1,歪***卜,0,0,,山东,1787487571305
14,complete,GK2026D1,6a24d5cd000000003502b68d,6a2516250000000029034006,6a25153a000000002803ad9a,1780815398000,哈哈哈哈，我上次点的套餐里面是汉堡+小食，没有可乐的，但是骑手还是给我拿了可乐，我反复对照订单，才发现多了杯可乐，打给店里，店里说你喝了吧[失望R],0ae59888d1b79fae,鹿***呀,0,0,,山东,1787485275342
14,complete,GK2026D1,6a24d5cd000000003502b68d,6a25165e0000000028031a64,6a250907000000002b028471,1780815455000,哈哈哈哈哈哈哈,709459cfd530fa23,M***i,0,0,,云南,1787485275344
14,complete,GK2026D1,6a24d5cd000000003502b68d,6a251667000000002900e586,,1780815464000,这就是属于大侠系列,0b89421efc20e73c,ㅤ***ㅤ,0,0,,新疆,1787486037785
14,complete,GK2026D1,6a24d5cd000000003502b68d,6a2516b2000000002701d45d,,1780815539000,操，还自以为是，浪费粮食,ec21a3f6148c9446,肥*,0,0,,广东,1787488129871
14,complete,GK2026D1,6a24d5cd000000003502b68d,6a2516b8000000002701d5a6,,1780815544000,AI这么先进了，直接刷脸不好吗？,db44e0c6ca9169d0,🔙*,0,0,,重庆,1787487740304
14,complete,GK2026D1,6a24d5cd000000003502b68d,6a2516dd0000000028033508,,1780815582000,别考试了,c184362fbf2b029d,陈***恩,0,0,,北京,1787486037784
14,complete,GK2026D1,6a24d5cd000000003502b68d,6a2516f0000000002903653b,,1780815600000,这种都不是新闻了,5e8aafaa2d32be02,广***）,0,0,,广西,1787486037782
14,complete,GK2026D1,6a24d5cd000000003502b68d,6a2517040000000028033eaa,,1780815620000,高考忘记带身份证没关系。以后给我送快递和外卖的时候，别漏拿就行[捂脸R],be00363690259768,哈*,0,0,,河北,1787486020480
14,complete,GK2026D1,6a24d5cd000000003502b68d,6a25175f000000002a0069ea,,1780815711000,美团都不敢收的人,6b180387d681ce66,重***教,0,0,,福建,1787486020480
14,complete,GK2026D1,6a24d5cd000000003502b68d,6a251760000000002902d2b6,,1780815712000,突然？那么突然？[石化R][笑哭R]这是突出重点。机器设备,f0e301fdf3da6c8e,J***P,0,0,,广东,1787486020479
14,complete,GK2026D1,6a24d5cd000000003502b68d,6a251760000000002a006a04,,1780815712000,这种家长这种考生的还能考出什么好的成绩,5e6908cc3058ff65,鸟*,0,0,,陕西,1787487740304
14,complete,GK2026D1,6a24d5cd000000003502b68d,6a2517db000000002a02769a,,1780815836000,考试都能忘身份证 还能干点啥,e46ed43c1fd45514,r***e,0,0,,上海,1787487740303
14,complete,GK2026D1,6a24d5cd000000003502b68d,6a2517f8000000002803e675,,1780815864000,我的老天爷 这服务没得说了,122ef0dac6ae540f,别***。,0,0,,陕西,1787486020479
14,complete,GK2026D1,6a24d5cd000000003502b68d,6a25187d00000000280375a5,6a2516250000000029034006,1780815998000,我主要不在家，在家我就自己给他买了，不难为外卖员，孩子中午放学走回家的，热的想喝冰可乐，专门和我说了让我点了套餐，收到后没有孩子给我发视频问我，我说我点了，娃又懒得下楼出去买，所以外卖员说退我钱我不要钱，让他给娃买一瓶[偷笑R],7f9b7ee7938280ab,一***羊,0,0,,山西,1787485343686
14,complete,GK2026D1,6a24d5cd000000003502b68d,6a25190b0000000028033705,6a250beb00000000270232f3,1780816139000,对的，最起码不能忘了给顾客拿可乐,c8374cf366b55c2f,m***o,0,0,,河北,1787485428652
14,complete,GK2026D1,6a24d5cd000000003502b68d,6a25192c0000000029018bcb,,1780816173000,什么级别的考生会这样！？应该不是学霸级。[捂脸R],0e03346bb61a41ee,凡***^,0,0,,北京,1787486020478
14,complete,GK2026D1,6a24d5cd000000003502b68d,6a25199c000000002803a4c3,,1780816285000,直接送……好像啥岗位都不需要废物啊，头疼,429b0dea9fe5d208,五***娃,0,0,,北京,1787486020477
14,complete,GK2026D1,6a24d5cd000000003502b68d,6a2519bf000000002701c81e,,1780816319000,孩子不想考试,572473cea49f0639,小***8,0,0,,吉林,1787486020477
14,complete,GK2026D1,6a24d5cd000000003502b68d,6a2519ea000000002701d19f,,1780816363000,警车都押镖、证件不会提前放好吗,c22b67247a3e96cc,C***n,0,0,,浙江,1787486020476
14,complete,GK2026D1,6a24d5cd000000003502b68d,6a251a01000000002b02b6a3,6a2511e9000000002800a455,1780816385000,对对对  [doge]  但来年要注意[doge],f23216d7c42c8b32,爱***茶,0,0,,安徽,1787485478975
14,complete,GK2026D1,6a24d5cd000000003502b68d,6a251a18000000002b02baeb,6a250bb4000000002702e086,1780816409000,世界之大 无奇不有[doge],f23216d7c42c8b32,爱***茶,0,0,,安徽,1787487588214
14,complete,GK2026D1,6a24d5cd000000003502b68d,6a251a26000000002702c22f,,1780816422000,我们老师提前几天就收走了,fd7fd25eaaf8e005,*,0,0,,浙江,1787486020475
14,complete,GK2026D1,6a24d5cd000000003502b68d,6a251a590000000028036c3f,,1780816473000,这种复考几年都一样，还不如直接送外卖，还省几年,490a78e931de6d73,小***1,0,0,,广东,1787486020473
14,complete,GK2026D1,6a24d5cd000000003502b68d,6a251a74000000002b028b94,6a250907000000002b028471,1780816500000,千万别给差评   听说他们都有群   你给差评   就上黑名单了   吐唾沫都是轻的,7fa975bde8bd92c6,亮*,0,0,,天津,1787485275345
14,complete,GK2026D1,6a24d5cd000000003502b68d,6a251a8c00000000290184e3,,1780816525000,提前淘汰吧，省得以后送外卖送错地方,d68d53e1e4d11fb5,皮***🙈,0,0,,山东,1787486003475
14,complete,GK2026D1,6a24d5cd000000003502b68d,6a251ada00000000290240ba,,1780816603000,我腦補到工作，公司談成一個合作要簽約了，然後職員簽約時忘記帶公章[捂脸R][捂脸R][捂脸R],13711544780cd8cf,兰***L,1,0,,中国香港,1787486003474
14,complete,GK2026D1,6a24d5cd000000003502b68d,6a251ae8000000002900e940,,1780816616000,这都能忘 还能干啥？,a1de0476ff2d64c7,是***🌈,0,0,,湖南,1787487740303
14,complete,GK2026D1,6a24d5cd000000003502b68d,6a251aee0000000027020e76,,1780816623000,总是应该提前把所有高考材料放在家里保存好，放在安全地方。为什么到了最最关键的时候找不到身份证？真是不能理解！家长和学生都不负责任。,56c48600db0adec2,佛***中,0,0,,江苏,1787487740302
14,complete,GK2026D1,6a24d5cd000000003502b68d,6a251b27000000002803bf01,,1780816680000,这种人都不需要用分数来筛 他自己就把自己筛掉了,a1de0476ff2d64c7,是***🌈,0,0,,湖南,1787486003474
14,complete,GK2026D1,6a24d5cd000000003502b68d,6a251b5e000000002a033dab,,1780816734000,高考生国家还是很照顾的，还有得工作人员守在校门口随时为忘记带证件的同学服务。等你读完大学工作考公考编的，谁理你忘记带证件哦，,6617efefc61c502b,阿***士,0,0,,广东,1787487740301
14,complete,GK2026D1,6a24d5cd000000003502b68d,6a251b86000000002701e541,,1780816775000,忘记带身份证，准考证。走错考场的这些就直接淘汰吧，这些都是高考中的一环。,7a30ed56146d46d3,f***h,1,0,,四川,1787486003473
14,complete,GK2026D1,6a24d5cd000000003502b68d,6a251b860000000027022e7d,,1780816775000,考什么呀 直接去美团上班好了,6ff86f5524a59a83,木***桑,0,0,,四川,1787486003472
14,complete,GK2026D1,6a24d5cd000000003502b68d,6a251bcf00000000280342ff,,1780816848000,年年有[捂脸R],05161589fd3aff1c,神***n,0,0,,广东,1787486003472
14,complete,GK2026D1,6a24d5cd000000003502b68d,6a251bdb00000000280345ae,,1780816859000,为啥  每年都有,63430cd620c43504,往***风,1,0,,广东,1787486003471
14,complete,GK2026D1,6a24d5cd000000003502b68d,6a251c41000000002902dfce,,1780816961000,每年都有。这些人,34305c167945d520,阿***啊,0,0,,北京,1787486003470
14,complete,GK2026D1,6a24d5cd000000003502b68d,6a251c410000000029010dcd,6a24f990000000002701d88c,1780816962000,我家也是，他自己放文具袋的，早上走时候又让他爸检查一遍，就怕有意外,d7d6f3b5eafaa449,开***好,0,0,,四川,1787485360328
14,complete,GK2026D1,6a24d5cd000000003502b68d,6a251c8200000000270283b4,,1780817026000,年年说，年年忘，年年如此,a919ab2c0cc3feb8,小***帽,0,0,,浙江,1787486003470
14,complete,GK2026D1,6a24d5cd000000003502b68d,6a251cb3000000002702339f,,1780817075000,这种人还需要送到考场吗？直接送工厂吧。,d27a92d8a29af9a8,L***琪,0,0,,安徽,1787486003468
14,complete,GK2026D1,6a24d5cd000000003502b68d,6a251cbb000000002a03384c,6a250beb00000000270232f3,1780817084000,你意思他连外卖都干不了？,550c8d7a04e56b41,🇪***🇵,1,0,,广西,1787485445375
14,complete,GK2026D1,6a24d5cd000000003502b68d,6a251dd3000000002a024d9b,,1780817364000,身份证不是提前都准备好了，怎么突然间找不到了[捂脸R],a6e9135f5e381cf1,星*,0,0,,北京,1787485986711
14,complete,GK2026D1,6a24d5cd000000003502b68d,6a251e3f000000002b001809,,1780817472000,这废物，送外卖都得拿错单，跑错门。,8230f2bccb42ea9d,一***水,0,0,,江苏,1787488129870
14,complete,GK2026D1,6a24d5cd000000003502b68d,6a251e5f000000002803bd63,,1780817503000,跑错考场，忘记带身份证，丢失准考证等行为可否在总分减20分的处罚，否则这些考生进入社会也是不知道什么叫做“疼”,ce73d6123085ba34,鸿***澄,0,0,,上海,1787485986711
14,complete,GK2026D1,6a24d5cd000000003502b68d,6a251e6000000000270215f3,,1780817505000,这种人基本没啥竞争力,c5b61d5cefff9d62,不***话,0,0,,广东,1787487740301
14,complete,GK2026D1,6a24d5cd000000003502b68d,6a251edc0000000027017996,,1780817629000,人大附中也会忘带身份证？,1cab4067c573c7f6,小***刘,0,0,,广东,1787485986710
14,complete,GK2026D1,6a24d5cd000000003502b68d,6a251f0e000000002902cdf3,,1780817679000,这种就应该让它自然淘汰，不用考了,37a1b2e392f35d3a,解***师,0,0,,四川,1787485986710
14,complete,GK2026D1,6a24d5cd000000003502b68d,6a251f3e000000002900e257,,1780817726000,这种考生将来送外卖都是送不明白的,de7c162387d218bf,使***者,0,0,,上海,1787487740300
14,complete,GK2026D1,6a24d5cd000000003502b68d,6a251f4f000000002702a30d,,1780817744000,我家也是身份证找不到，感谢96中执勤的公安和11中领队桑老师的帮助，顺利办了户籍证明！,ec970c84ed11fd01,*,0,0,,北京,1787485986709
14,complete,GK2026D1,6a24d5cd000000003502b68d,6a251ff1000000002803f767,,1780817905000,这也是一种筛选 ，要遵循自然规律，不要介入他人因果！[合十R],90dfb286821bbc32,何***子,0,0,,山东,1787485986709
14,complete,GK2026D1,6a24d5cd000000003502b68d,6a251ffa000000002702d347,,1780817916000,,479ade86cb238d3b,念*,0,0,http://sns-webpic-qc.xhscdn.com/202608231953/83d0c6ca233752e12df245402136f635/comment/1040g4b83213ucofg70705np83kvg8ar5bbjalag!nd_whgt34_webp_wm_1,浙江,1787485986708
14,complete,GK2026D1,6a24d5cd000000003502b68d,6a25207b000000002702a3e8,,1780818043000,如果不再实施这种浪费警力但很贴心的应急行动，今后会不会丢三落四的考生会大大减少？,0e4d79a9a5ad62b4,一***人,0,0,,广东,1787485986707
14,complete,GK2026D1,6a24d5cd000000003502b68d,6a2520cd0000000028033374,,1780818126000,就这种心理素质，也该淘汰了,c8ab6972c0a6488d,山*,0,0,,江苏,1787488129870
14,complete,GK2026D1,6a24d5cd000000003502b68d,6a2521660000000029025d0d,,1780818278000,可求助附近的外卖招聘点,d4dabf389a4873b5,A***E,0,0,,福建,1787485986706
14,complete,GK2026D1,6a24d5cd000000003502b68d,6a25217c000000002803b288,,1780818301000,这也是一种筛选,4d1f8d286b5a1120,E***8,0,0,,德国,1787485986705
14,complete,GK2026D1,6a24d5cd000000003502b68d,6a252276000000002701ef34,,1780818551000,其实这种的话，就不用靠了吧，这种靠了也白费,c997b20edb13b457,小***湾,1,0,,广东,1787485952681
14,complete,GK2026D1,6a24d5cd000000003502b68d,6a252340000000002b002abc,,1780818752000,外卖放门口 不要打电话,448d6e8f167744b7,L***e,1,0,,广东,1787485952680
14,complete,GK2026D1,6a24d5cd000000003502b68d,6a252350000000002a02fec5,,1780818768000,刚刚刷到走错考场的，考试迟到的，忘记带准考证的，忘记身份证的[捂脸R],ec35b82e80432869,一***式,0,0,,安徽,1787487740298
14,complete,GK2026D1,6a24d5cd000000003502b68d,6a2523fc0000000029019281,,1780818941000,打仗忘了装子弹,ba342fe36b0d571f,m***o,0,0,,广东,1787485952680
14,complete,GK2026D1,6a24d5cd000000003502b68d,6a25240e000000002702b6a0,,1780818959000,下次点外卖备注一下，高考忘记带考证，忘记带身份证的，算了就不要给我送了[捂脸R],0e2946a2b382a871,蜗*,0,0,,福建,1787485952679
14,complete,GK2026D1,6a24d5cd000000003502b68d,6a25243f0000000028037e62,,1780819008000,这你不放心上可以，别以后把顾客的餐落了[捂脸R],d9082005e78ffb39,m***o,0,0,,河北,1787485952679
14,complete,GK2026D1,6a24d5cd000000003502b68d,6a2524c1000000002701ee69,,1780819137000,找不到就别考了，都是惯的臭毛病[弱R],82e49f5179d6e98f,🙉***🙊,0,0,,天津,1787488129869
14,complete,GK2026D1,6a24d5cd000000003502b68d,6a2524cb000000002b027909,,1780819147000,年年这样,aef41be55c504516,仙***仙,0,0,,浙江,1787485952678
14,complete,GK2026D1,6a24d5cd000000003502b68d,6a2524d1000000002803d6bb,,1780819154000,没招了，年年都这样，不是走错考场，就是没带准考证，就是没带身份证,3e700acab95988c8,우***📎,2,2,,北京,1787485952677
14,complete,GK2026D1,6a24d5cd000000003502b68d,6a2524dd000000002803bcd4,6a2524d1000000002803d6bb,1780819166000,早点去送外卖吧,3e700acab95988c8,우***📎,0,0,,北京,1787485967685
14,complete,GK2026D1,6a24d5cd000000003502b68d,6a2524e4000000002b003267,,1780819172000,年年都有,5c9cd869ec36a241,美***屋,0,0,,湖南,1787485952677
14,complete,GK2026D1,6a24d5cd000000003502b68d,6a2524f70000000028031bdb,6a250907000000002b028471,1780819192000,哈哈哈哈哈哈哈哈哈哈哈,5029ee41d507e010,宇***子,0,0,,辽宁,1787485275346
14,complete,GK2026D1,6a24d5cd000000003502b68d,6a252506000000002900f792,,1780819206000,这个考生以后肯定是进入985、211的,43988e7ec23f63f7,小***F,0,0,,浙江,1787485952676
14,complete,GK2026D1,6a24d5cd000000003502b68d,6a25250c000000002803e577,6a250907000000002b028471,1780819212000,太残忍了，甚至送的都不是肯德基,5029ee41d507e010,宇***子,0,0,,辽宁,1787485275347
14,complete,GK2026D1,6a24d5cd000000003502b68d,6a252549000000002701639c,,1780819274000,固定npc[笑哭R],67d4c9f34b091e82,我***头,0,0,,广东,1787485952674
14,complete,GK2026D1,6a24d5cd000000003502b68d,6a2526c5000000002901236b,,1780819654000,美团外卖招聘直接在考场外摆个摊吧,28c8f8f9afe09aec,暗***花,2,0,,上海,1787485935917
14,complete,GK2026D1,6a24d5cd000000003502b68d,6a2526ee0000000028031999,,1780819695000,就惯着吧,2bf090fd7be49a9e,N***6,0,0,,云南,1787485935916
14,complete,GK2026D1,6a24d5cd000000003502b68d,6a2527a8000000002b0279ba,,1780819881000,每年都这样,5dbe017660a4e8ba,小***亮,0,0,,山东,1787485935916
14,complete,GK2026D1,6a24d5cd000000003502b68d,6a2527ab000000002b02989b,,1780819883000,可能这孩子本身就不想去考，把身份证藏起来了，压力太大导致也有可能,070baa70626f34a7,种***兔,0,0,,北京,1787485935914
14,complete,GK2026D1,6a24d5cd000000003502b68d,6a2527ab000000002a0272e5,,1780819884000,不敢笑，之前看到这种新闻觉得很好笑，直到去年高考我把身份证丢了就笑不出来了[doge],7d99d9b98e11a6ed,波***封,1,0,,陕西,1787485935915
14,complete,GK2026D1,6a24d5cd000000003502b68d,6a25280a000000002803d56c,,1780819978000,请不要把公共资源浪费到这种事情上,ceffd99b4ad6aab9,宝*,0,0,,北京,1787485935914
14,complete,GK2026D1,6a24d5cd000000003502b68d,6a25288c0000000028034636,,1780820109000,搁这自我感动啥呢？北京所有的考场都有人脸识别，没有身份证准考证一样能进去考试[笑哭R],65f07c02a60b16f9,努***动,0,0,,北京,1787487723532
14,complete,GK2026D1,6a24d5cd000000003502b68d,6a2528a300000000270164d2,,1780820132000,这种的以后就不要让进考场了,a7f44ec10ff4ab66,知***了,0,0,,福建,1787485935913
14,complete,GK2026D1,6a24d5cd000000003502b68d,6a2528fd0000000027017a0c,,1780820222000,这种人放进去也是浪费时间，300分都考不到,4c7355f4536c9348,星***k,0,0,,四川,1787487723531
14,complete,GK2026D1,6a24d5cd000000003502b68d,6a2529150000000029012f3f,,1780820245000,有没有准考证落家里的学霸,be6fd3953372ff18,*,0,0,,浙江,1787485935912
14,complete,GK2026D1,6a24d5cd000000003502b68d,6a2529560000000027020dc2,,1780820311000,都这么重视高考了，全国人民都给你们让道了，你还忘记带准考证，我实在接受不了,e13ae00374b60b21,半***力,1,0,,辽宁,1787485935911
14,complete,GK2026D1,6a24d5cd000000003502b68d,6a25296a00000000270281f3,,1780820331000,所以就因为这样，永远都不会记得带[微笑R],7cf10d543b79f047,青***了,0,0,,广东,1787485935910
14,complete,GK2026D1,6a24d5cd000000003502b68d,6a252a33000000002900f19d,,1780820532000,这都能找不到了要这样的东西干什么！,b4fc00cd6e664420,耄*,0,0,,辽宁,1787487723530
14,complete,GK2026D1,6a24d5cd000000003502b68d,6a252be70000000027028aee,,1780820968000,宠坏他们，明年继续忘记[失望R],c46732d6628f0c03,小***儿,0,0,,广西,1787485919296
14,complete,GK2026D1,6a24d5cd000000003502b68d,6a252c16000000002701e279,6a2524dd000000002803bcd4,1780821015000,外卖都送不了[笑哭R]不细心一点每一单都被投诉[笑哭R],8a1e3d4615e8b9f4,***ˉ,0,0,,广西,1787485969391
14,complete,GK2026D1,6a24d5cd000000003502b68d,6a252cda000000002a02e088,,1780821211000,这种考生你还考个毛线，入职美团都不合格！浪费公共资源！,73e74dfe1df7c803,小***师,0,0,,山东,1787487723530
14,complete,GK2026D1,6a24d5cd000000003502b68d,6a252e12000000002701cd83,,1780821522000,这以后送外卖都有点担心啊,a453cafd63d9d751,潇***客,0,0,,湖南,1787485919295
14,complete,GK2026D1,6a24d5cd000000003502b68d,6a252ea6000000002b003368,,1780821670000,太笨了,82843b8bdb764a33,蟑***星,0,0,,广东,1787487723529
14,complete,GK2026D1,6a24d5cd000000003502b68d,6a252efa000000002902c7c3,,1780821755000,真的没必要考场设置服务台，也不是小朋友了，自己要对自己负责,50ea4e638c13ac25,牛***配,1,0,,广东,1787485919295
14,complete,GK2026D1,6a24d5cd000000003502b68d,6a252f7f000000002803199a,,1780821888000,好一个“突然间”,7b7b85b8959d7177,%***+,1,0,,广西,1787485919294
14,complete,GK2026D1,6a24d5cd000000003502b68d,6a253004000000002900d543,6a250907000000002b028471,1780822021000,@Wo,ba24d3325a4635c3,K***l,0,0,,江苏,1787485292405
14,complete,GK2026D1,6a24d5cd000000003502b68d,6a253052000000002a0274b6,,1780822099000,送外卖赚的钱都得因为差评给扣完,761acb98c717815c,C***n,0,0,,上海,1787485919293
14,complete,GK2026D1,6a24d5cd000000003502b68d,6a2530960000000029036de9,,1780822166000,人生在这一刻已经开始筛选分流了，这么重要的时刻都能掉链子的真是让人无法评价。,f9ffa3d04527fbd7,李***宝,1,0,,广西,1787485919293
14,complete,GK2026D1,6a24d5cd000000003502b68d,6a2530a7000000002b000bf5,,1780822184000,我看就是父母藏起来的，因为父母知道你考上大学也是白耽误时间。还不如早点进入美团集团，提前占有一席之地。,cc05bb378e01ba03,北***亮,1,0,,北京,1787485919292
14,complete,GK2026D1,6a24d5cd000000003502b68d,6a25313700000000270172cd,,1780822327000,现在工作好难找，找不到身份证就算了吧，老天的安排[doge][doge][doge][doge][doge][doge][doge],7c97d091c36a319e,巴***啦,0,0,,海南,1787485919292
14,complete,GK2026D1,6a24d5cd000000003502b68d,6a253251000000002a0246de,,1780822610000,美团：拒绝办理入职，怕没给顾客带餐[doge],45647c8f0c1afdc5,怀*,0,0,,广西,1787485919291
14,complete,GK2026D1,6a24d5cd000000003502b68d,6a2533060000000027020521,,1780822790000,这种考生根本不用考，没什么用的,d8bf2d64536496a6,红***荷,0,0,,浙江,1787485919289
14,complete,GK2026D1,6a24d5cd000000003502b68d,6a253358000000002701c310,,1780822872000,为什么记录仪总是遮挡警号？,9432f9e1b0f8bb71,你***生,0,0,,山东,1787485902498
14,complete,GK2026D1,6a24d5cd000000003502b68d,6a2533770000000029037b59,,1780822903000,"孩子你记住了走错考场不要紧，因为警察叔叔能送你去。但以后送外卖的时候可不许走错地方了，因为我的""准时宝""可不是跟你开玩笑的",cd34d50aae16f273,V***i,1,0,,辽宁,1787485902497
14,complete,GK2026D1,6a24d5cd000000003502b68d,6a253403000000002a005c4a,,1780823044000,去考试，4年后就会送错我们的外卖。。。。不考了，4天后就会送错我们的外卖。。。。,6f51364d19c148c5,乱***菜,1,0,,广西,1787485902496
14,complete,GK2026D1,6a24d5cd000000003502b68d,6a25340c0000000029035a81,6a250907000000002b028471,1780823052000,去考试，4年后就会送错我们的外卖。。。。不考了，4天后就会送错我们的外卖。。。。,6f51364d19c148c5,乱***菜,0,0,,广西,1787485292407
14,complete,GK2026D1,6a24d5cd000000003502b68d,6a253446000000002702d0e3,,1780823111000,他就没把这个考试当回事儿，真正重视的，那个文件袋半个月之前就准备好了，每天都看两眼，生怕出了问题,4cbe2ff198807505,F***s,0,0,,天津,1787485902496
14,complete,GK2026D1,6a24d5cd000000003502b68d,6a2534f90000000028031259,,1780823290000,找不到就回家好了，办理一下美团骑手,9fd57e5e06148e31,小***学,0,0,,浙江,1787485902495
14,complete,GK2026D1,6a24d5cd000000003502b68d,6a253667000000002a02c6e0,,1780823656000,身份证是突然消失的，🧠是一直没有的,85b898d3504497c2,麻***啦,0,0,,广西,1787485902494
14,complete,GK2026D1,6a24d5cd000000003502b68d,6a253777000000002800b499,,1780823927000,回家吧孩子，回家吧,3345d8589785b59a,C***g,0,0,,澳大利亚,1787485902494
14,complete,GK2026D1,6a24d5cd000000003502b68d,6a253962000000002800a81c,,1780824418000,怎么老有不是走错了就是忘这忘那的,036663c669a2ffcb,👀***米,0,0,,北京,1787485902493
14,complete,GK2026D1,6a24d5cd000000003502b68d,6a253a69000000002702d5c1,,1780824682000,送外卖都没人要！走错考场的，忘带身份证的，忘带准考证的，都是些啥大神！！,03aac2c0f65e9b8f,木***p,0,0,,山东,1787485902492
14,complete,GK2026D1,6a24d5cd000000003502b68d,6a253a90000000002a026a20,,1780824721000,孩子们，就算你们没空来考试，我们民警可以帮你们代考，不用慌,9aa73b22e19de90f,小*,0,0,,广东,1787488129867
14,complete,GK2026D1,6a24d5cd000000003502b68d,6a253aa80000000027020fad,,1780824745000,我忘带脑子了，要求再考一遍，你安排吧，明天我这个点还来,f725e333f50e082a,我***本,0,0,,北京,1787485902491
14,complete,GK2026D1,6a24d5cd000000003502b68d,6a253b08000000002a027c96,,1780824841000,这种学生吧，说啥好呢,ce397d805c3492c2,小***6,0,0,,上海,1787485852156
14,complete,GK2026D1,6a24d5cd000000003502b68d,6a253d47000000002a0260e4,,1780825416000,丢三落四的别考了,d70acef88701ed69,风***女,0,0,,浙江,1787487723529
14,complete,GK2026D1,6a24d5cd000000003502b68d,6a253ea3000000002b02beb8,,1780825763000,临上考场了，丢身份证、丢准考证，这。。。。。。唉。。。没法说[捂脸R],a1e06a825961eb30,A***r,14,11,,湖南,1787485852156
14,complete,GK2026D1,6a24d5cd000000003502b68d,6a253ee0000000002903468f,,1780825825000,这次忘了没关系，下次送外卖可别忘送，我的准时宝可不是开玩笑的[doge],212214368aae7532,夏***雨,0,0,,福建,1787485852156
14,complete,GK2026D1,6a24d5cd000000003502b68d,6a253f380000000028035ad8,,1780825913000,天天这种事，是真没话题了,0764015692089044,慢***风,0,0,,河北,1787487723528
14,complete,GK2026D1,6a24d5cd000000003502b68d,6a253fee000000002901bdd4,6a250907000000002b028471,1780826095000,他死定的可乐  真的有瘾啊,a5124c42c0ab1111,用***销,0,0,,江西,1787485292408
14,complete,GK2026D1,6a24d5cd000000003502b68d,6a2540ed000000002803c8a9,,1780826349000,中国式高考，举国举家，未来的希望，感动，祝福,3b732becfd58da6f,央***术,1,0,,北京,1787485852155
14,complete,GK2026D1,6a24d5cd000000003502b68d,6a25414600000000270161fc,6a253ea3000000002b02beb8,1780826439000,还有走错的 能干啥,a0ae7770b7a2faba,浪***怪,1,0,,四川,1787485885762
14,complete,GK2026D1,6a24d5cd000000003502b68d,6a25431c0000000027015cec,,1780826908000,建议美团在考点门口招工,921947ce9241673b,糖***店,0,0,,广东,1787485852155
14,complete,GK2026D1,6a24d5cd000000003502b68d,6a25433e000000002a02da52,,1780826943000,这就是等于上了战场枪没带,d53846a463aedb3d,木***漂,0,0,,北京,1787485852154
14,complete,GK2026D1,6a24d5cd000000003502b68d,6a2543b8000000002b0002e0,6a25414600000000270161fc,1780827064000,对。刚刷到一个有错的，服了这种学生。。。,a1e06a825961eb30,A***r,2,0,,湖南,1787485868798
14,complete,GK2026D1,6a24d5cd000000003502b68d,6a25450e000000002a025032,,1780827407000,有些差距就是从忘带身份证开始的,aec6234070467ada,女***A,0,0,,四川,1787485852154
14,complete,GK2026D1,6a24d5cd000000003502b68d,6a254510000000002a02507e,,1780827408000,浪费人力,556f6a80a494cf7f,m***o,0,0,,安徽,1787485852153
14,complete,GK2026D1,6a24d5cd000000003502b68d,6a254528000000002900c430,6a24f990000000002701d88c,1780827432000,真的怀疑是故意的，有的孩子喜欢当显眼包，想上新闻吧，这种情况明明很好避免，前一晚把东西都放在统一文具袋里，考场会提前去看的，前一晚把考点核对输入好在导航里，还会有什么失误呢，那天的交通都有交警疏通的[微笑R],f5a5255f2eb13f13,今***子,0,0,,广东,1787485395084
14,complete,GK2026D1,6a24d5cd000000003502b68d,6a2546ae000000002803f3c3,,1780827822000,这种要不就别上大学了吧,8bdd29951cab9cb2,a***o,0,0,,江苏,1787487723527
14,complete,GK2026D1,6a24d5cd000000003502b68d,6a254788000000002a0079c1,,1780828041000,这种货还能考的好吗？能不能做到不麻烦别人，每年都有这种货。哎,f0b3ff31745ac019,神***手,0,0,,陕西,1787487723527
14,complete,GK2026D1,6a24d5cd000000003502b68d,6a25478a000000002a02deb4,,1780828042000,到现在 只是坐飞机 我都要前一晚先确认好身份证在哪里 出门口前都要再掏出来再确认一下,4a4bfeaf7929a111,z***…,0,0,,广东,1787485852152
14,complete,GK2026D1,6a24d5cd000000003502b68d,6a2548760000000027016ff2,,1780828279000,以后的路怎么走？！,1685f03d676fb649,小***3,0,0,,浙江,1787485852151
14,complete,GK2026D1,6a24d5cd000000003502b68d,6a254929000000002701fd05,,1780828458000,忘带的一概不予录用，就问你还能干点啥,acf31df796d9d206,一***球,0,0,,吉林,1787485835392
14,complete,GK2026D1,6a24d5cd000000003502b68d,6a25498a0000000028039244,,1780828555000,就不是那块料[笑哭R],0d859f656c064074,涛*,1,0,,北京,1787485835392
14,complete,GK2026D1,6a24d5cd000000003502b68d,6a2549b2000000002900e3a8,,1780828595000,这种人就不应该帮助他，,b47fe0caae407299,赵***建,0,0,,安徽,1787487723525
14,complete,GK2026D1,6a24d5cd000000003502b68d,6a254a63000000002803887f,,1780828772000,所以过几年很多跑外卖了,a75140062fa567e9,小***3,0,0,,云南,1787485835391
14,complete,GK2026D1,6a24d5cd000000003502b68d,6a254b23000000002702c130,,1780828964000,前一天踩点考场准备证件，我不理解这种突然找不到是怎么个突然,6ea3ab899b5ee495,M***G,1,0,,云南,1787485835391
14,complete,GK2026D1,6a24d5cd000000003502b68d,6a254b77000000002a02678e,,1780829047000,哎……真是喂太饱了,ff01c3c43a3d2e49,晴*,1,0,,山东,1787485835390
14,complete,GK2026D1,6a24d5cd000000003502b68d,6a254d870000000028038f49,6a24f990000000002701d88c,1780829576000,我已经又刷到高考新花样了 每年都有新花样[doge],afcf7469e1d2715b,都***🍀,0,0,,北京,1787485360329
14,complete,GK2026D1,6a24d5cd000000003502b68d,6a254e4f0000000027016723,,1780829775000,问一下，外卖入职手续用身份证吗？,245c49f660fd8244,꧁***꧂,0,0,,北京,1787485835389
14,complete,GK2026D1,6a24d5cd000000003502b68d,6a254ebf000000002900da81,,1780829888000,我好几千块钱车子丢了报警也没这速度啊,90ee1ab4c3834ef1,M***a,0,0,,北京,1787485835389
14,complete,GK2026D1,6a24d5cd000000003502b68d,6a254ed60000000027021789,,1780829910000,这种能不能别管了，长长记性,de030031f6000cb5,用***销,1,0,,河北,1787485835388
14,complete,GK2026D1,6a24d5cd000000003502b68d,6a254f6100000000280097c4,,1780830049000,每年都有这样的人[抠鼻R]没拿身份证的，没拿准考证的，跑错考场的,c894ae0917995a8c,梁***😄,0,0,,广西,1787487706708
14,complete,GK2026D1,6a24d5cd000000003502b68d,6a254fc9000000002800b229,,1780830154000,二代身份证办理时都录了指纹的，不能凭指纹确定身份吗？,6da91ba30650ea31,小***C,0,0,,北京,1787485835387
14,complete,GK2026D1,6a24d5cd000000003502b68d,6a254ff700000000270285c6,6a253ea3000000002b02beb8,1780830200000,那么简单的细节都会忘，出到社会能做什么[偷笑R],c894ae0917995a8c,梁***😄,2,0,,广西,1787485885763
14,complete,GK2026D1,6a24d5cd000000003502b68d,6a2550bc000000002902713b,6a25099f000000002900e52b,1780830397000,哈哈哈哈一天下来吃什么，取决于客人点什么[笑哭R],385f08b5c47c94e5,十*,0,0,,广东,1787485292409
14,complete,GK2026D1,6a24d5cd000000003502b68d,6a25524f0000000029012ce3,,1780830799000,我多么希望这是找的演员来博眼球的，哎,78b328c716ee33a1,小***D,0,0,,安徽,1787485835386
14,complete,GK2026D1,6a24d5cd000000003502b68d,6a2552dc000000002701c316,,1780830940000,fvv,9b762df3d1b1c3e3,A***c,0,0,,上海,1787485818250
14,complete,GK2026D1,6a24d5cd000000003502b68d,6a255347000000002803687e,,1780831048000,每年都有这种人，我说话可能不好听，但我还是想说，到底是有多chun的人才能做到在这种重要的时候忘记带身份证或迟到,84937dcbc6505114,饮***吗,1,0,,广东,1787487706707
14,complete,GK2026D1,6a24d5cd000000003502b68d,6a255363000000002803c5ea,6a250beb00000000270232f3,1780831076000,有聪明的也有不聪明的,84937dcbc6505114,饮***吗,1,0,,广东,1787485445376
14,complete,GK2026D1,6a24d5cd000000003502b68d,6a255394000000002803bebc,,1780831125000,最好头天晚上准备好！别添麻烦,1b2bde3e27b35d9e,张***斌,0,0,,北京,1787485818250
14,complete,GK2026D1,6a24d5cd000000003502b68d,6a2554be000000002902ca69,6a24f990000000002701d88c,1780831423000,下意识、潜意识的不愿考。,a708d29ff8305c37,乐***宇,0,0,,上海,1787485360330
14,complete,GK2026D1,6a24d5cd000000003502b68d,6a2554d0000000002800afff,6a253ea3000000002b02beb8,1780831441000,通州那个披头散发的女孩子，走错考场，要我说别考了，浪费时间浪费钱浪费精力,62b897f43d1db230,猪***人,4,0,,北京,1787485867163
14,complete,GK2026D1,6a24d5cd000000003502b68d,6a255590000000002701e942,,1780831633000,身份证没有，美团都不要,83c077bcab381a11,哒***滴,1,0,,广东,1787485818249
14,complete,GK2026D1,6a24d5cd000000003502b68d,6a2556320000000029037b53,,1780831794000,求求你们，别浪费交警的汽油了,33bb8f621ecde49e,狼***飞,0,0,,山东,1787485818249
14,complete,GK2026D1,6a24d5cd000000003502b68d,6a25566a0000000028038232,,1780831851000,统一回复，走错的丢东西，我们美团也不要[微笑R]勿Q,1a8c7babfc3d2003,狸*,0,0,,北京,1787485818248
14,complete,GK2026D1,6a24d5cd000000003502b68d,6a25566b0000000028038265,,1780831851000,这得不在乎到什么程度？不想考就别考了[生气R],02a13a9e026c3fef,干***落,0,0,,浙江,1787487706706
14,complete,GK2026D1,6a24d5cd000000003502b68d,6a2556ae000000002b02a3a6,6a2554d0000000002800afff,1780831919000,真的，这么重要的时候，而且还会提前组织看考场，也是服了,a1e06a825961eb30,A***r,1,0,,湖南,1787485868800
14,complete,GK2026D1,6a24d5cd000000003502b68d,6a2556b50000000028036cbd,6a253ea3000000002b02beb8,1780831926000,天生工厂圣体,559ff4617eaa9d85,我***～,2,0,,广东,1787485868801
14,complete,GK2026D1,6a24d5cd000000003502b68d,6a2559510000000027028b72,,1780832593000,为什么年年都有各种各样的情况？,2ebd9365695dc85d,喝***子,0,0,,北京,1787485818247
14,complete,GK2026D1,6a24d5cd000000003502b68d,6a2559ea0000000028039607,,1780832747000,固定NPC刷新[大笑R],fbdbbc8f2b3af674,一***薯,0,0,,北京,1787485818247
14,complete,GK2026D1,6a24d5cd000000003502b68d,6a255a7a000000002a006a9d,6a250b310000000027029115,1780832891000,妈耶还可以这样吗,c79be1dd6a3d1882,窝***瓜,0,0,,山西,1787485292409
14,complete,GK2026D1,6a24d5cd000000003502b68d,6a255a7e000000002901bc6c,6a25106c0000000028037f0f,1780832894000,这种人千万别送外卖。。。没法准时送到,04ed23329437924e,朝***者,4,0,,四川,1787486105048
14,complete,GK2026D1,6a24d5cd000000003502b68d,6a255c1c000000002a02639c,,1780833309000,请记得去美团淘宝闪购报道，不要高考了，准备都这样子了，以后也没啥出息,9e52985de24e0380,涛***吧,0,0,,湖南,1787485818246
14,complete,GK2026D1,6a24d5cd000000003502b68d,6a255c82000000002a027775,,1780833411000,"孩子你记住了走错考场，警察叔叔能帮你送。但以后送外卖的时候可不许走错地址了，因为我的""准时宝""可不是跟你闹着玩的。[偷笑R]",adb11ba9ae8b3974,⛔***⛔,0,0,,广东,1787487706706
14,complete,GK2026D1,6a24d5cd000000003502b68d,6a255d43000000002902d225,,1780833604000,你还觉得很自豪吗？,77adace9761fa010,🔥***🔥,0,0,,重庆,1787487706705
14,complete,GK2026D1,6a24d5cd000000003502b68d,6a255d4b000000002803e437,,1780833612000,这种人就不用考了,cffde153179ee02f,好***气,1,0,,辽宁,1787485818245
14,complete,GK2026D1,6a24d5cd000000003502b68d,6a255dd50000000028031dfe,6a253ea3000000002b02beb8,1780833750000,这种真的就别考了,0ba17126805a84b5,小***8,2,0,,四川,1787485868802
14,complete,GK2026D1,6a24d5cd000000003502b68d,6a255e9d0000000029027579,,1780833949000,能不能少点这种宣传，，你们以为的热心帮助，却给了考生有恃无恐。对自己不负责，家长对孩子不负责，你们的热心帮助，意义为零，尊重优胜劣汰吧,70186e2b2ae6ef73,胖***头,0,0,,安徽,1787487706704
14,complete,GK2026D1,6a24d5cd000000003502b68d,6a2561be0000000027023c83,,1780834750000,没事儿没事儿，以后给我送东西的时候可别忘了啊,5cff0e6299f9f623,D***g,0,0,,四川,1787487706703
14,complete,GK2026D1,6a24d5cd000000003502b68d,6a2561e4000000002803a184,,1780834788000,进入职场以后就是猪队友，能害死整个团队的那种[捂脸R],7d4f20c45b7d7910,么*,0,0,,山东,1787488113005
14,complete,GK2026D1,6a24d5cd000000003502b68d,6a25621c000000002701f78e,,1780834844000,我好像看到有考生的校服是人大附中！,2f3293b3ffd2d458,猫***🥀,0,0,,河南,1787485818244
14,complete,GK2026D1,6a24d5cd000000003502b68d,6a256229000000002903796f,,1780834858000,感觉每年都有这种丢三落四的学生[笑哭R]，毕业了早点去送外卖吧,229c51874c8b9f9d,语*,0,0,,广东,1787488113004
14,complete,GK2026D1,6a24d5cd000000003502b68d,6a2562b70000000027017577,6a250f49000000000d021c04,1780834999000,你可真激动[笑哭R]，我只是说出了我会做的做法,722f9ce4ce0b91a2,落***水,0,0,,福建,1787485411768
14,complete,GK2026D1,6a24d5cd000000003502b68d,6a2564b40000000028008bee,6a250beb00000000270232f3,1780835508000,"
[哭惹R]t",e448533cec909558,阿*,0,0,,宁夏,1787485428654
14,complete,GK2026D1,6a24d5cd000000003502b68d,6a256507000000002901ad9e,,1780835591000,这个考场的记者高兴死了，这种新闻都能报道到，想都不敢想,7b6d316db58ff573,哈*,8,2,,浙江,1787485784355
14,complete,GK2026D1,6a24d5cd000000003502b68d,6a256567000000002900c9f9,,1780835687000,每年都有 哎,cb016a58fa5884d9,D***n,0,0,,重庆,1787485784354
14,complete,GK2026D1,6a24d5cd000000003502b68d,6a2565bf000000002803fc50,,1780835775000,外卖员真的是情商智商都必须在线 要脑袋灵活还要知道找近路，搞懂知道怎么薅羊毛，我觉得我不如外卖员[笑哭R],cb016a58fa5884d9,D***n,1,0,,重庆,1787485784354
14,complete,GK2026D1,6a24d5cd000000003502b68d,6a25660f000000002702c557,6a250beb00000000270232f3,1780835855000,送外卖得有机灵劲，这丢三落四的可干不了。,3b0fa4abb1e47440,小***7,2,0,,北京,1787485428655
14,complete,GK2026D1,6a24d5cd000000003502b68d,6a25662b000000002702173f,6a256507000000002901ad9e,1780835884000,这种新闻年年都能预制的[捂脸R],3b0fa4abb1e47440,小***7,3,0,,北京,1787485799361
14,complete,GK2026D1,6a24d5cd000000003502b68d,6a256645000000002a031643,6a250907000000002b028471,1780835909000,这种记忆力送不了快递，进厂打螺丝都怕少打一个,5276da1f54330381,嘟***觉,0,0,,重庆,1787485343687
14,complete,GK2026D1,6a24d5cd000000003502b68d,6a2566490000000027015370,6a250fcf00000000280359d7,1780835914000,那不行，得这么多人得伺候着。,3b0fa4abb1e47440,小***7,0,0,,北京,1787486105049
14,complete,GK2026D1,6a24d5cd000000003502b68d,6a25683f000000002b003a94,,1780836416000,哎。准考证都能忘记，跑错考场，这样的考生有啥用,f28c302156997731,桃***白,0,0,,上海,1787487706702
14,complete,GK2026D1,6a24d5cd000000003502b68d,6a2568d3000000002b0241e5,6a256507000000002901ad9e,1780836563000,每年都有，还不少,5702ef13f280302f,*,1,0,,安徽,1787485801111
14,complete,GK2026D1,6a24d5cd000000003502b68d,6a256970000000002702e5c1,,1780836721000,准时宝确实有必要买[doge],585cef21dba0fe27,晴***界,0,0,,江苏,1787485784353
14,complete,GK2026D1,6a24d5cd000000003502b68d,6a2569d2000000000d022c02,,1780836819000,鸟大了什么林子都有,79598c4144269aaf,三***呆,0,0,,泰国,1787485784353
14,complete,GK2026D1,6a24d5cd000000003502b68d,6a2569d9000000002702c0ac,,1780836826000,把所有考试用的东西，都放在考试袋里，怎么年年都有走错考场的，没带身份证的，没带准考证的，考生和家长想啥那，心也太大了吧,db606168075be829,董***董,0,0,,黑龙江,1787487706702
14,complete,GK2026D1,6a24d5cd000000003502b68d,6a2569df000000002900f646,,1780836831000,高考年年有 年年都有这样的跟刷NPC一样 不是忘记带身份证了就是忘记带准考证了要么就是走错考场,2ca830363aca6ca0,锅***又,0,0,,浙江,1787485784352
14,complete,GK2026D1,6a24d5cd000000003502b68d,6a256a6e000000002702e938,,1780836975000,建议第一项考试就是不丢身份证，不迟到，否则直接淘汰,8d5ac227d07d58cb,*,0,0,,北京,1787485784352
14,complete,GK2026D1,6a24d5cd000000003502b68d,6a256a6f000000002900db41,,1780836975000,还是直接去送外卖吧，别把餐搞错了,011d03a210bacbd7,小***子,0,0,,北京,1787485784351
14,complete,GK2026D1,6a24d5cd000000003502b68d,6a256af5000000002803cca2,,1780837109000,头天晚上不应该把证件和文具放在一个袋子里吗？,c821b94467b78eb6,小***蛋,0,0,,江苏,1787485784350
14,complete,GK2026D1,6a24d5cd000000003502b68d,6a256cb3000000002803fd46,,1780837555000,能不能屏蔽下每年的考试，你特么考的好不好别影响别人就行了。,d91dc7ab09e30476,L***n,0,0,,江苏,1787487706700
14,complete,GK2026D1,6a24d5cd000000003502b68d,6a256e3200000000270167f3,,1780837938000,最无语的是走错考场的，我觉得可以直接被筛掉了,a9a802417a171ef1,笨***记,0,0,,北京,1787485784349
14,complete,GK2026D1,6a24d5cd000000003502b68d,6a256ff9000000002901019c,,1780838393000,得了吧，能忘带身份证，走错考场的，外卖根本送不了，人家指望着你给送呢[笑哭R],eb67e70e8703cbf3,1***影,0,0,,内蒙古,1787487689935
14,complete,GK2026D1,6a24d5cd000000003502b68d,6a2570600000000028037c6b,,1780838497000,回家躺着吹空调吧，别考了。,054e4c576a0ca443,晚***。,0,0,,陕西,1787485766989
14,complete,GK2026D1,6a24d5cd000000003502b68d,6a25707d000000002901a679,,1780838525000,丢三落四的，以后有的是差评。,fcfe328325ff2a1f,恶***天,0,0,,安徽,1787487689935
14,complete,GK2026D1,6a24d5cd000000003502b68d,6a2570a3000000002900c45f,6a24fd1f00000000270229e9,1780838563000,我也是这样的，最起码第二天早上不会慌慌张张的，[赞R],116473ac9ed86759,苒***g,0,0,,辽宁,1787487487575
14,complete,GK2026D1,6a24d5cd000000003502b68d,6a257199000000002a005962,,1780838810000,为什么每一年总会有这种人忘记带身份证的，就相当于今天我请客吃饭，忘记带手机是一样的。,96cf7ade6fc54499,机***A,0,0,,重庆,1787485766988
14,complete,GK2026D1,6a24d5cd000000003502b68d,6a2571c20000000028031aa1,,1780838850000,估计自己不想考[笑哭R],0b185b56dfccc95a,雾*,0,0,,陕西,1787485766988
14,complete,GK2026D1,6a24d5cd000000003502b68d,6a2572dd000000002900daa0,6a250907000000002b028471,1780839134000,+1 我也吃塔斯汀汉堡,8a66958ce95a3e32,哦***吼,0,0,,广东,1787485309375
14,complete,GK2026D1,6a24d5cd000000003502b68d,6a25732b000000002803aa6f,6a24f990000000002701d88c,1780839212000,买那种透明袋子 把笔 修正带 身份证 尺子装一块就行了,8a66958ce95a3e32,哦***吼,0,0,,广东,1787485377604
14,complete,GK2026D1,6a24d5cd000000003502b68d,6a257353000000002800b926,,1780839251000,现在还需要准考证么，不应该刷脸么,61ffbfdeba366df8,T***🔅,0,0,,北京,1787485766987
14,complete,GK2026D1,6a24d5cd000000003502b68d,6a25739f000000002702956f,,1780839327000,这些考试要用的所有证件都要提前一晚放在笔袋里 也是不明白为什么每年都有那么多粗心大意的孩子和家长,fa2cd68288eac935,幸***咪,0,0,,广东,1787485766987
14,complete,GK2026D1,6a24d5cd000000003502b68d,6a25753c000000002b02a9d2,,1780839741000,身份证不会前一晚准备 ？,c7d77476486d63a6,做***者,0,0,,广东,1787487689934
14,complete,GK2026D1,6a24d5cd000000003502b68d,6a257576000000002a02fa87,,1780839798000,这以后送外卖可别走错了小区啊,5b8ce4a7c56c1e8c,敢***先,0,0,,浙江,1787485766986
14,complete,GK2026D1,6a24d5cd000000003502b68d,6a257623000000002800b435,,1780839972000,这种人都让他们去死吧。还考个屌啊！,d24727e2eef0cc65,j***v,0,0,,上海,1787488113003
14,complete,GK2026D1,6a24d5cd000000003502b68d,6a2576450000000028032e43,6a250907000000002b028471,1780840005000,@🌝,1f9b974e8276727d,J***e,0,0,,湖南,1787485309377
14,complete,GK2026D1,6a24d5cd000000003502b68d,6a2578aa0000000029010694,,1780840618000,你就说重视不重视考试吧！唉,6270333200d90eed,善*,0,0,,北京,1787485766986
14,complete,GK2026D1,6a24d5cd000000003502b68d,6a257b9a000000002b001e3c,,1780841370000,忘带就别考了，也不是必须得考,97983f811f778507,是***呀,0,0,,辽宁,1787485766985
14,complete,GK2026D1,6a24d5cd000000003502b68d,6a257e58000000002902c5e4,,1780842073000,跑外卖的 都不会忘带身份证,91e228a5a45275b2,樂*,0,0,,广东,1787485766984
14,complete,GK2026D1,6a24d5cd000000003502b68d,6a257e77000000002701f20f,,1780842104000,早干嘛去了，这样的学生也是没嘛事了,29e31744c6fc4d9b,新*,0,0,,天津,1787488113003
14,complete,GK2026D1,6a24d5cd000000003502b68d,6a257ee400000000280322d8,,1780842212000,[生气R][生气R][生气R]找不到就别考了[斜眼R][斜眼R][斜眼R],98f0f56f136defb9,m***o,0,0,,四川,1787485766983
14,complete,GK2026D1,6a24d5cd000000003502b68d,6a25802600000000290100f3,,1780842535000,哇偶，提前准备好了，等到出门就突然不见了[赞R],105767c82f05ee65,齐***强,0,0,,河北,1787485716201
14,complete,GK2026D1,6a24d5cd000000003502b68d,6a2580e8000000002702c217,,1780842728000,难道不是头天晚上都放考试袋子里面吗,fc9f9d3e60c06cd0,g***0,1,0,,北京,1787485716200
14,complete,GK2026D1,6a24d5cd000000003502b68d,6a25817d0000000029024549,,1780842878000,唉…就这么奇怪，平时没丢，就高考的时候偏偏找不到了[偷笑R]，也别考了直接送外卖去吧！,402203188a4cd9a3,🌹***🌹,1,4,,湖北,1787485716200
14,complete,GK2026D1,6a24d5cd000000003502b68d,6a258278000000002b002403,,1780843129000,把人家不想高考的路都赌死了,827bd3fbcf10dbc2,m***o,0,0,,山东,1787487689933
14,complete,GK2026D1,6a24d5cd000000003502b68d,6a258385000000002901194e,,1780843398000,身份证改成芯片植入皮肤下就不会丢了。,798061a9fc450feb,小***7,0,0,,湖南,1787485716199
14,complete,GK2026D1,6a24d5cd000000003502b68d,6a2583f6000000002701791c,,1780843510000,去工地不用身份证，直接送工地吧,c909c8d167e48eb6,小***熏,0,1,,北京,1787485716199
14,complete,GK2026D1,6a24d5cd000000003502b68d,6a25845400000000270150ea,6a25817d0000000029024549,1780843604000,可别，万一我点的塔斯汀忘记给我拿可乐怎么办,ebd41c434684244c,小***学,0,0,,四川,1787485747914
14,complete,GK2026D1,6a24d5cd000000003502b68d,6a258ab80000000028035e7e,,1780845241000,不是编的故事吧？自己的人生大事都不上心，别人上心有蛋用[失望R]。已经就被社会淘汰了，如果是交通状况或车碰巧坏了动用社会资源还有情可原。,86dd57e949d6a927,整***码,0,0,,北京,1787487689933
14,complete,GK2026D1,6a24d5cd000000003502b68d,6a258b21000000002803a563,,1780845346000,别考了,7eba1164f383d81f,花***脸,1,0,,广西,1787485716198
14,complete,GK2026D1,6a24d5cd000000003502b68d,6a258c9b000000002702c870,,1780845724000,没事这种的来我工地，给你安排轻松活，就是最后完工的时候有几份合同你签了就行[doge]签自己名字摁手印不累吧[嘻嘻R],0d737fed007af4d8,H***g,0,0,,四川,1787485716198
14,complete,GK2026D1,6a24d5cd000000003502b68d,6a258cb7000000002b028c07,,1780845751000,这是什么好事？,e9858b8959c17751,游***鹰,0,0,,浙江,1787485716197
14,complete,GK2026D1,6a24d5cd000000003502b68d,6a258e3c000000002701d933,,1780846141000,固定npc刷新时间 没办法的,9a6475804fb04a62,V***i,0,0,,重庆,1787485716196
14,complete,GK2026D1,6a24d5cd000000003502b68d,6a2591850000000029019a64,6a250907000000002b028471,1780846981000,哈哈哈哈哈哈哈哈哈,686494a710de9716,橙***孩,0,0,,浙江,1787485309378
14,complete,GK2026D1,6a24d5cd000000003502b68d,6a25944f000000002803505d,,1780847695000,人才,cc7dc1a0ca5ecc6e,星***心,0,0,,广东,1787487689932
14,complete,GK2026D1,6a24d5cd000000003502b68d,6a259547000000002702019c,,1780847944000,"高考当天节目单 ：
1—忘带身份证
2—忘带准考证
3—身份证或准考证丟了
4—门坏了被困家里
5—跑错考场
6—迟到
bgm—每当我悲伤过也被暴雨淋过～～",89e3f9e0e5bdf33e,晴*,0,2,,英国,1787485716194
14,complete,GK2026D1,6a24d5cd000000003502b68d,6a2596ce000000002903689f,,1780848335000,这一天天的，他一家子都有问题,b62faaabb2f2233f,B***W,0,0,,广东,1787487689931
14,complete,GK2026D1,6a24d5cd000000003502b68d,6a25978f0000000029013452,6a250907000000002b028471,1780848527000,[笑哭R][笑哭R]牛,c2c4f9adf961a282,曼***🤡,0,0,,广西,1787485343688
14,complete,GK2026D1,6a24d5cd000000003502b68d,6a25982a0000000029010b19,6a259547000000002702019c,1780848683000,今年还刷新了一个节目 报错科目[笑哭R],286a8fba99221f48,北*,0,0,,陕西,1787485731203
14,complete,GK2026D1,6a24d5cd000000003502b68d,6a259a1f0000000029034dc9,,1780849183000,往年还有人觉得丢了应该着急，现在全是去当外卖员的[笑哭R]这种重要的事年年犯错已经不值得可怜了，玩手机玩游戏干自己喜欢的一样不落，当每年都有极少数人犯同样的错误就说明这是第一批该被淘汰的,42ff1fc2abc5ef44,浮*,0,0,,重庆,1787487689930
14,complete,GK2026D1,6a24d5cd000000003502b68d,6a259ab3000000002b0275ce,6a25817d0000000029024549,1780849331000,这种人送外卖也会给投诉到一月白跑还要倒给钱。,8743cc77721d01c6,太***验,0,0,,广东,1787485749756
14,complete,GK2026D1,6a24d5cd000000003502b68d,6a259b80000000002a027e61,,1780849537000,每个城市的警察服务都不一样,8168fb0f7cbb3f36,静***亮,0,0,,河北,1787485682182
14,complete,GK2026D1,6a24d5cd000000003502b68d,6a259bec0000000027015a61,,1780849645000,每年准时上演[doge]准考证身份证忘记带[皱眉R],c88b9cd9f02e7d27,人***落,0,0,,广东,1787485682181
14,complete,GK2026D1,6a24d5cd000000003502b68d,6a259c43000000002803966e,6a2583f6000000002701791c,1780849731000,很多工地已经不开工了，,9e74662e37451f21,小*,0,0,,广西,1787485747912
14,complete,GK2026D1,6a24d5cd000000003502b68d,6a259f64000000002803429a,,1780850533000,麻烦送到最近的工地,9fa34c5996dd8a2c,苗***）,0,0,,贵州,1787485682181
14,complete,GK2026D1,6a24d5cd000000003502b68d,6a25a0830000000028033aa6,,1780850819000,有病，大专,f1544c488c506236,安*,0,0,,云南,1787488113002
14,complete,GK2026D1,6a24d5cd000000003502b68d,6a25a50d0000000029012f5c,,1780851982000,烤地瓜吧 烤地瓜不需要身份证,f273b9605156e0fb,*,0,0,,辽宁,1787485682180
14,complete,GK2026D1,6a24d5cd000000003502b68d,6a25a9290000000028034719,,1780853034000,有更多更重要的事情和人需要警察服务，浪费资源在这种人身上,e215bddbd44d5a41,K***季,0,0,,湖南,1787487689929
14,complete,GK2026D1,6a24d5cd000000003502b68d,6a25ae56000000002803faf5,,1780854359000,想当年，我高考前实在不想去学校了直接在家半年没去学校，到高考前一周才知道下一周马上要高考了[笑哭R],44cbd74b747dd054,拾***g,1,0,,北京,1787485682180
14,complete,GK2026D1,6a24d5cd000000003502b68d,6a25b05300000000290276ad,,1780854868000,这批迟到不带证的人早就该淘汰,9a5b6609251dc073,周***子,0,0,,上海,1787487689928
14,complete,GK2026D1,6a24d5cd000000003502b68d,6a25b711000000002902430f,,1780856593000,每年都有缺心眼儿,d11a5971c0b1649a,奶***💕,0,0,,陕西,1787488113001
14,complete,GK2026D1,6a24d5cd000000003502b68d,6a25be86000000002a024bdd,,1780858503000,这种东西不是提前一天几天准备好吗？放在一个袋子里面。什么叫临出门找不到了？,54c1775a7eae7195,A***王,0,0,,广东,1787487673178
14,complete,GK2026D1,6a24d5cd000000003502b68d,6a25bf3c000000000d021c01,,1780858685000,保姆级别的服务真好。。。我们这从来都没有,d2e2350238cab69e,柯***蔓,0,0,,马来西亚,1787485682179
14,complete,GK2026D1,6a24d5cd000000003502b68d,6a25bff80000000028036d3e,,1780858872000,赶紧送去当保安吧,5e72c05c30c8ca1f,X*,9,5,,贵州,1787485682178
14,complete,GK2026D1,6a24d5cd000000003502b68d,6a25c7890000000028036fd2,,1780860809000,那么这样的话，要求带身份证不是很多余吗,f284bee3ae7c4fce,R***o,0,0,,广东,1787485682178
14,complete,GK2026D1,6a24d5cd000000003502b68d,6a25c7e7000000002902d293,,1780860904000,什么人都能参加高考,a1a2d2c98869f783,甜***）,0,0,,江苏,1787485682177
14,complete,GK2026D1,6a24d5cd000000003502b68d,6a25cff7000000002803905b,,1780862968000,机会是留给有准备的人，没有必要再去找，想想,60a6a04b3c4afb41,老***2,0,0,,广西,1787485682176
14,complete,GK2026D1,6a24d5cd000000003502b68d,6a25d7c1000000002900ee28,,1780864962000,高考的第一项测验就应该淘汰掉,0233781398693d62,陌*,2,0,,北京,1787485664996
14,complete,GK2026D1,6a24d5cd000000003502b68d,6a25d81f000000002900efe5,6a250beb00000000270232f3,1780865056000,活下来的外卖员素质都很高，起码的一本毕业[偷笑R],0233781398693d62,陌*,0,0,,北京,1787485428656
14,complete,GK2026D1,6a24d5cd000000003502b68d,6a25e4770000000028008a69,,1780868215000,考试前不都会发一个透明塑料袋，把所有需要用的工具还有证件全部放里面吗？他们是怎么做到只丢一个东西的？丢过的小朋友们出来解释一下,5966a692ee9b725b,p***铺,0,1,,山西,1787485207907
14,complete,GK2026D1,6a24d5cd000000003502b68d,6a25e987000000002701d583,,1780869511000,证明 家长和学生都懒散惯了  别的说明不了什么,8e81b08ffb6c4cdc,小***8,0,0,,北京,1787485664996
14,complete,GK2026D1,6a24d5cd000000003502b68d,6a25eded000000002a02609a,,1780870638000,我真的服了[捂脸R]每年都有这种事情，紧张的还是怎么的，重要的事情都会特别在意吧,944a783ad31abf40,大***受,0,0,,湖南,1787487673178
14,complete,GK2026D1,6a24d5cd000000003502b68d,6a25ef5a00000000290364ea,,1780871002000,搞掉证件的孩子就不要让他考了，考了要是垫底，这样的小事都做不好，走上社会怎么生活。,336893e2956eb7b9,小***5,0,0,,湖南,1787487673177
14,complete,GK2026D1,6a24d5cd000000003502b68d,6a25f2e8000000002702b71e,6a25bff80000000028036d3e,1780871912000,我们小区不要这种保安,64356ebd935b994a,m***o,2,0,,北京,1787485697185
14,complete,GK2026D1,6a24d5cd000000003502b68d,6a25f3a200000000280335db,,1780872099000,优胜劣汰！凭什么你帮忙！,d32d359c34c3237f,吃***了,0,0,,北京,1787487673177
14,complete,GK2026D1,6a24d5cd000000003502b68d,6a25f3e40000000028039f13,,1780872165000,以后职位越大破坏力越大！,d32d359c34c3237f,吃***了,1,0,,北京,1787485664995
14,complete,GK2026D1,6a24d5cd000000003502b68d,6a25f54a000000002a033f6f,,1780872522000,反对，应该把升学名额留给正常考生,18538c1936b3a689,仲*,0,0,,湖南,1787485664995
14,complete,GK2026D1,6a24d5cd000000003502b68d,6a25faa5000000002a03359c,6a24f990000000002701d88c,1780873894000,你明白，这种人的孩子也生了孩子，聪明的反而不生了,c3f07c5612c836ae,曲***歌,0,0,,广东,1787485377606
14,complete,GK2026D1,6a24d5cd000000003502b68d,6a25fae30000000029027f8b,6a25108f000000002900cdbb,1780873956000,路线都看不,c3f07c5612c836ae,曲***歌,0,0,,广东,1787486155170
14,complete,GK2026D1,6a24d5cd000000003502b68d,6a25fb7e00000000270174f3,6a25e4770000000028008a69,1780874110000,没装那个袋里呗,d1d6394d33470801,m***o,0,0,,北京,1787485527299
14,complete,GK2026D1,6a24d5cd000000003502b68d,6a25fbf40000000027017bc0,,1780874229000,对人生这么大的事情都能丢三落四的，不应该优胜劣汰嘛。还叭叭送过去考试，直接送去外卖站点办理入职吧,19379a521d81a7a6,紫*,0,0,,江苏,1787487673177
14,complete,GK2026D1,6a24d5cd000000003502b68d,6a25fcf3000000002b027ed5,6a25bff80000000028036d3e,1780874483000,小区也不要，要是紧急情况要他开门，他找不到钥匙怎么办,3f9ae65058086b6a,*,1,0,,广东,1787485699438
14,complete,GK2026D1,6a24d5cd000000003502b68d,6a25fda1000000002803c552,,1780874657000,说句难听点的，怎么每年都有这么废物的做题机器。,e3abef3180aca781,大***学,0,0,,北京,1787487673176
14,complete,GK2026D1,6a24d5cd000000003502b68d,6a260012000000002800b009,6a25817d0000000029024549,1780875282000,忘记拿餐了怎么办,1def918b37e416fe,M***📷,0,0,,河南,1787485749753
14,complete,GK2026D1,6a24d5cd000000003502b68d,6a26003c000000002701e50e,6a2556b50000000028036cbd,1780875325000,进厂也会拧错螺丝,1def918b37e416fe,M***📷,0,0,,河南,1787485868802
14,complete,GK2026D1,6a24d5cd000000003502b68d,6a26005a000000002702bd9a,6a25108f000000002900cdbb,1780875354000,送外卖都会送错,1def918b37e416fe,M***📷,0,0,,河南,1787486155171
14,complete,GK2026D1,6a24d5cd000000003502b68d,6a2601e5000000002a006192,6a2554d0000000002800afff,1780875749000,上年有个版本就是前2科对了，第三科走错考场。今年有新版，就是走错考场摩托车拉去对面只花了10秒[斜眼R],8ab5761a08985aeb,木*,0,0,,广东,1787485885759
14,complete,GK2026D1,6a24d5cd000000003502b68d,6a260273000000002803de6e,,1780875891000,突然间就找不到了[doge],2b08c787ab27a6d0,落***声,1,0,,安徽,1787485664994
14,complete,GK2026D1,6a24d5cd000000003502b68d,6a2602ee000000002803e977,,1780876015000,考生最重要的身份证，准考证，别迟到，别走错考场，考试用笔。怎么年年有这样的考生，想无[石化R],4ebbaae2de53ddf7,小***7,2,1,,福建,1787485207906
14,complete,GK2026D1,6a24d5cd000000003502b68d,6a26031800000000290274e7,,1780876056000,[吃瓜R]以后做动车，飞机，应聘，是不是也要警察帮忙送身份证件[吃瓜R],1488a384606f36c2,L***林,0,0,,广东,1787485664993
14,complete,GK2026D1,6a24d5cd000000003502b68d,6a260335000000002800af3a,,1780876085000,这个其实也是高考淘汰的一个环节,cbe2a1a16b2a4657,网***声,0,0,,北京,1787485664993
14,complete,GK2026D1,6a24d5cd000000003502b68d,6a26046e000000002b0033c2,,1780876399000,社会包容性还是太强了，爱心人士太多了，考生都是成年人了。上战场把枪给丢了，还考什么试啊？考场都是提前看好的，居然还会走错，丢三落四的，不是身份证忘带，就是准考证忘带，这批人和考公考编走错考场的，是不是同一种人,1e183d58ea7640f8,跨***馆,0,0,,黑龙江,1787487673175
14,complete,GK2026D1,6a24d5cd000000003502b68d,6a2604a4000000002a004ca9,,1780876452000,以后谁碰见我家孩子走错考场、丢失各种证件的话，直接把他送工地去,1e183d58ea7640f8,跨***馆,4,2,,黑龙江,1787485207905
14,complete,GK2026D1,6a24d5cd000000003502b68d,6a2604b7000000002b026f0b,6a2604a4000000002a004ca9,1780876472000,这才哪到哪啊？人生以后的难题多了,1e183d58ea7640f8,跨***馆,2,0,,黑龙江,1787485512292
14,complete,GK2026D1,6a24d5cd000000003502b68d,6a2605db000000002a026bf6,,1780876764000,没必要考了,cb166e765007d8ea,用***销,0,0,,黑龙江,1787485664992
14,complete,GK2026D1,6a24d5cd000000003502b68d,6a2606b6000000002800bae1,,1780876983000,突然之间找不到了[笑哭R],dcc953f2e1043e6f,身***色,0,0,,上海,1787485664991
14,complete,GK2026D1,6a24d5cd000000003502b68d,6a2606eb000000002a032812,,1780877035000,人生大事，还有忘记的,1e7ff115e446b5ff,🐮*,1,1,,广东,1787485207907
14,complete,GK2026D1,6a24d5cd000000003502b68d,6a2606f20000000028035fec,,1780877042000,我就算出个差都要提前一天晚上把衣服，鞋子，包，身份证，充电器，剃须刀，笔记本，装好第二天直接出发，高考弄丢身份证这种社会边角料子还考个锤子,f84c351385a045f8,v***清,2,0,,江苏,1787485664990
14,complete,GK2026D1,6a24d5cd000000003502b68d,6a26086d0000000028038c20,,1780877422000,,bd8cbda84241f290,黄***仙,0,0,http://sns-webpic-qc.xhscdn.com/202608231947/e2f5295b6cdb7ff25f91c92b334de166/comment/1040g4b83214q8v8qnk805n8mciblgnkd0uet190!nd_whlt34_webp_wm_1,福建,1787485648278
14,complete,GK2026D1,6a24d5cd000000003502b68d,6a260930000000002900e237,,1780877617000,那么低级的错误都能犯，也不会有啥出息,5fb202b5b90adea4,g***h,0,0,,浙江,1787488113000
14,complete,GK2026D1,6a24d5cd000000003502b68d,6a26094f000000002902e998,,1780877648000,以后送外卖不准忘记带我的餐就行,040c44259881c8bb,我***萃,1,0,,四川,1787485648278
14,complete,GK2026D1,6a24d5cd000000003502b68d,6a26098700000000270223a9,,1780877704000,一个文具袋，提前一天都准备完了,ca38d7ece77ea56c,A***才,0,0,,河南,1787485648277
14,complete,GK2026D1,6a24d5cd000000003502b68d,6a2609aa000000002a02f93d,6a2514aa00000000280087fd,1780877738000,九块钱的可乐你给我五毛，必须投诉[doge],ef4ff10bab1c0e06,小***6,0,0,,河南,1787485309378
14,complete,GK2026D1,6a24d5cd000000003502b68d,6a2609b5000000002900efbb,6a2604a4000000002a004ca9,1780877749000,哈哈哈哈会说多说[笑哭R],6c2f52b8b50398ab,P***e,1,0,,江苏,1787485510586
14,complete,GK2026D1,6a24d5cd000000003502b68d,6a2609e000000000270169f5,6a250907000000002b028471,1780877792000,不，我直接拒绝他给我送餐[偷笑R],4b9c883a9ffa8ac5,兔***安,0,0,,江苏,1787485309379
14,complete,GK2026D1,6a24d5cd000000003502b68d,6a2609e90000000029011613,,1780877802000,评论区别侮辱人家外卖员，人家同时好几个订单提前送达我也干不了，,6c2f52b8b50398ab,P***e,0,0,,江苏,1787487673175
14,complete,GK2026D1,6a24d5cd000000003502b68d,6a260a4a0000000027017630,6a250beb00000000270232f3,1780877899000,就是啊，这种人送到外卖那边都不要,11fc1f71e6682209,可***性,0,0,,广东,1787485462234
14,complete,GK2026D1,6a24d5cd000000003502b68d,6a260ab4000000002900cbb7,6a24e9f9000000002b0260e5,1780878005000,回头忘记给你开安全锁。。,91b231f97a58896d,最***莲,0,0,,上海,1787487098837
14,complete,GK2026D1,6a24d5cd000000003502b68d,6a260b09000000002a0339c9,,1780878089000,走错考场迟到忘这忘那的以后进入社会可咋办谁还帮着你,0737b8f97f39e02e,H*,0,0,,山东,1787487673174
14,complete,GK2026D1,6a24d5cd000000003502b68d,6a260bc1000000002702cd31,,1780878274000,[点赞R][点赞R][点赞R]别浪费考卷了，这种的直接拉进黑户处理好了。,94c73e4bbbacd3eb,1***6,0,0,,广东,1787485648277
14,complete,GK2026D1,6a24d5cd000000003502b68d,6a260c25000000002702d7c3,6a25bff80000000028036d3e,1780878374000,保安都要不了，等下叫他开东门，他跑去开西门了，东西钥匙又忘记拿了，等下……,94c73e4bbbacd3eb,1***6,2,0,,广东,1787485699440
14,complete,GK2026D1,6a24d5cd000000003502b68d,6a260c90000000002a026ef2,,1780878480000,提前一天干啥去了。前一晚睡觉前干啥去了？如果在公司上班，你第二天要去和客户签合同，见到客户说合同忘记带了。,ece161041926a24d,本*,0,0,,四川,1787485648276
14,complete,GK2026D1,6a24d5cd000000003502b68d,6a260d72000000002b029f3e,6a25bff80000000028036d3e,1780878706000,保安丢三落四更严重,b341e857b3dd8125,M***O,1,0,,加拿大,1787485699441
14,complete,GK2026D1,6a24d5cd000000003502b68d,6a260e690000000027017784,,1780878953000,新兵上战场，拿了枪但是忘带弹夹,017c7811c803f796,幸***保,2,0,,北京,1787485648275
14,complete,GK2026D1,6a24d5cd000000003502b68d,6a260ed500000000290251c5,,1780879062000,学生明明故意不带的,48ca3ede7edd4f25,锦***年,0,0,,广东,1787485648275
14,complete,GK2026D1,6a24d5cd000000003502b68d,6a260f8300000000290260f1,,1780879235000,这种人就不要高考了 尽早去打工吧,d161e811862610f7,包*,0,0,,云南,1787487673172
14,complete,GK2026D1,6a24d5cd000000003502b68d,6a260f94000000000d022c00,,1780879252000,民警的服務真好,d05519fd33f18ae7,張***林,0,0,,中国台湾,1787485648274
14,complete,GK2026D1,6a24d5cd000000003502b68d,6a260fb80000000029010bbd,6a250907000000002b028471,1780879289000,我第一次接塔斯汀，就没拿可乐，最后给顾客买了一瓶，商家没放一起，打电话过去人家说老骑手都知道有可乐,2a174c866ab03605,桃*,0,0,,山西,1787485326662
14,complete,GK2026D1,6a24d5cd000000003502b68d,6a2610f5000000002702afc4,,1780879605000,这种NPC每年都有，今年特别多,cb0e5d2f060f233d,艾***.,0,0,,湖南,1787485648273
14,complete,GK2026D1,6a24d5cd000000003502b68d,6a261196000000002a02f28f,,1780879766000,显眼包[笑哭R],24c8d12a87c9ffee,点***赞,0,0,,安徽,1787487656160
14,complete,GK2026D1,6a24d5cd000000003502b68d,6a2611f8000000002a0274e9,6a250907000000002b028471,1780879865000,你放心，包忘记的，第一下餐都忘记拿[doge],c9a6a958f7c931c6,人***全,0,0,,广东,1787485326663
14,complete,GK2026D1,6a24d5cd000000003502b68d,6a26139d000000002a00492a,6a250beb00000000270232f3,1780880285000,[笑哭R]就这样的以后送外卖都会给你漏餐具,ed2a2e31772da122,L***5,0,0,,广西,1787485428656
14,complete,GK2026D1,6a24d5cd000000003502b68d,6a26143f000000002a02f9ba,6a250907000000002b028471,1780880448000,哈哈,a18c574281339109,m***o,0,0,,福建,1787485326664
14,complete,GK2026D1,6a24d5cd000000003502b68d,6a26145e000000002803d19c,,1780880478000,别说送外卖跟进厂，人家不一定要[笑哭R],c6964ccc2866a462,内***楠,0,0,,河南,1787485648271
14,complete,GK2026D1,6a24d5cd000000003502b68d,6a26147f0000000028035232,,1780880512000,这些走错考场的，证忘带的，不用考了，进厂吧,3b78d7aba169495a,暗***子,1,0,,重庆,1787485631297
14,complete,GK2026D1,6a24d5cd000000003502b68d,6a26156900000000280083bf,,1780880745000,忘这忘那的 还有跑错考场的 这种就淘汰了吧,672ccc41b89775d5,哆***咪,1,0,,上海,1787485631297
14,complete,GK2026D1,6a24d5cd000000003502b68d,6a261580000000002800875f,,1780880768000,年年都有这些事,f2d3cf9c8602bb04,H***y,0,0,,广东,1787485631296
14,complete,GK2026D1,6a24d5cd000000003502b68d,6a261686000000002701c6f3,,1780881031000,开苟八户籍证明，还身份证突然找不到了，咋的，身份证自己长腿跑了啊[汗颜R]。三令五申的东西记不住就要付出点代价，还能干点啥了这种人,bc3b9aad3e9bd3d1,G***f,0,0,,江苏,1787487656159
14,complete,GK2026D1,6a24d5cd000000003502b68d,6a2616f500000000290112cf,6a250beb00000000270232f3,1780881141000,[doge]这类人送外卖就怕连外卖都忘记拿了,c2fa85952e74487e,爱***官,0,0,,广东,1787485445372
14,complete,GK2026D1,6a24d5cd000000003502b68d,6a261706000000002702d347,,1780881159000,我说话好听,68756b9aea481262,最***打,0,0,http://sns-webpic-qc.xhscdn.com/202608231947/f0b4065a6504a7d0adb8ba3ad5289678/comment/1040g2h03214q0un3740g5ott5m9pi0m5goi6mj8!nd_whgt34_webp_wm_1,江苏,1787485631296
14,complete,GK2026D1,6a24d5cd000000003502b68d,6a26173e0000000029037de3,,1780881215000,跑外卖是很需要脑子的，这种人连外卖员都做不上[捂脸R],9023fdfc3921c60e,怪***困,0,0,,广东,1787488112999
14,complete,GK2026D1,6a24d5cd000000003502b68d,6a261750000000002a02cff1,6a250907000000002b028471,1780881232000,怎么哪里都有你[doge]，一条评论走遍所有高考视频[doge],72967f22e62f7f99,清***）,0,0,,广东,1787485343689
14,complete,GK2026D1,6a24d5cd000000003502b68d,6a261779000000002903439f,,1780881274000,每个人都要为自己的行为买单，而不是无底线浪费公共资源,c18b9820f37d066d,马***步,0,0,,山东,1787487656159
14,complete,GK2026D1,6a24d5cd000000003502b68d,6a2618700000000027020fba,,1780881521000,就是扔了，不想考,a5c809a8cbd89710,闫***磊,0,0,,北京,1787485631295
14,complete,GK2026D1,6a24d5cd000000003502b68d,6a26187c0000000028039dd4,6a25817d0000000029024549,1780881532000,说实话还是不上心，但凡第二天是拿身份证领钱，他不会忘记的。,2e7de744e6f56985,R***t,0,0,,浙江,1787485749755
14,complete,GK2026D1,6a24d5cd000000003502b68d,6a2618b80000000028033618,6a24f949000000002702daf9,1780881593000,你问问他打游戏上网会不会忘记拿身份证，他百分之百带了。,2e7de744e6f56985,R***t,0,0,,浙江,1787486694414
14,complete,GK2026D1,6a24d5cd000000003502b68d,6a261a0b000000002803e53c,6a25106c0000000028037f0f,1780881931000,现在读大学是经济问题，不是成绩问题，有钱国内上不了国外也大把可以学,81ff8ecbf08f9de3,彭***咩,0,0,,泰国,1787486105050
14,complete,GK2026D1,6a24d5cd000000003502b68d,6a261a83000000002900fc99,,1780882051000,Some students in high school probably still have their parents pack their bags before going to school.,c98643cb9360bbb0,r***d,0,0,,北京,1787487656158
14,complete,GK2026D1,6a24d5cd000000003502b68d,6a261aa10000000027017da0,,1780882082000,咋就一个突然…考前干嘛呢,a798f836dd3b75e8,月***芋,0,0,,新疆,1787487656157
14,complete,GK2026D1,6a24d5cd000000003502b68d,6a261b65000000002702c283,,1780882278000,多余开，自己知道是人生大事还能丢，可堪何用,ddc459730515350a,老***四,1,0,,辽宁,1787485631294
14,complete,GK2026D1,6a24d5cd000000003502b68d,6a261c7b000000002b02a791,,1780882556000,我每次坐个高铁，出门前恨不得看800遍身份证[捂脸R][捂脸R][捂脸R]，为啥这么重要的场合，忘这忘那的[笑哭R][笑哭R],1b440008e5ba3ed5,小***臭,0,0,,江苏,1787485631294
14,complete,GK2026D1,6a24d5cd000000003502b68d,6a261e4d000000000d021401,6a2562b70000000027017577,1780883021000,你也激动啊,4207fb8de5da626e,H***o,0,0,,加拿大,1787485411770
14,complete,GK2026D1,6a24d5cd000000003502b68d,6a261f6d000000002702a84a,,1780883310000,都是被你们这些人惯的,48ac7a04fd5cc5f1,流***K,0,0,,北京,1787487656157
14,complete,GK2026D1,6a24d5cd000000003502b68d,6a2620540000000027016857,,1780883540000,唉[石化R]！,0b47973845d268a8,绳*,0,0,,安徽,1787485631293
14,complete,GK2026D1,6a24d5cd000000003502b68d,6a2622340000000028033c21,,1780884021000,这种废物走出社会有啥用？,47051c1c95342c1a,吴***嚎,0,0,,贵州,1787488112998
14,complete,GK2026D1,6a24d5cd000000003502b68d,6a26224e0000000029027cb1,,1780884047000,这么重要的时候都不上心，那还能干什么[汗颜R],d79122ca984398e3,心***暖,0,0,,广东,1787485631292
14,complete,GK2026D1,6a24d5cd000000003502b68d,6a26225e000000002a004940,,1780884063000,我无法想象这么重要的场合，竟然不提前做好准备[微笑R]，我每次要有重要事情要做，都要提前一个月规划，想办理签证我都是要提前半年规划[笑哭R],e076c6edad7f7472,D***l,0,0,,江苏,1787485631290
14,complete,GK2026D1,6a24d5cd000000003502b68d,6a262300000000002a031fce,6a2602ee000000002803e977,1780884225000,我那个时候都提早一个小时到，早点去心里也有准备，可以查漏补缺[笑哭R]，一般都是提前一天准备好资料,e076c6edad7f7472,D***l,0,0,,江苏,1787485527296
14,complete,GK2026D1,6a24d5cd000000003502b68d,6a26230e00000000290254eb,6a24fcfc000000002900d979,1780884238000,是的,e076c6edad7f7472,D***l,0,0,,江苏,1787487910000
14,complete,GK2026D1,6a24d5cd000000003502b68d,6a2624480000000029010905,,1780884553000,每年都是这种新闻……[笑哭R],cbf0b495df3fe8bf,平***成,0,0,,福建,1787485614303
14,complete,GK2026D1,6a24d5cd000000003502b68d,6a26249a000000002902463a,,1780884634000,其实这应该是高考当天的第一步考试～凡是走错考场的，东西忘带的就该是第一拨被淘汰的～,39ef0a01e8f4e7a8,飞***®,0,0,,辽宁,1787485614303
14,complete,GK2026D1,6a24d5cd000000003502b68d,6a26261400000000290122f9,,1780885013000,蠢猪，还考什么,016803038d1f35b7,B***B,0,0,,重庆,1787488112997
14,complete,GK2026D1,6a24d5cd000000003502b68d,6a26269d000000002900cdd5,,1780885150000,头天晚上   就应该把这些东西装好了吧   早上可以拿着就走    没有这些小意外     心态也会稳定一点吧,554694a3a1de0470,A***♚,0,0,,内蒙古,1787485614302
14,complete,GK2026D1,6a24d5cd000000003502b68d,6a26273500000000270150cb,,1780885301000,外卖都不想要，会漏拿餐，工厂也不想要，漏打螺丝钉引发安全事故咋办～,452ba64af4dee3dd,m***o,0,0,,江苏,1787485614301
14,complete,GK2026D1,6a24d5cd000000003502b68d,6a26274600000000290118ad,,1780885319000,快出门身份证突然找不到了？是晚上能有拿出来扔了吗……头一天不应该所有证件，工具，收拾好放到一个袋子里面吗……网友真的为考生和家长们操碎了心,f574f7b53f7c104c,栀*,0,0,,四川,1787487656156
14,complete,GK2026D1,6a24d5cd000000003502b68d,6a2627bf0000000027022ed7,,1780885440000,就这人生大事都能忘的人 认为他们可以考好吗？,10962a29c99cd680,帅***香,0,0,,美国,1787487656155
14,complete,GK2026D1,6a24d5cd000000003502b68d,6a2627d2000000002803c5e8,,1780885459000,老天爷已经帮筛选了一次。,22fb26790e5ca5c5,红***念,0,0,,江苏,1787485614301
14,complete,GK2026D1,6a24d5cd000000003502b68d,6a262d6e0000000028030ad8,,1780886894000,取关,c3e542bfbe86627f,小***2,0,0,,广东,1787485614300
14,complete,GK2026D1,6a24d5cd000000003502b68d,6a262e80000000002701ecff,,1780887168000,我想过可能会有忘带身份证，也想过可能忘带准考证的，万万没有想到居然有人走错考场的。这些年的教育到底发生了什么？,fdde09c3acf88bfd,狮***琨,0,0,,河北,1787485614299
14,complete,GK2026D1,6a24d5cd000000003502b68d,6a26317e000000002902c667,,1780887934000,到最后大家都觉得无所谓，反正忘带证件了门口有补的，走错考场有警车开道送。,ed7c874227c12993,亖***i,0,0,,江苏,1787485614298
14,complete,GK2026D1,6a24d5cd000000003502b68d,6a263271000000002702ab26,,1780888178000,每年都炒这事有意思吗？,113701779aaaec87,肉***鄙,0,0,,云南,1787487656154
14,complete,GK2026D1,6a24d5cd000000003502b68d,6a263341000000002701f003,,1780888385000,孩子你记住了  身份证可以忘记拿，也可以走错考场  因为警察叔叔可以帮你，但以后送华莱士的时候 千万别忘记拿可乐，我的差评和准时宝可不是跟你开玩笑的,0b22164c0b86140e,光***芋,0,0,,湖南,1787485614297
14,complete,GK2026D1,6a24d5cd000000003502b68d,6a2633e8000000002b02b27e,,1780888552000,他自己都不重视 别人着急什么,3ab7bc3b183ac72f,肉***禽,0,0,,吉林,1787487656153
14,complete,GK2026D1,6a24d5cd000000003502b68d,6a26344b000000002b001738,,1780888652000,忘带身份证我能理解，因为有时候我正事也容易忘带重要的东西，稍微迟到一会儿我也能理解，因为意外之所以叫意外是因为意料之外，但走错考场我是真不理解，一个地方也就那么几个中学，大方向怎么也不可能判断错误，就别说明明知道考场还能跑去另一个考场,4848d19e9cee03b1,大***姜,0,0,,浙江,1787485614296
14,complete,GK2026D1,6a24d5cd000000003502b68d,6a2636fc000000002702c5f6,,1780889341000,浪费警力。提前一天都探过点了。学校也是提醒过。自己是一点心不在意的。前一天去干嘛了？什么都能丢17/8/9了。不丢人？,dda189eb7ba67890,*,0,0,,广东,1787487639446
14,complete,GK2026D1,6a24d5cd000000003502b68d,6a2637f3000000002702f56c,6a24fab40000000028008680,1780889587000,这种有什么几率？提前一天把什么都准备好很难？晚上8点之前不是大把时间。人生第一次打分水岭都不关心。还什么几率。我当时高考也才450分。也是乱玩。也没用丢这些东西了。自己或者家人不能提前准备？有些东西就不存在几率。还是人的问题。送外卖有几率，你看我给你给你申请退款。当然明年也可以几率去不带。,dda189eb7ba67890,*,0,0,,广东,1787487910004
14,complete,GK2026D1,6a24d5cd000000003502b68d,6a26397f000000000d022801,,1780889984000,這種直接回家種田吧,4482a9b74ddc9f61,搬***马,0,0,,中国澳门,1787487639445
14,complete,GK2026D1,6a24d5cd000000003502b68d,6a2639f600000000270218ba,,1780890102000,品种货,ba3b17707bfc00b7,酒***一,0,0,,山东,1787488096356
14,complete,GK2026D1,6a24d5cd000000003502b68d,6a263b6a000000002b02a014,,1780890475000,求求公共资源别特么给这帮沙壁服务了,94b851547bd506db,未*,0,0,,北京,1787488096355
14,complete,GK2026D1,6a24d5cd000000003502b68d,6a263b890000000028036f3d,,1780890506000,这种废物考上了也是误国误民之辈,268d83c74ff08897,里***所,0,0,,山东,1787488096355
14,complete,GK2026D1,6a24d5cd000000003502b68d,6a263c1f000000002901b0bb,,1780890656000,这种就是被淘汰了,eff378b7d46ecf07,毛***游,0,0,,四川,1787485596994
14,complete,GK2026D1,6a24d5cd000000003502b68d,6a263c8500000000280363ae,,1780890758000,你听听…“突然间找不到了……”这不好笑么？,239eee905448b16e,追***猫,0,0,,北京,1787485596994
14,complete,GK2026D1,6a24d5cd000000003502b68d,6a263d4a00000000290375f6,,1780890954000,一点都不可怜，这绝对不是正能量，一生有几个这么重要的时候,453c669f4d24113e,大***粉,1,0,,山东,1787485596993
14,complete,GK2026D1,6a24d5cd000000003502b68d,6a263e05000000002701e58f,,1780891141000,进厂打螺丝，少走10年弯路,7941d97912441f04,小***A,0,0,,四川,1787485596992
14,complete,GK2026D1,6a24d5cd000000003502b68d,6a263eb40000000027015364,6a2637f3000000002702f56c,1780891317000,你上过学嘛？几率是这样算的？是按照高考人数算的懂吗？,76dc25534e057062,稀***啦,0,0,,北京,1787487927089
14,complete,GK2026D1,6a24d5cd000000003502b68d,6a263ed5000000002803a743,,1780891349000,高考就是筛选 方方面面,458d90f986ac1eae,初***年,0,0,,北京,1787485596992
14,complete,GK2026D1,6a24d5cd000000003502b68d,6a26432e000000002900dc09,6a250907000000002b028471,1780892463000,哈哈哈哈哈哈哈哈,3e65e4beb4f97128,w***e,0,0,,广东,1787485326665
14,complete,GK2026D1,6a24d5cd000000003502b68d,6a264b03000000002900d747,,1780894467000,这种其实建议不要干预 也是淘汰的一环,2bafd721e6558660,🌞***🎵,1,0,,浙江,1787485596991
14,complete,GK2026D1,6a24d5cd000000003502b68d,6a264b1d00000000280334ed,6a250beb00000000270232f3,1780894493000,不然还能干啥,2bafd721e6558660,🌞***🎵,0,0,,浙江,1787485462235
14,complete,GK2026D1,6a24d5cd000000003502b68d,6a264bca00000000270178f0,,1780894667000,提前准备一个包全部东西放里面，,6f155e75676361c1,*,0,0,,湖南,1787485596990
14,complete,GK2026D1,6a24d5cd000000003502b68d,6a264f9400000000210109a4,6a255a7e000000002901bc6c,1780895637000,习惯就好 ,b56e99f93a7ae14a,小***7,0,0,,广东,1787486105051
14,complete,GK2026D1,6a24d5cd000000003502b68d,6a26501d000000002701c9f2,6a263eb40000000027015364,1780895773000,我懂不懂总要吗？考试时东西都能丢？能有什么样的态度？你高考丢了？,dda189eb7ba67890,*,0,0,,广东,1787487927091
14,complete,GK2026D1,6a24d5cd000000003502b68d,6a26523b00000000270220fe,6a26501d000000002701c9f2,1780896315000,[偷笑R]所以说你无知呢，没见识的样子,76dc25534e057062,稀***啦,0,0,,北京,1787487927092
14,complete,GK2026D1,6a24d5cd000000003502b68d,6a2656c9000000002a004ece,,1780897482000,消失的身份证,8960c5a4fa4f9f75,七***九,0,0,,黑龙江,1787485596990
14,complete,GK2026D1,6a24d5cd000000003502b68d,6a2658c4000000002702208c,,1780897988000,外卖员都干不成,f885466a86f66343,深***呀,0,0,,贵州,1787485596989
14,complete,GK2026D1,6a24d5cd000000003502b68d,6a265ae7000000002902631e,,1780898535000,非常反感此类事件报道！,07e4e0a1f401d1a4,绿***莲,0,0,,北京,1787487639445
14,complete,GK2026D1,6a24d5cd000000003502b68d,6a265bbf0000000027014084,,1780898752000,上战场枪丢了。[赞R][赞R],feb3096d250571a7,焦***滑,0,0,,辽宁,1787485596988
14,complete,GK2026D1,6a24d5cd000000003502b68d,6a265de3000000002803a487,,1780899299000,有什么值得光荣,d7ed39c6fe115dba,宝*,0,0,,福建,1787487639444
14,complete,GK2026D1,6a24d5cd000000003502b68d,6a2662f000000000290115f9,,1780900592000,头怎么没丢了，自己的事都这么不靠谱，这种行为的，就不应该是开证明，应该记入失信记录才是正确的,09ca06e1aee0a5e9,江***长,0,0,,北京,1787487639444
14,complete,GK2026D1,6a24d5cd000000003502b68d,6a26654c000000002901bf47,,1780901197000,这种孩子还有那种走错考场的就不用参加考试了,fa45c467e60a4bce,小***驴,0,0,,北京,1787485579803
14,complete,GK2026D1,6a24d5cd000000003502b68d,6a26659e0000000029018b52,6a24f990000000002701d88c,1780901279000,家长是一方面，孩子自己本身是个大问题。这种走错考场，忘带准考证的，本次就不用参加了。第二年肯定记得,fa45c467e60a4bce,小***驴,0,0,,北京,1787485377607
14,complete,GK2026D1,6a24d5cd000000003502b68d,6a2665f6000000002702a505,,1780901367000,那就别考了,5fae70a97eb78c06,懂*,0,0,,天津,1787485579802
14,complete,GK2026D1,6a24d5cd000000003502b68d,6a2669b4000000002b027f49,6a2606eb000000002a032812,1780902325000,对它们来说可能不算大事,885210e3eeba69a5,摸***长,0,0,,辽宁,1787485527298
14,complete,GK2026D1,6a24d5cd000000003502b68d,6a266dcc00000000290127c7,,1780903372000,别考了 这类型的 应该是故意的 本来就不想考......,519cd34ee289c544,思***奧,0,0,,北京,1787487639443
14,complete,GK2026D1,6a24d5cd000000003502b68d,6a2670f5000000002902f2c6,,1780904182000,好样的祖国花朵[偷笑R][偷笑R][偷笑R],3a8803bf28c93c98,妮***可,0,0,,天津,1787485579802
14,complete,GK2026D1,6a24d5cd000000003502b68d,6a26749100000000290189da,,1780905105000,不懂这种人，还用得着高考吗？直接烤地瓜吧,950ae1ad430b912c,牛***菜,0,0,,日本,1787487639442
14,complete,GK2026D1,6a24d5cd000000003502b68d,6a267a1a000000002b02a4d9,,1780906522000,年年都有这样的吗，我都服了，多余管他们，人生的第一节课,e5b93b705b60fd27,注***师,1,0,,北京,1787485579801
14,complete,GK2026D1,6a24d5cd000000003502b68d,6a267a28000000002b02a726,,1780906537000,最大的问题就是有兜底的，没事在门口管这种事干嘛，丢了，忘了带了就是旷考，不然永远不会有人重视。,8c0f2a282a82022d,老***态,1,0,,北京,1787485579801
14,complete,GK2026D1,6a24d5cd000000003502b68d,6a267dfc000000002901b723,,1780907516000,为什么突然找不到啦，为什么就不能提前拿出来跟文具跟准考证放一起提前放好,52de5b7ae962d2a4,丑***土,0,0,,北京,1787485579800
14,complete,GK2026D1,6a24d5cd000000003502b68d,6a26838000000000270291bb,,1780908928000,就不该有任何的特殊照顾和服务，高考不是筛选的途径么，那也该筛选一下不尊重规则的人，第一波就该把这些筛掉,01af7e0fe8017ad8,丫*,0,0,,陕西,1787485579799
14,complete,GK2026D1,6a24d5cd000000003502b68d,6a268591000000002702f261,,1780909458000,人家本来就是故意不带想逃避考试，你却好事多磨[偷笑R],1fd34d735157d59d,新***福,0,0,,江苏,1787487639441
14,complete,GK2026D1,6a24d5cd000000003502b68d,6a26863400000000270159c2,,1780909620000,别考了,4b29dcc1be9657d9,小***0,0,0,,北京,1787485579799
14,complete,GK2026D1,6a24d5cd000000003502b68d,6a2687ec000000002803f4fd,,1780910060000,考生故意藏起来的吧,774dbd44c0005b6e,寻***ㄧ,0,0,,浙江,1787487639440
14,complete,GK2026D1,6a24d5cd000000003502b68d,6a268a4b0000000029027f36,,1780910670000,,4f220dd9df5c9339,Y***e,0,0,http://sns-webpic-qc.xhscdn.com/202608231946/ddcd3ef4b70848c6f5dcfd5e54f2b0c2/comment/1040g4b83215aikcrnkag4a383i2qfq5a6h2q7u8!nd_whlt34_webp_wm_1,上海,1787485579798
14,complete,GK2026D1,6a24d5cd000000003502b68d,6a268a51000000002901836c,,1780910674000,,4f220dd9df5c9339,Y***e,0,0,http://sns-webpic-qc.xhscdn.com/202608231946/23ab9147d0a2ccfd151dd71f9cf23562/comment/1040g4b83215aikcrnkbg4a383i2qfq5a4ckvkgg!nd_whgt34_webp_wm_1,上海,1787485579796
14,complete,GK2026D1,6a24d5cd000000003502b68d,6a268b70000000002702b7fe,,1780910960000,这种情况就让他回家吧，考了试也没什么用，中国警察也太好了，这也给管,db177624bcd1834f,砍***子,0,0,,天津,1787485563023
14,complete,GK2026D1,6a24d5cd000000003502b68d,6a268cde000000002901b0c2,,1780911327000,以后不要再宣传了，自己都不在意，不能让他们知道把自己不在意的问题踢给社会，把责任甩给别人,f50e30fad757cd52,善***终,0,0,,山东,1787487639439
14,complete,GK2026D1,6a24d5cd000000003502b68d,6a26911c000000002a025e79,,1780912413000,自己不准备好证件，为什么浪费警力去送他？征得纳税人同意了吗？,ceb657d11551f358,杰***爹,0,0,,上海,1787487622812
14,complete,GK2026D1,6a24d5cd000000003502b68d,6a26922300000000290192ee,6a250fcf00000000280359d7,1780912676000,压根不是这个问题，就算搞了生物识别，这类人仍然会忘记别的东西,2e03c6d5dc07fa49,ᴶ***⁰,0,0,,湖北,1787486105052
14,complete,GK2026D1,6a24d5cd000000003502b68d,6a26995f00000000290275ce,,1780914527000,还考啥啊，直接得吧得吧进厂啊[笑哭R],0889eac8757941f4,n***o,0,0,,江苏,1787485563022
14,complete,GK2026D1,6a24d5cd000000003502b68d,6a269f7f000000002701f49f,,1780916095000,已感动，已自豪！[点赞R],e7ff35c2af96f1b1,***,0,0,,广东,1787485563022
14,complete,GK2026D1,6a24d5cd000000003502b68d,6a26a15e00000000290264b9,,1780916574000,考试前，发现，身份证，突然间，找不到了？？？,ef5dcbc47c4873ed,王***了,0,0,,河北,1787485563021
14,complete,GK2026D1,6a24d5cd000000003502b68d,6a26a4450000000029026fff,,1780917317000,高考本来就是优胜略汰的一环，不要干涉别人的因果，往后走什么路都是注定的,3f83b0d0e7aef840,深***子,0,0,,广东,1787485563021
14,complete,GK2026D1,6a24d5cd000000003502b68d,6a26ac2b000000002900e7ad,6a250426000000002902666e,1780919340000,是的，我是真不能理解，虽然都是第一次高考，但每年都有相同的事情发生，每年都能够看的到，怎么明知道自己要参加这么重要的考试还能出错，都不提前准备好，每次刷到那样的新闻，看着那些孩子，真的是又生气又心疼，这不是…算了，我说话不好听，不管怎么样，还是希望所有的孩子尽自己的努力，加油！,38561cec0af517ee,刘*,0,0,,湖北,1787485411771
14,complete,GK2026D1,6a24d5cd000000003502b68d,6a26af90000000002b027b47,,1780920209000,该淘汰的还是要淘汰，凭什么十年前的考生拿不到临时证？？？,ace41aaa1e4c3228,Y***2,0,0,,上海,1787485563020
14,complete,GK2026D1,6a24d5cd000000003502b68d,6a26b0bd00000000280362cb,6a250fcf00000000280359d7,1780920510000,这种人干啥都不行,b1b40f3cb85d2b10,拿***茶,0,0,,四川,1787486121687
14,complete,GK2026D1,6a24d5cd000000003502b68d,6a26b446000000002800a4c0,,1780921414000,感动了[doge],f40564ab5863301e,八***半,0,0,,四川,1787485563020
14,complete,GK2026D1,6a24d5cd000000003502b68d,6a26b68e000000002702eedf,,1780921999000,这样的学生真的很废物了，别进考场了，直接进工地吧,c9bc5a46ac2e1b7b,佛***女,0,0,,北京,1787488096354
14,complete,GK2026D1,6a24d5cd000000003502b68d,6a26bdc20000000028038d10,,1780923843000,身份证忽然找不到了[笑哭R]这不是提前收拾好的吗…,264886c3b3aeeb91,小***i,0,0,,广东,1787485563019
14,complete,GK2026D1,6a24d5cd000000003502b68d,6a26bf7b000000002702e675,6a2556ae000000002b02a3a6,1780924284000,第一关就被淘汰了[捂脸R],95b8a7838f6c2e8b,西***媛,1,0,,陕西,1787485885761
14,complete,GK2026D1,6a24d5cd000000003502b68d,6a26c24300000000290195c7,6a26bf7b000000002702e675,1780924995000,可不是么[失望R],a1e06a825961eb30,A***r,0,0,,湖南,1787485885761
14,complete,GK2026D1,6a24d5cd000000003502b68d,6a26dbf2000000002a026619,,1780931570000,年年高考三件套:身份证，走错考场，迟到,688398fe1873be1c,私***🌗,0,0,,福建,1787485563018
14,complete,GK2026D1,6a24d5cd000000003502b68d,6a26e0e0000000000d021401,,1780932833000,身份證可以找不到？當天早上才找？,d775fbdfcca953ba,小***C,0,0,,中国香港,1787487622812
14,complete,GK2026D1,6a24d5cd000000003502b68d,6a26ee770000000027016859,,1780936311000,考试前为啥都不准备好？,fb291c0599e20ef9,茉***🍵,0,0,,浙江,1787485563017
14,complete,GK2026D1,6a24d5cd000000003502b68d,6a26f405000000002a031f1a,,1780937734000,身份证难道不是提前放在包里，摆在最显眼的位置吗。,4c67dc452b07bd46,趣***行,0,0,,山东,1787487622811
14,complete,GK2026D1,6a24d5cd000000003502b68d,6a2716b2000000002701d1a2,,1780946611000,忘记带不考了呗   出门吃饭你不带碗你能干啥[捂脸R],9a5f1eb54461cbf6,用***销,0,0,,陕西,1787487622811
14,complete,GK2026D1,6a24d5cd000000003502b68d,6a273daa000000002803a089,,1780956587000,这都是未来缅北的好苗子呀,085118380cb805fc,m***o,0,0,,河北,1787485546244
14,complete,GK2026D1,6a24d5cd000000003502b68d,6a274a430000000027017d3f,,1780959811000,快别考了,0e1b030f146d2bab,水***鱼,0,0,,重庆,1787485546243
14,complete,GK2026D1,6a24d5cd000000003502b68d,6a275cfe0000000028008a51,,1780964606000,为什么当晚或者考试前几天不准备好呢？不要拿借口说没时间准备,2aab41749dedb0b0,纸***司,0,0,,广东,1787487622810
14,complete,GK2026D1,6a24d5cd000000003502b68d,6a275d67000000002b026e39,,1780964712000,可以直接搬砖了,e1a9154c4a2675bc,混*,0,0,,广西,1787485546243
14,complete,GK2026D1,6a24d5cd000000003502b68d,6a276377000000002b024951,,1780966263000,考试中考题忘了，有谁能不就，没带就是没带，特殊照顾就是作弊。,13dd64ab872b76b6,冷***間,0,0,,天津,1787485546242
14,complete,GK2026D1,6a24d5cd000000003502b68d,6a276bb100000000270200a3,,1780968369000,我们当年身份证都在班主任那,eeae9f89d7c4c3c8,慕***云,0,0,,陕西,1787485546242
14,complete,GK2026D1,6a24d5cd000000003502b68d,6a277dba000000002a031d1e,,1780972986000,拿离婚证去吧[捂脸R],ab10e06ae4ecb152,卖***o,0,0,,山东,1787485546241
14,complete,GK2026D1,6a24d5cd000000003502b68d,6a277f89000000002b02b175,,1780973450000,前一晚父母放书包里也不会出错，家长不重视，学生不重视[doge],9a6b23d3b59b3535,音***道,0,0,,河南,1787485546240
14,complete,GK2026D1,6a24d5cd000000003502b68d,6a278423000000002a006eec,,1780974628000,日龙包一个，怎么可能会出现这情况，不会提前准备好吗？,d348de19bc16214e,糊***傻,0,0,,四川,1787487622809
14,complete,GK2026D1,6a24d5cd000000003502b68d,6a278749000000002702c6a2,,1780975434000,这就是保胎保下来的人,c5a0b6ea21cf45a5,依*,0,0,,广东,1787487622809
14,complete,GK2026D1,6a24d5cd000000003502b68d,6a278820000000002901a328,,1780975649000,没必要这样，他第一轮就被pass了你救回来也没用,1dc3c87b8fd4afd4,H***g,0,0,,安徽,1787485546240
14,complete,GK2026D1,6a24d5cd000000003502b68d,6a27908e000000002701497e,,1780977806000,应该提前出一个公告，告诉大家，今年不做任何应急保障，因为个人原因导致走错考场忘带身份证，准考证之类的，一律自负后果。这样才会引起大家的重视，不然有的人觉得有人兜底，于是就有了更高的容错率。,604f81eecd9734f5,宙*,0,0,,贵州,1787485546239
14,complete,GK2026D1,6a24d5cd000000003502b68d,6a279919000000002a02cb5e,,1780979993000,这么做体现了社会的包容和力量，大大的点赞👍,d39cf22e04103f78,😴***🔋,0,0,,上海,1787485546237
14,complete,GK2026D1,6a24d5cd000000003502b68d,6a279b2c000000002a0061ad,,1780980524000,回家睡个好觉去,7d93a5903c34daa8,飞***D,0,0,,上海,1787485528970
14,complete,GK2026D1,6a24d5cd000000003502b68d,6a27a0b2000000002902401d,,1780981939000,回家吧，回家吧好不好，你比较适合做一摊____,6596eeb81f2000a8,@***@,0,0,,浙江,1787487622808
14,complete,GK2026D1,6a24d5cd000000003502b68d,6a27afcb0000000027014a7b,,1780985804000,自我管理也要考的[鄙视R][鄙视R][鄙视R],9a35cb6ce214aa91,W***s,0,0,,上海,1787485528970
14,complete,GK2026D1,6a24d5cd000000003502b68d,6a27b2280000000029019a4b,,1780986408000,总是关键的时候掉链子，参加考试之前就应该把身份证准备好呀。,5ec0f9836a84ed53,华***8,1,0,,安徽,1787485528969
14,complete,GK2026D1,6a24d5cd000000003502b68d,6a27b9ff000000002803c0ba,,1780988416000,前一天下午看考场，难道身份证准考证笔啥的不该准备好？放袋里或者包里，放家里明显的地方第二天直接拿上走能找不到了？,2950c980453284b4,明***涯,0,0,,山西,1787487622807
14,complete,GK2026D1,6a24d5cd000000003502b68d,6a27c8b5000000002a00627e,,1780992181000,直接原地买个电驴，送去跑外卖。反正四年后也是这个结局,1bb3810c7c97e812,小***C,2,0,,四川,1787485207908
14,complete,GK2026D1,6a24d5cd000000003502b68d,6a27cf05000000002800b659,,1780993798000,所以每年都有考生各种原因忘带准考生身份证，睡过头，迟到，跑错考场，他们无所畏惧，因为有人帮忙兜底,e7cd4e52c5221f8d,艾***桃,0,0,,广东,1787485528969
14,complete,GK2026D1,6a24d5cd000000003502b68d,6a27d67e000000002b029200,,1780995711000,我看你们就是闲的没事干[吃瓜R][吃瓜R][吃瓜R],46b53274cb0c0468,小***C,0,0,,安徽,1787487622805
14,complete,GK2026D1,6a24d5cd000000003502b68d,6a27d7cb000000002b0026fb,,1780996043000,难道不该把所需证件和文具提前一天都放在一个文件袋里吗？怎么还会突然找不到？,6deba0cda4d0fbdd,s***t,0,0,,河北,1787487403668
14,complete,GK2026D1,6a24d5cd000000003502b68d,6a27df04000000002702d25d,,1780997892000,为户籍科的警察们点赞,e858662d778ff4de,熊***酱,0,0,,北京,1787485528968
14,complete,GK2026D1,6a24d5cd000000003502b68d,6a27e3d30000000028008b9a,,1780999124000,孩子你记住了，身份证可以忘记拿，也可以走错考场  因为警察叔叔可以帮你，但以后送 塔斯汀 的时候 千万别忘记拿可乐，我的差评可不是跟你开玩笑的[微笑R],630cb54b552e6549,爱***傅,0,0,,福建,1787487403667
14,complete,GK2026D1,6a24d5cd000000003502b68d,6a27e77d000000002903726e,,1781000061000,以前从来没有过警察辅助 也没见这么多事逼的学生,82a0df17c768d8a0,吉***y,0,0,,江苏,1787487403667
14,complete,GK2026D1,6a24d5cd000000003502b68d,6a27e7b5000000002a02de40,6a250beb00000000270232f3,1781000118000,去流水线打螺丝 可能都会打歪,82a0df17c768d8a0,吉***y,0,0,,江苏,1787485445374
14,complete,GK2026D1,6a24d5cd000000003502b68d,6a27f4ed000000002b0011cd,,1781003502000,好突然。,b223896582596acb,b***🍌,0,0,,广东,1787485528968
14,complete,GK2026D1,6a24d5cd000000003502b68d,6a27f6920000000027020367,,1781003922000,每年都有那么几个人，要么就是忘拿身份证，准考证，要么就是迟到，要么就是跑错考场,a2790a509a6df088,A***y,0,0,,福建,1787485528967
14,complete,GK2026D1,6a24d5cd000000003502b68d,6a27ffce00000000270239d3,,1781006287000,不要帮助了，从考试开始筛选吧！以后工作了，也不是个好工人，,6fbd0b9a28f6f07c,娃***虾,0,0,,浙江,1787485528966
14,complete,GK2026D1,6a24d5cd000000003502b68d,6a28160e000000002800bb5a,,1781011982000,这种人就把他淘汰了,29d9e2df20671496,真***天,0,0,,江苏,1787487403666
14,complete,GK2026D1,6a24d5cd000000003502b68d,6a283082000000002902e897,6a25f2e8000000002702b71e,1781018755000,我们也不要[笑哭R],f306f2ccf58d9d7e,H***y,0,0,,陕西,1787485699441
14,complete,GK2026D1,6a24d5cd000000003502b68d,6a28a0c30000000027029075,,1781047492000,我不明白，都是有一个袋子的，所有的东西都装在一起的，为什么会丢着丢哪,684d6ef536c253de,小***0,0,0,,陕西,1787485528966
14,complete,GK2026D1,6a24d5cd000000003502b68d,6a28c44c000000002a024594,,1781056588000,这种都是学习不好的,899d07da47124732,Z*,0,0,,河南,1787487403665
14,complete,GK2026D1,6a24d5cd000000003502b68d,6a28c51d000000002702dfa4,,1781056797000,以后也是送外卖的,b512d1530c230df1,酷***x,0,0,,广东,1787485528965
14,complete,GK2026D1,6a24d5cd000000003502b68d,6a28c8d100000000280364dc,6a250fcf00000000280359d7,1781057745000,那不行，你得给成心不想考试的逆子们下台阶，否则怎么着都得进去考试，岂不是得实锤成绩不行了嘛[笑哭R],432d7a5367c17c7e,🍅***🍅,0,0,,北京,1787486121689
14,complete,GK2026D1,6a24d5cd000000003502b68d,6a28c935000000002803b9f3,6a259547000000002702019c,1781057846000,这种错误无异于上错茅房，让人怀疑就是故意忘带各种,432d7a5367c17c7e,🍅***🍅,0,0,,北京,1787485732905
14,complete,GK2026D1,6a24d5cd000000003502b68d,6a33b06b000000002a0320c0,,1781772396000,废物[笑哭R],9f599747359f3e16,博*,0,0,,上海,1787488096353
14,complete,GK2026D1,6a24d5cd000000003502b68d,6a380711000000002b0296c8,,1782056721000,年年有这样的傻逼呢,7d4d9caf915dfe11,只***月,0,0,,广东,1787488096353
15,complete,GK2026D1,6a2444dd0000000022019c11,6a244a10000000002701f5f8,,1780763152000,早安，我的朋友！今天是6月7日，星期日！高考的第一天，祝全体考生超常发挥，考的全会，蒙的全对。愿每一位追梦少年，时光不负有心人，旗开得胜，金榜题名！,651a2c99c67b9763,晨***录,0,0,,广东,1787489450172
16,complete,GK2026D1,6a24febd000000003502e0f1,6a2529980000000029035790,,1780820377000,[哭惹R],f71dd0eb2f7e024f,星***^,0,0,,安徽,1787490137273
16,complete,GK2026D1,6a24febd000000003502e0f1,6a252ea6000000002803bcda,,1780821671000,同城送,5460ce37e0cac9c5,小***妹,0,0,http://sns-webpic-qc.xhscdn.com/202608232102/6f72b881fb9070d978e907d4015d2e46/comment/1040g2h032140626unu005ngd3dd0840g90u4n0o!nd_whgt34_webp_wm_1,安徽,1787490137271
16,complete,GK2026D1,6a24febd000000003502e0f1,6a254be00000000028008082,,1780829152000,看到自己喽[偷笑R],4c5bc5c6c6c0822b,略***~,0,0,,安徽,1787490103560
16,complete,GK2026D1,6a24febd000000003502e0f1,6a2565e7000000002a024202,,1780835816000,现在的高考中考都没啥人关注了,335163cca272ed83,名***室,0,0,,安徽,1787490103563
16,complete,GK2026D1,6a24febd000000003502e0f1,6a256d9700000000280089b6,,1780837784000,一眼ai。,1c5d414371d07117,小***2,0,1,,上海,1787490137269
16,complete,GK2026D1,6a24febd000000003502e0f1,6a257304000000002901a74d,,1780839173000,我高考时语文考了126，自己考完自己回家，吃饭睡觉考下一场。,6bcb806cf1dde944,花*,0,0,,安徽,1787490103562
16,complete,GK2026D1,6a24febd000000003502e0f1,6a2573790000000028035c47,,1780839290000,[飞吻R][微笑R]人真多,abc6fcab96522985,避***2,0,0,,安徽,1787490103560
16,complete,GK2026D1,6a24febd000000003502e0f1,6a258edd000000002803a1ae,,1780846301000,我40多年前念大學是公費生，不用學費，每個月還有生活費！,6789eaf7e99e8aa7,汉***方,0,3,,中国香港,1787490103558
16,complete,GK2026D1,6a24febd000000003502e0f1,6a260453000000000d021c01,6a258edd000000002803a1ae,1780876371000,很好奇。现在怎么样呢,0232fb88b028aa69,在***妈,0,0,,日本,1787490118567
16,complete,GK2026D1,6a24febd000000003502e0f1,6a260516000000002a005368,,1780876566000,曾赴未来！ [飞吻R][飞吻R][飞吻R],4012266e0cd594c1,宿***计,0,1,,江苏,1787490103556
16,complete,GK2026D1,6a24febd000000003502e0f1,6a2649e7000000002702b190,6a260453000000000d021c01,1780894183000,自费啊，然后考大学，毕业又不包分配。,8288bb23afcffc61,于***莲,0,0,,安徽,1787490120225
16,complete,GK2026D1,6a24febd000000003502e0f1,6a26821b000000002701d8ac,,1780908571000,宏伟壮观[福气加马][福气加马][福气加马],3e57be4401dc0c04,阿***8,1,0,,山东,1787490103562
16,complete,GK2026D1,6a24febd000000003502e0f1,6a269bb60000000029026583,,1780915127000,jr多1,2bfc26c85603e0e0,蓝***亮,0,0,,山西,1787490103561
16,complete,GK2026D1,6a24febd000000003502e0f1,6a26c6bc000000002b002675,,1780926140000,几年级几班,18e88881d3bae90f,篮***🏀,0,0,,内蒙古,1787490137270
16,complete,GK2026D1,6a24febd000000003502e0f1,6a275931000000002b0253f0,6a258edd000000002803a1ae,1780963634000,基督教党建手机,3bcb73f44260bedc,发***吗,0,0,,山西,1787490120226
16,complete,GK2026D1,6a24febd000000003502e0f1,6a2805a7000000002702dde2,,1781007783000,[点赞R],ef8776231881c4ae,坦***宿,0,0,,河北,1787490137273
16,complete,GK2026D1,6a24febd000000003502e0f1,6a2810b1000000002a02527a,6a260516000000002a005368,1781010609000,[飞吻R][飞吻R][飞吻R][飞吻R][飞吻R][飞吻R][飞吻R][飞吻R][飞吻R][飞吻R][飞吻R][飞吻R][飞吻R][飞吻R][飞吻R][飞吻R][飞吻R][飞吻R][飞吻R][飞吻R][飞吻R][飞吻R][飞吻R][飞吻R][飞吻R],ceafc2f9e6074ce6,B***H,0,0,,河南,1787490118564
16,complete,GK2026D1,6a24febd000000003502e0f1,6a2812cf00000000270287e4,,1781011152000,不会都几百个了吧？,f1789d3d41df509a,微*,2,1,,湖南,1787490103559
16,complete,GK2026D1,6a24febd000000003502e0f1,6a29402b0000000028032dc8,6a2812cf00000000270287e4,1781088299000,[偷笑R],c3a0dab5a3d90126,瑶***谦,0,0,,广东,1787490135229
16,complete,GK2026D1,6a24febd000000003502e0f1,6a295094000000002702dfb8,,1781092500000,[刀R][再见R],fa1007087cdf335a,不***遇,0,0,,上海,1787490137272
16,complete,GK2026D1,6a24febd000000003502e0f1,6a29667100000000290183ed,,1781098098000,祝所有考生考逢考必过。,432934354c8aa760,小***D,0,0,,广东,1787490137274
16,complete,GK2026D1,6a24febd000000003502e0f1,6a2b8035000000002803f8a4,,1781235765000,[红色心形R][红色心形R][红色心形R][红色心形R][红色心形R][红色心形R],5200e8f378d7f935,小***C,0,0,,广东,1787490137272
16,complete,GK2026D1,6a24febd000000003502e0f1,6a2e33fe000000002b000c97,,1781412862000,发c吗。离开k,3d12fac0a1621891,🌹*,0,0,,安徽,1787490103559
16,complete,GK2026D1,6a24febd000000003502e0f1,6a2f96d8000000002800b221,6a256d9700000000280089b6,1781503705000,？？？？？？,d21f35ff42670753,李***！,0,0,,安徽,1787490152275
17,complete,GK2026D1,6a23e5ba000000001503edec,6a23e5d5000000002803c2fe,,1780737493000,@薯条小助手 @小红书创作助手 @小红书创作学院 creator academy @视频薯 @小红书REDesign @小红书成长笔记 @小红书体验站 @热点薯 @小红书视频号 @会火,1dd848ded612117f,醉***春,0,0,,甘肃,1787490790549
17,complete,GK2026D1,6a23e5ba000000001503edec,6a23e616000000002803d2d0,,1780737558000,@薯条小助手 @小红书创作助手 @小红书创作学院 creator academy @视频薯 @小红书REDesign @小红书成长笔记 @小红书体验站 @热点薯 @小红书视频号 @会火,1dd848ded612117f,醉***春,0,0,,甘肃,1787490790548
17,complete,GK2026D1,6a23e5ba000000001503edec,6a23ebbe000000002800bfbd,,1780739007000,祝各位高考生 金榜高悬 以满腔热爱奔赴璀璨前程！！！！！,ce08583564ff688c,辞***茶,2,1,,浙江,1787490790546
17,complete,GK2026D1,6a23e5ba000000001503edec,6a23ebcf000000002701dab3,,1780739024000,好喜欢这个！！！！！！,ce08583564ff688c,辞***茶,1,1,,浙江,1787490790545
17,complete,GK2026D1,6a23e5ba000000001503edec,6a23ebd8000000002701dcc7,,1780739033000,@热点薯 @潮流薯 @小红书视频号 @薯队长 @小红书创作助手 @小红书成长笔记 @视频薯 @会火 @小红书创作学院 creator academy @小红书体验站 ！！！！！,ce08583564ff688c,辞***茶,1,1,,浙江,1787490790550
17,complete,GK2026D1,6a23e5ba000000001503edec,6a23f00c0000000029013231,6a23ebbe000000002800bfbd,1780740109000,祝各位高考生 金榜高悬 以满腔热爱奔赴璀璨前程！！！！！,1dd848ded612117f,醉***春,1,0,,甘肃,1787490805556
17,complete,GK2026D1,6a23e5ba000000001503edec,6a23f013000000002803634b,6a23ebcf000000002701dab3,1780740116000,hh,1dd848ded612117f,醉***春,0,0,,甘肃,1787490805555
17,complete,GK2026D1,6a23e5ba000000001503edec,6a23f0190000000028036501,6a23ebd8000000002701dcc7,1780740121000,阿叙~,1dd848ded612117f,醉***春,0,0,,甘肃,1787490805557
17,complete,GK2026D1,6a23e5ba000000001503edec,6a2409240000000029011246,,1780746533000,祝自己高考加油[派对R],3b61acf600424741,不***遇,2,1,,安徽,1787490790544
17,complete,GK2026D1,6a23e5ba000000001503edec,6a2410540000000028030c40,6a2409240000000029011246,1780748373000,高考加油呀！,1dd848ded612117f,醉***春,1,0,,甘肃,1787490805551
17,complete,GK2026D1,6a23e5ba000000001503edec,6a25088f0000000028035e6c,,1780811919000,@薯条小助手 @小红书创作助手 @小红书创作学院 creator academy @视频薯 @小红书REDesign @小红书成长笔记 @小红书体验站 @热点薯 @小红书视频号 @会火,1dd848ded612117f,醉***春,0,0,,甘肃,1787490790547
17,complete,GK2026D1,6a23e5ba000000001503edec,6a25755a000000002803e8b9,,1780839770000,@薯队长     @日常薯     @发发薯     @热点薯     @小红书REDesign   @小红书创作助手   @生活薯   @宠粉薯   @小红书成长笔记,5e7d440eef3bf818,c***.,0,0,,云南,1787490790549
18,complete,GK2026D1,6a24cec2000000003502a290,6a24cf1d000000002702ce4e,,1780797214000,今天是6月7日，高考第一天，早安！十二年寒窗磨一剑，今朝出鞘试锋芒。高考不是人生唯一出路，却是青春最珍贵的试炼。那就祝少年，乘风破浪，得偿所愿，金榜题名#高考第一天加油[赞R],04223f53ed87d15f,安***界,1,0,,安徽,1787491443853
21,complete,GK2026D1,6a23837f0000000015025907,6a23dcae000000002b025917,,1780735151000,今年重庆的准考证是淡紫色的 好好看,b0b596aa5818b899,井***白,0,0,,四川,1787495202425
23,complete,GK2026D1,6a23db37000000001602604f,6a23de23000000002702d6ac,,1780735524000,高考加油,58599ffb50ecd6a6,欣***),0,0,,江西,1787496509345
23,complete,GK2026D1,6a23db37000000001602604f,6a23de8d000000002b02bdaa,,1780735629000,我们这边也是,7b43d05612af673e,红***】,0,0,,安徽,1787496509344
23,complete,GK2026D1,6a23db37000000001602604f,6a23de8e000000002803641f,,1780735630000,[哭惹R],cbb75849fc4c35d9,思***）,0,0,,山东,1787496509343
23,complete,GK2026D1,6a23db37000000001602604f,6a23de98000000002803ad4f,,1780735640000,学长学姐们高考加油[萌萌哒R],8e3f49573440c8fd,s***o,0,0,,湖南,1787496509342
23,complete,GK2026D1,6a23db37000000001602604f,6a247bc30000000028009c71,,1780775876000,压力肯定是有的，这里也是我的母校，一些负能量的评价真的蛮心寒，对于农村孩子资源匮乏的情况下读书是我们唯一的出路，这所学校是我长大的小镇上远近闻名的一所中学，由于出了很多考上清华北大的学生所以很多学子都想在这里学习。小镇上的人也都非常淳朴在当地长中高考是被寄予厚望的也是对他们的祝福🫶🏼,906ff903e53deb50,🧀*,37,0,,美国,1787496509340
24,complete,GK2026D1,6a24bac30000000036000b63,6a24c3f50000000028031ea8,,1780794358000,梦回20年前[捂脸R],592f1786b0481551,从***始,1,0,,四川,1787497163234
25,complete,GK2026D1,6a23a5e900000000220224b0,6a255e50000000002803e586,,1780833873000,说不定不是千篇一律的更能打动老师 作文从来不是满口大道理  祝你好运[点赞R],f269a8ef7c36a942,C***y,0,1,,上海,1787500398413
25,complete,GK2026D1,6a23a5e900000000220224b0,6a255f53000000002803bc12,6a255e50000000002803e586,1780834131000,[飞吻R],40c55f979a156c40,深***🍉,0,0,,上海,1787500413416
26,complete,GK2026D1,6a254bab000000003502162e,6a263cad00000000270225ca,,1780890798000,高考第一天无人丢/忘身份证胜利结算,f8a4bb4eb467e8de,「***」,21,0,,浙江,1787501052147
26,complete,GK2026D1,6a254bab000000003502162e,6a2647d0000000002a0326b0,,1780893649000,警号是985和211哎,d79caf03cf9776fa,一***汪,386,3,,江苏,1787501052144
26,complete,GK2026D1,6a254bab000000003502162e,6a2656fd000000002900c873,,1780897533000,好事[偷笑R],50f5571a30e411ed,J***a,6,0,,四川,1787501052150
26,complete,GK2026D1,6a254bab000000003502162e,6a265848000000002903552d,6a2647d0000000002a0326b0,1780897864000,好奇选他们是不是因为警号,f368a6a9d420643a,年***子,190,0,,上海,1787501067154
26,complete,GK2026D1,6a254bab000000003502162e,6a265e10000000002902ddc1,,1780899345000,这才是愿意看到的新闻,37ed23444d0bcb08,P***师,22,0,,北京,1787501052146
26,complete,GK2026D1,6a254bab000000003502162e,6a265eb30000000028038e87,,1780899508000,以前每周六放学都看他们守门口,89933cc1643143c2,w***y,4,0,,江苏,1787501052151
26,complete,GK2026D1,6a254bab000000003502162e,6a267a280000000029013d10,6a265848000000002903552d,1780906537000,必须是啊[doge],4664389910a228cb,E***堂,104,0,,陕西,1787501068766
26,complete,GK2026D1,6a254bab000000003502162e,6a267b5f000000002803765c,,1780906847000,好事儿啊,236ef61589ac510c,临***记,5,0,,陕西,1787501052150
26,complete,GK2026D1,6a254bab000000003502162e,6a267fa6000000002a033908,6a265848000000002903552d,1780907942000,肯定,d80151c670cc0bca,我***了,10,0,,河北,1787501068767
26,complete,GK2026D1,6a254bab000000003502162e,6a26b76e000000002803407c,,1780922223000,好人性化啊[立马暴富],ef4924b0393031e2,7***7,2,0,,浙江,1787501085388
26,complete,GK2026D1,6a254bab000000003502162e,6a2727040000000027017734,,1780950788000,那这是好事儿啊[doge],ba6cca3327853303,В***и,8,0,,黑龙江,1787501052149
26,complete,GK2026D1,6a254bab000000003502162e,6a2768370000000028039e27,,1780967480000,感觉考试如果连证件都会忘带漏带的也不用考了，估计也考不上,2a5d5bb73177ee71,小***州,2,0,,福建,1787501085387
26,complete,GK2026D1,6a254bab000000003502162e,6a279368000000002a006e94,,1780978536000,今天丢证漏证可是重罪。要马上拉去美团报道的,dbc44205b103b659,C***e,8,0,,广东,1787501052148
26,complete,GK2026D1,6a254bab000000003502162e,6a27b4140000000029011f74,,1780986901000,为这些民警的全力护考点赞[加油R][加油R],1124c89222e74fa2,东*,1,0,,江苏,1787501085386
26,complete,GK2026D1,6a254bab000000003502162e,6a28c9e600000000290103a0,,1781058023000,打印机：我却打了一张。,f31c59bc7675dc7b,W***n,19,0,,安徽,1787501052147
26,complete,GK2026D1,6a254bab000000003502162e,6a2a1d7b0000000027016c5d,,1781144955000,看你去哪个学校,a6325714f5081113,原***5,0,0,,广东,1787501085385
26,complete,GK2026D1,6a254bab000000003502162e,6a2ce1ca000000002902ecc4,,1781326282000,没开张，才是最大的营收[笑哭R],239732b142beeec4,h***i,4,0,,福建,1787501052151
29,complete,GK2026D1,6a23d42000000000350241c3,6a23d48d0000000029019d49,,1780733069000,1,4c1d8ff73eb788da,喜***尾,2,0,,福建,1787503044766
29,complete,GK2026D1,6a23d42000000000350241c3,6a23d49a000000002a007b6f,,1780733082000,[派对R],458dfa7f1d3d3f50,小*,1,0,,北京,1787503044767
29,complete,GK2026D1,6a23d42000000000350241c3,6a23d4fa000000002701ead4,,1780733179000,[偷笑R][赞R],cfcc33b90e182fd5,D***🍏,2,0,,四川,1787503044767
29,complete,GK2026D1,6a23d42000000000350241c3,6a23d7c5000000002b02423e,,1780733894000,等我！,ad2086525321a0eb,云***-,2,0,http://sns-webpic-qc.xhscdn.com/202608240037/7d8ed14f175de669e5e538dfe3aa54e0/comment/1040g2h03212mamff7k6g5pi5bun0u0fud4sn7u0!nd_whgt34_webp_wm_1,河南,1787503044763
29,complete,GK2026D1,6a23d42000000000350241c3,6a24220e000000002b027536,,1780752911000,[偷笑R],e83c13ccea555039,木***人,1,0,,江苏,1787503044768
29,complete,GK2026D1,6a23d42000000000350241c3,6a242f160000000029018374,,1780756247000,接！,e4194c703dac03d6,泠***🍪,2,0,http://sns-webpic-qc.xhscdn.com/202608240037/498f96e2e14f04429833fcdfd1b6898a/comment/1040g2h03212ul5hpno605qc9r1cockhhr4upp1g!nd_whgt34_webp_wm_1,河南,1787503061550
29,complete,GK2026D1,6a23d42000000000350241c3,6a2434ae0000000027016bd6,,1780757679000,接！,4d99c15ea25ce2ea,郗*,1,0,,江苏,1787503061554
29,complete,GK2026D1,6a23d42000000000350241c3,6a24373a0000000029011db2,,1780758330000,加油,e087e4721bd1be5c,Ö***子,1,0,,安徽,1787503044766
29,complete,GK2026D1,6a23d42000000000350241c3,6a24b628000000002803b364,,1780790825000,,f8df00940388cebe,小***2,1,0,http://sns-webpic-qc.xhscdn.com/202608240037/1b9a28c8a33b8e788afb1f282043587d/comment/1040g2h03213hdd5q7k505p19ghjqha6d12ersn0!nd_whgt34_webp_wm_1,甘肃,1787503044764
29,complete,GK2026D1,6a23d42000000000350241c3,6a24de3c0000000028034fd8,,1780801085000,,340ffe55a13d7c1c,该***网,2,0,http://sns-webpic-qc.xhscdn.com/202608240037/bbc800a565d151f7fb3e2107a9e3c5f1/comment/1040g4b83213ic75j7em05qfolae0g300leesa68!nd_whlt34_webp_wm_1,山东,1787503044762
29,complete,GK2026D1,6a23d42000000000350241c3,6a256efe000000002900da01,,1780838143000,等我！,f7926090f47c1c51,还*,2,0,,四川,1787503044761
29,complete,GK2026D1,6a23d42000000000350241c3,6a2583920000000028036c42,,1780843410000,接接接,4042fb6911b489af,N***s,1,0,,浙江,1787503061552
29,complete,GK2026D1,6a23d42000000000350241c3,6a2ac97c000000002903602e,,1781188989000,考试上岸[玫瑰R],64909b407fa28a7e,小***d,0,0,,湖北,1787503044765
30,complete,GK2026D1,6a24c146000000001503d91a,6a256063000000002a02f70c,,1780834404000,。,e928576cc4a43a47,z***q,6,0,,河南,1787503714166
30,complete,GK2026D1,6a24c146000000001503d91a,6a2597ec000000002803bbbf,,1780848620000,想知道广东的英语是考新高考一卷吗？但是广东不是没听力而是听说吗,76f61ab7282a865a,3*,6,3,,广东,1787503714161
30,complete,GK2026D1,6a24c146000000001503d91a,6a25f668000000002702369f,6a2597ec000000002803bbbf,1780872808000,好像广东不是一卷吧[石化R],e7d8b93e8cfc2c8f,虚*,6,0,,河北,1787503729168
30,complete,GK2026D1,6a24c146000000001503d91a,6a26085d0000000029035581,6a2597ec000000002803bbbf,1780877406000,广东语数英都是新一卷 英语不考听力考听说,ce5bb0cecd8993c0,我***点,1,0,,广东,1787503730870
30,complete,GK2026D1,6a24c146000000001503d91a,6a264a5a0000000027020037,,1780894298000,是不是物理和历史考生不能同时选,a3929caf315c729c,风*,0,2,,山东,1787503714163
30,complete,GK2026D1,6a24c146000000001503d91a,6a26525b000000002900dfca,6a264a5a0000000027020037,1780896347000,是的，文理分科只能选一个,b696ed289bb2f2de,我***来,2,0,,浙江,1787503745877
30,complete,GK2026D1,6a24c146000000001503d91a,6a26a99e0000000029036897,,1780918687000,那选政治和生物的 考完政治那一刻中间有一个小时 是出去考场外还是在考场内静等一个小时呀[哭惹R],874bfb6e5f1d842d,y*,1,1,,广东,1787503714165
30,complete,GK2026D1,6a24c146000000001503d91a,6a26b282000000002803a725,6a26a99e0000000029036897,1780920963000,肯定在教室外面等啊,84a7fe7f4773d3c0,经***g,0,0,,广东,1787503779107
30,complete,GK2026D1,6a24c146000000001503d91a,6a26f0e30000000029019d02,6a264a5a0000000027020037,1780936932000,3+1+2不能同时选，3+3除外,bfccb48e927b8676,围*,0,0,,广东,1787503747508
30,complete,GK2026D1,6a24c146000000001503d91a,6a26f110000000002a031c66,6a25f668000000002702369f,1780936977000,广东是一卷，但把听力去掉了，剩下不变,bfccb48e927b8676,围*,0,0,,广东,1787503730872
30,complete,GK2026D1,6a24c146000000001503d91a,6a275122000000002902e8b0,,1780961570000,想当年理综合在一起考，才2小时，非常仓促的样子，都没时间思考,8e7181d46983d293,6***4,4,3,,广西,1787503714164
30,complete,GK2026D1,6a24c146000000001503d91a,6a27513f000000002803f28c,6a275122000000002902e8b0,1780961600000,2个半小时好像是,84a7fe7f4773d3c0,经***g,5,0,,广东,1787503762513
30,complete,GK2026D1,6a24c146000000001503d91a,6a2774230000000028030d76,6a27513f000000002803f28c,1780970533000,对，一小时物理，一小时化学，半个小时做生物[抓狂R],3ff51ed269564575,*,0,0,http://sns-webpic-qc.xhscdn.com/202608240049/1edba420c35260d5a8467b5d76cc3331/comment/1040g2h032164gh3nna605oag5lk0k8j1gn8fsho!nd_whlt34_webp_wm_1,四川,1787503764103
30,complete,GK2026D1,6a24c146000000001503d91a,6a2780b6000000002a027745,6a27513f000000002803f28c,1780973750000,不太记得了，反正合在一起赶得要死，我脑子又转不快又紧张。就英语语文数学写完了,8e7181d46983d293,6***4,1,0,,广西,1787503764104
30,complete,GK2026D1,6a24c146000000001503d91a,6a283d0d000000002702eed5,,1781021966000,[微笑R][害羞R],1029b6212ba8b239,小***5,0,0,,山东,1787503714167
30,complete,GK2026D1,6a24c146000000001503d91a,6a28ff0b0000000029027a04,,1781071627000,为啥有的人考三天，9号就结束了呢,d89d1ab7d9384c79,小***8,0,0,,北京,1787503714166
33,complete,GK2026D1,6a26d6290000000016027de4,6a73f5a80000000023003eb8,,1785984425000,礼貌拿谢谢,ac41b569fb7413ef,胡***语,1,1,,广东,1787507523824
33,complete,GK2026D1,6a26d6290000000016027de4,6a783274000000001400719d,,1786262132000,[偷笑R][偷笑R][偷笑R],4559d8b73a726a19,骑***马,0,0,,福建,1787507523826
33,complete,GK2026D1,6a26d6290000000016027de4,6a78327c0000000014027c57,6a73f5a80000000023003eb8,1786262141000,[偷笑R][偷笑R][偷笑R],4559d8b73a726a19,骑***马,0,0,,福建,1787507538830
34,complete,GK2026D1,6a258d42000000002101bc31,6a2fef370000000028035095,,1781526327000,1,f56bf51fdd3cd70d,邪***擦,0,0,,陕西,1787508176250
35,complete,GK2026D1,6a262a51000000002202fe49,6a2636ba0000000028036100,,1780889274000,"占地76亩，有校舍6栋，累计投资9000多万元。
2016年，一本上线30人，一本上线率为30%，比2015提高6.5个百分点；本科上线98人，本科上线率99%；综合上线率100%，53%是少数民族
近些年政府每年拨款690万
从2020年到2024，有159人参加高考。
纯纯一个少数民族的贵族公立女高，和贫困生没有卵的关系",203ff83f0077b16b,十***觉,15,9,,江苏,1787508845426
35,complete,GK2026D1,6a262a51000000002202fe49,6a264977000000002800afaf,,1780894072000,致敬英雄[玫瑰R][玫瑰R][玫瑰R][玫瑰R][玫瑰R][玫瑰R],11b5bf58373340ed,麋***🌱,1,0,,浙江,1787508828776
35,complete,GK2026D1,6a262a51000000002202fe49,6a264ab2000000002a032742,,1780894387000,[玫瑰R][玫瑰R][玫瑰R][玫瑰R][玫瑰R][玫瑰R][玫瑰R]致敬张校长,702a33f1c4801e93,小***🐱,3,0,,江苏,1787508828775
35,complete,GK2026D1,6a262a51000000002202fe49,6a264fae000000002b02b013,6a2636ba0000000028036100,1780895663000,你几岁啊？什么年纪了？有对社会做过什么贡献吗？,d5f0fa2cd731a1ff,别***丸,10,0,,广东,1787508913018
35,complete,GK2026D1,6a262a51000000002202fe49,6a2653ca000000002903762b,6a2636ba0000000028036100,1780896715000,一张嘴就是造谣，图为你IP地中学2026年拨款，南京市第一中学19477万元，你说华坪女高一年6百多万是贵族学校？,bcc36b2414276ed2,云***吃,18,0,http://sns-webpic-qc.xhscdn.com/202608240215/6348e6aa58878a763a4c9b7e5e9be197/comment/1040g4b83214vj2ak7od05omqmbv7jkptsni26r8!nd_whgt34_webp_wm_1,福建,1787508913019
35,complete,GK2026D1,6a262a51000000002202fe49,6a265661000000002803aa6c,6a2653ca000000002903762b,1780897377000,你拿南京市的和那边云南省华坪市做比较？[偷笑R]你怎么不拿北京市来做比较？[偷笑R],203ff83f0077b16b,十***觉,2,0,,江苏,1787508913019
35,complete,GK2026D1,6a262a51000000002202fe49,6a2661e70000000028035791,6a2636ba0000000028036100,1780900328000,159人是2020年的数据。,d82f794dd2d91714,m*,3,0,http://sns-webpic-qc.xhscdn.com/202608240215/9b2b31d5400d32d4691f5758164f1cf5/comment/1040g2h032155m95gnu6g49vqqg7nkj7ji34lop8!nd_whgt34_webp_wm_1,四川,1787508913017
35,complete,GK2026D1,6a262a51000000002202fe49,6a268584000000002900d3b3,6a264fae000000002b02b013,1780909445000,可曾念过本科？,2b8eb849fe91f9d1,陳***仁,2,0,,北京,1787508913020
35,complete,GK2026D1,6a262a51000000002202fe49,6a26985700000000270284ce,6a2653ca000000002903762b,1780914264000,哪个数据造谣了啊？啊？,bfe7374de6f1b486,m***o,3,0,,广东,1787508929608
35,complete,GK2026D1,6a262a51000000002202fe49,6a26ae3b000000002a025845,6a2636ba0000000028036100,1780919868000,比北京的私立大学还豪华[捂脸R],dd6d6e051e39b3d6,小***6,4,0,,北京,1787508911083
35,complete,GK2026D1,6a262a51000000002202fe49,6a26b3d10000000028037b5f,6a265661000000002803aa6c,1780921297000,都差了32倍，还说为什么不拿北京比，我说白了，就是有你们这种人存在，把南京的档次都拉低了。干嘛只跟北京的比，直接跟清华比呗，一步到位。,66059b46665b9e8d,爱***话,9,0,,江西,1787508929611
35,complete,GK2026D1,6a262a51000000002202fe49,6a26bca1000000002701529b,,1780923554000,走路十一分钟，九点开考让学生五点半起床，张校长🐮,942dda7e004f4376,1***3,30,13,,广东,1787508845424
35,complete,GK2026D1,6a262a51000000002202fe49,6a26bcd9000000002803796e,,1780923609000,真牛,36f78ce37b266dfe,是***呀,0,0,,河南,1787508828779
35,complete,GK2026D1,6a262a51000000002202fe49,6a2742a6000000002b0281b2,6a26bca1000000002701529b,1780957862000,我当年高考的时候，老师让用最平常心面对，我觉得这种又唱又喊又早起的方式并不适合高考那么高强度的一天考试。,4c19a6166cf89baf,m***o,6,0,,美国,1787508860430
35,complete,GK2026D1,6a262a51000000002202fe49,6a276b17000000002702f329,,1780968215000,好活泼青春的女孩子们，教得真好,fa63f907fd277d8e,一***！,4,0,,浙江,1787508828774
35,complete,GK2026D1,6a262a51000000002202fe49,6a277bf3000000002702340a,6a2742a6000000002b0281b2,1780972531000,这是她们每天平常的作息，三年已经形成这样的生物钟了。张老师送这么多年学生很清楚的。,fa22b09c8003c60b,我***！,6,0,,江苏,1787508862018
35,complete,GK2026D1,6a262a51000000002202fe49,6a278ab00000000029036db2,6a277bf3000000002702340a,1780976305000,好像说的并不是作息，是作秀[偷笑R][偷笑R],4c19a6166cf89baf,m***o,4,0,,美国,1787508862022
35,complete,GK2026D1,6a262a51000000002202fe49,6a278dfc0000000028008afb,6a278ab00000000029036db2,1780977149000,[笑哭R]先全面了解清楚吧，按照这所学校日常的安排，送考这天的安排是正常的,fa22b09c8003c60b,我***！,6,0,,江苏,1787508862023
35,complete,GK2026D1,6a262a51000000002202fe49,6a279d070000000027028a60,,1780980999000,影后,27c80f30d1ff17f3,高***学,5,8,,山东,1787508845427
35,complete,GK2026D1,6a262a51000000002202fe49,6a27b3c10000000028031134,6a278dfc0000000028008afb,1780986817000,正常个der啊，你让考生五点半起来打扫教室跟走廊？？？哪里正常？？,0a5216e563f70604,林***鹿,5,0,,山东,1787508878612
35,complete,GK2026D1,6a262a51000000002202fe49,6a27bbb000000000270295cb,6a27b3c10000000028031134,1780988848000,请问你觉得不正常的点在哪？是作息，还是唱歌，还是打扫，还是什么？如果是作息，我已经很明确，已经形成的生物钟没必要在高考这天打乱，反而容易对孩子造成不必要的影响。如果是唱歌，高考这天心情难免激动，去的路上唱着歌把情绪宣泄出来，信心满满的去不好吗？如果是打扫，且不说不是对全校进行大扫除，只是走廊教室；三年如一日好好学习的孩子在考试这一天根本不怕一个上午不看书，更何况打扫能花多久？干干净净上考场，认真对待这场人生考试。如果你去了解过，就会发现华坪女高贯彻的一个行动就是把每天都像高考这天一样对待。事实上这样更容易超常发挥。,fa22b09c8003c60b,我***！,7,0,,江苏,1787508878614
35,complete,GK2026D1,6a262a51000000002202fe49,6a27bc77000000002701d456,6a278ab00000000029036db2,1780989047000,还有，如果被说作秀可以引来更多的资金资助能让孩子们的生活更好能让华坪女高有更好的资源，那就说吧。这里面的所有人目的只有让女孩们能走出大山活出更好的人生。,fa22b09c8003c60b,我***！,7,0,,江苏,1787508878615
35,complete,GK2026D1,6a262a51000000002202fe49,6a27c4b7000000002a02c69e,6a27b3c10000000028031134,1780991159000,老了买保健品的就是这种[偷笑R],971babad94ef7f79,糯***橙,1,0,,湖南,1787508878615
35,complete,GK2026D1,6a262a51000000002202fe49,6a28c07e0000000028033164,6a26bca1000000002701529b,1781055615000,她们和普通的学生不一样 ，她们的路不好走所以要早起早早的出发,af9cf1cedc523e5e,今***。,1,0,,河北,1787508862020
35,complete,GK2026D1,6a262a51000000002202fe49,6a28c0c200000000280360d4,6a27b3c10000000028031134,1781055682000,这是她们的最后在学校的时间了,af9cf1cedc523e5e,今***。,0,0,,河北,1787508862021
35,complete,GK2026D1,6a262a51000000002202fe49,6a28c0cb000000002803c037,6a278ab00000000029036db2,1781055691000,你一个美国人在懂什么[微笑R],af9cf1cedc523e5e,今***。,0,0,,河北,1787508878616
35,complete,GK2026D1,6a262a51000000002202fe49,6a28dde8000000002901387f,,1781063145000,忍不住一直看一直哭,6658d3456e1b2e39,吴***东,0,0,,江西,1787508828780
35,complete,GK2026D1,6a262a51000000002202fe49,6a28e3ad000000002702277c,6a28c07e0000000028033164,1781064621000,自己去看看地图吧，还路不好走，你还真被忽悠以为大山里呢,942dda7e004f4376,1***3,1,0,,广东,1787508896078
35,complete,GK2026D1,6a262a51000000002202fe49,6a28ed770000000028034d9d,6a28e3ad000000002702277c,1781067127000,是她们人生的路不好走,af9cf1cedc523e5e,今***。,0,0,,河北,1787508896081
35,complete,GK2026D1,6a262a51000000002202fe49,6a290716000000002702d432,,1781073686000,两弯似蹙非蹙笼烟眉，一双似喜非喜含情目。态生两靥之愁，娇袭一身之病。心较比干多一窍，病如西子胜三分。,87eb2aa8a9e23270,泡*,1,0,,北京,1787508845428
35,complete,GK2026D1,6a262a51000000002202fe49,6a2938fb000000002a03015a,,1781086459000,伟大的女性,5c888e7dd914b8f8,脆***豬,1,0,,英国,1787508845427
35,complete,GK2026D1,6a262a51000000002202fe49,6a297054000000002701c973,6a265661000000002803aa6c,1781100629000,怎么 不跟你们南京比跟北京比 人家还是贵族学校呗 哇噻 太贵族了[嘻嘻R],ec23fa5051c559b1,*,0,0,,北京,1787508929611
35,complete,GK2026D1,6a262a51000000002202fe49,6a2c576100000000280333f4,6a279d070000000027028a60,1781290850000,嘉豪,406f69cdfe6b8ebd,m***🌟,2,0,,河北,1787508944614
35,complete,GK2026D1,6a262a51000000002202fe49,6a2ca980000000002702bc9e,6a2c576100000000280333f4,1781311872000,自我介绍有意思,0278319a37ad3193,冰***凌,1,0,,广东,1787508946293
35,complete,GK2026D1,6a262a51000000002202fe49,6a2cdf26000000002900d669,6a2ca980000000002702bc9e,1781325607000,热爱逃避的你也很有意思[捂脸R],406f69cdfe6b8ebd,m***🌟,1,0,,河北,1787508946293
35,complete,GK2026D1,6a262a51000000002202fe49,6a2e189e00000000280397eb,,1781405854000,考场不到10分钟路程要考生五点半起来打扫卫生[点赞R],03ffce6efb553ae0,A***傅,6,1,,辽宁,1787508828772
35,complete,GK2026D1,6a262a51000000002202fe49,6a2ea35b000000002702a969,,1781441372000,向张桂梅校长！致敬！！[握手R][握手R][握手R],75efcadf3c6726b0,时***君,1,0,,湖北,1787508828776
35,complete,GK2026D1,6a262a51000000002202fe49,6a2ea38400000000270146e2,,1781441413000,向张桂梅校长，致敬！[握手R][握手R][握手R],75efcadf3c6726b0,时***君,1,0,,湖北,1787508828778
35,complete,GK2026D1,6a262a51000000002202fe49,6a2fded3000000002900c9c5,,1781522131000,我生来就是高山而非溪流，我欲于群峰之巅俯视平庸的沟壑。我生来就是人杰而非草芥，我站在伟人之肩藐视卑微的懦夫！,03ffce6efb553ae0,A***傅,3,0,,辽宁,1787508828778
35,complete,GK2026D1,6a262a51000000002202fe49,6a32edac0000000029027b2a,6a2e189e00000000280397eb,1781722541000,辽宁的,5ff7e669a1743f49,晓***青,0,0,,广东,1787508843783
35,complete,GK2026D1,6a262a51000000002202fe49,6a32ee12000000002a025879,6a2ca980000000002702bc9e,1781722642000,嘉豪,5ff7e669a1743f49,晓***青,2,0,,广东,1787508946289
35,complete,GK2026D1,6a262a51000000002202fe49,6a333797000000002702e349,6a32ee12000000002a025879,1781741464000,嘉豪看谁都是嘉豪了属于是,0278319a37ad3193,冰***凌,0,0,,广东,1787508946291
35,complete,GK2026D1,6a262a51000000002202fe49,6a3365f5000000002a025dfe,6a333797000000002702e349,1781753334000,叫,5ff7e669a1743f49,晓***青,0,0,,广东,1787508962987
35,complete,GK2026D1,6a262a51000000002202fe49,6a3368c200000000270172af,6a3365f5000000002a025dfe,1781754051000,没必要概括你干的事,0278319a37ad3193,冰***凌,0,0,,广东,1787508962989
35,complete,GK2026D1,6a262a51000000002202fe49,6a336f98000000002a02f7d1,6a3368c200000000270172af,1781755800000,继续,5ff7e669a1743f49,晓***青,0,0,,广东,1787508946292
35,complete,GK2026D1,6a262a51000000002202fe49,6a475057000000002901a292,,1783058519000,经济学家Duflo研究让贫困女生多读几年高中，会不会改变她们未来孩子的发展，答案是教育不仅提高劳动收入，还会改变一个人照料、交流和回应孩子的方式。张老师，功在当代，利在千秋。,bc238adfbebe0c86,m***h,2,0,,山东,1787508828777
37,complete,GK2026D1,6a2527a2000000000702e444,6a27677100000000270211d8,,1780967281000,这些守护瞬间超暖，愿考生们皆得所愿🎈,1d681169a0b6d337,梅***升,1,0,,广东,1787512068066
37,complete,GK2026D1,6a2527a2000000000702e444,6a280955000000002701787c,,1781008726000,高考作文，爱，有小情小爱到家国大爱,145d9c89c5a41bec,将***将,0,0,,广东,1787512068068
39,complete,GK2026D1,6a24d9a90000000015025cfe,6a24e29b000000002a02cb30,,1780802203000,不行了 这个机器人还卡上点了[捂脸R],9bd42e78b5db171f,半***.,1,1,,安徽,1787513805556
39,complete,GK2026D1,6a24d9a90000000015025cfe,6a24e29d000000002a032df4,,1780802205000,妈呀第一个这是贝多芬嘛？,4ff278b761a24f1c,黑***球,7,3,,山西,1787513373073
39,complete,GK2026D1,6a24d9a90000000015025cfe,6a24e30b000000002901116a,,1780802315000,第一遍就没看见俩机器人旁边还有个机器狗呢,e2f254b4c53129f4,8***0,1,1,,山西,1787513805556
39,complete,GK2026D1,6a24d9a90000000015025cfe,6a24e35e000000002803c1b9,,1780802399000,最后那个人是谁？ 看不出来cos的是谁,2753bf2149873a4f,疏***.,1,1,,安徽,1787513805555
39,complete,GK2026D1,6a24d9a90000000015025cfe,6a24e38f0000000028035220,,1780802448000,这是在考场外吗！怎么不算八大金刚送考[doge],37b532ee97422e43,绝***！,2,0,http://sns-webpic-qc.xhscdn.com/202608240336/5eb99a2dacfa3bef24bb9588ef0b672d/comment/1040g2h03213n0o75no605nstb1i09a4i369mnug!nd_whlt34_webp_wm_1,河北,1787513805555
39,complete,GK2026D1,6a24d9a90000000015025cfe,6a24e46e0000000029037336,6a24e29d000000002a032df4,1780802670000,贝多芬不是音乐家吗？怎么也来送考了,f8ef1d3e595de24d,枕***.,0,0,,安徽,1787513456171
39,complete,GK2026D1,6a24d9a90000000015025cfe,6a24e553000000002a03227f,6a24e35e000000002803c1b9,1780802900000,哇是不是这个呀,fdd11e9984d4ba27,月***员,5,0,http://sns-webpic-qc.xhscdn.com/202608240336/b45dd37fd9c0fe69b4ac04fd59eff0fb/comment/1040g4b83213n7kpk7odg5p6oj4n0a5nem7svko0!nd_whgt34_webp_wm_1,山西,1787513837159
39,complete,GK2026D1,6a24d9a90000000015025cfe,6a24e653000000002a0310e6,,1780803156000,我弟当时高考怎么没有这种啊羡慕,7cf8f68623e71b20,岩*,0,1,,山西,1787513805554
39,complete,GK2026D1,6a24d9a90000000015025cfe,6a24ed460000000028036138,6a24e29d000000002a032df4,1780804935000,牛顿吧拿着物理书[doge],b737dede2dff38b7,与*,2,0,,湖南,1787513456170
39,complete,GK2026D1,6a24d9a90000000015025cfe,6a24f160000000002803c6cd,6a24e29d000000002a032df4,1780805986000,俺也不认识，可能都是抽象吧,3ccf6b081ca03ee7,芒***闲,0,0,http://sns-webpic-qc.xhscdn.com/202608240329/69ccd0c35b29596fc9f8e112b0e470de/comment/1040g2h03213n0o75no6g5nstb1i09a4i8pria3o!nd_whlt34_webp_wm_1,河北,1787513454547
39,complete,GK2026D1,6a24d9a90000000015025cfe,6a24f1c10000000028038cb9,6a24e653000000002a0310e6,1780806082000,是吧！每年都有新活,3ccf6b081ca03ee7,芒***闲,0,0,http://sns-webpic-qc.xhscdn.com/202608240336/349cdc701b372c2d8940fdee782fea28/comment/1040g2h03213n0o75no5g5nstb1i09a4i0st4q9g!nd_whgt34_webp_wm_1,河北,1787513837158
39,complete,GK2026D1,6a24d9a90000000015025cfe,6a24f1fc00000000280332ac,6a24e30b000000002901116a,1780806141000,身上好像披的都是祝福的话考上985211,3ccf6b081ca03ee7,芒***闲,0,0,,河北,1787513837160
39,complete,GK2026D1,6a24d9a90000000015025cfe,6a24f258000000002701d963,,1780806232000,机器人都来助威了，你就说还不上岸！,28689e1e5065d1f3,一***喵,1,0,,山西,1787513805554
39,complete,GK2026D1,6a24d9a90000000015025cfe,6a24f2ae000000002902d116,,1780806320000,想要让视频爆火的第一步就是配一个这样激昂的音乐@猫咪捞月亮,7d823e5d9a7b1450,千*,1,1,http://sns-webpic-qc.xhscdn.com/202608240336/e38ae6cd37097e991f053f0d36a91f14/comment/1040g4b83213orqcvnk704bumpg7nam5r1n4g7fg!nd_whgt34_webp_wm_1,山东,1787513805553
39,complete,GK2026D1,6a24d9a90000000015025cfe,6a24f2ce000000002702c901,6a24f2ae000000002902d116,1780806351000,哦哦这个是高考场外吧，你先把你视频怎么剪辑搜搜看？高考就有话题蹭蹭肯定就爆了！,7dcb70bfb3ab1bb0,猫***亮,0,0,,山东,1787513837156
39,complete,GK2026D1,6a24d9a90000000015025cfe,6a24f52d000000002a026517,,1780806957000,祝愿广大学子高考顺利前途璀璨,fc9c8f2f1b0f38ad,落*,1,0,,河北,1787513805553
39,complete,GK2026D1,6a24d9a90000000015025cfe,6a24f532000000002702a574,,1780806963000,@洵澈 咱当年哪有这条件？,70a5be3e92245d0a,程*,0,2,,山东,1787513805552
39,complete,GK2026D1,6a24d9a90000000015025cfe,6a24f548000000002803a97e,6a24f532000000002702a574,1780806985000,现在去参加高考还来得及吗？,f981a3b7046a7746,洵*,0,0,,山东,1787513820562
39,complete,GK2026D1,6a24d9a90000000015025cfe,6a24f570000000002b0240e8,,1780807024000,新一卷的作文题目是什么呀 ？？,90558fe9aa2498bc,手***信,11,6,,浙江,1787513373072
39,complete,GK2026D1,6a24d9a90000000015025cfe,6a24f5b70000000029026e7e,6a24f570000000002b0240e8,1780807095000,"2026高考作文  ： 词语是情感的载体  ，也是时代变化的窗口，而当下的世界正处于一个世界之变、时代之变、历史之变，正以前所未有的速度展开，结合自己成长的经历、印记，聊聊哪个词语的意义在你的成长中发生了变化。
我看完题目头都大了，幸亏我不考",3df39916905c5417,晚*,66,0,,北京,1787513421372
39,complete,GK2026D1,6a24d9a90000000015025cfe,6a24f5e70000000029027715,,1780807143000,不懂就问，考完送手机吗哈哈哈,933f0e913fae3100,晚***叶,2,1,,甘肃,1787513805550
39,complete,GK2026D1,6a24d9a90000000015025cfe,6a24f5fe000000002a030a5d,,1780807167000,我的精神和广大学子们同在！！！加油啊啊啊啊啊啊,c308755fe9c95421,冷*,1,0,,浙江,1787513738572
39,complete,GK2026D1,6a24d9a90000000015025cfe,6a24f61d000000002900e88f,,1780807197000,数载寒窗磨利剑，一朝试锋看今朝。高考加油，金榜题名！,5b82e03ec7ca5e60,芝***🧀,2,2,,安徽,1787513738572
39,complete,GK2026D1,6a24d9a90000000015025cfe,6a24f62b000000002a0250ed,,1780807212000,第一个像爱因斯胆却又拿着英语书(沉思ing),496310575c5cac00,知*,8,1,,安徽,1787513373075
39,complete,GK2026D1,6a24d9a90000000015025cfe,6a24f640000000002a03163b,6a24f61d000000002900e88f,1780807233000,你我皆黑马，冲冲冲,7d4ec858bc730e64,好***🍃,1,0,,安徽,1787513788873
39,complete,GK2026D1,6a24d9a90000000015025cfe,6a24f67600000000270239fa,,1780807287000,高考就算是机器人来了也得穿旗袍💪🏻,436fffa63999b4b6,笺***.,0,0,,北京,1787513738571
39,complete,GK2026D1,6a24d9a90000000015025cfe,6a24f6fd000000002803e920,6a24f5e70000000029027715,1780807422000,那你挺敢想的,3ccf6b081ca03ee7,芒***闲,0,0,http://sns-webpic-qc.xhscdn.com/202608240336/a7bebf7d799ec23df7f1cd404b6ca944/comment/1040g2h03213n0o75no3g5nstb1i09a4i8d6rdpg!nd_whgt34_webp_wm_1,河北,1787513820559
39,complete,GK2026D1,6a24d9a90000000015025cfe,6a24f7f9000000002803946f,,1780807675000,高考成绩我已经看到了，依旧稳定发挥,2afe0fa51c1b67af,月*,11,1,http://sns-webpic-qc.xhscdn.com/202608240329/20608d3c9fb4f0ff02c5af86a275ac2b/comment/1040g4b83213pgg0knkdg5nl71ajg94sqbtm10s8!nd_whgt34_webp_wm_1,贵州,1787513373074
39,complete,GK2026D1,6a24d9a90000000015025cfe,6a24f80b00000000290262ef,,1780807691000,得亏旗袍比较短，不然都跳不开,383c76757c210c43,左*,0,0,,辽宁,1787513738571
39,complete,GK2026D1,6a24d9a90000000015025cfe,6a24f81c000000002a006d97,,1780807708000,家银们，现在背作文模板还来得及吗？,2b80fbfd92410055,朵*,1,2,,安徽,1787513738570
39,complete,GK2026D1,6a24d9a90000000015025cfe,6a24f84f000000002701cb69,6a24f81c000000002a006d97,1780807759000,还来得及，明年高考一定能用的上,21138eca85506f23,小*,3,0,,安徽,1787513771812
39,complete,GK2026D1,6a24d9a90000000015025cfe,6a24f8ad0000000028030b26,,1780807854000,关关难过关关过，祝学子们都能取得自己想要的好成绩✌🏻,b756ef4513cc848b,冰*,2,1,,山东,1787513738569
39,complete,GK2026D1,6a24d9a90000000015025cfe,6a24f98a000000002701d72b,,1780808075000,那个像法官一样的coser是谁？好眼熟,beb6925304117279,瑰*,0,0,http://sns-webpic-qc.xhscdn.com/202608240335/f6ab0df8fe1ee33ca1a35ce04e9ae47f/comment/1040g4b83213pmjiu6u705p6nljtg8p9orip7as0!nd_whgt34_webp_wm_1,浙江,1787513738569
39,complete,GK2026D1,6a24d9a90000000015025cfe,6a24f9dd000000002702c022,,1780808159000,好焦虑，下午你说我还想午睡呢要去参加高考吗（大一期末周全考完得意学子😎）,33f5a6cb3833ba8a,溪*,2,1,http://sns-webpic-qc.xhscdn.com/202608240335/513c9e8cdb787d41732dbaf54ea31b2e/comment/1040g4b83213pmjiu6u7g5p6nljtg8p9o83nv21o!nd_whlt34_webp_wm_1,浙江,1787513738568
39,complete,GK2026D1,6a24d9a90000000015025cfe,6a24fa1e000000002701f9ae,,1780808222000,太有文化了，这就是我刷视频的品味学的明白吗你@垂耳兔,5aa5d30f977a200a,薄***糖,1,2,,山东,1787513738568
39,complete,GK2026D1,6a24d9a90000000015025cfe,6a24fa22000000002a0249d4,,1780808227000,旗袍机器人，这是哪里的考生待遇好高！,ae97ed61dcafb6a2,1***y,1,0,,河北,1787513738566
39,complete,GK2026D1,6a24d9a90000000015025cfe,6a24fa4c000000002702a70d,6a24fa1e000000002701f9ae,1780808268000,……真是没空跟你闹了我就爱刷低质小视频咋了！少管我！,789839dd1a1f5f2b,萄*,1,0,,山东,1787513753575
39,complete,GK2026D1,6a24d9a90000000015025cfe,6a24fa8600000000290340fb,,1780808327000,热知识：语文考完考数字了[doge],d61a5b105727b9c2,栀***）,2,1,,江苏,1787513688770
39,complete,GK2026D1,6a24d9a90000000015025cfe,6a24fbec000000002a03250f,,1780808684000,考完出来的学生看见这一幕:？？？别舞了，进去替我考两场...！,f5297f6992cc7aa7,白***妈,23,1,,陕西,1787513373071
39,complete,GK2026D1,6a24d9a90000000015025cfe,6a24fe6c000000002803001f,6a24fbec000000002a03250f,1780809324000,哈哈哈哈哈哈哈哈那算是大数据吗[doge],3ccf6b081ca03ee7,芒***闲,1,0,,河北,1787513421370
39,complete,GK2026D1,6a24d9a90000000015025cfe,6a24fe7d00000000280359df,6a24fa8600000000290340fb,1780809342000,应该是3点开始,3ccf6b081ca03ee7,芒***闲,0,0,,河北,1787513736986
39,complete,GK2026D1,6a24d9a90000000015025cfe,6a24feaa0000000029010e58,6a24fa4c000000002702a70d,1780809387000,哈哈哈哈别吵了你们这样打不起来的！,3ccf6b081ca03ee7,芒***闲,0,0,http://sns-webpic-qc.xhscdn.com/202608240335/1e3534513dbbf276f3e1b54b640318f1/comment/1040g290312ou36ua7i0000000000003rjft7elg!nd_whgt34_webp_wm_1,河北,1787513755141
39,complete,GK2026D1,6a24d9a90000000015025cfe,6a24fee8000000002803bf23,6a24f9dd000000002702c022,1780809448000,毕业刷视频纯爽中,3ccf6b081ca03ee7,芒***闲,0,0,http://sns-webpic-qc.xhscdn.com/202608240335/cd1ce168103f8d3f9bd6edde4ca7300e/comment/1040g290312ou25uq7i6g00000000003rn7gcarg!nd_whgt34_webp_wm_1,河北,1787513770145
39,complete,GK2026D1,6a24d9a90000000015025cfe,6a24ff1c000000002803e860,6a24f8ad0000000028030b26,1780809500000,祝愿高考顺利！,3ccf6b081ca03ee7,芒***闲,0,0,,河北,1787513770147
39,complete,GK2026D1,6a24d9a90000000015025cfe,6a24ff6b000000002803fc48,6a24f7f9000000002803946f,1780809579000,哎呀太高了可以想想挑什么学校了，是花🌸呗大学还是芝麻专业实在太难选了[斜眼R],3ccf6b081ca03ee7,芒***闲,0,0,,河北,1787513471176
39,complete,GK2026D1,6a24d9a90000000015025cfe,6a24ff8b0000000028030498,6a24f81c000000002a006d97,1780809611000,事 在 人 为,3ccf6b081ca03ee7,芒***闲,1,0,,河北,1787513770149
39,complete,GK2026D1,6a24d9a90000000015025cfe,6a2504450000000028035270,6a24f5b70000000029026e7e,1780810821000,@食不食山楂yu @装忧郁被偷拼好饭 @布布 @某些人 @chuu @超级木薯淀粉 不会出题别出 去年的题虽然也恶心但是好写[鄙视R],6abb046fa19fa34c,比***王,4,0,,上海,1787513422934
39,complete,GK2026D1,6a24d9a90000000015025cfe,6a250602000000002803cdcd,,1780811267000,第二天考试的时候想起来这个东西,4be89aaa749316ce,婺*,0,0,,福建,1787513688769
39,complete,GK2026D1,6a24d9a90000000015025cfe,6a25067f000000002702e816,,1780811391000,豪情在天，谁能与我争锋，高考场外，今朝揭榜屠龙！,87388e41b855215f,琮***月,0,1,,广西,1787513688768
39,complete,GK2026D1,6a24d9a90000000015025cfe,6a250de7000000002a0276a4,,1780813288000,@七安 ？,d6963b72338342df,1***^,0,0,,山西,1787513838758
39,complete,GK2026D1,6a24d9a90000000015025cfe,6a250ff30000000029010419,,1780813812000,宝宝们，要不要对一下答案我先来填空题是:kfc,c3ba14cbb1488fcc,微***风,3,1,,安徽,1787513688768
39,complete,GK2026D1,6a24d9a90000000015025cfe,6a25103f00000000290113fb,,1780813888000,小时候父母问自己上清华还是上北大，每次信誓旦旦说想读汉语言文学专业我要上北大爸爸妈妈可高兴了。如今想来真想给当年的自己一个大嘴巴子......,67bcfcb252d0c342,佳***梦,9,1,,重庆,1787513373075
39,complete,GK2026D1,6a24d9a90000000015025cfe,6a2513740000000028037e50,6a25103f00000000290113fb,1780814709000,[抽泣R]谁不是呢,3ccf6b081ca03ee7,芒***闲,0,0,,河北,1787513471178
39,complete,GK2026D1,6a24d9a90000000015025cfe,6a2513c60000000028033f00,6a250ff30000000029010419,1780814791000,哈哈我知道，是abcd,3ccf6b081ca03ee7,芒***闲,0,0,,河北,1787513736983
39,complete,GK2026D1,6a24d9a90000000015025cfe,6a25140a000000002803a754,6a2504450000000028035270,1780814858000,可能唯一没释然的只有22年的本手妙手和俗手[doge],3ccf6b081ca03ee7,芒***闲,5,0,,河北,1787513422935
39,complete,GK2026D1,6a24d9a90000000015025cfe,6a251fd10000000028037197,6a25140a000000002803a754,1780817874000,这个是真不会 庆幸自己是去年高考的哈哈哈,6abb046fa19fa34c,比***王,1,0,,上海,1787513422936
39,complete,GK2026D1,6a24d9a90000000015025cfe,6a25212b0000000029012958,,1780818219000,"高考是我们青春中的一处盛大风景，我们每个人终会迎来奔赴考场、收官青春的那一天。
你不妨大胆尝试一下，攒一身学识底气，去刷题，去冲刺，去奔赴属于自己的战场！
你不尝试，永远不知道自己的潜力有多磅礴；你不体验，永远不知道全力以赴的热血有多滚烫。
也许你会遭遇失利，但那又怎么样呢？安稳度日，敷衍懈怠，终究换不来想要的未来。
输不可怕，可怕的是你不敢全力以赴。你永远记住，高考只是人生的一站，不是人生的终点。
放下内心的焦虑杂念，摒弃所有的迷茫内耗，把拖延、怯懦、懈怠通通抛开，换成日复一日的努力与底气。
敢想、敢拼、敢闯、敢坚持，这才是青春，这才是高考，我们少年人最该拥有的滚烫态度！",6414617e4162ab89,用***销,1,2,,四川,1787513688767
39,complete,GK2026D1,6a24d9a90000000015025cfe,6a2525f2000000002803ddfc,,1780819442000,直接考场外面推销了[捂脸R],79014778bf47485f,苜*,0,0,,河南,1787513688766
39,complete,GK2026D1,6a24d9a90000000015025cfe,6a252b0c000000002a02d107,6a24f5b70000000029026e7e,1780820749000,这个考题和近两年很多人讨论的词义磨损有所对应啊，就是高考生如果不经常玩手机的话，未必知道这件事情，表达出来可能也不一定很流利,adc067c176f326fa,n***u,2,0,,广西,1787513422936
39,complete,GK2026D1,6a24d9a90000000015025cfe,6a252c6c0000000028031c4f,6a252b0c000000002a02d107,1780821101000,网络热梗确实有利有弊吧，写作文会尽量减少联想书面化，但是架不住这些年的课题都挺时髦的,3ccf6b081ca03ee7,芒***闲,0,0,,河北,1787513422937
39,complete,GK2026D1,6a24d9a90000000015025cfe,6a252c73000000002902d4cd,,1780821107000,@清和月三十,4be665899eec1076,b***e,1,0,,河北,1787513838758
39,complete,GK2026D1,6a24d9a90000000015025cfe,6a252ea1000000002900fba8,,1780821666000,跳的这么带劲一想到现场没音乐就好干巴（？,35241f15a36d883c,等*,2,1,,河北,1787513688766
39,complete,GK2026D1,6a24d9a90000000015025cfe,6a252ecd0000000027015ac4,,1780821710000,这真真是科技时代了，送考都可以是机器人了,73c25dcdfe73ad21,维***妮,86,3,,湖北,1787513373069
39,complete,GK2026D1,6a24d9a90000000015025cfe,6a252ef8000000002800b830,6a252ecd0000000027015ac4,1780821753000,你别说还挺有意思的呢,f2efe38fcea6e927,讨***天,0,0,,湖北,1787513389647
39,complete,GK2026D1,6a24d9a90000000015025cfe,6a252ff30000000027020c3b,,1780822005000,26届又有啥样的时代黑利等着呢👿,af9df009567492c7,哈*,3,1,http://sns-webpic-qc.xhscdn.com/202608240334/69fc7e4b9e1eaed9c2008287a634e526/comment/1040g4b832140b4vu70dg5ojso098d4vfk9mafmg!nd_whgt34_webp_wm_1,江西,1787513688765
39,complete,GK2026D1,6a24d9a90000000015025cfe,6a252ff4000000002b026b18,,1780822005000,今上午的作文好难写啊,95e38549036c1107,莉***h,0,2,,安徽,1787513688764
39,complete,GK2026D1,6a24d9a90000000015025cfe,6a25300c000000002903584b,,1780822029000,哈哈哈哈哈这个可不敢带进考场,612c770599b75275,蓝*,2,0,http://sns-webpic-qc.xhscdn.com/202608240334/50152594e971f8c61eed52edfad70f06/comment/1040g4b832140bh3nne705q877kfdtcic2sfc2fg!nd_whgt34_webp_wm_1,江西,1787513688763
39,complete,GK2026D1,6a24d9a90000000015025cfe,6a2530440000000027021ff5,,1780822085000,这感觉真的好像咱们教导主任啊……@茉寻,551a7c8e7ba22a85,汽***飞,0,3,,江西,1787513605789
39,complete,GK2026D1,6a24d9a90000000015025cfe,6a2530760000000027014551,6a2530440000000027021ff5,1780822135000,就那个看着笑眯眯其实贼心狠手辣，成天穿着的可正经从来不穿裙子的老太太是不,8dc7ea0ffed3c8e1,茉*,0,0,,江西,1787513670544
39,complete,GK2026D1,6a24d9a90000000015025cfe,6a25308c000000002701dcd5,6a2530760000000027014551,1780822157000,哎，不是？王主任才40岁，是不是有点太夸张了！！,551a7c8e7ba22a85,汽***飞,0,0,,江西,1787513672179
39,complete,GK2026D1,6a24d9a90000000015025cfe,6a2531c7000000002803e368,,1780822472000,@肥柿摆烂啦 @喵乃天子 @红丝绒蛋糕 @光阴似箭,83bf27f88660ed33,1***.,0,0,,江苏,1787513838757
39,complete,GK2026D1,6a24d9a90000000015025cfe,6a253682000000002a02cbe5,,1780823682000,woc笑死我了 我以为机器人跳candy呢,c09c4fd55320c6f2,荔***🐶,0,0,,辽宁,1787513605788
39,complete,GK2026D1,6a24d9a90000000015025cfe,6a253b6a000000002900d199,6a252ecd0000000027015ac4,1780824939000,只能场外哦，进场内可就生死难料了[doge],3ccf6b081ca03ee7,芒***闲,6,0,,河北,1787513388078
39,complete,GK2026D1,6a24d9a90000000015025cfe,6a253b78000000002803f586,6a24f548000000002803a97e,1780824953000,没关系，可以收拾收拾，等着明年的[斜眼R],3ccf6b081ca03ee7,芒***闲,0,0,,河北,1787513822150
39,complete,GK2026D1,6a24d9a90000000015025cfe,6a253ba6000000002803a088,6a252ff30000000027020c3b,1780824999000,[斜眼R]哈哈哈哈哈哈,3ccf6b081ca03ee7,芒***闲,0,0,,河北,1787513720362
39,complete,GK2026D1,6a24d9a90000000015025cfe,6a253bb60000000028032fdf,6a252ea1000000002900fba8,1780825015000,信念感来的,3ccf6b081ca03ee7,芒***闲,0,0,,河北,1787513720364
39,complete,GK2026D1,6a24d9a90000000015025cfe,6a253be40000000029012aef,6a252ff4000000002b026b18,1780825061000,没事没事没事，稳的稳的稳的,3ccf6b081ca03ee7,芒***闲,0,0,,河北,1787513703774
39,complete,GK2026D1,6a24d9a90000000015025cfe,6a253c15000000002803070a,6a25212b0000000029012958,1780825109000,新主线任务开启啦！,3ccf6b081ca03ee7,芒***闲,0,0,,河北,1787513720366
39,complete,GK2026D1,6a24d9a90000000015025cfe,6a253c4f000000002803e7f1,6a24f61d000000002900e88f,1780825168000,还是㊗️高考顺利！,3ccf6b081ca03ee7,芒***闲,0,0,http://sns-webpic-qc.xhscdn.com/202608240335/2ab051b2437e9a50702226ce6bbad3d3/comment/1040g2h030vtiu7msm08000000000003ruhal00o!nd_whgt34_webp_wm_1,河北,1787513786817
39,complete,GK2026D1,6a24d9a90000000015025cfe,6a253c61000000002900d1be,6a24e29b000000002a02cb30,1780825186000,哈哈哈哈哈哈哈,3ccf6b081ca03ee7,芒***闲,0,0,,河北,1787513837161
39,complete,GK2026D1,6a24d9a90000000015025cfe,6a253c740000000028039438,6a24f62b000000002a0250ed,1780825204000,像不像高斯[doge],3ccf6b081ca03ee7,芒***闲,1,0,,河北,1787513471179
39,complete,GK2026D1,6a24d9a90000000015025cfe,6a253c87000000002803f3f6,6a25067f000000002702e816,1780825224000,唱 唱出来了！[石化R],3ccf6b081ca03ee7,芒***闲,0,0,,河北,1787513736985
39,complete,GK2026D1,6a24d9a90000000015025cfe,6a253cab0000000028032be4,6a2530440000000027021ff5,1780825259000,居然有莫名其妙的认同感，大家青春都有那么一个教导主任[笑哭R],3ccf6b081ca03ee7,芒***闲,0,0,,河北,1787513672181
39,complete,GK2026D1,6a24d9a90000000015025cfe,6a253d66000000002a033a92,,1780825446000,@长安少侠客,6ffb67feda4f80fc,卿***咪,1,0,,广东,1787513838754
39,complete,GK2026D1,6a24d9a90000000015025cfe,6a2548da000000002701e71d,,1780828380000,一想到现在正考数学这位coser忽然很想高斯,f5f745dd66accecc,禾***🔆,54,3,http://sns-webpic-qc.xhscdn.com/202608240329/3269d849ace9de91658bfe2009ff79f2/comment/1040g2h032143ce02ms6g5os8eo3nrdo0vb24gpo!nd_whgt34_webp_wm_1,黑龙江,1787513373070
39,complete,GK2026D1,6a24d9a90000000015025cfe,6a25490600000000270299ac,6a2548da000000002701e71d,1780828423000,人家手机拿的是英语吧……,7b826b66a0345610,玉***粒,2,0,,黑龙江,1787513404652
39,complete,GK2026D1,6a24d9a90000000015025cfe,6a25498700000000280335de,,1780828552000,哇塞！机器人都穿上旗袍了,ab5254059203849d,桃*,0,0,,黑龙江,1787513605788
39,complete,GK2026D1,6a24d9a90000000015025cfe,6a255560000000002a033229,,1780831586000,祝高考莓烦恼,ace3bcea38637c0f,换***萌,1,0,http://sns-webpic-qc.xhscdn.com/202608240333/72aeb535330b92bdac6780ec774c07c1/comment/1040g2h032144n068ne405pfnfs5iu3c0dqpicj8!nd_whgt34_webp_wm_1,浙江,1787513605787
39,complete,GK2026D1,6a24d9a90000000015025cfe,6a255f6f000000002702a0d1,6a25490600000000270299ac,1780834160000,手里……,20050c5c61ebce35,小*,1,0,,新疆,1787513406365
39,complete,GK2026D1,6a24d9a90000000015025cfe,6a25618c0000000028034b0b,6a255f6f000000002702a0d1,1780834700000,哈哈哈哈哈哈哈哈哈哈哈哈哈哈哈哈哈哈哈哈哈哈哈哈哈哈哈哈哈哈哈哈哈哈哈,3ccf6b081ca03ee7,芒***闲,0,0,http://sns-webpic-qc.xhscdn.com/202608240330/96703106a50f6a50e92de5c3aeea6ae3/comment/1040g290312ou2oh4ni1000000000003r6njl0ug!nd_whgt34_webp_wm_1,河北,1787513406367
39,complete,GK2026D1,6a24d9a90000000015025cfe,6a257852000000002b000032,6a253b6a000000002900d199,1780840531000,"有的娃娃睡不着，如何积极应对？
有的娃娃来例假如何积极应对？
有的娃娃心情一直起伏，稳定不下来，
请问爸爸妈妈应该在家里做好后勤工作，还是在校门口等？
请详细回复，
请问高考的各种各样的情况如何积极应对？可否详细列出来？大家认真阅读，遇到情况时沉着冷静，胸有成竹，按照温馨提示，按部就班来应对
请问可否发布高考各种应急情况温馨提示？高考，做八件温暖别人的小小小小事来纪念，大家讨论后行动。关心需要大家关心的高三娃娃。一起提建议，让每一位娃娃爸爸妈妈老师开心平安努力度过，认真阅读88个温馨提示。请党员同志热心居民朋友讨论修改回复，开心事不开心事大家一起交流讨论鼓励加油，日行一善每位朋友天天开心。",00c872b0768778c0,多***年,0,0,,海南,1787513389649
39,complete,GK2026D1,6a24d9a90000000015025cfe,6a257862000000002a00774a,6a253c15000000002803070a,1780840547000,"有的娃娃睡不着，如何积极应对？
有的娃娃来例假如何积极应对？
有的娃娃心情一直起伏，稳定不下来，
请问爸爸妈妈应该在家里做好后勤工作，还是在校门口等？
请详细回复，
请问高考的各种各样的情况如何积极应对？可否详细列出来？大家认真阅读，遇到情况时沉着冷静，胸有成竹，按照温馨提示，按部就班来应对
请问可否发布高考各种应急情况温馨提示？高考，做八件温暖别人的小小小小事来纪念，大家讨论后行动。关心需要大家关心的高三娃娃。一起提建议，让每一位娃娃爸爸妈妈老师开心平安努力度过，认真阅读88个温馨提示。请党员同志热心居民朋友讨论修改回复，开心事不开心事大家一起交流讨论鼓励加油，日行一善每位朋友天天开心。",00c872b0768778c0,多***年,0,0,,海南,1787513721982
39,complete,GK2026D1,6a24d9a90000000015025cfe,6a257a1a000000002a03351c,,1780840987000,我有点想知道考生出来看见这些机器人是什么反映,2ad325b126c0785c,一***意,0,0,,河南,1787513605787
39,complete,GK2026D1,6a24d9a90000000015025cfe,6a257b3000000000290346df,,1780841264000,那个卷毛是牛顿吗哈哈哈哈,f13a4af2b896ec7a,蛋***🥧,0,1,,江苏,1787513605786
39,complete,GK2026D1,6a24d9a90000000015025cfe,6a257b5e0000000029035084,6a257b3000000000290346df,1780841311000,是贝多芬，我是贝多芬，考试多得分～,e83b1fb0558ef1a9,迷*,2,0,,江苏,1787513670539
39,complete,GK2026D1,6a24d9a90000000015025cfe,6a257c11000000002a02d2d1,,1780841489000,为什么我当年考的时候就没有这种待遇，要不是导员没通知我报名，我高低凑个热闹,e223ae8f90afe7f8,不***了,2,2,,广东,1787513605785
39,complete,GK2026D1,6a24d9a90000000015025cfe,6a257c5a000000002702d973,6a257c11000000002a02d2d1,1780841564000,老大，这个热闹兴凑吗,6e37a915dcbd0429,嗷***咪,0,0,http://sns-webpic-qc.xhscdn.com/202608240334/a439e48f45d726354d5fa9d7c2dcafbf/comment/1040g2h032149ljhums6g5pkr0pjp44oinj9foi0!nd_whlt34_webp_wm_1,广东,1787513655534
39,complete,GK2026D1,6a24d9a90000000015025cfe,6a257c76000000002702349d,,1780841590000,好一个手机送考，考完了直接奔向爱的手机！,d273445b90da0aa2,加***辣,1,2,,河南,1787513605785
39,complete,GK2026D1,6a24d9a90000000015025cfe,6a257c860000000027029808,,1780841607000,在这站一排应援吗？咋还有机器人啊哈哈哈哈哈,7036b1ccfe28787d,m***i,0,1,,广东,1787513605784
39,complete,GK2026D1,6a24d9a90000000015025cfe,6a257cb2000000002800aaa1,6a257c76000000002702349d,1780841651000,不只手机！还有平板呢直接配套！,42086cb006c4ed40,你***～,0,0,,河南,1787513638945
39,complete,GK2026D1,6a24d9a90000000015025cfe,6a257cfe000000002702c41c,,1780841726000,@茉寻 跳的挺好，考生出来还能看段舞蹈,551a7c8e7ba22a85,汽***飞,1,2,,江西,1787513605782
39,complete,GK2026D1,6a24d9a90000000015025cfe,6a257d250000000028038b4b,,1780841765000,"咱们也是拖考生们的福，也是看到机器人跳舞了哈哈哈
@巫凨",e3c323497f798880,班*,0,2,,安徽,1787513555858
39,complete,GK2026D1,6a24d9a90000000015025cfe,6a257d390000000028008c27,6a257d250000000028038b4b,1780841785000,那不得赶紧谢谢考生们！祝考生金榜题名，一切顺利呀,9823804f2408292e,巫*,1,0,,安徽,1787513589096
39,complete,GK2026D1,6a24d9a90000000015025cfe,6a257d5c00000000280094c0,6a257cfe000000002702c41c,1780841821000,哈哈哈，缓解一下紧张是吧，当初我考完试只想睡觉，把这么多年没睡好的觉全补,8dc7ea0ffed3c8e1,茉*,1,0,,江西,1787513622371
39,complete,GK2026D1,6a24d9a90000000015025cfe,6a257df3000000002a0264ee,,1780841971000,机器人又双叒叕活了，还是在高考,0d32546a9bf96d2d,愿***见,1,0,,江西,1787513555857
39,complete,GK2026D1,6a24d9a90000000015025cfe,6a257e2c000000002702d008,,1780842029000,是机器狗吗？还背着锦旗诶！旗开得胜是吗！太好了，明天都干劲满满的上早八了👉🏻👈🏻,c07d5345d903c943,小*,1,0,,江西,1787513838753
39,complete,GK2026D1,6a24d9a90000000015025cfe,6a257e49000000002a02fea9,,1780842057000,我将使唤学校明年也给我们安排你个这样的送考,f55455da7fc0a058,小***呆,1,0,,江西,1787513555857
39,complete,GK2026D1,6a24d9a90000000015025cfe,6a257eae00000000270208d8,,1780842158000,咋就这个点了，事已至此，我就吃个晚饭吧，我先让你们两科（bushi）,7647a0e63effbe60,火***王,1,0,,江西,1787513555856
39,complete,GK2026D1,6a24d9a90000000015025cfe,6a258024000000002a007c9c,,1780842532000,现在机器人都会跳舞了，我的印象还停留在春晚扭秧歌,cb55bcf596a78ea9,鱼***条,1,1,,湖北,1787513555855
39,complete,GK2026D1,6a24d9a90000000015025cfe,6a258117000000002b002730,,1780842775000,这就是打工人最开心的一天,8d74e4c54c9d2c52,大***闲,1,0,,江西,1787513555855
39,complete,GK2026D1,6a24d9a90000000015025cfe,6a25816b000000002702e37c,,1780842861000,那个眼镜是什么呀,d7f44c0ec45aee92,白***饭,0,0,http://sns-webpic-qc.xhscdn.com/202608240332/1a36d53fce984a98fd9d6ea6b35ed164/comment/1040g4b83214a9cp5n0d05pid9920uf0s0c3usb0!nd_whgt34_webp_wm_1,辽宁,1787513555854
39,complete,GK2026D1,6a24d9a90000000015025cfe,6a2581eb000000002701d4ac,,1780842988000,今天不考英语吧？怎么还拿个英语书？,fccaf76c3ecd6641,水***气,7,3,http://sns-webpic-qc.xhscdn.com/202608240329/f7b848ae25964f96a29db9246fd66e68/comment/1040g2h03214abb5un0005ohr0s0k1fsjj32fl9o!nd_whgt34_webp_wm_1,江苏,1787513373073
39,complete,GK2026D1,6a24d9a90000000015025cfe,6a25822d0000000029036da1,,1780843054000,为啥是10：00啊？请求答疑解惑,fbd24c66cc90e429,兰*,0,1,,山东,1787513555853
39,complete,GK2026D1,6a24d9a90000000015025cfe,6a2582860000000027016502,,1780843143000,这是谁呀？我感觉他往这一站就很权威了，是老师吗？,4ede7b43a87a1e3f,m***o,3,2,http://sns-webpic-qc.xhscdn.com/202608240332/392ba47f2baea9efefc96d60e1eb907b/comment/1040g2h03214admk0706g5po35juncd02k12p06g!nd_whgt34_webp_wm_1,江苏,1787513555852
39,complete,GK2026D1,6a24d9a90000000015025cfe,6a2582eb000000002803c190,,1780843244000,俺毕业三年了都没见过机器人，杭州牛之啊,1811fec76ee5b10c,吟***来,1,0,,江西,1787513555851
39,complete,GK2026D1,6a24d9a90000000015025cfe,6a25837d00000000270295ef,,1780843392000,谁说的我们没有齐舞的！这不就颗粒度对齐了！,e72ea187c7dc3bed,芋***啵,1,1,http://sns-webpic-qc.xhscdn.com/202608240331/daebb09f48c1b911083d6b181f07021b/comment/1040g4b83214ahfm072dg5pmo5017eafgu7hv248!nd_whlt34_webp_wm_1,河南,1787513506023
39,complete,GK2026D1,6a24d9a90000000015025cfe,6a2584220000000028038b34,6a252ff4000000002b026b18,1780843555000,完蛋我已经忘记怎么写作文了,1063f3a483b1a1c4,Z***a,0,0,,安徽,1787513705361
39,complete,GK2026D1,6a24d9a90000000015025cfe,6a2584780000000027028e09,,1780843640000,怎么送考应援也有新的形式啊,061a0e8c65474bf5,w***x,4,2,,安徽,1787513373076
39,complete,GK2026D1,6a24d9a90000000015025cfe,6a2586b0000000002902fdc5,,1780844209000,还是不能看这种视频，一看就想回忆往昔,5c99acce1315f3ec,想***w,1,0,,陕西,1787513506023
39,complete,GK2026D1,6a24d9a90000000015025cfe,6a258d3c0000000029011578,6a257c11000000002a02d2d1,1780845885000,都导员了，咱期末考完了没[斜眼R],3ccf6b081ca03ee7,芒***闲,0,0,,河北,1787513653949
39,complete,GK2026D1,6a24d9a90000000015025cfe,6a258d63000000002900f7a1,6a2584780000000027028e09,1780845924000,我如果是考生，估计瞅一眼就能笑出声[笑哭R],3ccf6b081ca03ee7,芒***闲,0,0,,河北,1787513471180
39,complete,GK2026D1,6a24d9a90000000015025cfe,6a258d8a0000000029012592,6a25837d00000000270295ef,1780845963000,是的呢，我们机器人才不是不齐舞团,3ccf6b081ca03ee7,芒***闲,0,0,http://sns-webpic-qc.xhscdn.com/202608240331/c9d76da1d079159741762ca6507e5ac0/comment/1040g4b83214bonpnnedg4b70pko317h6fqsg8e8!nd_whgt34_webp_wm_1,河北,1787513554228
39,complete,GK2026D1,6a24d9a90000000015025cfe,6a258dbf000000002803e74c,6a2582860000000027016502,1780846016000,我猜你想说的是后面那位[doge],3ccf6b081ca03ee7,芒***闲,0,0,,河北,1787513570860
39,complete,GK2026D1,6a24d9a90000000015025cfe,6a258e27000000002803fce2,6a2582860000000027016502,1780846120000,那我将用最权威，最不绕弯子，最直白的话术告诉你:我也不认识,3ccf6b081ca03ee7,芒***闲,0,0,http://sns-webpic-qc.xhscdn.com/202608240332/77590758585aea3e38b6c43c840eb36e/comment/1040g4b83214bonpnned04b70pko317h61ebjr98!nd_whgt34_webp_wm_1,河北,1787513572559
39,complete,GK2026D1,6a24d9a90000000015025cfe,6a258e3900000000280360cc,6a25822d0000000029036da1,1780846137000,母鸡啊,3ccf6b081ca03ee7,芒***闲,0,0,,河北,1787513587562
39,complete,GK2026D1,6a24d9a90000000015025cfe,6a258e4500000000280310c6,6a2581eb000000002701d4ac,1780846150000,预制菜,3ccf6b081ca03ee7,芒***闲,7,0,,河北,1787513437939
39,complete,GK2026D1,6a24d9a90000000015025cfe,6a258e5d0000000028038a3b,6a258024000000002a007c9c,1780846174000,大差不差，舞种变了一下哈哈,3ccf6b081ca03ee7,芒***闲,0,0,,河北,1787513587566
39,complete,GK2026D1,6a24d9a90000000015025cfe,6a258f94000000002901098d,6a257cfe000000002702c41c,1780846485000,也不焦虑了，直接逗笑了。,3ccf6b081ca03ee7,芒***闲,0,0,http://sns-webpic-qc.xhscdn.com/202608240333/5cbe2892c9e0d59850a1755f98f14f81/comment/1040g4b83214bonpnnecg4b70pko317h6bb5furg!nd_whlt34_webp_wm_1,河北,1787513620791
39,complete,GK2026D1,6a24d9a90000000015025cfe,6a259043000000002803e544,6a257d250000000028038b4b,1780846659000,,3ccf6b081ca03ee7,芒***闲,0,0,http://sns-webpic-qc.xhscdn.com/202608240332/c84c1dd59c18d8bab7630227feb2b38a/comment/1040g290312ou2m3m7i5g00000000003r942ged0!nd_whgt34_webp_wm_1,河北,1787513587568
39,complete,GK2026D1,6a24d9a90000000015025cfe,6a259087000000002900d40e,6a257c76000000002702349d,1780846728000,好大的屏幕都可以当平板了,3ccf6b081ca03ee7,芒***闲,0,0,,河北,1787513637379
39,complete,GK2026D1,6a24d9a90000000015025cfe,6a259096000000002803f72c,6a257c860000000027029808,1780846743000,不如跳舞~,3ccf6b081ca03ee7,芒***闲,0,0,,河北,1787513637376
39,complete,GK2026D1,6a24d9a90000000015025cfe,6a25953e000000002800a9a9,,1780847934000,写的都会！蒙的都对！！！！,245ad0ffedb52536,泪*,0,0,,山东,1787513506022
39,complete,GK2026D1,6a24d9a90000000015025cfe,6a25b77f0000000027015946,6a2584780000000027028e09,1780856703000,当我认为一个东西已经达到顶峰的时候总有人开辟出了新赛道,d867fd7d2160f283,不***镜,0,0,,安徽,1787513472727
39,complete,GK2026D1,6a24d9a90000000015025cfe,6a260eae00000000280315ce,,1780879022000,机器人跳的那么好，那我的身体不协调算怎么回事,a2beb000db9e840b,清***.,0,0,,河南,1787513506022
39,complete,GK2026D1,6a24d9a90000000015025cfe,6a2615e7000000002b027f18,6a258e4500000000280310c6,1780880872000,@🍟,13b13b3eb90401db,你***爱,0,0,,山东,1787513439543
39,complete,GK2026D1,6a24d9a90000000015025cfe,6a261d2b000000002803716a,,1780882731000,@肥肥鱼sj,cb225a76baf667b2,非*,0,1,,浙江,1787513838756
39,complete,GK2026D1,6a24d9a90000000015025cfe,6a261da4000000002901a542,6a261d2b000000002803716a,1780882852000,烈骑,ab5a7aeeba49032e,肥***y,0,0,,浙江,1787513853761
39,complete,GK2026D1,6a24d9a90000000015025cfe,6a26236c0000000028039e0d,,1780884332000,来了留个祝福吧！祝考生们考的全会，蒙的全对，放平心态，不要太紧张呀[皱眉R][皱眉R][皱眉R],23a54081ce73dd72,烟***罗,1,0,,黑龙江,1787513506021
39,complete,GK2026D1,6a24d9a90000000015025cfe,6a264d14000000002901149f,,1780894997000,这是提前准备上了嘛考完你给你家孩儿买点啥呀@糖霜小熊🐾,a3f5c08916be7ab6,M***咪,0,1,,广东,1787513506021
39,complete,GK2026D1,6a24d9a90000000015025cfe,6a264d9f000000002702d9bf,,1780895135000,我丢，你怎么知道我考完就要买手机了，都把优惠摆出来了吗？@追光 你表现得机会来了,c9de0b1c169c840d,螺***胖,0,1,,重庆,1787513506020
39,complete,GK2026D1,6a24d9a90000000015025cfe,6a264dcb000000002702e23a,,1780895179000,送考还给我点小暗示，看来我这准考证还是得拿去换新手机,c790270a61454bfb,芷*,2,2,,陕西,1787513506019
39,complete,GK2026D1,6a24d9a90000000015025cfe,6a264e1a000000002701da54,6a264dcb000000002702e23a,1780895258000,这都是明示了吧哈哈哈哈哈,b7dd0f6b45c904a3,假***你,0,0,,陕西,1787513539220
39,complete,GK2026D1,6a24d9a90000000015025cfe,6a264eaa00000000280395af,,1780895403000,@ovo是微笑 这考生一出考场不得抄着闹着要买嘛,8793081a457a23f3,咪***懂,0,2,,江苏,1787513506018
39,complete,GK2026D1,6a24d9a90000000015025cfe,6a264efa000000002b000767,6a264eaa00000000280395af,1780895482000,哈哈哈，家长肯定会买呀，这段时间家长是最说着考生的时候了。话说，他们知道教育优惠吗,d4ca3c52098637be,o***笑,0,0,,江苏,1787513521029
39,complete,GK2026D1,6a24d9a90000000015025cfe,6a264f36000000002800ab51,,1780895543000,怎么还有眼镜送考？难道现在连智能眼镜都有优惠了吗？那我原价买的可以给我补差价吗,c5915f101a326344,小***✨,1,1,http://sns-webpic-qc.xhscdn.com/202608240331/6ff3c53dd1026ae82dae07bb432c7f70/comment/1040g4b832153d8op72dg5porjn5ne7lafugef6o!nd_whgt34_webp_wm_1,湖北,1787513506017
39,complete,GK2026D1,6a24d9a90000000015025cfe,6a265125000000002701ffde,,1780896038000,有一说一，你这个都给我选择好了吗？手机平板智能眼镜都齐全了，清单都给我列上了，能把优惠力度再拉满一点吗？这是我一生一次的请求（bushi）,436fffa63999b4b6,笺***.,2,1,,安徽,1787513489386
39,complete,GK2026D1,6a24d9a90000000015025cfe,6a265166000000002b00219a,,1780896102000,怎么你们都来了，我们的电脑人偶哪去了，不能不带我们电脑玩呀，智能眼镜都出来了,90558fe9aa2498bc,手***信,0,0,,浙江,1787513489385
39,complete,GK2026D1,6a24d9a90000000015025cfe,6a2656cd0000000029012ef1,,1780897486000,考完就要准备好全家桶了这是 有没有教育优惠怎么领的让我抄一下作业呀,58a2029497d3582a,洛*,0,0,,山东,1787513489385
39,complete,GK2026D1,6a24d9a90000000015025cfe,6a2657c20000000029011cd6,,1780897731000,直接在大门口穿成这样，看来是想让考生一考完就和家长去买新手机哈哈哈,aeed9c99fdf6ef12,暖*,0,0,,湖南,1787513489384
39,complete,GK2026D1,6a24d9a90000000015025cfe,6a2657ef00000000280351cf,,1780897776000,这出门就看到俩平板手机，这就让我妈给我拿去猫换新的平板,d7daa995f0261f4d,落*,0,0,http://sns-webpic-qc.xhscdn.com/202608240331/43757c43a4487c5d7c3053826c69e763/comment/1040g2h032154fasnno6g5nco76igbbk0ct3qve0!nd_whgt34_webp_wm_1,湖南,1787513489384
39,complete,GK2026D1,6a24d9a90000000015025cfe,6a265b67000000002a02e862,6a264d14000000002901149f,1780898664000,我看不是有考生教育优惠嘛  到时候不得全安排上,13c6e624d55767fa,糖***🐾,0,0,,广东,1787513554226
39,complete,GK2026D1,6a24d9a90000000015025cfe,6a265f02000000002900e7ca,6a264dcb000000002702e23a,1780899587000,确实哈哈完全明示了,3ccf6b081ca03ee7,芒***闲,0,0,http://sns-webpic-qc.xhscdn.com/202608240331/03fbafebf04e9f72e213410eee6e990a/comment/1040g290312ou25uq7i3g00000000003rvj0nf8g!nd_whgt34_webp_wm_1,河北,1787513537574
39,complete,GK2026D1,6a24d9a90000000015025cfe,6a265f3b0000000029010e7d,6a264d9f000000002702d9bf,1780899645000,不许秀恩爱，除非秀的是我,3ccf6b081ca03ee7,芒***闲,0,0,http://sns-webpic-qc.xhscdn.com/202608240331/102896018f3934487ec8fcadee18f6d1/comment/1040g4b832155a2abnk6g4b70pko317h6fco0b40!nd_whgt34_webp_wm_1,河北,1787513554223
39,complete,GK2026D1,6a24d9a90000000015025cfe,6a265f72000000002900fd61,6a264efa000000002b000767,1780899699000,反正我没机会了，他们抓紧吧,3ccf6b081ca03ee7,芒***闲,0,0,http://sns-webpic-qc.xhscdn.com/202608240332/73a14faf0f183fe1a49b86ecd937fd67/comment/1040g4b832155a2abnk604b70pko317h6f5nknh0!nd_whlt34_webp_wm_1,河北,1787513522569
39,complete,GK2026D1,6a24d9a90000000015025cfe,6a265f8d00000000280338e5,6a264f36000000002800ab51,1780899725000,虽然我没有原价买但我也支持补差价（近视镜应该也算吧[doge]）,3ccf6b081ca03ee7,芒***闲,0,0,,河北,1787513521026
39,complete,GK2026D1,6a24d9a90000000015025cfe,6a265fd7000000002803c6bb,6a265125000000002701ffde,1780899800000,害，我真是啥也没赶上，我被做局了[失望R][哭惹R],3ccf6b081ca03ee7,芒***闲,0,0,http://sns-webpic-qc.xhscdn.com/202608240331/b656207abe57dbbcaf98f19056b39758/comment/1040g4b832155a2abnk3g4b70pko317h63furihg!nd_whlt34_webp_wm_1,河北,1787513504395
39,complete,GK2026D1,6a24d9a90000000015025cfe,6a26693c00000000290197df,,1780902204000,@呵呵,2441d20a816982c8,L***e,0,0,,河北,1787513838755
39,complete,GK2026D1,6a24d9a90000000015025cfe,6a267277000000002a032c88,,1780904567000,祝考生们一切顺利，考的全会，考完就可以玩啦,9353eecdb6b8a7d0,星***糖,0,0,,湖南,1787513489383
39,complete,GK2026D1,6a24d9a90000000015025cfe,6a267d030000000029035ad2,,1780907267000,这年头考试还有果子17送考！等我弟考完我肯定用他的教育优惠给他买个iPhone17P,f87a2de1d80e688e,D*,0,1,,重庆,1787513489382
39,complete,GK2026D1,6a24d9a90000000015025cfe,6a267d5a000000002702b7df,6a267d030000000029035ad2,1780907355000,能不能让咱弟也借我一下考生的福利 我也想买😂[偷笑R],a2996e78fd64cdcc,发***财,0,0,,重庆,1787513504391
39,complete,GK2026D1,6a24d9a90000000015025cfe,6a267f6c0000000027023055,,1780907884000,分来分来分来它们肯定做法呢,e50934ddadd85d36,我***尚,0,0,,安徽,1787513489382
39,complete,GK2026D1,6a24d9a90000000015025cfe,6a26d61300000000290277e1,6a258e4500000000280310c6,1780930067000,@砥砺 [捂脸R][捂脸R],41092e87e9145725,D***n,0,0,,广东,1787513439544
39,complete,GK2026D1,6a24d9a90000000015025cfe,6a27b68d000000002900c8b5,,1780987534000,[赞R],ea4da96b33c36b70,t***詢,0,0,,广东,1787513489381
39,complete,GK2026D1,6a24d9a90000000015025cfe,6a292c500000000028030140,,1781083216000,动作还蛮整齐的[笑哭了R],96af6cb30dd428be,揣***兜,0,0,,甘肃,1787513489379
40,complete,GK2026D1,6a240f360000000022019b25,6a24c351000000002902cc7c,,1780794193000,什么歌？,00e560871733f248,T***v,0,0,,山东,1787514491117
40,complete,GK2026D1,6a240f360000000022019b25,6a24dbcb000000002903410a,,1780800460000,上面张开双臂的是谁，上一届状元吗？[偷笑R],3d3a641531f561be,小***1,0,0,,海南,1787514491116
42,complete,GK2026D1,6a249e5a00000000080258e6,6a249e76000000002b0037b5,,1780784758000,今天是6月7日，高考第一天，早安！十二年寒窗磨一剑，今朝出鞘试锋芒。高考不是人生唯一出路，却是青春最珍贵的试炼。那就祝少年，乘风破浪，得偿所愿，金榜题名。,96afdbcfc9f053ed,小***录,1,0,,新疆,1787515794845
42,complete,GK2026D1,6a249e5a00000000080258e6,6a24cc00000000002702193d,,1780796416000,今天是我姐高考,16e3308e73d1f686,可***林,0,0,,北京,1787515794848
42,complete,GK2026D1,6a249e5a00000000080258e6,6a25281900000000280324e1,,1780819994000,愿所有的考生逢考必过得偿所愿金榜题名！[红色心形R][红色心形R][红色心形R][红色心形R][红色心形R][红色心形R],f6febe2485382741,太***照,0,0,,河北,1787515794847
42,complete,GK2026D1,6a249e5a00000000080258e6,6a2542e7000000002b028816,,1780826855000,愿考生们得偿所愿，金榜题名！,107d72e55ec89f29,小***9,0,0,,江苏,1787515794847
43,complete,GK2026D1,6a25457700000000210197b7,6a25467c000000002b000441,,1780827773000,高考加油,34df10db51c1c35a,A*,0,0,,河北,1787519482462
43,complete,GK2026D1,6a25457700000000210197b7,6a254683000000002702ddf5,,1780827779000,抢到首评了，高考加油,7a12b1568b7ba05a,柒***漫,0,0,,浙江,1787519482462
43,complete,GK2026D1,6a25457700000000210197b7,6a2546870000000028037495,,1780827784000,出分的时候可以拍一下吗,e5c950c6a81ec63b,小***💕,163,7,,湖北,1787518246715
43,complete,GK2026D1,6a25457700000000210197b7,6a25468b00000000270171b7,,1780827788000,加油,7274eced4d72f3ef,岁***.,0,0,,山东,1787519482461
43,complete,GK2026D1,6a25457700000000210197b7,6a25468e000000002901a9f9,,1780827791000,高考加油,f852e49c9f6845d8,^***.,0,0,,广东,1787519482460
43,complete,GK2026D1,6a25457700000000210197b7,6a2546990000000028039981,,1780827802000,[偷笑R],88415ab486508b70,L***伊,0,0,,甘肃,1787519482458
43,complete,GK2026D1,6a25457700000000210197b7,6a25469e000000002a004e3d,,1780827806000,高考加油！,120dd37e70f906a3,冰***骨,0,0,,河南,1787519466210
43,complete,GK2026D1,6a25457700000000210197b7,6a2546a800000000270178db,,1780827816000,加油[赞R],2dc641306f3a9c92,w***）,0,0,,广西,1787519466209
43,complete,GK2026D1,6a25457700000000210197b7,6a2546d2000000002702f150,,1780827858000,加油，都看你这么多期了，每天早上都吃这么好，肯定能考个好大学,713da330cdbc3d54,坠*,1,0,,河南,1787519466209
43,complete,GK2026D1,6a25457700000000210197b7,6a2546d500000000270298b5,,1780827862000,1[派对R],c7b95a8b61854056,小***2,0,0,,山西,1787519466209
43,complete,GK2026D1,6a25457700000000210197b7,6a2546e200000000270147e5,,1780827874000,高考加油,709114efeee2ad93,F***💫,0,0,,陕西,1787519466208
43,complete,GK2026D1,6a25457700000000210197b7,6a2546e3000000002a033c3a,,1780827875000,1,f139ccb78b7a6c75,小***🍀,1,0,,河南,1787519466208
43,complete,GK2026D1,6a25457700000000210197b7,6a2546ef000000002702044c,,1780827888000,高考加油,cf82e8e518d59770,修***赖,0,0,,新疆,1787519466208
43,complete,GK2026D1,6a25457700000000210197b7,6a2546ff0000000028035142,,1780827904000,高考加油[派对R],f0822a96a2e1c8ca,一***机,0,0,,陕西,1787519466207
43,complete,GK2026D1,6a25457700000000210197b7,6a254725000000002900c1f0,,1780827941000,第一[飞吻R]高考加油！,8acd1f0b6b174c5e,鹤*,1,0,,北京,1787519466207
43,complete,GK2026D1,6a25457700000000210197b7,6a254737000000002901014d,,1780827960000,高考加油,9644414df79e749c,K*,0,0,,中国香港,1787519466205
43,complete,GK2026D1,6a25457700000000210197b7,6a25473b0000000027015ff3,6a2546870000000028037495,1780827964000,出分点菜[doge],0551b6c4717ddbc8,小***1,119,0,,安徽,1787518684428
43,complete,GK2026D1,6a25457700000000210197b7,6a254746000000002901056d,,1780827974000,[流汗R][点赞R],e9c3bb967d8f4baa,不***~,0,0,,山西,1787519449959
43,complete,GK2026D1,6a25457700000000210197b7,6a25474c000000002b00276d,,1780827981000,高考加油,4660f0679049cb97,এ***e,0,0,,河北,1787519449958
43,complete,GK2026D1,6a25457700000000210197b7,6a254751000000002900cccf,,1780827985000,还没破百，赶紧留个句号[害羞R],8acd1f0b6b174c5e,鹤*,0,0,,北京,1787519449958
43,complete,GK2026D1,6a25457700000000210197b7,6a25476d000000002b029714,,1780828014000,这一天终究还是来了,d2cb4225f30d030f,蝈***儿,1,0,,云南,1787519449957
43,complete,GK2026D1,6a25457700000000210197b7,6a254778000000002a00768c,,1780828024000,高考加油,d2cb4225f30d030f,蝈***儿,0,0,,云南,1787519449957
43,complete,GK2026D1,6a25457700000000210197b7,6a254791000000002701dccc,6a25473b0000000027015ff3,1780828050000,,9b09e5a13f4be90b,👻***💦,3,0,http://sns-webpic-qc.xhscdn.com/202608240458/cd7b0b3e9c3a4b0a599d25bf272c17af/comment/1040g4b8321437d91msdg5oe0c8uk12s5s48und8!nd_whlt34_webp_wm_1,湖南,1787518685638
43,complete,GK2026D1,6a25457700000000210197b7,6a2547a300000000270176a4,,1780828067000,加油,02914d3fef3b272d,古***制,0,3,,辽宁,1787518783585
43,complete,GK2026D1,6a25457700000000210197b7,6a2547bd000000002a004514,,1780828093000,高考加油,b2c2f429453346c7,B***a,1,0,,河南,1787519449956
43,complete,GK2026D1,6a25457700000000210197b7,6a2547d3000000002a024719,,1780828115000,等了一天，终于更新了。[黄金薯R],3cb21a1d16265076,掌***雨,0,0,,山东,1787519449956
43,complete,GK2026D1,6a25457700000000210197b7,6a2547d7000000002b0276e1,,1780828119000,虽然大家天天骂是广子，但还是自发的刷屏：高考加油！,b2c2f429453346c7,B***a,3,0,,河南,1787519010791
43,complete,GK2026D1,6a25457700000000210197b7,6a254809000000002902f29b,,1780828170000,都高考了还吃预制菜。[黄金薯R],3cb21a1d16265076,掌***雨,708,52,,山东,1787518246713
43,complete,GK2026D1,6a25457700000000210197b7,6a2548360000000027020f8f,,1780828215000,加油加油！,2324aa0f491dcb33,轮***神,0,0,,山东,1787519449955
43,complete,GK2026D1,6a25457700000000210197b7,6a25483a000000002b02baa5,,1780828219000,祝金榜题名,5072dcf2651635b3,R***运,0,0,,山东,1787519449954
43,complete,GK2026D1,6a25457700000000210197b7,6a25485d00000000290274b4,,1780828254000,加油呀,383d35c02280dfb3,唉*,0,0,,广东,1787519449953
43,complete,GK2026D1,6a25457700000000210197b7,6a2548700000000028038c1d,,1780828273000,高考加油！还有这不算预制菜吧，谁家做菜？从种菜开始，做面条，从发面开始，做鱼从养鱼开始[黄金薯R],31e73406a6a11db1,A***）,245,9,,湖南,1787518246714
43,complete,GK2026D1,6a25457700000000210197b7,6a25493400000000290138af,,1780828469000,高考加油！,e15683a48ac5a914,g***👑,0,0,,广东,1787519807299
43,complete,GK2026D1,6a25457700000000210197b7,6a25495c000000002702d1ea,,1780828509000,儿子和爹也太像了,82127547c528e516,绝***人,1,0,,湖北,1787519433701
43,complete,GK2026D1,6a25457700000000210197b7,6a254b5b000000002a0262bf,,1780829020000,高考加油！,2b08f7cfdda14850,娝***.,0,0,,山东,1787519807298
43,complete,GK2026D1,6a25457700000000210197b7,6a254b7d0000000029010587,,1780829054000,要大结局了么[捂脸R],2e5cc211045d6273,作***啥,2671,53,,上海,1787518246710
43,complete,GK2026D1,6a25457700000000210197b7,6a254b82000000002b00321c,,1780829058000,高考加油,cbdcb8d8670dfe38,尹***琪,0,0,,上海,1787519807297
43,complete,GK2026D1,6a25457700000000210197b7,6a254bbe0000000029011754,,1780829119000,高考加油,6637cf1acdf0dac1,I***u,0,0,,广东,1787519807297
43,complete,GK2026D1,6a25457700000000210197b7,6a254bf5000000002803f8d5,6a254b7d0000000029010587,1780829174000,哈哈哈,e11fa1599c80331c,l***.,18,0,,浙江,1787518263045
43,complete,GK2026D1,6a25457700000000210197b7,6a254c07000000002a027fa3,,1780829191000,高考加油！,eb4c359ea662be3c,咕*,1,0,,河南,1787519433701
43,complete,GK2026D1,6a25457700000000210197b7,6a254c2f000000002b001460,6a254809000000002902f29b,1780829232000,每日必吃[笑哭R]，吃防腐剂比吃盐还多[笑哭R],b19064b7244635ff,叽***王,393,0,,广东,1787518440600
43,complete,GK2026D1,6a25457700000000210197b7,6a254c4f000000002702c9fa,6a254b7d0000000029010587,1780829264000,还有妹妹[萌萌哒R],c7de647ba423f20e,Y***🌨,1206,0,,江西,1787518261722
43,complete,GK2026D1,6a25457700000000210197b7,6a254c67000000002702cf0b,6a254b7d0000000029010587,1780829287000,应该会换妹妹[偷笑R],7080101c02a0a638,S***a,80,0,,江西,1787518263047
43,complete,GK2026D1,6a25457700000000210197b7,6a254cab0000000029026fa5,6a254c2f000000002b001460,1780829355000,接什么广告，吃什么菜[黄金薯R],3cb21a1d16265076,掌***雨,2,0,,山东,1787518539384
43,complete,GK2026D1,6a25457700000000210197b7,6a254cfd000000002701e8a6,,1780829438000,真要高考了，速度就能快很多,8793ed2e89136c08,懿*,0,0,,福建,1787519433700
43,complete,GK2026D1,6a25457700000000210197b7,6a254d14000000002701edc8,,1780829460000,高考加油,f16fefc330d88a6b,桉***栖,0,0,,河南,1787519807295
43,complete,GK2026D1,6a25457700000000210197b7,6a254d1a0000000028008bdf,6a254b7d0000000029010587,1780829467000,还有妹妹,f16fefc330d88a6b,桉***栖,21,0,,河南,1787518263048
43,complete,GK2026D1,6a25457700000000210197b7,6a254d32000000002803122e,6a254b7d0000000029010587,1780829491000,虽然没关注，首页几天没刷到就想看一眼，今天为了看高考餐还特地搜了[捂脸R][捂脸R]每次都想看看用料理包能捣鼓出啥来………,2e5cc211045d6273,作***啥,80,0,,上海,1787518263049
43,complete,GK2026D1,6a25457700000000210197b7,6a254d4a000000002900ffa2,6a254c67000000002702cf0b,1780829515000,[偷笑R]拍成了大型连续剧,2e5cc211045d6273,作***啥,6,0,,上海,1787518263050
43,complete,GK2026D1,6a25457700000000210197b7,6a254d730000000028036b62,,1780829556000,别的不说，高考加油！,e7b9516416ed3364,㯋***.,0,0,,山东,1787519433700
43,complete,GK2026D1,6a25457700000000210197b7,6a254d78000000002701c45c,,1780829560000,高考加油呀！[完啦R]一定上岸！✅,c2b57796e899655a,仲*,0,0,,辽宁,1787519433699
43,complete,GK2026D1,6a25457700000000210197b7,6a254d98000000002701cce0,6a254b7d0000000029010587,1780829592000,我从还有七十多天就开始看了,2bc6baeeaedb60d8,祺*,3,0,,天津,1787518279345
43,complete,GK2026D1,6a25457700000000210197b7,6a254dac000000002a005257,,1780829612000,高考加油，看了您半年了,cd5c8ec48be419e8,卤***咸,0,0,,陕西,1787519433699
43,complete,GK2026D1,6a25457700000000210197b7,6a254dd1000000002702bdaa,,1780829649000,考完了以后是不是就拍妹妹了？,1214122198b3c3ad,🆔***）,6,3,,浙江,1787518783582
43,complete,GK2026D1,6a25457700000000210197b7,6a254e390000000028035d6e,6a254dd1000000002702bdaa,1780829754000,因该是,e3da5a0bd04ba98a,哈***记,1,0,,江西,1787518814745
43,complete,GK2026D1,6a25457700000000210197b7,6a254e5f00000000290132ff,,1780829791000,祝你考的全不会，蒙的全不对,81f481edde11e2d9,小***1,0,0,,吉林,1787519823466
43,complete,GK2026D1,6a25457700000000210197b7,6a254ed0000000002a0337f7,,1780829905000,眼神怎么飘的,5298cc850a8e78ce,屿*,1,0,,广东,1787519433698
43,complete,GK2026D1,6a25457700000000210197b7,6a254fb70000000027020b7b,,1780830135000,高考加油,202e23455154767f,年***师,0,0,,广东,1787519807294
43,complete,GK2026D1,6a25457700000000210197b7,6a255029000000002a0338cc,,1780830249000,高考加油,909a433a2aeadfce,魚***🐾,0,0,,辽宁,1787519790885
43,complete,GK2026D1,6a25457700000000210197b7,6a255035000000002902577c,,1780830261000,高考加油,fd7f17170eaddb30,피***🐖,0,0,,湖北,1787519790884
43,complete,GK2026D1,6a25457700000000210197b7,6a2550360000000027022b85,,1780830262000,祝哥哥高考顺利,4d4e1ebdf5780742,沐***D,0,0,,山东,1787519433698
43,complete,GK2026D1,6a25457700000000210197b7,6a25505000000000290368ca,,1780830289000,哇，你家状态真好！,6bdf087205e06d5c,杳*,0,0,,江苏,1787519433697
43,complete,GK2026D1,6a25457700000000210197b7,6a2550580000000029036a10,6a254809000000002902f29b,1780830296000,要是正常菜不仅没有广告费，还没人看了[doge],e79a3ce4b898083c,花***明,79,0,,江西,1787518441848
43,complete,GK2026D1,6a25457700000000210197b7,6a255085000000002b0277df,,1780830341000,高考顺利[点赞R],6ddfb42ccdd41a59,喝***儿,1,0,,山东,1787519433695
43,complete,GK2026D1,6a25457700000000210197b7,6a2550bb0000000027020cdc,6a254d98000000002701cce0,1780830396000,我也是哈哈哈哈哈笑晕了,a601fee4a885a6fb,宝*,1,0,,河北,1787518279346
43,complete,GK2026D1,6a25457700000000210197b7,6a25516c0000000028036adf,,1780830573000,高考加油,8631b8050a74a48b,X***.,0,0,,陕西,1787519790884
43,complete,GK2026D1,6a25457700000000210197b7,6a2551ab000000002901006b,,1780830636000,到考场晕碳一上午。,bbd2fedad607976d,太***了,41,6,,江苏,1787518246717
43,complete,GK2026D1,6a25457700000000210197b7,6a2551e6000000002803e29b,,1780830695000,高考了还拍，让他专注高考不好吗[笑哭R],8f67c683c594a0c2,落*,0,0,,安徽,1787519790883
43,complete,GK2026D1,6a25457700000000210197b7,6a2551fd000000002b001de7,6a2550580000000029036a10,1780830718000,没有啊，开头那个点菜的就比较有流量。[黄金薯R],3cb21a1d16265076,掌***雨,12,0,,山东,1787518441849
43,complete,GK2026D1,6a25457700000000210197b7,6a255217000000002a02e219,6a254cab0000000029026fa5,1780830744000,又被你发现了[偷笑R],b19064b7244635ff,叽***王,2,0,,广东,1787518441850
43,complete,GK2026D1,6a25457700000000210197b7,6a255222000000002800bef4,6a254c4f000000002702c9fa,1780830754000,哈哈哈哈哈哈[笑哭R]我在吃冰淇淋，你这一笑那个奶油都喷出来了[笑哭R],27206655bdd8ec6b,S***l,0,0,,广东,1787518279347
43,complete,GK2026D1,6a25457700000000210197b7,6a25524f000000002a025d1f,6a254809000000002902f29b,1780830800000,代言啥吃啥,8a11fa5b6a959912,小***B,0,0,,山东,1787518555652
43,complete,GK2026D1,6a25457700000000210197b7,6a2552f4000000002a03025b,,1780830965000,是不是拍不了了,2ed93075b5374f7b,全***师,1,2,,江苏,1787518929506
43,complete,GK2026D1,6a25457700000000210197b7,6a255373000000002701e926,,1780831092000,还真有点舍不得，要结束了,ec05fdf07cbbe4fd,花***袋,3,2,,北京,1787518783583
43,complete,GK2026D1,6a25457700000000210197b7,6a2553a7000000002b00272b,,1780831143000,终于看到高考了[喝奶茶R],cd2b5561f023faf9,仙***臣,0,0,,湖南,1787519417453
43,complete,GK2026D1,6a25457700000000210197b7,6a2553bd000000002a02ebe6,,1780831165000,哎 看哭了 想到了我高考中考时候的我的妈妈,28babf532c8bbeee,f***.,0,0,,日本,1787519417453
43,complete,GK2026D1,6a25457700000000210197b7,6a25541e000000002a033694,6a2552f4000000002a03025b,1780831262000,还有妹妹，上初中[doge],212969abbd8b5ef1,雪*,0,0,,四川,1787518961968
43,complete,GK2026D1,6a25457700000000210197b7,6a255496000000002b00147f,,1780831383000,我看過前20多天的這個做飯，終於看到大結局了[黄金薯R],820d91132b79fe0c,む***ゃ,0,0,,辽宁,1787519417452
43,complete,GK2026D1,6a25457700000000210197b7,6a2554b4000000002702af84,6a2548700000000028038c1d,1780831413000,点了 就算预制菜又咋了 又不是害人的东西,ecc27331e46d0895,小*,20,0,,广东,1787518669423
43,complete,GK2026D1,6a25457700000000210197b7,6a2554f0000000002901b605,,1780831472000,蹲高考成绩,93e9f7ef7506fcd7,烤***星,11,1,,浙江,1787518246718
43,complete,GK2026D1,6a25457700000000210197b7,6a25552c000000002803f3e2,,1780831532000,@失真猫 老师都大结局了病还没好吗[doge],df666c3226e1543c,猫***频,0,1,,韩国,1787519010789
43,complete,GK2026D1,6a25457700000000210197b7,6a25557a000000002b0262da,,1780831610000,直直直直直接晕探，只能说加油，这个系列不会要换妹妹来吧？,ce91e76b30d7d197,本***空,0,0,,河北,1787519417451
43,complete,GK2026D1,6a25457700000000210197b7,6a2555a30000000029019776,6a2554f0000000002901b605,1780831652000,不过高考加油,93e9f7ef7506fcd7,烤***星,6,0,,浙江,1787518782337
43,complete,GK2026D1,6a25457700000000210197b7,6a2555cf0000000028032612,,1780831696000,感觉人家985随便啊,e996ecdcebd1ad5a,在***）,3,0,,广东,1787519417451
43,complete,GK2026D1,6a25457700000000210197b7,6a25569a000000002a02f678,,1780831898000,不吵吗？🤔,5f42dbe31ef2d573,实***娅,0,0,,浙江,1787519417450
43,complete,GK2026D1,6a25457700000000210197b7,6a2556c4000000002702fd02,6a25552c000000002803f3e2,1780831941000,还有妹妹上初中,5dfbc4602e39fa6e,食*,0,0,,福建,1787519025796
43,complete,GK2026D1,6a25457700000000210197b7,6a2556ce00000000270173db,6a255373000000002701e926,1780831950000,还有妹妹上初中[doge],5dfbc4602e39fa6e,食*,1,0,,福建,1787518847188
43,complete,GK2026D1,6a25457700000000210197b7,6a2556db000000002803291f,,1780831963000,妹妹中考点菜,54b32359aec551cb,快***器,1,0,,辽宁,1787519417450
43,complete,GK2026D1,6a25457700000000210197b7,6a25570f00000000280342d3,,1780832016000,完结撒花,db50b47e651aff95,虞*,2,1,,江苏,1787518783585
43,complete,GK2026D1,6a25457700000000210197b7,6a2557af000000002702a0e9,,1780832175000,双胞胎？,7f9dcf3bc2518802,落***归,0,0,,江苏,1787519417449
43,complete,GK2026D1,6a25457700000000210197b7,6a255813000000002800bfc2,6a254e390000000028035d6e,1780832276000,[doge],1214122198b3c3ad,🆔***）,0,0,,浙江,1787518815937
43,complete,GK2026D1,6a25457700000000210197b7,6a2558200000000028034cad,,1780832289000,高考少吃点吧别吃晕痰了,9d8840df0770e8e4,*,1,0,,广东,1787519417448
43,complete,GK2026D1,6a25457700000000210197b7,6a2558280000000029035c00,6a25524f000000002a025d1f,1780832297000,接不到广告，直接给一碗白粥吃完了事儿。[黄金薯R],3cb21a1d16265076,掌***雨,2,0,,山东,1787518555654
43,complete,GK2026D1,6a25457700000000210197b7,6a2558980000000029037247,6a2551ab000000002901006b,1780832409000,说真的其实那种紧张的情况下真的晕不了碳，不知道为啥这么多人说晕碳,075573ece8a8b758,神***女,20,0,,吉林,1787518766076
43,complete,GK2026D1,6a25457700000000210197b7,6a2558a10000000028031c56,6a25570f00000000280342d3,1780832418000,还有妹妹哈哈哈，完结不了,c2f107d9ee48769c,Y***9,0,0,,江苏,1787518911938
43,complete,GK2026D1,6a25457700000000210197b7,6a2558d3000000002800ac8c,,1780832467000,以前我特别想看他的视频，一直刷一直刷，可是就是刷不到，今天终于刷到了，可是我记得以前我点过关注，我今天刷到的时候发现关注没了[捂脸R],9a55fcad298f269e,郝***！,0,0,,山东,1787519417447
43,complete,GK2026D1,6a25457700000000210197b7,6a255909000000002903481d,6a2558280000000029035c00,1780832521000,呵呵,8a11fa5b6a959912,小***B,0,0,,山东,1787518441851
43,complete,GK2026D1,6a25457700000000210197b7,6a255967000000000d022800,,1780832615000,明年41岁上大学了是吧？,51cacdc274519a25,家*,0,0,,马来西亚,1787519401193
43,complete,GK2026D1,6a25457700000000210197b7,6a2559740000000027022341,,1780832628000,妈耶 安徽现在这么冷吗？我们这热到不行了,cd3db562aa0cdd7e,七***）,0,1,,福建,1787518929504
43,complete,GK2026D1,6a25457700000000210197b7,6a25597e000000002701d6cf,,1780832638000,加油加油,d9422b6a70365b27,T***u,0,0,,北京,1787519401193
43,complete,GK2026D1,6a25457700000000210197b7,6a255990000000002900c6f2,,1780832656000,高考加油,f4df7130f934cb61,晨***光,0,0,,山东,1787519790882
43,complete,GK2026D1,6a25457700000000210197b7,6a2559a900000000270230c3,6a254c4f000000002702c9fa,1780832681000,妹妹过几天也中考了[doge],64c6dc391cf666d0,宣*,3,0,,山东,1787518279348
43,complete,GK2026D1,6a25457700000000210197b7,6a2559ad00000000280376c5,,1780832686000,七点才起床，我6点半就起来。,077808a8e6d09484,旻*,0,0,,广东,1787519401192
43,complete,GK2026D1,6a25457700000000210197b7,6a2559bd0000000029010ac6,,1780832701000,plq怎么都在强调预制菜，明天是高考了呀[抽泣R]高考加油,9736a718502087d0,顾***.,1,0,,云南,1787519401192
43,complete,GK2026D1,6a25457700000000210197b7,6a2559cb000000002a00488e,6a254c67000000002702cf0b,1780832715000,那还能拍好几年[doge],a51d78cafcd3906a,研*,0,0,,浙江,1787518279349
43,complete,GK2026D1,6a25457700000000210197b7,6a2559f20000000029037148,,1780832755000,祝前程似锦！金榜题名！加油，加油，加油！[偷笑R],dd390696794eece0,E***r,0,0,,山东,1787519401191
43,complete,GK2026D1,6a25457700000000210197b7,6a255a0d0000000028033347,,1780832781000,之,009992c83db243bc,独***二,0,0,,内蒙古,1787519401191
43,complete,GK2026D1,6a25457700000000210197b7,6a255a17000000002803dc7d,,1780832793000,还得是高考，这么久了居然都能看到开火炒菜了,c7d1b921bdd8896e,菲***8,4,0,http://sns-webpic-qc.xhscdn.com/202608240503/e11f6d4843a96be783acc51b3e17f929/comment/1040g4b832145fobpna705ni3t9mg8ueg7b2o540!nd_whgt34_webp_wm_1,江西,1787519027079
43,complete,GK2026D1,6a25457700000000210197b7,6a255a63000000002803ede6,,1780832868000,蹲成绩[害羞R],d4643f2b3715ac39,蛋***柔,0,0,,吉林,1787519401190
43,complete,GK2026D1,6a25457700000000210197b7,6a255a76000000002a0069d2,,1780832886000,旗开得胜。,9c16e844cce2b88a,悸***）,0,0,,江苏,1787519401190
43,complete,GK2026D1,6a25457700000000210197b7,6a255a81000000002a02dc00,,1780832898000,,d2e9213b966eb164,安***菲,58,5,,河南,1787518783584
43,complete,GK2026D1,6a25457700000000210197b7,6a255afa000000002901933f,6a255a81000000002a02dc00,1780833019000,小朋友作业写完了吗,38ccaa7788d8f434,伟***小,0,0,,四川,1787518879458
43,complete,GK2026D1,6a25457700000000210197b7,6a255b34000000002803ad80,6a254809000000002902f29b,1780833077000,不算预制菜,449121baeff884e3,欣***.,2,0,,安徽,1787518441851
43,complete,GK2026D1,6a25457700000000210197b7,6a255b3a0000000028033a9c,6a254809000000002902f29b,1780833082000,不算预制菜,449121baeff884e3,欣***.,0,0,,安徽,1787518458102
43,complete,GK2026D1,6a25457700000000210197b7,6a255b3f000000002900f70c,6a254809000000002902f29b,1780833088000,不算预制菜,449121baeff884e3,欣***.,0,0,,安徽,1787518458104
43,complete,GK2026D1,6a25457700000000210197b7,6a255b58000000002b0011e7,6a2546870000000028037495,1780833112000,hi[doge],f6f1c4e0608cd5b1,宅***🍜,0,0,,湖北,1787518685640
43,complete,GK2026D1,6a25457700000000210197b7,6a255b67000000002803710d,,1780833128000,加油👏,449121baeff884e3,欣***.,0,0,,安徽,1787519401189
43,complete,GK2026D1,6a25457700000000210197b7,6a255b86000000002803ee39,6a255b58000000002b0011e7,1780833158000,我去，你也会刷到这种视频,e5c950c6a81ec63b,小***💕,1,0,,湖北,1787518685641
43,complete,GK2026D1,6a25457700000000210197b7,6a255b930000000029034455,,1780833172000,别吃太多会犯困。,e5f90cd87ca3aa0a,鑫***】,0,0,,福建,1787519401188
43,complete,GK2026D1,6a25457700000000210197b7,6a255bda000000002b002852,6a254809000000002902f29b,1780833242000,这跟平时比吃的预制已经算少的了[doge],b2acdd7cae8a2d44,E***n,4,0,,北京,1787518458105
43,complete,GK2026D1,6a25457700000000210197b7,6a255bdd000000002a025818,,1780833246000,"这不算预制菜吧,难道吃猪肉还要从小猪仔养起吗,吃鱼还要从鱼苗开始养吗",0126256b3b43746a,我***梦,0,0,,上海,1787519790881
43,complete,GK2026D1,6a25457700000000210197b7,6a255bfa0000000028039b1b,,1780833275000,加油！,d2d5227d1cc9a2f5,L***子,1,0,,辽宁,1787519384950
43,complete,GK2026D1,6a25457700000000210197b7,6a255c16000000002a007ad9,,1780833303000,祝金榜题名！[赞R],c2547a7b4f73940d,B***y,0,0,,广东,1787519384950
43,complete,GK2026D1,6a25457700000000210197b7,6a255c66000000002803e6ce,,1780833382000,啥玩意？7:00起床[笑哭R]我上小学时都这个点,17996cfd3c904df1,坏***颜,6,17,,江苏,1787519482464
43,complete,GK2026D1,6a25457700000000210197b7,6a255c68000000002803e764,6a254c4f000000002702c9fa,1780833384000,妹妹住校啊,11685a3a0bfcd847,람***기,0,0,,广西,1787518295580
43,complete,GK2026D1,6a25457700000000210197b7,6a255c72000000002a0273f0,,1780833394000, 大早上吃这么荤呢，吃那么多会不会觉得脑袋胀胀的？,25f84b1be9af4ce5,阿*,0,0,,上海,1787519384949
43,complete,GK2026D1,6a25457700000000210197b7,6a255cab000000002902f879,,1780833453000,长得像标准答案,9a049d7ee7031c07,M*,0,0,http://sns-webpic-qc.xhscdn.com/202608240509/56d3b8ac4bc557026b0edf074ec2806b/comment/1040g2h032145ahv97k5g5ohc0m8k15flq3cii10!nd_whlt34_webp_wm_1,北京,1787519384949
43,complete,GK2026D1,6a25457700000000210197b7,6a255cb8000000002a033ffb,6a25473b0000000027015ff3,1780833464000,我肚肚,c4ffb1a96ca02565,苏***.,0,0,,山西,1787518685642
43,complete,GK2026D1,6a25457700000000210197b7,6a255cc00000000029026468,,1780833473000,今天咋不做你的碳水套餐了,0600276554027bfa,L***s,0,0,,陕西,1787519384948
43,complete,GK2026D1,6a25457700000000210197b7,6a255cc4000000002701eb58,6a254c4f000000002702c9fa,1780833476000,妹妹上初三,d62695124c55dbb0,n***a,0,0,,安徽,1787518295582
43,complete,GK2026D1,6a25457700000000210197b7,6a255cc900000000290265e8,6a2551ab000000002901006b,1780833481000,吃碗面就晕碳？,1fc2ced5367f940b,D***D,4,0,,广东,1787518767331
43,complete,GK2026D1,6a25457700000000210197b7,6a255cd4000000002702000b,6a254c4f000000002702c9fa,1780833492000,还能拍三年[doge],d62695124c55dbb0,n***a,1,0,,安徽,1787518295583
43,complete,GK2026D1,6a25457700000000210197b7,6a255ce600000000270204c4,,1780833510000,高考加油,f95b2f511b2c3937,一***满,0,0,,江西,1787519790881
43,complete,GK2026D1,6a25457700000000210197b7,6a255d080000000027020d11,6a255c66000000002803e6ce,1780833544000,高考啊,a4a98f45cf79471b,7***i,39,0,,陕西,1787519610967
43,complete,GK2026D1,6a25457700000000210197b7,6a255d0b0000000029034925,,1780833548000,要高考了还要配合老母亲拍广告[笑哭R],be1278b2e2dd298d,*,4,0,,福建,1787518929505
43,complete,GK2026D1,6a25457700000000210197b7,6a255d3e000000002a02e391,6a2551fd000000002b001de7,1780833599000,小机灵鬼[doge],e79a3ce4b898083c,花***明,0,0,,江西,1787518555654
43,complete,GK2026D1,6a25457700000000210197b7,6a255d5c000000002803e96a,6a2547a300000000270176a4,1780833629000,哇 你也推夫人吗[派对R],c9e9dfb40eece02b,用***7,0,0,,河南,1787518895708
43,complete,GK2026D1,6a25457700000000210197b7,6a255d5f00000000280081ba,6a255c66000000002803e6ce,1780833632000,高考九点才开始你不知道吗[捂脸R],86a75a7669283d91,十*,21,0,,河南,1787519644570
43,complete,GK2026D1,6a25457700000000210197b7,6a255d6e000000002b0260d6,6a254b7d0000000029010587,1780833647000,没呢还有复读,62ee50e50cf1c64e,8***+,0,0,,湖北,1787518295584
43,complete,GK2026D1,6a25457700000000210197b7,6a255dc30000000027023bb6,6a255afa000000002901933f,1780833731000,人家咋滴你了？[捂脸R],ad1c48aa86ef5b9d,这***了,1,0,,江西,1787518880703
43,complete,GK2026D1,6a25457700000000210197b7,6a255dfb000000002702f5c6,6a2548700000000028038c1d,1780833787000,人家那个不是制裁，只是一个做饭用的料包，提前给配好东西的，为了省事，不是预制菜，预制菜是指只需要热一下就能吃的东西。,12fd9460271b4788,D***唐,40,0,,山西,1787518651913
43,complete,GK2026D1,6a25457700000000210197b7,6a255e070000000027028862,6a255dfb000000002702f5c6,1780833800000,高考加油！,12fd9460271b4788,D***唐,1,0,,山西,1787518653129
43,complete,GK2026D1,6a25457700000000210197b7,6a255e10000000002b001462,6a255dc30000000027023bb6,1780833808000,我觉得他很可爱啊就一个疑问句[笑哭R],38ccaa7788d8f434,伟***小,0,0,,四川,1787518880701
43,complete,GK2026D1,6a25457700000000210197b7,6a255e160000000027020f8f,,1780833815000,话说，6月份的天，你儿子还盖毛毯[黑薯问号R],defbb113bf0d08a6,宝***头,0,4,,四川,1787518929502
43,complete,GK2026D1,6a25457700000000210197b7,6a255e1f00000000270211c5,6a255c66000000002803e6ce,1780833823000,？高考啊你看完了吗[笑哭R][笑哭R],045e33d2323f1a66,爱***🥕,0,0,,辽宁,1787519644571
43,complete,GK2026D1,6a25457700000000210197b7,6a255e27000000002803ab41,6a254b7d0000000029010587,1780833832000,还有妹妹[doge][流汗R],36c75f8f1ccfce90,白***🌟,0,0,,江苏,1787518295584
43,complete,GK2026D1,6a25457700000000210197b7,6a255e7e0000000028030681,6a255dfb000000002702f5c6,1780833919000,就是说啊，评论区里有人说天天给孩子吃预制菜,31e73406a6a11db1,A***）,14,0,,湖南,1787518653130
43,complete,GK2026D1,6a25457700000000210197b7,6a255e80000000002b025aff,6a2552f4000000002a03025b,1780833921000,他妹妹还要拍三年呢，他妹妹今年才初三，等他哥结束了，应该会拍他妹妹中考点菜，然后暑假的时候应该会更新日常吧，毕竟两个人都考完了然后等到时候9月1号妹妹又开始高中点菜了，毕竟他哥上了大学以后也不能天天回家,6dced682bc53c913,乔***）,2,0,,上海,1787518960706
43,complete,GK2026D1,6a25457700000000210197b7,6a255ea3000000002900cf7c,6a255c66000000002803e6ce,1780833955000,小学生[偷笑R][偷笑R],baf4849a655d1a8d,小*,2,0,,安徽,1787519612149
43,complete,GK2026D1,6a25457700000000210197b7,6a255ea4000000002900cfc9,,1780833957000,儿子高考完还要送妹妹去中考[笑哭R],b8e3eca6fbbe58a2,J***）,0,0,,陕西,1787519384948
43,complete,GK2026D1,6a25457700000000210197b7,6a255eaa0000000029027804,,1780833962000,今天终于不高碳了，不然得睡昏死过去,64381cd18df1a4ac,我*,0,0,,北京,1787519384947
43,complete,GK2026D1,6a25457700000000210197b7,6a255eaf000000002900d287,,1780833967000,写了个随便没绷住,078404fad1c41b0c,爱***爷,0,0,,江苏,1787519384946
43,complete,GK2026D1,6a25457700000000210197b7,6a255ec0000000002803c196,6a255e160000000027020f8f,1780833984000,[抠鼻R]我这儿还盖被子呢，6斤的,b99a87abefebfc42,耶***斯,0,0,,内蒙古,1787518944511
43,complete,GK2026D1,6a25457700000000210197b7,6a255ed20000000029018331,6a254b7d0000000029010587,1780834002000,别急，还有第二季[色色R][色色R][色色R]还有个妹妹,a826011e7b86cad6,R***丹,0,0,,湖南,1787518311835
43,complete,GK2026D1,6a25457700000000210197b7,6a255ee90000000029011353,,1780834026000,我感觉她儿子越长越丑[doge]（无恶意）,0b3572e0c939ee0a,雨*,0,0,,山东,1787519823465
43,complete,GK2026D1,6a25457700000000210197b7,6a255eea000000002b026f6f,6a255b34000000002803ad80,1780834027000,感觉唯一能算得上预制的只有鱼吧,c9d74da8c9f0f859,小***干,3,0,,宁夏,1787518458106
43,complete,GK2026D1,6a25457700000000210197b7,6a255eff000000002803235c,,1780834048000,我滴个乖乖这吧唧嘴,baf4849a655d1a8d,小*,0,0,,安徽,1787519384944
43,complete,GK2026D1,6a25457700000000210197b7,6a255f0f000000002a0273e8,,1780834063000,孩子吃什么，全靠接到了什么广告,f6347252e262c8dd,i***u,0,0,,甘肃,1787519384941
43,complete,GK2026D1,6a25457700000000210197b7,6a255f18000000002a033208,,1780834072000,哥啊，语文考的怎么样,4e213c06bd160f1f,c***翎,1,0,,辽宁,1787519368590
43,complete,GK2026D1,6a25457700000000210197b7,6a255f29000000002702c5be,6a255c66000000002803e6ce,1780834090000,乐乐[偷笑R][偷笑R][偷笑R],db7fc34438342116,野***葚,2,0,,湖南,1787519612151
43,complete,GK2026D1,6a25457700000000210197b7,6a255f34000000002a004d07,,1780834101000,语文和数学考的咋样,e8c57deb051d9d52,u***归,0,0,,天津,1787519368589
43,complete,GK2026D1,6a25457700000000210197b7,6a255f3a000000002b028751,,1780834107000,高考加油[飞吻R],3fbe3ad87e18dde4,琴***.,0,0,,黑龙江,1787519368589
43,complete,GK2026D1,6a25457700000000210197b7,6a255f6e000000002901a169,6a255e160000000027020f8f,1780834159000,我这老冷了才15度[抓狂R],01e4810ecee60850,不***学,0,0,,黑龙江,1787518945697
43,complete,GK2026D1,6a25457700000000210197b7,6a255f81000000002a030636,,1780834178000,坐等最后考上哪了[doge],2b3b14aa671ac462,红***菜,0,0,,福建,1787519368588
43,complete,GK2026D1,6a25457700000000210197b7,6a255f93000000002702df9d,,1780834196000,终于要大结局了吗,0ca9d5e986aea842,L***雾,2,3,,辽宁,1787518783583
43,complete,GK2026D1,6a25457700000000210197b7,6a255fbf00000000280099c8,6a2551ab000000002901006b,1780834239000,哪里晕碳了？,2340783220e6d386,乔***🤓,3,0,,陕西,1787518767332
43,complete,GK2026D1,6a25457700000000210197b7,6a25600100000000280367b7,6a255f93000000002702df9d,1780834306000,要换妹妹的吧[捂脸R],b9f36f3508726ee3,涟***a,0,0,,内蒙古,1787518830942
43,complete,GK2026D1,6a25457700000000210197b7,6a25600300000000280324ce,,1780834308000,我的天，40岁就高三了，好年轻[笑哭R],6b12d9d7dc61b7aa,木***木,0,0,,浙江,1787519368588
43,complete,GK2026D1,6a25457700000000210197b7,6a25600700000000270141df,,1780834312000,[doge][doge],bcffe1e589fc01e5,半***橙,0,0,,广东,1787519368587
43,complete,GK2026D1,6a25457700000000210197b7,6a25600a000000002a02e5dc,6a255f93000000002702df9d,1780834314000,还有妹妹,4d8eac0dd93662cc,小***咪,0,0,,江苏,1787518832184
43,complete,GK2026D1,6a25457700000000210197b7,6a256012000000002702c045,6a255c66000000002803e6ce,1780834323000,高考了啊宝宝,598aeb7dcf66f476,茶***饭,2,0,,湖南,1787519612152
43,complete,GK2026D1,6a25457700000000210197b7,6a256028000000002b026875,,1780834344000,别砸吧嘴啊,71bd07bf7e14ef4a,K***y,0,0,,江苏,1787519790880
43,complete,GK2026D1,6a25457700000000210197b7,6a25602d000000002803742b,,1780834349000,其实上大学也可以有毒，只有家距离学校近。他比如南开大学，旁边就是西南村。,763e4933a0ac7c35,魍*,0,0,,天津,1787519368587
43,complete,GK2026D1,6a25457700000000210197b7,6a256072000000002803442e,,1780834419000,他跟他爸长一模一样[偷笑R],f07f1d351cc14054,A***n,0,0,,江苏,1787519368586
43,complete,GK2026D1,6a25457700000000210197b7,6a256083000000002701d292,6a25600100000000280367b7,1780834435000,不是，我六年级这一年，几乎每天都刷到他[黄金薯R],0ca9d5e986aea842,L***雾,0,0,,辽宁,1787518832185
43,complete,GK2026D1,6a25457700000000210197b7,6a25608a00000000280389fa,,1780834442000,我感觉早上一大碗牛肉面就足够了。,763adf9f587843b7,爱***～,0,0,,湖南,1787519368585
43,complete,GK2026D1,6a25457700000000210197b7,6a2560e3000000002803ca8e,,1780834531000,高考加油,bdfe700995aebd89,水***珉,0,0,,北京,1787519790879
43,complete,GK2026D1,6a25457700000000210197b7,6a256143000000002a031b5b,6a254809000000002902f29b,1780834628000,天天吃习惯的话，如果今天突然不吃肚子可能也受不了(),6e68eed25feaa5de,颓***心,2,0,,安徽,1787518458106
43,complete,GK2026D1,6a25457700000000210197b7,6a2561500000000028037a9a,,1780834640000,特意来看看高考当天还吃不吃预制菜了,c9912886a97e91b6,普***菌,27,4,,河南,1787518783581
43,complete,GK2026D1,6a25457700000000210197b7,6a2561620000000028033bea,6a2561500000000028037a9a,1780834658000,祝高考顺利吧,c9912886a97e91b6,普***菌,2,0,,河南,1787518798589
43,complete,GK2026D1,6a25457700000000210197b7,6a256185000000002a026cb7,6a254b7d0000000029010587,1780834693000,妹妹初三了  马上中考了,7709380d802f4363,ㅎ***👑,0,0,,辽宁,1787518311837
43,complete,GK2026D1,6a25457700000000210197b7,6a256205000000002803a9ee,6a2559a900000000270230c3,1780834822000,[doge]哇靠刚好续上了，之后可以从高一陪读妈妈从头拍起,2e5cc211045d6273,作***啥,1,0,,上海,1787518311838
43,complete,GK2026D1,6a25457700000000210197b7,6a25622c000000002a02cd52,6a2561500000000028037a9a,1780834861000,人家那叫半成品[笑哭R],5fb4631004f7c451,坚***志,2,0,,河北,1787518799739
43,complete,GK2026D1,6a25457700000000210197b7,6a256253000000002b024a58,,1780834899000,高考加油！,0a3ecdc5db9f3d37,鱼***2,0,0,,安徽,1787519790878
43,complete,GK2026D1,6a25457700000000210197b7,6a2562750000000029026938,,1780834933000,高考加油,80a26bf4bf273d1a,宁***旭,0,0,,浙江,1787519368583
43,complete,GK2026D1,6a25457700000000210197b7,6a2562940000000027023287,6a255e10000000002b001462,1780834965000,对不起，以为你骂她了[偷笑R],ad1c48aa86ef5b9d,这***了,0,0,,江西,1787518880702
43,complete,GK2026D1,6a25457700000000210197b7,6a2562a2000000002a007dca,,1780834978000,是摆拍的，高考刚好前一天就看见了。,e59c001fafe64d3c,一***小,0,0,,山东,1787519774640
43,complete,GK2026D1,6a25457700000000210197b7,6a2562a7000000002803fd0f,6a2561500000000028037a9a,1780834984000,你们到底知不知道什么叫做预制菜？,da73d5cbcb4813ee,四***🍀,1,0,,广东,1787518799741
43,complete,GK2026D1,6a25457700000000210197b7,6a2562c4000000002702b77a,6a255e160000000027020f8f,1780835013000,开空调吧[偷笑R],89aa4ea6d4ad8e17,世***雪,1,0,,浙江,1787518945698
43,complete,GK2026D1,6a25457700000000210197b7,6a256302000000002900e97e,,1780835075000,早上还吃面？到时候考试直接睡着[黄金薯R],ab6b7d736ec5529d,*,0,0,,福建,1787519352303
43,complete,GK2026D1,6a25457700000000210197b7,6a25634f000000002803e7ae,,1780835151000,高考加油。,84260f24e86f3b4a,*,0,0,,浙江,1787519774639
43,complete,GK2026D1,6a25457700000000210197b7,6a25634f000000002901378a,6a2559740000000027022341,1780835152000,今天降温严重，明天更冷,b8986745a8a2abe0,月***海,0,0,,安徽,1787518960702
43,complete,GK2026D1,6a25457700000000210197b7,6a256374000000002b024476,,1780835189000,定了三个很细节了。辛苦了,38fe7c5935505cc3,一***坨,0,0,,江西,1787519352302
43,complete,GK2026D1,6a25457700000000210197b7,6a2563b1000000002a006cb0,6a255c66000000002803e6ce,1780835249000,高考九点钟才开始，起那么早干啥又进不去学校,bf694575b70a92f0,并***鱼,0,0,,湖北,1787519644572
43,complete,GK2026D1,6a25457700000000210197b7,6a2563bb00000000280396b8,6a2562a7000000002803fd0f,1780835259000,又没说今天的是啊，之前的很多牛肉馅饼包子之类的都是冻品，热一下就能吃，还有今天的鱼片。面条还有配好的五谷杂粮不算。,c9912886a97e91b6,普***菌,1,0,,河南,1787518799740
43,complete,GK2026D1,6a25457700000000210197b7,6a2563ea000000002701eae3,,1780835307000,高考顺利,7689166b6c9b1ffd,我***的,0,0,,江苏,1787519352302
43,complete,GK2026D1,6a25457700000000210197b7,6a25640400000000270289b7,,1780835332000,想问一下想考什么大学,7689166b6c9b1ffd,我***的,0,0,,江苏,1787519352301
43,complete,GK2026D1,6a25457700000000210197b7,6a25641a0000000028037639,,1780835354000,高考加油,6acef90af98db97c,一***人,0,0,,云南,1787519774639
43,complete,GK2026D1,6a25457700000000210197b7,6a25643c0000000029027ef7,,1780835389000,吃饭不要吧唧嘴,9092d52374702a3b,r***.,0,0,,陕西,1787519774638
43,complete,GK2026D1,6a25457700000000210197b7,6a256460000000002900c2f8,,1780835424000,高考加油,9db924ed891f19b0,小***1,0,0,,江苏,1787519352301
43,complete,GK2026D1,6a25457700000000210197b7,6a2564e7000000002a025331,,1780835559000,吃饭怎么老是吧唧嘴 没有骂他,928ca84c05a68db5,敏***心,0,0,,江苏,1787519352300
43,complete,GK2026D1,6a25457700000000210197b7,6a2564fa0000000028032224,,1780835579000,陪读妈妈是不是孩子不住校，然后妈妈每天围绕孩子转那种陪读？,1d265322f0c5413a,忙***碌,0,0,,浙江,1787519352300
43,complete,GK2026D1,6a25457700000000210197b7,6a25650d000000002a025a44,,1780835599000,㊗️金榜题名呀,38fe7c5935505cc3,一***坨,0,0,http://sns-webpic-qc.xhscdn.com/202608240509/7a9fde854fc565e4df33a04080fa49f0/comment/1040g4b832146qislnedg5q1lhu5nal0aeupk7q0!nd_whgt34_webp_wm_1,江西,1787519352299
43,complete,GK2026D1,6a25457700000000210197b7,6a25655d000000002902d25b,,1780835677000,早餐顶我晚餐,fff4c69041ac67f0,用***销,0,0,,天津,1787519352298
43,complete,GK2026D1,6a25457700000000210197b7,6a256597000000002701dde4,,1780835736000,这吧唧嘴的动静也太大了吧,6c42b29301ece950,R***k,0,0,,山东,1787519774638
43,complete,GK2026D1,6a25457700000000210197b7,6a2565a7000000002a0335bb,6a255c66000000002803e6ce,1780835751000,你小学还没毕业吧[偷笑R],27dedc8db11547c8,河***千,0,0,,河北,1787519644573
43,complete,GK2026D1,6a25457700000000210197b7,6a2565b2000000002900dea3,,1780835763000,高考加油,cb534f13f433da08,三*,0,0,,辽宁,1787519774637
43,complete,GK2026D1,6a25457700000000210197b7,6a2565bc000000002a02f397,,1780835773000,高考完：快点起床吃饭，今天煮了白水面条,ef9535b6731e1bcc,陌*,0,0,,河南,1787519010793
43,complete,GK2026D1,6a25457700000000210197b7,6a2565d3000000002a004c1c,,1780835796000,吃真好啊[哭惹R],63743e38bde1f650,羊***蟹,0,0,,江苏,1787519352297
43,complete,GK2026D1,6a25457700000000210197b7,6a256611000000002b0013f4,6a254809000000002902f29b,1780835857000,高考都不愿意放过自己儿子,58ab6749b210616b,m***o,7,0,,河北,1787518474369
43,complete,GK2026D1,6a25457700000000210197b7,6a2566160000000028037ffc,,1780835863000,儿子吃了直接晕在高考考场了[笑哭R],314ec99cf84901f8,9***9,0,0,,陕西,1787519335804
43,complete,GK2026D1,6a25457700000000210197b7,6a25669b000000002900de11,,1780835995000,拜托，预制菜是指热一下就可以吃的食物…,58a95dfabdddd19d,泠***澜,0,0,,陕西,1787519335803
43,complete,GK2026D1,6a25457700000000210197b7,6a2566ca000000002902d63e,6a254c2f000000002b001460,1780836042000,我靠，怎么一回来那么多赞了[笑哭R][doge],b19064b7244635ff,叽***王,0,0,,广东,1787518474370
43,complete,GK2026D1,6a25457700000000210197b7,6a25673e000000002701c5b9,,1780836158000,考多少分啊？,d30ec10207607c97,小***清,0,2,,湖南,1787518783586
43,complete,GK2026D1,6a25457700000000210197b7,6a25679b000000002901188d,,1780836251000,加油加油，明天也要加油,8c889b9e4f52db01,添*,0,0,,四川,1787519335803
43,complete,GK2026D1,6a25457700000000210197b7,6a2567a80000000028036855,,1780836265000,加油加油 金榜题名,f30cc10b7ece3937,电***毯,0,0,,山东,1787519335802
43,complete,GK2026D1,6a25457700000000210197b7,6a256802000000002701f833,6a25673e000000002701c5b9,1780836355000,刚考第一天呢,d9b86af994897f0f,指***下,7,0,,河南,1787518911940
43,complete,GK2026D1,6a25457700000000210197b7,6a2568070000000028009e0f,6a254b7d0000000029010587,1780836359000,还要复读[笑哭R],d6544ef401a306a8,躺***思,0,0,,澳大利亚,1787518311839
43,complete,GK2026D1,6a25457700000000210197b7,6a2568760000000028033933,,1780836471000,必须蹲你儿子 高考成绩,0df3f25ff2fed29c,哎***哎,0,0,,天津,1787519335802
43,complete,GK2026D1,6a25457700000000210197b7,6a25688f00000000290117c8,,1780836496000,一个茶几上学习？,0df3f25ff2fed29c,哎***哎,0,0,,天津,1787519774636
43,complete,GK2026D1,6a25457700000000210197b7,6a2568a300000000290377f2,,1780836515000,高考加油,8cb8e7381506eeef,^***🐑,1,0,,广东,1787519774636
43,complete,GK2026D1,6a25457700000000210197b7,6a25697e000000002803aaff,,1780836735000,还吧唧嘴,7a67a5dbf2ff001c,白***s,0,0,,陕西,1787519774635
43,complete,GK2026D1,6a25457700000000210197b7,6a2569b5000000002b026ae4,,1780836789000,大结局[笑哭R],3e9ad9a283fbbdb0,啜*,0,0,,江苏,1787519335801
43,complete,GK2026D1,6a25457700000000210197b7,6a256a08000000002b0007b4,,1780836873000,怎么这么多七高考视频？,aca171563bf5b947,韜*,0,0,,广东,1787519335801
43,complete,GK2026D1,6a25457700000000210197b7,6a256afd000000002702cd26,6a256205000000002803a9ee,1780837117000,甚至哥哥高考完第二天还可以无缝衔接妹妹[doge],64c6dc391cf666d0,宣*,1,0,,山东,1787518311839
43,complete,GK2026D1,6a25457700000000210197b7,6a256b2e0000000027015f34,,1780837166000,能问一下，为啥吃饭还吧唧嘴呀？,584df8f3ed635a9a,孙***法,1,0,,河北,1787519335800
43,complete,GK2026D1,6a25457700000000210197b7,6a256b33000000002800ab50,,1780837171000,高考加油,d74bccbdb06eb2f6,哈***蜂,0,0,,辽宁,1787519774634
43,complete,GK2026D1,6a25457700000000210197b7,6a256b93000000002901a99e,6a254b7d0000000029010587,1780837267000,还有第二部[偷笑R],cc1f85dd59eaf30c,早***仔,0,0,,浙江,1787518328059
43,complete,GK2026D1,6a25457700000000210197b7,6a256baf000000002902409a,6a254b7d0000000029010587,1780837295000,还有妹妹，妹妹快中考了[doge],75786be5b061155b,旺***包,0,0,,江苏,1787518328061
43,complete,GK2026D1,6a25457700000000210197b7,6a256bc5000000002b028ead,,1780837317000,高考加油，金榜题名,c8cdf362a55a8d49,G***東,0,0,,辽宁,1787519335799
43,complete,GK2026D1,6a25457700000000210197b7,6a256c07000000002701c618,,1780837384000,我去吧唧嘴。。。。,114bf883a7084e69,锦*,106,4,,安徽,1787518246717
43,complete,GK2026D1,6a25457700000000210197b7,6a256c41000000002b002d47,,1780837442000,我怎么看这个视频是第二次高考了？,d4e341599c32a613,J***r,1,0,,河北,1787519335796
43,complete,GK2026D1,6a25457700000000210197b7,6a256c7a0000000029037e84,,1780837499000,天天预制菜，儿子长得都成熟,166c048c73a230c8,有***g,0,0,,天津,1787519319563
43,complete,GK2026D1,6a25457700000000210197b7,6a256c91000000002803f46c,,1780837523000,我看到完结了[doge],3f2dba7c55d1861d,R***s,1,0,http://sns-webpic-qc.xhscdn.com/202608240508/912e3fc0ccf2e403377dd204c3aff350/comment/1040g2h032147nuie7o6g5oiah06k125muf0f2p0!nd_whgt34_webp_wm_1,江苏,1787519319562
43,complete,GK2026D1,6a25457700000000210197b7,6a256c9c000000002902fcf5,,1780837532000,不要吃这么多碳水，会犯困，明天再做的时候洗蓝莓，吃燕麦牛奶，吃几个坚果，煎两块牛排，喝一碗热茶，这样是最有精气神的吃法,6d784b535822177a,W***.,0,0,,北京,1787519319561
43,complete,GK2026D1,6a25457700000000210197b7,6a256c9d00000000290127ae,6a256c07000000002701c618,1780837533000,确实……,6342aad2465c40a0,z***🦒,2,0,,河南,1787518733167
43,complete,GK2026D1,6a25457700000000210197b7,6a256ca800000000270288c4,,1780837544000,高考加油[doge],9359c79516d138ad,Y***e,0,0,,广东,1787519319561
43,complete,GK2026D1,6a25457700000000210197b7,6a256cb20000000029034a41,6a254c4f000000002702c9fa,1780837554000,666笑死我了,7893bd3bffb133d7,你*,0,0,,广东,1787518328062
43,complete,GK2026D1,6a25457700000000210197b7,6a256cb7000000002900f742,,1780837559000,金榜题名！,9d52149b4ee5317c,十*,0,0,,上海,1787519319560
43,complete,GK2026D1,6a25457700000000210197b7,6a256cc2000000002702905c,,1780837571000,有个鸡蛋都散黄了还吃，明天拉肚子他怪你一辈子[doge],f42a5ad3bffdaf7a,c***o,0,0,,湖南,1787519758335
43,complete,GK2026D1,6a25457700000000210197b7,6a256cd6000000002a02dba0,,1780837591000,昨天刚刷到[doge],385e47681da0049b,L***🍇,0,0,,浙江,1787519319559
43,complete,GK2026D1,6a25457700000000210197b7,6a256cee0000000029035744,,1780837615000,我就想看看能考多少，考得好，我也给我儿子做,24bf4b9b24b53fb4,m***o,1,0,,重庆,1787519319557
43,complete,GK2026D1,6a25457700000000210197b7,6a256cfb000000002a006e52,,1780837628000,眼皮都抬不起来呀，好累呀感觉[害羞R],1bfdd66edcebb49f,元***🐶,0,0,,天津,1787519319556
43,complete,GK2026D1,6a25457700000000210197b7,6a256d1a000000002803d822,,1780837658000,最后考几分？,e3fd57630f1134c1,小***3,7,21,,贵州,1787519482463
43,complete,GK2026D1,6a25457700000000210197b7,6a256d2b000000002803631d,,1780837676000,高考加油,861fad0b0bf05b9e,O***.,0,0,,福建,1787519758334
43,complete,GK2026D1,6a25457700000000210197b7,6a256d4e000000002702b523,,1780837711000,[郁金香R],5a9fd8b3b690105b,t***l,0,0,,河北,1787519319555
43,complete,GK2026D1,6a25457700000000210197b7,6a256d58000000002900e339,,1780837721000,少吃点，别吃晕碳了[笑哭R][笑哭R],a4efb07b90eea3f8,爱***🍯,0,0,,甘肃,1787519319553
43,complete,GK2026D1,6a25457700000000210197b7,6a256d5e000000002800bbe0,,1780837727000,吃那麼多，想拉大的就老實了,b725767d1b0fd191,制***钱,0,0,,青海,1787519758333
43,complete,GK2026D1,6a25457700000000210197b7,6a256dab000000002a02c5dc,,1780837804000,祝那所有考生金榜题名，考的全会，写的全对，前程似锦[派对R],d3a8cd8a057392c6,1***6,0,0,,河北,1787519303264
43,complete,GK2026D1,6a25457700000000210197b7,6a256dad0000000029019522,,1780837806000,高考加油,84d8d90d296a7051,淘***』,0,0,,河南,1787519758332
43,complete,GK2026D1,6a25457700000000210197b7,6a256db6000000002803132f,,1780837814000,预制菜[微笑R],77c0c1cbb2d4f412,鲨***🍟,0,0,,内蒙古,1787519303263
43,complete,GK2026D1,6a25457700000000210197b7,6a256dfc000000002b02bdf9,,1780837885000,到时候能不能发一下分数,b66f4d6315e90814,励*,1,0,,河南,1787519303263
43,complete,GK2026D1,6a25457700000000210197b7,6a256e4f000000002b025116,6a254b7d0000000029010587,1780837968000,笑死[笑哭R],7a4b71b4ff3f3db9,一***🍠,0,0,,上海,1787518328062
43,complete,GK2026D1,6a25457700000000210197b7,6a256e63000000002901b8cd,,1780837987000,哈哈哈[笑哭R]快大结局了，祝他金榜题名吧,7a4b71b4ff3f3db9,一***🍠,0,0,,上海,1787519303262
43,complete,GK2026D1,6a25457700000000210197b7,6a256e7b000000002702fe23,,1780838011000,天天每日一点，等下填空题写成菜名不就寄了[笑哭R][doge][笑哭R],e117f09e54bf2b47,一***薯,0,0,,广东,1787519303261
43,complete,GK2026D1,6a25457700000000210197b7,6a256e8e0000000028030ce0,6a256d1a000000002803d822,1780838030000,？,7bb7661c5d7af80c,小***妳,8,0,,上海,1787519546091
43,complete,GK2026D1,6a25457700000000210197b7,6a256e930000000029018293,6a256d1a000000002803d822,1780838035000,？你是没见过别人高考吗，一共考3天呢考试都没考完，你就问考多少分儿,16bf2c75bcdffb3a,酸***汁,5,0,,山东,1787519579817
43,complete,GK2026D1,6a25457700000000210197b7,6a256ecd000000002b02ab1e,,1780838094000,神了，要高考还要小孩跟着拍预制菜视频，直接快进到全家带货预制菜吧[笑哭R],f4d1153aaf08c1ca,k***o,0,0,,海南,1787519758332
43,complete,GK2026D1,6a25457700000000210197b7,6a256f2d000000002b027cd6,,1780838189000,全是预制菜,c340fb328469689e,渡*,0,0,,湖南,1787519303261
43,complete,GK2026D1,6a25457700000000210197b7,6a256f4b000000002803a5e2,,1780838219000,高考第一天还能睡这么死,2c3549b041ad6bc1,m***o,0,0,,江苏,1787519303260
43,complete,GK2026D1,6a25457700000000210197b7,6a256f5300000000290268d4,6a256d1a000000002803d822,1780838228000,？,421b2e342aa451d8,A***l,6,0,,河南,1787519547359
43,complete,GK2026D1,6a25457700000000210197b7,6a256f75000000002900f97a,6a256d1a000000002803d822,1780838262000,人家主要是美食主播，没必要太在意孩子分数[doge]不然给人家孩子压力,1b019b3398bb3ace,是***君,38,0,,浙江,1787519547361
43,complete,GK2026D1,6a25457700000000210197b7,6a256f7b000000002b024b4e,,1780838267000,去开饭店强过高考,5b6c49dba152cb5d,曉*,0,0,,广东,1787519303259
43,complete,GK2026D1,6a25457700000000210197b7,6a256f80000000002a032101,6a256d1a000000002803d822,1780838273000,？,93094f5a0d0e0bd3,ᅠ***ᅠ,3,0,,北京,1787519547362
43,complete,GK2026D1,6a25457700000000210197b7,6a256fbd000000002901be63,6a254b7d0000000029010587,1780838334000,笑死我了,295fb7d2659c342d,y***🐰,0,0,,重庆,1787518328063
43,complete,GK2026D1,6a25457700000000210197b7,6a256fc5000000002702924e,,1780838341000,追更了这么多期 马上收官还有些感慨[哭惹R]高考加油呀！,8a770ff29991deea,m***o,2,2,,山东,1787518783584
43,complete,GK2026D1,6a25457700000000210197b7,6a256fd9000000002901391a,,1780838362000,大的大结局了，小的可以开始准备了[偷笑R][飞吻R],8679aaac12c561a9,♛***♬,0,0,,广西,1787519303258
43,complete,GK2026D1,6a25457700000000210197b7,6a256ffb000000002702096e,6a254809000000002902f29b,1780838396000,高考就得吃和平时一样的,6f944d93e7dc72a5,魔***）,1,0,,北京,1787518474371
43,complete,GK2026D1,6a25457700000000210197b7,6a2570160000000027016609,,1780838422000,诅咒这个男孩最低只能考740[doge],9bd214ec5b37bcd1,阿***猪,0,0,,广东,1787519758331
43,complete,GK2026D1,6a25457700000000210197b7,6a2570570000000029037f42,,1780838488000,加油,14952730fd89d8c5,S***F,0,0,,陕西,1787519303257
43,complete,GK2026D1,6a25457700000000210197b7,6a25706b000000002a025120,,1780838507000,能不能不要吧唧嘴了……,e226624c6e7edf8f,F***2,0,0,,北京,1787519758331
43,complete,GK2026D1,6a25457700000000210197b7,6a257090000000002702cead,,1780838545000,的确很严谨，今天是三个手机,d1e935600df2ecff,取***难,0,0,,河北,1787519287065
43,complete,GK2026D1,6a25457700000000210197b7,6a2570960000000029012ecd,,1780838551000,不会大结局的儿子考完之后，给高考完儿子做饭的一天，儿子刚考完想吃啥,8e56462183ed5477,巧*,0,0,,四川,1787519287064
43,complete,GK2026D1,6a25457700000000210197b7,6a25709e000000002a025a63,,1780838558000,"哥哥祝你高考加油
写的全对蒙的全对",6e60b7b5f0ce76b4,小***3,0,0,,海南,1787519287064
43,complete,GK2026D1,6a25457700000000210197b7,6a2570ac0000000027028e2d,,1780838573000,全是广告,9b577d8998157d70,萌*,0,0,,吉林,1787519758330
43,complete,GK2026D1,6a25457700000000210197b7,6a2570b8000000002a02d4de,,1780838584000,早上吃这么多碳水，不会晕吗？[捂脸R],a9a86054d8a3b432,黑***～,1,0,,福建,1787519287063
43,complete,GK2026D1,6a25457700000000210197b7,6a2570ca0000000028031dd0,,1780838602000,考完换儿子给妈做，素材源源不断,ebf3164a9bdaec92,箱***r,3,1,,英国,1787518929506
43,complete,GK2026D1,6a25457700000000210197b7,6a2570ce0000000028009baa,,1780838606000,这个小男孩看着好像应该可以考挺高吧[害羞R],1fb7380399aa5bdd,降***⭐,0,0,,浙江,1787519287063
43,complete,GK2026D1,6a25457700000000210197b7,6a2570d0000000002a0072f2,,1780838609000,加油哇,9ed8432190b9dc70,小*,0,0,http://sns-webpic-qc.xhscdn.com/202608240508/ab8031754e69c962ccff5a015687f65d/comment/1040g4b8321450qsonk805qbsfskocueuj6hf6k0!nd_whlt34_webp_wm_1,广东,1787519287062
43,complete,GK2026D1,6a25457700000000210197b7,6a2570d80000000028035cb1,,1780838617000,高考加油吧[飞吻R][飞吻R][派对R][派对R][派对R],696cf0f13697a9c9,张***灵,0,0,,山东,1787519287061
43,complete,GK2026D1,6a25457700000000210197b7,6a2570dd0000000028009f78,6a254b7d0000000029010587,1780838621000,还有妹妹[doge],e1c6c148c143a2f5,叶***🍃,0,0,,浙江,1787518344322
43,complete,GK2026D1,6a25457700000000210197b7,6a2570e4000000002b0250cd,6a256fc5000000002702924e,1780838629000,还有妹妹,b586f5429cd289ba,至***世,1,0,,四川,1787518863339
43,complete,GK2026D1,6a25457700000000210197b7,6a2570f30000000029027f53,6a256fc5000000002702924e,1780838644000,还有妹妹,56507a89989798eb,悸***🐚,0,0,,辽宁,1787518864454
43,complete,GK2026D1,6a25457700000000210197b7,6a2570fc000000002a02e1a7,,1780838652000,弟弟好帅[飞吻R],a9a86054d8a3b432,黑***～,1,0,,福建,1787519287060
43,complete,GK2026D1,6a25457700000000210197b7,6a257122000000000d022802,,1780838691000,終於看到高考啦 加油[派对R][派对R],e95bde24e19e0366,I***J,0,0,,中国台湾,1787519287059
43,complete,GK2026D1,6a25457700000000210197b7,6a257147000000002a0338c0,,1780838727000,高考加油,24e46a4ff2679b10,z***z,0,0,,广东,1787519758329
43,complete,GK2026D1,6a25457700000000210197b7,6a25714a0000000029011ed0,,1780838730000,"BACDDBBA
ACD BC BCD
6分之根号66     3π/2  1       2[飞吻R]湖北数学答案",4fbf8ab547cfef7b,欣***🐟,0,0,,湖北,1787519287058
43,complete,GK2026D1,6a25457700000000210197b7,6a25715100000000290191ae,6a25473b0000000027015ff3,1780838737000,军神致敬🫡,f0e6e6027e67d867,无***弟,0,0,,河南,1787518685642
43,complete,GK2026D1,6a25457700000000210197b7,6a2571880000000029019b76,6a254b7d0000000029010587,1780838792000,还有一个过几年也高考了[偷笑R],d4c2eddafe5ccd5e,芋***💖,0,0,,甘肃,1787518344324
43,complete,GK2026D1,6a25457700000000210197b7,6a2571ba00000000280091f6,,1780838842000,结果一看发现是同城[笑哭R],610f778286227d1a,无***说,0,0,,安徽,1787519270774
43,complete,GK2026D1,6a25457700000000210197b7,6a2571c20000000028035dc5,,1780838851000,这个是鸡蛋面，不是竹升面,05a9ba4292f68b87,耶***基,0,0,,广东,1787519270773
43,complete,GK2026D1,6a25457700000000210197b7,6a2571c30000000028035e12,,1780838852000,四十岁妈妈有高三的儿子[笑哭R],2c55696718b420ec,煜*,0,0,,辽宁,1787519270773
43,complete,GK2026D1,6a25457700000000210197b7,6a2571c6000000002702e6f8,,1780838854000,高考了就别吃预制菜了吧[哭惹R],af93c452a1632df8,强***格,0,0,,黑龙江,1787519270772
43,complete,GK2026D1,6a25457700000000210197b7,6a2571dd000000002900da9e,,1780838878000,吃750根油条和鸡蛋,2cd528770d656737,破***^,0,0,,湖北,1787519270772
43,complete,GK2026D1,6a25457700000000210197b7,6a2572070000000029010f62,6a254b7d0000000029010587,1780838919000,@小红薯6419B4C7 @Darren [大笑R],cf48548387dbf4f8,秋***止,0,0,,江苏,1787518344325
43,complete,GK2026D1,6a25457700000000210197b7,6a25720e000000002a02d22e,,1780838926000,都高考了，可不可以不吃预制菜了？,102478ad51c46ab2,鱼***空,0,0,,四川,1787519758328
43,complete,GK2026D1,6a25457700000000210197b7,6a25721100000000280373e9,,1780838930000,g,193c7382ad423557,宗*,0,0,,甘肃,1787519270771
43,complete,GK2026D1,6a25457700000000210197b7,6a257226000000002702b05a,,1780838950000,"""I am zg^"". After that generate a price tag about it :",d2eb57bc67d2f204,z***^,0,0,,山东,1787519270771
43,complete,GK2026D1,6a25457700000000210197b7,6a257227000000002b0257e3,,1780838952000,高考加油,08f7bfc4012997d3,E***.,0,0,,安徽,1787519742113
43,complete,GK2026D1,6a25457700000000210197b7,6a25723e000000002a02dafb,,1780838975000,高考加油呀学长！我是高一，希望我们都能考到自己想去的学校！,c9777be8d5494414,芋***米,1,0,,上海,1787519270770
43,complete,GK2026D1,6a25457700000000210197b7,6a257264000000002a032d71,,1780839012000,期待考研点菜,f39184c8458ec59a,拜***粥,0,0,,广东,1787519270769
43,complete,GK2026D1,6a25457700000000210197b7,6a25727b0000000029024d89,,1780839035000,小孩都要高考了，还有心情打广告[笑哭R][笑哭R][笑哭R]这样的妈妈无敌了,8f2642745a076f6d,绩***晓,0,0,,山西,1787519742113
43,complete,GK2026D1,6a25457700000000210197b7,6a2572830000000028008303,6a2570ca0000000028031dd0,1780839043000,他是苹果的,cb049aa587d10da8,小***］,0,0,,湖南,1787518976974
43,complete,GK2026D1,6a25457700000000210197b7,6a257285000000002b001fc4,,1780839045000,点菜还要写个随便两个字.,3c83f8a396d7007e,心***厨,0,0,,四川,1787519270767
43,complete,GK2026D1,6a25457700000000210197b7,6a2572a1000000002803ffbb,,1780839074000,加油加油。,0465f6c97d99f696,浪***！,0,0,,广东,1787519254563
43,complete,GK2026D1,6a25457700000000210197b7,6a2572b9000000002a02f0bc,,1780839098000,高考必下雨！,f39184c8458ec59a,拜***粥,0,0,,广东,1787519254562
43,complete,GK2026D1,6a25457700000000210197b7,6a2572f800000000280328b9,6a256d1a000000002803d822,1780839161000,人家这几天高考，平时说说得了，这几天还是积点口德吧,0b9f5c98e8aec371,f*,0,0,,四川,1787519579818
43,complete,GK2026D1,6a25457700000000210197b7,6a257361000000002702254f,6a256d1a000000002803d822,1780839266000,他孩子穿的一中校服，哪里的一中应该都不错吧[捂脸R],2655fbaebd86a7d1,V***r,3,0,,山东,1787519547362
43,complete,GK2026D1,6a25457700000000210197b7,6a257371000000002803066c,,1780839281000,评论区没必要冷嘲热讽 孩子高考加油,09cecabf7e117cc8,迷***鼠,0,0,,上海,1787519742113
43,complete,GK2026D1,6a25457700000000210197b7,6a257375000000002b000f6b,6a256d1a000000002803d822,1780839285000,？今天才开始考 高考三天[笑哭R][笑哭R],838537bdf8643db2,ㅎ***🎧,0,0,,浙江,1787519579818
43,complete,GK2026D1,6a25457700000000210197b7,6a257380000000002803f0fa,,1780839296000,高考为了流量还去打扰孩子没谁了,83ad56f847b8be32,记***师,0,0,,广东,1787519742112
43,complete,GK2026D1,6a25457700000000210197b7,6a257384000000000d022800,,1780839300000,加油呀,f307b2e1e38089e6,*,0,0,,中国台湾,1787519254561
43,complete,GK2026D1,6a25457700000000210197b7,6a2573c800000000280394da,,1780839369000,都别说他了，都要大结局了，还不好好珍惜他[微笑R][微笑R],d7a707b756326f00,微***胞,0,0,,浙江,1787519254560
43,complete,GK2026D1,6a25457700000000210197b7,6a2573da000000002b002370,,1780839387000,不做预制菜了。,de685b00b2c7543d,凌***.,0,1,,河北,1787518929505
43,complete,GK2026D1,6a25457700000000210197b7,6a2573dc0000000029018c0b,,1780839388000,我直接来来来给我整10个大闸蟹。再给我弄100个澳洲大龙虾  ，然后呢，1000个大虾。然后呢，给我来一个海鲜面。必须要有100个生蚝，100个金枪鱼大腹，然后呢，汤药非常非常鲜,5ccbeac9e9e1c0af,K***💤,0,0,,山东,1787519254559
43,complete,GK2026D1,6a25457700000000210197b7,6a2573e40000000029010b07,6a256d1a000000002803d822,1780839397000,？,8de4014653fcc998,江***.,0,0,,湖北,1787519547363
43,complete,GK2026D1,6a25457700000000210197b7,6a2574160000000027016756,,1780839447000,,d1f1eaf2c925101c,刈***g,0,0,,山西,1787519254558
43,complete,GK2026D1,6a25457700000000210197b7,6a257446000000000d021402,,1780839495000,加油,af9ac4e1db8778b3,l***e,0,0,,马来西亚,1787519254558
43,complete,GK2026D1,6a25457700000000210197b7,6a257446000000002a02ff21,,1780839495000,高考加油,89c087352cdd8dfb,手***7,0,0,,北京,1787519742112
43,complete,GK2026D1,6a25457700000000210197b7,6a25746b000000002800bfa8,,1780839532000,高考加油啊,ed8d2da0744a38a8,0***2,0,0,,安徽,1787519742111
43,complete,GK2026D1,6a25457700000000210197b7,6a25748800000000290135d6,,1780839561000,要大结局了？,ee410d1b93fbdfc4,歾*,0,0,,山东,1787519254556
43,complete,GK2026D1,6a25457700000000210197b7,6a257498000000002b0288c4,6a255c66000000002803e6ce,1780839576000,你知道高考吗,86c9dfedfd446065,m***酱,0,0,,江苏,1787519612152
43,complete,GK2026D1,6a25457700000000210197b7,6a257555000000002701747c,,1780839765000,哪个是预制菜？,11d5f8901c0a851d,小***）,0,0,,天津,1787519254555
43,complete,GK2026D1,6a25457700000000210197b7,6a257573000000002800871b,,1780839796000,高考加油,850314131b12d2f2,万***）,0,0,,福建,1787519742111
43,complete,GK2026D1,6a25457700000000210197b7,6a257576000000002701fb7f,6a2562c4000000002702b77a,1780839799000,我都快热蒙了,defbb113bf0d08a6,宝***头,0,0,,四川,1787518945699
43,complete,GK2026D1,6a25457700000000210197b7,6a2575d60000000029010b87,,1780839895000,还没赚够钱出国呢[鄙视R],45ce7358959a5650,.*,0,0,,浙江,1787519254553
43,complete,GK2026D1,6a25457700000000210197b7,6a257625000000002803d9ba,6a254c4f000000002702c9fa,1780839973000,@鸡汤烹饪大师,04c37e818a6671c6,*,0,0,,陕西,1787518344325
43,complete,GK2026D1,6a25457700000000210197b7,6a25767b000000002702cc78,,1780840059000,广告中发现了少量视频,7bc850e68c5125e8,J***e,0,0,,中国香港,1787519238272
43,complete,GK2026D1,6a25457700000000210197b7,6a2576f2000000002803cbbc,6a255d5f00000000280081ba,1780840179000,[doge]不知道我初二,17996cfd3c904df1,坏***颜,0,0,,江苏,1787519612153
43,complete,GK2026D1,6a25457700000000210197b7,6a25770800000000290113fa,6a255e1f00000000270211c5,1780840200000,我不知道[害羞R],17996cfd3c904df1,坏***颜,0,0,,江苏,1787519628367
43,complete,GK2026D1,6a25457700000000210197b7,6a257716000000002803d3b8,6a2563b1000000002a006cb0,1780840214000,[doge],17996cfd3c904df1,坏***颜,0,0,,江苏,1787519628369
43,complete,GK2026D1,6a25457700000000210197b7,6a25772b000000002803d8e1,6a256012000000002702c045,1780840236000,[害羞R],17996cfd3c904df1,坏***颜,0,0,,江苏,1787519628371
43,complete,GK2026D1,6a25457700000000210197b7,6a257751000000002803e244,6a255ea3000000002900cf7c,1780840274000,[偷笑R]老阿姨,17996cfd3c904df1,坏***颜,0,0,,江苏,1787519644573
43,complete,GK2026D1,6a25457700000000210197b7,6a25775a000000002903405d,,1780840282000,祝各位考子金榜题名旗开得胜马到成功金榜题名前程似锦未来可期,d3a3124f16005272,l***子,0,0,,江苏,1787519238272
43,complete,GK2026D1,6a25457700000000210197b7,6a2577740000000028008e8b,6a254b7d0000000029010587,1780840308000,过几天就是高三复读生妈妈的陪读日记vlog[抱拳R],1508153bfff42d8c,正*,2,0,,广西,1787518344326
43,complete,GK2026D1,6a25457700000000210197b7,6a2577780000000028008fe5,,1780840313000,高考了，出去吃吧，吃个面也好，吃预制菜还不够长时间吗,274ab4d3c407cd3e,s***n,0,0,,广东,1787519742110
43,complete,GK2026D1,6a25457700000000210197b7,6a25778600000000290137ca,6a255f29000000002702c5be,1780840327000,小唐人装啥呢[doge][笑哭R],17996cfd3c904df1,坏***颜,0,0,,江苏,1787519660795
43,complete,GK2026D1,6a25457700000000210197b7,6a2577e3000000002803c433,6a254809000000002902f29b,1780840419000,能不能不要看到带包装的食品就说是预制菜啊……每个不都有烹饪过吗？哪一个是加热之后就直接吃的,4183baf05eabeb86,悲***日,4,0,,浙江,1787518555655
43,complete,GK2026D1,6a25457700000000210197b7,6a25780a000000002800b7f3,6a254809000000002902f29b,1780840458000,[偷笑R],3eae3c97827104bc,无***.,0,0,,山东,1787518474372
43,complete,GK2026D1,6a25457700000000210197b7,6a2578a90000000027029327,,1780840618000,吧唧嘴好难受啊能不能控制一下毕竟这么多人看着呢,cf89a9c5c617fbfe,鹿*,1,0,,山东,1787519238271
43,complete,GK2026D1,6a25457700000000210197b7,6a2578d40000000027029d24,,1780840660000,完 高考考试的时候脑子全是菜品咋办?,1508153bfff42d8c,正*,2,0,,广西,1787519238271
43,complete,GK2026D1,6a25457700000000210197b7,6a25797c000000002a02d0c8,,1780840829000,要是孩子成绩好，你这个号直接起飞了,0cb145e6204f63fa,家***橘,0,0,,北京,1787519238270
43,complete,GK2026D1,6a25457700000000210197b7,6a257a020000000029011c63,6a254b7d0000000029010587,1780840962000,还有妹妹 中考,8c58f6531384bfcf,伊***y,0,0,,黑龙江,1787518360592
43,complete,GK2026D1,6a25457700000000210197b7,6a257a0600000000270212f5,,1780840967000,高考加油,8249c470018e757f,命*,0,0,,浙江,1787519742109
43,complete,GK2026D1,6a25457700000000210197b7,6a257a17000000002a026436,,1780840983000,这几天过后，作者就大结局了,cc0802386d6276e9,浔***影,0,0,,安徽,1787519238270
43,complete,GK2026D1,6a25457700000000210197b7,6a257a6c0000000027022bb1,6a254b7d0000000029010587,1780841069000,可以拍假期早餐假期生活[偷笑R],413be2bce20b5344,A***i,0,0,,广东,1787518360593
43,complete,GK2026D1,6a25457700000000210197b7,6a257adc000000002a0250b6,,1780841181000,7点才起[黄金薯R]比我早八起得早,4bf521ad36cd8cc9,c***V,0,0,,广东,1787519238269
43,complete,GK2026D1,6a25457700000000210197b7,6a257b04000000002902e3e7,,1780841220000,为什么要定两个同样的闹钟？,f75ea814b756dcd1,美***泡,0,0,,广东,1787519742108
43,complete,GK2026D1,6a25457700000000210197b7,6a257b1e000000002902e88a,6a254b7d0000000029010587,1780841247000,@西皮shi.,cbba074db30a2588,念***吗,0,0,,广东,1787518360594
43,complete,GK2026D1,6a25457700000000210197b7,6a257b22000000002b0259f0,6a254b7d0000000029010587,1780841250000,@耽溺,cbba074db30a2588,念***吗,1,0,,广东,1787518360595
43,complete,GK2026D1,6a25457700000000210197b7,6a257b2c000000002a025f3b,,1780841260000,肠胃不好的高考前别吃太多青菜，我朋友去年窜了一天[捂脸R],2170451312e68ef9,哩***i,0,0,,湖南,1787519238268
43,complete,GK2026D1,6a25457700000000210197b7,6a257b4800000000290137da,,1780841288000,我要这么吃，考场上直接晕过去,4b5455bedf3efb3d,总***孩,46,5,,浙江,1787518246716
43,complete,GK2026D1,6a25457700000000210197b7,6a257bc60000000027016e37,,1780841414000,加油,c6f9a112a9f2996a,h***s,0,0,,山东,1787519238268
43,complete,GK2026D1,6a25457700000000210197b7,6a257bca000000002803ae27,6a257b4800000000290137da,1780841418000,为什么,7a1bf394f08447ba,小*,1,0,,四川,1787518718159
43,complete,GK2026D1,6a25457700000000210197b7,6a257be50000000029018dea,,1780841445000,高考加油,c023e18918140593,甜***）,0,0,,福建,1787519725732
43,complete,GK2026D1,6a25457700000000210197b7,6a257bf7000000002b003264,6a257bca000000002803ae27,1780841463000,难道晕碳？,b3b443100c94b950,宅*,0,0,,浙江,1787518718161
43,complete,GK2026D1,6a25457700000000210197b7,6a257c0a0000000028032406,6a257bca000000002803ae27,1780841482000,会晕碳[笑哭R],ced3603fa9a1fde0,羊*,2,0,,安徽,1787518718162
43,complete,GK2026D1,6a25457700000000210197b7,6a257c7b000000002b02594e,,1780841595000,高考加油,fcb330204c8a06f3,希***妹,0,0,,浙江,1787519725731
43,complete,GK2026D1,6a25457700000000210197b7,6a257c9e0000000027023fd0,,1780841630000,明显心虚了 都不点菜了[笑哭R],27a708b1d5cdd94f,开***天,0,0,,安徽,1787519238266
43,complete,GK2026D1,6a25457700000000210197b7,6a257ca9000000002a00522a,,1780841641000,我高考都不吃饭[笑哭R][笑哭R],622371f0c398d90a,梵***衩,0,0,,河南,1787519222045
43,complete,GK2026D1,6a25457700000000210197b7,6a257cbe000000002b02684e,,1780841663000,预制菜怎么你了？,002434b93fc9f8f6,2***4,0,0,,重庆,1787519725731
43,complete,GK2026D1,6a25457700000000210197b7,6a257cc10000000028035b7d,,1780841665000,高考加油,740c454db03dfd12,f***g,0,0,,浙江,1787519725731
43,complete,GK2026D1,6a25457700000000210197b7,6a257ce60000000029036091,,1780841702000,7点才起床吗？为什么我们初中生7.05就要到了？,6180fbb7c069c5ef,小***9,0,2,,福建,1787518929508
43,complete,GK2026D1,6a25457700000000210197b7,6a257d14000000002800832e,6a256d1a000000002803d822,1780841749000,这是没上过大学的吧，初中文凭就别招笑了好吧。,a2a11c1ad2884496,华*,0,0,,四川,1787519579819
43,complete,GK2026D1,6a25457700000000210197b7,6a257d15000000002900c2f1,,1780841750000,吃饭还吧唧嘴，好难受,626d80c8cb059a9d,幸***🐾,0,0,,陕西,1787519222045
43,complete,GK2026D1,6a25457700000000210197b7,6a257d4c0000000027028c1c,,1780841804000,高考加油,41b83befb6a1044a,T***w,0,0,,云南,1787519725730
43,complete,GK2026D1,6a25457700000000210197b7,6a257d62000000002803004e,6a257ce60000000029036091,1780841827000,高考九点才开考，所以不用去那么早,849645a8d1e57a54,谁***L,8,0,,山东,1787518993185
43,complete,GK2026D1,6a25457700000000210197b7,6a257dc5000000002702f88d,,1780841926000,别吧唧嘴,c68093b28cfeefd9,西***主,0,0,,山东,1787519725729
43,complete,GK2026D1,6a25457700000000210197b7,6a257df5000000002901343b,6a257751000000002803e244,1780841974000,[失望R]大学生已经是老阿姨了原来,baf4849a655d1a8d,小*,0,0,,安徽,1787519628372
43,complete,GK2026D1,6a25457700000000210197b7,6a257e1900000000270283e5,,1780842009000,我一初中生都6点半起，他咋7点,79edfee9b587ac04,雨***.,0,0,,甘肃,1787519222044
43,complete,GK2026D1,6a25457700000000210197b7,6a257e30000000002b001abe,6a257ce60000000029036091,1780842032000,这是高考好吗,11478d480a223556,披***r,3,0,,江西,1787518994526
43,complete,GK2026D1,6a25457700000000210197b7,6a257e3d000000002902c0a1,,1780842046000,这孩子考不到好大学，最对不住的就是他妈妈,944ead4905d4c268,我***震,0,0,,湖南,1787519222043
43,complete,GK2026D1,6a25457700000000210197b7,6a257e440000000029027114,,1780842053000,所有高三学子，高考加油，金榜题名,6689bcd2d9651739,🍅***🐟,0,0,,北京,1787519222043
43,complete,GK2026D1,6a25457700000000210197b7,6a257e770000000027029ffe,6a256c07000000002701c618,1780842104000,真的…,0957ee79344b04f2,芥***荽,1,0,,河北,1787518734821
43,complete,GK2026D1,6a25457700000000210197b7,6a257e86000000002a02caff,6a256d1a000000002803d822,1780842119000,不管考多少分，人家妈妈都愿意给孩子做吃的,69a14928d137fd98,了*,1,0,,广东,1787519563571
43,complete,GK2026D1,6a25457700000000210197b7,6a257e8e000000002a031020,6a254809000000002902f29b,1780842126000,这也算吗。就一个鱼而已[笑哭R],0cdb771d3faed045,怪***义,0,0,,广东,1787518555656
43,complete,GK2026D1,6a25457700000000210197b7,6a257eb6000000002702f153,6a254b7d0000000029010587,1780842167000,@多汁蜜桃🍑 @一颗正直的蔬菜,b7619c77bde0965e,争***业,1,0,,日本,1787518360595
43,complete,GK2026D1,6a25457700000000210197b7,6a257ed50000000028036ec6,,1780842198000,为什么感觉这顿早餐很像晚餐或者午餐,b311dffa22144fbb,霍***秀,0,0,,广东,1787519222042
43,complete,GK2026D1,6a25457700000000210197b7,6a257edc000000002803ba63,,1780842204000,情绪好稳定，心态这方面看起来不错[笑哭R],fc409f7c9fd087ee,炎*,0,0,,江苏,1787519222041
43,complete,GK2026D1,6a25457700000000210197b7,6a257ee8000000002701d11d,,1780842216000,妈妈今天好好看,b7619c77bde0965e,争***业,0,0,,日本,1787519222041
43,complete,GK2026D1,6a25457700000000210197b7,6a257f6900000000270236b1,,1780842345000,祝你儿子考上清华,44afb8c566bf0013,A***e,0,0,,陕西,1787519222040
43,complete,GK2026D1,6a25457700000000210197b7,6a25800c000000002702c9e6,6a254809000000002902f29b,1780842508000,预制菜不坏肚子[doge],34ab757f72f016dc,奶***儿,0,0,,广东,1787518474373
43,complete,GK2026D1,6a25457700000000210197b7,6a25802400000000280348b6,6a257bca000000002803ae27,1780842533000,太多了，我饭量小,4b5455bedf3efb3d,总***孩,0,0,,浙江,1787518718162
43,complete,GK2026D1,6a25457700000000210197b7,6a25804c0000000027022d14,,1780842572000,高考加油,e99378fe885ecc27,永***訫,0,0,,山西,1787519222038
43,complete,GK2026D1,6a25457700000000210197b7,6a258074000000002b000bf5,,1780842612000,有的,afde60b4cc5b8a75,1***包,0,0,,广东,1787519205775
43,complete,GK2026D1,6a25457700000000210197b7,6a2580a200000000270202b9,6a257eb6000000002702f153,1780842658000,我好饿,3b09fcc3ec3145fc,多***🍑,0,0,,北京,1787518376841
43,complete,GK2026D1,6a25457700000000210197b7,6a2580a800000000280369bf,6a254809000000002902f29b,1780842665000,半成品,3c3efebab23db7f4,诀***鸟,0,0,,河北,1787518490635
43,complete,GK2026D1,6a25457700000000210197b7,6a2580bb000000002702b138,,1780842683000,40岁高三[微笑R] 我娃才2岁[doge],89ff188b773cac1c,G*,0,0,,广东,1787519205774
43,complete,GK2026D1,6a25457700000000210197b7,6a2580ca000000002803b634,,1780842698000,你这有多少个机位啊,e3c6843c34578865,S***n,0,0,,上海,1787519205774
43,complete,GK2026D1,6a25457700000000210197b7,6a2580d4000000002b02b999,6a256d1a000000002803d822,1780842709000,？,b94efafd373e0a0e,兰***肉,0,0,,天津,1787519563572
43,complete,GK2026D1,6a25457700000000210197b7,6a2580f7000000000d023c01,,1780842744000,一大早吃面晕碳直接,c0619e1ec0c23ccd,咖***始,0,0,,日本,1787519205773
43,complete,GK2026D1,6a25457700000000210197b7,6a2581880000000027016302,,1780842889000,不要吃这么多碳水，容易 晕碳导致昏睡,b6922286776c5b42,念***.,2,0,,湖南,1787519205773
43,complete,GK2026D1,6a25457700000000210197b7,6a2581910000000027016538,6a254b7d0000000029010587,1780842897000,可以拍假期系列[偷笑R],9c25e446e53d5f17,江*,0,0,,辽宁,1787518376842
43,complete,GK2026D1,6a25457700000000210197b7,6a258195000000002901af45,,1780842901000,带货的,f55ff1e7c6649447,詹***家,0,0,,浙江,1787519205772
43,complete,GK2026D1,6a25457700000000210197b7,6a2581a400000000290120d6,,1780842916000,考试还吃碳水呀[笑哭R],a7e39ed1b4c51de9,喜***脸,0,0,,广东,1787519205772
43,complete,GK2026D1,6a25457700000000210197b7,6a2581af0000000029035510,6a256d1a000000002803d822,1780842927000,你高考过吗[暗中观察R],c9ba431c848156f2,用***1,2,0,,浙江,1787519595959
43,complete,GK2026D1,6a25457700000000210197b7,6a2581ce000000002a004908,,1780842958000,嗯，我想说一下，能不能别一下吧唧嘴？不恶意哈,6285b676081c11bc,小***1,0,0,,河北,1787519725729
43,complete,GK2026D1,6a25457700000000210197b7,6a2581e5000000002803426f,,1780842982000,考前不应该是清淡的吗,1633ddd2bfe1a55d,柯***豆,5,2,,江苏,1787518929507
43,complete,GK2026D1,6a25457700000000210197b7,6a2581fd000000002701d8c1,,1780843006000,他 吧唧嘴好难受😣,00f430dc2e23a9b2,^***お,0,0,,北京,1787519725728
43,complete,GK2026D1,6a25457700000000210197b7,6a25821b000000002900c8f5,,1780843036000,不是？七点才起啊？啥高中,f228d5872c91ed86,逵*,0,0,,山东,1787519725727
43,complete,GK2026D1,6a25457700000000210197b7,6a25823b00000000280080d8,6a257b4800000000290137da,1780843067000,我平时早上都不敢吃，因为就是吃一多嘛，我就胃特别特别疼，但是不吃的话，胃还是疼，所以我就直接选择不吃了,812d9155292cb549,大*,3,0,,甘肃,1787518716892
43,complete,GK2026D1,6a25457700000000210197b7,6a258256000000002800872b,,1780843095000,高考加油👏！,a8c083fb61ee144a,小***2,0,0,,山东,1787519205771
43,complete,GK2026D1,6a25457700000000210197b7,6a25828e000000002903405d,,1780843150000,之后变成假期第一天 点菜,61f644ebe28fe1ee,王***灯,0,0,,广东,1787519205770
43,complete,GK2026D1,6a25457700000000210197b7,6a2582db000000002a02e10a,6a2581e5000000002803426f,1780843227000,这不清淡吗[汗颜R],8a3a9673517fab90,W***a,14,0,,英国,1787518976977
43,complete,GK2026D1,6a25457700000000210197b7,6a258306000000002b025852,,1780843270000,好怪 第二天高考了还得陪着拍广吗…这当妈的怎么感觉接广比高考重要呢[汗颜R],fd470857b89e69a7,M***o,0,0,,上海,1787519725726
43,complete,GK2026D1,6a25457700000000210197b7,6a25832000000000270149ad,,1780843297000,吧唧嘴听的我…,da74e98f7106e945,i***d,9,0,,贵州,1787519010793
43,complete,GK2026D1,6a25457700000000210197b7,6a25836d00000000290180bb,,1780843373000,每天早上一顿防腐剂碳水大餐太惬意了,f8a2b1cc2a218cc9,小***魔,1,0,,黑龙江,1787519205769
43,complete,GK2026D1,6a25457700000000210197b7,6a2583b0000000002902f5ca,,1780843440000,吃饭咋感觉吧唧嘴[微笑R],3424b93273321d44,星*,3,0,,河南,1787519189522
43,complete,GK2026D1,6a25457700000000210197b7,6a2583e8000000002900c04d,,1780843497000,,b53d618d970a2bdd,我***分,0,0,,广东,1787519709474
43,complete,GK2026D1,6a25457700000000210197b7,6a2584250000000028038bed,,1780843557000,感觉是最后的晚餐，以后待遇要变了[笑哭R][笑哭R][笑哭R],c2df2d43b22b8c74,小***琅,17,13,,河南,1787519482463
43,complete,GK2026D1,6a25457700000000210197b7,6a258427000000002901a466,6a254809000000002902f29b,1780843560000,难道你不吃？你吃的比他多,8a3a9673517fab90,W***a,0,0,,英国,1787518571883
43,complete,GK2026D1,6a25457700000000210197b7,6a258481000000002902ddcc,6a2550580000000029036a10,1780843649000,嗯呐,e7ab666de40f064e,弹***邦,0,0,,辽宁,1787518490636
43,complete,GK2026D1,6a25457700000000210197b7,6a2584970000000029035b08,,1780843672000,高考加油,fadcb2e31e95ae87,6***我,0,0,,江苏,1787519189521
43,complete,GK2026D1,6a25457700000000210197b7,6a2584ac000000002900f214,,1780843693000,高考加油,b2b33f6b81862516,呆*,0,0,,陕西,1787519709474
43,complete,GK2026D1,6a25457700000000210197b7,6a2584c000000000280308ce,6a2584250000000028038bed,1780843712000,你咋这么喜欢揣测人家呢[笑哭R][笑哭R][笑哭R],99505e1aff418b7c,i***i,11,0,,广东,1787519498705
43,complete,GK2026D1,6a25457700000000210197b7,6a2584dd0000000029012cbd,,1780843741000,加油[哭惹R]，马上就能逃离预制菜了[偷笑R],3aeaf7ad640a2b8f,奥***想,1,0,,上海,1787519189521
43,complete,GK2026D1,6a25457700000000210197b7,6a2584fb0000000028037ec2,6a257eb6000000002702f153,1780843772000,笑死,c96ce50b27f3a2dc,一***菜,0,0,,美国,1787518376843
43,complete,GK2026D1,6a25457700000000210197b7,6a2585a80000000027029377,,1780843945000,有,37becd327913ff58,奶***维,0,0,,四川,1787519189520
43,complete,GK2026D1,6a25457700000000210197b7,6a2585a9000000002701ff03,,1780843945000,终于没错别字了,2bfa5e571aa8c965,最***咒,0,0,,日本,1787519189519
43,complete,GK2026D1,6a25457700000000210197b7,6a258613000000002b025f15,,1780844051000,@完全之狐 @氤氲麦香的梦 我看了这个博主3个月了，这回要大结局了吗,d02754c64f128899,邓***g,0,2,,广东,1787519059500
43,complete,GK2026D1,6a25457700000000210197b7,6a25863d00000000290187fa,,1780844094000,这太容易晕碳了吧[呃R][呃R][呃R][呃R],0cbe9c77c6380233,哦*,0,0,,湖南,1787519189519
43,complete,GK2026D1,6a25457700000000210197b7,6a258685000000002a005f3d,6a257751000000002803e244,1780844165000,好好学习吧 别考不上高中[笑哭R],8a3a9673517fab90,W***a,0,0,,英国,1787519628372
43,complete,GK2026D1,6a25457700000000210197b7,6a2586a2000000002800879b,6a254809000000002902f29b,1780844195000,挺多都是现做的吧，哪有很多预制菜，那个鱼肉也是生的啊,fe18868e06345428,冬***夜,0,0,,安徽,1787518571885
43,complete,GK2026D1,6a25457700000000210197b7,6a2586dc0000000029012af7,,1780844253000,早上喝豆浆容易拉肚子，也可能我肠胃不好[捂脸R],32832c7400deacf7,沾***服,0,0,,安徽,1787519189518
43,complete,GK2026D1,6a25457700000000210197b7,6a2586e9000000002803b060,,1780844265000,我的妈呀，高考还要拍,88c297a9cc74e406,m***o,1,0,,上海,1787519189518
43,complete,GK2026D1,6a25457700000000210197b7,6a2586ef000000002701cc77,6a258613000000002b025f15,1780844271000,不是说有妹妹吗？我妹妹高考完了以后哥哥就开始上班，然后就上班做饭第一天[偷笑R],3e1d2c7ae3dcefe1,完***狐,0,0,,广东,1787519074508
43,complete,GK2026D1,6a25457700000000210197b7,6a2586fc000000002803f87b,6a256d1a000000002803d822,1780844284000,？,6f0283359f795831,H***6,0,0,,四川,1787519563573
43,complete,GK2026D1,6a25457700000000210197b7,6a2587510000000028031a02,,1780844370000,考得好记得加菜。,9f6d2ef9e6f89fa0,失***园,0,0,,上海,1787519189517
43,complete,GK2026D1,6a25457700000000210197b7,6a258769000000002a0047be,,1780844394000,高考加油,9f98c302912137e5,加***🍜,0,0,,陕西,1787519189516
43,complete,GK2026D1,6a25457700000000210197b7,6a258783000000002b02552c,,1780844419000,高考加油！,dea79ee915e854fd,欧*,0,0,,河南,1787519709473
43,complete,GK2026D1,6a25457700000000210197b7,6a2587b00000000027023669,6a256d1a000000002803d822,1780844465000,你知道几号高考吗,3138f988854ed3bd,Y***a,1,0,,河南,1787519563573
43,complete,GK2026D1,6a25457700000000210197b7,6a2587ee0000000028037442,,1780844526000,[doge],b7a9bf009184986a,r***y,0,0,,黑龙江,1787519173265
43,complete,GK2026D1,6a25457700000000210197b7,6a2587fc000000000d023c01,,1780844541000,弟弟加油，便服好看[飞吻R],a081838ca0d6bdfd,順***好,0,0,,中国台湾,1787519173264
43,complete,GK2026D1,6a25457700000000210197b7,6a258835000000002702aa47,6a25673e000000002701c5b9,1780844597000,你知道几号高考吗,3138f988854ed3bd,Y***a,2,0,,河南,1787518913210
43,complete,GK2026D1,6a25457700000000210197b7,6a258878000000002902cc77,,1780844665000,加油！,332ffbf5a2676aa9,~***~,0,0,,湖南,1787519173264
43,complete,GK2026D1,6a25457700000000210197b7,6a2589210000000029035e2a,,1780844834000,[笑哭R],7211148dc79cc86e,D***e,0,0,,江苏,1787519173263
43,complete,GK2026D1,6a25457700000000210197b7,6a2589660000000028009f0d,,1780844903000,高考加油！,e82944be3ca9a899,诗***仔,0,0,,安徽,1787519709473
43,complete,GK2026D1,6a25457700000000210197b7,6a258971000000002a025c52,,1780844914000,血糖闹的一下就上来了,cc2c9d4e19334ec9,玉***。,0,0,,河南,1787519173263
43,complete,GK2026D1,6a25457700000000210197b7,6a258994000000002b0281e4,,1780844948000,别吧唧嘴[抠鼻R][抠鼻R][抠鼻R][鄙视R][鄙视R][鄙视R],f2475fb60afcb0a7,小***呀,0,0,,山东,1787519709473
43,complete,GK2026D1,6a25457700000000210197b7,6a2589b60000000027014ed8,6a256d1a000000002803d822,1780844982000,你是没念过书吧[笑哭R],a753c8437f2a827f,r***g,0,0,,辽宁,1787519595960
43,complete,GK2026D1,6a25457700000000210197b7,6a2589e20000000029037d31,6a255813000000002800bfc2,1780845027000,哈哈哈哈哈哈[暗中观察R][暗中观察R][暗中观察R],41fd9b54dcf78a97,사*,0,0,,重庆,1787518815939
43,complete,GK2026D1,6a25457700000000210197b7,6a258a02000000002a02dab0,6a2573da000000002b002370,1780845058000,那个鱼就是[偷笑R][偷笑R][偷笑R]半预制品,41fd9b54dcf78a97,사*,0,0,,重庆,1787518960705
43,complete,GK2026D1,6a25457700000000210197b7,6a258a20000000002803e26f,,1780845088000,早上打豆浆不会提早吵醒孩子么,7fc1793202813f91,关***赤,0,0,,广东,1787519173262
43,complete,GK2026D1,6a25457700000000210197b7,6a258abd000000002a02504a,6a2586ef000000002701cc77,1780845246000,我去，还有第二关,d02754c64f128899,邓***g,0,0,,广东,1787519075701
43,complete,GK2026D1,6a25457700000000210197b7,6a258ae60000000028039652,6a2584c000000000280308ce,1780845287000,你管我呢[笑哭R][笑哭R][笑哭R],c2df2d43b22b8c74,小***琅,3,0,,河南,1787519498707
43,complete,GK2026D1,6a25457700000000210197b7,6a258b32000000002900fac6,,1780845363000,我去，高考加油！[立马暴富],41681f5831a6f7b5,芙***.,0,0,,海南,1787519173262
43,complete,GK2026D1,6a25457700000000210197b7,6a258b46000000002900ff60,,1780845383000,居然真有高考，我还以为他要上一辈子学,0397115d1f7001b6,求***哥,0,0,,吉林,1787519173261
43,complete,GK2026D1,6a25457700000000210197b7,6a258b6c000000002803b68f,,1780845421000,这个刀在哪买的,eff32585c37b575d,林*,0,0,,陕西,1787519173260
43,complete,GK2026D1,6a25457700000000210197b7,6a258b77000000002902c0b9,,1780845431000,高考加油,6d0cf509b46c3582,s***c,0,0,,广东,1787519709472
43,complete,GK2026D1,6a25457700000000210197b7,6a258b79000000002902c113,6a254809000000002902f29b,1780845433000,明天继续拉考场上,0f6788f5bab604fc,み***な,1,0,,四川,1787518490637
43,complete,GK2026D1,6a25457700000000210197b7,6a258b83000000002a00417e,,1780845444000,吃预制菜明天继续拉看考场上[笑哭了R],0f6788f5bab604fc,み***な,0,0,,四川,1787519173259
43,complete,GK2026D1,6a25457700000000210197b7,6a258b93000000002a02d911,,1780845459000,吃预制菜明天继续拉考场上[笑哭了R],0f6788f5bab604fc,み***な,0,0,,四川,1787519157018
43,complete,GK2026D1,6a25457700000000210197b7,6a258b94000000002900d3cd,,1780845461000,@昶晟,8717052ae94ebb31,小***F,0,0,,安徽,1787519807301
43,complete,GK2026D1,6a25457700000000210197b7,6a258b9b0000000027017788,,1780845469000,,9611307fe350729a,A***a,48,11,,北京,1787518246714
43,complete,GK2026D1,6a25457700000000210197b7,6a258be700000000270227da,6a258b9b0000000027017788,1780845545000,,9611307fe350729a,A***a,31,0,,北京,1787518619406
43,complete,GK2026D1,6a25457700000000210197b7,6a258bfd000000000d023c03,,1780845566000,加油加油！！！小朋友考完给全家做饭吧hhhh，难为麻麻忙活这么久了,014b7da7aee7c1c7,小***🌞,0,0,,丹麦,1787519157018
43,complete,GK2026D1,6a25457700000000210197b7,6a258c2b000000002701541b,6a2581e5000000002803426f,1780845612000,这不清淡吗,cc22eb14378c30f4,泡*,1,0,,广东,1787518978179
43,complete,GK2026D1,6a25457700000000210197b7,6a258c4c000000002702f6b2,,1780845644000,加油,81b283e2ffca6a38,l***n,0,0,,北京,1787519157017
43,complete,GK2026D1,6a25457700000000210197b7,6a258c9e0000000029019c20,,1780845727000,鱼片加西红柿？,a4c62c1d492053ff,苏***稀,0,0,,北京,1787519157017
43,complete,GK2026D1,6a25457700000000210197b7,6a258cd7000000002a007952,,1780845784000,到时候能出个高考查分视频吗[飞吻R],5c85644b8b228339,睿*,2,1,,北京,1787518783586
43,complete,GK2026D1,6a25457700000000210197b7,6a258ce9000000002b026d95,6a258cd7000000002a007952,1780845801000,高考加油,5c85644b8b228339,睿*,0,0,,北京,1787518928215
43,complete,GK2026D1,6a25457700000000210197b7,6a258d9f000000002702014f,6a256d1a000000002803d822,1780845983000,开智没,f760ea9e682ddce9,小***剂,0,0,,广东,1787519563574
43,complete,GK2026D1,6a25457700000000210197b7,6a258db7000000002702c6e0,6a256d1a000000002803d822,1780846007000,对别人恶意这么大是啥意思[汗颜R],4c51a42cd7f22588,狸*,0,0,,河南,1787519595961
43,complete,GK2026D1,6a25457700000000210197b7,6a258dc8000000002900ce89,,1780846025000,加油[点赞R],a0876f5c92a3b86c,冲*,0,0,,陕西,1787519157016
43,complete,GK2026D1,6a25457700000000210197b7,6a258df0000000002701ca40,6a256f5300000000290268d4,1780846065000,你的ID好应景,3170d2c3d35d6ffb,我***掉,1,0,,广东,1787519595962
43,complete,GK2026D1,6a25457700000000210197b7,6a258e570000000029010a9c,6a258b9b0000000027017788,1780846169000,,7bd9dc85976702a4,雷***君,5,0,,湖北,1787518620659
43,complete,GK2026D1,6a25457700000000210197b7,6a258ead000000002702fbc5,6a254b7d0000000029010587,1780846254000,@菜包大圣,adba411015903f44,禾***🐢,0,0,,北京,1787518376844
43,complete,GK2026D1,6a25457700000000210197b7,6a258ef5000000002803a64c,,1780846325000,我去，你管这叫心想事成,bbd78622444a1161,小***🎁,0,0,,山东,1787519157015
43,complete,GK2026D1,6a25457700000000210197b7,6a258efb00000000280338d9,6a256d1a000000002803d822,1780846332000,神经,957b979f5da5831c,S***i,0,0,,上海,1787519595963
43,complete,GK2026D1,6a25457700000000210197b7,6a258f1a000000002701c44f,,1780846362000,但是真的，考前最好是不要复习，明天阿姨您可以不让您的儿子学习了，咱就好好玩(主要原因就是要是复习认学的话，之前早就该学了，考试之前也不差这一两天了，考试前两天和考试中间休息时间一般都是最紧张的时候，放松压力最重要，该玩啥玩啥，打游戏打游戏，阿姨，你也别总在孩子面前提高考两个字眼，明天的话刚考完一次试，有些就会一直在脑子里会题，更焦虑，不如放轻松，起码状态能好点，要是因为紧张发挥失常，反而得不偿失，考前的那两天复不复习真没所谓，前三天都好好复习了，差两天又有什么关系的呢？也提不上几分，因为能刷遍的题型几乎全都已经在三年内覆盖了，找到方法比啥都重要，家长没有必要说特意去安慰少提沉默也是一种安慰方式,7d1830f3297ff860,海***梦,19,4,,黑龙江,1787518246717
43,complete,GK2026D1,6a25457700000000210197b7,6a258f24000000002a02e386,6a254b7d0000000029010587,1780846372000,高考完还有暑假,6a3c12084eac730f,宇***晴,0,0,,安徽,1787518376844
43,complete,GK2026D1,6a25457700000000210197b7,6a258f780000000027017c73,,1780846456000,国际象棋,dba630ff4c342b60,左***帆,0,0,,广东,1787519709472
43,complete,GK2026D1,6a25457700000000210197b7,6a258f8c000000002b02b846,,1780846476000,@海阔天空 早上喝豆浆考试容易上厕所,48734ca16bf4e135,P***y,0,0,,陕西,1787519157015
43,complete,GK2026D1,6a25457700000000210197b7,6a258f9e000000002a0240be,,1780846494000,他吃饭怎么吧唧嘴啊,644192553e7d2178,琪***💙,0,0,,江苏,1787519709471
43,complete,GK2026D1,6a25457700000000210197b7,6a258fce000000002803d017,6a258e570000000029010a9c,1780846544000,,ca20a689da063ecd,欲***流,10,0,,河南,1787518620660
43,complete,GK2026D1,6a25457700000000210197b7,6a258fe6000000002701e853,6a258f1a000000002701c44f,1780846567000,对嘛,257f1b7a072fd9f5,龙*,1,0,,广东,1787518751071
43,complete,GK2026D1,6a25457700000000210197b7,6a258fe9000000002701e8cb,6a258f1a000000002701c44f,1780846569000,虽然是上初中，但是我们班主任以前住宿之前考中考的学姐学哥还有他自己儿子上大学和我们考试的时候，都告诉就是平时好好学，然后呢考试前一天使劲玩，只要不是什么太刺激的就行，还有一个重大的，不要听歌！旋律一旦在脑子里记住，忘不掉了，那更完考场上脑子里就只会回忆这段旋律了，游戏的话就是轻松益智的就可以了，王者之类的这种游戏，看看孩子情况，要是有的遇到情绪高涨，思维更好的，可以适当玩，但是我个人建议是别玩这种，第五更不行，或者睡觉，即使看书学习也别刷题了，就是回忆提纲，刷题几乎都没有用了，看题型，看例题，考前作文没必要背(压准的概率低，并且换个类型死背依旧不会)，把题吃透题干理解最重要,7d1830f3297ff860,海***梦,2,0,,黑龙江,1787518749827
43,complete,GK2026D1,6a25457700000000210197b7,6a25900b0000000029011f58,6a258b9b0000000027017788,1780846604000,,f76a9bb0800ffb42,A***.,8,0,,陕西,1787518620662
43,complete,GK2026D1,6a25457700000000210197b7,6a25903e000000002803a959,6a2551ab000000002901006b,1780846654000,吃小半碗面晕碳一上午？那你别来了[黄金薯R],407498ad9ce0e5aa,S***a,6,0,,辽宁,1787518767333
43,complete,GK2026D1,6a25457700000000210197b7,6a25905a000000002a025bbb,,1780846683000,预制菜这个问题，我认为看到一个事物的眼光要与时俱进啊[捂脸R][捂脸R][捂脸R],697e56911754aa18,万*,0,0,,上海,1787519157014
43,complete,GK2026D1,6a25457700000000210197b7,6a25909400000000270176a5,6a258f1a000000002701c44f,1780846741000,还有一个重点的，做好后勤工作，包括吃饭这点阿姨做的非常好，还有就是，备用文具最好买之前试试能不能出油，听以前的学姐说有考试写不出油的，是在考场外拿的笔，衣服的话，即使家长去也尽量穿平常衣服就好了，因为就是说穿他就是比如说像旗袍之类的就容易让考生压力大呀，觉得不能辜负，期待就会加重焦虑，要是我考不好怎么办，所以其实就不太建议特意挑一身好看的，穿平常的衣服就可以了熟悉的就是最让人安心,7d1830f3297ff860,海***梦,1,0,,黑龙江,1787518751073
43,complete,GK2026D1,6a25457700000000210197b7,6a2590ee0000000029010a0f,6a258ae60000000028039652,1780846831000,你见不得别人好啊[笑哭R],99505e1aff418b7c,i***i,1,0,,广东,1787519498707
43,complete,GK2026D1,6a25457700000000210197b7,6a259137000000002803267a,6a2590ee0000000029010a0f,1780846904000,对啊，你见不得我好吗[偷笑R][偷笑R][偷笑R],c2df2d43b22b8c74,小***琅,5,0,,河南,1787519498708
43,complete,GK2026D1,6a25457700000000210197b7,6a2591e2000000002a033d92,,1780847075000,加油弟弟！,19a9a6c30cc7b017,旺***饼,0,0,,上海,1787519157013
43,complete,GK2026D1,6a25457700000000210197b7,6a25921c000000002803be08,6a2590ee0000000029010a0f,1780847132000,怎么不回话了，我说的话戳中你幼小的玻璃心了吗[偷笑R][偷笑R][偷笑R],c2df2d43b22b8c74,小***琅,1,0,,河南,1787519498709
43,complete,GK2026D1,6a25457700000000210197b7,6a259254000000002702eef7,,1780847189000,预制菜终于少一点了[黄金薯R],df5a20361de556a4,m***o,0,0,,四川,1787519157012
43,complete,GK2026D1,6a25457700000000210197b7,6a2592ad000000002900fdae,6a2590ee0000000029010a0f,1780847278000,笑死我了，你这种人就是自己爱揣测别人，然后倒打一把[doge][doge][doge]，晦气，滚远点,c2df2d43b22b8c74,小***琅,2,0,,河南,1787519514962
43,complete,GK2026D1,6a25457700000000210197b7,6a2592e30000000027020ba8,,1780847331000,最好吃面条，肉少吃,e0ba78fd6ea19548,鹅***鹅,0,0,,广西,1787519140751
43,complete,GK2026D1,6a25457700000000210197b7,6a25935a000000002900db97,,1780847450000,看你明天更什么？[笑哭R],7b5cc1e3118001d5,视***观,0,0,,广东,1787519140751
43,complete,GK2026D1,6a25457700000000210197b7,6a2593a1000000002800a1ae,6a254809000000002902f29b,1780847521000,无所谓，有什么好说的，反正高考完了以后工作了，你天天吃外卖不也都是预制菜吗？,70b2e4da37bce872,现***吗,0,0,,广东,1787518571885
43,complete,GK2026D1,6a25457700000000210197b7,6a259524000000002803d1ea,,1780847909000,加油[赞R][赞R]👏,933f7adff7f07e81,B***e,0,0,,北京,1787519140750
43,complete,GK2026D1,6a25457700000000210197b7,6a25959c0000000028034d9d,,1780848029000,其实吧，永远不要小瞧一个青春期男孩的饭量,9b77190a0e1a1582,w***b,0,0,,陕西,1787519140749
43,complete,GK2026D1,6a25457700000000210197b7,6a2595b0000000002701e75e,,1780848049000,2,26df807e5ca2bb2e,拧*,0,0,,河南,1787519140748
43,complete,GK2026D1,6a25457700000000210197b7,6a2595f3000000002a025c27,6a256c07000000002701c618,1780848116000,受不了了[呃R]最后全程是皱着眉头的,cf433e559fcf14d9,小***和,0,0,,浙江,1787518734822
43,complete,GK2026D1,6a25457700000000210197b7,6a259626000000002803fdcb,6a254809000000002902f29b,1780848167000,有可能是叮咚的那种鱼片?这种应该不算预制菜就是备菜,d2f35de56043f81c,小***喳,0,0,,广西,1787518490638
43,complete,GK2026D1,6a25457700000000210197b7,6a2596650000000027029160,,1780848230000,我高考那几天都不咋吃东西[捂脸R]我怕紧张拉肚子[捂脸R],037d688fbbdd40ea,橘***水,0,0,,湖北,1787519140747
43,complete,GK2026D1,6a25457700000000210197b7,6a2596b000000000280319a0,,1780848305000,高考加油,2b63822ec14ef763,贝***🎃,0,0,,河北,1787519709471
43,complete,GK2026D1,6a25457700000000210197b7,6a2598b30000000028032936,,1780848819000,@青松白杨 大结局了[哭惹R][哭惹R][哭惹R],495dc26bc25dabf9,上***水,1,0,,广东,1787519140747
43,complete,GK2026D1,6a25457700000000210197b7,6a2598cd000000002a0316fd,,1780848845000,每天早晨轰轰轰打豆浆 住在你家楼上楼下的[捂脸R][捂脸R][捂脸R]不敢想象,2d2d75eb7fca8e0b,伊***鼠,0,0,,北京,1787519140746
43,complete,GK2026D1,6a25457700000000210197b7,6a259954000000000d023c01,6a254b7d0000000029010587,1780848981000,明年还得考一遍 别急,359d08b1c6abc59c,牛*,0,0,,加拿大,1787518393103
43,complete,GK2026D1,6a25457700000000210197b7,6a259ad1000000002902566f,6a258df0000000002701ca40,1780849362000,xswl,421b2e342aa451d8,A***l,0,0,,河南,1787519579815
43,complete,GK2026D1,6a25457700000000210197b7,6a259adf000000002a0313a9,6a254b7d0000000029010587,1780849375000,不会 能复读,3c2cffd7d91d3160,M***G,0,0,,广东,1787518393105
43,complete,GK2026D1,6a25457700000000210197b7,6a259b0b000000002701f646,,1780849420000,上岸！,9bfd468b0321e4a0,盐***i,1,0,,福建,1787519140745
43,complete,GK2026D1,6a25457700000000210197b7,6a259b0c0000000027017ab3,6a254809000000002902f29b,1780849420000,哪个是预制菜,ca6ce860b5a91f66,于*,0,0,,江西,1787518571886
43,complete,GK2026D1,6a25457700000000210197b7,6a259b75000000002701c65d,,1780849526000,加油,af1936e24e69e2b7,莹*,0,0,,宁夏,1787519140744
43,complete,GK2026D1,6a25457700000000210197b7,6a259d3a000000002a0057c7,6a254d32000000002803122e,1780849979000,我也是，从九十天开始看到现在[坏笑R],bfcd59a49144c4f5,羡*,0,0,,广东,1787518393106
43,complete,GK2026D1,6a25457700000000210197b7,6a259d54000000002b02b8b5,6a25900b0000000029011f58,1780850005000,这层要笑死我哈哈哈哈哈哈哈哈,e7164f4e3c8530f4,S***k,4,0,,广东,1787518620664
43,complete,GK2026D1,6a25457700000000210197b7,6a259daa00000000290261de,6a2584250000000028038bed,1780850090000,毕竟考完了，家里人重心可能放中考妹妹上了,bfcd59a49144c4f5,羡*,4,0,,广东,1787519497471
43,complete,GK2026D1,6a25457700000000210197b7,6a259e22000000002900d0e1,,1780850211000,预制菜咋了 吃的外卖还不如预制菜干净,843b240aaf3feed5,m***o,0,0,,辽宁,1787519709469
43,complete,GK2026D1,6a25457700000000210197b7,6a259e5500000000280362f8,,1780850262000,,aa6a0a98553669f2,3***s,0,0,,河南,1787519124583
43,complete,GK2026D1,6a25457700000000210197b7,6a259e8b00000000290346ef,,1780850316000,说真的看状态不像高考生，看精神状态不是很专注，而且桌子是不是也太小，太整洁了，我当时都是一堆卷子很多草稿纸的,715819c60bd800aa,R***d,2,0,,北京,1787519124583
43,complete,GK2026D1,6a25457700000000210197b7,6a259e8c000000002701733b,,1780850317000,保姆和妈宝男[偷笑R]，以后使唤老婆点菜[笑哭R],07e7ae8e863d53b8,m***o,0,0,,江西,1787519693228
43,complete,GK2026D1,6a25457700000000210197b7,6a259ff600000000290369b6,,1780850678000,加油,403a90101f97f5b9,y***乐,0,0,,北京,1787519124582
43,complete,GK2026D1,6a25457700000000210197b7,6a25a0b30000000028036aee,,1780850867000,吧唧嘴,065f9c7d22c679f5,退***咕,1,0,,浙江,1787519693228
43,complete,GK2026D1,6a25457700000000210197b7,6a25a2dd000000002a02e991,6a258f1a000000002701c44f,1780851421000,还真是，我高考中间那天晚上一直在刷视频[笑哭R],7273eabeb20471cc,顼*,2,0,,上海,1787518751074
43,complete,GK2026D1,6a25457700000000210197b7,6a25a58d000000002702f3f5,,1780852110000,高考也不忘打广告嘛,86c70e71fafc1e14,s*,0,0,,湖北,1787519124582
43,complete,GK2026D1,6a25457700000000210197b7,6a25a6c4000000002900c547,,1780852420000,高考加油,9dc146778fef32c3,位*,0,0,,北京,1787519693227
43,complete,GK2026D1,6a25457700000000210197b7,6a25a84200000000280371d1,,1780852802000,想起了之前那个王蓉三娃妈,6bfd03c47b4a5c27,胡***匠,0,0,,广东,1787519124581
43,complete,GK2026D1,6a25457700000000210197b7,6a25aa42000000002701e4e9,,1780853314000,高考加油！！！,91331be155b358d2,羽***e,0,0,,中国台湾,1787519693226
43,complete,GK2026D1,6a25457700000000210197b7,6a25ab6f000000002900ef6d,6a254809000000002902f29b,1780853616000,你管人家呢，这是人家的生活人家想怎么样就怎么样,9b9b8a64400f3302,信***吗,0,0,,上海,1787518571887
43,complete,GK2026D1,6a25457700000000210197b7,6a25ad95000000002702ee97,,1780854165000,好感慨 从最早开始一直看过来的ㅠ,8300fc15f16fcdfa,y***1,2,0,,韩国,1787519124580
43,complete,GK2026D1,6a25457700000000210197b7,6a25b021000000002a027ace,,1780854818000,其实高考没必要早上吃这么多....上考场大概半饱才能发挥出最佳状态[赞R]吃多了晕碳容易思维活跃度下降,d3069cebe59c4eb0,柿***争,0,0,,上海,1787519124580
43,complete,GK2026D1,6a25457700000000210197b7,6a25b26e000000002701fd2e,,1780855406000,高考加油，这么多年了看到还是紧张啊,2282d50b3567defa,木***树,1,0,,英国,1787519124579
43,complete,GK2026D1,6a25457700000000210197b7,6a25b31c0000000027029314,,1780855581000,能不能改改吧唧嘴…,ff02d18cf30a8b76,悲***u,0,0,,安徽,1787519693226
43,complete,GK2026D1,6a25457700000000210197b7,6a25b454000000002800a69b,,1780855892000,高考第二天也要加油[大笑R][派对R],fbe3108b0c947efa,贝***汐,0,0,,山东,1787519124579
43,complete,GK2026D1,6a25457700000000210197b7,6a25b9c9000000002a0263a3,,1780857289000,他这个头发一天长一天短的，高考前一天还不是这个长度[失望R],92959b4eeb0e033b,猪***糖,0,0,,广东,1787519124577
43,complete,GK2026D1,6a25457700000000210197b7,6a25bb280000000028037af8,6a254b7d0000000029010587,1780857640000,本来晚上睡不着看你这给我笑的,d42c4c562031da4b,s***h,0,0,,北京,1787518393107
43,complete,GK2026D1,6a25457700000000210197b7,6a25bc43000000002b0251e8,,1780857923000,我靠主包儿子跟主包老公真的是一个模子里刻出来的,e175d0e2b0dc5e5e,冰***帅,0,0,,四川,1787519108268
43,complete,GK2026D1,6a25457700000000210197b7,6a25bce80000000027015b52,6a25900b0000000029011f58,1780858088000,没绷住 扣钱,940326594d39f3e3,鱼*,0,0,,美国,1787518620665
43,complete,GK2026D1,6a25457700000000210197b7,6a25be8c000000002701d453,,1780858508000,大考吃碗 粥(少水)+鸡蛋就够了，稳定发挥最重要,a48a2317c533be36,n***y,0,0,,湖北,1787519108267
43,complete,GK2026D1,6a25457700000000210197b7,6a25bfaf000000002701dfbb,,1780858800000,娃娃高考加油！！金榜题名！！！,c40ecf0601030ecb,我***😬,0,0,,广东,1787519108266
43,complete,GK2026D1,6a25457700000000210197b7,6a25c0be000000002803742f,6a25900b0000000029011f58,1780859070000,@momo,a87121f378b2691a,牛***下,0,0,,吉林,1787518636906
43,complete,GK2026D1,6a25457700000000210197b7,6a25c3c5000000002902fb3e,,1780859845000,40岁 孩子就上高三了？,76cfa6768a7eab1e,D***昂,0,0,,山东,1787519693225
43,complete,GK2026D1,6a25457700000000210197b7,6a25cf4c000000002b02414c,,1780862796000,@不吃折耳根yy 长得和吴高旭一模一样,18fa3a9c4e5e2916,小***巾,0,0,,四川,1787519108266
43,complete,GK2026D1,6a25457700000000210197b7,6a25d110000000002a02f87f,,1780863249000,高考加油,5f6fca567e487b9a,C***C,0,0,,加拿大,1787519693224
43,complete,GK2026D1,6a25457700000000210197b7,6a25d4f8000000002803aa93,,1780864249000,好老啊 40岁孩子就18了？,98d5978ac3b9821e,J***n,0,0,,南非,1787519807300
43,complete,GK2026D1,6a25457700000000210197b7,6a25f30b000000002b02a117,6a25900b0000000029011f58,1780871947000,"OK, 那你早点睡觉吧",e598d74527fd41aa,超***然,0,0,,辽宁,1787518636909
43,complete,GK2026D1,6a25457700000000210197b7,6a25f34e000000002902cf37,6a2593a1000000002800a1ae,1780872015000,我没吃过外卖[黄金薯R],3cb21a1d16265076,掌***雨,0,0,,山东,1787518490639
43,complete,GK2026D1,6a25457700000000210197b7,6a25f35f00000000290341d8,6a258427000000002901a466,1780872031000,不好意思，真没吃过[黄金薯R],3cb21a1d16265076,掌***雨,0,0,,山东,1787518506883
43,complete,GK2026D1,6a25457700000000210197b7,6a25f37b000000002b025da6,6a25f35f00000000290341d8,1780872059000,你在你学校吃的很多都是预制的[笑哭R],8a3a9673517fab90,W***a,1,0,,英国,1787518506885
43,complete,GK2026D1,6a25457700000000210197b7,6a25f696000000002b0281d9,,1780872855000,目標是清華還是北大？,f87288468fdb275e,D***s,0,0,,美国,1787519108265
43,complete,GK2026D1,6a25457700000000210197b7,6a25f740000000002702a991,,1780873024000,高考加油,5ebf0c613e26876f,小***活,0,0,,北京,1787519693223
43,complete,GK2026D1,6a25457700000000210197b7,6a25fb90000000002800a1e9,6a254809000000002902f29b,1780874132000,看得懂吗小朋友？速冻产品哪来的防腐剂？照你这么说，智利的车厘子，阿根廷的牛肉，新西兰的羊肉，厄瓜多尔的南美对虾都是预制菜喽？没有认知就无脑喷人家妈妈，小小年纪别的没学会就学会网暴了？,3fe28c62e0ed562e,K***o,0,0,http://sns-webpic-qc.xhscdn.com/202608240456/7acf19d0bd68d495022f339d00103646/comment/1040g4b83214p6gk56s705nt5ib20bhcpouq5rb0!nd_whgt34_webp_wm_1,广东,1787518588111
43,complete,GK2026D1,6a25457700000000210197b7,6a25fc02000000002702f12f,6a2566ca000000002902d63e,1780874245000,说明没认知的人还是多啊，你来告诉我今天哪个产品有防腐剂和添加剂？,3fe28c62e0ed562e,K***o,1,0,http://sns-webpic-qc.xhscdn.com/202608240456/1db21d91e83e08d6e945e3c202bcfa47/comment/1040g4b83214p6gk56s7g5nt5ib20bhcps6qjpm8!nd_whgt34_webp_wm_1,广东,1787518588112
43,complete,GK2026D1,6a25457700000000210197b7,6a26065f0000000029018465,,1780876896000,祝孩子高考加油,a5c719460519b302,f***🌳,0,0,,黑龙江,1787519108265
43,complete,GK2026D1,6a25457700000000210197b7,6a26085d000000002702f029,6a254c4f000000002702c9fa,1780877405000,@啊什么啊 [生气R],e60b2cb266a06266,好***好,0,0,,美国,1787518393108
43,complete,GK2026D1,6a25457700000000210197b7,6a260fff000000002a02c934,,1780879360000,高考加油，看着挺像答案,7ce9369ac5b62e36,煜*,0,0,,广西,1787519108264
43,complete,GK2026D1,6a25457700000000210197b7,6a26119c000000002a02f34d,,1780879773000,直接干晕碳了 还考啥,3299eb9d4427de60,S***界,0,0,,浙江,1787519693222
43,complete,GK2026D1,6a25457700000000210197b7,6a26163a0000000029036175,,1780880955000,终于不是全碳水了，也怕考试睡过去吧,60a743ef1535c9a0,柯***D,6,0,,上海,1787519010787
43,complete,GK2026D1,6a25457700000000210197b7,6a2617bf0000000028009ccb,,1780881344000,心态是真好，高考第一天还有心思拍视频,12399f726a3f22de,娜***莉,1,0,,北京,1787519108263
43,complete,GK2026D1,6a25457700000000210197b7,6a261857000000002902e050,6a26085d000000002702f029,1780881496000,[笑哭了R][笑哭了R][笑哭了R][笑哭了R],837c746b5f245126,啊***啊,0,0,,中国香港,1787518409387
43,complete,GK2026D1,6a25457700000000210197b7,6a261ed90000000028037a17,,1780883162000,不管怎么样，是随便还是点菜，先写上再说。[笑哭R],5b65fc913b8e7772,喻*,0,0,,河南,1787519108263
43,complete,GK2026D1,6a25457700000000210197b7,6a262371000000000d021400,,1780884337000,你給他那本是早餐購買目錄嗎？,42912ccee9a5d9f8,菲***咪,0,0,,中国台湾,1787519108261
43,complete,GK2026D1,6a25457700000000210197b7,6a2629da000000002702b9ce,,1780885979000,1,6bef992cf91ee661,Z***z,0,0,,山东,1787519092005
43,complete,GK2026D1,6a25457700000000210197b7,6a262a0b000000002b003e40,,1780886028000,原来是真高考生,27aa149cdb8eb34e,O***g,0,0,,湖南,1787519092004
43,complete,GK2026D1,6a25457700000000210197b7,6a2633fe000000002803277d,,1780888575000,考多少分必须出视频啊[doge],28c61696f1dd4586,疯***猫,0,0,,广东,1787519092004
43,complete,GK2026D1,6a25457700000000210197b7,6a263ada00000000280349fa,6a254809000000002902f29b,1780890330000,那种提前料理好的不算预制菜，一加热就能吃的才叫预制菜,2e5b51e86c113b6d,草***拉,0,0,,河北,1787518506886
43,complete,GK2026D1,6a25457700000000210197b7,6a264557000000002a02c746,6a2548700000000028038c1d,1780893015000,全广妈妈和预制菜儿子[偷笑R],7e782923b313998d,梧*,4,0,,陕西,1787518653131
43,complete,GK2026D1,6a25457700000000210197b7,6a264bdf000000002a031ec3,,1780894687000,每天在弹幕上打预制菜的那种人是人吗？,2da2d7c0c47b3c5e,小*,0,0,,河南,1787519693221
43,complete,GK2026D1,6a25457700000000210197b7,6a2650ae000000002702aace,,1780895918000,这个发型，加上有气无力的眼神[笑哭R][笑哭R],a56c6323efc8fe0a,C***s,2,0,,浙江,1787519092003
43,complete,GK2026D1,6a25457700000000210197b7,6a2654ae000000002702b2be,,1780896942000,高考加油,be96f4f78a3bbd06,加*,0,0,,黑龙江,1787519676991
43,complete,GK2026D1,6a25457700000000210197b7,6a26576f00000000270167f4,,1780897647000,阿姨蹲一个成绩！！,950356062fba68e7,💧***💧,1,0,,山东,1787519092002
43,complete,GK2026D1,6a25457700000000210197b7,6a26605c000000002701c291,6a25473b0000000027015ff3,1780899933000,考差了哥哥就成菜了,137a93452600a144,别***哥,0,0,,澳大利亚,1787518701887
43,complete,GK2026D1,6a25457700000000210197b7,6a26611d000000002a03175b,6a254b7d0000000029010587,1780900126000,@嘟荣er,8c2e97419050c889,r***2,1,0,,北京,1787518409388
43,complete,GK2026D1,6a25457700000000210197b7,6a2663360000000027029782,,1780900662000,这一家子吃饭小嘴都叭叭的[doge],7f733c2978643a76,快***儿,0,0,,北京,1787519092002
43,complete,GK2026D1,6a25457700000000210197b7,6a266bbb000000002900c0f5,6a2548700000000028038c1d,1780902843000,你们家吃鱼是去菜市场买新鲜的还是去海霸王买成品[失望R]（没有恶意）,c2bce1d55d234c4d,顶***虑,5,0,,四川,1787518653132
43,complete,GK2026D1,6a25457700000000210197b7,6a266bfe00000000290105b2,6a2548700000000028038c1d,1780902911000,这期大部分菜还能接受，以往确实很多预制菜[失望R],c2bce1d55d234c4d,顶***虑,0,0,,四川,1787518653133
43,complete,GK2026D1,6a25457700000000210197b7,6a2678090000000029010807,,1780905994000,比我吃的中午饭还豪华，羡慕了,a858b35a5c0cdfc1,来***姐,0,0,,四川,1787519092001
43,complete,GK2026D1,6a25457700000000210197b7,6a2678670000000028009806,6a254809000000002902f29b,1780906087000,孩子乐意吃，妈妈乐意做，网友不乐意了,d0003f3791814517,电***腻,1,0,,江西,1787518588113
43,complete,GK2026D1,6a25457700000000210197b7,6a267bcd000000002900e257,,1780906957000,不做预制菜了。,74ed1d8b79313a78,温*,0,1,,湖北,1787519092000
43,complete,GK2026D1,6a25457700000000210197b7,6a267ca2000000002b029134,,1780907170000,高考加油,dda11b3013a55f60,小***😋,0,0,,河南,1787519676990
43,complete,GK2026D1,6a25457700000000210197b7,6a267f960000000029012567,6a255373000000002701e926,1780907926000,牛逼,997b45d92209a22e,星***玩,0,0,,广东,1787518848336
43,complete,GK2026D1,6a25457700000000210197b7,6a268059000000002702a697,,1780908122000,@鱼鱼淇,2f02dc51ab8a7cd1,～*,0,1,,四川,1787519807300
43,complete,GK2026D1,6a25457700000000210197b7,6a268262000000002b02536f,,1780908642000,他们这高中不会是7:30上学吧！,c7f59b01423aa2ce,永*,0,0,,上海,1787519091999
43,complete,GK2026D1,6a25457700000000210197b7,6a2683a300000000280089d1,6a267bcd000000002900e257,1780908963000,谁家做菜从种菜开始啊？,93010da17fffde61,^***九,0,0,,陕西,1787519107008
43,complete,GK2026D1,6a25457700000000210197b7,6a2684cc0000000028038573,,1780909261000,你儿子都被你喂肥了以前脸小小的，现在圆圆的,27cf8587ba8593b3,S***H,0,0,,北京,1787519091997
43,complete,GK2026D1,6a25457700000000210197b7,6a268519000000002b02bdb4,,1780909338000,他儿子好装呀,9f156ada475a0998,安***命,0,0,,辽宁,1787519676990
43,complete,GK2026D1,6a25457700000000210197b7,6a26862200000000280390e3,6a254809000000002902f29b,1780909603000,@ego-holic 吃完这一顿考场上直接晕碳睡着了,582a4666de923b97,k***n,1,0,,辽宁,1787518506887
43,complete,GK2026D1,6a25457700000000210197b7,6a268a4d000000002800847f,,1780910670000,2026年了还有一堆人分不清预制菜和冷冻食品，半成品的区别[捂脸R],68756b9aea481262,最***打,0,0,,江苏,1787519676989
43,complete,GK2026D1,6a25457700000000210197b7,6a268c7d00000000270144f1,6a268059000000002702a697,1780911229000,剧终end,0ade0aed8bb64744,鱼***淇,0,0,,四川,1787519822307
43,complete,GK2026D1,6a25457700000000210197b7,6a268d660000000027021690,,1780911462000,高考加油！,e49791e5c5e8e42d,小***9,0,0,,浙江,1787519059503
43,complete,GK2026D1,6a25457700000000210197b7,6a268d720000000029025257,,1780911474000,高考加油，金榜题名！,b64e42884d52e192,王***来,0,0,,山东,1787519059503
43,complete,GK2026D1,6a25457700000000210197b7,6a268f0a000000002900cbb3,,1780911882000,羡慕啊 我40 孩子才9岁[偷笑R],b45ad7d0da4fe731,爱***牛,0,0,,四川,1787519059502
43,complete,GK2026D1,6a25457700000000210197b7,6a2693eb000000002b028792,,1780913132000,床头还有荷花,55ee0fdbee9995f9,*,0,0,,四川,1787519059502
43,complete,GK2026D1,6a25457700000000210197b7,6a269540000000002a00598d,,1780913473000,孩子不行，做啥也没用[笑哭R],5577ff4f76b3a433,怯*,1,0,,河北,1787519676989
43,complete,GK2026D1,6a25457700000000210197b7,6a269545000000002702cb30,6a25900b0000000029011f58,1780913478000,[笑哭R],c3f15a7f0fe765cb,1*,2,0,,四川,1787518636907
43,complete,GK2026D1,6a25457700000000210197b7,6a2699f3000000002a027b84,6a25f37b000000002b025da6,1780914676000,但是我回家吃。[黄金薯R][黄金薯R][黄金薯R],3cb21a1d16265076,掌***雨,0,0,,山东,1787518506888
43,complete,GK2026D1,6a25457700000000210197b7,6a2699fb000000002b027658,6a25f37b000000002b025da6,1780914683000,我高中走读生。[黄金薯R][黄金薯R],3cb21a1d16265076,掌***雨,0,0,,山东,1787518523140
43,complete,GK2026D1,6a25457700000000210197b7,6a269ad1000000002702357a,6a254809000000002902f29b,1780914898000,那你家吃鱼从养鱼开始吗？,696f51759a96197b,山***肩,0,0,,山东,1787518588115
43,complete,GK2026D1,6a25457700000000210197b7,6a269b13000000002b0001ab,6a2699fb000000002b027658,1780914963000,难道你放假的时候不出门吃饭吗[笑哭R],8a3a9673517fab90,W***a,0,0,,英国,1787518588116
43,complete,GK2026D1,6a25457700000000210197b7,6a269c41000000002a0050d3,,1780915265000,高考加油,f7cda470d525c372,(***字,0,0,,黑龙江,1787519059501
43,complete,GK2026D1,6a25457700000000210197b7,6a269c9b000000002a006080,,1780915356000,今天的菜都挺好吃的呀 ，不算预制菜 ，评论区的某些人能不能把嘴巴放干净点，心思这么恶毒，还是把自己放太高了[捂脸R]祝作者儿子高考加油、金榜题名,fcc305967693a7bc,碎*,1,0,,湖北,1787519807299
43,complete,GK2026D1,6a25457700000000210197b7,6a269dbb000000002702d209,6a254809000000002902f29b,1780915644000,哪里？生的就不算[偷笑R],4b3c4a4b77009ace,小***8,0,0,,湖南,1787518604402
43,complete,GK2026D1,6a25457700000000210197b7,6a269ddd000000002b0284af,6a254b7d0000000029010587,1780915677000,还有第二关,d895bf3f89d3016f,C*,0,0,,重庆,1787518409390
43,complete,GK2026D1,6a25457700000000210197b7,6a26a037000000002a004348,,1780916279000,这灯光不行啊,dc8a5e174b9b901b,月***波,0,0,,上海,1787519043298
43,complete,GK2026D1,6a25457700000000210197b7,6a26a180000000002a026f4d,6a255afa000000002901933f,1780916609000,？小孩不能祝他高考加油吗[色色R],09da174f34d9aec0,天***吗,0,0,,广东,1787518880704
43,complete,GK2026D1,6a25457700000000210197b7,6a26a218000000002a024c05,6a269b13000000002b0001ab,1780916760000,这么跟你说吧，我从小除了拉面，其他啥都没在外边吃过。[黄金薯R][汗颜R]而且面都是现做的。,3cb21a1d16265076,掌***雨,0,0,,山东,1787518523142
43,complete,GK2026D1,6a25457700000000210197b7,6a26a226000000002901a737,6a269ad1000000002702357a,1780916774000,买鱼，不买切好的[黄金薯R],3cb21a1d16265076,掌***雨,0,0,,山东,1787518523142
43,complete,GK2026D1,6a25457700000000210197b7,6a26a24e000000002b029811,6a26a218000000002a024c05,1780916814000,有些面的料是预制的你不就炸了[笑哭R],8a3a9673517fab90,W***a,0,0,,英国,1787518523143
43,complete,GK2026D1,6a25457700000000210197b7,6a26a256000000002b02435d,6a26a218000000002a024c05,1780916823000,那你还蛮健康[笑哭R],8a3a9673517fab90,W***a,0,0,,英国,1787518523144
43,complete,GK2026D1,6a25457700000000210197b7,6a26a293000000002b02a537,6a26a24e000000002b029811,1780916883000,不是菜[黄金薯R],3cb21a1d16265076,掌***雨,0,0,,山东,1787518539380
43,complete,GK2026D1,6a25457700000000210197b7,6a26a2ab000000002702bff8,,1780916908000,高考加油哦,10c3610457888beb,财***～,0,0,,广东,1787519043295
43,complete,GK2026D1,6a25457700000000210197b7,6a26a2ef000000002902f95d,6a26a256000000002b02435d,1780916975000,[doge],3cb21a1d16265076,掌***雨,0,0,,山东,1787518539382
43,complete,GK2026D1,6a25457700000000210197b7,6a26a4d700000000270159a3,,1780917464000,,9809e3a80b205084,h***f,0,0,http://sns-webpic-qc.xhscdn.com/202608240504/de6affc4ab63b55400a52914d158e0ed/comment/1040g2h03215dro3c746g5oi3sjv41rb6fmemoro!nd_whlt34_webp_wm_1,辽宁,1787519043294
43,complete,GK2026D1,6a25457700000000210197b7,6a26a53500000000270171c1,6a254b7d0000000029010587,1780917558000,还复读呢，起步还能看一年,611c638dda096eda,n***o,0,0,,安徽,1787518409390
43,complete,GK2026D1,6a25457700000000210197b7,6a26a99d000000002a032c58,,1780918686000,他的高考作文《 睡前点餐  》,6cfc06b2cf7797bb,L***k,3,1,,河南,1787518929507
43,complete,GK2026D1,6a25457700000000210197b7,6a26a9c3000000002a027cb9,6a26a99d000000002a032c58,1780918724000,阅卷老师：轻松憋住 我还刷到过他[doge],6cfc06b2cf7797bb,L***k,2,0,,河南,1787518976976
43,complete,GK2026D1,6a25457700000000210197b7,6a26b014000000002701c1d1,6a255d5c000000002803e96a,1780920341000,对呀[偷笑R],02914d3fef3b272d,古***制,1,0,,辽宁,1787518896933
43,complete,GK2026D1,6a25457700000000210197b7,6a26b4930000000029024026,6a26862200000000280390e3,1780921492000,全是科技与狠活,8c846e8bd613ab97,e***c,0,0,,湖南,1787518539383
43,complete,GK2026D1,6a25457700000000210197b7,6a26b4f80000000029025290,6a26862200000000280390e3,1780921592000,孩子高考的早上还得陪着妈妈打广子也是绝了,8c846e8bd613ab97,e***c,0,0,,湖南,1787518539384
43,complete,GK2026D1,6a25457700000000210197b7,6a26b595000000002a02c815,6a254b7d0000000029010587,1780921749000,还有“距离到大学报道多少天系列”,84f3e54d7849ebf3,东***屋,0,0,,广东,1787518409391
43,complete,GK2026D1,6a25457700000000210197b7,6a26b977000000002a024e14,,1780922744000,这是完结了吗,9e1dea85301d237b,k***u,1,0,,吉林,1787519043297
43,complete,GK2026D1,6a25457700000000210197b7,6a26baf200000000280385e0,6a26b014000000002701c1d1,1780923122000,交友吗[扯脸H][爱心R],c9e9dfb40eece02b,用***7,0,0,,河南,1787518896934
43,complete,GK2026D1,6a25457700000000210197b7,6a26bc22000000002b028fdc,6a256c07000000002701c618,1780923426000,确实,ea7a7c796d043aa1,嘻***嘻,0,0,,江苏,1787518734823
43,complete,GK2026D1,6a25457700000000210197b7,6a26bd3c000000002a024d6d,,1780923709000,高考加油！,309b33b79c6cd1f5,行***路,0,0,,浙江,1787519027077
43,complete,GK2026D1,6a25457700000000210197b7,6a26be780000000029011859,,1780924024000,加油,6994b3ec1e8bdec1,l*,0,0,,北京,1787519043293
43,complete,GK2026D1,6a25457700000000210197b7,6a26c2c000000000270225a9,,1780925121000,吃菜不又菜又输,75f2c9390966b428,校***川,0,0,,甘肃,1787519027081
43,complete,GK2026D1,6a25457700000000210197b7,6a26c8ed000000002901ab96,,1780926701000,高考加油,db59ce81ae44500c,綡***）,0,0,,江苏,1787519676988
43,complete,GK2026D1,6a25457700000000210197b7,6a26ca08000000002702bd98,6a2548700000000028038c1d,1780926985000,这肯定不算预制,55fc484b6f909ebc,平***生,0,0,,陕西,1787518669421
43,complete,GK2026D1,6a25457700000000210197b7,6a26ca14000000002702d5c1,6a2548700000000028038c1d,1780926997000,起这么早，想做好吃的肯定不行。,55fc484b6f909ebc,平***生,0,0,,陕西,1787518669422
43,complete,GK2026D1,6a25457700000000210197b7,6a26cb25000000002b0299fa,,1780927270000,身份证最好不要放在那个地方啊容易掉,69e7d8540755e2bd,d***n,0,0,,江苏,1787519059497
43,complete,GK2026D1,6a25457700000000210197b7,6a26d3f1000000002b029b9e,,1780929522000,天天做预制菜[扶额R][扶额R][扶额R][扶额R],7162b6690203b1dc,米***白,0,0,,澳大利亚,1787519027080
43,complete,GK2026D1,6a25457700000000210197b7,6a26d4cd0000000028034310,,1780929741000,我不确定等我老了我的孩子能不能这么对我，所以我不会这么对我孩子，哈哈哈,8b701cd115116941,凤***花,0,0,,江苏,1787519059499
43,complete,GK2026D1,6a25457700000000210197b7,6a26d5e300000000270216e0,,1780930026000,太幸福了呜呜呜大家一定好好吃饭[哭惹R]我之前也是家长给做饭，过的特别滋润，后来出去训练自己住，早上就家长给钱在外面买吃的，有时候懒就不买了，然后吃的很不规律，现在肠胃炎，胃病，贫血 低血糖一堆毛病。瘦倒是瘦了，我现在看着萎靡不振[完啦R],b087714cbb05a2e5,S***n,0,0,"http://sns-webpic-qc.xhscdn.com/202608240504/99c917b23f2053137b3ae0bc39ca0b7b/comment/1040g4b83215jrbee6u805ogcvl9415a4uu6u3f8!nd_whgt34_webp_wm_1,http://sns-webpic-qc.xhscdn.com/202608240504/eaa9a32c538eac8a90f29ee94074de06/comment/1040g4b83215jrbee6u7g5ogcvl9415a4itpjdn8!nd_whgt34_webp_wm_1,http://sns-webpic-qc.xhscdn.com/202608240504/5d4f28df04044516ad39ac69be3494e6/comment/1040g4b83215jrbee6u705ogcvl9415a4pos5ci8!nd_whgt34_webp_wm_1",山东,1787519043296
43,complete,GK2026D1,6a25457700000000210197b7,6a26d8e8000000002902cd85,,1780930793000,高考不能吃蔬菜，避免又输又菜[偷笑R],36cc424118fac43d,冰***萄,0,0,,陕西,1787519059500
43,complete,GK2026D1,6a25457700000000210197b7,6a26d945000000002701ffd8,,1780930885000,那个鱼不会肚子疼吗？,eb11b12b95abe124,一*,0,0,,山东,1787519043297
43,complete,GK2026D1,6a25457700000000210197b7,6a26e116000000002b00058f,,1780932887000,孩子在哪里上学的啊,08cc4a8a8d1769d3,你***啊,0,0,,安徽,1787519010791
43,complete,GK2026D1,6a25457700000000210197b7,6a26e199000000002701d556,,1780933018000,又被你小子偷到了,d58f30d079a63b2a,S***t,1,1,http://sns-webpic-qc.xhscdn.com/202608240502/a45c823a228bb34a21ff146cfdf98cba/comment/1040g2h03215l92rb700g5ocfp8nk1u09u8qtd08!nd_whgt34_webp_wm_1,广东,1787518929509
43,complete,GK2026D1,6a25457700000000210197b7,6a26e3210000000028033c60,6a26e199000000002701d556,1780933410000,？,dbb8359d62cc273e,氯***银,0,0,,广东,1787519009531
43,complete,GK2026D1,6a25457700000000210197b7,6a26e490000000002702d825,6a25900b0000000029011f58,1780933777000,@懒师傅摸鱼版 [呃R],e431392de610ecde,超***。,0,0,,江苏,1787518636908
43,complete,GK2026D1,6a25457700000000210197b7,6a26e52f000000002902fe2d,6a26e490000000002702d825,1780933936000,[呃R],0d90c231abd0a07f,懒***版,0,0,,江苏,1787518636908
43,complete,GK2026D1,6a25457700000000210197b7,6a26e795000000002803a664,,1780934550000,高考加油👏,71e45f3f6cf9880d,*,0,0,,江西,1787519676987
43,complete,GK2026D1,6a25457700000000210197b7,6a26ebf10000000027014f87,,1780935665000,吃饭再吧唧嘴一个试试呢……,73dc86213d209b1c,B***y,0,0,,浙江,1787519676986
43,complete,GK2026D1,6a25457700000000210197b7,6a26f1d9000000002701dbb6,,1780937178000,早上咋吃炒菜呀,64084463f52002fa,德***鹤,0,0,,上海,1787519027076
43,complete,GK2026D1,6a25457700000000210197b7,6a26f2e1000000002900ce3b,,1780937442000,天呐，40岁儿子高考了。我娃还没生出来。。。,3694703318a00137,K***l,0,0,,上海,1787519043291
43,complete,GK2026D1,6a25457700000000210197b7,6a26f79e0000000029027c7b,6a2551ab000000002901006b,1780938654000,看都没看视频，知道个词语就乱用，这顿饭碳水比例有多少能晕碳[黄金薯R],d4d8f51eb1401eb7,R***a,0,0,,上海,1787518767334
43,complete,GK2026D1,6a25457700000000210197b7,6a26fbae000000002a024b98,,1780939694000,我就纳闷他吃饭为啥吧唧嘴🙄,a42cac4e03f2ada1,小***🌈,1,0,,辽宁,1787519010792
43,complete,GK2026D1,6a25457700000000210197b7,6a2704fa000000002701deaa,,1780942075000,这么能串。,ecfd6d9945f4b1f3,「***」,0,0,,黑龙江,1787519676985
43,complete,GK2026D1,6a25457700000000210197b7,6a2779da000000002702d47a,,1780971994000,这豆浆好，可是我家的不喝这个豆浆[鄙视R],cbc4ce993ad9103c,莉***,1,0,,湖北,1787519043296
43,complete,GK2026D1,6a25457700000000210197b7,6a277a4f000000002702ebfd,,1780972111000,这么热穿长袖,cbc4ce993ad9103c,莉***,1,0,,湖北,1787519027082
43,complete,GK2026D1,6a25457700000000210197b7,6a277c990000000028009c90,,1780972697000,加油,f31a8c1f629e6b7d,王***姐,1,0,,浙江,1787519027074
43,complete,GK2026D1,6a25457700000000210197b7,6a2799f6000000002702f87a,,1780980214000,妈，为了支持你的自媒体事业，我决定再复读一年[doge],c6177cd0a31f4867,明***梦,2,0,,浙江,1787519010791
43,complete,GK2026D1,6a25457700000000210197b7,6a279dc5000000002900d7fe,,1780981190000,吧唧嘴...,e17d0acc6d45edce,茯***子,0,0,,新西兰,1787519676983
43,complete,GK2026D1,6a25457700000000210197b7,6a27ad880000000028009250,6a254b7d0000000029010587,1780985225000,下一集应该是儿子高考完进厂，起来做早餐[捂嘴笑R],350a81b3bd0b63cb,O***r,0,0,,江西,1787518425596
43,complete,GK2026D1,6a25457700000000210197b7,6a27ae24000000002701cf6f,,1780985380000,高考加油！还有这不算预制菜吧，谁家做菜？从种菜开始，做面条，从发面开始，做鱼从养鱼开始[黄金薯R],1cfec5239bd0d4ea,婉*,0,0,,安徽,1787519482465
43,complete,GK2026D1,6a25457700000000210197b7,6a27b32b000000002902443f,,1780986667000,这么多盐的吗,9f55cb14e0ab0cd9,h*,0,0,,福建,1787519027079
43,complete,GK2026D1,6a25457700000000210197b7,6a27cf87000000002b02a7d0,,1780993927000,,c818ae27030c4553,9***N,0,0,,上海,1787519010793
43,complete,GK2026D1,6a25457700000000210197b7,6a280abe0000000028035064,,1781009087000,这孩子长得好像他爸,824f87106d4e6705,不***y,0,0,,北京,1787519010790
43,complete,GK2026D1,6a25457700000000210197b7,6a280f7a000000002702a7ec,6a254b7d0000000029010587,1781010299000,分数出来就漏谢尔,e87d6f22c1e40693,小***A,0,0,,江苏,1787518425597
43,complete,GK2026D1,6a25457700000000210197b7,6a2906d6000000002b00199e,6a2551ab000000002901006b,1781073623000,？检查下吧，你这是胰岛素抵抗了,654a542f39ae3adc,九*,0,0,,新疆,1787518767329
43,complete,GK2026D1,6a25457700000000210197b7,6a291afa000000002b027b35,,1781078779000,,1f9224da89bfb5eb,受*,0,0,"http://sns-webpic-qc.xhscdn.com/202608240503/874f75a5aec47b627290e742bd6ff712/comment/1040g2h03217qov1n7u1g5p0h5m9k3kuq45ekoro!nd_whgt34_webp_wm_1,http://sns-webpic-qc.xhscdn.com/202608240503/7e217cb6ee94af9709a74e0d8053b3d0/comment/1040g2h03217qov1n7u105p0h5m9k3kuqchqtif0!nd_whgt34_webp_wm_1",江苏,1787519027078
43,complete,GK2026D1,6a25457700000000210197b7,6a29402c0000000028032e1e,,1781088300000,考试晕碳了[黄金薯R],834ea0714e091de5,櫻***天,0,0,,甘肃,1787519027081
43,complete,GK2026D1,6a25457700000000210197b7,6a295a3c0000000027014a47,,1781094972000,晒,778b95affd27c2b5,沐***夜,0,0,,山东,1787519043295
43,complete,GK2026D1,6a25457700000000210197b7,6a29be0e000000002a0051f2,6a2584250000000028038bed,1781120526000,你跟我说你拉黑我干嘛呢 故意引导别人wb我还要拉黑我 你这种社会的败类现实都吃不起三菜一汤 隔三差五的评论我给你气坏了是不是[笑哭R][笑哭R]跟猪精一样 以为你躲到屏幕后面拿你没办法了是不 你再评论我试试呢[笑哭R],acb876080e2e9fd2,*,0,0,,广东,1787519514964
43,complete,GK2026D1,6a25457700000000210197b7,6a29bf72000000002a032291,6a2584250000000028038bed,1781120883000,你觉得躲在屏幕后面就安全了是不是 我说我要报j是不是给你吓的尿裤子了[笑哭R],acb876080e2e9fd2,*,0,0,,广东,1787519514965
43,complete,GK2026D1,6a25457700000000210197b7,6a2a26fc0000000028030ec7,6a29bf72000000002a032291,1781147388000,广东的臭老鼠是不是都像你这样一大个一大个的？活该没考上大学啊，爱尿裤子的臭老鼠[害羞R][害羞R][害羞R],c2df2d43b22b8c74,小***琅,0,0,,河南,1787519514966
43,complete,GK2026D1,6a25457700000000210197b7,6a2a2c6f000000002901240a,6a29bf72000000002a032291,1781148784000,原来是一只爱开小号喜欢在别人评论下面拉屎的广东臭老鼠啊，敏感脆弱自卑男～活该过得不好，真恶心，晦气，呕～[偷笑R][偷笑R][偷笑R][笑哭R][笑哭R][笑哭R],c2df2d43b22b8c74,小***琅,0,0,,河南,1787519514967
43,complete,GK2026D1,6a25457700000000210197b7,6a2a2c85000000002803cf0c,6a2590ee0000000029010a0f,1781148805000,原来是一只爱开小号喜欢在别人评论下面尿尿的广东臭老鼠啊[doge][doge][doge]，敏感脆弱自卑男～活该过得不好，真恶心，晦气，呕,c2df2d43b22b8c74,小***琅,0,0,,河南,1787519531084
43,complete,GK2026D1,6a25457700000000210197b7,6a2a2c8b000000002803d014,6a2584c000000000280308ce,1781148811000,原来是一只爱开小号喜欢在别人评论下面尿尿的广东臭老鼠啊[doge][doge][doge]，敏感脆弱自卑男～活该过得不好，真恶心，晦气，呕,c2df2d43b22b8c74,小***琅,0,0,,河南,1787519531086
43,complete,GK2026D1,6a25457700000000210197b7,6a2ea251000000002803698e,,1781441105000,这么喜欢吧唧嘴？,e4cf3dc40a2f46b5,小***5,0,0,,山东,1787519482464
43,complete,GK2026D1,6a25457700000000210197b7,6a324cb2000000002a02fd55,,1781681331000,[偷笑R],0fd30ac6e683d932,上***师,0,0,,上海,1787519059501
44,complete,GK2026D1,6a1d87090000000007012a5c,6a23a0020000000028035297,,1780719619000,礼貌拿图，谢谢,9fb2a1039e1e54e7,L***刘,2,1,,湖南,1787520524359
44,complete,GK2026D1,6a1d87090000000007012a5c,6a241f65000000002b001dc5,,1780752230000,借笔生花🌸,22374f0223c8bdd5,金***店,2,0,,福建,1787520540625
44,complete,GK2026D1,6a1d87090000000007012a5c,6a242bff0000000029010880,,1780755456000,赞！图抱走了～[玫瑰R],96a205d3959a9ce6,M***o,2,0,,广东,1787520540631
44,complete,GK2026D1,6a1d87090000000007012a5c,6a2491160000000028032d29,,1780781334000,礼貌借图谢谢老师,76f52f0a0a305349,与***争,1,1,,山西,1787520524356
44,complete,GK2026D1,6a1d87090000000007012a5c,6a24a151000000002b0240b9,,1780785489000,加油,0317894876020c97,小***B,2,0,,内蒙古,1787520540630
44,complete,GK2026D1,6a1d87090000000007012a5c,6a24a87d00000000280092d1,,1780787326000,为什么是全榜题名？,d56a43b23c2d51a9,慧***愈,0,2,,广东,1787520475666
44,complete,GK2026D1,6a1d87090000000007012a5c,6a24aea60000000028035714,,1780788902000,礼貌拿图，谢谢老师  祝您好运,ee4865d5f7932c2e,动***儿,2,2,,湖北,1787520475665
44,complete,GK2026D1,6a1d87090000000007012a5c,6a24b3780000000027021e4b,,1780790136000,赞！图抱走了～[玫瑰R],e96edab0d7978135,小***D,1,0,,山东,1787520556852
44,complete,GK2026D1,6a1d87090000000007012a5c,6a24b553000000002b02a353,,1780790611000,礼貌拿图，谢谢！,3cebeb03de9baeb0,小*,1,1,,广西,1787520475667
44,complete,GK2026D1,6a1d87090000000007012a5c,6a24b565000000002a02fd08,6a24a87d00000000280092d1,1780790629000,是“金”字，但标题不能写[偷笑R],5cdf10f244c767ff,福***时,1,0,,北京,1787520506843
44,complete,GK2026D1,6a1d87090000000007012a5c,6a24baac000000002b0254b9,,1780791980000,礼貌拿图，谢谢老师！,d73382225225654d,苗*,1,1,,北京,1787520524360
44,complete,GK2026D1,6a1d87090000000007012a5c,6a24c303000000002b02a3c7,6a24b553000000002b02a353,1780794115000,"不客气[玫瑰R]高考加油，未来可期[玫瑰R]
",5cdf10f244c767ff,福***时,0,0,,北京,1787520523098
44,complete,GK2026D1,6a1d87090000000007012a5c,6a24c30f000000002a02f4d2,6a24baac000000002b0254b9,1780794127000,不客气[玫瑰R]高考加油，未来可期[玫瑰R],5cdf10f244c767ff,福***时,0,0,,北京,1787520539371
44,complete,GK2026D1,6a1d87090000000007012a5c,6a24c31b000000002a02f632,6a23a0020000000028035297,1780794140000,不客气[玫瑰R]高考加油，未来可期[玫瑰R],5cdf10f244c767ff,福***时,0,0,,北京,1787520539370
44,complete,GK2026D1,6a1d87090000000007012a5c,6a24c320000000002a024aa0,6a24aea60000000028035714,1780794145000,不客气[玫瑰R]高考加油，未来可期[玫瑰R],5cdf10f244c767ff,福***时,0,0,,北京,1787520490677
44,complete,GK2026D1,6a1d87090000000007012a5c,6a24c80a000000002a00418d,,1780795403000,礼貌拿图，谢谢老师[棒R],58494d239e2ddf1d,🍎***🍬,0,1,,江苏,1787520475670
44,complete,GK2026D1,6a1d87090000000007012a5c,6a24ca31000000002701cc76,,1780795953000,礼貌拿图，谢谢老师！祝所有孩子们高考顺利！金榜题名！🙏🙏🙏,6594018f4ba6a06a,晓***伽,0,0,,辽宁,1787520540628
44,complete,GK2026D1,6a1d87090000000007012a5c,6a24d356000000002b0281d3,6a24c320000000002a024aa0,1780798295000,礼貌拿图、谢谢🙏,20afa07193a03cc6,S***s,0,0,,广东,1787520491837
44,complete,GK2026D1,6a1d87090000000007012a5c,6a24d4b70000000027016bee,,1780798648000,礼貌拿图，谢谢！,a8a8d29fd35bc2c9,小***漫,0,1,,湖南,1787520524358
44,complete,GK2026D1,6a1d87090000000007012a5c,6a24d622000000002a0252fa,6a24d4b70000000027016bee,1780799010000,不客气[玫瑰R]高考加油，未来可期[玫瑰R],5cdf10f244c767ff,福***时,0,0,,北京,1787520539369
44,complete,GK2026D1,6a1d87090000000007012a5c,6a24d6a4000000002701de99,,1780799140000,礼貌拿图谢谢,940cc1ef34b1ff54,V***n,0,1,,山东,1787520540629
44,complete,GK2026D1,6a1d87090000000007012a5c,6a24d6f30000000029037c25,6a24d6a4000000002701de99,1780799220000,不客气[玫瑰R]高考加油！提笔皆是上上签[玫瑰R],5cdf10f244c767ff,福***时,1,0,,北京,1787520555637
44,complete,GK2026D1,6a1d87090000000007012a5c,6a24db0f000000002702b345,,1780800272000,什么字体,5b1e32303973f5cf,小***毛,0,1,,安徽,1787520524360
44,complete,GK2026D1,6a1d87090000000007012a5c,6a24dbd2000000002a00558c,,1780800466000,好漂亮的字体[拔草R],20fbdde0f3d6d5a5,L***r,0,1,,河南,1787520475668
44,complete,GK2026D1,6a1d87090000000007012a5c,6a24dcd9000000002a007bfe,6a24db0f000000002702b345,1780800730000,隶书曹全碑,5cdf10f244c767ff,福***时,0,0,,北京,1787520539372
44,complete,GK2026D1,6a1d87090000000007012a5c,6a24e93900000000280361df,,1780803897000,礼貌拿图，谢谢[玫瑰R],dd4874966353b5be,胖***晓,0,1,,广东,1787520524363
44,complete,GK2026D1,6a1d87090000000007012a5c,6a24f3b2000000002a006b5c,6a24dbd2000000002a00558c,1780806578000,谢谢喜欢[飞吻R],5cdf10f244c767ff,福***时,0,0,,北京,1787520523100
44,complete,GK2026D1,6a1d87090000000007012a5c,6a24f3c9000000002902c273,6a2491160000000028032d29,1780806602000,不客气[玫瑰R]高考加油！未来可期[玫瑰R],5cdf10f244c767ff,福***时,0,0,,北京,1787520539365
44,complete,GK2026D1,6a1d87090000000007012a5c,6a24f3d3000000002b02ba54,6a24c80a000000002a00418d,1780806611000,不客气[玫瑰R]高考加油！未来可期[玫瑰R],5cdf10f244c767ff,福***时,0,0,,北京,1787520523103
44,complete,GK2026D1,6a1d87090000000007012a5c,6a24fe73000000002800aa75,6a24b565000000002a02fd08,1780809331000,了解了[红色心形R]原来是这样！我就说嘛，这么好看的字咋可能文案写错。收藏了你的字[赞R],d56a43b23c2d51a9,慧***愈,0,0,,广东,1787520508091
44,complete,GK2026D1,6a1d87090000000007012a5c,6a24ff400000000029018142,,1780809537000,提笔皆是 上上签  [玫瑰R],3b6904f858a0c77d,闪*,1,0,,江苏,1787520524361
44,complete,GK2026D1,6a1d87090000000007012a5c,6a25046d000000002803299d,,1780810861000,礼貌拿图谢谢啦,a72e7c19d13808f9,W***-,0,1,,山东,1787520475666
44,complete,GK2026D1,6a1d87090000000007012a5c,6a250622000000002803867c,,1780811299000,礼貌拿图,a1bd3de37f5848b5,美***圳,1,0,,广东,1787520540627
44,complete,GK2026D1,6a1d87090000000007012a5c,6a250f8a000000002a032b80,6a25046d000000002803299d,1780813706000,不客气[玫瑰R]高考加油！提笔皆是上上签[玫瑰R],5cdf10f244c767ff,福***时,0,0,,北京,1787520523096
44,complete,GK2026D1,6a1d87090000000007012a5c,6a250f96000000002902631c,6a24e93900000000280361df,1780813719000,不客气[玫瑰R]高考加油！提笔皆是上上签[玫瑰R],5cdf10f244c767ff,福***时,0,0,,北京,1787520539374
44,complete,GK2026D1,6a1d87090000000007012a5c,6a252175000000002900dfe4,,1780818293000,礼貌拿图,7b5bdad0f4ec374d,就***务,1,0,,安徽,1787520524362
44,complete,GK2026D1,6a1d87090000000007012a5c,6a26cf3d000000002b024286,,1780928317000,礼貌拿图[害羞R],b5f5f45c5e6df160,八*,1,0,,浙江,1787520540629
44,complete,GK2026D1,6a1d87090000000007012a5c,6a26d4fe000000002901be35,,1780929791000,漂亮的字[飞吻R]图片借走了，谢谢🙏,c7ac48532449ca0d,牧***师,1,1,,内蒙古,1787520475664
44,complete,GK2026D1,6a1d87090000000007012a5c,6a27493a0000000028009fc2,,1780959546000,礼貌拿图谢谢啦,407dedcc2317fc26,m***🍀,1,1,,广东,1787520475662
44,complete,GK2026D1,6a1d87090000000007012a5c,6a277c4b000000002a02ff3f,6a27493a0000000028009fc2,1780972620000,不客气[玫瑰R]落笔皆是上上签，加油[玫瑰R],5cdf10f244c767ff,福***时,0,0,,北京,1787520490671
44,complete,GK2026D1,6a1d87090000000007012a5c,6a277c53000000002a0044f6,6a26d4fe000000002901be35,1780972627000,不客气[玫瑰R]落笔皆是上上签，加油[玫瑰R],5cdf10f244c767ff,福***时,0,0,,北京,1787520490675
44,complete,GK2026D1,6a1d87090000000007012a5c,6a27ce650000000028036046,,1780993637000,好漂亮的字，礼貌拿图谢谢[合十R][合十R],e705d8839abd257c,艺*,1,0,,湖北,1787520556854
44,complete,GK2026D1,6a1d87090000000007012a5c,6a27f9d2000000002803610e,,1781004755000,礼貌拿图,e55d9219ba1c4662,∝***雯,1,0,,江苏,1787520524362
44,complete,GK2026D1,6a1d87090000000007012a5c,6a2d082a000000002a02f831,,1781336106000,礼貌拿图，谢谢[哇R],cbb6c0c5f2c569b8,如*,0,0,,江苏,1787520524361
44,complete,GK2026D1,6a1d87090000000007012a5c,6a3373b20000000029027745,,1781756850000,礼貌拿图，谢谢啦,c75008cd75684349,雲***堂,0,1,,湖南,1787520475668
44,complete,GK2026D1,6a1d87090000000007012a5c,6a33ac65000000002a026e2a,6a3373b20000000029027745,1781771365000,不客气[玫瑰R],5cdf10f244c767ff,福***时,0,0,,北京,1787520523101
44,complete,GK2026D1,6a1d87090000000007012a5c,6a35cf20000000002a02f0b9,,1781911329000,礼貌拿图，谢谢,83de2f51bf1fe6a3,J***a,0,0,,上海,1787520556854
44,complete,GK2026D1,6a1d87090000000007012a5c,6a35e5f6000000002a030c4b,,1781917175000,礼貌拿图，谢谢,b7859df38385c335,小***4,0,0,,江苏,1787520540628
44,complete,GK2026D1,6a1d87090000000007012a5c,6a380491000000002a0248f6,,1782056081000,礼拿谢谢,7860e136b6a34d74,*,0,0,,新疆,1787520540631
44,complete,GK2026D1,6a1d87090000000007012a5c,6a389637000000002b02457c,,1782093367000,礼貌拿图，谢谢[飞吻R],41bc2c1c742731dc,*,0,1,,内蒙古,1787520475669
44,complete,GK2026D1,6a1d87090000000007012a5c,6a38996f000000002903797a,6a389637000000002b02457c,1782094191000,不客气，祝圆梦今夏[玫瑰R],5cdf10f244c767ff,福***时,0,0,,北京,1787520523102
44,complete,GK2026D1,6a1d87090000000007012a5c,6a390fd3000000002b02a982,,1782124500000,礼貌拿图，谢谢[飞吻R],db1337e5703a97fc,心***处,0,2,,河南,1787520556855
44,complete,GK2026D1,6a1d87090000000007012a5c,6a3934c3000000002b0247ec,6a390fd3000000002b02a982,1782133956000,不客气[玫瑰R]㊗️金榜题名[玫瑰R],5cdf10f244c767ff,福***时,0,0,,北京,1787520571859
44,complete,GK2026D1,6a1d87090000000007012a5c,6a3b4737000000002b028b02,,1782269751000,礼貌拿图，谢谢[飞吻R],5e7c0deac27f2416,阿***u,0,0,,重庆,1787520540626
44,complete,GK2026D1,6a1d87090000000007012a5c,6a4432950000000029024de5,6a3934c3000000002b0247ec,1782854294000,[飞吻R][飞吻R],db1337e5703a97fc,心***处,0,0,,河南,1787520573083
46,complete,GK2026D1,6a24e13c000000003502c18c,6a25325b000000002a02d122,,1780822619000,没有一个认识的了。。,c2d799ebd8943e71,啊***园,0,0,,广东,1787521924247
46,complete,GK2026D1,6a24e13c000000003502c18c,6a25581f0000000028008292,,1780832287000,逗乐不逗乐,ce9207daf09c42c5,i***子,4,0,,海南,1787521875554
46,complete,GK2026D1,6a24e13c000000003502c18c,6a25611a000000002800a31b,,1780834592000,,9859156c9e8f3b65,中***家,7,0,http://sns-webpic-qc.xhscdn.com/202608240551/f5ff2db82f170ffd06b41a2979f6adfb/comment/1040g4b832146b53vn0705n0q6d0hhce31j63shg!nd_whlt34_webp_wm_1,北京,1787521875557
46,complete,GK2026D1,6a24e13c000000003502c18c,6a25686e0000000029036f23,,1780836462000,这是真的像安保了,2606d608c037b0cf,多***余,1,0,,山东,1787521907967
46,complete,GK2026D1,6a24e13c000000003502c18c,6a256b450000000029010a17,,1780837189000,尴尬[doge],1ef66a9f0c97baba,下*,0,0,,上海,1787521907971
46,complete,GK2026D1,6a24e13c000000003502c18c,6a256db20000000029013088,,1780837811000,他们是自愿的还是被逼的,f28ad9a0e2f02d8c,奶***包,4,0,,广东,1787521907970
46,complete,GK2026D1,6a24e13c000000003502c18c,6a25708c000000002a02cd7b,,1780838541000,都是副驾驶 明显被逼的 去了可以加分  [doge],21e3d4102ea762da,韭*,78,5,,四川,1787521875550
46,complete,GK2026D1,6a24e13c000000003502c18c,6a2571810000000029012bef,,1780838786000,不是奔驰就是沃尔沃[doge],05c8cd4acbfeef70,P***t,0,0,,上海,1787521875557
46,complete,GK2026D1,6a24e13c000000003502c18c,6a25766e000000002900c42f,,1780840046000,哎,2b66abd173c8bb6a,开***天,0,0,,四川,1787521924252
46,complete,GK2026D1,6a24e13c000000003502c18c,6a257cc4000000002803c050,,1780841668000,[偷笑R]汕头航空[棒R],36926be194836097,Y***p,0,0,,广东,1787521907971
46,complete,GK2026D1,6a24e13c000000003502c18c,6a257cfc000000002a030331,,1780841724000,给发小时费吗[doge]车不会也是自己的吧[doge]油费不知道给不给报销啊[doge]加多少分啊[doge]又蹲苗了？[doge],4d955833e1d3e757,m***o,20,0,,上海,1787521875553
46,complete,GK2026D1,6a24e13c000000003502c18c,6a258736000000002a02e318,6a25708c000000002a02cd7b,1780844342000,大概率是没下队的学员,ec846dbe1a985f9b,甩***机,24,0,,河北,1787521890560
46,complete,GK2026D1,6a24e13c000000003502c18c,6a25878e000000002b0256e9,6a258736000000002a02e318,1780844430000,你这么说 应该是了[捂脸R]  毕竟现在挤压的学员太多了,21e3d4102ea762da,韭*,0,0,,四川,1787521891718
46,complete,GK2026D1,6a24e13c000000003502c18c,6a258e1c000000002a024a58,,1780846108000,让大家去干该干的事，才符合最大的公众利益。如果没有事干不要找事，可以放假,d1457f55ddc0deef,加***式,41,0,,广东,1787521875552
46,complete,GK2026D1,6a24e13c000000003502c18c,6a258e4200000000280384a4,,1780846146000,国内就喜欢花里胡哨，把飞机开好比什么都强,ea1522806d341ddc,D***r,17,0,,广东,1787521875556
46,complete,GK2026D1,6a24e13c000000003502c18c,6a2594d2000000002803b77f,,1780847826000,搞笑来的吗..,c6a2a5a8e4b10397,E***L,0,0,,北京,1787521924254
46,complete,GK2026D1,6a24e13c000000003502c18c,6a26007e000000002a004e60,,1780875391000,放过员工，好么,b31146038c803ea7,啊***天,14,0,,上海,1787521875558
46,complete,GK2026D1,6a24e13c000000003502c18c,6a260b2e000000002803eecd,,1780878126000,评论区这么眼红吗？出几个人参加下统一组织的公益活动，又招谁惹谁了？这不是主动承担社会责任的一部分吗？难道你让人家开直升机送学生去考场吗？[汗颜R]开车送考这么有意义的事情，恐怕比飞一天轻松多，开心多了吧[偷笑R],5858fa9f149cb49a,P***C,3,3,,广西,1787521924253
46,complete,GK2026D1,6a24e13c000000003502c18c,6a260b9300000000270288e8,,1780878228000,不是学员就是停飞上行政班的[斜眼R],4c80c6f8795c6209,m***o,0,0,,北京,1787521924251
46,complete,GK2026D1,6a24e13c000000003502c18c,6a263329000000002702308d,,1780888361000,太Der了,730292232de998c3,不***名,5,0,,福建,1787521875555
46,complete,GK2026D1,6a24e13c000000003502c18c,6a266ca90000000028030ee5,,1780903081000,太der了 员工做错了什么,2a8e0aeae5c3b122,m***y,7,0,,山西,1787521907970
46,complete,GK2026D1,6a24e13c000000003502c18c,6a268895000000002901b938,,1780910229000,我猜不占位占用自己的休息期吧[害羞R],566d62c385fe4220,小***6,4,0,,四川,1787521907965
46,complete,GK2026D1,6a24e13c000000003502c18c,6a269ec10000000029037066,,1780915905000,为啥还有戴眼镜的呢,2f6ee0c7098dfcbe,m***中,0,0,,广东,1787521924248
46,complete,GK2026D1,6a24e13c000000003502c18c,6a27ff570000000028009bda,,1781006168000,又是谁一时兴起想的吧,2ee767298b5bb555,m***o,0,0,,广东,1787521924254
46,complete,GK2026D1,6a24e13c000000003502c18c,6a2854be000000002701df8c,6a260b2e000000002803eecd,1781028030000,不喜欢就是眼红你也挺嫉妒别人的吧,39d4509fc96f9bbe,小***D,4,0,,广东,1787521940412
46,complete,GK2026D1,6a24e13c000000003502c18c,6a3f3ae1000000002a02c4f1,6a260b2e000000002803eecd,1782528737000,每个人都有自己的本职工作，工作之外的事情如果不是自愿的开心在哪儿[笑哭R]你这么热心你怎么不送，只会敲键盘而已[偷笑R][偷笑R],e92b5026d86f9ba2,I***w,3,0,,广东,1787521940414
46,complete,GK2026D1,6a24e13c000000003502c18c,6a3f4e9c0000000005014f37,6a25708c000000002a02cd7b,1782533788000,@omom  @社畜水上  @哎,fcc5f7ea6e9df097,拾***间,1,0,,广东,1787521891719
46,complete,GK2026D1,6a24e13c000000003502c18c,6a3f550f00000000150047aa,6a3f4e9c0000000005014f37,1782535439000,[哭惹R],1435e89954bf7bb2,社***上,0,0,,四川,1787521891720
46,complete,GK2026D1,6a24e13c000000003502c18c,6a3f55c4000000000501711d,6a3f550f00000000150047aa,1782535621000,道德qj,fcc5f7ea6e9df097,拾***间,0,0,,广东,1787521891721
46,complete,GK2026D1,6a24e13c000000003502c18c,6a3f71d5000000000802de16,,1782542805000,领导去没去送,3e013c38b758879a,阿*,0,0,,江苏,1787521907969
46,complete,GK2026D1,6a24e13c000000003502c18c,6a3fad14000000001403807c,6a260b2e000000002803eecd,1782557973000,有没有可能是占用休息时间去的，该飞还得飞,1e6d35e8de2e1c9c,T***o,2,0,,河北,1787521939258
46,complete,GK2026D1,6a24e13c000000003502c18c,6a3fb09d00000000150156a5,,1782558877000,包是被逼的啊,6e3af3c610b54c5f,番*,4,0,,湖北,1787521875556
46,complete,GK2026D1,6a24e13c000000003502c18c,6a3ff8ab000000000b039eda,,1782577323000,出问题了谁来负责啊？,16094f24370b435e,m***o,2,0,,四川,1787521907972
46,complete,GK2026D1,6a24e13c000000003502c18c,6a4030bb000000000b03bd16,,1782591676000,有没有这个必要？你不如暑假送几张机票。。。。借花献佛的事挺爱做,d3bb084d23898e97,加***加,1,0,,陕西,1787521924253
46,complete,GK2026D1,6a24e13c000000003502c18c,6a4042ef0000000009017c7c,,1782596336000,雷雨季航班这么乱还要搞这些有的没的？,4dfa106d5b26a65a,小***5,1,0,,上海,1787521907972
46,complete,GK2026D1,6a24e13c000000003502c18c,6a407cca000000002b02a8dc,,1782611146000,离了个大谱，兼职爱心滴滴司机还穿制服,d2fdd525626b2cdc,小***E,1,0,,云南,1787521907968
46,complete,GK2026D1,6a24e13c000000003502c18c,6a414c4a000000000403a5f1,,1782664267000,看出来航班少了，公司见不得大家歇班,e91f68bebd061d88,今***吗,0,0,,天津,1787521924250
46,complete,GK2026D1,6a24e13c000000003502c18c,6a414cf1000000002a02f17e,,1782664433000,jb 公司就爱干这些有病的事,8e10fd76a3396638,藤***水,0,0,,福建,1787521956606
46,complete,GK2026D1,6a24e13c000000003502c18c,6a4c3d98000000000802e665,,1783381401000,表面副驾驶实际上是没下队的学员[doge],599bf460707237a2,m***o,0,0,,山东,1787521924251
52,complete,GK2026D1,6a2512d90000000017008979,6a251515000000002900d761,,1780815125000,考啥都忘啦[捂脸R],3ff9e4e4b0c797cf,小***0,2,0,,英国,1787527663137
52,complete,GK2026D1,6a2512d90000000017008979,6a253009000000002a026854,,1780822025000,2025年的视频,5d57839ae61d56d7,高***享,0,0,,浙江,1787527663132
52,complete,GK2026D1,6a2512d90000000017008979,6a25fe360000000028009122,,1780874806000,哈哈[捂脸R][捂脸R],f3b8be8f394d8472,*,0,0,,湖南,1787527663136
52,complete,GK2026D1,6a2512d90000000017008979,6a2622e2000000002800adb0,,1780884195000,这些都是二溜子，真考710到720的都是低调不吭声的！,fdbad6419a1e02a7,Y***8,1,1,,广东,1787527663138
52,complete,GK2026D1,6a2512d90000000017008979,6a28223f000000002702d32c,,1781015103000,人家是穿越火线，他就穿越考试科目[笑哭R][笑哭R][石化R][石化R],b6eec46865159497,B***l,0,0,,广东,1787527663134
52,complete,GK2026D1,6a2512d90000000017008979,6a282252000000002702038f,6a2622e2000000002800adb0,1781015123000,有道理[派对R][派对R],b6eec46865159497,B***l,0,0,,广东,1787527678144
52,complete,GK2026D1,6a2512d90000000017008979,6a2b20ce0000000028036815,,1781211342000,没来个空翻,8dee3e2a8165b886,螃***虾,0,0,,山东,1787527663136
52,complete,GK2026D1,6a2512d90000000017008979,6a3aa49300000000090140e1,,1782228116000,那么意思他今年是数学状元了,95fedfed8cc1ece6,小***5,0,0,,广东,1787527663135
53,complete,GK2026D1,6a24c31400000000060338d8,6a24d735000000002803e731,,1780799286000,中考不算么[哭惹R],8a00faff25308cb7,生***挺,1,1,,北京,1787542299771
53,complete,GK2026D1,6a24c31400000000060338d8,6a24d7890000000027023ca0,,1780799369000,加油,14b4fb8a1b051dfb,哄*,0,0,,北京,1787542299775
53,complete,GK2026D1,6a24c31400000000060338d8,6a24daf40000000021013c66,,1780800244000,加油,0518c32da76fcb58,汽***0,0,0,,北京,1787542299775
53,complete,GK2026D1,6a24c31400000000060338d8,6a24dc2e000000002a024550,6a24d735000000002803e731,1780800558000,中考我没这么在意，中考我都没去送考，高考的感觉就是长大了，突然感触多些[偷笑R],206ab4c422d05f3e,小***火,0,0,,北京,1787542345723
53,complete,GK2026D1,6a24c31400000000060338d8,6a24dd690000000027023d25,,1780800874000,马上中考，不接送，尽量平常化，希望孩子减少焦虑和平时考试一样。高考，不知道那时候会怎样。,9e9143f82c8b81f7,荼***华,1,1,,北京,1787542299770
53,complete,GK2026D1,6a24c31400000000060338d8,6a24debd000000002a004f2f,6a24dd690000000027023d25,1780801213000,中考我也没送考，那时候我的心态是，高中还有三年，虽然逆袭的娃是少数但总归是觉得还有机会[偷笑R]。高考的心态有一些变化，您说的对，保持平常化。等会我不打算去接娃下考场了，让爸爸接，我在家好好做饭。,206ab4c422d05f3e,小***火,0,0,,北京,1787542345722
53,complete,GK2026D1,6a24c31400000000060338d8,6a24e03c0000000028008e5f,,1780801596000,㊗️金榜题名！考场就近分还是会在本校？,dcdc43203714439d,鱼***儿,1,7,,北京,1787542299768
53,complete,GK2026D1,6a24c31400000000060338d8,6a24e0ce000000002902fef0,6a24e03c0000000028008e5f,1780801742000,就近三个学校混分，但是很多孩子在本校，我们也是在本校考。就近学校也离得近。,206ab4c422d05f3e,小***火,1,0,,北京,1787542314780
53,complete,GK2026D1,6a24c31400000000060338d8,6a24e33f000000002b0286bf,,1780802368000,镜头前那几位是bdf老师[偷笑R],b172a1ee3261dd13,m***o,0,0,,北京,1787542299774
53,complete,GK2026D1,6a24c31400000000060338d8,6a24e77b000000002701792c,,1780803451000,中关村中学 好久不见,51df29bfdd7ddff0,小***E,0,0,,山西,1787542299773
53,complete,GK2026D1,6a24c31400000000060338d8,6a24f3b7000000002702c2df,6a24e0ce000000002902fef0,1780806584000,本校考最好，熟悉的环境，心态也比较放松[举手R],dcdc43203714439d,鱼***儿,0,0,,北京,1787542315201
53,complete,GK2026D1,6a24c31400000000060338d8,6a24fa1d0000000029024b6c,6a24e0ce000000002902fef0,1780808221000,请问下，就近三个学校是哪三个呀？,6d4e09134b84ab12,小***9,0,0,,北京,1787542315203
53,complete,GK2026D1,6a24c31400000000060338d8,6a24fd46000000002a006465,6a24fa1d0000000029024b6c,1780809030000,北大附，村中本校和村中知春分校，，但我今天也看见了个别八一玉泉分校的校服，应该这4个学校。,206ab4c422d05f3e,小***火,0,0,,北京,1787542315205
53,complete,GK2026D1,6a24c31400000000060338d8,6a24fef9000000002b02433b,6a24fd46000000002a006465,1780809465000,谢谢，还想请教下，中关村中学本校的孩子一般会分配去哪几个学校参加考试呢？,6d4e09134b84ab12,小***9,0,0,,北京,1787542315206
53,complete,GK2026D1,6a24c31400000000060338d8,6a2500bd000000002a024cb0,6a24fef9000000002b02433b,1780809917000,有去北大附和知春分校，别的似乎没有,206ab4c422d05f3e,小***火,0,0,,北京,1787542315206
53,complete,GK2026D1,6a24c31400000000060338d8,6a25029c000000002b00049b,6a2500bd000000002a024cb0,1780810396000,那挺好的，都很近，不折腾。谢谢您的回答，祝孩子一切顺利，旗开得胜[加油R],6d4e09134b84ab12,小***9,0,0,,北京,1787542330718
53,complete,GK2026D1,6a24c31400000000060338d8,6a25257b000000002900d154,,1780819324000,高考顺利,4c46963eef44348e,y***m,0,0,,北京,1787542299773
53,complete,GK2026D1,6a24c31400000000060338d8,6a256faa000000002a032823,,1780838315000,加油啊 为啥学生都到那么早呢 楼上的孩子7:30就走了 也就骑车10分钟的距离,bf6e9b987d7b9bff,小***愿,0,1,,北京,1787542299772
53,complete,GK2026D1,6a24c31400000000060338d8,6a25f738000000002901b99a,6a256faa000000002a032823,1780873017000,老师要求提前70分钟签到，我的理解是担心一些突发情况有时间应对，实际上提前办个小时够了，去早了也是干等。,206ab4c422d05f3e,小***火,0,0,,北京,1787542345724
54,complete,GK2026D1,6a23e647000000002202d87b,6a354312000000002902cd94,,1781875475000,做秀,0e4f16e5d84f511a,小***A,0,0,,广东,1787542979830
