recorded_at,kind,note_id,root_comment_id,status,stop_reason,pages,observed_comments,declared_comments,collection_egress_region,collection_egress_id,collection_account_id,collection_cdp_port,chunk_index,collection_status,event_id,unlimited,error
2026-08-23T15:56:38,reply,6a24e6a0000000002201a734,6a2504b60000000028036ead,complete,endpoint_exhausted,5,26,26,chengdu,aliyun_chengdu,deep_chengdu,9344,1,complete,GK2026D1,,
2026-08-23T15:56:55,reply,6a24e6a0000000002201a734,6a25171f00000000290124c4,complete,endpoint_exhausted,1,3,3,chengdu,aliyun_chengdu,deep_chengdu,9344,1,complete,GK2026D1,,
2026-08-23T15:57:29,reply,6a24e6a0000000002201a734,6a250098000000002b024f38,complete,endpoint_exhausted,2,9,9,chengdu,aliyun_chengdu,deep_chengdu,9344,1,complete,GK2026D1,,
2026-08-23T15:58:02,reply,6a24e6a0000000002201a734,6a250123000000002702d923,complete,endpoint_exhausted,2,8,8,chengdu,aliyun_chengdu,deep_chengdu,9344,1,complete,GK2026D1,,
2026-08-23T15:58:36,reply,6a24e6a0000000002201a734,6a25077d000000002b02bf96,complete,endpoint_exhausted,2,10,10,chengdu,aliyun_chengdu,deep_chengdu,9344,1,complete,GK2026D1,,
2026-08-23T15:58:52,reply,6a24e6a0000000002201a734,6a25099a0000000029036e63,complete,endpoint_exhausted,1,2,2,chengdu,aliyun_chengdu,deep_chengdu,9344,1,complete,GK2026D1,,
2026-08-23T15:59:26,reply,6a24e6a0000000002201a734,6a24eec30000000028009dc1,complete,endpoint_exhausted,2,7,7,chengdu,aliyun_chengdu,deep_chengdu,9344,1,complete,GK2026D1,,
2026-08-23T15:59:43,reply,6a24e6a0000000002201a734,6a254b3a000000002a02fdad,complete,endpoint_exhausted,1,2,2,chengdu,aliyun_chengdu,deep_chengdu,9344,1,complete,GK2026D1,,
2026-08-23T15:59:43,reply,6a24e6a0000000002201a734,6a24e84600000000270283ca,complete,endpoint_exhausted,0,0,0,chengdu,aliyun_chengdu,deep_chengdu,9344,1,complete,GK2026D1,,
2026-08-23T15:59:43,reply,6a24e6a0000000002201a734,6a24f37e0000000029024b01,complete,endpoint_exhausted,0,1,1,chengdu,aliyun_chengdu,deep_chengdu,9344,1,complete,GK2026D1,,
2026-08-23T15:59:59,reply,6a24e6a0000000002201a734,6a41fef3000000000b039b6f,complete,endpoint_exhausted,0,0,0,chengdu,aliyun_chengdu,deep_chengdu,9344,1,complete,GK2026D1,,
2026-08-23T15:59:59,reply,6a24e6a0000000002201a734,6a2d0da4000000002a006f3b,complete,endpoint_exhausted,0,0,0,chengdu,aliyun_chengdu,deep_chengdu,9344,1,complete,GK2026D1,,
2026-08-23T15:59:59,reply,6a24e6a0000000002201a734,6a28d45800000000280377eb,complete,endpoint_exhausted,0,0,0,chengdu,aliyun_chengdu,deep_chengdu,9344,1,complete,GK2026D1,,
2026-08-23T15:59:59,reply,6a24e6a0000000002201a734,6a28b765000000000d023000,complete,endpoint_exhausted,0,0,0,chengdu,aliyun_chengdu,deep_chengdu,9344,1,complete,GK2026D1,,
2026-08-23T15:59:59,reply,6a24e6a0000000002201a734,6a26bdb300000000290124cc,complete,endpoint_exhausted,0,0,0,chengdu,aliyun_chengdu,deep_chengdu,9344,1,complete,GK2026D1,,
2026-08-23T15:59:59,reply,6a24e6a0000000002201a734,6a2637dc000000002901822f,complete,endpoint_exhausted,0,0,0,chengdu,aliyun_chengdu,deep_chengdu,9344,1,complete,GK2026D1,,
2026-08-23T15:59:59,reply,6a24e6a0000000002201a734,6a262e8f00000000280366ed,complete,endpoint_exhausted,0,0,0,chengdu,aliyun_chengdu,deep_chengdu,9344,1,complete,GK2026D1,,
2026-08-23T15:59:59,reply,6a24e6a0000000002201a734,6a2610970000000029034d3e,complete,endpoint_exhausted,0,0,0,chengdu,aliyun_chengdu,deep_chengdu,9344,1,complete,GK2026D1,,
2026-08-23T15:59:59,reply,6a24e6a0000000002201a734,6a25896e0000000029019866,complete,endpoint_exhausted,0,0,0,chengdu,aliyun_chengdu,deep_chengdu,9344,1,complete,GK2026D1,,
2026-08-23T15:59:59,reply,6a24e6a0000000002201a734,6a2559b80000000028031fbc,complete,endpoint_exhausted,0,0,0,chengdu,aliyun_chengdu,deep_chengdu,9344,1,complete,GK2026D1,,
2026-08-23T16:00:16,reply,6a24e6a0000000002201a734,6a254d3e0000000029013416,complete,endpoint_exhausted,0,0,0,chengdu,aliyun_chengdu,deep_chengdu,9344,1,complete,GK2026D1,,
2026-08-23T16:00:16,reply,6a24e6a0000000002201a734,6a254ce2000000002b0035d2,complete,endpoint_exhausted,0,0,0,chengdu,aliyun_chengdu,deep_chengdu,9344,1,complete,GK2026D1,,
2026-08-23T16:00:16,reply,6a24e6a0000000002201a734,6a254caa000000002900dcb8,complete,endpoint_exhausted,0,0,0,chengdu,aliyun_chengdu,deep_chengdu,9344,1,complete,GK2026D1,,
2026-08-23T16:00:34,reply,6a24e6a0000000002201a734,6a254b5d000000002b002aff,complete,endpoint_exhausted,1,2,2,chengdu,aliyun_chengdu,deep_chengdu,9344,1,complete,GK2026D1,,
2026-08-23T16:00:34,reply,6a24e6a0000000002201a734,6a2548c20000000028008674,complete,endpoint_exhausted,0,1,1,chengdu,aliyun_chengdu,deep_chengdu,9344,1,complete,GK2026D1,,
2026-08-23T16:00:34,reply,6a24e6a0000000002201a734,6a2546d7000000002803fe21,complete,endpoint_exhausted,0,0,0,chengdu,aliyun_chengdu,deep_chengdu,9344,1,complete,GK2026D1,,
2026-08-23T16:00:34,reply,6a24e6a0000000002201a734,6a2543d8000000002803a777,complete,endpoint_exhausted,0,0,0,chengdu,aliyun_chengdu,deep_chengdu,9344,1,complete,GK2026D1,,
2026-08-23T16:00:34,reply,6a24e6a0000000002201a734,6a254325000000002803ba67,complete,endpoint_exhausted,0,0,0,chengdu,aliyun_chengdu,deep_chengdu,9344,1,complete,GK2026D1,,
2026-08-23T16:00:34,reply,6a24e6a0000000002201a734,6a254252000000002a024bc2,complete,endpoint_exhausted,0,0,0,chengdu,aliyun_chengdu,deep_chengdu,9344,1,complete,GK2026D1,,
2026-08-23T16:00:34,reply,6a24e6a0000000002201a734,6a253c2e000000002a030458,complete,endpoint_exhausted,0,0,0,chengdu,aliyun_chengdu,deep_chengdu,9344,1,complete,GK2026D1,,
2026-08-23T16:00:51,reply,6a24e6a0000000002201a734,6a25291b000000002702ea80,complete,endpoint_exhausted,0,0,0,chengdu,aliyun_chengdu,deep_chengdu,9344,1,complete,GK2026D1,,
2026-08-23T16:00:51,reply,6a24e6a0000000002201a734,6a2527e5000000002a027ce9,complete,endpoint_exhausted,0,0,0,chengdu,aliyun_chengdu,deep_chengdu,9344,1,complete,GK2026D1,,
2026-08-23T16:00:51,reply,6a24e6a0000000002201a734,6a25223f0000000028030d12,complete,endpoint_exhausted,0,0,0,chengdu,aliyun_chengdu,deep_chengdu,9344,1,complete,GK2026D1,,
2026-08-23T16:00:51,reply,6a24e6a0000000002201a734,6a252160000000002702df52,complete,endpoint_exhausted,0,0,0,chengdu,aliyun_chengdu,deep_chengdu,9344,1,complete,GK2026D1,,
2026-08-23T16:00:51,reply,6a24e6a0000000002201a734,6a251f22000000002701eaed,complete,endpoint_exhausted,0,0,0,chengdu,aliyun_chengdu,deep_chengdu,9344,1,complete,GK2026D1,,
2026-08-23T16:00:51,reply,6a24e6a0000000002201a734,6a251f1f000000002a00727a,complete,endpoint_exhausted,0,0,0,chengdu,aliyun_chengdu,deep_chengdu,9344,1,complete,GK2026D1,,
2026-08-23T16:00:51,reply,6a24e6a0000000002201a734,6a2519bd000000002702e6e4,complete,endpoint_exhausted,0,0,0,chengdu,aliyun_chengdu,deep_chengdu,9344,1,complete,GK2026D1,,
2026-08-23T16:00:51,reply,6a24e6a0000000002201a734,6a2517550000000028009cb5,complete,endpoint_exhausted,0,0,0,chengdu,aliyun_chengdu,deep_chengdu,9344,1,complete,GK2026D1,,
2026-08-23T16:00:51,reply,6a24e6a0000000002201a734,6a2515f6000000002b002808,complete,endpoint_exhausted,0,0,0,chengdu,aliyun_chengdu,deep_chengdu,9344,1,complete,GK2026D1,,
2026-08-23T16:00:51,reply,6a24e6a0000000002201a734,6a25147000000000280375c2,complete,endpoint_exhausted,0,0,0,chengdu,aliyun_chengdu,deep_chengdu,9344,1,complete,GK2026D1,,
2026-08-23T16:01:08,reply,6a24e6a0000000002201a734,6a25144e000000002803ce1b,complete,endpoint_exhausted,0,0,0,chengdu,aliyun_chengdu,deep_chengdu,9344,1,complete,GK2026D1,,
2026-08-23T16:01:08,reply,6a24e6a0000000002201a734,6a2513f30000000027017b8d,complete,endpoint_exhausted,0,0,0,chengdu,aliyun_chengdu,deep_chengdu,9344,1,complete,GK2026D1,,
2026-08-23T16:01:08,reply,6a24e6a0000000002201a734,6a2512210000000028031c0b,complete,endpoint_exhausted,0,0,0,chengdu,aliyun_chengdu,deep_chengdu,9344,1,complete,GK2026D1,,
2026-08-23T16:01:08,reply,6a24e6a0000000002201a734,6a251215000000002803199f,complete,endpoint_exhausted,0,0,0,chengdu,aliyun_chengdu,deep_chengdu,9344,1,complete,GK2026D1,,
2026-08-23T16:01:08,reply,6a24e6a0000000002201a734,6a25118f0000000029011de5,complete,endpoint_exhausted,0,0,0,chengdu,aliyun_chengdu,deep_chengdu,9344,1,complete,GK2026D1,,
2026-08-23T16:01:08,reply,6a24e6a0000000002201a734,6a250f6e000000002803f062,complete,endpoint_exhausted,0,0,0,chengdu,aliyun_chengdu,deep_chengdu,9344,1,complete,GK2026D1,,
2026-08-23T16:01:08,reply,6a24e6a0000000002201a734,6a250dd0000000002900e379,complete,endpoint_exhausted,0,0,0,chengdu,aliyun_chengdu,deep_chengdu,9344,1,complete,GK2026D1,,
2026-08-23T16:01:08,reply,6a24e6a0000000002201a734,6a250d7d000000002a026234,complete,endpoint_exhausted,0,0,0,chengdu,aliyun_chengdu,deep_chengdu,9344,1,complete,GK2026D1,,
2026-08-23T16:01:08,reply,6a24e6a0000000002201a734,6a250be200000000280332e8,complete,endpoint_exhausted,0,0,0,chengdu,aliyun_chengdu,deep_chengdu,9344,1,complete,GK2026D1,,
2026-08-23T16:01:08,reply,6a24e6a0000000002201a734,6a250bae000000002803d831,complete,endpoint_exhausted,0,0,0,chengdu,aliyun_chengdu,deep_chengdu,9344,1,complete,GK2026D1,,
2026-08-23T16:01:25,reply,6a24e6a0000000002201a734,6a250a74000000002701fe4f,complete,endpoint_exhausted,0,0,0,chengdu,aliyun_chengdu,deep_chengdu,9344,1,complete,GK2026D1,,
2026-08-23T16:01:25,reply,6a24e6a0000000002201a734,6a2509b7000000002702b42f,complete,endpoint_exhausted,0,0,0,chengdu,aliyun_chengdu,deep_chengdu,9344,1,complete,GK2026D1,,
2026-08-23T16:01:25,reply,6a24e6a0000000002201a734,6a2509b30000000028039997,complete,endpoint_exhausted,0,0,0,chengdu,aliyun_chengdu,deep_chengdu,9344,1,complete,GK2026D1,,
2026-08-23T16:01:25,reply,6a24e6a0000000002201a734,6a25092c0000000027017fa1,complete,endpoint_exhausted,0,0,0,chengdu,aliyun_chengdu,deep_chengdu,9344,1,complete,GK2026D1,,
2026-08-23T16:01:25,reply,6a24e6a0000000002201a734,6a2508a1000000002702b559,complete,endpoint_exhausted,0,0,0,chengdu,aliyun_chengdu,deep_chengdu,9344,1,complete,GK2026D1,,
2026-08-23T16:01:25,reply,6a24e6a0000000002201a734,6a25061e000000002b028154,complete,endpoint_exhausted,0,0,0,chengdu,aliyun_chengdu,deep_chengdu,9344,1,complete,GK2026D1,,
2026-08-23T16:01:25,reply,6a24e6a0000000002201a734,6a250362000000002701dd0e,complete,endpoint_exhausted,0,0,0,chengdu,aliyun_chengdu,deep_chengdu,9344,1,complete,GK2026D1,,
2026-08-23T16:01:25,reply,6a24e6a0000000002201a734,6a2502d30000000027020ed2,complete,endpoint_exhausted,0,0,0,chengdu,aliyun_chengdu,deep_chengdu,9344,1,complete,GK2026D1,,
2026-08-23T16:01:25,reply,6a24e6a0000000002201a734,6a2502d2000000002a02c0db,complete,endpoint_exhausted,0,0,0,chengdu,aliyun_chengdu,deep_chengdu,9344,1,complete,GK2026D1,,
2026-08-23T16:01:25,reply,6a24e6a0000000002201a734,6a25025f000000002803563b,complete,endpoint_exhausted,0,0,0,chengdu,aliyun_chengdu,deep_chengdu,9344,1,complete,GK2026D1,,
2026-08-23T16:01:42,reply,6a24e6a0000000002201a734,6a25024e0000000029036dfa,complete,endpoint_exhausted,0,0,0,chengdu,aliyun_chengdu,deep_chengdu,9344,1,complete,GK2026D1,,
2026-08-23T16:01:42,reply,6a24e6a0000000002201a734,6a2501e7000000002702c8d8,complete,endpoint_exhausted,0,0,0,chengdu,aliyun_chengdu,deep_chengdu,9344,1,complete,GK2026D1,,
2026-08-23T16:01:42,reply,6a24e6a0000000002201a734,6a25012a000000002a005aa5,complete,endpoint_exhausted,0,0,0,chengdu,aliyun_chengdu,deep_chengdu,9344,1,complete,GK2026D1,,
2026-08-23T16:01:42,reply,6a24e6a0000000002201a734,6a2500810000000027023b34,complete,endpoint_exhausted,0,0,0,chengdu,aliyun_chengdu,deep_chengdu,9344,1,complete,GK2026D1,,
2026-08-23T16:01:42,reply,6a24e6a0000000002201a734,6a25007c0000000028035f61,complete,endpoint_exhausted,0,0,0,chengdu,aliyun_chengdu,deep_chengdu,9344,1,complete,GK2026D1,,
2026-08-23T16:01:42,reply,6a24e6a0000000002201a734,6a2500450000000028039889,complete,endpoint_exhausted,0,1,1,chengdu,aliyun_chengdu,deep_chengdu,9344,1,complete,GK2026D1,,
2026-08-23T16:01:42,reply,6a24e6a0000000002201a734,6a24ffcf000000002a025b4d,complete,endpoint_exhausted,0,0,0,chengdu,aliyun_chengdu,deep_chengdu,9344,1,complete,GK2026D1,,
2026-08-23T16:01:42,reply,6a24e6a0000000002201a734,6a24feff0000000027021c59,complete,endpoint_exhausted,0,0,0,chengdu,aliyun_chengdu,deep_chengdu,9344,1,complete,GK2026D1,,
2026-08-23T16:01:42,reply,6a24e6a0000000002201a734,6a24fe20000000002a024e5a,complete,endpoint_exhausted,0,0,0,chengdu,aliyun_chengdu,deep_chengdu,9344,1,complete,GK2026D1,,
2026-08-23T16:01:42,reply,6a24e6a0000000002201a734,6a24fdbe000000002b0027df,complete,endpoint_exhausted,0,0,0,chengdu,aliyun_chengdu,deep_chengdu,9344,1,complete,GK2026D1,,
2026-08-23T16:01:59,reply,6a24e6a0000000002201a734,6a24fce60000000028037148,complete,endpoint_exhausted,0,0,0,chengdu,aliyun_chengdu,deep_chengdu,9344,1,complete,GK2026D1,,
2026-08-23T16:01:59,reply,6a24e6a0000000002201a734,6a24fc5d000000002803a16b,complete,endpoint_exhausted,0,0,0,chengdu,aliyun_chengdu,deep_chengdu,9344,1,complete,GK2026D1,,
2026-08-23T16:01:59,reply,6a24e6a0000000002201a734,6a24fbda000000002900d2b8,complete,endpoint_exhausted,0,0,0,chengdu,aliyun_chengdu,deep_chengdu,9344,1,complete,GK2026D1,,
2026-08-23T16:01:59,reply,6a24e6a0000000002201a734,6a24f9df000000002900dc05,complete,endpoint_exhausted,0,0,0,chengdu,aliyun_chengdu,deep_chengdu,9344,1,complete,GK2026D1,,
2026-08-23T16:01:59,reply,6a24e6a0000000002201a734,6a24f9d70000000027021718,complete,endpoint_exhausted,0,0,0,chengdu,aliyun_chengdu,deep_chengdu,9344,1,complete,GK2026D1,,
2026-08-23T16:01:59,reply,6a24e6a0000000002201a734,6a24f95b0000000029034a53,complete,endpoint_exhausted,0,0,0,chengdu,aliyun_chengdu,deep_chengdu,9344,1,complete,GK2026D1,,
2026-08-23T16:01:59,reply,6a24e6a0000000002201a734,6a24f89a00000000270168b5,complete,endpoint_exhausted,0,0,0,chengdu,aliyun_chengdu,deep_chengdu,9344,1,complete,GK2026D1,,
2026-08-23T16:02:15,reply,6a24e6a0000000002201a734,6a24f739000000002701cf55,complete,endpoint_exhausted,1,2,2,chengdu,aliyun_chengdu,deep_chengdu,9344,1,complete,GK2026D1,,
2026-08-23T16:02:15,reply,6a24e6a0000000002201a734,6a24f6dc0000000027017428,complete,endpoint_exhausted,0,0,0,chengdu,aliyun_chengdu,deep_chengdu,9344,1,complete,GK2026D1,,
2026-08-23T16:02:15,reply,6a24e6a0000000002201a734,6a24f55e000000002900f9e4,complete,endpoint_exhausted,0,0,0,chengdu,aliyun_chengdu,deep_chengdu,9344,1,complete,GK2026D1,,
2026-08-23T16:02:32,reply,6a24e6a0000000002201a734,6a24f5280000000029037258,complete,endpoint_exhausted,0,0,0,chengdu,aliyun_chengdu,deep_chengdu,9344,1,complete,GK2026D1,,
2026-08-23T16:02:32,reply,6a24e6a0000000002201a734,6a24f49e00000000270163be,complete,endpoint_exhausted,0,0,0,chengdu,aliyun_chengdu,deep_chengdu,9344,1,complete,GK2026D1,,
2026-08-23T16:02:32,reply,6a24e6a0000000002201a734,6a24f3bb000000002a025fcc,complete,endpoint_exhausted,0,0,0,chengdu,aliyun_chengdu,deep_chengdu,9344,1,complete,GK2026D1,,
2026-08-23T16:02:32,reply,6a24e6a0000000002201a734,6a24f218000000002a00628c,complete,endpoint_exhausted,0,0,0,chengdu,aliyun_chengdu,deep_chengdu,9344,1,complete,GK2026D1,,
2026-08-23T16:02:32,reply,6a24e6a0000000002201a734,6a24f1f5000000002b02a48b,complete,endpoint_exhausted,0,0,0,chengdu,aliyun_chengdu,deep_chengdu,9344,1,complete,GK2026D1,,
2026-08-23T16:02:32,reply,6a24e6a0000000002201a734,6a24f01b000000002900e851,complete,endpoint_exhausted,0,0,0,chengdu,aliyun_chengdu,deep_chengdu,9344,1,complete,GK2026D1,,
2026-08-23T16:02:32,reply,6a24e6a0000000002201a734,6a24e8a0000000002702c5ec,complete,endpoint_exhausted,0,0,0,chengdu,aliyun_chengdu,deep_chengdu,9344,1,complete,GK2026D1,,
2026-08-23T16:02:32,reply,6a24e6a0000000002201a734,6a254e8c0000000028038bed,complete,endpoint_exhausted,0,0,0,chengdu,aliyun_chengdu,deep_chengdu,9344,1,complete,GK2026D1,,
2026-08-23T16:02:32,reply,6a24e6a0000000002201a734,6a2518a1000000002803ab65,complete,endpoint_exhausted,0,0,0,chengdu,aliyun_chengdu,deep_chengdu,9344,1,complete,GK2026D1,,
2026-08-23T16:02:49,reply,6a24e6a0000000002201a734,6a2504b2000000002a02416d,complete,endpoint_exhausted,1,3,3,chengdu,aliyun_chengdu,deep_chengdu,9344,1,complete,GK2026D1,,
2026-08-23T16:03:23,reply,6a24e6a0000000002201a734,6a24f96f000000002901bd81,complete,endpoint_exhausted,1,2,2,chengdu,aliyun_chengdu,deep_chengdu,9344,1,complete,GK2026D1,,
2026-08-23T16:04:14,reply,6a24e6a0000000002201a734,6a24f90f0000000027029915,complete,endpoint_exhausted,3,13,13,chengdu,aliyun_chengdu,deep_chengdu,9344,1,complete,GK2026D1,,
2026-08-23T16:04:49,reply,6a24e6a0000000002201a734,6a24f501000000002702cdbb,complete,endpoint_exhausted,2,11,11,chengdu,aliyun_chengdu,deep_chengdu,9344,1,complete,GK2026D1,,
2026-08-23T16:04:49,reply,6a24e6a0000000002201a734,6a24f4dd0000000028038fca,complete,endpoint_exhausted,0,0,0,chengdu,aliyun_chengdu,deep_chengdu,9344,1,complete,GK2026D1,,
2026-08-23T16:05:40,reply,6a24e6a0000000002201a734,6a24f2e600000000270299fc,complete,endpoint_exhausted,3,13,13,chengdu,aliyun_chengdu,deep_chengdu,9344,1,complete,GK2026D1,,
2026-08-23T16:06:48,reply,6a24e6a0000000002201a734,6a24f173000000002803ca74,complete,endpoint_exhausted,4,17,17,chengdu,aliyun_chengdu,deep_chengdu,9344,1,complete,GK2026D1,,
2026-08-23T16:07:22,reply,6a24e6a0000000002201a734,6a24ebb6000000002901b154,complete,endpoint_exhausted,2,11,11,chengdu,aliyun_chengdu,deep_chengdu,9344,1,complete,GK2026D1,,
2026-08-23T16:07:22,reply,6a24e6a0000000002201a734,6a2522cd000000002702efb0,complete,endpoint_exhausted,0,0,0,chengdu,aliyun_chengdu,deep_chengdu,9344,1,complete,GK2026D1,,
2026-08-23T16:07:22,reply,6a24e6a0000000002201a734,6a2520510000000028031586,complete,endpoint_exhausted,0,0,0,chengdu,aliyun_chengdu,deep_chengdu,9344,1,complete,GK2026D1,,
2026-08-23T16:07:22,reply,6a24e6a0000000002201a734,6a2501d8000000002702c4bf,complete,endpoint_exhausted,0,0,0,chengdu,aliyun_chengdu,deep_chengdu,9344,1,complete,GK2026D1,,
2026-08-23T16:07:39,reply,6a24e6a0000000002201a734,6a25016e00000000270238a0,complete,endpoint_exhausted,0,0,0,chengdu,aliyun_chengdu,deep_chengdu,9344,1,complete,GK2026D1,,
2026-08-23T16:07:39,top_level,6a24e6a0000000002201a734,,complete,endpoint_exhausted,11,101,,chengdu,aliyun_chengdu,deep_chengdu,9344,1,complete,GK2026D1,True,
2026-08-23T16:18:32,top_level,6a267ed20000000035024596,,complete,endpoint_exhausted,1,0,,chengdu,aliyun_chengdu,deep_chengdu,9344,2,complete,GK2026D1,True,
2026-08-23T16:29:24,top_level,6a241559000000002202cc8f,,complete,endpoint_exhausted,1,0,,chengdu,aliyun_chengdu,deep_chengdu,9344,3,complete,GK2026D1,True,
2026-08-23T16:40:34,reply,6a2565e50000000008033aaf,6a2646b4000000002b0037b0,complete,endpoint_exhausted,1,3,3,chengdu,aliyun_chengdu,deep_chengdu,9344,4,complete,GK2026D1,,
2026-08-23T16:40:34,reply,6a2565e50000000008033aaf,6a2569600000000029035b70,complete,endpoint_exhausted,0,0,0,chengdu,aliyun_chengdu,deep_chengdu,9344,4,complete,GK2026D1,,
2026-08-23T16:40:34,reply,6a2565e50000000008033aaf,6a281988000000002b024f78,complete,endpoint_exhausted,0,0,0,chengdu,aliyun_chengdu,deep_chengdu,9344,4,complete,GK2026D1,,
2026-08-23T16:40:34,reply,6a2565e50000000008033aaf,6a25677a000000002800bb4a,complete,endpoint_exhausted,0,0,0,chengdu,aliyun_chengdu,deep_chengdu,9344,4,complete,GK2026D1,,
2026-08-23T16:40:34,reply,6a2565e50000000008033aaf,6a281c400000000028030601,complete,endpoint_exhausted,0,0,0,chengdu,aliyun_chengdu,deep_chengdu,9344,4,complete,GK2026D1,,
2026-08-23T16:40:34,reply,6a2565e50000000008033aaf,6a256721000000002b027170,complete,endpoint_exhausted,0,0,0,chengdu,aliyun_chengdu,deep_chengdu,9344,4,complete,GK2026D1,,
2026-08-23T16:40:34,reply,6a2565e50000000008033aaf,6a256e45000000002803393f,complete,endpoint_exhausted,0,0,0,chengdu,aliyun_chengdu,deep_chengdu,9344,4,complete,GK2026D1,,
2026-08-23T16:40:34,reply,6a2565e50000000008033aaf,6a257553000000002803600e,complete,endpoint_exhausted,0,0,0,chengdu,aliyun_chengdu,deep_chengdu,9344,4,complete,GK2026D1,,
2026-08-23T16:40:34,reply,6a2565e50000000008033aaf,6a273f030000000028036312,complete,endpoint_exhausted,0,0,0,chengdu,aliyun_chengdu,deep_chengdu,9344,4,complete,GK2026D1,,
2026-08-23T16:40:34,reply,6a2565e50000000008033aaf,6a2c116f0000000029010eea,complete,endpoint_exhausted,0,0,0,chengdu,aliyun_chengdu,deep_chengdu,9344,4,complete,GK2026D1,,
2026-08-23T16:40:51,reply,6a2565e50000000008033aaf,6a25678b000000002a024e2a,complete,endpoint_exhausted,0,0,0,chengdu,aliyun_chengdu,deep_chengdu,9344,4,complete,GK2026D1,,
2026-08-23T16:40:51,reply,6a2565e50000000008033aaf,6a256e4f000000002803a2ec,complete,endpoint_exhausted,0,0,0,chengdu,aliyun_chengdu,deep_chengdu,9344,4,complete,GK2026D1,,
2026-08-23T16:40:51,reply,6a2565e50000000008033aaf,6a25761e000000000d022802,complete,endpoint_exhausted,0,0,0,chengdu,aliyun_chengdu,deep_chengdu,9344,4,complete,GK2026D1,,
2026-08-23T16:40:51,reply,6a2565e50000000008033aaf,6a26a0b8000000002702d39e,complete,endpoint_exhausted,0,0,0,chengdu,aliyun_chengdu,deep_chengdu,9344,4,complete,GK2026D1,,
2026-08-23T16:40:51,reply,6a2565e50000000008033aaf,6a256d3e0000000028033455,complete,endpoint_exhausted,0,0,0,chengdu,aliyun_chengdu,deep_chengdu,9344,4,complete,GK2026D1,,
2026-08-23T16:40:51,reply,6a2565e50000000008033aaf,6a2646990000000029027a53,complete,endpoint_exhausted,0,0,0,chengdu,aliyun_chengdu,deep_chengdu,9344,4,complete,GK2026D1,,
2026-08-23T16:40:51,reply,6a2565e50000000008033aaf,6a663d2e0000000015003e78,complete,endpoint_exhausted,0,0,0,chengdu,aliyun_chengdu,deep_chengdu,9344,4,complete,GK2026D1,,
2026-08-23T16:40:51,reply,6a2565e50000000008033aaf,6a256708000000002902e1c3,complete,endpoint_exhausted,0,0,0,chengdu,aliyun_chengdu,deep_chengdu,9344,4,complete,GK2026D1,,
2026-08-23T16:40:51,reply,6a2565e50000000008033aaf,6a282fa2000000002900c5b1,complete,endpoint_exhausted,0,0,0,chengdu,aliyun_chengdu,deep_chengdu,9344,4,complete,GK2026D1,,
2026-08-23T16:40:51,reply,6a2565e50000000008033aaf,6a2568e0000000002b024416,complete,endpoint_exhausted,0,0,0,chengdu,aliyun_chengdu,deep_chengdu,9344,4,complete,GK2026D1,,
2026-08-23T16:41:08,reply,6a2565e50000000008033aaf,6a256bc20000000028009144,complete,endpoint_exhausted,0,0,0,chengdu,aliyun_chengdu,deep_chengdu,9344,4,complete,GK2026D1,,
2026-08-23T16:41:25,reply,6a2565e50000000008033aaf,6a25aea7000000002702c348,complete,endpoint_exhausted,1,4,4,chengdu,aliyun_chengdu,deep_chengdu,9344,4,complete,GK2026D1,,
2026-08-23T16:41:25,top_level,6a2565e50000000008033aaf,,complete,endpoint_exhausted,3,22,,chengdu,aliyun_chengdu,deep_chengdu,9344,4,complete,GK2026D1,True,
2026-08-23T16:52:17,reply,6a24bdbd0000000035020e3e,6a260a9c000000002702eba2,complete,endpoint_exhausted,0,0,0,chengdu,aliyun_chengdu,deep_chengdu,9344,5,complete,GK2026D1,,
2026-08-23T16:52:17,reply,6a24bdbd0000000035020e3e,6a25115100000000280083cf,complete,endpoint_exhausted,0,0,0,chengdu,aliyun_chengdu,deep_chengdu,9344,5,complete,GK2026D1,,
2026-08-23T16:52:17,reply,6a24bdbd0000000035020e3e,6a2506fb00000000270209cd,complete,endpoint_exhausted,0,0,0,chengdu,aliyun_chengdu,deep_chengdu,9344,5,complete,GK2026D1,,
2026-08-23T16:52:17,reply,6a24bdbd0000000035020e3e,6a24fefd0000000027021bdc,complete,endpoint_exhausted,0,0,0,chengdu,aliyun_chengdu,deep_chengdu,9344,5,complete,GK2026D1,,
2026-08-23T16:52:17,reply,6a24bdbd0000000035020e3e,6a24f1d3000000002902eb8a,complete,endpoint_exhausted,0,0,0,chengdu,aliyun_chengdu,deep_chengdu,9344,5,complete,GK2026D1,,
2026-08-23T16:52:17,reply,6a24bdbd0000000035020e3e,6a24c6f90000000027020692,complete,endpoint_exhausted,0,0,0,chengdu,aliyun_chengdu,deep_chengdu,9344,5,complete,GK2026D1,,
2026-08-23T16:52:17,top_level,6a24bdbd0000000035020e3e,,complete,endpoint_exhausted,1,6,,chengdu,aliyun_chengdu,deep_chengdu,9344,5,complete,GK2026D1,True,
2026-08-23T17:04:19,reply,6a256406000000002103ee56,6a2642930000000029010204,complete,endpoint_exhausted,4,21,21,chengdu,aliyun_chengdu,deep_chengdu,9344,6,complete,GK2026D1,,
2026-08-23T17:05:45,reply,6a256406000000002103ee56,6a2565ed0000000029019b90,complete,endpoint_exhausted,5,26,26,chengdu,aliyun_chengdu,deep_chengdu,9344,6,complete,GK2026D1,,
2026-08-23T17:06:19,reply,6a256406000000002103ee56,6a26c4e90000000027023ad5,complete,endpoint_exhausted,2,9,9,chengdu,aliyun_chengdu,deep_chengdu,9344,6,complete,GK2026D1,,
2026-08-23T17:06:19,reply,6a256406000000002103ee56,6a2564cc0000000029011572,complete,endpoint_exhausted,0,0,0,chengdu,aliyun_chengdu,deep_chengdu,9344,6,complete,GK2026D1,,
2026-08-23T17:06:19,reply,6a256406000000002103ee56,6a27b8590000000028033c02,complete,endpoint_exhausted,0,1,1,chengdu,aliyun_chengdu,deep_chengdu,9344,6,complete,GK2026D1,,
2026-08-23T17:06:19,reply,6a256406000000002103ee56,6a2669f4000000002702c0e3,complete,endpoint_exhausted,0,1,1,chengdu,aliyun_chengdu,deep_chengdu,9344,6,complete,GK2026D1,,
2026-08-23T17:06:19,reply,6a256406000000002103ee56,6a27faa9000000002803e002,complete,endpoint_exhausted,0,0,0,chengdu,aliyun_chengdu,deep_chengdu,9344,6,complete,GK2026D1,,
2026-08-23T17:06:19,reply,6a256406000000002103ee56,6a2b6fa00000000023003df6,complete,endpoint_exhausted,0,0,0,chengdu,aliyun_chengdu,deep_chengdu,9344,6,complete,GK2026D1,,
2026-08-23T17:06:19,reply,6a256406000000002103ee56,6a268f79000000002803a9b1,complete,endpoint_exhausted,0,0,0,chengdu,aliyun_chengdu,deep_chengdu,9344,6,complete,GK2026D1,,
2026-08-23T17:06:19,reply,6a256406000000002103ee56,6a25645f0000000029013af2,complete,endpoint_exhausted,0,0,0,chengdu,aliyun_chengdu,deep_chengdu,9344,6,complete,GK2026D1,,
2026-08-23T17:06:36,reply,6a256406000000002103ee56,6a268fce000000002702876b,complete,endpoint_exhausted,0,0,0,chengdu,aliyun_chengdu,deep_chengdu,9344,6,complete,GK2026D1,,
2026-08-23T17:06:36,reply,6a256406000000002103ee56,6a2619a2000000002a0245cd,complete,endpoint_exhausted,0,1,1,chengdu,aliyun_chengdu,deep_chengdu,9344,6,complete,GK2026D1,,
2026-08-23T17:06:36,reply,6a256406000000002103ee56,6a26d046000000002b02a81f,complete,endpoint_exhausted,0,0,0,chengdu,aliyun_chengdu,deep_chengdu,9344,6,complete,GK2026D1,,
2026-08-23T17:06:36,reply,6a256406000000002103ee56,6a27524d0000000027028f49,complete,endpoint_exhausted,0,1,1,chengdu,aliyun_chengdu,deep_chengdu,9344,6,complete,GK2026D1,,
2026-08-23T17:06:36,reply,6a256406000000002103ee56,6a2564f900000000270206c0,complete,endpoint_exhausted,0,0,0,chengdu,aliyun_chengdu,deep_chengdu,9344,6,complete,GK2026D1,,
2026-08-23T17:06:36,reply,6a256406000000002103ee56,6a256458000000002a02779f,complete,endpoint_exhausted,0,0,0,chengdu,aliyun_chengdu,deep_chengdu,9344,6,complete,GK2026D1,,
2026-08-23T17:06:36,reply,6a256406000000002103ee56,6a2564a10000000029010b05,complete,endpoint_exhausted,0,0,0,chengdu,aliyun_chengdu,deep_chengdu,9344,6,complete,GK2026D1,,
2026-08-23T17:06:36,reply,6a256406000000002103ee56,6a256451000000002701c756,complete,endpoint_exhausted,0,0,0,chengdu,aliyun_chengdu,deep_chengdu,9344,6,complete,GK2026D1,,
2026-08-23T17:06:36,reply,6a256406000000002103ee56,6a27dd73000000002b02769c,complete,endpoint_exhausted,0,0,0,chengdu,aliyun_chengdu,deep_chengdu,9344,6,complete,GK2026D1,,
2026-08-23T17:06:36,reply,6a256406000000002103ee56,6a2e53b2000000002701cad6,complete,endpoint_exhausted,0,0,0,chengdu,aliyun_chengdu,deep_chengdu,9344,6,complete,GK2026D1,,
2026-08-23T17:06:53,reply,6a256406000000002103ee56,6a2807fb000000000d021400,complete,endpoint_exhausted,0,0,0,chengdu,aliyun_chengdu,deep_chengdu,9344,6,complete,GK2026D1,,
2026-08-23T17:07:10,reply,6a256406000000002103ee56,6a27af3d0000000027029568,complete,endpoint_exhausted,1,2,2,chengdu,aliyun_chengdu,deep_chengdu,9344,6,complete,GK2026D1,,
2026-08-23T17:07:10,reply,6a256406000000002103ee56,6a27954b000000002800811a,complete,endpoint_exhausted,0,0,0,chengdu,aliyun_chengdu,deep_chengdu,9344,6,complete,GK2026D1,,
2026-08-23T17:07:10,reply,6a256406000000002103ee56,6a2776620000000029036847,complete,endpoint_exhausted,0,0,0,chengdu,aliyun_chengdu,deep_chengdu,9344,6,complete,GK2026D1,,
2026-08-23T17:07:10,reply,6a256406000000002103ee56,6a26b309000000002a02d44b,complete,endpoint_exhausted,0,1,1,chengdu,aliyun_chengdu,deep_chengdu,9344,6,complete,GK2026D1,,
2026-08-23T17:07:10,reply,6a256406000000002103ee56,6a265b3f000000002702cbbc,complete,endpoint_exhausted,0,1,1,chengdu,aliyun_chengdu,deep_chengdu,9344,6,complete,GK2026D1,,
2026-08-23T17:07:10,reply,6a256406000000002103ee56,6a2639000000000029025040,complete,endpoint_exhausted,0,0,0,chengdu,aliyun_chengdu,deep_chengdu,9344,6,complete,GK2026D1,,
2026-08-23T17:07:10,reply,6a256406000000002103ee56,6a2627d6000000002701e1d6,complete,endpoint_exhausted,0,0,0,chengdu,aliyun_chengdu,deep_chengdu,9344,6,complete,GK2026D1,,
2026-08-23T17:07:10,reply,6a256406000000002103ee56,6a25881900000000280306f4,complete,endpoint_exhausted,0,0,0,chengdu,aliyun_chengdu,deep_chengdu,9344,6,complete,GK2026D1,,
2026-08-23T17:07:10,reply,6a256406000000002103ee56,6a256769000000002a02cabb,complete,endpoint_exhausted,0,1,1,chengdu,aliyun_chengdu,deep_chengdu,9344,6,complete,GK2026D1,,
2026-08-23T17:08:01,reply,6a256406000000002103ee56,6a2592630000000028038ad2,complete,endpoint_exhausted,2,10,10,chengdu,aliyun_chengdu,deep_chengdu,9344,6,complete,GK2026D1,,
2026-08-23T17:08:01,reply,6a256406000000002103ee56,6a26093600000000270288b5,complete,endpoint_exhausted,0,0,0,chengdu,aliyun_chengdu,deep_chengdu,9344,6,complete,GK2026D1,,
2026-08-23T17:08:01,reply,6a256406000000002103ee56,6a28f440000000002a027673,complete,endpoint_exhausted,0,0,0,chengdu,aliyun_chengdu,deep_chengdu,9344,6,complete,GK2026D1,,
2026-08-23T17:08:01,reply,6a256406000000002103ee56,6a27fd2f000000002803a312,complete,endpoint_exhausted,0,0,0,chengdu,aliyun_chengdu,deep_chengdu,9344,6,complete,GK2026D1,,
2026-08-23T17:08:01,reply,6a256406000000002103ee56,6a26bb82000000002900d867,complete,endpoint_exhausted,0,1,1,chengdu,aliyun_chengdu,deep_chengdu,9344,6,complete,GK2026D1,,
2026-08-23T17:08:01,reply,6a256406000000002103ee56,6a368634000000000b03927c,complete,endpoint_exhausted,0,0,0,chengdu,aliyun_chengdu,deep_chengdu,9344,6,complete,GK2026D1,,
2026-08-23T17:08:01,reply,6a256406000000002103ee56,6a30bedb00000000290345cf,complete,endpoint_exhausted,0,0,0,chengdu,aliyun_chengdu,deep_chengdu,9344,6,complete,GK2026D1,,
2026-08-23T17:08:01,reply,6a256406000000002103ee56,6a29519f0000000028033978,complete,endpoint_exhausted,0,1,1,chengdu,aliyun_chengdu,deep_chengdu,9344,6,complete,GK2026D1,,
2026-08-23T17:08:01,reply,6a256406000000002103ee56,6a293df7000000002901b7b4,complete,endpoint_exhausted,0,0,0,chengdu,aliyun_chengdu,deep_chengdu,9344,6,complete,GK2026D1,,
2026-08-23T17:08:01,reply,6a256406000000002103ee56,6a292247000000002702354b,complete,endpoint_exhausted,0,1,1,chengdu,aliyun_chengdu,deep_chengdu,9344,6,complete,GK2026D1,,
2026-08-23T17:08:17,reply,6a256406000000002103ee56,6a2835f70000000027015a56,complete,endpoint_exhausted,0,0,0,chengdu,aliyun_chengdu,deep_chengdu,9344,6,complete,GK2026D1,,
2026-08-23T17:08:17,reply,6a256406000000002103ee56,6a28312c000000002902c459,complete,endpoint_exhausted,0,0,0,chengdu,aliyun_chengdu,deep_chengdu,9344,6,complete,GK2026D1,,
2026-08-23T17:08:17,reply,6a256406000000002103ee56,6a282f080000000029026c9c,complete,endpoint_exhausted,0,1,1,chengdu,aliyun_chengdu,deep_chengdu,9344,6,complete,GK2026D1,,
2026-08-23T17:08:17,reply,6a256406000000002103ee56,6a282d16000000002803532e,complete,endpoint_exhausted,0,0,0,chengdu,aliyun_chengdu,deep_chengdu,9344,6,complete,GK2026D1,,
2026-08-23T17:08:17,reply,6a256406000000002103ee56,6a2821c6000000002300d97d,complete,endpoint_exhausted,0,0,0,chengdu,aliyun_chengdu,deep_chengdu,9344,6,complete,GK2026D1,,
2026-08-23T17:08:17,reply,6a256406000000002103ee56,6a28082c000000002203e0d7,complete,endpoint_exhausted,0,1,1,chengdu,aliyun_chengdu,deep_chengdu,9344,6,complete,GK2026D1,,
2026-08-23T17:08:17,reply,6a256406000000002103ee56,6a2804a00000000029012aa8,complete,endpoint_exhausted,0,0,0,chengdu,aliyun_chengdu,deep_chengdu,9344,6,complete,GK2026D1,,
2026-08-23T17:08:34,reply,6a256406000000002103ee56,6a27fb590000000027028986,complete,endpoint_exhausted,1,2,2,chengdu,aliyun_chengdu,deep_chengdu,9344,6,complete,GK2026D1,,
2026-08-23T17:08:34,reply,6a256406000000002103ee56,6a27e9cd0000000028032f25,complete,endpoint_exhausted,0,1,1,chengdu,aliyun_chengdu,deep_chengdu,9344,6,complete,GK2026D1,,
2026-08-23T17:08:34,reply,6a256406000000002103ee56,6a27e4e7000000002803f06b,complete,endpoint_exhausted,0,0,0,chengdu,aliyun_chengdu,deep_chengdu,9344,6,complete,GK2026D1,,
2026-08-23T17:08:52,reply,6a256406000000002103ee56,6a27c878000000002a02d2a8,complete,endpoint_exhausted,0,1,1,chengdu,aliyun_chengdu,deep_chengdu,9344,6,complete,GK2026D1,,
2026-08-23T17:09:08,reply,6a256406000000002103ee56,6a2798260000000029034512,complete,endpoint_exhausted,1,3,3,chengdu,aliyun_chengdu,deep_chengdu,9344,6,complete,GK2026D1,,
2026-08-23T17:09:08,reply,6a256406000000002103ee56,6a2788bc0000000029024b31,complete,endpoint_exhausted,0,0,0,chengdu,aliyun_chengdu,deep_chengdu,9344,6,complete,GK2026D1,,
2026-08-23T17:09:08,reply,6a256406000000002103ee56,6a27710a0000000028008802,complete,endpoint_exhausted,0,0,0,chengdu,aliyun_chengdu,deep_chengdu,9344,6,complete,GK2026D1,,
2026-08-23T17:09:08,reply,6a256406000000002103ee56,6a26e142000000002a02c324,complete,endpoint_exhausted,0,0,0,chengdu,aliyun_chengdu,deep_chengdu,9344,6,complete,GK2026D1,,
2026-08-23T17:09:08,reply,6a256406000000002103ee56,6a26b7750000000028034270,complete,endpoint_exhausted,0,0,0,chengdu,aliyun_chengdu,deep_chengdu,9344,6,complete,GK2026D1,,
2026-08-23T17:09:08,reply,6a256406000000002103ee56,6a26872a000000002702d247,complete,endpoint_exhausted,0,0,0,chengdu,aliyun_chengdu,deep_chengdu,9344,6,complete,GK2026D1,,
2026-08-23T17:09:08,reply,6a256406000000002103ee56,6a268539000000002900c16c,complete,endpoint_exhausted,0,1,1,chengdu,aliyun_chengdu,deep_chengdu,9344,6,complete,GK2026D1,,
2026-08-23T17:09:08,reply,6a256406000000002103ee56,6a2672bd000000002702da6e,complete,endpoint_exhausted,0,0,0,chengdu,aliyun_chengdu,deep_chengdu,9344,6,complete,GK2026D1,,
2026-08-23T17:09:25,reply,6a256406000000002103ee56,6a2666eb00000000280328bc,complete,endpoint_exhausted,1,2,2,chengdu,aliyun_chengdu,deep_chengdu,9344,6,complete,GK2026D1,,
2026-08-23T17:09:42,reply,6a256406000000002103ee56,6a2656a8000000002100f8bd,complete,endpoint_exhausted,0,1,1,chengdu,aliyun_chengdu,deep_chengdu,9344,6,complete,GK2026D1,,
2026-08-23T17:09:42,reply,6a256406000000002103ee56,6a26537d000000002a02c548,complete,endpoint_exhausted,0,0,0,chengdu,aliyun_chengdu,deep_chengdu,9344,6,complete,GK2026D1,,
2026-08-23T17:09:42,reply,6a256406000000002103ee56,6a264e450000000029011e28,complete,endpoint_exhausted,0,0,0,chengdu,aliyun_chengdu,deep_chengdu,9344,6,complete,GK2026D1,,
2026-08-23T17:09:42,reply,6a256406000000002103ee56,6a264828000000002803a836,complete,endpoint_exhausted,0,1,1,chengdu,aliyun_chengdu,deep_chengdu,9344,6,complete,GK2026D1,,
2026-08-23T17:09:42,reply,6a256406000000002103ee56,6a2645ca00000000280307a2,complete,endpoint_exhausted,0,0,0,chengdu,aliyun_chengdu,deep_chengdu,9344,6,complete,GK2026D1,,
2026-08-23T17:09:42,reply,6a256406000000002103ee56,6a2636eb00000000280383b2,complete,endpoint_exhausted,0,1,1,chengdu,aliyun_chengdu,deep_chengdu,9344,6,complete,GK2026D1,,
2026-08-23T17:09:42,reply,6a256406000000002103ee56,6a2633dc000000002a004b03,complete,endpoint_exhausted,0,1,1,chengdu,aliyun_chengdu,deep_chengdu,9344,6,complete,GK2026D1,,
2026-08-23T17:09:42,reply,6a256406000000002103ee56,6a2625cc000000002b026fef,complete,endpoint_exhausted,0,0,0,chengdu,aliyun_chengdu,deep_chengdu,9344,6,complete,GK2026D1,,
2026-08-23T17:09:42,reply,6a256406000000002103ee56,6a2571a400000000280388ff,complete,endpoint_exhausted,0,1,1,chengdu,aliyun_chengdu,deep_chengdu,9344,6,complete,GK2026D1,,
2026-08-23T17:09:42,reply,6a256406000000002103ee56,6a2566d8000000002b0264dd,complete,endpoint_exhausted,0,0,0,chengdu,aliyun_chengdu,deep_chengdu,9344,6,complete,GK2026D1,,
2026-08-23T17:09:59,top_level,6a256406000000002103ee56,,complete,endpoint_exhausted,8,70,,chengdu,aliyun_chengdu,deep_chengdu,9344,6,complete,GK2026D1,True,
2026-08-23T17:50:52,reply,6a268adb000000002003a452,6a269362000000002701c9f1,complete,endpoint_exhausted,0,0,0,chengdu,aliyun_chengdu,deep_chengdu,9344,7,complete,GK2026D1,,
2026-08-23T17:51:26,reply,6a268adb000000002003a452,6a26bc400000000028034fd1,complete,endpoint_exhausted,2,8,8,chengdu,aliyun_chengdu,deep_chengdu,9344,7,complete,GK2026D1,,
2026-08-23T17:51:42,reply,6a268adb000000002003a452,6a268c50000000002702d093,complete,endpoint_exhausted,1,5,5,chengdu,aliyun_chengdu,deep_chengdu,9344,7,complete,GK2026D1,,
2026-08-23T17:51:42,reply,6a268adb000000002003a452,6a26cba7000000002702304e,complete,endpoint_exhausted,0,1,1,chengdu,aliyun_chengdu,deep_chengdu,9344,7,complete,GK2026D1,,
2026-08-23T17:51:59,reply,6a268adb000000002003a452,6a28af720000000027023de4,complete,endpoint_exhausted,1,4,4,chengdu,aliyun_chengdu,deep_chengdu,9344,7,complete,GK2026D1,,
2026-08-23T17:52:16,reply,6a268adb000000002003a452,6a280304000000002a030501,complete,endpoint_exhausted,1,4,4,chengdu,aliyun_chengdu,deep_chengdu,9344,7,complete,GK2026D1,,
2026-08-23T17:52:32,reply,6a268adb000000002003a452,6a26d1b70000000027029c0c,complete,endpoint_exhausted,1,2,2,chengdu,aliyun_chengdu,deep_chengdu,9344,7,complete,GK2026D1,,
2026-08-23T17:52:49,reply,6a268adb000000002003a452,6a2721e200000000280097dc,complete,endpoint_exhausted,1,2,2,chengdu,aliyun_chengdu,deep_chengdu,9344,7,complete,GK2026D1,,
2026-08-23T17:52:49,reply,6a268adb000000002003a452,6a26991a000000002800a32b,complete,endpoint_exhausted,0,0,0,chengdu,aliyun_chengdu,deep_chengdu,9344,7,complete,GK2026D1,,
2026-08-23T17:52:49,reply,6a268adb000000002003a452,6a277562000000002701c107,complete,endpoint_exhausted,0,0,0,chengdu,aliyun_chengdu,deep_chengdu,9344,7,complete,GK2026D1,,
2026-08-23T17:53:06,reply,6a268adb000000002003a452,6a295925000000002702ee2e,complete,endpoint_exhausted,0,0,0,chengdu,aliyun_chengdu,deep_chengdu,9344,7,complete,GK2026D1,,
2026-08-23T17:53:06,reply,6a268adb000000002003a452,6a28f70500000000270166ff,complete,endpoint_exhausted,0,0,0,chengdu,aliyun_chengdu,deep_chengdu,9344,7,complete,GK2026D1,,
2026-08-23T17:53:06,reply,6a268adb000000002003a452,6a28d08a0000000027017701,complete,endpoint_exhausted,0,0,0,chengdu,aliyun_chengdu,deep_chengdu,9344,7,complete,GK2026D1,,
2026-08-23T17:53:06,reply,6a268adb000000002003a452,6a28cb1d000000002300e544,complete,endpoint_exhausted,0,0,0,chengdu,aliyun_chengdu,deep_chengdu,9344,7,complete,GK2026D1,,
2026-08-23T17:53:06,reply,6a268adb000000002003a452,6a28c0ca0000000029034929,complete,endpoint_exhausted,0,0,0,chengdu,aliyun_chengdu,deep_chengdu,9344,7,complete,GK2026D1,,
2026-08-23T17:53:06,reply,6a268adb000000002003a452,6a28b7f10000000029037871,complete,endpoint_exhausted,0,0,0,chengdu,aliyun_chengdu,deep_chengdu,9344,7,complete,GK2026D1,,
2026-08-23T17:53:06,reply,6a268adb000000002003a452,6a28b7cf0000000028031000,complete,endpoint_exhausted,0,0,0,chengdu,aliyun_chengdu,deep_chengdu,9344,7,complete,GK2026D1,,
2026-08-23T17:53:06,reply,6a268adb000000002003a452,6a28b7ca000000002a02e27a,complete,endpoint_exhausted,0,0,0,chengdu,aliyun_chengdu,deep_chengdu,9344,7,complete,GK2026D1,,
2026-08-23T17:53:06,reply,6a268adb000000002003a452,6a28aa660000000028037d5a,complete,endpoint_exhausted,0,0,0,chengdu,aliyun_chengdu,deep_chengdu,9344,7,complete,GK2026D1,,
2026-08-23T17:53:06,reply,6a268adb000000002003a452,6a289d90000000002701fce4,complete,endpoint_exhausted,0,0,0,chengdu,aliyun_chengdu,deep_chengdu,9344,7,complete,GK2026D1,,
2026-08-23T17:53:23,reply,6a268adb000000002003a452,6a289d0b000000002b003de1,complete,endpoint_exhausted,0,0,0,chengdu,aliyun_chengdu,deep_chengdu,9344,7,complete,GK2026D1,,
2026-08-23T17:53:23,reply,6a268adb000000002003a452,6a289390000000002803e495,complete,endpoint_exhausted,0,0,0,chengdu,aliyun_chengdu,deep_chengdu,9344,7,complete,GK2026D1,,
2026-08-23T17:53:23,reply,6a268adb000000002003a452,6a285dbf000000002901ad4c,complete,endpoint_exhausted,0,0,0,chengdu,aliyun_chengdu,deep_chengdu,9344,7,complete,GK2026D1,,
2026-08-23T17:53:23,reply,6a268adb000000002003a452,6a28441b0000000028008b9b,complete,endpoint_exhausted,0,0,0,chengdu,aliyun_chengdu,deep_chengdu,9344,7,complete,GK2026D1,,
2026-08-23T17:53:23,reply,6a268adb000000002003a452,6a283bac000000002a0324cb,complete,endpoint_exhausted,0,0,0,chengdu,aliyun_chengdu,deep_chengdu,9344,7,complete,GK2026D1,,
2026-08-23T17:53:23,reply,6a268adb000000002003a452,6a283aee000000002a024359,complete,endpoint_exhausted,0,0,0,chengdu,aliyun_chengdu,deep_chengdu,9344,7,complete,GK2026D1,,
2026-08-23T17:53:23,reply,6a268adb000000002003a452,6a2837dd0000000029011752,complete,endpoint_exhausted,0,0,0,chengdu,aliyun_chengdu,deep_chengdu,9344,7,complete,GK2026D1,,
2026-08-23T17:53:23,reply,6a268adb000000002003a452,6a281ec3000000002803c2b4,complete,endpoint_exhausted,0,0,0,chengdu,aliyun_chengdu,deep_chengdu,9344,7,complete,GK2026D1,,
2026-08-23T17:53:23,reply,6a268adb000000002003a452,6a281e63000000002a024e75,complete,endpoint_exhausted,0,0,0,chengdu,aliyun_chengdu,deep_chengdu,9344,7,complete,GK2026D1,,
2026-08-23T17:53:23,reply,6a268adb000000002003a452,6a280b62000000002803dfa3,complete,endpoint_exhausted,0,0,0,chengdu,aliyun_chengdu,deep_chengdu,9344,7,complete,GK2026D1,,
2026-08-23T17:53:40,reply,6a268adb000000002003a452,6a280b27000000002701d767,complete,endpoint_exhausted,0,0,0,chengdu,aliyun_chengdu,deep_chengdu,9344,7,complete,GK2026D1,,
2026-08-23T17:53:40,reply,6a268adb000000002003a452,6a27ff4f00000000270168e8,complete,endpoint_exhausted,0,0,0,chengdu,aliyun_chengdu,deep_chengdu,9344,7,complete,GK2026D1,,
2026-08-23T17:53:40,reply,6a268adb000000002003a452,6a27ff41000000002701ed3a,complete,endpoint_exhausted,0,0,0,chengdu,aliyun_chengdu,deep_chengdu,9344,7,complete,GK2026D1,,
2026-08-23T17:53:40,reply,6a268adb000000002003a452,6a27dd300000000029018f35,complete,endpoint_exhausted,0,0,0,chengdu,aliyun_chengdu,deep_chengdu,9344,7,complete,GK2026D1,,
2026-08-23T17:53:40,reply,6a268adb000000002003a452,6a27c38a00000000290110d8,complete,endpoint_exhausted,0,0,0,chengdu,aliyun_chengdu,deep_chengdu,9344,7,complete,GK2026D1,,
2026-08-23T17:53:40,reply,6a268adb000000002003a452,6a278ea8000000002b02ada0,complete,endpoint_exhausted,0,0,0,chengdu,aliyun_chengdu,deep_chengdu,9344,7,complete,GK2026D1,,
2026-08-23T17:53:40,reply,6a268adb000000002003a452,6a277ddc000000002b02783c,complete,endpoint_exhausted,0,0,0,chengdu,aliyun_chengdu,deep_chengdu,9344,7,complete,GK2026D1,,
2026-08-23T17:53:40,reply,6a268adb000000002003a452,6a277b3e000000002803191b,complete,endpoint_exhausted,0,0,0,chengdu,aliyun_chengdu,deep_chengdu,9344,7,complete,GK2026D1,,
2026-08-23T17:53:40,reply,6a268adb000000002003a452,6a276878000000002b02b091,complete,endpoint_exhausted,0,0,0,chengdu,aliyun_chengdu,deep_chengdu,9344,7,complete,GK2026D1,,
2026-08-23T17:53:40,reply,6a268adb000000002003a452,6a2737f50000000029024881,complete,endpoint_exhausted,0,0,0,chengdu,aliyun_chengdu,deep_chengdu,9344,7,complete,GK2026D1,,
2026-08-23T17:53:57,reply,6a268adb000000002003a452,6a2711df0000000028030240,complete,endpoint_exhausted,0,0,0,chengdu,aliyun_chengdu,deep_chengdu,9344,7,complete,GK2026D1,,
2026-08-23T17:53:57,reply,6a268adb000000002003a452,6a270a14000000000d021800,complete,endpoint_exhausted,0,0,0,chengdu,aliyun_chengdu,deep_chengdu,9344,7,complete,GK2026D1,,
2026-08-23T17:53:57,reply,6a268adb000000002003a452,6a26d658000000002701ce1d,complete,endpoint_exhausted,0,0,0,chengdu,aliyun_chengdu,deep_chengdu,9344,7,complete,GK2026D1,,
2026-08-23T17:53:57,reply,6a268adb000000002003a452,6a26cbcc000000002701de8b,complete,endpoint_exhausted,0,0,0,chengdu,aliyun_chengdu,deep_chengdu,9344,7,complete,GK2026D1,,
2026-08-23T17:53:57,reply,6a268adb000000002003a452,6a26cb05000000002901340d,complete,endpoint_exhausted,0,0,0,chengdu,aliyun_chengdu,deep_chengdu,9344,7,complete,GK2026D1,,
2026-08-23T17:53:57,reply,6a268adb000000002003a452,6a26ba0c000000002803360a,complete,endpoint_exhausted,0,0,0,chengdu,aliyun_chengdu,deep_chengdu,9344,7,complete,GK2026D1,,
2026-08-23T17:53:57,reply,6a268adb000000002003a452,6a28e621000000002902d7f5,complete,endpoint_exhausted,0,0,0,chengdu,aliyun_chengdu,deep_chengdu,9344,7,complete,GK2026D1,,
2026-08-23T17:53:57,reply,6a268adb000000002003a452,6a28d9420000000028039d5d,complete,endpoint_exhausted,0,0,0,chengdu,aliyun_chengdu,deep_chengdu,9344,7,complete,GK2026D1,,
2026-08-23T17:53:57,reply,6a268adb000000002003a452,6a27c3a90000000029027cd6,complete,endpoint_exhausted,0,0,0,chengdu,aliyun_chengdu,deep_chengdu,9344,7,complete,GK2026D1,,
2026-08-23T17:53:57,reply,6a268adb000000002003a452,6a2798020000000027022903,complete,endpoint_exhausted,0,0,0,chengdu,aliyun_chengdu,deep_chengdu,9344,7,complete,GK2026D1,,
2026-08-23T17:54:13,reply,6a268adb000000002003a452,6a26a9120000000028008fc2,complete,endpoint_exhausted,0,0,0,chengdu,aliyun_chengdu,deep_chengdu,9344,7,complete,GK2026D1,,
2026-08-23T17:54:13,reply,6a268adb000000002003a452,6a289fcb000000002803a765,complete,endpoint_exhausted,0,0,0,chengdu,aliyun_chengdu,deep_chengdu,9344,7,complete,GK2026D1,,
2026-08-23T17:54:13,top_level,6a268adb000000002003a452,,complete,endpoint_exhausted,6,52,,chengdu,aliyun_chengdu,deep_chengdu,9344,7,complete,GK2026D1,True,
2026-08-23T18:05:06,reply,6a266e7400000000220272b3,6a266ed4000000002902dd01,complete,endpoint_exhausted,0,0,0,chengdu,aliyun_chengdu,deep_chengdu,9344,8,complete,GK2026D1,,
2026-08-23T18:05:06,reply,6a266e7400000000220272b3,6a2b70be000000002903658c,complete,endpoint_exhausted,0,0,0,chengdu,aliyun_chengdu,deep_chengdu,9344,8,complete,GK2026D1,,
2026-08-23T18:05:06,reply,6a266e7400000000220272b3,6a276d5100000000270203fd,complete,endpoint_exhausted,0,0,0,chengdu,aliyun_chengdu,deep_chengdu,9344,8,complete,GK2026D1,,
2026-08-23T18:05:06,reply,6a266e7400000000220272b3,6a26ee46000000002b0278b5,complete,endpoint_exhausted,0,0,0,chengdu,aliyun_chengdu,deep_chengdu,9344,8,complete,GK2026D1,,
2026-08-23T18:05:06,reply,6a266e7400000000220272b3,6a448439000000002b02ad04,complete,endpoint_exhausted,0,0,0,chengdu,aliyun_chengdu,deep_chengdu,9344,8,complete,GK2026D1,,
2026-08-23T18:05:06,top_level,6a266e7400000000220272b3,,complete,endpoint_exhausted,1,5,,chengdu,aliyun_chengdu,deep_chengdu,9344,8,complete,GK2026D1,True,
2026-08-23T18:15:57,reply,6a262ff5000000002103e0e0,6a3f440a000000002901936a,complete,endpoint_exhausted,0,0,0,chengdu,aliyun_chengdu,deep_chengdu,9344,9,complete,GK2026D1,,
2026-08-23T18:15:57,top_level,6a262ff5000000002103e0e0,,complete,endpoint_exhausted,1,1,,chengdu,aliyun_chengdu,deep_chengdu,9344,9,complete,GK2026D1,True,
2026-08-23T18:26:50,reply,6a25132600000000080332ab,6a26ccec000000002b02b7f2,complete,endpoint_exhausted,0,1,1,chengdu,aliyun_chengdu,deep_chengdu,9344,10,complete,GK2026D1,,
2026-08-23T18:26:50,top_level,6a25132600000000080332ab,,complete,endpoint_exhausted,1,1,,chengdu,aliyun_chengdu,deep_chengdu,9344,10,complete,GK2026D1,True,
2026-08-23T18:37:44,top_level,6a237dfa000000001702ad85,,complete,endpoint_exhausted,1,0,,chengdu,aliyun_chengdu,deep_chengdu,9344,11,complete,GK2026D1,True,
2026-08-23T18:48:36,top_level,6a24c9ba0000000017009127,,complete,endpoint_exhausted,1,0,,chengdu,aliyun_chengdu,deep_chengdu,9344,12,complete,GK2026D1,True,
2026-08-23T19:29:29,reply,6a24eac60000000016024948,6a31f4aa0000000029012b75,complete,endpoint_exhausted,0,1,1,chengdu,aliyun_chengdu,deep_chengdu,9344,13,complete,GK2026D1,,
2026-08-23T19:29:29,top_level,6a24eac60000000016024948,,complete,endpoint_exhausted,1,1,,chengdu,aliyun_chengdu,deep_chengdu,9344,13,complete,GK2026D1,True,
2026-08-23T19:42:38,reply,6a24d5cd000000003502b68d,6a250907000000002b028471,complete,endpoint_exhausted,8,41,41,chengdu,aliyun_chengdu,deep_chengdu,9344,14,complete,GK2026D1,,
2026-08-23T19:43:46,reply,6a24d5cd000000003502b68d,6a24f990000000002701d88c,complete,endpoint_exhausted,4,19,19,chengdu,aliyun_chengdu,deep_chengdu,9344,14,complete,GK2026D1,,
2026-08-23T19:44:37,reply,6a24d5cd000000003502b68d,6a250beb00000000270232f3,complete,endpoint_exhausted,3,13,13,chengdu,aliyun_chengdu,deep_chengdu,9344,14,complete,GK2026D1,,
2026-08-23T19:44:53,reply,6a24d5cd000000003502b68d,6a2511e9000000002800a455,complete,endpoint_exhausted,1,3,3,chengdu,aliyun_chengdu,deep_chengdu,9344,14,complete,GK2026D1,,
2026-08-23T19:45:10,reply,6a24d5cd000000003502b68d,6a24f2990000000029026215,complete,endpoint_exhausted,1,5,5,chengdu,aliyun_chengdu,deep_chengdu,9344,14,complete,GK2026D1,,
2026-08-23T19:45:27,reply,6a24d5cd000000003502b68d,6a2604a4000000002a004ca9,complete,endpoint_exhausted,1,2,2,chengdu,aliyun_chengdu,deep_chengdu,9344,14,complete,GK2026D1,,
2026-08-23T19:45:27,reply,6a24d5cd000000003502b68d,6a2602ee000000002803e977,complete,endpoint_exhausted,0,1,1,chengdu,aliyun_chengdu,deep_chengdu,9344,14,complete,GK2026D1,,
2026-08-23T19:45:27,reply,6a24d5cd000000003502b68d,6a2606eb000000002a032812,complete,endpoint_exhausted,0,1,1,chengdu,aliyun_chengdu,deep_chengdu,9344,14,complete,GK2026D1,,
2026-08-23T19:45:27,reply,6a24d5cd000000003502b68d,6a25e4770000000028008a69,complete,endpoint_exhausted,0,1,1,chengdu,aliyun_chengdu,deep_chengdu,9344,14,complete,GK2026D1,,
2026-08-23T19:45:27,reply,6a24d5cd000000003502b68d,6a27c8b5000000002a00627e,complete,endpoint_exhausted,0,0,0,chengdu,aliyun_chengdu,deep_chengdu,9344,14,complete,GK2026D1,,
2026-08-23T19:45:43,reply,6a24d5cd000000003502b68d,6a28c51d000000002702dfa4,complete,endpoint_exhausted,0,0,0,chengdu,aliyun_chengdu,deep_chengdu,9344,14,complete,GK2026D1,,
2026-08-23T19:45:43,reply,6a24d5cd000000003502b68d,6a28a0c30000000027029075,complete,endpoint_exhausted,0,0,0,chengdu,aliyun_chengdu,deep_chengdu,9344,14,complete,GK2026D1,,
2026-08-23T19:45:43,reply,6a24d5cd000000003502b68d,6a27ffce00000000270239d3,complete,endpoint_exhausted,0,0,0,chengdu,aliyun_chengdu,deep_chengdu,9344,14,complete,GK2026D1,,
2026-08-23T19:45:43,reply,6a24d5cd000000003502b68d,6a27f6920000000027020367,complete,endpoint_exhausted,0,0,0,chengdu,aliyun_chengdu,deep_chengdu,9344,14,complete,GK2026D1,,
2026-08-23T19:45:43,reply,6a24d5cd000000003502b68d,6a27f4ed000000002b0011cd,complete,endpoint_exhausted,0,0,0,chengdu,aliyun_chengdu,deep_chengdu,9344,14,complete,GK2026D1,,
2026-08-23T19:45:43,reply,6a24d5cd000000003502b68d,6a27df04000000002702d25d,complete,endpoint_exhausted,0,0,0,chengdu,aliyun_chengdu,deep_chengdu,9344,14,complete,GK2026D1,,
2026-08-23T19:45:43,reply,6a24d5cd000000003502b68d,6a27cf05000000002800b659,complete,endpoint_exhausted,0,0,0,chengdu,aliyun_chengdu,deep_chengdu,9344,14,complete,GK2026D1,,
2026-08-23T19:45:43,reply,6a24d5cd000000003502b68d,6a27b2280000000029019a4b,complete,endpoint_exhausted,0,0,0,chengdu,aliyun_chengdu,deep_chengdu,9344,14,complete,GK2026D1,,
2026-08-23T19:45:43,reply,6a24d5cd000000003502b68d,6a27afcb0000000027014a7b,complete,endpoint_exhausted,0,0,0,chengdu,aliyun_chengdu,deep_chengdu,9344,14,complete,GK2026D1,,
2026-08-23T19:45:43,reply,6a24d5cd000000003502b68d,6a279b2c000000002a0061ad,complete,endpoint_exhausted,0,0,0,chengdu,aliyun_chengdu,deep_chengdu,9344,14,complete,GK2026D1,,
2026-08-23T19:46:01,reply,6a24d5cd000000003502b68d,6a279919000000002a02cb5e,complete,endpoint_exhausted,0,0,0,chengdu,aliyun_chengdu,deep_chengdu,9344,14,complete,GK2026D1,,
2026-08-23T19:46:01,reply,6a24d5cd000000003502b68d,6a27908e000000002701497e,complete,endpoint_exhausted,0,0,0,chengdu,aliyun_chengdu,deep_chengdu,9344,14,complete,GK2026D1,,
2026-08-23T19:46:01,reply,6a24d5cd000000003502b68d,6a278820000000002901a328,complete,endpoint_exhausted,0,0,0,chengdu,aliyun_chengdu,deep_chengdu,9344,14,complete,GK2026D1,,
2026-08-23T19:46:01,reply,6a24d5cd000000003502b68d,6a277f89000000002b02b175,complete,endpoint_exhausted,0,0,0,chengdu,aliyun_chengdu,deep_chengdu,9344,14,complete,GK2026D1,,
2026-08-23T19:46:01,reply,6a24d5cd000000003502b68d,6a277dba000000002a031d1e,complete,endpoint_exhausted,0,0,0,chengdu,aliyun_chengdu,deep_chengdu,9344,14,complete,GK2026D1,,
2026-08-23T19:46:01,reply,6a24d5cd000000003502b68d,6a276bb100000000270200a3,complete,endpoint_exhausted,0,0,0,chengdu,aliyun_chengdu,deep_chengdu,9344,14,complete,GK2026D1,,
2026-08-23T19:46:01,reply,6a24d5cd000000003502b68d,6a276377000000002b024951,complete,endpoint_exhausted,0,0,0,chengdu,aliyun_chengdu,deep_chengdu,9344,14,complete,GK2026D1,,
2026-08-23T19:46:01,reply,6a24d5cd000000003502b68d,6a275d67000000002b026e39,complete,endpoint_exhausted,0,0,0,chengdu,aliyun_chengdu,deep_chengdu,9344,14,complete,GK2026D1,,
2026-08-23T19:46:01,reply,6a24d5cd000000003502b68d,6a274a430000000027017d3f,complete,endpoint_exhausted,0,0,0,chengdu,aliyun_chengdu,deep_chengdu,9344,14,complete,GK2026D1,,
2026-08-23T19:46:01,reply,6a24d5cd000000003502b68d,6a273daa000000002803a089,complete,endpoint_exhausted,0,0,0,chengdu,aliyun_chengdu,deep_chengdu,9344,14,complete,GK2026D1,,
2026-08-23T19:46:18,reply,6a24d5cd000000003502b68d,6a26ee770000000027016859,complete,endpoint_exhausted,0,0,0,chengdu,aliyun_chengdu,deep_chengdu,9344,14,complete,GK2026D1,,
2026-08-23T19:46:18,reply,6a24d5cd000000003502b68d,6a26dbf2000000002a026619,complete,endpoint_exhausted,0,0,0,chengdu,aliyun_chengdu,deep_chengdu,9344,14,complete,GK2026D1,,
2026-08-23T19:46:18,reply,6a24d5cd000000003502b68d,6a26bdc20000000028038d10,complete,endpoint_exhausted,0,0,0,chengdu,aliyun_chengdu,deep_chengdu,9344,14,complete,GK2026D1,,
2026-08-23T19:46:18,reply,6a24d5cd000000003502b68d,6a26b446000000002800a4c0,complete,endpoint_exhausted,0,0,0,chengdu,aliyun_chengdu,deep_chengdu,9344,14,complete,GK2026D1,,
2026-08-23T19:46:18,reply,6a24d5cd000000003502b68d,6a26af90000000002b027b47,complete,endpoint_exhausted,0,0,0,chengdu,aliyun_chengdu,deep_chengdu,9344,14,complete,GK2026D1,,
2026-08-23T19:46:18,reply,6a24d5cd000000003502b68d,6a26a4450000000029026fff,complete,endpoint_exhausted,0,0,0,chengdu,aliyun_chengdu,deep_chengdu,9344,14,complete,GK2026D1,,
2026-08-23T19:46:18,reply,6a24d5cd000000003502b68d,6a26a15e00000000290264b9,complete,endpoint_exhausted,0,0,0,chengdu,aliyun_chengdu,deep_chengdu,9344,14,complete,GK2026D1,,
2026-08-23T19:46:18,reply,6a24d5cd000000003502b68d,6a269f7f000000002701f49f,complete,endpoint_exhausted,0,0,0,chengdu,aliyun_chengdu,deep_chengdu,9344,14,complete,GK2026D1,,
2026-08-23T19:46:18,reply,6a24d5cd000000003502b68d,6a26995f00000000290275ce,complete,endpoint_exhausted,0,0,0,chengdu,aliyun_chengdu,deep_chengdu,9344,14,complete,GK2026D1,,
2026-08-23T19:46:18,reply,6a24d5cd000000003502b68d,6a268b70000000002702b7fe,complete,endpoint_exhausted,0,0,0,chengdu,aliyun_chengdu,deep_chengdu,9344,14,complete,GK2026D1,,
2026-08-23T19:46:34,reply,6a24d5cd000000003502b68d,6a268a51000000002901836c,complete,endpoint_exhausted,0,0,0,chengdu,aliyun_chengdu,deep_chengdu,9344,14,complete,GK2026D1,,
2026-08-23T19:46:34,reply,6a24d5cd000000003502b68d,6a268a4b0000000029027f36,complete,endpoint_exhausted,0,0,0,chengdu,aliyun_chengdu,deep_chengdu,9344,14,complete,GK2026D1,,
2026-08-23T19:46:34,reply,6a24d5cd000000003502b68d,6a26863400000000270159c2,complete,endpoint_exhausted,0,0,0,chengdu,aliyun_chengdu,deep_chengdu,9344,14,complete,GK2026D1,,
2026-08-23T19:46:34,reply,6a24d5cd000000003502b68d,6a26838000000000270291bb,complete,endpoint_exhausted,0,0,0,chengdu,aliyun_chengdu,deep_chengdu,9344,14,complete,GK2026D1,,
2026-08-23T19:46:34,reply,6a24d5cd000000003502b68d,6a267dfc000000002901b723,complete,endpoint_exhausted,0,0,0,chengdu,aliyun_chengdu,deep_chengdu,9344,14,complete,GK2026D1,,
2026-08-23T19:46:34,reply,6a24d5cd000000003502b68d,6a267a28000000002b02a726,complete,endpoint_exhausted,0,0,0,chengdu,aliyun_chengdu,deep_chengdu,9344,14,complete,GK2026D1,,
2026-08-23T19:46:34,reply,6a24d5cd000000003502b68d,6a267a1a000000002b02a4d9,complete,endpoint_exhausted,0,0,0,chengdu,aliyun_chengdu,deep_chengdu,9344,14,complete,GK2026D1,,
2026-08-23T19:46:34,reply,6a24d5cd000000003502b68d,6a2670f5000000002902f2c6,complete,endpoint_exhausted,0,0,0,chengdu,aliyun_chengdu,deep_chengdu,9344,14,complete,GK2026D1,,
2026-08-23T19:46:34,reply,6a24d5cd000000003502b68d,6a2665f6000000002702a505,complete,endpoint_exhausted,0,0,0,chengdu,aliyun_chengdu,deep_chengdu,9344,14,complete,GK2026D1,,
2026-08-23T19:46:34,reply,6a24d5cd000000003502b68d,6a26654c000000002901bf47,complete,endpoint_exhausted,0,0,0,chengdu,aliyun_chengdu,deep_chengdu,9344,14,complete,GK2026D1,,
2026-08-23T19:46:51,reply,6a24d5cd000000003502b68d,6a265bbf0000000027014084,complete,endpoint_exhausted,0,0,0,chengdu,aliyun_chengdu,deep_chengdu,9344,14,complete,GK2026D1,,
2026-08-23T19:46:51,reply,6a24d5cd000000003502b68d,6a2658c4000000002702208c,complete,endpoint_exhausted,0,0,0,chengdu,aliyun_chengdu,deep_chengdu,9344,14,complete,GK2026D1,,
2026-08-23T19:46:51,reply,6a24d5cd000000003502b68d,6a2656c9000000002a004ece,complete,endpoint_exhausted,0,0,0,chengdu,aliyun_chengdu,deep_chengdu,9344,14,complete,GK2026D1,,
2026-08-23T19:46:52,reply,6a24d5cd000000003502b68d,6a264bca00000000270178f0,complete,endpoint_exhausted,0,0,0,chengdu,aliyun_chengdu,deep_chengdu,9344,14,complete,GK2026D1,,
2026-08-23T19:46:52,reply,6a24d5cd000000003502b68d,6a264b03000000002900d747,complete,endpoint_exhausted,0,0,0,chengdu,aliyun_chengdu,deep_chengdu,9344,14,complete,GK2026D1,,
2026-08-23T19:46:52,reply,6a24d5cd000000003502b68d,6a263ed5000000002803a743,complete,endpoint_exhausted,0,0,0,chengdu,aliyun_chengdu,deep_chengdu,9344,14,complete,GK2026D1,,
2026-08-23T19:46:52,reply,6a24d5cd000000003502b68d,6a263e05000000002701e58f,complete,endpoint_exhausted,0,0,0,chengdu,aliyun_chengdu,deep_chengdu,9344,14,complete,GK2026D1,,
2026-08-23T19:46:52,reply,6a24d5cd000000003502b68d,6a263d4a00000000290375f6,complete,endpoint_exhausted,0,0,0,chengdu,aliyun_chengdu,deep_chengdu,9344,14,complete,GK2026D1,,
2026-08-23T19:46:52,reply,6a24d5cd000000003502b68d,6a263c8500000000280363ae,complete,endpoint_exhausted,0,0,0,chengdu,aliyun_chengdu,deep_chengdu,9344,14,complete,GK2026D1,,
2026-08-23T19:46:52,reply,6a24d5cd000000003502b68d,6a263c1f000000002901b0bb,complete,endpoint_exhausted,0,0,0,chengdu,aliyun_chengdu,deep_chengdu,9344,14,complete,GK2026D1,,
2026-08-23T19:47:09,reply,6a24d5cd000000003502b68d,6a26344b000000002b001738,complete,endpoint_exhausted,0,0,0,chengdu,aliyun_chengdu,deep_chengdu,9344,14,complete,GK2026D1,,
2026-08-23T19:47:09,reply,6a24d5cd000000003502b68d,6a263341000000002701f003,complete,endpoint_exhausted,0,0,0,chengdu,aliyun_chengdu,deep_chengdu,9344,14,complete,GK2026D1,,
2026-08-23T19:47:09,reply,6a24d5cd000000003502b68d,6a26317e000000002902c667,complete,endpoint_exhausted,0,0,0,chengdu,aliyun_chengdu,deep_chengdu,9344,14,complete,GK2026D1,,
2026-08-23T19:47:09,reply,6a24d5cd000000003502b68d,6a262e80000000002701ecff,complete,endpoint_exhausted,0,0,0,chengdu,aliyun_chengdu,deep_chengdu,9344,14,complete,GK2026D1,,
2026-08-23T19:47:09,reply,6a24d5cd000000003502b68d,6a262d6e0000000028030ad8,complete,endpoint_exhausted,0,0,0,chengdu,aliyun_chengdu,deep_chengdu,9344,14,complete,GK2026D1,,
2026-08-23T19:47:09,reply,6a24d5cd000000003502b68d,6a2627d2000000002803c5e8,complete,endpoint_exhausted,0,0,0,chengdu,aliyun_chengdu,deep_chengdu,9344,14,complete,GK2026D1,,
2026-08-23T19:47:09,reply,6a24d5cd000000003502b68d,6a26273500000000270150cb,complete,endpoint_exhausted,0,0,0,chengdu,aliyun_chengdu,deep_chengdu,9344,14,complete,GK2026D1,,
2026-08-23T19:47:09,reply,6a24d5cd000000003502b68d,6a26269d000000002900cdd5,complete,endpoint_exhausted,0,0,0,chengdu,aliyun_chengdu,deep_chengdu,9344,14,complete,GK2026D1,,
2026-08-23T19:47:09,reply,6a24d5cd000000003502b68d,6a26249a000000002902463a,complete,endpoint_exhausted,0,0,0,chengdu,aliyun_chengdu,deep_chengdu,9344,14,complete,GK2026D1,,
2026-08-23T19:47:09,reply,6a24d5cd000000003502b68d,6a2624480000000029010905,complete,endpoint_exhausted,0,0,0,chengdu,aliyun_chengdu,deep_chengdu,9344,14,complete,GK2026D1,,
2026-08-23T19:47:26,reply,6a24d5cd000000003502b68d,6a26225e000000002a004940,complete,endpoint_exhausted,0,0,0,chengdu,aliyun_chengdu,deep_chengdu,9344,14,complete,GK2026D1,,
2026-08-23T19:47:26,reply,6a24d5cd000000003502b68d,6a26224e0000000029027cb1,complete,endpoint_exhausted,0,0,0,chengdu,aliyun_chengdu,deep_chengdu,9344,14,complete,GK2026D1,,
2026-08-23T19:47:26,reply,6a24d5cd000000003502b68d,6a2620540000000027016857,complete,endpoint_exhausted,0,0,0,chengdu,aliyun_chengdu,deep_chengdu,9344,14,complete,GK2026D1,,
2026-08-23T19:47:26,reply,6a24d5cd000000003502b68d,6a261c7b000000002b02a791,complete,endpoint_exhausted,0,0,0,chengdu,aliyun_chengdu,deep_chengdu,9344,14,complete,GK2026D1,,
2026-08-23T19:47:26,reply,6a24d5cd000000003502b68d,6a261b65000000002702c283,complete,endpoint_exhausted,0,0,0,chengdu,aliyun_chengdu,deep_chengdu,9344,14,complete,GK2026D1,,
2026-08-23T19:47:26,reply,6a24d5cd000000003502b68d,6a2618700000000027020fba,complete,endpoint_exhausted,0,0,0,chengdu,aliyun_chengdu,deep_chengdu,9344,14,complete,GK2026D1,,
2026-08-23T19:47:26,reply,6a24d5cd000000003502b68d,6a261706000000002702d347,complete,endpoint_exhausted,0,0,0,chengdu,aliyun_chengdu,deep_chengdu,9344,14,complete,GK2026D1,,
2026-08-23T19:47:26,reply,6a24d5cd000000003502b68d,6a261580000000002800875f,complete,endpoint_exhausted,0,0,0,chengdu,aliyun_chengdu,deep_chengdu,9344,14,complete,GK2026D1,,
2026-08-23T19:47:26,reply,6a24d5cd000000003502b68d,6a26156900000000280083bf,complete,endpoint_exhausted,0,0,0,chengdu,aliyun_chengdu,deep_chengdu,9344,14,complete,GK2026D1,,
2026-08-23T19:47:26,reply,6a24d5cd000000003502b68d,6a26147f0000000028035232,complete,endpoint_exhausted,0,0,0,chengdu,aliyun_chengdu,deep_chengdu,9344,14,complete,GK2026D1,,
2026-08-23T19:47:43,reply,6a24d5cd000000003502b68d,6a26145e000000002803d19c,complete,endpoint_exhausted,0,0,0,chengdu,aliyun_chengdu,deep_chengdu,9344,14,complete,GK2026D1,,
2026-08-23T19:47:43,reply,6a24d5cd000000003502b68d,6a2610f5000000002702afc4,complete,endpoint_exhausted,0,0,0,chengdu,aliyun_chengdu,deep_chengdu,9344,14,complete,GK2026D1,,
2026-08-23T19:47:43,reply,6a24d5cd000000003502b68d,6a260f94000000000d022c00,complete,endpoint_exhausted,0,0,0,chengdu,aliyun_chengdu,deep_chengdu,9344,14,complete,GK2026D1,,
2026-08-23T19:47:43,reply,6a24d5cd000000003502b68d,6a260ed500000000290251c5,complete,endpoint_exhausted,0,0,0,chengdu,aliyun_chengdu,deep_chengdu,9344,14,complete,GK2026D1,,
2026-08-23T19:47:43,reply,6a24d5cd000000003502b68d,6a260e690000000027017784,complete,endpoint_exhausted,0,0,0,chengdu,aliyun_chengdu,deep_chengdu,9344,14,complete,GK2026D1,,
2026-08-23T19:47:43,reply,6a24d5cd000000003502b68d,6a260c90000000002a026ef2,complete,endpoint_exhausted,0,0,0,chengdu,aliyun_chengdu,deep_chengdu,9344,14,complete,GK2026D1,,
2026-08-23T19:47:43,reply,6a24d5cd000000003502b68d,6a260bc1000000002702cd31,complete,endpoint_exhausted,0,0,0,chengdu,aliyun_chengdu,deep_chengdu,9344,14,complete,GK2026D1,,
2026-08-23T19:47:43,reply,6a24d5cd000000003502b68d,6a26098700000000270223a9,complete,endpoint_exhausted,0,0,0,chengdu,aliyun_chengdu,deep_chengdu,9344,14,complete,GK2026D1,,
2026-08-23T19:47:43,reply,6a24d5cd000000003502b68d,6a26094f000000002902e998,complete,endpoint_exhausted,0,0,0,chengdu,aliyun_chengdu,deep_chengdu,9344,14,complete,GK2026D1,,
2026-08-23T19:47:43,reply,6a24d5cd000000003502b68d,6a26086d0000000028038c20,complete,endpoint_exhausted,0,0,0,chengdu,aliyun_chengdu,deep_chengdu,9344,14,complete,GK2026D1,,
2026-08-23T19:47:59,reply,6a24d5cd000000003502b68d,6a2606f20000000028035fec,complete,endpoint_exhausted,0,0,0,chengdu,aliyun_chengdu,deep_chengdu,9344,14,complete,GK2026D1,,
2026-08-23T19:48:00,reply,6a24d5cd000000003502b68d,6a2606b6000000002800bae1,complete,endpoint_exhausted,0,0,0,chengdu,aliyun_chengdu,deep_chengdu,9344,14,complete,GK2026D1,,
2026-08-23T19:48:00,reply,6a24d5cd000000003502b68d,6a2605db000000002a026bf6,complete,endpoint_exhausted,0,0,0,chengdu,aliyun_chengdu,deep_chengdu,9344,14,complete,GK2026D1,,
2026-08-23T19:48:00,reply,6a24d5cd000000003502b68d,6a260335000000002800af3a,complete,endpoint_exhausted,0,0,0,chengdu,aliyun_chengdu,deep_chengdu,9344,14,complete,GK2026D1,,
2026-08-23T19:48:00,reply,6a24d5cd000000003502b68d,6a26031800000000290274e7,complete,endpoint_exhausted,0,0,0,chengdu,aliyun_chengdu,deep_chengdu,9344,14,complete,GK2026D1,,
2026-08-23T19:48:00,reply,6a24d5cd000000003502b68d,6a260273000000002803de6e,complete,endpoint_exhausted,0,0,0,chengdu,aliyun_chengdu,deep_chengdu,9344,14,complete,GK2026D1,,
2026-08-23T19:48:00,reply,6a24d5cd000000003502b68d,6a25f54a000000002a033f6f,complete,endpoint_exhausted,0,0,0,chengdu,aliyun_chengdu,deep_chengdu,9344,14,complete,GK2026D1,,
2026-08-23T19:48:00,reply,6a24d5cd000000003502b68d,6a25f3e40000000028039f13,complete,endpoint_exhausted,0,0,0,chengdu,aliyun_chengdu,deep_chengdu,9344,14,complete,GK2026D1,,
2026-08-23T19:48:00,reply,6a24d5cd000000003502b68d,6a25e987000000002701d583,complete,endpoint_exhausted,0,0,0,chengdu,aliyun_chengdu,deep_chengdu,9344,14,complete,GK2026D1,,
2026-08-23T19:48:00,reply,6a24d5cd000000003502b68d,6a25d7c1000000002900ee28,complete,endpoint_exhausted,0,0,0,chengdu,aliyun_chengdu,deep_chengdu,9344,14,complete,GK2026D1,,
2026-08-23T19:48:17,reply,6a24d5cd000000003502b68d,6a25cff7000000002803905b,complete,endpoint_exhausted,0,0,0,chengdu,aliyun_chengdu,deep_chengdu,9344,14,complete,GK2026D1,,
2026-08-23T19:48:17,reply,6a24d5cd000000003502b68d,6a25c7e7000000002902d293,complete,endpoint_exhausted,0,0,0,chengdu,aliyun_chengdu,deep_chengdu,9344,14,complete,GK2026D1,,
2026-08-23T19:48:17,reply,6a24d5cd000000003502b68d,6a25c7890000000028036fd2,complete,endpoint_exhausted,0,0,0,chengdu,aliyun_chengdu,deep_chengdu,9344,14,complete,GK2026D1,,
2026-08-23T19:48:34,reply,6a24d5cd000000003502b68d,6a25bff80000000028036d3e,complete,endpoint_exhausted,1,5,5,chengdu,aliyun_chengdu,deep_chengdu,9344,14,complete,GK2026D1,,
2026-08-23T19:48:34,reply,6a24d5cd000000003502b68d,6a25bf3c000000000d021c01,complete,endpoint_exhausted,0,0,0,chengdu,aliyun_chengdu,deep_chengdu,9344,14,complete,GK2026D1,,
2026-08-23T19:48:34,reply,6a24d5cd000000003502b68d,6a25ae56000000002803faf5,complete,endpoint_exhausted,0,0,0,chengdu,aliyun_chengdu,deep_chengdu,9344,14,complete,GK2026D1,,
2026-08-23T19:48:34,reply,6a24d5cd000000003502b68d,6a25a50d0000000029012f5c,complete,endpoint_exhausted,0,0,0,chengdu,aliyun_chengdu,deep_chengdu,9344,14,complete,GK2026D1,,
2026-08-23T19:48:34,reply,6a24d5cd000000003502b68d,6a259f64000000002803429a,complete,endpoint_exhausted,0,0,0,chengdu,aliyun_chengdu,deep_chengdu,9344,14,complete,GK2026D1,,
2026-08-23T19:48:34,reply,6a24d5cd000000003502b68d,6a259bec0000000027015a61,complete,endpoint_exhausted,0,0,0,chengdu,aliyun_chengdu,deep_chengdu,9344,14,complete,GK2026D1,,
2026-08-23T19:48:34,reply,6a24d5cd000000003502b68d,6a259b80000000002a027e61,complete,endpoint_exhausted,0,0,0,chengdu,aliyun_chengdu,deep_chengdu,9344,14,complete,GK2026D1,,
2026-08-23T19:49:07,reply,6a24d5cd000000003502b68d,6a259547000000002702019c,complete,endpoint_exhausted,1,2,2,chengdu,aliyun_chengdu,deep_chengdu,9344,14,complete,GK2026D1,,
2026-08-23T19:49:07,reply,6a24d5cd000000003502b68d,6a258e3c000000002701d933,complete,endpoint_exhausted,0,0,0,chengdu,aliyun_chengdu,deep_chengdu,9344,14,complete,GK2026D1,,
2026-08-23T19:49:07,reply,6a24d5cd000000003502b68d,6a258cb7000000002b028c07,complete,endpoint_exhausted,0,0,0,chengdu,aliyun_chengdu,deep_chengdu,9344,14,complete,GK2026D1,,
2026-08-23T19:49:07,reply,6a24d5cd000000003502b68d,6a258c9b000000002702c870,complete,endpoint_exhausted,0,0,0,chengdu,aliyun_chengdu,deep_chengdu,9344,14,complete,GK2026D1,,
2026-08-23T19:49:07,reply,6a24d5cd000000003502b68d,6a258b21000000002803a563,complete,endpoint_exhausted,0,0,0,chengdu,aliyun_chengdu,deep_chengdu,9344,14,complete,GK2026D1,,
2026-08-23T19:49:07,reply,6a24d5cd000000003502b68d,6a2583f6000000002701791c,complete,endpoint_exhausted,0,1,1,chengdu,aliyun_chengdu,deep_chengdu,9344,14,complete,GK2026D1,,
2026-08-23T19:49:07,reply,6a24d5cd000000003502b68d,6a258385000000002901194e,complete,endpoint_exhausted,0,0,0,chengdu,aliyun_chengdu,deep_chengdu,9344,14,complete,GK2026D1,,
2026-08-23T19:49:24,reply,6a24d5cd000000003502b68d,6a25817d0000000029024549,complete,endpoint_exhausted,1,4,4,chengdu,aliyun_chengdu,deep_chengdu,9344,14,complete,GK2026D1,,
2026-08-23T19:49:24,reply,6a24d5cd000000003502b68d,6a2580e8000000002702c217,complete,endpoint_exhausted,0,0,0,chengdu,aliyun_chengdu,deep_chengdu,9344,14,complete,GK2026D1,,
2026-08-23T19:49:24,reply,6a24d5cd000000003502b68d,6a25802600000000290100f3,complete,endpoint_exhausted,0,0,0,chengdu,aliyun_chengdu,deep_chengdu,9344,14,complete,GK2026D1,,
2026-08-23T19:49:41,reply,6a24d5cd000000003502b68d,6a257ee400000000280322d8,complete,endpoint_exhausted,0,0,0,chengdu,aliyun_chengdu,deep_chengdu,9344,14,complete,GK2026D1,,
2026-08-23T19:49:41,reply,6a24d5cd000000003502b68d,6a257e58000000002902c5e4,complete,endpoint_exhausted,0,0,0,chengdu,aliyun_chengdu,deep_chengdu,9344,14,complete,GK2026D1,,
2026-08-23T19:49:41,reply,6a24d5cd000000003502b68d,6a257b9a000000002b001e3c,complete,endpoint_exhausted,0,0,0,chengdu,aliyun_chengdu,deep_chengdu,9344,14,complete,GK2026D1,,
2026-08-23T19:49:41,reply,6a24d5cd000000003502b68d,6a2578aa0000000029010694,complete,endpoint_exhausted,0,0,0,chengdu,aliyun_chengdu,deep_chengdu,9344,14,complete,GK2026D1,,
2026-08-23T19:49:41,reply,6a24d5cd000000003502b68d,6a257576000000002a02fa87,complete,endpoint_exhausted,0,0,0,chengdu,aliyun_chengdu,deep_chengdu,9344,14,complete,GK2026D1,,
2026-08-23T19:49:41,reply,6a24d5cd000000003502b68d,6a25739f000000002702956f,complete,endpoint_exhausted,0,0,0,chengdu,aliyun_chengdu,deep_chengdu,9344,14,complete,GK2026D1,,
2026-08-23T19:49:41,reply,6a24d5cd000000003502b68d,6a257353000000002800b926,complete,endpoint_exhausted,0,0,0,chengdu,aliyun_chengdu,deep_chengdu,9344,14,complete,GK2026D1,,
2026-08-23T19:49:41,reply,6a24d5cd000000003502b68d,6a2571c20000000028031aa1,complete,endpoint_exhausted,0,0,0,chengdu,aliyun_chengdu,deep_chengdu,9344,14,complete,GK2026D1,,
2026-08-23T19:49:41,reply,6a24d5cd000000003502b68d,6a257199000000002a005962,complete,endpoint_exhausted,0,0,0,chengdu,aliyun_chengdu,deep_chengdu,9344,14,complete,GK2026D1,,
2026-08-23T19:49:41,reply,6a24d5cd000000003502b68d,6a2570600000000028037c6b,complete,endpoint_exhausted,0,0,0,chengdu,aliyun_chengdu,deep_chengdu,9344,14,complete,GK2026D1,,
2026-08-23T19:49:59,reply,6a24d5cd000000003502b68d,6a256e3200000000270167f3,complete,endpoint_exhausted,0,0,0,chengdu,aliyun_chengdu,deep_chengdu,9344,14,complete,GK2026D1,,
2026-08-23T19:49:59,reply,6a24d5cd000000003502b68d,6a256af5000000002803cca2,complete,endpoint_exhausted,0,0,0,chengdu,aliyun_chengdu,deep_chengdu,9344,14,complete,GK2026D1,,
2026-08-23T19:49:59,reply,6a24d5cd000000003502b68d,6a256a6f000000002900db41,complete,endpoint_exhausted,0,0,0,chengdu,aliyun_chengdu,deep_chengdu,9344,14,complete,GK2026D1,,
2026-08-23T19:49:59,reply,6a24d5cd000000003502b68d,6a256a6e000000002702e938,complete,endpoint_exhausted,0,0,0,chengdu,aliyun_chengdu,deep_chengdu,9344,14,complete,GK2026D1,,
2026-08-23T19:49:59,reply,6a24d5cd000000003502b68d,6a2569df000000002900f646,complete,endpoint_exhausted,0,0,0,chengdu,aliyun_chengdu,deep_chengdu,9344,14,complete,GK2026D1,,
2026-08-23T19:49:59,reply,6a24d5cd000000003502b68d,6a2569d2000000000d022c02,complete,endpoint_exhausted,0,0,0,chengdu,aliyun_chengdu,deep_chengdu,9344,14,complete,GK2026D1,,
2026-08-23T19:49:59,reply,6a24d5cd000000003502b68d,6a256970000000002702e5c1,complete,endpoint_exhausted,0,0,0,chengdu,aliyun_chengdu,deep_chengdu,9344,14,complete,GK2026D1,,
2026-08-23T19:49:59,reply,6a24d5cd000000003502b68d,6a2565bf000000002803fc50,complete,endpoint_exhausted,0,0,0,chengdu,aliyun_chengdu,deep_chengdu,9344,14,complete,GK2026D1,,
2026-08-23T19:49:59,reply,6a24d5cd000000003502b68d,6a256567000000002900c9f9,complete,endpoint_exhausted,0,0,0,chengdu,aliyun_chengdu,deep_chengdu,9344,14,complete,GK2026D1,,
2026-08-23T19:50:16,reply,6a24d5cd000000003502b68d,6a256507000000002901ad9e,complete,endpoint_exhausted,1,2,2,chengdu,aliyun_chengdu,deep_chengdu,9344,14,complete,GK2026D1,,
2026-08-23T19:50:33,reply,6a24d5cd000000003502b68d,6a25621c000000002701f78e,complete,endpoint_exhausted,0,0,0,chengdu,aliyun_chengdu,deep_chengdu,9344,14,complete,GK2026D1,,
2026-08-23T19:50:33,reply,6a24d5cd000000003502b68d,6a255d4b000000002803e437,complete,endpoint_exhausted,0,0,0,chengdu,aliyun_chengdu,deep_chengdu,9344,14,complete,GK2026D1,,
2026-08-23T19:50:33,reply,6a24d5cd000000003502b68d,6a255c1c000000002a02639c,complete,endpoint_exhausted,0,0,0,chengdu,aliyun_chengdu,deep_chengdu,9344,14,complete,GK2026D1,,
2026-08-23T19:50:33,reply,6a24d5cd000000003502b68d,6a2559ea0000000028039607,complete,endpoint_exhausted,0,0,0,chengdu,aliyun_chengdu,deep_chengdu,9344,14,complete,GK2026D1,,
2026-08-23T19:50:33,reply,6a24d5cd000000003502b68d,6a2559510000000027028b72,complete,endpoint_exhausted,0,0,0,chengdu,aliyun_chengdu,deep_chengdu,9344,14,complete,GK2026D1,,
2026-08-23T19:50:33,reply,6a24d5cd000000003502b68d,6a25566a0000000028038232,complete,endpoint_exhausted,0,0,0,chengdu,aliyun_chengdu,deep_chengdu,9344,14,complete,GK2026D1,,
2026-08-23T19:50:33,reply,6a24d5cd000000003502b68d,6a2556320000000029037b53,complete,endpoint_exhausted,0,0,0,chengdu,aliyun_chengdu,deep_chengdu,9344,14,complete,GK2026D1,,
2026-08-23T19:50:33,reply,6a24d5cd000000003502b68d,6a255590000000002701e942,complete,endpoint_exhausted,0,0,0,chengdu,aliyun_chengdu,deep_chengdu,9344,14,complete,GK2026D1,,
2026-08-23T19:50:33,reply,6a24d5cd000000003502b68d,6a255394000000002803bebc,complete,endpoint_exhausted,0,0,0,chengdu,aliyun_chengdu,deep_chengdu,9344,14,complete,GK2026D1,,
2026-08-23T19:50:33,reply,6a24d5cd000000003502b68d,6a2552dc000000002701c316,complete,endpoint_exhausted,0,0,0,chengdu,aliyun_chengdu,deep_chengdu,9344,14,complete,GK2026D1,,
2026-08-23T19:50:50,reply,6a24d5cd000000003502b68d,6a25524f0000000029012ce3,complete,endpoint_exhausted,0,0,0,chengdu,aliyun_chengdu,deep_chengdu,9344,14,complete,GK2026D1,,
2026-08-23T19:50:50,reply,6a24d5cd000000003502b68d,6a254fc9000000002800b229,complete,endpoint_exhausted,0,0,0,chengdu,aliyun_chengdu,deep_chengdu,9344,14,complete,GK2026D1,,
2026-08-23T19:50:50,reply,6a24d5cd000000003502b68d,6a254ed60000000027021789,complete,endpoint_exhausted,0,0,0,chengdu,aliyun_chengdu,deep_chengdu,9344,14,complete,GK2026D1,,
2026-08-23T19:50:50,reply,6a24d5cd000000003502b68d,6a254ebf000000002900da81,complete,endpoint_exhausted,0,0,0,chengdu,aliyun_chengdu,deep_chengdu,9344,14,complete,GK2026D1,,
2026-08-23T19:50:50,reply,6a24d5cd000000003502b68d,6a254e4f0000000027016723,complete,endpoint_exhausted,0,0,0,chengdu,aliyun_chengdu,deep_chengdu,9344,14,complete,GK2026D1,,
2026-08-23T19:50:50,reply,6a24d5cd000000003502b68d,6a254b77000000002a02678e,complete,endpoint_exhausted,0,0,0,chengdu,aliyun_chengdu,deep_chengdu,9344,14,complete,GK2026D1,,
2026-08-23T19:50:50,reply,6a24d5cd000000003502b68d,6a254b23000000002702c130,complete,endpoint_exhausted,0,0,0,chengdu,aliyun_chengdu,deep_chengdu,9344,14,complete,GK2026D1,,
2026-08-23T19:50:50,reply,6a24d5cd000000003502b68d,6a254a63000000002803887f,complete,endpoint_exhausted,0,0,0,chengdu,aliyun_chengdu,deep_chengdu,9344,14,complete,GK2026D1,,
2026-08-23T19:50:50,reply,6a24d5cd000000003502b68d,6a25498a0000000028039244,complete,endpoint_exhausted,0,0,0,chengdu,aliyun_chengdu,deep_chengdu,9344,14,complete,GK2026D1,,
2026-08-23T19:50:50,reply,6a24d5cd000000003502b68d,6a254929000000002701fd05,complete,endpoint_exhausted,0,0,0,chengdu,aliyun_chengdu,deep_chengdu,9344,14,complete,GK2026D1,,
2026-08-23T19:51:07,reply,6a24d5cd000000003502b68d,6a2548760000000027016ff2,complete,endpoint_exhausted,0,0,0,chengdu,aliyun_chengdu,deep_chengdu,9344,14,complete,GK2026D1,,
2026-08-23T19:51:07,reply,6a24d5cd000000003502b68d,6a25478a000000002a02deb4,complete,endpoint_exhausted,0,0,0,chengdu,aliyun_chengdu,deep_chengdu,9344,14,complete,GK2026D1,,
2026-08-23T19:51:07,reply,6a24d5cd000000003502b68d,6a254510000000002a02507e,complete,endpoint_exhausted,0,0,0,chengdu,aliyun_chengdu,deep_chengdu,9344,14,complete,GK2026D1,,
2026-08-23T19:51:07,reply,6a24d5cd000000003502b68d,6a25450e000000002a025032,complete,endpoint_exhausted,0,0,0,chengdu,aliyun_chengdu,deep_chengdu,9344,14,complete,GK2026D1,,
2026-08-23T19:51:07,reply,6a24d5cd000000003502b68d,6a25433e000000002a02da52,complete,endpoint_exhausted,0,0,0,chengdu,aliyun_chengdu,deep_chengdu,9344,14,complete,GK2026D1,,
2026-08-23T19:51:07,reply,6a24d5cd000000003502b68d,6a25431c0000000027015cec,complete,endpoint_exhausted,0,0,0,chengdu,aliyun_chengdu,deep_chengdu,9344,14,complete,GK2026D1,,
2026-08-23T19:51:07,reply,6a24d5cd000000003502b68d,6a2540ed000000002803c8a9,complete,endpoint_exhausted,0,0,0,chengdu,aliyun_chengdu,deep_chengdu,9344,14,complete,GK2026D1,,
2026-08-23T19:51:07,reply,6a24d5cd000000003502b68d,6a253ee0000000002903468f,complete,endpoint_exhausted,0,0,0,chengdu,aliyun_chengdu,deep_chengdu,9344,14,complete,GK2026D1,,
2026-08-23T19:51:40,reply,6a24d5cd000000003502b68d,6a253ea3000000002b02beb8,complete,endpoint_exhausted,2,11,11,chengdu,aliyun_chengdu,deep_chengdu,9344,14,complete,GK2026D1,,
2026-08-23T19:51:40,reply,6a24d5cd000000003502b68d,6a253b08000000002a027c96,complete,endpoint_exhausted,0,0,0,chengdu,aliyun_chengdu,deep_chengdu,9344,14,complete,GK2026D1,,
2026-08-23T19:51:57,reply,6a24d5cd000000003502b68d,6a253aa80000000027020fad,complete,endpoint_exhausted,0,0,0,chengdu,aliyun_chengdu,deep_chengdu,9344,14,complete,GK2026D1,,
2026-08-23T19:51:57,reply,6a24d5cd000000003502b68d,6a253a69000000002702d5c1,complete,endpoint_exhausted,0,0,0,chengdu,aliyun_chengdu,deep_chengdu,9344,14,complete,GK2026D1,,
2026-08-23T19:51:57,reply,6a24d5cd000000003502b68d,6a253962000000002800a81c,complete,endpoint_exhausted,0,0,0,chengdu,aliyun_chengdu,deep_chengdu,9344,14,complete,GK2026D1,,
2026-08-23T19:51:57,reply,6a24d5cd000000003502b68d,6a253777000000002800b499,complete,endpoint_exhausted,0,0,0,chengdu,aliyun_chengdu,deep_chengdu,9344,14,complete,GK2026D1,,
2026-08-23T19:51:57,reply,6a24d5cd000000003502b68d,6a253667000000002a02c6e0,complete,endpoint_exhausted,0,0,0,chengdu,aliyun_chengdu,deep_chengdu,9344,14,complete,GK2026D1,,
2026-08-23T19:51:57,reply,6a24d5cd000000003502b68d,6a2534f90000000028031259,complete,endpoint_exhausted,0,0,0,chengdu,aliyun_chengdu,deep_chengdu,9344,14,complete,GK2026D1,,
2026-08-23T19:51:57,reply,6a24d5cd000000003502b68d,6a253446000000002702d0e3,complete,endpoint_exhausted,0,0,0,chengdu,aliyun_chengdu,deep_chengdu,9344,14,complete,GK2026D1,,
2026-08-23T19:51:57,reply,6a24d5cd000000003502b68d,6a253403000000002a005c4a,complete,endpoint_exhausted,0,0,0,chengdu,aliyun_chengdu,deep_chengdu,9344,14,complete,GK2026D1,,
2026-08-23T19:51:57,reply,6a24d5cd000000003502b68d,6a2533770000000029037b59,complete,endpoint_exhausted,0,0,0,chengdu,aliyun_chengdu,deep_chengdu,9344,14,complete,GK2026D1,,
2026-08-23T19:51:57,reply,6a24d5cd000000003502b68d,6a253358000000002701c310,complete,endpoint_exhausted,0,0,0,chengdu,aliyun_chengdu,deep_chengdu,9344,14,complete,GK2026D1,,
2026-08-23T19:52:14,reply,6a24d5cd000000003502b68d,6a2533060000000027020521,complete,endpoint_exhausted,0,0,0,chengdu,aliyun_chengdu,deep_chengdu,9344,14,complete,GK2026D1,,
2026-08-23T19:52:14,reply,6a24d5cd000000003502b68d,6a253251000000002a0246de,complete,endpoint_exhausted,0,0,0,chengdu,aliyun_chengdu,deep_chengdu,9344,14,complete,GK2026D1,,
2026-08-23T19:52:14,reply,6a24d5cd000000003502b68d,6a25313700000000270172cd,complete,endpoint_exhausted,0,0,0,chengdu,aliyun_chengdu,deep_chengdu,9344,14,complete,GK2026D1,,
2026-08-23T19:52:14,reply,6a24d5cd000000003502b68d,6a2530a7000000002b000bf5,complete,endpoint_exhausted,0,0,0,chengdu,aliyun_chengdu,deep_chengdu,9344,14,complete,GK2026D1,,
2026-08-23T19:52:14,reply,6a24d5cd000000003502b68d,6a2530960000000029036de9,complete,endpoint_exhausted,0,0,0,chengdu,aliyun_chengdu,deep_chengdu,9344,14,complete,GK2026D1,,
2026-08-23T19:52:14,reply,6a24d5cd000000003502b68d,6a253052000000002a0274b6,complete,endpoint_exhausted,0,0,0,chengdu,aliyun_chengdu,deep_chengdu,9344,14,complete,GK2026D1,,
2026-08-23T19:52:14,reply,6a24d5cd000000003502b68d,6a252f7f000000002803199a,complete,endpoint_exhausted,0,0,0,chengdu,aliyun_chengdu,deep_chengdu,9344,14,complete,GK2026D1,,
2026-08-23T19:52:14,reply,6a24d5cd000000003502b68d,6a252efa000000002902c7c3,complete,endpoint_exhausted,0,0,0,chengdu,aliyun_chengdu,deep_chengdu,9344,14,complete,GK2026D1,,
2026-08-23T19:52:14,reply,6a24d5cd000000003502b68d,6a252e12000000002701cd83,complete,endpoint_exhausted,0,0,0,chengdu,aliyun_chengdu,deep_chengdu,9344,14,complete,GK2026D1,,
2026-08-23T19:52:14,reply,6a24d5cd000000003502b68d,6a252be70000000027028aee,complete,endpoint_exhausted,0,0,0,chengdu,aliyun_chengdu,deep_chengdu,9344,14,complete,GK2026D1,,
2026-08-23T19:52:30,reply,6a24d5cd000000003502b68d,6a25296a00000000270281f3,complete,endpoint_exhausted,0,0,0,chengdu,aliyun_chengdu,deep_chengdu,9344,14,complete,GK2026D1,,
2026-08-23T19:52:30,reply,6a24d5cd000000003502b68d,6a2529560000000027020dc2,complete,endpoint_exhausted,0,0,0,chengdu,aliyun_chengdu,deep_chengdu,9344,14,complete,GK2026D1,,
2026-08-23T19:52:30,reply,6a24d5cd000000003502b68d,6a2529150000000029012f3f,complete,endpoint_exhausted,0,0,0,chengdu,aliyun_chengdu,deep_chengdu,9344,14,complete,GK2026D1,,
2026-08-23T19:52:30,reply,6a24d5cd000000003502b68d,6a2528a300000000270164d2,complete,endpoint_exhausted,0,0,0,chengdu,aliyun_chengdu,deep_chengdu,9344,14,complete,GK2026D1,,
2026-08-23T19:52:30,reply,6a24d5cd000000003502b68d,6a25280a000000002803d56c,complete,endpoint_exhausted,0,0,0,chengdu,aliyun_chengdu,deep_chengdu,9344,14,complete,GK2026D1,,
2026-08-23T19:52:30,reply,6a24d5cd000000003502b68d,6a2527ab000000002b02989b,complete,endpoint_exhausted,0,0,0,chengdu,aliyun_chengdu,deep_chengdu,9344,14,complete,GK2026D1,,
2026-08-23T19:52:30,reply,6a24d5cd000000003502b68d,6a2527ab000000002a0272e5,complete,endpoint_exhausted,0,0,0,chengdu,aliyun_chengdu,deep_chengdu,9344,14,complete,GK2026D1,,
2026-08-23T19:52:30,reply,6a24d5cd000000003502b68d,6a2527a8000000002b0279ba,complete,endpoint_exhausted,0,0,0,chengdu,aliyun_chengdu,deep_chengdu,9344,14,complete,GK2026D1,,
2026-08-23T19:52:30,reply,6a24d5cd000000003502b68d,6a2526ee0000000028031999,complete,endpoint_exhausted,0,0,0,chengdu,aliyun_chengdu,deep_chengdu,9344,14,complete,GK2026D1,,
2026-08-23T19:52:30,reply,6a24d5cd000000003502b68d,6a2526c5000000002901236b,complete,endpoint_exhausted,0,0,0,chengdu,aliyun_chengdu,deep_chengdu,9344,14,complete,GK2026D1,,
2026-08-23T19:52:47,reply,6a24d5cd000000003502b68d,6a252549000000002701639c,complete,endpoint_exhausted,0,0,0,chengdu,aliyun_chengdu,deep_chengdu,9344,14,complete,GK2026D1,,
2026-08-23T19:52:47,reply,6a24d5cd000000003502b68d,6a252506000000002900f792,complete,endpoint_exhausted,0,0,0,chengdu,aliyun_chengdu,deep_chengdu,9344,14,complete,GK2026D1,,
2026-08-23T19:52:47,reply,6a24d5cd000000003502b68d,6a2524e4000000002b003267,complete,endpoint_exhausted,0,0,0,chengdu,aliyun_chengdu,deep_chengdu,9344,14,complete,GK2026D1,,
2026-08-23T19:53:04,reply,6a24d5cd000000003502b68d,6a2524d1000000002803d6bb,complete,endpoint_exhausted,1,2,2,chengdu,aliyun_chengdu,deep_chengdu,9344,14,complete,GK2026D1,,
2026-08-23T19:53:04,reply,6a24d5cd000000003502b68d,6a2524cb000000002b027909,complete,endpoint_exhausted,0,0,0,chengdu,aliyun_chengdu,deep_chengdu,9344,14,complete,GK2026D1,,
2026-08-23T19:53:04,reply,6a24d5cd000000003502b68d,6a25243f0000000028037e62,complete,endpoint_exhausted,0,0,0,chengdu,aliyun_chengdu,deep_chengdu,9344,14,complete,GK2026D1,,
2026-08-23T19:53:04,reply,6a24d5cd000000003502b68d,6a25240e000000002702b6a0,complete,endpoint_exhausted,0,0,0,chengdu,aliyun_chengdu,deep_chengdu,9344,14,complete,GK2026D1,,
2026-08-23T19:53:04,reply,6a24d5cd000000003502b68d,6a2523fc0000000029019281,complete,endpoint_exhausted,0,0,0,chengdu,aliyun_chengdu,deep_chengdu,9344,14,complete,GK2026D1,,
2026-08-23T19:53:04,reply,6a24d5cd000000003502b68d,6a252340000000002b002abc,complete,endpoint_exhausted,0,0,0,chengdu,aliyun_chengdu,deep_chengdu,9344,14,complete,GK2026D1,,
2026-08-23T19:53:04,reply,6a24d5cd000000003502b68d,6a252276000000002701ef34,complete,endpoint_exhausted,0,0,0,chengdu,aliyun_chengdu,deep_chengdu,9344,14,complete,GK2026D1,,
2026-08-23T19:53:21,reply,6a24d5cd000000003502b68d,6a25217c000000002803b288,complete,endpoint_exhausted,0,0,0,chengdu,aliyun_chengdu,deep_chengdu,9344,14,complete,GK2026D1,,
2026-08-23T19:53:21,reply,6a24d5cd000000003502b68d,6a2521660000000029025d0d,complete,endpoint_exhausted,0,0,0,chengdu,aliyun_chengdu,deep_chengdu,9344,14,complete,GK2026D1,,
2026-08-23T19:53:21,reply,6a24d5cd000000003502b68d,6a25207b000000002702a3e8,complete,endpoint_exhausted,0,0,0,chengdu,aliyun_chengdu,deep_chengdu,9344,14,complete,GK2026D1,,
2026-08-23T19:53:21,reply,6a24d5cd000000003502b68d,6a251ffa000000002702d347,complete,endpoint_exhausted,0,0,0,chengdu,aliyun_chengdu,deep_chengdu,9344,14,complete,GK2026D1,,
2026-08-23T19:53:21,reply,6a24d5cd000000003502b68d,6a251ff1000000002803f767,complete,endpoint_exhausted,0,0,0,chengdu,aliyun_chengdu,deep_chengdu,9344,14,complete,GK2026D1,,
2026-08-23T19:53:21,reply,6a24d5cd000000003502b68d,6a251f4f000000002702a30d,complete,endpoint_exhausted,0,0,0,chengdu,aliyun_chengdu,deep_chengdu,9344,14,complete,GK2026D1,,
2026-08-23T19:53:21,reply,6a24d5cd000000003502b68d,6a251f0e000000002902cdf3,complete,endpoint_exhausted,0,0,0,chengdu,aliyun_chengdu,deep_chengdu,9344,14,complete,GK2026D1,,
2026-08-23T19:53:21,reply,6a24d5cd000000003502b68d,6a251edc0000000027017996,complete,endpoint_exhausted,0,0,0,chengdu,aliyun_chengdu,deep_chengdu,9344,14,complete,GK2026D1,,
2026-08-23T19:53:21,reply,6a24d5cd000000003502b68d,6a251e5f000000002803bd63,complete,endpoint_exhausted,0,0,0,chengdu,aliyun_chengdu,deep_chengdu,9344,14,complete,GK2026D1,,
2026-08-23T19:53:21,reply,6a24d5cd000000003502b68d,6a251dd3000000002a024d9b,complete,endpoint_exhausted,0,0,0,chengdu,aliyun_chengdu,deep_chengdu,9344,14,complete,GK2026D1,,
2026-08-23T19:53:38,reply,6a24d5cd000000003502b68d,6a251cb3000000002702339f,complete,endpoint_exhausted,0,0,0,chengdu,aliyun_chengdu,deep_chengdu,9344,14,complete,GK2026D1,,
2026-08-23T19:53:38,reply,6a24d5cd000000003502b68d,6a251c8200000000270283b4,complete,endpoint_exhausted,0,0,0,chengdu,aliyun_chengdu,deep_chengdu,9344,14,complete,GK2026D1,,
2026-08-23T19:53:38,reply,6a24d5cd000000003502b68d,6a251c41000000002902dfce,complete,endpoint_exhausted,0,0,0,chengdu,aliyun_chengdu,deep_chengdu,9344,14,complete,GK2026D1,,
2026-08-23T19:53:38,reply,6a24d5cd000000003502b68d,6a251bdb00000000280345ae,complete,endpoint_exhausted,0,0,0,chengdu,aliyun_chengdu,deep_chengdu,9344,14,complete,GK2026D1,,
2026-08-23T19:53:38,reply,6a24d5cd000000003502b68d,6a251bcf00000000280342ff,complete,endpoint_exhausted,0,0,0,chengdu,aliyun_chengdu,deep_chengdu,9344,14,complete,GK2026D1,,
2026-08-23T19:53:38,reply,6a24d5cd000000003502b68d,6a251b860000000027022e7d,complete,endpoint_exhausted,0,0,0,chengdu,aliyun_chengdu,deep_chengdu,9344,14,complete,GK2026D1,,
2026-08-23T19:53:38,reply,6a24d5cd000000003502b68d,6a251b86000000002701e541,complete,endpoint_exhausted,0,0,0,chengdu,aliyun_chengdu,deep_chengdu,9344,14,complete,GK2026D1,,
2026-08-23T19:53:38,reply,6a24d5cd000000003502b68d,6a251b27000000002803bf01,complete,endpoint_exhausted,0,0,0,chengdu,aliyun_chengdu,deep_chengdu,9344,14,complete,GK2026D1,,
2026-08-23T19:53:38,reply,6a24d5cd000000003502b68d,6a251ada00000000290240ba,complete,endpoint_exhausted,0,0,0,chengdu,aliyun_chengdu,deep_chengdu,9344,14,complete,GK2026D1,,
2026-08-23T19:53:38,reply,6a24d5cd000000003502b68d,6a251a8c00000000290184e3,complete,endpoint_exhausted,0,0,0,chengdu,aliyun_chengdu,deep_chengdu,9344,14,complete,GK2026D1,,
2026-08-23T19:53:55,reply,6a24d5cd000000003502b68d,6a251a590000000028036c3f,complete,endpoint_exhausted,0,0,0,chengdu,aliyun_chengdu,deep_chengdu,9344,14,complete,GK2026D1,,
2026-08-23T19:53:55,reply,6a24d5cd000000003502b68d,6a251a26000000002702c22f,complete,endpoint_exhausted,0,0,0,chengdu,aliyun_chengdu,deep_chengdu,9344,14,complete,GK2026D1,,
2026-08-23T19:53:55,reply,6a24d5cd000000003502b68d,6a2519ea000000002701d19f,complete,endpoint_exhausted,0,0,0,chengdu,aliyun_chengdu,deep_chengdu,9344,14,complete,GK2026D1,,
2026-08-23T19:53:55,reply,6a24d5cd000000003502b68d,6a2519bf000000002701c81e,complete,endpoint_exhausted,0,0,0,chengdu,aliyun_chengdu,deep_chengdu,9344,14,complete,GK2026D1,,
2026-08-23T19:53:55,reply,6a24d5cd000000003502b68d,6a25199c000000002803a4c3,complete,endpoint_exhausted,0,0,0,chengdu,aliyun_chengdu,deep_chengdu,9344,14,complete,GK2026D1,,
2026-08-23T19:53:55,reply,6a24d5cd000000003502b68d,6a25192c0000000029018bcb,complete,endpoint_exhausted,0,0,0,chengdu,aliyun_chengdu,deep_chengdu,9344,14,complete,GK2026D1,,
2026-08-23T19:53:55,reply,6a24d5cd000000003502b68d,6a2517f8000000002803e675,complete,endpoint_exhausted,0,0,0,chengdu,aliyun_chengdu,deep_chengdu,9344,14,complete,GK2026D1,,
2026-08-23T19:53:55,reply,6a24d5cd000000003502b68d,6a251760000000002902d2b6,complete,endpoint_exhausted,0,0,0,chengdu,aliyun_chengdu,deep_chengdu,9344,14,complete,GK2026D1,,
2026-08-23T19:53:55,reply,6a24d5cd000000003502b68d,6a25175f000000002a0069ea,complete,endpoint_exhausted,0,0,0,chengdu,aliyun_chengdu,deep_chengdu,9344,14,complete,GK2026D1,,
2026-08-23T19:53:55,reply,6a24d5cd000000003502b68d,6a2517040000000028033eaa,complete,endpoint_exhausted,0,0,0,chengdu,aliyun_chengdu,deep_chengdu,9344,14,complete,GK2026D1,,
2026-08-23T19:54:12,reply,6a24d5cd000000003502b68d,6a2516f0000000002903653b,complete,endpoint_exhausted,0,0,0,chengdu,aliyun_chengdu,deep_chengdu,9344,14,complete,GK2026D1,,
2026-08-23T19:54:12,reply,6a24d5cd000000003502b68d,6a2516dd0000000028033508,complete,endpoint_exhausted,0,0,0,chengdu,aliyun_chengdu,deep_chengdu,9344,14,complete,GK2026D1,,
2026-08-23T19:54:12,reply,6a24d5cd000000003502b68d,6a251667000000002900e586,complete,endpoint_exhausted,0,0,0,chengdu,aliyun_chengdu,deep_chengdu,9344,14,complete,GK2026D1,,
2026-08-23T19:54:12,reply,6a24d5cd000000003502b68d,6a2515c600000000280338a7,complete,endpoint_exhausted,0,0,0,chengdu,aliyun_chengdu,deep_chengdu,9344,14,complete,GK2026D1,,
2026-08-23T19:54:12,reply,6a24d5cd000000003502b68d,6a2515b6000000002803de66,complete,endpoint_exhausted,0,0,0,chengdu,aliyun_chengdu,deep_chengdu,9344,14,complete,GK2026D1,,
2026-08-23T19:54:12,reply,6a24d5cd000000003502b68d,6a25159e000000002803822d,complete,endpoint_exhausted,0,0,0,chengdu,aliyun_chengdu,deep_chengdu,9344,14,complete,GK2026D1,,
2026-08-23T19:54:12,reply,6a24d5cd000000003502b68d,6a251538000000002902549e,complete,endpoint_exhausted,0,0,0,chengdu,aliyun_chengdu,deep_chengdu,9344,14,complete,GK2026D1,,
2026-08-23T19:54:12,reply,6a24d5cd000000003502b68d,6a25153200000000290352c2,complete,endpoint_exhausted,0,0,0,chengdu,aliyun_chengdu,deep_chengdu,9344,14,complete,GK2026D1,,
2026-08-23T19:54:12,reply,6a24d5cd000000003502b68d,6a2514e1000000002803ee9b,complete,endpoint_exhausted,0,0,0,chengdu,aliyun_chengdu,deep_chengdu,9344,14,complete,GK2026D1,,
2026-08-23T19:54:12,reply,6a24d5cd000000003502b68d,6a2514c90000000028033907,complete,endpoint_exhausted,0,0,0,chengdu,aliyun_chengdu,deep_chengdu,9344,14,complete,GK2026D1,,
2026-08-23T19:54:29,reply,6a24d5cd000000003502b68d,6a251498000000002900fdd6,complete,endpoint_exhausted,0,0,0,chengdu,aliyun_chengdu,deep_chengdu,9344,14,complete,GK2026D1,,
2026-08-23T19:54:29,reply,6a24d5cd000000003502b68d,6a25149200000000280387ae,complete,endpoint_exhausted,0,0,0,chengdu,aliyun_chengdu,deep_chengdu,9344,14,complete,GK2026D1,,
2026-08-23T19:54:29,reply,6a24d5cd000000003502b68d,6a25148f000000002902d4e1,complete,endpoint_exhausted,0,0,0,chengdu,aliyun_chengdu,deep_chengdu,9344,14,complete,GK2026D1,,
2026-08-23T19:54:29,reply,6a24d5cd000000003502b68d,6a2513ff0000000029012c27,complete,endpoint_exhausted,0,0,0,chengdu,aliyun_chengdu,deep_chengdu,9344,14,complete,GK2026D1,,
2026-08-23T19:54:29,reply,6a24d5cd000000003502b68d,6a2513cd000000002a032142,complete,endpoint_exhausted,0,0,0,chengdu,aliyun_chengdu,deep_chengdu,9344,14,complete,GK2026D1,,
2026-08-23T19:54:29,reply,6a24d5cd000000003502b68d,6a2513ba000000002b02992a,complete,endpoint_exhausted,0,0,0,chengdu,aliyun_chengdu,deep_chengdu,9344,14,complete,GK2026D1,,
2026-08-23T19:54:29,reply,6a24d5cd000000003502b68d,6a251393000000002b00009e,complete,endpoint_exhausted,0,0,0,chengdu,aliyun_chengdu,deep_chengdu,9344,14,complete,GK2026D1,,
2026-08-23T19:54:29,reply,6a24d5cd000000003502b68d,6a25132f000000002902d703,complete,endpoint_exhausted,0,0,0,chengdu,aliyun_chengdu,deep_chengdu,9344,14,complete,GK2026D1,,
2026-08-23T19:54:29,reply,6a24d5cd000000003502b68d,6a2512fc000000002800a337,complete,endpoint_exhausted,0,0,0,chengdu,aliyun_chengdu,deep_chengdu,9344,14,complete,GK2026D1,,
2026-08-23T19:54:29,reply,6a24d5cd000000003502b68d,6a2512a4000000002a02fa61,complete,endpoint_exhausted,0,0,0,chengdu,aliyun_chengdu,deep_chengdu,9344,14,complete,GK2026D1,,
2026-08-23T19:54:46,reply,6a24d5cd000000003502b68d,6a2512a1000000002b025fd8,complete,endpoint_exhausted,0,0,0,chengdu,aliyun_chengdu,deep_chengdu,9344,14,complete,GK2026D1,,
2026-08-23T19:54:46,reply,6a24d5cd000000003502b68d,6a251280000000002702306e,complete,endpoint_exhausted,0,0,0,chengdu,aliyun_chengdu,deep_chengdu,9344,14,complete,GK2026D1,,
2026-08-23T19:54:46,reply,6a24d5cd000000003502b68d,6a25124f000000002b00023f,complete,endpoint_exhausted,0,0,0,chengdu,aliyun_chengdu,deep_chengdu,9344,14,complete,GK2026D1,,
2026-08-23T19:54:46,reply,6a24d5cd000000003502b68d,6a251241000000002900f432,complete,endpoint_exhausted,0,0,0,chengdu,aliyun_chengdu,deep_chengdu,9344,14,complete,GK2026D1,,
2026-08-23T19:54:46,reply,6a24d5cd000000003502b68d,6a25115f000000002b026b80,complete,endpoint_exhausted,0,0,0,chengdu,aliyun_chengdu,deep_chengdu,9344,14,complete,GK2026D1,,
2026-08-23T19:54:46,reply,6a24d5cd000000003502b68d,6a251111000000002902fb80,complete,endpoint_exhausted,0,0,0,chengdu,aliyun_chengdu,deep_chengdu,9344,14,complete,GK2026D1,,
2026-08-23T19:54:46,reply,6a24d5cd000000003502b68d,6a25110a00000000270150d5,complete,endpoint_exhausted,0,0,0,chengdu,aliyun_chengdu,deep_chengdu,9344,14,complete,GK2026D1,,
2026-08-23T19:54:46,reply,6a24d5cd000000003502b68d,6a2510f8000000002803c5e1,complete,endpoint_exhausted,0,0,0,chengdu,aliyun_chengdu,deep_chengdu,9344,14,complete,GK2026D1,,
2026-08-23T19:54:46,reply,6a24d5cd000000003502b68d,6a2510f4000000002a02f08e,complete,endpoint_exhausted,0,0,0,chengdu,aliyun_chengdu,deep_chengdu,9344,14,complete,GK2026D1,,
2026-08-23T19:54:46,reply,6a24d5cd000000003502b68d,6a2510de00000000290136a1,complete,endpoint_exhausted,0,0,0,chengdu,aliyun_chengdu,deep_chengdu,9344,14,complete,GK2026D1,,
2026-08-23T19:55:03,reply,6a24d5cd000000003502b68d,6a2510b300000000290256de,complete,endpoint_exhausted,0,0,0,chengdu,aliyun_chengdu,deep_chengdu,9344,14,complete,GK2026D1,,
2026-08-23T19:55:03,reply,6a24d5cd000000003502b68d,6a25104e0000000027022ec2,complete,endpoint_exhausted,0,0,0,chengdu,aliyun_chengdu,deep_chengdu,9344,14,complete,GK2026D1,,
2026-08-23T19:55:03,reply,6a24d5cd000000003502b68d,6a25104c000000002900ff6d,complete,endpoint_exhausted,0,0,0,chengdu,aliyun_chengdu,deep_chengdu,9344,14,complete,GK2026D1,,
2026-08-23T19:55:03,reply,6a24d5cd000000003502b68d,6a251025000000002803da4e,complete,endpoint_exhausted,0,0,0,chengdu,aliyun_chengdu,deep_chengdu,9344,14,complete,GK2026D1,,
2026-08-23T19:55:03,reply,6a24d5cd000000003502b68d,6a2510190000000029010bc1,complete,endpoint_exhausted,0,0,0,chengdu,aliyun_chengdu,deep_chengdu,9344,14,complete,GK2026D1,,
2026-08-23T19:55:03,reply,6a24d5cd000000003502b68d,6a250ff1000000002800b5d4,complete,endpoint_exhausted,0,0,0,chengdu,aliyun_chengdu,deep_chengdu,9344,14,complete,GK2026D1,,
2026-08-23T19:55:36,reply,6a24d5cd000000003502b68d,6a250fcf00000000280359d7,complete,endpoint_exhausted,2,8,8,chengdu,aliyun_chengdu,deep_chengdu,9344,14,complete,GK2026D1,,
2026-08-23T19:55:36,reply,6a24d5cd000000003502b68d,6a250f790000000029012c7a,complete,endpoint_exhausted,0,0,0,chengdu,aliyun_chengdu,deep_chengdu,9344,14,complete,GK2026D1,,
2026-08-23T19:55:36,reply,6a24d5cd000000003502b68d,6a250f39000000002900fc6e,complete,endpoint_exhausted,0,0,0,chengdu,aliyun_chengdu,deep_chengdu,9344,14,complete,GK2026D1,,
2026-08-23T19:55:36,reply,6a24d5cd000000003502b68d,6a250f250000000027016408,complete,endpoint_exhausted,0,0,0,chengdu,aliyun_chengdu,deep_chengdu,9344,14,complete,GK2026D1,,
2026-08-23T19:55:53,reply,6a24d5cd000000003502b68d,6a250f0b000000002a03163e,complete,endpoint_exhausted,0,0,0,chengdu,aliyun_chengdu,deep_chengdu,9344,14,complete,GK2026D1,,
2026-08-23T19:55:53,reply,6a24d5cd000000003502b68d,6a250f0400000000280329c9,complete,endpoint_exhausted,0,0,0,chengdu,aliyun_chengdu,deep_chengdu,9344,14,complete,GK2026D1,,
2026-08-23T19:55:53,reply,6a24d5cd000000003502b68d,6a250eff000000002b002c5b,complete,endpoint_exhausted,0,0,0,chengdu,aliyun_chengdu,deep_chengdu,9344,14,complete,GK2026D1,,
2026-08-23T19:55:53,reply,6a24d5cd000000003502b68d,6a250ef0000000002702e272,complete,endpoint_exhausted,0,0,0,chengdu,aliyun_chengdu,deep_chengdu,9344,14,complete,GK2026D1,,
2026-08-23T19:55:53,reply,6a24d5cd000000003502b68d,6a250ee90000000027021d32,complete,endpoint_exhausted,0,0,0,chengdu,aliyun_chengdu,deep_chengdu,9344,14,complete,GK2026D1,,
2026-08-23T19:55:53,reply,6a24d5cd000000003502b68d,6a250ee300000000280383c2,complete,endpoint_exhausted,0,0,0,chengdu,aliyun_chengdu,deep_chengdu,9344,14,complete,GK2026D1,,
2026-08-23T19:55:53,reply,6a24d5cd000000003502b68d,6a250ed900000000290102d4,complete,endpoint_exhausted,0,0,0,chengdu,aliyun_chengdu,deep_chengdu,9344,14,complete,GK2026D1,,
2026-08-23T19:55:53,reply,6a24d5cd000000003502b68d,6a250ed7000000002b002514,complete,endpoint_exhausted,0,0,0,chengdu,aliyun_chengdu,deep_chengdu,9344,14,complete,GK2026D1,,
2026-08-23T19:56:10,reply,6a24d5cd000000003502b68d,6a250ed7000000002901bedd,complete,endpoint_exhausted,1,4,4,chengdu,aliyun_chengdu,deep_chengdu,9344,14,complete,GK2026D1,,
2026-08-23T19:56:10,reply,6a24d5cd000000003502b68d,6a250ed5000000002701c386,complete,endpoint_exhausted,0,0,0,chengdu,aliyun_chengdu,deep_chengdu,9344,14,complete,GK2026D1,,
2026-08-23T19:56:27,reply,6a24d5cd000000003502b68d,6a250ebb000000002900dce2,complete,endpoint_exhausted,0,0,0,chengdu,aliyun_chengdu,deep_chengdu,9344,14,complete,GK2026D1,,
2026-08-23T19:56:27,reply,6a24d5cd000000003502b68d,6a250eb9000000002a02cf66,complete,endpoint_exhausted,0,0,0,chengdu,aliyun_chengdu,deep_chengdu,9344,14,complete,GK2026D1,,
2026-08-23T19:56:27,reply,6a24d5cd000000003502b68d,6a250e97000000002a02c9d0,complete,endpoint_exhausted,0,0,0,chengdu,aliyun_chengdu,deep_chengdu,9344,14,complete,GK2026D1,,
2026-08-23T19:56:27,reply,6a24d5cd000000003502b68d,6a250e7d000000002702059c,complete,endpoint_exhausted,0,0,0,chengdu,aliyun_chengdu,deep_chengdu,9344,14,complete,GK2026D1,,
2026-08-23T19:56:27,reply,6a24d5cd000000003502b68d,6a250e6b0000000028009fcb,complete,endpoint_exhausted,0,0,0,chengdu,aliyun_chengdu,deep_chengdu,9344,14,complete,GK2026D1,,
2026-08-23T19:56:27,reply,6a24d5cd000000003502b68d,6a250e3300000000270233a6,complete,endpoint_exhausted,0,0,0,chengdu,aliyun_chengdu,deep_chengdu,9344,14,complete,GK2026D1,,
2026-08-23T19:56:27,reply,6a24d5cd000000003502b68d,6a250e28000000002a032f32,complete,endpoint_exhausted,0,0,0,chengdu,aliyun_chengdu,deep_chengdu,9344,14,complete,GK2026D1,,
2026-08-23T19:56:27,reply,6a24d5cd000000003502b68d,6a250e100000000028039a31,complete,endpoint_exhausted,0,0,0,chengdu,aliyun_chengdu,deep_chengdu,9344,14,complete,GK2026D1,,
2026-08-23T19:56:27,reply,6a24d5cd000000003502b68d,6a250ddb000000002a027484,complete,endpoint_exhausted,0,0,0,chengdu,aliyun_chengdu,deep_chengdu,9344,14,complete,GK2026D1,,
2026-08-23T19:56:27,reply,6a24d5cd000000003502b68d,6a250d9b000000002803564e,complete,endpoint_exhausted,0,0,0,chengdu,aliyun_chengdu,deep_chengdu,9344,14,complete,GK2026D1,,
2026-08-23T19:56:43,reply,6a24d5cd000000003502b68d,6a250d98000000002800b1df,complete,endpoint_exhausted,0,0,0,chengdu,aliyun_chengdu,deep_chengdu,9344,14,complete,GK2026D1,,
2026-08-23T19:56:43,reply,6a24d5cd000000003502b68d,6a250d6f0000000028034b6c,complete,endpoint_exhausted,0,0,0,chengdu,aliyun_chengdu,deep_chengdu,9344,14,complete,GK2026D1,,
2026-08-23T19:56:43,reply,6a24d5cd000000003502b68d,6a250d48000000002803f8c7,complete,endpoint_exhausted,0,0,0,chengdu,aliyun_chengdu,deep_chengdu,9344,14,complete,GK2026D1,,
2026-08-23T19:56:43,reply,6a24d5cd000000003502b68d,6a250d410000000028034056,complete,endpoint_exhausted,0,0,0,chengdu,aliyun_chengdu,deep_chengdu,9344,14,complete,GK2026D1,,
2026-08-23T19:56:43,reply,6a24d5cd000000003502b68d,6a250d20000000002900f7ef,complete,endpoint_exhausted,0,1,1,chengdu,aliyun_chengdu,deep_chengdu,9344,14,complete,GK2026D1,,
2026-08-23T19:56:43,reply,6a24d5cd000000003502b68d,6a250d190000000028033a41,complete,endpoint_exhausted,0,0,0,chengdu,aliyun_chengdu,deep_chengdu,9344,14,complete,GK2026D1,,
2026-08-23T19:56:43,reply,6a24d5cd000000003502b68d,6a250cff000000002900efa1,complete,endpoint_exhausted,0,0,0,chengdu,aliyun_chengdu,deep_chengdu,9344,14,complete,GK2026D1,,
2026-08-23T19:56:43,reply,6a24d5cd000000003502b68d,6a250cfe00000000290348ae,complete,endpoint_exhausted,0,0,0,chengdu,aliyun_chengdu,deep_chengdu,9344,14,complete,GK2026D1,,
2026-08-23T19:56:43,reply,6a24d5cd000000003502b68d,6a250cf7000000002702ee45,complete,endpoint_exhausted,0,0,0,chengdu,aliyun_chengdu,deep_chengdu,9344,14,complete,GK2026D1,,
2026-08-23T19:56:43,reply,6a24d5cd000000003502b68d,6a250ce7000000002b000fe6,complete,endpoint_exhausted,0,0,0,chengdu,aliyun_chengdu,deep_chengdu,9344,14,complete,GK2026D1,,
2026-08-23T19:57:00,reply,6a24d5cd000000003502b68d,6a250c80000000002800b33d,complete,endpoint_exhausted,0,0,0,chengdu,aliyun_chengdu,deep_chengdu,9344,14,complete,GK2026D1,,
2026-08-23T19:57:00,reply,6a24d5cd000000003502b68d,6a250c54000000002803fecd,complete,endpoint_exhausted,0,0,0,chengdu,aliyun_chengdu,deep_chengdu,9344,14,complete,GK2026D1,,
2026-08-23T19:57:00,reply,6a24d5cd000000003502b68d,6a250c53000000002a02653b,complete,endpoint_exhausted,0,0,0,chengdu,aliyun_chengdu,deep_chengdu,9344,14,complete,GK2026D1,,
2026-08-23T19:57:00,reply,6a24d5cd000000003502b68d,6a250c50000000002800a796,complete,endpoint_exhausted,0,0,0,chengdu,aliyun_chengdu,deep_chengdu,9344,14,complete,GK2026D1,,
2026-08-23T19:57:00,reply,6a24d5cd000000003502b68d,6a250c45000000002803fb51,complete,endpoint_exhausted,0,0,0,chengdu,aliyun_chengdu,deep_chengdu,9344,14,complete,GK2026D1,,
2026-08-23T19:57:00,reply,6a24d5cd000000003502b68d,6a250c24000000002803ac67,complete,endpoint_exhausted,0,0,0,chengdu,aliyun_chengdu,deep_chengdu,9344,14,complete,GK2026D1,,
2026-08-23T19:57:00,reply,6a24d5cd000000003502b68d,6a250c1a000000002902f0ff,complete,endpoint_exhausted,0,0,0,chengdu,aliyun_chengdu,deep_chengdu,9344,14,complete,GK2026D1,,
2026-08-23T19:57:00,reply,6a24d5cd000000003502b68d,6a250c0d000000002800968a,complete,endpoint_exhausted,0,0,0,chengdu,aliyun_chengdu,deep_chengdu,9344,14,complete,GK2026D1,,
2026-08-23T19:57:00,reply,6a24d5cd000000003502b68d,6a250bef000000002a030b71,complete,endpoint_exhausted,0,0,0,chengdu,aliyun_chengdu,deep_chengdu,9344,14,complete,GK2026D1,,
2026-08-23T19:57:00,reply,6a24d5cd000000003502b68d,6a250bd5000000002902e447,complete,endpoint_exhausted,0,0,0,chengdu,aliyun_chengdu,deep_chengdu,9344,14,complete,GK2026D1,,
2026-08-23T19:57:17,reply,6a24d5cd000000003502b68d,6a250bc9000000002b02844e,complete,endpoint_exhausted,0,0,0,chengdu,aliyun_chengdu,deep_chengdu,9344,14,complete,GK2026D1,,
2026-08-23T19:57:17,reply,6a24d5cd000000003502b68d,6a250bae000000002900dfa9,complete,endpoint_exhausted,0,0,0,chengdu,aliyun_chengdu,deep_chengdu,9344,14,complete,GK2026D1,,
2026-08-23T19:57:17,reply,6a24d5cd000000003502b68d,6a250ba9000000002b0276a5,complete,endpoint_exhausted,0,0,0,chengdu,aliyun_chengdu,deep_chengdu,9344,14,complete,GK2026D1,,
2026-08-23T19:57:17,reply,6a24d5cd000000003502b68d,6a250ba60000000029027d04,complete,endpoint_exhausted,0,0,0,chengdu,aliyun_chengdu,deep_chengdu,9344,14,complete,GK2026D1,,
2026-08-23T19:57:17,reply,6a24d5cd000000003502b68d,6a250ba6000000002701c43e,complete,endpoint_exhausted,0,0,0,chengdu,aliyun_chengdu,deep_chengdu,9344,14,complete,GK2026D1,,
2026-08-23T19:57:17,reply,6a24d5cd000000003502b68d,6a250b9c000000002a00684d,complete,endpoint_exhausted,0,0,0,chengdu,aliyun_chengdu,deep_chengdu,9344,14,complete,GK2026D1,,
2026-08-23T19:57:17,reply,6a24d5cd000000003502b68d,6a250b8c000000002a033b89,complete,endpoint_exhausted,0,0,0,chengdu,aliyun_chengdu,deep_chengdu,9344,14,complete,GK2026D1,,
2026-08-23T19:57:17,reply,6a24d5cd000000003502b68d,6a250b7800000000280383ad,complete,endpoint_exhausted,0,0,0,chengdu,aliyun_chengdu,deep_chengdu,9344,14,complete,GK2026D1,,
2026-08-23T19:57:17,reply,6a24d5cd000000003502b68d,6a250b5b000000002701f2d3,complete,endpoint_exhausted,0,0,0,chengdu,aliyun_chengdu,deep_chengdu,9344,14,complete,GK2026D1,,
2026-08-23T19:57:17,reply,6a24d5cd000000003502b68d,6a250b2c00000000290269d7,complete,endpoint_exhausted,0,0,0,chengdu,aliyun_chengdu,deep_chengdu,9344,14,complete,GK2026D1,,
2026-08-23T19:57:34,reply,6a24d5cd000000003502b68d,6a250b2a000000002a00550f,complete,endpoint_exhausted,0,0,0,chengdu,aliyun_chengdu,deep_chengdu,9344,14,complete,GK2026D1,,
2026-08-23T19:57:34,reply,6a24d5cd000000003502b68d,6a250b14000000002803044a,complete,endpoint_exhausted,0,0,0,chengdu,aliyun_chengdu,deep_chengdu,9344,14,complete,GK2026D1,,
2026-08-23T19:57:34,reply,6a24d5cd000000003502b68d,6a250b10000000002803038f,complete,endpoint_exhausted,0,0,0,chengdu,aliyun_chengdu,deep_chengdu,9344,14,complete,GK2026D1,,
2026-08-23T19:57:34,reply,6a24d5cd000000003502b68d,6a250b09000000002a026924,complete,endpoint_exhausted,0,0,0,chengdu,aliyun_chengdu,deep_chengdu,9344,14,complete,GK2026D1,,
2026-08-23T19:57:34,reply,6a24d5cd000000003502b68d,6a250acd0000000028008b8c,complete,endpoint_exhausted,0,0,0,chengdu,aliyun_chengdu,deep_chengdu,9344,14,complete,GK2026D1,,
2026-08-23T19:57:34,reply,6a24d5cd000000003502b68d,6a250ab7000000002702290b,complete,endpoint_exhausted,0,0,0,chengdu,aliyun_chengdu,deep_chengdu,9344,14,complete,GK2026D1,,
2026-08-23T19:57:34,reply,6a24d5cd000000003502b68d,6a250aa4000000002b002ad9,complete,endpoint_exhausted,0,0,0,chengdu,aliyun_chengdu,deep_chengdu,9344,14,complete,GK2026D1,,
2026-08-23T19:57:34,reply,6a24d5cd000000003502b68d,6a250a9d000000002701c822,complete,endpoint_exhausted,0,0,0,chengdu,aliyun_chengdu,deep_chengdu,9344,14,complete,GK2026D1,,
2026-08-23T19:57:34,reply,6a24d5cd000000003502b68d,6a250a9800000000290250e3,complete,endpoint_exhausted,0,0,0,chengdu,aliyun_chengdu,deep_chengdu,9344,14,complete,GK2026D1,,
2026-08-23T19:57:34,reply,6a24d5cd000000003502b68d,6a250a97000000002900e020,complete,endpoint_exhausted,0,0,0,chengdu,aliyun_chengdu,deep_chengdu,9344,14,complete,GK2026D1,,
2026-08-23T19:57:51,reply,6a24d5cd000000003502b68d,6a250a8a000000002800bc99,complete,endpoint_exhausted,0,0,0,chengdu,aliyun_chengdu,deep_chengdu,9344,14,complete,GK2026D1,,
2026-08-23T19:57:51,reply,6a24d5cd000000003502b68d,6a250a42000000000d022001,complete,endpoint_exhausted,0,0,0,chengdu,aliyun_chengdu,deep_chengdu,9344,14,complete,GK2026D1,,
2026-08-23T19:57:51,reply,6a24d5cd000000003502b68d,6a250a41000000002a00697f,complete,endpoint_exhausted,0,0,0,chengdu,aliyun_chengdu,deep_chengdu,9344,14,complete,GK2026D1,,
2026-08-23T19:57:51,reply,6a24d5cd000000003502b68d,6a250a32000000002901b1a9,complete,endpoint_exhausted,0,0,0,chengdu,aliyun_chengdu,deep_chengdu,9344,14,complete,GK2026D1,,
2026-08-23T19:57:51,reply,6a24d5cd000000003502b68d,6a250a0a000000002a027b44,complete,endpoint_exhausted,0,0,0,chengdu,aliyun_chengdu,deep_chengdu,9344,14,complete,GK2026D1,,
2026-08-23T19:57:51,reply,6a24d5cd000000003502b68d,6a2509f50000000028009913,complete,endpoint_exhausted,0,0,0,chengdu,aliyun_chengdu,deep_chengdu,9344,14,complete,GK2026D1,,
2026-08-23T19:57:51,reply,6a24d5cd000000003502b68d,6a2509cf000000002900f077,complete,endpoint_exhausted,0,0,0,chengdu,aliyun_chengdu,deep_chengdu,9344,14,complete,GK2026D1,,
2026-08-23T19:57:51,reply,6a24d5cd000000003502b68d,6a2509c1000000002b02649d,complete,endpoint_exhausted,0,0,0,chengdu,aliyun_chengdu,deep_chengdu,9344,14,complete,GK2026D1,,
2026-08-23T19:57:51,reply,6a24d5cd000000003502b68d,6a2509b500000000280368b0,complete,endpoint_exhausted,0,0,0,chengdu,aliyun_chengdu,deep_chengdu,9344,14,complete,GK2026D1,,
2026-08-23T19:57:51,reply,6a24d5cd000000003502b68d,6a2509b1000000002803e6f1,complete,endpoint_exhausted,0,0,0,chengdu,aliyun_chengdu,deep_chengdu,9344,14,complete,GK2026D1,,
2026-08-23T19:58:08,reply,6a24d5cd000000003502b68d,6a25099800000000280392fa,complete,endpoint_exhausted,0,0,0,chengdu,aliyun_chengdu,deep_chengdu,9344,14,complete,GK2026D1,,
2026-08-23T19:58:08,reply,6a24d5cd000000003502b68d,6a250977000000002b003373,complete,endpoint_exhausted,0,0,0,chengdu,aliyun_chengdu,deep_chengdu,9344,14,complete,GK2026D1,,
2026-08-23T19:58:08,reply,6a24d5cd000000003502b68d,6a250958000000002803523c,complete,endpoint_exhausted,0,0,0,chengdu,aliyun_chengdu,deep_chengdu,9344,14,complete,GK2026D1,,
2026-08-23T19:58:08,reply,6a24d5cd000000003502b68d,6a2509410000000028034ce0,complete,endpoint_exhausted,0,0,0,chengdu,aliyun_chengdu,deep_chengdu,9344,14,complete,GK2026D1,,
2026-08-23T19:58:08,reply,6a24d5cd000000003502b68d,6a250932000000002900cc0e,complete,endpoint_exhausted,0,0,0,chengdu,aliyun_chengdu,deep_chengdu,9344,14,complete,GK2026D1,,
2026-08-23T19:58:08,reply,6a24d5cd000000003502b68d,6a250926000000002a02d929,complete,endpoint_exhausted,0,0,0,chengdu,aliyun_chengdu,deep_chengdu,9344,14,complete,GK2026D1,,
2026-08-23T19:58:08,reply,6a24d5cd000000003502b68d,6a25090d0000000028030c76,complete,endpoint_exhausted,0,0,0,chengdu,aliyun_chengdu,deep_chengdu,9344,14,complete,GK2026D1,,
2026-08-23T19:58:08,reply,6a24d5cd000000003502b68d,6a2508fe000000002701e2bd,complete,endpoint_exhausted,0,0,0,chengdu,aliyun_chengdu,deep_chengdu,9344,14,complete,GK2026D1,,
2026-08-23T19:58:08,reply,6a24d5cd000000003502b68d,6a2508e4000000002902477f,complete,endpoint_exhausted,0,0,0,chengdu,aliyun_chengdu,deep_chengdu,9344,14,complete,GK2026D1,,
2026-08-23T19:58:08,reply,6a24d5cd000000003502b68d,6a2508da000000002a024301,complete,endpoint_exhausted,0,0,0,chengdu,aliyun_chengdu,deep_chengdu,9344,14,complete,GK2026D1,,
2026-08-23T19:58:24,reply,6a24d5cd000000003502b68d,6a2508d60000000029034b85,complete,endpoint_exhausted,0,0,0,chengdu,aliyun_chengdu,deep_chengdu,9344,14,complete,GK2026D1,,
2026-08-23T19:58:24,reply,6a24d5cd000000003502b68d,6a2508cc000000002b02bad5,complete,endpoint_exhausted,0,0,0,chengdu,aliyun_chengdu,deep_chengdu,9344,14,complete,GK2026D1,,
2026-08-23T19:58:24,reply,6a24d5cd000000003502b68d,6a2508be000000002a02c8bf,complete,endpoint_exhausted,0,0,0,chengdu,aliyun_chengdu,deep_chengdu,9344,14,complete,GK2026D1,,
2026-08-23T19:58:24,reply,6a24d5cd000000003502b68d,6a2508b70000000027016367,complete,endpoint_exhausted,0,0,0,chengdu,aliyun_chengdu,deep_chengdu,9344,14,complete,GK2026D1,,
2026-08-23T19:58:24,reply,6a24d5cd000000003502b68d,6a2508780000000028038ed6,complete,endpoint_exhausted,0,0,0,chengdu,aliyun_chengdu,deep_chengdu,9344,14,complete,GK2026D1,,
2026-08-23T19:58:24,reply,6a24d5cd000000003502b68d,6a250875000000002702de57,complete,endpoint_exhausted,0,0,0,chengdu,aliyun_chengdu,deep_chengdu,9344,14,complete,GK2026D1,,
2026-08-23T19:58:24,reply,6a24d5cd000000003502b68d,6a25082f0000000027021354,complete,endpoint_exhausted,0,0,0,chengdu,aliyun_chengdu,deep_chengdu,9344,14,complete,GK2026D1,,
2026-08-23T19:58:24,reply,6a24d5cd000000003502b68d,6a250829000000002800a907,complete,endpoint_exhausted,0,0,0,chengdu,aliyun_chengdu,deep_chengdu,9344,14,complete,GK2026D1,,
2026-08-23T19:58:24,reply,6a24d5cd000000003502b68d,6a250812000000002702c782,complete,endpoint_exhausted,0,0,0,chengdu,aliyun_chengdu,deep_chengdu,9344,14,complete,GK2026D1,,
2026-08-23T19:58:24,reply,6a24d5cd000000003502b68d,6a250802000000002701764e,complete,endpoint_exhausted,0,0,0,chengdu,aliyun_chengdu,deep_chengdu,9344,14,complete,GK2026D1,,
2026-08-23T19:58:42,reply,6a24d5cd000000003502b68d,6a2507fa000000002a02e7f5,complete,endpoint_exhausted,0,0,0,chengdu,aliyun_chengdu,deep_chengdu,9344,14,complete,GK2026D1,,
2026-08-23T19:58:42,reply,6a24d5cd000000003502b68d,6a2507f1000000002901139a,complete,endpoint_exhausted,0,0,0,chengdu,aliyun_chengdu,deep_chengdu,9344,14,complete,GK2026D1,,
2026-08-23T19:58:42,reply,6a24d5cd000000003502b68d,6a2507d50000000028037267,complete,endpoint_exhausted,0,0,0,chengdu,aliyun_chengdu,deep_chengdu,9344,14,complete,GK2026D1,,
2026-08-23T19:58:42,reply,6a24d5cd000000003502b68d,6a2507c1000000002701d76e,complete,endpoint_exhausted,0,0,0,chengdu,aliyun_chengdu,deep_chengdu,9344,14,complete,GK2026D1,,
2026-08-23T19:58:42,reply,6a24d5cd000000003502b68d,6a2507b4000000002803a05b,complete,endpoint_exhausted,0,0,0,chengdu,aliyun_chengdu,deep_chengdu,9344,14,complete,GK2026D1,,
2026-08-23T19:58:42,reply,6a24d5cd000000003502b68d,6a250797000000002701cd79,complete,endpoint_exhausted,0,0,0,chengdu,aliyun_chengdu,deep_chengdu,9344,14,complete,GK2026D1,,
2026-08-23T19:58:42,reply,6a24d5cd000000003502b68d,6a250790000000002b00259b,complete,endpoint_exhausted,0,0,0,chengdu,aliyun_chengdu,deep_chengdu,9344,14,complete,GK2026D1,,
2026-08-23T19:58:42,reply,6a24d5cd000000003502b68d,6a25077a000000002701c78c,complete,endpoint_exhausted,0,0,0,chengdu,aliyun_chengdu,deep_chengdu,9344,14,complete,GK2026D1,,
2026-08-23T19:58:42,reply,6a24d5cd000000003502b68d,6a2507770000000029024404,complete,endpoint_exhausted,0,0,0,chengdu,aliyun_chengdu,deep_chengdu,9344,14,complete,GK2026D1,,
2026-08-23T19:58:42,reply,6a24d5cd000000003502b68d,6a250773000000002701c642,complete,endpoint_exhausted,0,0,0,chengdu,aliyun_chengdu,deep_chengdu,9344,14,complete,GK2026D1,,
2026-08-23T19:58:59,reply,6a24d5cd000000003502b68d,6a25076f00000000280325bd,complete,endpoint_exhausted,0,0,0,chengdu,aliyun_chengdu,deep_chengdu,9344,14,complete,GK2026D1,,
2026-08-23T19:58:59,reply,6a24d5cd000000003502b68d,6a2507670000000027015033,complete,endpoint_exhausted,0,0,0,chengdu,aliyun_chengdu,deep_chengdu,9344,14,complete,GK2026D1,,
2026-08-23T19:58:59,reply,6a24d5cd000000003502b68d,6a250735000000002901a236,complete,endpoint_exhausted,0,0,0,chengdu,aliyun_chengdu,deep_chengdu,9344,14,complete,GK2026D1,,
2026-08-23T19:58:59,reply,6a24d5cd000000003502b68d,6a2506f4000000002b02a6ba,complete,endpoint_exhausted,0,0,0,chengdu,aliyun_chengdu,deep_chengdu,9344,14,complete,GK2026D1,,
2026-08-23T19:58:59,reply,6a24d5cd000000003502b68d,6a2506d4000000002b00064e,complete,endpoint_exhausted,0,0,0,chengdu,aliyun_chengdu,deep_chengdu,9344,14,complete,GK2026D1,,
2026-08-23T19:58:59,reply,6a24d5cd000000003502b68d,6a2506a9000000002702f28a,complete,endpoint_exhausted,0,0,0,chengdu,aliyun_chengdu,deep_chengdu,9344,14,complete,GK2026D1,,
2026-08-23T19:59:15,reply,6a24d5cd000000003502b68d,6a2506a8000000002702f22a,complete,endpoint_exhausted,1,2,2,chengdu,aliyun_chengdu,deep_chengdu,9344,14,complete,GK2026D1,,
2026-08-23T19:59:15,reply,6a24d5cd000000003502b68d,6a2506780000000028035758,complete,endpoint_exhausted,0,0,0,chengdu,aliyun_chengdu,deep_chengdu,9344,14,complete,GK2026D1,,
2026-08-23T19:59:15,reply,6a24d5cd000000003502b68d,6a250665000000002a024f50,complete,endpoint_exhausted,0,0,0,chengdu,aliyun_chengdu,deep_chengdu,9344,14,complete,GK2026D1,,
2026-08-23T19:59:15,reply,6a24d5cd000000003502b68d,6a25062e000000002702d3c9,complete,endpoint_exhausted,0,0,0,chengdu,aliyun_chengdu,deep_chengdu,9344,14,complete,GK2026D1,,
2026-08-23T19:59:32,reply,6a24d5cd000000003502b68d,6a250621000000002803d551,complete,endpoint_exhausted,0,0,0,chengdu,aliyun_chengdu,deep_chengdu,9344,14,complete,GK2026D1,,
2026-08-23T19:59:32,reply,6a24d5cd000000003502b68d,6a250618000000002b027fa0,complete,endpoint_exhausted,0,0,0,chengdu,aliyun_chengdu,deep_chengdu,9344,14,complete,GK2026D1,,
2026-08-23T19:59:32,reply,6a24d5cd000000003502b68d,6a2505fa000000002b027a33,complete,endpoint_exhausted,0,0,0,chengdu,aliyun_chengdu,deep_chengdu,9344,14,complete,GK2026D1,,
2026-08-23T19:59:32,reply,6a24d5cd000000003502b68d,6a2505f8000000002902dc53,complete,endpoint_exhausted,0,0,0,chengdu,aliyun_chengdu,deep_chengdu,9344,14,complete,GK2026D1,,
2026-08-23T19:59:32,reply,6a24d5cd000000003502b68d,6a2505a7000000002701de94,complete,endpoint_exhausted,0,0,0,chengdu,aliyun_chengdu,deep_chengdu,9344,14,complete,GK2026D1,,
2026-08-23T19:59:32,reply,6a24d5cd000000003502b68d,6a2505a2000000002a026b9b,complete,endpoint_exhausted,0,0,0,chengdu,aliyun_chengdu,deep_chengdu,9344,14,complete,GK2026D1,,
2026-08-23T19:59:32,reply,6a24d5cd000000003502b68d,6a25057c000000002702ec43,complete,endpoint_exhausted,0,0,0,chengdu,aliyun_chengdu,deep_chengdu,9344,14,complete,GK2026D1,,
2026-08-23T19:59:32,reply,6a24d5cd000000003502b68d,6a2505790000000028039fa6,complete,endpoint_exhausted,0,0,0,chengdu,aliyun_chengdu,deep_chengdu,9344,14,complete,GK2026D1,,
2026-08-23T19:59:32,reply,6a24d5cd000000003502b68d,6a25055900000000280353f8,complete,endpoint_exhausted,0,0,0,chengdu,aliyun_chengdu,deep_chengdu,9344,14,complete,GK2026D1,,
2026-08-23T19:59:32,reply,6a24d5cd000000003502b68d,6a250556000000002a0326ef,complete,endpoint_exhausted,0,0,0,chengdu,aliyun_chengdu,deep_chengdu,9344,14,complete,GK2026D1,,
2026-08-23T19:59:49,reply,6a24d5cd000000003502b68d,6a250529000000002903667f,complete,endpoint_exhausted,0,0,0,chengdu,aliyun_chengdu,deep_chengdu,9344,14,complete,GK2026D1,,
2026-08-23T19:59:49,reply,6a24d5cd000000003502b68d,6a250520000000002a031cac,complete,endpoint_exhausted,0,0,0,chengdu,aliyun_chengdu,deep_chengdu,9344,14,complete,GK2026D1,,
2026-08-23T19:59:49,reply,6a24d5cd000000003502b68d,6a25050e0000000027017ac7,complete,endpoint_exhausted,0,0,0,chengdu,aliyun_chengdu,deep_chengdu,9344,14,complete,GK2026D1,,
2026-08-23T19:59:49,reply,6a24d5cd000000003502b68d,6a2504e7000000002b028a81,complete,endpoint_exhausted,0,0,0,chengdu,aliyun_chengdu,deep_chengdu,9344,14,complete,GK2026D1,,
2026-08-23T19:59:49,reply,6a24d5cd000000003502b68d,6a2504d1000000002803b831,complete,endpoint_exhausted,0,0,0,chengdu,aliyun_chengdu,deep_chengdu,9344,14,complete,GK2026D1,,
2026-08-23T19:59:49,reply,6a24d5cd000000003502b68d,6a25049f000000002803fb7e,complete,endpoint_exhausted,0,0,0,chengdu,aliyun_chengdu,deep_chengdu,9344,14,complete,GK2026D1,,
2026-08-23T19:59:49,reply,6a24d5cd000000003502b68d,6a25048900000000280098fb,complete,endpoint_exhausted,0,0,0,chengdu,aliyun_chengdu,deep_chengdu,9344,14,complete,GK2026D1,,
2026-08-23T19:59:49,reply,6a24d5cd000000003502b68d,6a25045a000000002b0012b1,complete,endpoint_exhausted,0,0,0,chengdu,aliyun_chengdu,deep_chengdu,9344,14,complete,GK2026D1,,
2026-08-23T19:59:49,reply,6a24d5cd000000003502b68d,6a250444000000002b0272ea,complete,endpoint_exhausted,0,0,0,chengdu,aliyun_chengdu,deep_chengdu,9344,14,complete,GK2026D1,,
2026-08-23T19:59:49,reply,6a24d5cd000000003502b68d,6a2504380000000028031ce6,complete,endpoint_exhausted,0,0,0,chengdu,aliyun_chengdu,deep_chengdu,9344,14,complete,GK2026D1,,
2026-08-23T20:00:06,reply,6a24d5cd000000003502b68d,6a250426000000002701c9f2,complete,endpoint_exhausted,0,0,0,chengdu,aliyun_chengdu,deep_chengdu,9344,14,complete,GK2026D1,,
2026-08-23T20:00:06,reply,6a24d5cd000000003502b68d,6a2504180000000028034741,complete,endpoint_exhausted,0,0,0,chengdu,aliyun_chengdu,deep_chengdu,9344,14,complete,GK2026D1,,
2026-08-23T20:00:06,reply,6a24d5cd000000003502b68d,6a250416000000002a0267b2,complete,endpoint_exhausted,0,0,0,chengdu,aliyun_chengdu,deep_chengdu,9344,14,complete,GK2026D1,,
2026-08-23T20:00:06,reply,6a24d5cd000000003502b68d,6a250402000000002701c1f8,complete,endpoint_exhausted,0,0,0,chengdu,aliyun_chengdu,deep_chengdu,9344,14,complete,GK2026D1,,
2026-08-23T20:00:06,reply,6a24d5cd000000003502b68d,6a25040000000000280340ed,complete,endpoint_exhausted,0,0,0,chengdu,aliyun_chengdu,deep_chengdu,9344,14,complete,GK2026D1,,
2026-08-23T20:00:06,reply,6a24d5cd000000003502b68d,6a2503f70000000028030ca6,complete,endpoint_exhausted,0,0,0,chengdu,aliyun_chengdu,deep_chengdu,9344,14,complete,GK2026D1,,
2026-08-23T20:00:06,reply,6a24d5cd000000003502b68d,6a2503f2000000002900ccbb,complete,endpoint_exhausted,0,0,0,chengdu,aliyun_chengdu,deep_chengdu,9344,14,complete,GK2026D1,,
2026-08-23T20:00:06,reply,6a24d5cd000000003502b68d,6a2503dd0000000027029429,complete,endpoint_exhausted,0,0,0,chengdu,aliyun_chengdu,deep_chengdu,9344,14,complete,GK2026D1,,
2026-08-23T20:00:06,reply,6a24d5cd000000003502b68d,6a2503d4000000002a0322ec,complete,endpoint_exhausted,0,0,0,chengdu,aliyun_chengdu,deep_chengdu,9344,14,complete,GK2026D1,,
2026-08-23T20:00:06,reply,6a24d5cd000000003502b68d,6a2503d2000000002b025fe1,complete,endpoint_exhausted,0,0,0,chengdu,aliyun_chengdu,deep_chengdu,9344,14,complete,GK2026D1,,
2026-08-23T20:00:22,reply,6a24d5cd000000003502b68d,6a2503b8000000002b0291ee,complete,endpoint_exhausted,0,0,0,chengdu,aliyun_chengdu,deep_chengdu,9344,14,complete,GK2026D1,,
2026-08-23T20:00:22,reply,6a24d5cd000000003502b68d,6a2503820000000028033143,complete,endpoint_exhausted,0,0,0,chengdu,aliyun_chengdu,deep_chengdu,9344,14,complete,GK2026D1,,
2026-08-23T20:00:22,reply,6a24d5cd000000003502b68d,6a250380000000002900f14b,complete,endpoint_exhausted,0,0,0,chengdu,aliyun_chengdu,deep_chengdu,9344,14,complete,GK2026D1,,
2026-08-23T20:00:22,reply,6a24d5cd000000003502b68d,6a25035d000000002702b428,complete,endpoint_exhausted,0,0,0,chengdu,aliyun_chengdu,deep_chengdu,9344,14,complete,GK2026D1,,
2026-08-23T20:00:22,reply,6a24d5cd000000003502b68d,6a25033b0000000027022413,complete,endpoint_exhausted,0,0,0,chengdu,aliyun_chengdu,deep_chengdu,9344,14,complete,GK2026D1,,
2026-08-23T20:00:22,reply,6a24d5cd000000003502b68d,6a2502f7000000002a027401,complete,endpoint_exhausted,0,0,0,chengdu,aliyun_chengdu,deep_chengdu,9344,14,complete,GK2026D1,,
2026-08-23T20:00:22,reply,6a24d5cd000000003502b68d,6a2502f4000000002900d1c7,complete,endpoint_exhausted,0,0,0,chengdu,aliyun_chengdu,deep_chengdu,9344,14,complete,GK2026D1,,
2026-08-23T20:00:22,reply,6a24d5cd000000003502b68d,6a2502f10000000028037def,complete,endpoint_exhausted,0,0,0,chengdu,aliyun_chengdu,deep_chengdu,9344,14,complete,GK2026D1,,
2026-08-23T20:00:22,reply,6a24d5cd000000003502b68d,6a2502cd000000002800aec5,complete,endpoint_exhausted,0,0,0,chengdu,aliyun_chengdu,deep_chengdu,9344,14,complete,GK2026D1,,
2026-08-23T20:00:22,reply,6a24d5cd000000003502b68d,6a2502cc000000002b026e3c,complete,endpoint_exhausted,0,0,0,chengdu,aliyun_chengdu,deep_chengdu,9344,14,complete,GK2026D1,,
2026-08-23T20:00:39,reply,6a24d5cd000000003502b68d,6a2502c300000000280370c7,complete,endpoint_exhausted,0,0,0,chengdu,aliyun_chengdu,deep_chengdu,9344,14,complete,GK2026D1,,
2026-08-23T20:00:39,reply,6a24d5cd000000003502b68d,6a2502c00000000027017102,complete,endpoint_exhausted,0,0,0,chengdu,aliyun_chengdu,deep_chengdu,9344,14,complete,GK2026D1,,
2026-08-23T20:00:39,reply,6a24d5cd000000003502b68d,6a2502ba000000002902c5c1,complete,endpoint_exhausted,0,0,0,chengdu,aliyun_chengdu,deep_chengdu,9344,14,complete,GK2026D1,,
2026-08-23T20:00:39,reply,6a24d5cd000000003502b68d,6a2502a3000000002800a448,complete,endpoint_exhausted,0,0,0,chengdu,aliyun_chengdu,deep_chengdu,9344,14,complete,GK2026D1,,
2026-08-23T20:00:39,reply,6a24d5cd000000003502b68d,6a25027a000000002a032620,complete,endpoint_exhausted,0,0,0,chengdu,aliyun_chengdu,deep_chengdu,9344,14,complete,GK2026D1,,
2026-08-23T20:00:39,reply,6a24d5cd000000003502b68d,6a250241000000002902f061,complete,endpoint_exhausted,0,0,0,chengdu,aliyun_chengdu,deep_chengdu,9344,14,complete,GK2026D1,,
2026-08-23T20:00:39,reply,6a24d5cd000000003502b68d,6a2501d4000000002900cfc1,complete,endpoint_exhausted,0,0,0,chengdu,aliyun_chengdu,deep_chengdu,9344,14,complete,GK2026D1,,
2026-08-23T20:00:39,reply,6a24d5cd000000003502b68d,6a2501d30000000027017b20,complete,endpoint_exhausted,0,0,0,chengdu,aliyun_chengdu,deep_chengdu,9344,14,complete,GK2026D1,,
2026-08-23T20:00:39,reply,6a24d5cd000000003502b68d,6a2501cf000000002902dd08,complete,endpoint_exhausted,0,0,0,chengdu,aliyun_chengdu,deep_chengdu,9344,14,complete,GK2026D1,,
2026-08-23T20:00:56,reply,6a24d5cd000000003502b68d,6a2501a2000000002a027860,complete,endpoint_exhausted,1,5,5,chengdu,aliyun_chengdu,deep_chengdu,9344,14,complete,GK2026D1,,
2026-08-23T20:01:13,reply,6a24d5cd000000003502b68d,6a250198000000002a033ac4,complete,endpoint_exhausted,0,0,0,chengdu,aliyun_chengdu,deep_chengdu,9344,14,complete,GK2026D1,,
2026-08-23T20:01:13,reply,6a24d5cd000000003502b68d,6a250182000000002803372f,complete,endpoint_exhausted,0,0,0,chengdu,aliyun_chengdu,deep_chengdu,9344,14,complete,GK2026D1,,
2026-08-23T20:01:13,reply,6a24d5cd000000003502b68d,6a2501750000000028009e97,complete,endpoint_exhausted,0,0,0,chengdu,aliyun_chengdu,deep_chengdu,9344,14,complete,GK2026D1,,
2026-08-23T20:01:13,reply,6a24d5cd000000003502b68d,6a250173000000002902cd0f,complete,endpoint_exhausted,0,0,0,chengdu,aliyun_chengdu,deep_chengdu,9344,14,complete,GK2026D1,,
2026-08-23T20:01:13,reply,6a24d5cd000000003502b68d,6a250161000000002803f4a8,complete,endpoint_exhausted,0,0,0,chengdu,aliyun_chengdu,deep_chengdu,9344,14,complete,GK2026D1,,
2026-08-23T20:01:13,reply,6a24d5cd000000003502b68d,6a2501600000000027016170,complete,endpoint_exhausted,0,0,0,chengdu,aliyun_chengdu,deep_chengdu,9344,14,complete,GK2026D1,,
2026-08-23T20:01:13,reply,6a24d5cd000000003502b68d,6a25014000000000290253f7,complete,endpoint_exhausted,0,0,0,chengdu,aliyun_chengdu,deep_chengdu,9344,14,complete,GK2026D1,,
2026-08-23T20:01:13,reply,6a24d5cd000000003502b68d,6a25013c000000002803ebe7,complete,endpoint_exhausted,0,0,0,chengdu,aliyun_chengdu,deep_chengdu,9344,14,complete,GK2026D1,,
2026-08-23T20:01:13,reply,6a24d5cd000000003502b68d,6a250127000000002b02a3d5,complete,endpoint_exhausted,0,0,0,chengdu,aliyun_chengdu,deep_chengdu,9344,14,complete,GK2026D1,,
2026-08-23T20:01:13,reply,6a24d5cd000000003502b68d,6a250098000000002701c12a,complete,endpoint_exhausted,0,0,0,chengdu,aliyun_chengdu,deep_chengdu,9344,14,complete,GK2026D1,,
2026-08-23T20:01:30,reply,6a24d5cd000000003502b68d,6a250097000000002b002501,complete,endpoint_exhausted,0,0,0,chengdu,aliyun_chengdu,deep_chengdu,9344,14,complete,GK2026D1,,
2026-08-23T20:01:30,reply,6a24d5cd000000003502b68d,6a25003b0000000028032e5d,complete,endpoint_exhausted,0,0,0,chengdu,aliyun_chengdu,deep_chengdu,9344,14,complete,GK2026D1,,
2026-08-23T20:01:30,reply,6a24d5cd000000003502b68d,6a25000e000000002b0276c4,complete,endpoint_exhausted,0,0,0,chengdu,aliyun_chengdu,deep_chengdu,9344,14,complete,GK2026D1,,
2026-08-23T20:01:30,reply,6a24d5cd000000003502b68d,6a250005000000002701de7f,complete,endpoint_exhausted,0,1,1,chengdu,aliyun_chengdu,deep_chengdu,9344,14,complete,GK2026D1,,
2026-08-23T20:01:30,reply,6a24d5cd000000003502b68d,6a24ffcb0000000029037f0e,complete,endpoint_exhausted,0,0,0,chengdu,aliyun_chengdu,deep_chengdu,9344,14,complete,GK2026D1,,
2026-08-23T20:01:46,reply,6a24d5cd000000003502b68d,6a24ffb10000000028030eab,complete,endpoint_exhausted,1,3,3,chengdu,aliyun_chengdu,deep_chengdu,9344,14,complete,GK2026D1,,
2026-08-23T20:01:46,reply,6a24d5cd000000003502b68d,6a24ff82000000002702bc45,complete,endpoint_exhausted,0,0,0,chengdu,aliyun_chengdu,deep_chengdu,9344,14,complete,GK2026D1,,
2026-08-23T20:01:46,reply,6a24d5cd000000003502b68d,6a24ff5a00000000290278e3,complete,endpoint_exhausted,0,0,0,chengdu,aliyun_chengdu,deep_chengdu,9344,14,complete,GK2026D1,,
2026-08-23T20:01:46,reply,6a24d5cd000000003502b68d,6a24ff36000000002b024e81,complete,endpoint_exhausted,0,0,0,chengdu,aliyun_chengdu,deep_chengdu,9344,14,complete,GK2026D1,,
2026-08-23T20:01:46,reply,6a24d5cd000000003502b68d,6a24ff36000000002900ef60,complete,endpoint_exhausted,0,0,0,chengdu,aliyun_chengdu,deep_chengdu,9344,14,complete,GK2026D1,,
2026-08-23T20:02:03,reply,6a24d5cd000000003502b68d,6a24ff13000000002800905f,complete,endpoint_exhausted,0,0,0,chengdu,aliyun_chengdu,deep_chengdu,9344,14,complete,GK2026D1,,
2026-08-23T20:02:03,reply,6a24d5cd000000003502b68d,6a24fefb000000000d022800,complete,endpoint_exhausted,0,0,0,chengdu,aliyun_chengdu,deep_chengdu,9344,14,complete,GK2026D1,,
2026-08-23T20:02:03,reply,6a24d5cd000000003502b68d,6a24feef00000000290265ac,complete,endpoint_exhausted,0,0,0,chengdu,aliyun_chengdu,deep_chengdu,9344,14,complete,GK2026D1,,
2026-08-23T20:02:03,reply,6a24d5cd000000003502b68d,6a24feb9000000002803b41d,complete,endpoint_exhausted,0,0,0,chengdu,aliyun_chengdu,deep_chengdu,9344,14,complete,GK2026D1,,
2026-08-23T20:02:03,reply,6a24d5cd000000003502b68d,6a24feb1000000002a02c16a,complete,endpoint_exhausted,0,0,0,chengdu,aliyun_chengdu,deep_chengdu,9344,14,complete,GK2026D1,,
2026-08-23T20:02:03,reply,6a24d5cd000000003502b68d,6a24fea6000000002a02ff08,complete,endpoint_exhausted,0,1,1,chengdu,aliyun_chengdu,deep_chengdu,9344,14,complete,GK2026D1,,
2026-08-23T20:02:03,reply,6a24d5cd000000003502b68d,6a24fe98000000002903450e,complete,endpoint_exhausted,0,0,0,chengdu,aliyun_chengdu,deep_chengdu,9344,14,complete,GK2026D1,,
2026-08-23T20:02:03,reply,6a24d5cd000000003502b68d,6a24fe95000000002803abc7,complete,endpoint_exhausted,0,0,0,chengdu,aliyun_chengdu,deep_chengdu,9344,14,complete,GK2026D1,,
2026-08-23T20:02:03,reply,6a24d5cd000000003502b68d,6a24fe8700000000270165e3,complete,endpoint_exhausted,0,0,0,chengdu,aliyun_chengdu,deep_chengdu,9344,14,complete,GK2026D1,,
2026-08-23T20:02:03,reply,6a24d5cd000000003502b68d,6a24fe8100000000280304dc,complete,endpoint_exhausted,0,0,0,chengdu,aliyun_chengdu,deep_chengdu,9344,14,complete,GK2026D1,,
2026-08-23T20:02:20,reply,6a24d5cd000000003502b68d,6a24fe70000000002b0005e2,complete,endpoint_exhausted,0,0,0,chengdu,aliyun_chengdu,deep_chengdu,9344,14,complete,GK2026D1,,
2026-08-23T20:02:20,reply,6a24d5cd000000003502b68d,6a24fe5b0000000029024c87,complete,endpoint_exhausted,0,0,0,chengdu,aliyun_chengdu,deep_chengdu,9344,14,complete,GK2026D1,,
2026-08-23T20:02:20,reply,6a24d5cd000000003502b68d,6a24fe590000000029019a76,complete,endpoint_exhausted,0,0,0,chengdu,aliyun_chengdu,deep_chengdu,9344,14,complete,GK2026D1,,
2026-08-23T20:02:20,reply,6a24d5cd000000003502b68d,6a24fe4f000000002a005329,complete,endpoint_exhausted,0,0,0,chengdu,aliyun_chengdu,deep_chengdu,9344,14,complete,GK2026D1,,
2026-08-23T20:02:20,reply,6a24d5cd000000003502b68d,6a24fe35000000002702a8af,complete,endpoint_exhausted,0,0,0,chengdu,aliyun_chengdu,deep_chengdu,9344,14,complete,GK2026D1,,
2026-08-23T20:02:20,reply,6a24d5cd000000003502b68d,6a24fe32000000002b02a2c6,complete,endpoint_exhausted,0,0,0,chengdu,aliyun_chengdu,deep_chengdu,9344,14,complete,GK2026D1,,
2026-08-23T20:02:20,reply,6a24d5cd000000003502b68d,6a24fe30000000002701f5d0,complete,endpoint_exhausted,0,0,0,chengdu,aliyun_chengdu,deep_chengdu,9344,14,complete,GK2026D1,,
2026-08-23T20:02:20,reply,6a24d5cd000000003502b68d,6a24fe1b000000002a02e322,complete,endpoint_exhausted,0,0,0,chengdu,aliyun_chengdu,deep_chengdu,9344,14,complete,GK2026D1,,
2026-08-23T20:02:20,reply,6a24d5cd000000003502b68d,6a24fdff000000002a03050c,complete,endpoint_exhausted,0,0,0,chengdu,aliyun_chengdu,deep_chengdu,9344,14,complete,GK2026D1,,
2026-08-23T20:02:20,reply,6a24d5cd000000003502b68d,6a24fdff000000002900e039,complete,endpoint_exhausted,0,0,0,chengdu,aliyun_chengdu,deep_chengdu,9344,14,complete,GK2026D1,,
2026-08-23T20:02:37,reply,6a24d5cd000000003502b68d,6a24fdf5000000002a02dbeb,complete,endpoint_exhausted,0,0,0,chengdu,aliyun_chengdu,deep_chengdu,9344,14,complete,GK2026D1,,
2026-08-23T20:02:37,reply,6a24d5cd000000003502b68d,6a24fddf000000002902e55f,complete,endpoint_exhausted,0,0,0,chengdu,aliyun_chengdu,deep_chengdu,9344,14,complete,GK2026D1,,
2026-08-23T20:02:37,reply,6a24d5cd000000003502b68d,6a24fdcc000000002b002a2c,complete,endpoint_exhausted,0,0,0,chengdu,aliyun_chengdu,deep_chengdu,9344,14,complete,GK2026D1,,
2026-08-23T20:02:37,reply,6a24d5cd000000003502b68d,6a24fdc2000000002900d0ae,complete,endpoint_exhausted,0,0,0,chengdu,aliyun_chengdu,deep_chengdu,9344,14,complete,GK2026D1,,
2026-08-23T20:02:37,reply,6a24d5cd000000003502b68d,6a24fda9000000002901bfc3,complete,endpoint_exhausted,0,0,0,chengdu,aliyun_chengdu,deep_chengdu,9344,14,complete,GK2026D1,,
2026-08-23T20:02:37,reply,6a24d5cd000000003502b68d,6a24fda8000000002902daf6,complete,endpoint_exhausted,0,0,0,chengdu,aliyun_chengdu,deep_chengdu,9344,14,complete,GK2026D1,,
2026-08-23T20:02:37,reply,6a24d5cd000000003502b68d,6a24fd9f000000002900c72f,complete,endpoint_exhausted,0,0,0,chengdu,aliyun_chengdu,deep_chengdu,9344,14,complete,GK2026D1,,
2026-08-23T20:02:37,reply,6a24d5cd000000003502b68d,6a24fd9b000000002800b45f,complete,endpoint_exhausted,0,0,0,chengdu,aliyun_chengdu,deep_chengdu,9344,14,complete,GK2026D1,,
2026-08-23T20:02:37,reply,6a24d5cd000000003502b68d,6a24fd910000000027020682,complete,endpoint_exhausted,0,0,0,chengdu,aliyun_chengdu,deep_chengdu,9344,14,complete,GK2026D1,,
2026-08-23T20:02:37,reply,6a24d5cd000000003502b68d,6a24fd7e0000000029013fc8,complete,endpoint_exhausted,0,0,0,chengdu,aliyun_chengdu,deep_chengdu,9344,14,complete,GK2026D1,,
2026-08-23T20:02:54,reply,6a24d5cd000000003502b68d,6a24fd75000000002901b846,complete,endpoint_exhausted,0,0,0,chengdu,aliyun_chengdu,deep_chengdu,9344,14,complete,GK2026D1,,
2026-08-23T20:02:54,reply,6a24d5cd000000003502b68d,6a24fd72000000000d023c00,complete,endpoint_exhausted,0,0,0,chengdu,aliyun_chengdu,deep_chengdu,9344,14,complete,GK2026D1,,
2026-08-23T20:02:54,reply,6a24d5cd000000003502b68d,6a24fd68000000002b027acc,complete,endpoint_exhausted,0,0,0,chengdu,aliyun_chengdu,deep_chengdu,9344,14,complete,GK2026D1,,
2026-08-23T20:02:54,reply,6a24d5cd000000003502b68d,6a24fd66000000002b00183a,complete,endpoint_exhausted,0,0,0,chengdu,aliyun_chengdu,deep_chengdu,9344,14,complete,GK2026D1,,
2026-08-23T20:02:54,reply,6a24d5cd000000003502b68d,6a24fd5a000000002902cb60,complete,endpoint_exhausted,0,0,0,chengdu,aliyun_chengdu,deep_chengdu,9344,14,complete,GK2026D1,,
2026-08-23T20:02:54,reply,6a24d5cd000000003502b68d,6a24fd56000000002702b400,complete,endpoint_exhausted,0,0,0,chengdu,aliyun_chengdu,deep_chengdu,9344,14,complete,GK2026D1,,
2026-08-23T20:02:54,reply,6a24d5cd000000003502b68d,6a24fd440000000028034a81,complete,endpoint_exhausted,0,0,0,chengdu,aliyun_chengdu,deep_chengdu,9344,14,complete,GK2026D1,,
2026-08-23T20:02:54,reply,6a24d5cd000000003502b68d,6a24fd3e0000000028009f90,complete,endpoint_exhausted,0,0,0,chengdu,aliyun_chengdu,deep_chengdu,9344,14,complete,GK2026D1,,
2026-08-23T20:02:54,reply,6a24d5cd000000003502b68d,6a24fd370000000029012e7b,complete,endpoint_exhausted,0,0,0,chengdu,aliyun_chengdu,deep_chengdu,9344,14,complete,GK2026D1,,
2026-08-23T20:02:54,reply,6a24d5cd000000003502b68d,6a24fd18000000002900e0ef,complete,endpoint_exhausted,0,0,0,chengdu,aliyun_chengdu,deep_chengdu,9344,14,complete,GK2026D1,,
2026-08-23T20:03:11,reply,6a24d5cd000000003502b68d,6a24fd180000000027014846,complete,endpoint_exhausted,0,0,0,chengdu,aliyun_chengdu,deep_chengdu,9344,14,complete,GK2026D1,,
2026-08-23T20:03:11,reply,6a24d5cd000000003502b68d,6a24fcf200000000280325a4,complete,endpoint_exhausted,0,0,0,chengdu,aliyun_chengdu,deep_chengdu,9344,14,complete,GK2026D1,,
2026-08-23T20:03:28,reply,6a24d5cd000000003502b68d,6a24fcc800000000280318cb,complete,endpoint_exhausted,1,3,3,chengdu,aliyun_chengdu,deep_chengdu,9344,14,complete,GK2026D1,,
2026-08-23T20:03:28,reply,6a24d5cd000000003502b68d,6a24fcc10000000027028c00,complete,endpoint_exhausted,0,1,1,chengdu,aliyun_chengdu,deep_chengdu,9344,14,complete,GK2026D1,,
2026-08-23T20:03:28,reply,6a24d5cd000000003502b68d,6a24fcbd000000002902ecb5,complete,endpoint_exhausted,0,0,0,chengdu,aliyun_chengdu,deep_chengdu,9344,14,complete,GK2026D1,,
2026-08-23T20:03:28,reply,6a24d5cd000000003502b68d,6a24fca6000000002a004754,complete,endpoint_exhausted,0,0,0,chengdu,aliyun_chengdu,deep_chengdu,9344,14,complete,GK2026D1,,
2026-08-23T20:03:28,reply,6a24d5cd000000003502b68d,6a24fca6000000002803d1ef,complete,endpoint_exhausted,0,0,0,chengdu,aliyun_chengdu,deep_chengdu,9344,14,complete,GK2026D1,,
2026-08-23T20:03:28,reply,6a24d5cd000000003502b68d,6a24fc6d00000000280350c8,complete,endpoint_exhausted,0,0,0,chengdu,aliyun_chengdu,deep_chengdu,9344,14,complete,GK2026D1,,
2026-08-23T20:03:28,reply,6a24d5cd000000003502b68d,6a24fc46000000002a0337fe,complete,endpoint_exhausted,0,0,0,chengdu,aliyun_chengdu,deep_chengdu,9344,14,complete,GK2026D1,,
2026-08-23T20:03:28,reply,6a24d5cd000000003502b68d,6a24fc3a000000002b001fe7,complete,endpoint_exhausted,0,0,0,chengdu,aliyun_chengdu,deep_chengdu,9344,14,complete,GK2026D1,,
2026-08-23T20:03:45,reply,6a24d5cd000000003502b68d,6a24fc3a000000002702d27b,complete,endpoint_exhausted,0,0,0,chengdu,aliyun_chengdu,deep_chengdu,9344,14,complete,GK2026D1,,
2026-08-23T20:03:45,reply,6a24d5cd000000003502b68d,6a24fc2b000000002702a611,complete,endpoint_exhausted,0,0,0,chengdu,aliyun_chengdu,deep_chengdu,9344,14,complete,GK2026D1,,
2026-08-23T20:03:45,reply,6a24d5cd000000003502b68d,6a24fc18000000002a032e67,complete,endpoint_exhausted,0,0,0,chengdu,aliyun_chengdu,deep_chengdu,9344,14,complete,GK2026D1,,
2026-08-23T20:03:45,reply,6a24d5cd000000003502b68d,6a24fc15000000002a006dc2,complete,endpoint_exhausted,0,0,0,chengdu,aliyun_chengdu,deep_chengdu,9344,14,complete,GK2026D1,,
2026-08-23T20:03:45,reply,6a24d5cd000000003502b68d,6a24fc130000000028039166,complete,endpoint_exhausted,0,1,1,chengdu,aliyun_chengdu,deep_chengdu,9344,14,complete,GK2026D1,,
2026-08-23T20:03:45,reply,6a24d5cd000000003502b68d,6a24fc0a0000000029025f2a,complete,endpoint_exhausted,0,0,0,chengdu,aliyun_chengdu,deep_chengdu,9344,14,complete,GK2026D1,,
2026-08-23T20:03:45,reply,6a24d5cd000000003502b68d,6a24fbf20000000028038a79,complete,endpoint_exhausted,0,0,0,chengdu,aliyun_chengdu,deep_chengdu,9344,14,complete,GK2026D1,,
2026-08-23T20:03:45,reply,6a24d5cd000000003502b68d,6a24fbc700000000280319e1,complete,endpoint_exhausted,0,0,0,chengdu,aliyun_chengdu,deep_chengdu,9344,14,complete,GK2026D1,,
2026-08-23T20:03:45,reply,6a24d5cd000000003502b68d,6a24fbb90000000029010b29,complete,endpoint_exhausted,0,0,0,chengdu,aliyun_chengdu,deep_chengdu,9344,14,complete,GK2026D1,,
2026-08-23T20:03:45,reply,6a24d5cd000000003502b68d,6a24fbb5000000002803bb41,complete,endpoint_exhausted,0,0,0,chengdu,aliyun_chengdu,deep_chengdu,9344,14,complete,GK2026D1,,
2026-08-23T20:04:01,reply,6a24d5cd000000003502b68d,6a24fbb0000000002a005c35,complete,endpoint_exhausted,0,0,0,chengdu,aliyun_chengdu,deep_chengdu,9344,14,complete,GK2026D1,,
2026-08-23T20:04:01,reply,6a24d5cd000000003502b68d,6a24fb9b000000002701d6ea,complete,endpoint_exhausted,0,0,0,chengdu,aliyun_chengdu,deep_chengdu,9344,14,complete,GK2026D1,,
2026-08-23T20:04:01,reply,6a24d5cd000000003502b68d,6a24fb9600000000270206a8,complete,endpoint_exhausted,0,0,0,chengdu,aliyun_chengdu,deep_chengdu,9344,14,complete,GK2026D1,,
2026-08-23T20:04:01,reply,6a24d5cd000000003502b68d,6a24fb790000000029013857,complete,endpoint_exhausted,0,0,0,chengdu,aliyun_chengdu,deep_chengdu,9344,14,complete,GK2026D1,,
2026-08-23T20:04:01,reply,6a24d5cd000000003502b68d,6a24fb6c0000000027016043,complete,endpoint_exhausted,0,0,0,chengdu,aliyun_chengdu,deep_chengdu,9344,14,complete,GK2026D1,,
2026-08-23T20:04:01,reply,6a24d5cd000000003502b68d,6a24fb66000000002701ca27,complete,endpoint_exhausted,0,0,0,chengdu,aliyun_chengdu,deep_chengdu,9344,14,complete,GK2026D1,,
2026-08-23T20:04:01,reply,6a24d5cd000000003502b68d,6a24fb59000000002701c6cc,complete,endpoint_exhausted,0,0,0,chengdu,aliyun_chengdu,deep_chengdu,9344,14,complete,GK2026D1,,
2026-08-23T20:04:01,reply,6a24d5cd000000003502b68d,6a24fb56000000002a02ddf4,complete,endpoint_exhausted,0,0,0,chengdu,aliyun_chengdu,deep_chengdu,9344,14,complete,GK2026D1,,
2026-08-23T20:04:01,reply,6a24d5cd000000003502b68d,6a24fb55000000002a024472,complete,endpoint_exhausted,0,0,0,chengdu,aliyun_chengdu,deep_chengdu,9344,14,complete,GK2026D1,,
2026-08-23T20:04:01,reply,6a24d5cd000000003502b68d,6a24fb44000000002a02daaa,complete,endpoint_exhausted,0,0,0,chengdu,aliyun_chengdu,deep_chengdu,9344,14,complete,GK2026D1,,
2026-08-23T20:04:18,reply,6a24d5cd000000003502b68d,6a24fb4200000000290362da,complete,endpoint_exhausted,0,0,0,chengdu,aliyun_chengdu,deep_chengdu,9344,14,complete,GK2026D1,,
2026-08-23T20:04:18,reply,6a24d5cd000000003502b68d,6a24fb32000000002702a1f3,complete,endpoint_exhausted,0,0,0,chengdu,aliyun_chengdu,deep_chengdu,9344,14,complete,GK2026D1,,
2026-08-23T20:04:18,reply,6a24d5cd000000003502b68d,6a24fae50000000029018305,complete,endpoint_exhausted,0,0,0,chengdu,aliyun_chengdu,deep_chengdu,9344,14,complete,GK2026D1,,
2026-08-23T20:04:18,reply,6a24d5cd000000003502b68d,6a24fae1000000002a0072a7,complete,endpoint_exhausted,0,0,0,chengdu,aliyun_chengdu,deep_chengdu,9344,14,complete,GK2026D1,,
2026-08-23T20:04:18,reply,6a24d5cd000000003502b68d,6a24fadb000000002b001fd5,complete,endpoint_exhausted,0,0,0,chengdu,aliyun_chengdu,deep_chengdu,9344,14,complete,GK2026D1,,
2026-08-23T20:04:18,reply,6a24d5cd000000003502b68d,6a24fada0000000027017b8a,complete,endpoint_exhausted,0,0,0,chengdu,aliyun_chengdu,deep_chengdu,9344,14,complete,GK2026D1,,
2026-08-23T20:04:18,reply,6a24d5cd000000003502b68d,6a24fada000000000d022c01,complete,endpoint_exhausted,0,0,0,chengdu,aliyun_chengdu,deep_chengdu,9344,14,complete,GK2026D1,,
2026-08-23T20:04:18,reply,6a24d5cd000000003502b68d,6a24fad600000000270289f8,complete,endpoint_exhausted,0,0,0,chengdu,aliyun_chengdu,deep_chengdu,9344,14,complete,GK2026D1,,
2026-08-23T20:04:18,reply,6a24d5cd000000003502b68d,6a24face0000000028036660,complete,endpoint_exhausted,0,0,0,chengdu,aliyun_chengdu,deep_chengdu,9344,14,complete,GK2026D1,,
2026-08-23T20:04:18,reply,6a24d5cd000000003502b68d,6a24fac5000000002803641f,complete,endpoint_exhausted,0,0,0,chengdu,aliyun_chengdu,deep_chengdu,9344,14,complete,GK2026D1,,
2026-08-23T20:04:35,reply,6a24d5cd000000003502b68d,6a24fab00000000028035e91,complete,endpoint_exhausted,0,0,0,chengdu,aliyun_chengdu,deep_chengdu,9344,14,complete,GK2026D1,,
2026-08-23T20:04:35,reply,6a24d5cd000000003502b68d,6a24faab000000002903478e,complete,endpoint_exhausted,0,0,0,chengdu,aliyun_chengdu,deep_chengdu,9344,14,complete,GK2026D1,,
2026-08-23T20:04:35,reply,6a24d5cd000000003502b68d,6a24faa0000000002b001463,complete,endpoint_exhausted,0,0,0,chengdu,aliyun_chengdu,deep_chengdu,9344,14,complete,GK2026D1,,
2026-08-23T20:04:35,reply,6a24d5cd000000003502b68d,6a24fa58000000002800af1c,complete,endpoint_exhausted,0,0,0,chengdu,aliyun_chengdu,deep_chengdu,9344,14,complete,GK2026D1,,
2026-08-23T20:04:35,reply,6a24d5cd000000003502b68d,6a24fa4b000000002803a49f,complete,endpoint_exhausted,0,0,0,chengdu,aliyun_chengdu,deep_chengdu,9344,14,complete,GK2026D1,,
2026-08-23T20:04:35,reply,6a24d5cd000000003502b68d,6a24fa3c0000000027023265,complete,endpoint_exhausted,0,0,0,chengdu,aliyun_chengdu,deep_chengdu,9344,14,complete,GK2026D1,,
2026-08-23T20:04:35,reply,6a24d5cd000000003502b68d,6a24fa0200000000290198a0,complete,endpoint_exhausted,0,0,0,chengdu,aliyun_chengdu,deep_chengdu,9344,14,complete,GK2026D1,,
2026-08-23T20:04:35,reply,6a24d5cd000000003502b68d,6a24f9f9000000002701f130,complete,endpoint_exhausted,0,0,0,chengdu,aliyun_chengdu,deep_chengdu,9344,14,complete,GK2026D1,,
2026-08-23T20:04:35,reply,6a24d5cd000000003502b68d,6a24f9ec0000000027021cf1,complete,endpoint_exhausted,0,0,0,chengdu,aliyun_chengdu,deep_chengdu,9344,14,complete,GK2026D1,,
2026-08-23T20:04:35,reply,6a24d5cd000000003502b68d,6a24f9e1000000002b0293fe,complete,endpoint_exhausted,0,0,0,chengdu,aliyun_chengdu,deep_chengdu,9344,14,complete,GK2026D1,,
2026-08-23T20:04:52,reply,6a24d5cd000000003502b68d,6a24f9b100000000270282dd,complete,endpoint_exhausted,0,0,0,chengdu,aliyun_chengdu,deep_chengdu,9344,14,complete,GK2026D1,,
2026-08-23T20:04:52,reply,6a24d5cd000000003502b68d,6a24f9a00000000028008087,complete,endpoint_exhausted,0,0,0,chengdu,aliyun_chengdu,deep_chengdu,9344,14,complete,GK2026D1,,
2026-08-23T20:04:52,reply,6a24d5cd000000003502b68d,6a24f99d0000000028030a76,complete,endpoint_exhausted,0,1,1,chengdu,aliyun_chengdu,deep_chengdu,9344,14,complete,GK2026D1,,
2026-08-23T20:04:52,reply,6a24d5cd000000003502b68d,6a24f97e000000002903513d,complete,endpoint_exhausted,0,0,0,chengdu,aliyun_chengdu,deep_chengdu,9344,14,complete,GK2026D1,,
2026-08-23T20:04:52,reply,6a24d5cd000000003502b68d,6a24f97e000000002702b631,complete,endpoint_exhausted,0,0,0,chengdu,aliyun_chengdu,deep_chengdu,9344,14,complete,GK2026D1,,
2026-08-23T20:04:52,reply,6a24d5cd000000003502b68d,6a24f95d0000000027015b2b,complete,endpoint_exhausted,0,0,0,chengdu,aliyun_chengdu,deep_chengdu,9344,14,complete,GK2026D1,,
2026-08-23T20:04:52,reply,6a24d5cd000000003502b68d,6a24f95500000000270235a3,complete,endpoint_exhausted,0,0,0,chengdu,aliyun_chengdu,deep_chengdu,9344,14,complete,GK2026D1,,
2026-08-23T20:05:09,reply,6a24d5cd000000003502b68d,6a24f949000000002702daf9,complete,endpoint_exhausted,1,3,3,chengdu,aliyun_chengdu,deep_chengdu,9344,14,complete,GK2026D1,,
2026-08-23T20:05:09,reply,6a24d5cd000000003502b68d,6a24f939000000002b02b514,complete,endpoint_exhausted,0,0,0,chengdu,aliyun_chengdu,deep_chengdu,9344,14,complete,GK2026D1,,
2026-08-23T20:05:09,reply,6a24d5cd000000003502b68d,6a24f91a000000002a025793,complete,endpoint_exhausted,0,0,0,chengdu,aliyun_chengdu,deep_chengdu,9344,14,complete,GK2026D1,,
2026-08-23T20:05:26,reply,6a24d5cd000000003502b68d,6a24f8e1000000002901114f,complete,endpoint_exhausted,0,0,0,chengdu,aliyun_chengdu,deep_chengdu,9344,14,complete,GK2026D1,,
2026-08-23T20:05:26,reply,6a24d5cd000000003502b68d,6a24f8d300000000280091a2,complete,endpoint_exhausted,0,0,0,chengdu,aliyun_chengdu,deep_chengdu,9344,14,complete,GK2026D1,,
2026-08-23T20:05:26,reply,6a24d5cd000000003502b68d,6a24f8d00000000029019ef0,complete,endpoint_exhausted,0,0,0,chengdu,aliyun_chengdu,deep_chengdu,9344,14,complete,GK2026D1,,
2026-08-23T20:05:26,reply,6a24d5cd000000003502b68d,6a24f8b7000000002b029d3f,complete,endpoint_exhausted,0,0,0,chengdu,aliyun_chengdu,deep_chengdu,9344,14,complete,GK2026D1,,
2026-08-23T20:05:26,reply,6a24d5cd000000003502b68d,6a24f8ae0000000027020a96,complete,endpoint_exhausted,0,0,0,chengdu,aliyun_chengdu,deep_chengdu,9344,14,complete,GK2026D1,,
2026-08-23T20:05:26,reply,6a24d5cd000000003502b68d,6a24f88b0000000029027f36,complete,endpoint_exhausted,0,0,0,chengdu,aliyun_chengdu,deep_chengdu,9344,14,complete,GK2026D1,,
2026-08-23T20:05:26,reply,6a24d5cd000000003502b68d,6a24f87a0000000029013758,complete,endpoint_exhausted,0,0,0,chengdu,aliyun_chengdu,deep_chengdu,9344,14,complete,GK2026D1,,
2026-08-23T20:05:26,reply,6a24d5cd000000003502b68d,6a24f86d000000002a033ca8,complete,endpoint_exhausted,0,0,0,chengdu,aliyun_chengdu,deep_chengdu,9344,14,complete,GK2026D1,,
2026-08-23T20:05:26,reply,6a24d5cd000000003502b68d,6a24f86c00000000280345ea,complete,endpoint_exhausted,0,0,0,chengdu,aliyun_chengdu,deep_chengdu,9344,14,complete,GK2026D1,,
2026-08-23T20:05:26,reply,6a24d5cd000000003502b68d,6a24f8600000000028033795,complete,endpoint_exhausted,0,0,0,chengdu,aliyun_chengdu,deep_chengdu,9344,14,complete,GK2026D1,,
2026-08-23T20:05:43,reply,6a24d5cd000000003502b68d,6a24f841000000002a0334d8,complete,endpoint_exhausted,0,1,1,chengdu,aliyun_chengdu,deep_chengdu,9344,14,complete,GK2026D1,,
2026-08-23T20:05:43,reply,6a24d5cd000000003502b68d,6a24f8360000000029035325,complete,endpoint_exhausted,0,0,0,chengdu,aliyun_chengdu,deep_chengdu,9344,14,complete,GK2026D1,,
2026-08-23T20:05:59,reply,6a24d5cd000000003502b68d,6a24f826000000002b02459f,complete,endpoint_exhausted,1,2,2,chengdu,aliyun_chengdu,deep_chengdu,9344,14,complete,GK2026D1,,
2026-08-23T20:05:59,reply,6a24d5cd000000003502b68d,6a24f826000000002902c4a3,complete,endpoint_exhausted,0,0,0,chengdu,aliyun_chengdu,deep_chengdu,9344,14,complete,GK2026D1,,
2026-08-23T20:05:59,reply,6a24d5cd000000003502b68d,6a24f815000000002902c11a,complete,endpoint_exhausted,0,0,0,chengdu,aliyun_chengdu,deep_chengdu,9344,14,complete,GK2026D1,,
2026-08-23T20:05:59,reply,6a24d5cd000000003502b68d,6a24f7e4000000002701f639,complete,endpoint_exhausted,0,0,0,chengdu,aliyun_chengdu,deep_chengdu,9344,14,complete,GK2026D1,,
2026-08-23T20:05:59,reply,6a24d5cd000000003502b68d,6a24f7e2000000002803630d,complete,endpoint_exhausted,0,0,0,chengdu,aliyun_chengdu,deep_chengdu,9344,14,complete,GK2026D1,,
2026-08-23T20:05:59,reply,6a24d5cd000000003502b68d,6a24f7df00000000290110c7,complete,endpoint_exhausted,0,0,0,chengdu,aliyun_chengdu,deep_chengdu,9344,14,complete,GK2026D1,,
2026-08-23T20:05:59,reply,6a24d5cd000000003502b68d,6a24f7d6000000002900d677,complete,endpoint_exhausted,0,0,0,chengdu,aliyun_chengdu,deep_chengdu,9344,14,complete,GK2026D1,,
2026-08-23T20:05:59,reply,6a24d5cd000000003502b68d,6a24f7ca00000000280386f4,complete,endpoint_exhausted,0,0,0,chengdu,aliyun_chengdu,deep_chengdu,9344,14,complete,GK2026D1,,
2026-08-23T20:06:17,reply,6a24d5cd000000003502b68d,6a24f7b7000000002902ef42,complete,endpoint_exhausted,0,0,0,chengdu,aliyun_chengdu,deep_chengdu,9344,14,complete,GK2026D1,,
2026-08-23T20:06:17,reply,6a24d5cd000000003502b68d,6a24f79c000000002803cfc9,complete,endpoint_exhausted,0,0,0,chengdu,aliyun_chengdu,deep_chengdu,9344,14,complete,GK2026D1,,
2026-08-23T20:06:17,reply,6a24d5cd000000003502b68d,6a24f78d000000002a0253c2,complete,endpoint_exhausted,0,0,0,chengdu,aliyun_chengdu,deep_chengdu,9344,14,complete,GK2026D1,,
2026-08-23T20:06:17,reply,6a24d5cd000000003502b68d,6a24f76d000000002803ad97,complete,endpoint_exhausted,0,0,0,chengdu,aliyun_chengdu,deep_chengdu,9344,14,complete,GK2026D1,,
2026-08-23T20:06:17,reply,6a24d5cd000000003502b68d,6a24f708000000002b028dda,complete,endpoint_exhausted,0,0,0,chengdu,aliyun_chengdu,deep_chengdu,9344,14,complete,GK2026D1,,
2026-08-23T20:06:17,reply,6a24d5cd000000003502b68d,6a24f6ee000000002b002446,complete,endpoint_exhausted,0,0,0,chengdu,aliyun_chengdu,deep_chengdu,9344,14,complete,GK2026D1,,
2026-08-23T20:06:17,reply,6a24d5cd000000003502b68d,6a24f6e4000000002803e2b2,complete,endpoint_exhausted,0,0,0,chengdu,aliyun_chengdu,deep_chengdu,9344,14,complete,GK2026D1,,
2026-08-23T20:06:17,reply,6a24d5cd000000003502b68d,6a24f6da00000000280316fd,complete,endpoint_exhausted,0,0,0,chengdu,aliyun_chengdu,deep_chengdu,9344,14,complete,GK2026D1,,
2026-08-23T20:06:17,reply,6a24d5cd000000003502b68d,6a24f6d500000000290181ef,complete,endpoint_exhausted,0,0,0,chengdu,aliyun_chengdu,deep_chengdu,9344,14,complete,GK2026D1,,
2026-08-23T20:06:17,reply,6a24d5cd000000003502b68d,6a24f6d0000000002900d4a0,complete,endpoint_exhausted,0,0,0,chengdu,aliyun_chengdu,deep_chengdu,9344,14,complete,GK2026D1,,
2026-08-23T20:06:34,reply,6a24d5cd000000003502b68d,6a24f6a60000000028030a30,complete,endpoint_exhausted,0,0,0,chengdu,aliyun_chengdu,deep_chengdu,9344,14,complete,GK2026D1,,
2026-08-23T20:06:34,reply,6a24d5cd000000003502b68d,6a24f6a0000000002900c829,complete,endpoint_exhausted,0,0,0,chengdu,aliyun_chengdu,deep_chengdu,9344,14,complete,GK2026D1,,
2026-08-23T20:06:34,reply,6a24d5cd000000003502b68d,6a24f68d000000002b0012a3,complete,endpoint_exhausted,0,0,0,chengdu,aliyun_chengdu,deep_chengdu,9344,14,complete,GK2026D1,,
2026-08-23T20:06:34,reply,6a24d5cd000000003502b68d,6a24f680000000002702b4f8,complete,endpoint_exhausted,0,0,0,chengdu,aliyun_chengdu,deep_chengdu,9344,14,complete,GK2026D1,,
2026-08-23T20:06:34,reply,6a24d5cd000000003502b68d,6a24f659000000002a02c245,complete,endpoint_exhausted,0,0,0,chengdu,aliyun_chengdu,deep_chengdu,9344,14,complete,GK2026D1,,
2026-08-23T20:06:34,reply,6a24d5cd000000003502b68d,6a24f656000000002900f625,complete,endpoint_exhausted,0,0,0,chengdu,aliyun_chengdu,deep_chengdu,9344,14,complete,GK2026D1,,
2026-08-23T20:06:34,reply,6a24d5cd000000003502b68d,6a24f655000000002800b6c4,complete,endpoint_exhausted,0,0,0,chengdu,aliyun_chengdu,deep_chengdu,9344,14,complete,GK2026D1,,
2026-08-23T20:06:34,reply,6a24d5cd000000003502b68d,6a24f63b0000000029012617,complete,endpoint_exhausted,0,0,0,chengdu,aliyun_chengdu,deep_chengdu,9344,14,complete,GK2026D1,,
2026-08-23T20:06:34,reply,6a24d5cd000000003502b68d,6a24f632000000002b026594,complete,endpoint_exhausted,0,0,0,chengdu,aliyun_chengdu,deep_chengdu,9344,14,complete,GK2026D1,,
2026-08-23T20:06:34,reply,6a24d5cd000000003502b68d,6a24f62b000000002702d5fc,complete,endpoint_exhausted,0,0,0,chengdu,aliyun_chengdu,deep_chengdu,9344,14,complete,GK2026D1,,
2026-08-23T20:06:51,reply,6a24d5cd000000003502b68d,6a24f5eb000000002701fd84,complete,endpoint_exhausted,0,0,0,chengdu,aliyun_chengdu,deep_chengdu,9344,14,complete,GK2026D1,,
2026-08-23T20:06:51,reply,6a24d5cd000000003502b68d,6a24f5e1000000002b0034c4,complete,endpoint_exhausted,0,0,0,chengdu,aliyun_chengdu,deep_chengdu,9344,14,complete,GK2026D1,,
2026-08-23T20:06:51,reply,6a24d5cd000000003502b68d,6a24f5be000000002902dafe,complete,endpoint_exhausted,0,0,0,chengdu,aliyun_chengdu,deep_chengdu,9344,14,complete,GK2026D1,,
2026-08-23T20:06:51,reply,6a24d5cd000000003502b68d,6a24f5b6000000002b002c6a,complete,endpoint_exhausted,0,0,0,chengdu,aliyun_chengdu,deep_chengdu,9344,14,complete,GK2026D1,,
2026-08-23T20:06:51,reply,6a24d5cd000000003502b68d,6a24f5b4000000002702835f,complete,endpoint_exhausted,0,0,0,chengdu,aliyun_chengdu,deep_chengdu,9344,14,complete,GK2026D1,,
2026-08-23T20:06:51,reply,6a24d5cd000000003502b68d,6a24f5a4000000002a0339c8,complete,endpoint_exhausted,0,0,0,chengdu,aliyun_chengdu,deep_chengdu,9344,14,complete,GK2026D1,,
2026-08-23T20:06:51,reply,6a24d5cd000000003502b68d,6a24f590000000002902675d,complete,endpoint_exhausted,0,0,0,chengdu,aliyun_chengdu,deep_chengdu,9344,14,complete,GK2026D1,,
2026-08-23T20:06:51,reply,6a24d5cd000000003502b68d,6a24f58d000000002902d312,complete,endpoint_exhausted,0,0,0,chengdu,aliyun_chengdu,deep_chengdu,9344,14,complete,GK2026D1,,
2026-08-23T20:06:51,reply,6a24d5cd000000003502b68d,6a24f579000000002b002155,complete,endpoint_exhausted,0,0,0,chengdu,aliyun_chengdu,deep_chengdu,9344,14,complete,GK2026D1,,
2026-08-23T20:07:07,reply,6a24d5cd000000003502b68d,6a24f54800000000280376ef,complete,endpoint_exhausted,1,5,5,chengdu,aliyun_chengdu,deep_chengdu,9344,14,complete,GK2026D1,,
2026-08-23T20:07:24,reply,6a24d5cd000000003502b68d,6a24f540000000002b02bab1,complete,endpoint_exhausted,0,0,0,chengdu,aliyun_chengdu,deep_chengdu,9344,14,complete,GK2026D1,,
2026-08-23T20:07:24,reply,6a24d5cd000000003502b68d,6a24f53f000000002b02787c,complete,endpoint_exhausted,0,0,0,chengdu,aliyun_chengdu,deep_chengdu,9344,14,complete,GK2026D1,,
2026-08-23T20:07:24,reply,6a24d5cd000000003502b68d,6a24f53f000000002a02d055,complete,endpoint_exhausted,0,0,0,chengdu,aliyun_chengdu,deep_chengdu,9344,14,complete,GK2026D1,,
2026-08-23T20:07:24,reply,6a24d5cd000000003502b68d,6a24f53b000000002a0267ef,complete,endpoint_exhausted,0,0,0,chengdu,aliyun_chengdu,deep_chengdu,9344,14,complete,GK2026D1,,
2026-08-23T20:07:24,reply,6a24d5cd000000003502b68d,6a24f52c000000002a02cc7f,complete,endpoint_exhausted,0,0,0,chengdu,aliyun_chengdu,deep_chengdu,9344,14,complete,GK2026D1,,
2026-08-23T20:07:24,reply,6a24d5cd000000003502b68d,6a24f512000000002b02b2a3,complete,endpoint_exhausted,0,0,0,chengdu,aliyun_chengdu,deep_chengdu,9344,14,complete,GK2026D1,,
2026-08-23T20:07:24,reply,6a24d5cd000000003502b68d,6a24f4e8000000002900dafc,complete,endpoint_exhausted,0,0,0,chengdu,aliyun_chengdu,deep_chengdu,9344,14,complete,GK2026D1,,
2026-08-23T20:07:24,reply,6a24d5cd000000003502b68d,6a24f4d30000000029036218,complete,endpoint_exhausted,0,0,0,chengdu,aliyun_chengdu,deep_chengdu,9344,14,complete,GK2026D1,,
2026-08-23T20:07:24,reply,6a24d5cd000000003502b68d,6a24f4c30000000027016d5e,complete,endpoint_exhausted,0,0,0,chengdu,aliyun_chengdu,deep_chengdu,9344,14,complete,GK2026D1,,
2026-08-23T20:07:24,reply,6a24d5cd000000003502b68d,6a24f4bd0000000029035e2f,complete,endpoint_exhausted,0,0,0,chengdu,aliyun_chengdu,deep_chengdu,9344,14,complete,GK2026D1,,
2026-08-23T20:07:58,reply,6a24d5cd000000003502b68d,6a24f4bc000000002900ceb9,complete,endpoint_exhausted,1,5,5,chengdu,aliyun_chengdu,deep_chengdu,9344,14,complete,GK2026D1,,
2026-08-23T20:07:58,reply,6a24d5cd000000003502b68d,6a24f4b3000000002b026138,complete,endpoint_exhausted,0,0,0,chengdu,aliyun_chengdu,deep_chengdu,9344,14,complete,GK2026D1,,
2026-08-23T20:07:58,reply,6a24d5cd000000003502b68d,6a24f49e000000002803802b,complete,endpoint_exhausted,0,0,0,chengdu,aliyun_chengdu,deep_chengdu,9344,14,complete,GK2026D1,,
2026-08-23T20:07:58,reply,6a24d5cd000000003502b68d,6a24f49a000000002702f5cb,complete,endpoint_exhausted,0,0,0,chengdu,aliyun_chengdu,deep_chengdu,9344,14,complete,GK2026D1,,
2026-08-23T20:07:58,reply,6a24d5cd000000003502b68d,6a24f477000000002b002fdc,complete,endpoint_exhausted,0,0,0,chengdu,aliyun_chengdu,deep_chengdu,9344,14,complete,GK2026D1,,
2026-08-23T20:07:58,reply,6a24d5cd000000003502b68d,6a24f4530000000027023b12,complete,endpoint_exhausted,0,0,0,chengdu,aliyun_chengdu,deep_chengdu,9344,14,complete,GK2026D1,,
2026-08-23T20:07:58,reply,6a24d5cd000000003502b68d,6a24f44b000000002900f272,complete,endpoint_exhausted,0,0,0,chengdu,aliyun_chengdu,deep_chengdu,9344,14,complete,GK2026D1,,
2026-08-23T20:07:58,reply,6a24d5cd000000003502b68d,6a24f44a0000000027023946,complete,endpoint_exhausted,0,0,0,chengdu,aliyun_chengdu,deep_chengdu,9344,14,complete,GK2026D1,,
2026-08-23T20:07:58,reply,6a24d5cd000000003502b68d,6a24f42c000000002b002180,complete,endpoint_exhausted,0,0,0,chengdu,aliyun_chengdu,deep_chengdu,9344,14,complete,GK2026D1,,
2026-08-23T20:07:58,reply,6a24d5cd000000003502b68d,6a24f42b00000000290342b2,complete,endpoint_exhausted,0,0,0,chengdu,aliyun_chengdu,deep_chengdu,9344,14,complete,GK2026D1,,
2026-08-23T20:08:16,reply,6a24d5cd000000003502b68d,6a24f4240000000027014422,complete,endpoint_exhausted,0,0,0,chengdu,aliyun_chengdu,deep_chengdu,9344,14,complete,GK2026D1,,
2026-08-23T20:08:16,reply,6a24d5cd000000003502b68d,6a24f413000000002b0244a7,complete,endpoint_exhausted,0,0,0,chengdu,aliyun_chengdu,deep_chengdu,9344,14,complete,GK2026D1,,
2026-08-23T20:08:16,reply,6a24d5cd000000003502b68d,6a24f40d000000002702d73c,complete,endpoint_exhausted,0,0,0,chengdu,aliyun_chengdu,deep_chengdu,9344,14,complete,GK2026D1,,
2026-08-23T20:08:16,reply,6a24d5cd000000003502b68d,6a24f408000000002b0283fd,complete,endpoint_exhausted,0,0,0,chengdu,aliyun_chengdu,deep_chengdu,9344,14,complete,GK2026D1,,
2026-08-23T20:08:16,reply,6a24d5cd000000003502b68d,6a24f401000000002800a617,complete,endpoint_exhausted,0,0,0,chengdu,aliyun_chengdu,deep_chengdu,9344,14,complete,GK2026D1,,
2026-08-23T20:08:16,reply,6a24d5cd000000003502b68d,6a24f3ff0000000029037ad6,complete,endpoint_exhausted,0,0,0,chengdu,aliyun_chengdu,deep_chengdu,9344,14,complete,GK2026D1,,
2026-08-23T20:08:16,reply,6a24d5cd000000003502b68d,6a24f3eb000000002900d893,complete,endpoint_exhausted,0,0,0,chengdu,aliyun_chengdu,deep_chengdu,9344,14,complete,GK2026D1,,
2026-08-23T20:08:16,reply,6a24d5cd000000003502b68d,6a24f3e9000000002901bb40,complete,endpoint_exhausted,0,0,0,chengdu,aliyun_chengdu,deep_chengdu,9344,14,complete,GK2026D1,,
2026-08-23T20:08:16,reply,6a24d5cd000000003502b68d,6a24f399000000002903691a,complete,endpoint_exhausted,0,0,0,chengdu,aliyun_chengdu,deep_chengdu,9344,14,complete,GK2026D1,,
2026-08-23T20:08:16,reply,6a24d5cd000000003502b68d,6a24f395000000002803bfdd,complete,endpoint_exhausted,0,0,0,chengdu,aliyun_chengdu,deep_chengdu,9344,14,complete,GK2026D1,,
2026-08-23T20:08:33,reply,6a24d5cd000000003502b68d,6a24f389000000002701e1cb,complete,endpoint_exhausted,0,0,0,chengdu,aliyun_chengdu,deep_chengdu,9344,14,complete,GK2026D1,,
2026-08-23T20:08:33,reply,6a24d5cd000000003502b68d,6a24f37a000000002702f1d3,complete,endpoint_exhausted,0,0,0,chengdu,aliyun_chengdu,deep_chengdu,9344,14,complete,GK2026D1,,
2026-08-23T20:08:33,reply,6a24d5cd000000003502b68d,6a24f378000000002701dd5d,complete,endpoint_exhausted,0,0,0,chengdu,aliyun_chengdu,deep_chengdu,9344,14,complete,GK2026D1,,
2026-08-23T20:08:33,reply,6a24d5cd000000003502b68d,6a24f33b0000000028036e71,complete,endpoint_exhausted,0,0,0,chengdu,aliyun_chengdu,deep_chengdu,9344,14,complete,GK2026D1,,
2026-08-23T20:08:33,reply,6a24d5cd000000003502b68d,6a24f32d000000002803a652,complete,endpoint_exhausted,0,0,0,chengdu,aliyun_chengdu,deep_chengdu,9344,14,complete,GK2026D1,,
2026-08-23T20:08:33,reply,6a24d5cd000000003502b68d,6a24f319000000002701c617,complete,endpoint_exhausted,0,0,0,chengdu,aliyun_chengdu,deep_chengdu,9344,14,complete,GK2026D1,,
2026-08-23T20:08:33,reply,6a24d5cd000000003502b68d,6a24f30d000000002a004e58,complete,endpoint_exhausted,0,0,0,chengdu,aliyun_chengdu,deep_chengdu,9344,14,complete,GK2026D1,,
2026-08-23T20:08:33,reply,6a24d5cd000000003502b68d,6a24f30d00000000280337f8,complete,endpoint_exhausted,0,0,0,chengdu,aliyun_chengdu,deep_chengdu,9344,14,complete,GK2026D1,,
2026-08-23T20:08:33,reply,6a24d5cd000000003502b68d,6a24f308000000002803ee4b,complete,endpoint_exhausted,0,0,0,chengdu,aliyun_chengdu,deep_chengdu,9344,14,complete,GK2026D1,,
2026-08-23T20:08:33,reply,6a24d5cd000000003502b68d,6a24f2f5000000002a02e327,complete,endpoint_exhausted,0,0,0,chengdu,aliyun_chengdu,deep_chengdu,9344,14,complete,GK2026D1,,
2026-08-23T20:08:50,reply,6a24d5cd000000003502b68d,6a24f2e1000000002900d2c3,complete,endpoint_exhausted,0,0,0,chengdu,aliyun_chengdu,deep_chengdu,9344,14,complete,GK2026D1,,
2026-08-23T20:08:50,reply,6a24d5cd000000003502b68d,6a24f2c8000000002a033472,complete,endpoint_exhausted,0,0,0,chengdu,aliyun_chengdu,deep_chengdu,9344,14,complete,GK2026D1,,
2026-08-23T20:08:50,reply,6a24d5cd000000003502b68d,6a24f2c0000000002a02da38,complete,endpoint_exhausted,0,0,0,chengdu,aliyun_chengdu,deep_chengdu,9344,14,complete,GK2026D1,,
2026-08-23T20:08:50,reply,6a24d5cd000000003502b68d,6a24f24d0000000029036b3d,complete,endpoint_exhausted,0,0,0,chengdu,aliyun_chengdu,deep_chengdu,9344,14,complete,GK2026D1,,
2026-08-23T20:08:50,reply,6a24d5cd000000003502b68d,6a24f209000000002a02fa84,complete,endpoint_exhausted,0,0,0,chengdu,aliyun_chengdu,deep_chengdu,9344,14,complete,GK2026D1,,
2026-08-23T20:08:50,reply,6a24d5cd000000003502b68d,6a24f200000000002701791b,complete,endpoint_exhausted,0,0,0,chengdu,aliyun_chengdu,deep_chengdu,9344,14,complete,GK2026D1,,
2026-08-23T20:08:50,reply,6a24d5cd000000003502b68d,6a24f1e70000000029011fb3,complete,endpoint_exhausted,0,0,0,chengdu,aliyun_chengdu,deep_chengdu,9344,14,complete,GK2026D1,,
2026-08-23T20:08:50,reply,6a24d5cd000000003502b68d,6a24f1e0000000002b0037ae,complete,endpoint_exhausted,0,0,0,chengdu,aliyun_chengdu,deep_chengdu,9344,14,complete,GK2026D1,,
2026-08-23T20:08:50,reply,6a24d5cd000000003502b68d,6a24f1cb000000002803de1c,complete,endpoint_exhausted,0,0,0,chengdu,aliyun_chengdu,deep_chengdu,9344,14,complete,GK2026D1,,
2026-08-23T20:08:50,reply,6a24d5cd000000003502b68d,6a24f1b8000000002a02ec15,complete,endpoint_exhausted,0,0,0,chengdu,aliyun_chengdu,deep_chengdu,9344,14,complete,GK2026D1,,
2026-08-23T20:09:07,reply,6a24d5cd000000003502b68d,6a24f1af000000002a027daf,complete,endpoint_exhausted,0,0,0,chengdu,aliyun_chengdu,deep_chengdu,9344,14,complete,GK2026D1,,
2026-08-23T20:09:07,reply,6a24d5cd000000003502b68d,6a24f19400000000280317b8,complete,endpoint_exhausted,0,0,0,chengdu,aliyun_chengdu,deep_chengdu,9344,14,complete,GK2026D1,,
2026-08-23T20:09:07,reply,6a24d5cd000000003502b68d,6a24f1790000000028037ab5,complete,endpoint_exhausted,0,0,0,chengdu,aliyun_chengdu,deep_chengdu,9344,14,complete,GK2026D1,,
2026-08-23T20:09:07,reply,6a24d5cd000000003502b68d,6a24f1710000000028037880,complete,endpoint_exhausted,0,0,0,chengdu,aliyun_chengdu,deep_chengdu,9344,14,complete,GK2026D1,,
2026-08-23T20:09:07,reply,6a24d5cd000000003502b68d,6a24f154000000002a026d84,complete,endpoint_exhausted,0,0,0,chengdu,aliyun_chengdu,deep_chengdu,9344,14,complete,GK2026D1,,
2026-08-23T20:09:07,reply,6a24d5cd000000003502b68d,6a24f136000000002803fd94,complete,endpoint_exhausted,0,0,0,chengdu,aliyun_chengdu,deep_chengdu,9344,14,complete,GK2026D1,,
2026-08-23T20:09:07,reply,6a24d5cd000000003502b68d,6a24f133000000002b0277fd,complete,endpoint_exhausted,0,0,0,chengdu,aliyun_chengdu,deep_chengdu,9344,14,complete,GK2026D1,,
2026-08-23T20:09:07,reply,6a24d5cd000000003502b68d,6a24f1300000000029013745,complete,endpoint_exhausted,0,0,0,chengdu,aliyun_chengdu,deep_chengdu,9344,14,complete,GK2026D1,,
2026-08-23T20:09:07,reply,6a24d5cd000000003502b68d,6a24f1050000000029012d20,complete,endpoint_exhausted,0,0,0,chengdu,aliyun_chengdu,deep_chengdu,9344,14,complete,GK2026D1,,
2026-08-23T20:09:07,reply,6a24d5cd000000003502b68d,6a24f0e7000000002702ca4a,complete,endpoint_exhausted,0,0,0,chengdu,aliyun_chengdu,deep_chengdu,9344,14,complete,GK2026D1,,
2026-08-23T20:09:24,reply,6a24d5cd000000003502b68d,6a24f0e5000000002701fe05,complete,endpoint_exhausted,0,0,0,chengdu,aliyun_chengdu,deep_chengdu,9344,14,complete,GK2026D1,,
2026-08-23T20:09:24,reply,6a24d5cd000000003502b68d,6a24f0dd000000002702c7d9,complete,endpoint_exhausted,0,0,0,chengdu,aliyun_chengdu,deep_chengdu,9344,14,complete,GK2026D1,,
2026-08-23T20:09:24,reply,6a24d5cd000000003502b68d,6a24f0cf000000002b02affa,complete,endpoint_exhausted,0,0,0,chengdu,aliyun_chengdu,deep_chengdu,9344,14,complete,GK2026D1,,
2026-08-23T20:09:24,reply,6a24d5cd000000003502b68d,6a24f0cf000000002a02c270,complete,endpoint_exhausted,0,0,0,chengdu,aliyun_chengdu,deep_chengdu,9344,14,complete,GK2026D1,,
2026-08-23T20:09:24,reply,6a24d5cd000000003502b68d,6a24f0c00000000028038ed8,complete,endpoint_exhausted,0,0,0,chengdu,aliyun_chengdu,deep_chengdu,9344,14,complete,GK2026D1,,
2026-08-23T20:09:24,reply,6a24d5cd000000003502b68d,6a24f0b60000000027022312,complete,endpoint_exhausted,0,0,0,chengdu,aliyun_chengdu,deep_chengdu,9344,14,complete,GK2026D1,,
2026-08-23T20:09:24,reply,6a24d5cd000000003502b68d,6a24f0970000000028008f94,complete,endpoint_exhausted,0,0,0,chengdu,aliyun_chengdu,deep_chengdu,9344,14,complete,GK2026D1,,
2026-08-23T20:09:24,reply,6a24d5cd000000003502b68d,6a24f0880000000027015d43,complete,endpoint_exhausted,0,0,0,chengdu,aliyun_chengdu,deep_chengdu,9344,14,complete,GK2026D1,,
2026-08-23T20:09:24,reply,6a24d5cd000000003502b68d,6a24f04e000000002902e8ef,complete,endpoint_exhausted,0,0,0,chengdu,aliyun_chengdu,deep_chengdu,9344,14,complete,GK2026D1,,
2026-08-23T20:09:24,reply,6a24d5cd000000003502b68d,6a24f04b000000002803c3e5,complete,endpoint_exhausted,0,0,0,chengdu,aliyun_chengdu,deep_chengdu,9344,14,complete,GK2026D1,,
2026-08-23T20:09:40,reply,6a24d5cd000000003502b68d,6a24f03d000000002b002d22,complete,endpoint_exhausted,0,0,0,chengdu,aliyun_chengdu,deep_chengdu,9344,14,complete,GK2026D1,,
2026-08-23T20:09:40,reply,6a24d5cd000000003502b68d,6a24f026000000002803f94e,complete,endpoint_exhausted,0,0,0,chengdu,aliyun_chengdu,deep_chengdu,9344,14,complete,GK2026D1,,
2026-08-23T20:09:40,reply,6a24d5cd000000003502b68d,6a24f012000000002803f3e3,complete,endpoint_exhausted,0,0,0,chengdu,aliyun_chengdu,deep_chengdu,9344,14,complete,GK2026D1,,
2026-08-23T20:09:40,reply,6a24d5cd000000003502b68d,6a24f00b000000002b028760,complete,endpoint_exhausted,0,0,0,chengdu,aliyun_chengdu,deep_chengdu,9344,14,complete,GK2026D1,,
2026-08-23T20:09:40,reply,6a24d5cd000000003502b68d,6a24f00800000000290265cf,complete,endpoint_exhausted,0,0,0,chengdu,aliyun_chengdu,deep_chengdu,9344,14,complete,GK2026D1,,
2026-08-23T20:09:40,reply,6a24d5cd000000003502b68d,6a24efdf00000000280396ff,complete,endpoint_exhausted,0,0,0,chengdu,aliyun_chengdu,deep_chengdu,9344,14,complete,GK2026D1,,
2026-08-23T20:09:40,reply,6a24d5cd000000003502b68d,6a24efd90000000029012427,complete,endpoint_exhausted,0,0,0,chengdu,aliyun_chengdu,deep_chengdu,9344,14,complete,GK2026D1,,
2026-08-23T20:09:40,reply,6a24d5cd000000003502b68d,6a24efbb000000002a02d3d2,complete,endpoint_exhausted,0,0,0,chengdu,aliyun_chengdu,deep_chengdu,9344,14,complete,GK2026D1,,
2026-08-23T20:09:40,reply,6a24d5cd000000003502b68d,6a24ef9e000000002701ec14,complete,endpoint_exhausted,0,0,0,chengdu,aliyun_chengdu,deep_chengdu,9344,14,complete,GK2026D1,,
2026-08-23T20:09:40,reply,6a24d5cd000000003502b68d,6a24ef8900000000280370a7,complete,endpoint_exhausted,0,0,0,chengdu,aliyun_chengdu,deep_chengdu,9344,14,complete,GK2026D1,,
2026-08-23T20:09:57,reply,6a24d5cd000000003502b68d,6a24ef5b000000002803c7f8,complete,endpoint_exhausted,0,0,0,chengdu,aliyun_chengdu,deep_chengdu,9344,14,complete,GK2026D1,,
2026-08-23T20:09:57,reply,6a24d5cd000000003502b68d,6a24ef5600000000270208db,complete,endpoint_exhausted,0,0,0,chengdu,aliyun_chengdu,deep_chengdu,9344,14,complete,GK2026D1,,
2026-08-23T20:09:57,reply,6a24d5cd000000003502b68d,6a24ef3d000000002702dc06,complete,endpoint_exhausted,0,0,0,chengdu,aliyun_chengdu,deep_chengdu,9344,14,complete,GK2026D1,,
2026-08-23T20:09:57,reply,6a24d5cd000000003502b68d,6a24ef39000000002803c0d3,complete,endpoint_exhausted,0,0,0,chengdu,aliyun_chengdu,deep_chengdu,9344,14,complete,GK2026D1,,
2026-08-23T20:09:57,reply,6a24d5cd000000003502b68d,6a24ef37000000002800ba00,complete,endpoint_exhausted,0,0,0,chengdu,aliyun_chengdu,deep_chengdu,9344,14,complete,GK2026D1,,
2026-08-23T20:09:57,reply,6a24d5cd000000003502b68d,6a24ef2a000000002b003878,complete,endpoint_exhausted,0,0,0,chengdu,aliyun_chengdu,deep_chengdu,9344,14,complete,GK2026D1,,
2026-08-23T20:09:57,reply,6a24d5cd000000003502b68d,6a24ef27000000002900f516,complete,endpoint_exhausted,0,0,0,chengdu,aliyun_chengdu,deep_chengdu,9344,14,complete,GK2026D1,,
2026-08-23T20:09:57,reply,6a24d5cd000000003502b68d,6a24ef140000000029027167,complete,endpoint_exhausted,0,0,0,chengdu,aliyun_chengdu,deep_chengdu,9344,14,complete,GK2026D1,,
2026-08-23T20:09:57,reply,6a24d5cd000000003502b68d,6a24ef00000000002903488a,complete,endpoint_exhausted,0,0,0,chengdu,aliyun_chengdu,deep_chengdu,9344,14,complete,GK2026D1,,
2026-08-23T20:09:57,reply,6a24d5cd000000003502b68d,6a24eefe000000002b02953b,complete,endpoint_exhausted,0,0,0,chengdu,aliyun_chengdu,deep_chengdu,9344,14,complete,GK2026D1,,
2026-08-23T20:10:14,reply,6a24d5cd000000003502b68d,6a24eede000000002702c3d2,complete,endpoint_exhausted,0,0,0,chengdu,aliyun_chengdu,deep_chengdu,9344,14,complete,GK2026D1,,
2026-08-23T20:10:14,reply,6a24d5cd000000003502b68d,6a24eed1000000002702c06c,complete,endpoint_exhausted,0,0,0,chengdu,aliyun_chengdu,deep_chengdu,9344,14,complete,GK2026D1,,
2026-08-23T20:10:14,reply,6a24d5cd000000003502b68d,6a24ee92000000002702f075,complete,endpoint_exhausted,0,0,0,chengdu,aliyun_chengdu,deep_chengdu,9344,14,complete,GK2026D1,,
2026-08-23T20:10:14,reply,6a24d5cd000000003502b68d,6a24ee8b0000000029037313,complete,endpoint_exhausted,0,0,0,chengdu,aliyun_chengdu,deep_chengdu,9344,14,complete,GK2026D1,,
2026-08-23T20:10:14,reply,6a24d5cd000000003502b68d,6a24ee840000000028030424,complete,endpoint_exhausted,0,0,0,chengdu,aliyun_chengdu,deep_chengdu,9344,14,complete,GK2026D1,,
2026-08-23T20:10:14,reply,6a24d5cd000000003502b68d,6a24ee63000000002902d664,complete,endpoint_exhausted,0,0,0,chengdu,aliyun_chengdu,deep_chengdu,9344,14,complete,GK2026D1,,
2026-08-23T20:10:14,reply,6a24d5cd000000003502b68d,6a24ee560000000027020cd2,complete,endpoint_exhausted,0,0,0,chengdu,aliyun_chengdu,deep_chengdu,9344,14,complete,GK2026D1,,
2026-08-23T20:10:14,reply,6a24d5cd000000003502b68d,6a24ee4f000000002b000e71,complete,endpoint_exhausted,0,0,0,chengdu,aliyun_chengdu,deep_chengdu,9344,14,complete,GK2026D1,,
2026-08-23T20:10:14,reply,6a24d5cd000000003502b68d,6a24ee3d000000002702dc42,complete,endpoint_exhausted,0,0,0,chengdu,aliyun_chengdu,deep_chengdu,9344,14,complete,GK2026D1,,
2026-08-23T20:10:14,reply,6a24d5cd000000003502b68d,6a24ee290000000029027f73,complete,endpoint_exhausted,0,0,0,chengdu,aliyun_chengdu,deep_chengdu,9344,14,complete,GK2026D1,,
2026-08-23T20:10:31,reply,6a24d5cd000000003502b68d,6a24ee26000000002803574e,complete,endpoint_exhausted,0,0,0,chengdu,aliyun_chengdu,deep_chengdu,9344,14,complete,GK2026D1,,
2026-08-23T20:10:31,reply,6a24d5cd000000003502b68d,6a24ee15000000002a025649,complete,endpoint_exhausted,0,0,0,chengdu,aliyun_chengdu,deep_chengdu,9344,14,complete,GK2026D1,,
2026-08-23T20:10:31,reply,6a24d5cd000000003502b68d,6a24ee01000000002702a894,complete,endpoint_exhausted,0,0,0,chengdu,aliyun_chengdu,deep_chengdu,9344,14,complete,GK2026D1,,
2026-08-23T20:10:31,reply,6a24d5cd000000003502b68d,6a24edfd000000002702379f,complete,endpoint_exhausted,0,0,0,chengdu,aliyun_chengdu,deep_chengdu,9344,14,complete,GK2026D1,,
2026-08-23T20:10:31,reply,6a24d5cd000000003502b68d,6a24edf5000000002702a61c,complete,endpoint_exhausted,0,0,0,chengdu,aliyun_chengdu,deep_chengdu,9344,14,complete,GK2026D1,,
2026-08-23T20:10:31,reply,6a24d5cd000000003502b68d,6a24edee00000000270233c0,complete,endpoint_exhausted,0,0,0,chengdu,aliyun_chengdu,deep_chengdu,9344,14,complete,GK2026D1,,
2026-08-23T20:10:31,reply,6a24d5cd000000003502b68d,6a24ede8000000002b025829,complete,endpoint_exhausted,0,0,0,chengdu,aliyun_chengdu,deep_chengdu,9344,14,complete,GK2026D1,,
2026-08-23T20:10:31,reply,6a24d5cd000000003502b68d,6a24edc60000000028034125,complete,endpoint_exhausted,0,0,0,chengdu,aliyun_chengdu,deep_chengdu,9344,14,complete,GK2026D1,,
2026-08-23T20:10:31,reply,6a24d5cd000000003502b68d,6a24eda10000000028030b2d,complete,endpoint_exhausted,0,0,0,chengdu,aliyun_chengdu,deep_chengdu,9344,14,complete,GK2026D1,,
2026-08-23T20:10:31,reply,6a24d5cd000000003502b68d,6a24ed5b000000002902e5b1,complete,endpoint_exhausted,0,0,0,chengdu,aliyun_chengdu,deep_chengdu,9344,14,complete,GK2026D1,,
2026-08-23T20:10:47,reply,6a24d5cd000000003502b68d,6a24ed57000000002803b3c8,complete,endpoint_exhausted,0,0,0,chengdu,aliyun_chengdu,deep_chengdu,9344,14,complete,GK2026D1,,
2026-08-23T20:10:47,reply,6a24d5cd000000003502b68d,6a24ed4e000000002902e312,complete,endpoint_exhausted,0,0,0,chengdu,aliyun_chengdu,deep_chengdu,9344,14,complete,GK2026D1,,
2026-08-23T20:11:05,reply,6a24d5cd000000003502b68d,6a24ed4100000000290374be,complete,endpoint_exhausted,1,2,2,chengdu,aliyun_chengdu,deep_chengdu,9344,14,complete,GK2026D1,,
2026-08-23T20:11:05,reply,6a24d5cd000000003502b68d,6a24ed33000000002b027554,complete,endpoint_exhausted,0,0,0,chengdu,aliyun_chengdu,deep_chengdu,9344,14,complete,GK2026D1,,
2026-08-23T20:11:05,reply,6a24d5cd000000003502b68d,6a24ed1900000000280328a8,complete,endpoint_exhausted,0,0,0,chengdu,aliyun_chengdu,deep_chengdu,9344,14,complete,GK2026D1,,
2026-08-23T20:11:05,reply,6a24d5cd000000003502b68d,6a24ed0a00000000280324d0,complete,endpoint_exhausted,0,0,0,chengdu,aliyun_chengdu,deep_chengdu,9344,14,complete,GK2026D1,,
2026-08-23T20:11:05,reply,6a24d5cd000000003502b68d,6a24ecdd00000000280318cd,complete,endpoint_exhausted,0,0,0,chengdu,aliyun_chengdu,deep_chengdu,9344,14,complete,GK2026D1,,
2026-08-23T20:11:05,reply,6a24d5cd000000003502b68d,6a24eccd0000000027029b88,complete,endpoint_exhausted,0,0,0,chengdu,aliyun_chengdu,deep_chengdu,9344,14,complete,GK2026D1,,
2026-08-23T20:11:05,reply,6a24d5cd000000003502b68d,6a24ecaa000000002b025d41,complete,endpoint_exhausted,0,0,0,chengdu,aliyun_chengdu,deep_chengdu,9344,14,complete,GK2026D1,,
2026-08-23T20:11:05,reply,6a24d5cd000000003502b68d,6a24eca6000000002701672c,complete,endpoint_exhausted,0,0,0,chengdu,aliyun_chengdu,deep_chengdu,9344,14,complete,GK2026D1,,
2026-08-23T20:11:21,reply,6a24d5cd000000003502b68d,6a24ec9b000000002b025a72,complete,endpoint_exhausted,0,0,0,chengdu,aliyun_chengdu,deep_chengdu,9344,14,complete,GK2026D1,,
2026-08-23T20:11:21,reply,6a24d5cd000000003502b68d,6a24ec7f000000002b003bda,complete,endpoint_exhausted,0,0,0,chengdu,aliyun_chengdu,deep_chengdu,9344,14,complete,GK2026D1,,
2026-08-23T20:11:21,reply,6a24d5cd000000003502b68d,6a24ec70000000002702f2de,complete,endpoint_exhausted,0,0,0,chengdu,aliyun_chengdu,deep_chengdu,9344,14,complete,GK2026D1,,
2026-08-23T20:11:21,reply,6a24d5cd000000003502b68d,6a24ec6c000000002901927c,complete,endpoint_exhausted,0,0,0,chengdu,aliyun_chengdu,deep_chengdu,9344,14,complete,GK2026D1,,
2026-08-23T20:11:21,reply,6a24d5cd000000003502b68d,6a24ec53000000002902f389,complete,endpoint_exhausted,0,0,0,chengdu,aliyun_chengdu,deep_chengdu,9344,14,complete,GK2026D1,,
2026-08-23T20:11:21,reply,6a24d5cd000000003502b68d,6a24ec3c000000002a03122d,complete,endpoint_exhausted,0,0,0,chengdu,aliyun_chengdu,deep_chengdu,9344,14,complete,GK2026D1,,
2026-08-23T20:11:21,reply,6a24d5cd000000003502b68d,6a24ec37000000002701da64,complete,endpoint_exhausted,0,0,0,chengdu,aliyun_chengdu,deep_chengdu,9344,14,complete,GK2026D1,,
2026-08-23T20:11:21,reply,6a24d5cd000000003502b68d,6a24ec2b000000002a027c25,complete,endpoint_exhausted,0,0,0,chengdu,aliyun_chengdu,deep_chengdu,9344,14,complete,GK2026D1,,
2026-08-23T20:11:21,reply,6a24d5cd000000003502b68d,6a24ec280000000029018532,complete,endpoint_exhausted,0,0,0,chengdu,aliyun_chengdu,deep_chengdu,9344,14,complete,GK2026D1,,
2026-08-23T20:11:21,reply,6a24d5cd000000003502b68d,6a24ebf7000000002803f505,complete,endpoint_exhausted,0,0,0,chengdu,aliyun_chengdu,deep_chengdu,9344,14,complete,GK2026D1,,
2026-08-23T20:11:38,reply,6a24d5cd000000003502b68d,6a24ebf5000000002a030704,complete,endpoint_exhausted,0,0,0,chengdu,aliyun_chengdu,deep_chengdu,9344,14,complete,GK2026D1,,
2026-08-23T20:11:38,reply,6a24d5cd000000003502b68d,6a24ebd8000000002803ee05,complete,endpoint_exhausted,0,0,0,chengdu,aliyun_chengdu,deep_chengdu,9344,14,complete,GK2026D1,,
2026-08-23T20:11:38,reply,6a24d5cd000000003502b68d,6a24ebb1000000000d021c04,complete,endpoint_exhausted,0,0,0,chengdu,aliyun_chengdu,deep_chengdu,9344,14,complete,GK2026D1,,
2026-08-23T20:11:38,reply,6a24d5cd000000003502b68d,6a24eb8e0000000027021f43,complete,endpoint_exhausted,0,0,0,chengdu,aliyun_chengdu,deep_chengdu,9344,14,complete,GK2026D1,,
2026-08-23T20:11:38,reply,6a24d5cd000000003502b68d,6a24eb86000000002702fc6f,complete,endpoint_exhausted,0,0,0,chengdu,aliyun_chengdu,deep_chengdu,9344,14,complete,GK2026D1,,
2026-08-23T20:11:38,reply,6a24d5cd000000003502b68d,6a24eb4e000000002900d2f0,complete,endpoint_exhausted,0,0,0,chengdu,aliyun_chengdu,deep_chengdu,9344,14,complete,GK2026D1,,
2026-08-23T20:11:38,reply,6a24d5cd000000003502b68d,6a24eab4000000002702cc1b,complete,endpoint_exhausted,0,0,0,chengdu,aliyun_chengdu,deep_chengdu,9344,14,complete,GK2026D1,,
2026-08-23T20:11:38,reply,6a24d5cd000000003502b68d,6a24e9f9000000002b0260e5,complete,endpoint_exhausted,0,1,1,chengdu,aliyun_chengdu,deep_chengdu,9344,14,complete,GK2026D1,,
2026-08-23T20:11:38,reply,6a24d5cd000000003502b68d,6a24e9ef0000000029012ed5,complete,endpoint_exhausted,0,0,0,chengdu,aliyun_chengdu,deep_chengdu,9344,14,complete,GK2026D1,,
2026-08-23T20:11:38,reply,6a24d5cd000000003502b68d,6a24e9ea000000002803a718,complete,endpoint_exhausted,0,0,0,chengdu,aliyun_chengdu,deep_chengdu,9344,14,complete,GK2026D1,,
2026-08-23T20:11:56,reply,6a24d5cd000000003502b68d,6a24e9e50000000027014340,complete,endpoint_exhausted,0,0,0,chengdu,aliyun_chengdu,deep_chengdu,9344,14,complete,GK2026D1,,
2026-08-23T20:11:56,reply,6a24d5cd000000003502b68d,6a24e98e0000000027028d4c,complete,endpoint_exhausted,0,0,0,chengdu,aliyun_chengdu,deep_chengdu,9344,14,complete,GK2026D1,,
2026-08-23T20:11:56,reply,6a24d5cd000000003502b68d,6a24e941000000002900db09,complete,endpoint_exhausted,0,0,0,chengdu,aliyun_chengdu,deep_chengdu,9344,14,complete,GK2026D1,,
2026-08-23T20:11:56,reply,6a24d5cd000000003502b68d,6a24e925000000002b028c57,complete,endpoint_exhausted,0,0,0,chengdu,aliyun_chengdu,deep_chengdu,9344,14,complete,GK2026D1,,
2026-08-23T20:11:56,reply,6a24d5cd000000003502b68d,6a24e8e8000000002803aa4e,complete,endpoint_exhausted,0,0,0,chengdu,aliyun_chengdu,deep_chengdu,9344,14,complete,GK2026D1,,
2026-08-23T20:11:56,reply,6a24d5cd000000003502b68d,6a24e8e2000000002a0073db,complete,endpoint_exhausted,0,0,0,chengdu,aliyun_chengdu,deep_chengdu,9344,14,complete,GK2026D1,,
2026-08-23T20:11:56,reply,6a24d5cd000000003502b68d,6a24e8c9000000002702d0d3,complete,endpoint_exhausted,0,0,0,chengdu,aliyun_chengdu,deep_chengdu,9344,14,complete,GK2026D1,,
2026-08-23T20:11:56,reply,6a24d5cd000000003502b68d,6a24e8510000000028036c57,complete,endpoint_exhausted,0,0,0,chengdu,aliyun_chengdu,deep_chengdu,9344,14,complete,GK2026D1,,
2026-08-23T20:11:56,reply,6a24d5cd000000003502b68d,6a24e80a000000002a0314f1,complete,endpoint_exhausted,0,0,0,chengdu,aliyun_chengdu,deep_chengdu,9344,14,complete,GK2026D1,,
2026-08-23T20:11:56,reply,6a24d5cd000000003502b68d,6a24e7510000000027016f78,complete,endpoint_exhausted,0,0,0,chengdu,aliyun_chengdu,deep_chengdu,9344,14,complete,GK2026D1,,
2026-08-23T20:12:13,reply,6a24d5cd000000003502b68d,6a24e74e000000002803e077,complete,endpoint_exhausted,0,0,0,chengdu,aliyun_chengdu,deep_chengdu,9344,14,complete,GK2026D1,,
2026-08-23T20:12:13,reply,6a24d5cd000000003502b68d,6a24e7190000000028009858,complete,endpoint_exhausted,0,0,0,chengdu,aliyun_chengdu,deep_chengdu,9344,14,complete,GK2026D1,,
2026-08-23T20:12:13,reply,6a24d5cd000000003502b68d,6a24e6f500000000270211d9,complete,endpoint_exhausted,0,1,1,chengdu,aliyun_chengdu,deep_chengdu,9344,14,complete,GK2026D1,,
2026-08-23T20:12:46,reply,6a24d5cd000000003502b68d,6a24e6cd0000000029035c90,complete,endpoint_exhausted,2,8,8,chengdu,aliyun_chengdu,deep_chengdu,9344,14,complete,GK2026D1,,
2026-08-23T20:12:46,reply,6a24d5cd000000003502b68d,6a24e61c000000002702bdd8,complete,endpoint_exhausted,0,0,0,chengdu,aliyun_chengdu,deep_chengdu,9344,14,complete,GK2026D1,,
2026-08-23T20:12:46,reply,6a24d5cd000000003502b68d,6a24e5c1000000002900d41a,complete,endpoint_exhausted,0,0,0,chengdu,aliyun_chengdu,deep_chengdu,9344,14,complete,GK2026D1,,
2026-08-23T20:12:46,reply,6a24d5cd000000003502b68d,6a24e521000000002702f396,complete,endpoint_exhausted,0,0,0,chengdu,aliyun_chengdu,deep_chengdu,9344,14,complete,GK2026D1,,
2026-08-23T20:12:46,reply,6a24d5cd000000003502b68d,6a24e2a20000000029036239,complete,endpoint_exhausted,0,0,0,chengdu,aliyun_chengdu,deep_chengdu,9344,14,complete,GK2026D1,,
2026-08-23T20:12:46,reply,6a24d5cd000000003502b68d,6a24e17b0000000029036cdd,complete,endpoint_exhausted,0,0,0,chengdu,aliyun_chengdu,deep_chengdu,9344,14,complete,GK2026D1,,
2026-08-23T20:12:46,reply,6a24d5cd000000003502b68d,6a24e0f4000000002702fef9,complete,endpoint_exhausted,0,0,0,chengdu,aliyun_chengdu,deep_chengdu,9344,14,complete,GK2026D1,,
2026-08-23T20:13:03,reply,6a24d5cd000000003502b68d,6a24dfbd000000002702bca6,complete,endpoint_exhausted,0,0,0,chengdu,aliyun_chengdu,deep_chengdu,9344,14,complete,GK2026D1,,
2026-08-23T20:13:19,reply,6a24d5cd000000003502b68d,6a24db0b000000002702fb77,complete,endpoint_exhausted,1,3,3,chengdu,aliyun_chengdu,deep_chengdu,9344,14,complete,GK2026D1,,
2026-08-23T20:13:19,reply,6a24d5cd000000003502b68d,6a24db02000000002a0072c1,complete,endpoint_exhausted,0,0,0,chengdu,aliyun_chengdu,deep_chengdu,9344,14,complete,GK2026D1,,
2026-08-23T20:13:19,reply,6a24d5cd000000003502b68d,6a24d92e000000002803c95b,complete,endpoint_exhausted,0,0,0,chengdu,aliyun_chengdu,deep_chengdu,9344,14,complete,GK2026D1,,
2026-08-23T20:13:19,reply,6a24d5cd000000003502b68d,6a24d7d0000000002803ab6c,complete,endpoint_exhausted,0,0,0,chengdu,aliyun_chengdu,deep_chengdu,9344,14,complete,GK2026D1,,
2026-08-23T20:13:19,reply,6a24d5cd000000003502b68d,6a24d693000000002900d192,complete,endpoint_exhausted,0,0,0,chengdu,aliyun_chengdu,deep_chengdu,9344,14,complete,GK2026D1,,
2026-08-23T20:13:19,reply,6a24d5cd000000003502b68d,6a24d66a000000002a030559,complete,endpoint_exhausted,0,0,0,chengdu,aliyun_chengdu,deep_chengdu,9344,14,complete,GK2026D1,,
2026-08-23T20:13:19,reply,6a24d5cd000000003502b68d,6a24d66a000000002702c35f,complete,endpoint_exhausted,0,0,0,chengdu,aliyun_chengdu,deep_chengdu,9344,14,complete,GK2026D1,,
2026-08-23T20:13:19,reply,6a24d5cd000000003502b68d,6a24d63f000000002a006bd2,complete,endpoint_exhausted,0,0,0,chengdu,aliyun_chengdu,deep_chengdu,9344,14,complete,GK2026D1,,
2026-08-23T20:16:41,reply,6a24d5cd000000003502b68d,6a24f47200000000270157d5,complete,endpoint_exhausted,12,61,61,chengdu,aliyun_chengdu,deep_chengdu,9344,14,complete,GK2026D1,,
2026-08-23T20:18:22,reply,6a24d5cd000000003502b68d,6a24fad7000000002902d078,complete,endpoint_exhausted,5,26,26,chengdu,aliyun_chengdu,deep_chengdu,9344,14,complete,GK2026D1,,
2026-08-23T20:18:56,reply,6a24d5cd000000003502b68d,6a24dbfe000000002803e89c,complete,endpoint_exhausted,2,7,7,chengdu,aliyun_chengdu,deep_chengdu,9344,14,complete,GK2026D1,,
2026-08-23T20:19:29,reply,6a24d5cd000000003502b68d,6a2504a5000000002803ad77,complete,endpoint_exhausted,2,8,8,chengdu,aliyun_chengdu,deep_chengdu,9344,14,complete,GK2026D1,,
2026-08-23T20:20:03,reply,6a24d5cd000000003502b68d,6a250bb4000000002702e086,complete,endpoint_exhausted,2,9,9,chengdu,aliyun_chengdu,deep_chengdu,9344,14,complete,GK2026D1,,
2026-08-23T20:20:19,reply,6a24d5cd000000003502b68d,6a24dd5a00000000270176fb,complete,endpoint_exhausted,1,6,6,chengdu,aliyun_chengdu,deep_chengdu,9344,14,complete,GK2026D1,,
2026-08-23T20:20:19,reply,6a24d5cd000000003502b68d,6a28c44c000000002a024594,complete,endpoint_exhausted,0,0,0,chengdu,aliyun_chengdu,deep_chengdu,9344,14,complete,GK2026D1,,
2026-08-23T20:20:19,reply,6a24d5cd000000003502b68d,6a28160e000000002800bb5a,complete,endpoint_exhausted,0,0,0,chengdu,aliyun_chengdu,deep_chengdu,9344,14,complete,GK2026D1,,
2026-08-23T20:20:19,reply,6a24d5cd000000003502b68d,6a27e77d000000002903726e,complete,endpoint_exhausted,0,0,0,chengdu,aliyun_chengdu,deep_chengdu,9344,14,complete,GK2026D1,,
2026-08-23T20:20:19,reply,6a24d5cd000000003502b68d,6a27e3d30000000028008b9a,complete,endpoint_exhausted,0,0,0,chengdu,aliyun_chengdu,deep_chengdu,9344,14,complete,GK2026D1,,
2026-08-23T20:20:19,reply,6a24d5cd000000003502b68d,6a27d7cb000000002b0026fb,complete,endpoint_exhausted,0,0,0,chengdu,aliyun_chengdu,deep_chengdu,9344,14,complete,GK2026D1,,
2026-08-23T20:20:37,reply,6a24d5cd000000003502b68d,6a27d67e000000002b029200,complete,endpoint_exhausted,0,0,0,chengdu,aliyun_chengdu,deep_chengdu,9344,14,complete,GK2026D1,,
2026-08-23T20:20:37,reply,6a24d5cd000000003502b68d,6a27b9ff000000002803c0ba,complete,endpoint_exhausted,0,0,0,chengdu,aliyun_chengdu,deep_chengdu,9344,14,complete,GK2026D1,,
2026-08-23T20:20:37,reply,6a24d5cd000000003502b68d,6a27a0b2000000002902401d,complete,endpoint_exhausted,0,0,0,chengdu,aliyun_chengdu,deep_chengdu,9344,14,complete,GK2026D1,,
2026-08-23T20:20:37,reply,6a24d5cd000000003502b68d,6a278749000000002702c6a2,complete,endpoint_exhausted,0,0,0,chengdu,aliyun_chengdu,deep_chengdu,9344,14,complete,GK2026D1,,
2026-08-23T20:20:37,reply,6a24d5cd000000003502b68d,6a278423000000002a006eec,complete,endpoint_exhausted,0,0,0,chengdu,aliyun_chengdu,deep_chengdu,9344,14,complete,GK2026D1,,
2026-08-23T20:20:37,reply,6a24d5cd000000003502b68d,6a275cfe0000000028008a51,complete,endpoint_exhausted,0,0,0,chengdu,aliyun_chengdu,deep_chengdu,9344,14,complete,GK2026D1,,
2026-08-23T20:20:37,reply,6a24d5cd000000003502b68d,6a2716b2000000002701d1a2,complete,endpoint_exhausted,0,0,0,chengdu,aliyun_chengdu,deep_chengdu,9344,14,complete,GK2026D1,,
2026-08-23T20:20:37,reply,6a24d5cd000000003502b68d,6a26f405000000002a031f1a,complete,endpoint_exhausted,0,0,0,chengdu,aliyun_chengdu,deep_chengdu,9344,14,complete,GK2026D1,,
2026-08-23T20:20:37,reply,6a24d5cd000000003502b68d,6a26e0e0000000000d021401,complete,endpoint_exhausted,0,0,0,chengdu,aliyun_chengdu,deep_chengdu,9344,14,complete,GK2026D1,,
2026-08-23T20:20:37,reply,6a24d5cd000000003502b68d,6a26911c000000002a025e79,complete,endpoint_exhausted,0,0,0,chengdu,aliyun_chengdu,deep_chengdu,9344,14,complete,GK2026D1,,
2026-08-23T20:20:54,reply,6a24d5cd000000003502b68d,6a268cde000000002901b0c2,complete,endpoint_exhausted,0,0,0,chengdu,aliyun_chengdu,deep_chengdu,9344,14,complete,GK2026D1,,
2026-08-23T20:20:54,reply,6a24d5cd000000003502b68d,6a2687ec000000002803f4fd,complete,endpoint_exhausted,0,0,0,chengdu,aliyun_chengdu,deep_chengdu,9344,14,complete,GK2026D1,,
2026-08-23T20:20:54,reply,6a24d5cd000000003502b68d,6a268591000000002702f261,complete,endpoint_exhausted,0,0,0,chengdu,aliyun_chengdu,deep_chengdu,9344,14,complete,GK2026D1,,
2026-08-23T20:20:54,reply,6a24d5cd000000003502b68d,6a26749100000000290189da,complete,endpoint_exhausted,0,0,0,chengdu,aliyun_chengdu,deep_chengdu,9344,14,complete,GK2026D1,,
2026-08-23T20:20:54,reply,6a24d5cd000000003502b68d,6a266dcc00000000290127c7,complete,endpoint_exhausted,0,0,0,chengdu,aliyun_chengdu,deep_chengdu,9344,14,complete,GK2026D1,,
2026-08-23T20:20:54,reply,6a24d5cd000000003502b68d,6a2662f000000000290115f9,complete,endpoint_exhausted,0,0,0,chengdu,aliyun_chengdu,deep_chengdu,9344,14,complete,GK2026D1,,
2026-08-23T20:20:54,reply,6a24d5cd000000003502b68d,6a265de3000000002803a487,complete,endpoint_exhausted,0,0,0,chengdu,aliyun_chengdu,deep_chengdu,9344,14,complete,GK2026D1,,
2026-08-23T20:20:54,reply,6a24d5cd000000003502b68d,6a265ae7000000002902631e,complete,endpoint_exhausted,0,0,0,chengdu,aliyun_chengdu,deep_chengdu,9344,14,complete,GK2026D1,,
2026-08-23T20:20:54,reply,6a24d5cd000000003502b68d,6a26397f000000000d022801,complete,endpoint_exhausted,0,0,0,chengdu,aliyun_chengdu,deep_chengdu,9344,14,complete,GK2026D1,,
2026-08-23T20:20:54,reply,6a24d5cd000000003502b68d,6a2636fc000000002702c5f6,complete,endpoint_exhausted,0,0,0,chengdu,aliyun_chengdu,deep_chengdu,9344,14,complete,GK2026D1,,
2026-08-23T20:21:11,reply,6a24d5cd000000003502b68d,6a2633e8000000002b02b27e,complete,endpoint_exhausted,0,0,0,chengdu,aliyun_chengdu,deep_chengdu,9344,14,complete,GK2026D1,,
2026-08-23T20:21:11,reply,6a24d5cd000000003502b68d,6a263271000000002702ab26,complete,endpoint_exhausted,0,0,0,chengdu,aliyun_chengdu,deep_chengdu,9344,14,complete,GK2026D1,,
2026-08-23T20:21:11,reply,6a24d5cd000000003502b68d,6a2627bf0000000027022ed7,complete,endpoint_exhausted,0,0,0,chengdu,aliyun_chengdu,deep_chengdu,9344,14,complete,GK2026D1,,
2026-08-23T20:21:11,reply,6a24d5cd000000003502b68d,6a26274600000000290118ad,complete,endpoint_exhausted,0,0,0,chengdu,aliyun_chengdu,deep_chengdu,9344,14,complete,GK2026D1,,
2026-08-23T20:21:11,reply,6a24d5cd000000003502b68d,6a261f6d000000002702a84a,complete,endpoint_exhausted,0,0,0,chengdu,aliyun_chengdu,deep_chengdu,9344,14,complete,GK2026D1,,
2026-08-23T20:21:11,reply,6a24d5cd000000003502b68d,6a261aa10000000027017da0,complete,endpoint_exhausted,0,0,0,chengdu,aliyun_chengdu,deep_chengdu,9344,14,complete,GK2026D1,,
2026-08-23T20:21:11,reply,6a24d5cd000000003502b68d,6a261a83000000002900fc99,complete,endpoint_exhausted,0,0,0,chengdu,aliyun_chengdu,deep_chengdu,9344,14,complete,GK2026D1,,
2026-08-23T20:21:11,reply,6a24d5cd000000003502b68d,6a261779000000002903439f,complete,endpoint_exhausted,0,0,0,chengdu,aliyun_chengdu,deep_chengdu,9344,14,complete,GK2026D1,,
2026-08-23T20:21:11,reply,6a24d5cd000000003502b68d,6a261686000000002701c6f3,complete,endpoint_exhausted,0,0,0,chengdu,aliyun_chengdu,deep_chengdu,9344,14,complete,GK2026D1,,
2026-08-23T20:21:11,reply,6a24d5cd000000003502b68d,6a261196000000002a02f28f,complete,endpoint_exhausted,0,0,0,chengdu,aliyun_chengdu,deep_chengdu,9344,14,complete,GK2026D1,,
2026-08-23T20:21:28,reply,6a24d5cd000000003502b68d,6a260f8300000000290260f1,complete,endpoint_exhausted,0,0,0,chengdu,aliyun_chengdu,deep_chengdu,9344,14,complete,GK2026D1,,
2026-08-23T20:21:28,reply,6a24d5cd000000003502b68d,6a260b09000000002a0339c9,complete,endpoint_exhausted,0,0,0,chengdu,aliyun_chengdu,deep_chengdu,9344,14,complete,GK2026D1,,
2026-08-23T20:21:28,reply,6a24d5cd000000003502b68d,6a2609e90000000029011613,complete,endpoint_exhausted,0,0,0,chengdu,aliyun_chengdu,deep_chengdu,9344,14,complete,GK2026D1,,
2026-08-23T20:21:28,reply,6a24d5cd000000003502b68d,6a26046e000000002b0033c2,complete,endpoint_exhausted,0,0,0,chengdu,aliyun_chengdu,deep_chengdu,9344,14,complete,GK2026D1,,
2026-08-23T20:21:28,reply,6a24d5cd000000003502b68d,6a25fda1000000002803c552,complete,endpoint_exhausted,0,0,0,chengdu,aliyun_chengdu,deep_chengdu,9344,14,complete,GK2026D1,,
2026-08-23T20:21:28,reply,6a24d5cd000000003502b68d,6a25fbf40000000027017bc0,complete,endpoint_exhausted,0,0,0,chengdu,aliyun_chengdu,deep_chengdu,9344,14,complete,GK2026D1,,
2026-08-23T20:21:28,reply,6a24d5cd000000003502b68d,6a25f3a200000000280335db,complete,endpoint_exhausted,0,0,0,chengdu,aliyun_chengdu,deep_chengdu,9344,14,complete,GK2026D1,,
2026-08-23T20:21:28,reply,6a24d5cd000000003502b68d,6a25ef5a00000000290364ea,complete,endpoint_exhausted,0,0,0,chengdu,aliyun_chengdu,deep_chengdu,9344,14,complete,GK2026D1,,
2026-08-23T20:21:28,reply,6a24d5cd000000003502b68d,6a25eded000000002a02609a,complete,endpoint_exhausted,0,0,0,chengdu,aliyun_chengdu,deep_chengdu,9344,14,complete,GK2026D1,,
2026-08-23T20:21:28,reply,6a24d5cd000000003502b68d,6a25be86000000002a024bdd,complete,endpoint_exhausted,0,0,0,chengdu,aliyun_chengdu,deep_chengdu,9344,14,complete,GK2026D1,,
2026-08-23T20:21:44,reply,6a24d5cd000000003502b68d,6a25b05300000000290276ad,complete,endpoint_exhausted,0,0,0,chengdu,aliyun_chengdu,deep_chengdu,9344,14,complete,GK2026D1,,
2026-08-23T20:21:44,reply,6a24d5cd000000003502b68d,6a25a9290000000028034719,complete,endpoint_exhausted,0,0,0,chengdu,aliyun_chengdu,deep_chengdu,9344,14,complete,GK2026D1,,
2026-08-23T20:21:44,reply,6a24d5cd000000003502b68d,6a259a1f0000000029034dc9,complete,endpoint_exhausted,0,0,0,chengdu,aliyun_chengdu,deep_chengdu,9344,14,complete,GK2026D1,,
2026-08-23T20:21:44,reply,6a24d5cd000000003502b68d,6a2596ce000000002903689f,complete,endpoint_exhausted,0,0,0,chengdu,aliyun_chengdu,deep_chengdu,9344,14,complete,GK2026D1,,
2026-08-23T20:21:44,reply,6a24d5cd000000003502b68d,6a25944f000000002803505d,complete,endpoint_exhausted,0,0,0,chengdu,aliyun_chengdu,deep_chengdu,9344,14,complete,GK2026D1,,
2026-08-23T20:21:44,reply,6a24d5cd000000003502b68d,6a258ab80000000028035e7e,complete,endpoint_exhausted,0,0,0,chengdu,aliyun_chengdu,deep_chengdu,9344,14,complete,GK2026D1,,
2026-08-23T20:21:44,reply,6a24d5cd000000003502b68d,6a258278000000002b002403,complete,endpoint_exhausted,0,0,0,chengdu,aliyun_chengdu,deep_chengdu,9344,14,complete,GK2026D1,,
2026-08-23T20:21:44,reply,6a24d5cd000000003502b68d,6a25753c000000002b02a9d2,complete,endpoint_exhausted,0,0,0,chengdu,aliyun_chengdu,deep_chengdu,9344,14,complete,GK2026D1,,
2026-08-23T20:21:44,reply,6a24d5cd000000003502b68d,6a25707d000000002901a679,complete,endpoint_exhausted,0,0,0,chengdu,aliyun_chengdu,deep_chengdu,9344,14,complete,GK2026D1,,
2026-08-23T20:21:44,reply,6a24d5cd000000003502b68d,6a256ff9000000002901019c,complete,endpoint_exhausted,0,0,0,chengdu,aliyun_chengdu,deep_chengdu,9344,14,complete,GK2026D1,,
2026-08-23T20:22:01,reply,6a24d5cd000000003502b68d,6a256cb3000000002803fd46,complete,endpoint_exhausted,0,0,0,chengdu,aliyun_chengdu,deep_chengdu,9344,14,complete,GK2026D1,,
2026-08-23T20:22:01,reply,6a24d5cd000000003502b68d,6a2569d9000000002702c0ac,complete,endpoint_exhausted,0,0,0,chengdu,aliyun_chengdu,deep_chengdu,9344,14,complete,GK2026D1,,
2026-08-23T20:22:01,reply,6a24d5cd000000003502b68d,6a25683f000000002b003a94,complete,endpoint_exhausted,0,0,0,chengdu,aliyun_chengdu,deep_chengdu,9344,14,complete,GK2026D1,,
2026-08-23T20:22:01,reply,6a24d5cd000000003502b68d,6a2561be0000000027023c83,complete,endpoint_exhausted,0,0,0,chengdu,aliyun_chengdu,deep_chengdu,9344,14,complete,GK2026D1,,
2026-08-23T20:22:01,reply,6a24d5cd000000003502b68d,6a255e9d0000000029027579,complete,endpoint_exhausted,0,0,0,chengdu,aliyun_chengdu,deep_chengdu,9344,14,complete,GK2026D1,,
2026-08-23T20:22:01,reply,6a24d5cd000000003502b68d,6a255d43000000002902d225,complete,endpoint_exhausted,0,0,0,chengdu,aliyun_chengdu,deep_chengdu,9344,14,complete,GK2026D1,,
2026-08-23T20:22:01,reply,6a24d5cd000000003502b68d,6a255c82000000002a027775,complete,endpoint_exhausted,0,0,0,chengdu,aliyun_chengdu,deep_chengdu,9344,14,complete,GK2026D1,,
2026-08-23T20:22:01,reply,6a24d5cd000000003502b68d,6a25566b0000000028038265,complete,endpoint_exhausted,0,0,0,chengdu,aliyun_chengdu,deep_chengdu,9344,14,complete,GK2026D1,,
2026-08-23T20:22:01,reply,6a24d5cd000000003502b68d,6a255347000000002803687e,complete,endpoint_exhausted,0,0,0,chengdu,aliyun_chengdu,deep_chengdu,9344,14,complete,GK2026D1,,
2026-08-23T20:22:01,reply,6a24d5cd000000003502b68d,6a254f6100000000280097c4,complete,endpoint_exhausted,0,0,0,chengdu,aliyun_chengdu,deep_chengdu,9344,14,complete,GK2026D1,,
2026-08-23T20:22:18,reply,6a24d5cd000000003502b68d,6a2549b2000000002900e3a8,complete,endpoint_exhausted,0,0,0,chengdu,aliyun_chengdu,deep_chengdu,9344,14,complete,GK2026D1,,
2026-08-23T20:22:18,reply,6a24d5cd000000003502b68d,6a254788000000002a0079c1,complete,endpoint_exhausted,0,0,0,chengdu,aliyun_chengdu,deep_chengdu,9344,14,complete,GK2026D1,,
2026-08-23T20:22:18,reply,6a24d5cd000000003502b68d,6a2546ae000000002803f3c3,complete,endpoint_exhausted,0,0,0,chengdu,aliyun_chengdu,deep_chengdu,9344,14,complete,GK2026D1,,
2026-08-23T20:22:18,reply,6a24d5cd000000003502b68d,6a253f380000000028035ad8,complete,endpoint_exhausted,0,0,0,chengdu,aliyun_chengdu,deep_chengdu,9344,14,complete,GK2026D1,,
2026-08-23T20:22:18,reply,6a24d5cd000000003502b68d,6a253d47000000002a0260e4,complete,endpoint_exhausted,0,0,0,chengdu,aliyun_chengdu,deep_chengdu,9344,14,complete,GK2026D1,,
2026-08-23T20:22:18,reply,6a24d5cd000000003502b68d,6a252ea6000000002b003368,complete,endpoint_exhausted,0,0,0,chengdu,aliyun_chengdu,deep_chengdu,9344,14,complete,GK2026D1,,
2026-08-23T20:22:18,reply,6a24d5cd000000003502b68d,6a252cda000000002a02e088,complete,endpoint_exhausted,0,0,0,chengdu,aliyun_chengdu,deep_chengdu,9344,14,complete,GK2026D1,,
2026-08-23T20:22:18,reply,6a24d5cd000000003502b68d,6a252a33000000002900f19d,complete,endpoint_exhausted,0,0,0,chengdu,aliyun_chengdu,deep_chengdu,9344,14,complete,GK2026D1,,
2026-08-23T20:22:18,reply,6a24d5cd000000003502b68d,6a2528fd0000000027017a0c,complete,endpoint_exhausted,0,0,0,chengdu,aliyun_chengdu,deep_chengdu,9344,14,complete,GK2026D1,,
2026-08-23T20:22:18,reply,6a24d5cd000000003502b68d,6a25288c0000000028034636,complete,endpoint_exhausted,0,0,0,chengdu,aliyun_chengdu,deep_chengdu,9344,14,complete,GK2026D1,,
2026-08-23T20:22:35,reply,6a24d5cd000000003502b68d,6a252350000000002a02fec5,complete,endpoint_exhausted,0,0,0,chengdu,aliyun_chengdu,deep_chengdu,9344,14,complete,GK2026D1,,
2026-08-23T20:22:35,reply,6a24d5cd000000003502b68d,6a251f3e000000002900e257,complete,endpoint_exhausted,0,0,0,chengdu,aliyun_chengdu,deep_chengdu,9344,14,complete,GK2026D1,,
2026-08-23T20:22:35,reply,6a24d5cd000000003502b68d,6a251e6000000000270215f3,complete,endpoint_exhausted,0,0,0,chengdu,aliyun_chengdu,deep_chengdu,9344,14,complete,GK2026D1,,
2026-08-23T20:22:35,reply,6a24d5cd000000003502b68d,6a251b5e000000002a033dab,complete,endpoint_exhausted,0,0,0,chengdu,aliyun_chengdu,deep_chengdu,9344,14,complete,GK2026D1,,
2026-08-23T20:22:35,reply,6a24d5cd000000003502b68d,6a251aee0000000027020e76,complete,endpoint_exhausted,0,0,0,chengdu,aliyun_chengdu,deep_chengdu,9344,14,complete,GK2026D1,,
2026-08-23T20:22:35,reply,6a24d5cd000000003502b68d,6a251ae8000000002900e940,complete,endpoint_exhausted,0,0,0,chengdu,aliyun_chengdu,deep_chengdu,9344,14,complete,GK2026D1,,
2026-08-23T20:22:35,reply,6a24d5cd000000003502b68d,6a2517db000000002a02769a,complete,endpoint_exhausted,0,0,0,chengdu,aliyun_chengdu,deep_chengdu,9344,14,complete,GK2026D1,,
2026-08-23T20:22:35,reply,6a24d5cd000000003502b68d,6a251760000000002a006a04,complete,endpoint_exhausted,0,0,0,chengdu,aliyun_chengdu,deep_chengdu,9344,14,complete,GK2026D1,,
2026-08-23T20:22:35,reply,6a24d5cd000000003502b68d,6a2516b8000000002701d5a6,complete,endpoint_exhausted,0,0,0,chengdu,aliyun_chengdu,deep_chengdu,9344,14,complete,GK2026D1,,
2026-08-23T20:22:35,reply,6a24d5cd000000003502b68d,6a25160d000000002900d21b,complete,endpoint_exhausted,0,0,0,chengdu,aliyun_chengdu,deep_chengdu,9344,14,complete,GK2026D1,,
2026-08-23T20:22:52,reply,6a24d5cd000000003502b68d,6a2514ea0000000029034602,complete,endpoint_exhausted,0,0,0,chengdu,aliyun_chengdu,deep_chengdu,9344,14,complete,GK2026D1,,
2026-08-23T20:22:52,reply,6a24d5cd000000003502b68d,6a2514b5000000002b002fb5,complete,endpoint_exhausted,0,0,0,chengdu,aliyun_chengdu,deep_chengdu,9344,14,complete,GK2026D1,,
2026-08-23T20:22:52,reply,6a24d5cd000000003502b68d,6a2512b10000000028034c12,complete,endpoint_exhausted,0,0,0,chengdu,aliyun_chengdu,deep_chengdu,9344,14,complete,GK2026D1,,
2026-08-23T20:22:52,reply,6a24d5cd000000003502b68d,6a251210000000002803c80d,complete,endpoint_exhausted,0,0,0,chengdu,aliyun_chengdu,deep_chengdu,9344,14,complete,GK2026D1,,
2026-08-23T20:22:52,reply,6a24d5cd000000003502b68d,6a2511fe00000000290183cf,complete,endpoint_exhausted,0,0,0,chengdu,aliyun_chengdu,deep_chengdu,9344,14,complete,GK2026D1,,
2026-08-23T20:22:52,reply,6a24d5cd000000003502b68d,6a2511910000000027016fd2,complete,endpoint_exhausted,0,0,0,chengdu,aliyun_chengdu,deep_chengdu,9344,14,complete,GK2026D1,,
2026-08-23T20:22:52,reply,6a24d5cd000000003502b68d,6a25113f00000000280388e0,complete,endpoint_exhausted,0,0,0,chengdu,aliyun_chengdu,deep_chengdu,9344,14,complete,GK2026D1,,
2026-08-23T20:22:52,reply,6a24d5cd000000003502b68d,6a2510d7000000002b02a001,complete,endpoint_exhausted,0,0,0,chengdu,aliyun_chengdu,deep_chengdu,9344,14,complete,GK2026D1,,
2026-08-23T20:22:52,reply,6a24d5cd000000003502b68d,6a2510330000000028033076,complete,endpoint_exhausted,0,0,0,chengdu,aliyun_chengdu,deep_chengdu,9344,14,complete,GK2026D1,,
2026-08-23T20:22:52,reply,6a24d5cd000000003502b68d,6a250ffd00000000270155ad,complete,endpoint_exhausted,0,0,0,chengdu,aliyun_chengdu,deep_chengdu,9344,14,complete,GK2026D1,,
2026-08-23T20:23:09,reply,6a24d5cd000000003502b68d,6a250faa00000000290135f9,complete,endpoint_exhausted,0,0,0,chengdu,aliyun_chengdu,deep_chengdu,9344,14,complete,GK2026D1,,
2026-08-23T20:23:09,reply,6a24d5cd000000003502b68d,6a250f790000000028034415,complete,endpoint_exhausted,0,0,0,chengdu,aliyun_chengdu,deep_chengdu,9344,14,complete,GK2026D1,,
2026-08-23T20:23:09,reply,6a24d5cd000000003502b68d,6a250f6e0000000029025c50,complete,endpoint_exhausted,0,0,0,chengdu,aliyun_chengdu,deep_chengdu,9344,14,complete,GK2026D1,,
2026-08-23T20:23:09,reply,6a24d5cd000000003502b68d,6a250f67000000002803eef6,complete,endpoint_exhausted,0,0,0,chengdu,aliyun_chengdu,deep_chengdu,9344,14,complete,GK2026D1,,
2026-08-23T20:23:09,reply,6a24d5cd000000003502b68d,6a250f660000000029012859,complete,endpoint_exhausted,0,0,0,chengdu,aliyun_chengdu,deep_chengdu,9344,14,complete,GK2026D1,,
2026-08-23T20:23:09,reply,6a24d5cd000000003502b68d,6a250f32000000002702f356,complete,endpoint_exhausted,0,0,0,chengdu,aliyun_chengdu,deep_chengdu,9344,14,complete,GK2026D1,,
2026-08-23T20:23:09,reply,6a24d5cd000000003502b68d,6a250ed4000000002702a5a1,complete,endpoint_exhausted,0,0,0,chengdu,aliyun_chengdu,deep_chengdu,9344,14,complete,GK2026D1,,
2026-08-23T20:23:09,reply,6a24d5cd000000003502b68d,6a250eca000000002a02d236,complete,endpoint_exhausted,0,0,0,chengdu,aliyun_chengdu,deep_chengdu,9344,14,complete,GK2026D1,,
2026-08-23T20:23:09,reply,6a24d5cd000000003502b68d,6a250e7b000000002702c742,complete,endpoint_exhausted,0,0,0,chengdu,aliyun_chengdu,deep_chengdu,9344,14,complete,GK2026D1,,
2026-08-23T20:23:09,reply,6a24d5cd000000003502b68d,6a250e73000000002902d213,complete,endpoint_exhausted,0,0,0,chengdu,aliyun_chengdu,deep_chengdu,9344,14,complete,GK2026D1,,
2026-08-23T20:23:26,reply,6a24d5cd000000003502b68d,6a250e56000000002701e618,complete,endpoint_exhausted,0,0,0,chengdu,aliyun_chengdu,deep_chengdu,9344,14,complete,GK2026D1,,
2026-08-23T20:23:26,reply,6a24d5cd000000003502b68d,6a250d40000000002903548f,complete,endpoint_exhausted,0,0,0,chengdu,aliyun_chengdu,deep_chengdu,9344,14,complete,GK2026D1,,
2026-08-23T20:23:26,reply,6a24d5cd000000003502b68d,6a250d0d000000002b027248,complete,endpoint_exhausted,0,0,0,chengdu,aliyun_chengdu,deep_chengdu,9344,14,complete,GK2026D1,,
2026-08-23T20:23:26,reply,6a24d5cd000000003502b68d,6a250cee000000002902d6ae,complete,endpoint_exhausted,0,0,0,chengdu,aliyun_chengdu,deep_chengdu,9344,14,complete,GK2026D1,,
2026-08-23T20:23:26,reply,6a24d5cd000000003502b68d,6a250c400000000027020671,complete,endpoint_exhausted,0,0,0,chengdu,aliyun_chengdu,deep_chengdu,9344,14,complete,GK2026D1,,
2026-08-23T20:23:26,reply,6a24d5cd000000003502b68d,6a250bb80000000029027ff0,complete,endpoint_exhausted,0,0,0,chengdu,aliyun_chengdu,deep_chengdu,9344,14,complete,GK2026D1,,
2026-08-23T20:23:26,reply,6a24d5cd000000003502b68d,6a250afd000000002702f807,complete,endpoint_exhausted,0,0,0,chengdu,aliyun_chengdu,deep_chengdu,9344,14,complete,GK2026D1,,
2026-08-23T20:23:26,reply,6a24d5cd000000003502b68d,6a250ae6000000002902f9e2,complete,endpoint_exhausted,0,0,0,chengdu,aliyun_chengdu,deep_chengdu,9344,14,complete,GK2026D1,,
2026-08-23T20:23:26,reply,6a24d5cd000000003502b68d,6a250ac4000000002702e9e6,complete,endpoint_exhausted,0,0,0,chengdu,aliyun_chengdu,deep_chengdu,9344,14,complete,GK2026D1,,
2026-08-23T20:23:26,reply,6a24d5cd000000003502b68d,6a250a42000000002800abb0,complete,endpoint_exhausted,0,0,0,chengdu,aliyun_chengdu,deep_chengdu,9344,14,complete,GK2026D1,,
2026-08-23T20:23:43,reply,6a24d5cd000000003502b68d,6a250a17000000002901acc2,complete,endpoint_exhausted,0,0,0,chengdu,aliyun_chengdu,deep_chengdu,9344,14,complete,GK2026D1,,
2026-08-23T20:23:43,reply,6a24d5cd000000003502b68d,6a2509ef000000002900f8ea,complete,endpoint_exhausted,0,0,0,chengdu,aliyun_chengdu,deep_chengdu,9344,14,complete,GK2026D1,,
2026-08-23T20:23:43,reply,6a24d5cd000000003502b68d,6a2509390000000027021357,complete,endpoint_exhausted,0,0,0,chengdu,aliyun_chengdu,deep_chengdu,9344,14,complete,GK2026D1,,
2026-08-23T20:23:43,reply,6a24d5cd000000003502b68d,6a250900000000002702feca,complete,endpoint_exhausted,0,0,0,chengdu,aliyun_chengdu,deep_chengdu,9344,14,complete,GK2026D1,,
2026-08-23T20:23:43,reply,6a24d5cd000000003502b68d,6a2508c1000000002a027e23,complete,endpoint_exhausted,0,0,0,chengdu,aliyun_chengdu,deep_chengdu,9344,14,complete,GK2026D1,,
2026-08-23T20:23:43,reply,6a24d5cd000000003502b68d,6a250833000000002b02a064,complete,endpoint_exhausted,0,0,0,chengdu,aliyun_chengdu,deep_chengdu,9344,14,complete,GK2026D1,,
2026-08-23T20:23:43,reply,6a24d5cd000000003502b68d,6a250803000000002a031d75,complete,endpoint_exhausted,0,0,0,chengdu,aliyun_chengdu,deep_chengdu,9344,14,complete,GK2026D1,,
2026-08-23T20:23:43,reply,6a24d5cd000000003502b68d,6a2507fd000000002902f8bd,complete,endpoint_exhausted,0,0,0,chengdu,aliyun_chengdu,deep_chengdu,9344,14,complete,GK2026D1,,
2026-08-23T20:23:43,reply,6a24d5cd000000003502b68d,6a2507f9000000002901852d,complete,endpoint_exhausted,0,0,0,chengdu,aliyun_chengdu,deep_chengdu,9344,14,complete,GK2026D1,,
2026-08-23T20:23:43,reply,6a24d5cd000000003502b68d,6a2507ed000000002a007f7d,complete,endpoint_exhausted,0,0,0,chengdu,aliyun_chengdu,deep_chengdu,9344,14,complete,GK2026D1,,
2026-08-23T20:24:01,reply,6a24d5cd000000003502b68d,6a250779000000002a0240c0,complete,endpoint_exhausted,0,0,0,chengdu,aliyun_chengdu,deep_chengdu,9344,14,complete,GK2026D1,,
2026-08-23T20:24:01,reply,6a24d5cd000000003502b68d,6a2506e7000000002b02a488,complete,endpoint_exhausted,0,0,0,chengdu,aliyun_chengdu,deep_chengdu,9344,14,complete,GK2026D1,,
2026-08-23T20:24:01,reply,6a24d5cd000000003502b68d,6a2506d00000000029018fca,complete,endpoint_exhausted,0,0,0,chengdu,aliyun_chengdu,deep_chengdu,9344,14,complete,GK2026D1,,
2026-08-23T20:24:01,reply,6a24d5cd000000003502b68d,6a2506c500000000280097c8,complete,endpoint_exhausted,0,0,0,chengdu,aliyun_chengdu,deep_chengdu,9344,14,complete,GK2026D1,,
2026-08-23T20:24:01,reply,6a24d5cd000000003502b68d,6a25065e000000002803949d,complete,endpoint_exhausted,0,0,0,chengdu,aliyun_chengdu,deep_chengdu,9344,14,complete,GK2026D1,,
2026-08-23T20:24:01,reply,6a24d5cd000000003502b68d,6a250653000000002b028a1e,complete,endpoint_exhausted,0,0,0,chengdu,aliyun_chengdu,deep_chengdu,9344,14,complete,GK2026D1,,
2026-08-23T20:24:01,reply,6a24d5cd000000003502b68d,6a2506420000000028038e0b,complete,endpoint_exhausted,0,0,0,chengdu,aliyun_chengdu,deep_chengdu,9344,14,complete,GK2026D1,,
2026-08-23T20:24:01,reply,6a24d5cd000000003502b68d,6a25062b000000002902e4ae,complete,endpoint_exhausted,0,0,0,chengdu,aliyun_chengdu,deep_chengdu,9344,14,complete,GK2026D1,,
2026-08-23T20:24:01,reply,6a24d5cd000000003502b68d,6a250605000000002800acbf,complete,endpoint_exhausted,0,0,0,chengdu,aliyun_chengdu,deep_chengdu,9344,14,complete,GK2026D1,,
2026-08-23T20:24:01,reply,6a24d5cd000000003502b68d,6a25056500000000290137c0,complete,endpoint_exhausted,0,0,0,chengdu,aliyun_chengdu,deep_chengdu,9344,14,complete,GK2026D1,,
2026-08-23T20:24:17,reply,6a24d5cd000000003502b68d,6a2505350000000029018775,complete,endpoint_exhausted,0,0,0,chengdu,aliyun_chengdu,deep_chengdu,9344,14,complete,GK2026D1,,
2026-08-23T20:24:17,reply,6a24d5cd000000003502b68d,6a2503f80000000029025d62,complete,endpoint_exhausted,0,0,0,chengdu,aliyun_chengdu,deep_chengdu,9344,14,complete,GK2026D1,,
2026-08-23T20:24:17,reply,6a24d5cd000000003502b68d,6a2503e4000000002803d3b6,complete,endpoint_exhausted,0,0,0,chengdu,aliyun_chengdu,deep_chengdu,9344,14,complete,GK2026D1,,
2026-08-23T20:24:17,reply,6a24d5cd000000003502b68d,6a2503b4000000002a02e8e0,complete,endpoint_exhausted,0,0,0,chengdu,aliyun_chengdu,deep_chengdu,9344,14,complete,GK2026D1,,
2026-08-23T20:24:17,reply,6a24d5cd000000003502b68d,6a250338000000002902dbd5,complete,endpoint_exhausted,0,0,0,chengdu,aliyun_chengdu,deep_chengdu,9344,14,complete,GK2026D1,,
2026-08-23T20:24:17,reply,6a24d5cd000000003502b68d,6a25032a00000000290123c0,complete,endpoint_exhausted,0,0,0,chengdu,aliyun_chengdu,deep_chengdu,9344,14,complete,GK2026D1,,
2026-08-23T20:24:17,reply,6a24d5cd000000003502b68d,6a250241000000002900eaa8,complete,endpoint_exhausted,0,0,0,chengdu,aliyun_chengdu,deep_chengdu,9344,14,complete,GK2026D1,,
2026-08-23T20:24:17,reply,6a24d5cd000000003502b68d,6a2501e8000000002b028432,complete,endpoint_exhausted,0,0,0,chengdu,aliyun_chengdu,deep_chengdu,9344,14,complete,GK2026D1,,
2026-08-23T20:24:17,reply,6a24d5cd000000003502b68d,6a2501af000000002b02ba65,complete,endpoint_exhausted,0,0,0,chengdu,aliyun_chengdu,deep_chengdu,9344,14,complete,GK2026D1,,
2026-08-23T20:24:17,reply,6a24d5cd000000003502b68d,6a25015b0000000027016013,complete,endpoint_exhausted,0,0,0,chengdu,aliyun_chengdu,deep_chengdu,9344,14,complete,GK2026D1,,
2026-08-23T20:24:34,reply,6a24d5cd000000003502b68d,6a2501590000000027015f9a,complete,endpoint_exhausted,0,0,0,chengdu,aliyun_chengdu,deep_chengdu,9344,14,complete,GK2026D1,,
2026-08-23T20:24:34,reply,6a24d5cd000000003502b68d,6a2501230000000027015254,complete,endpoint_exhausted,0,0,0,chengdu,aliyun_chengdu,deep_chengdu,9344,14,complete,GK2026D1,,
2026-08-23T20:24:34,reply,6a24d5cd000000003502b68d,6a250003000000002902563b,complete,endpoint_exhausted,0,0,0,chengdu,aliyun_chengdu,deep_chengdu,9344,14,complete,GK2026D1,,
2026-08-23T20:24:34,reply,6a24d5cd000000003502b68d,6a24ffe800000000270141a4,complete,endpoint_exhausted,0,0,0,chengdu,aliyun_chengdu,deep_chengdu,9344,14,complete,GK2026D1,,
2026-08-23T20:24:34,reply,6a24d5cd000000003502b68d,6a24ffc8000000002803b6fa,complete,endpoint_exhausted,0,0,0,chengdu,aliyun_chengdu,deep_chengdu,9344,14,complete,GK2026D1,,
2026-08-23T20:24:34,reply,6a24d5cd000000003502b68d,6a24ffb8000000002800b477,complete,endpoint_exhausted,0,0,0,chengdu,aliyun_chengdu,deep_chengdu,9344,14,complete,GK2026D1,,
2026-08-23T20:24:34,reply,6a24d5cd000000003502b68d,6a24ff890000000027020066,complete,endpoint_exhausted,0,0,0,chengdu,aliyun_chengdu,deep_chengdu,9344,14,complete,GK2026D1,,
2026-08-23T20:24:34,reply,6a24d5cd000000003502b68d,6a24ff7b0000000029013e65,complete,endpoint_exhausted,0,0,0,chengdu,aliyun_chengdu,deep_chengdu,9344,14,complete,GK2026D1,,
2026-08-23T20:24:34,reply,6a24d5cd000000003502b68d,6a24ff2b0000000028038f32,complete,endpoint_exhausted,0,0,0,chengdu,aliyun_chengdu,deep_chengdu,9344,14,complete,GK2026D1,,
2026-08-23T20:24:34,reply,6a24d5cd000000003502b68d,6a24fec3000000002902d0ad,complete,endpoint_exhausted,0,0,0,chengdu,aliyun_chengdu,deep_chengdu,9344,14,complete,GK2026D1,,
2026-08-23T20:24:51,reply,6a24d5cd000000003502b68d,6a24feb90000000028036893,complete,endpoint_exhausted,0,0,0,chengdu,aliyun_chengdu,deep_chengdu,9344,14,complete,GK2026D1,,
2026-08-23T20:24:51,reply,6a24d5cd000000003502b68d,6a24fe51000000002a005376,complete,endpoint_exhausted,0,0,0,chengdu,aliyun_chengdu,deep_chengdu,9344,14,complete,GK2026D1,,
2026-08-23T20:24:51,reply,6a24d5cd000000003502b68d,6a24fe280000000029024349,complete,endpoint_exhausted,0,0,0,chengdu,aliyun_chengdu,deep_chengdu,9344,14,complete,GK2026D1,,
2026-08-23T20:24:51,reply,6a24d5cd000000003502b68d,6a24fd7c00000000270162a9,complete,endpoint_exhausted,0,0,0,chengdu,aliyun_chengdu,deep_chengdu,9344,14,complete,GK2026D1,,
2026-08-23T20:24:51,reply,6a24d5cd000000003502b68d,6a24fd1c000000002800987e,complete,endpoint_exhausted,0,0,0,chengdu,aliyun_chengdu,deep_chengdu,9344,14,complete,GK2026D1,,
2026-08-23T20:24:51,reply,6a24d5cd000000003502b68d,6a24fd0b00000000290122e3,complete,endpoint_exhausted,0,0,0,chengdu,aliyun_chengdu,deep_chengdu,9344,14,complete,GK2026D1,,
2026-08-23T20:24:51,reply,6a24d5cd000000003502b68d,6a24fcea0000000027029711,complete,endpoint_exhausted,0,0,0,chengdu,aliyun_chengdu,deep_chengdu,9344,14,complete,GK2026D1,,
2026-08-23T20:24:51,reply,6a24d5cd000000003502b68d,6a24fcd3000000002901150b,complete,endpoint_exhausted,0,0,0,chengdu,aliyun_chengdu,deep_chengdu,9344,14,complete,GK2026D1,,
2026-08-23T20:24:51,reply,6a24d5cd000000003502b68d,6a24fc89000000002803079f,complete,endpoint_exhausted,0,0,0,chengdu,aliyun_chengdu,deep_chengdu,9344,14,complete,GK2026D1,,
2026-08-23T20:24:51,reply,6a24d5cd000000003502b68d,6a24fc63000000002702b465,complete,endpoint_exhausted,0,0,0,chengdu,aliyun_chengdu,deep_chengdu,9344,14,complete,GK2026D1,,
2026-08-23T20:25:08,reply,6a24d5cd000000003502b68d,6a24fc46000000002b0284cb,complete,endpoint_exhausted,0,0,0,chengdu,aliyun_chengdu,deep_chengdu,9344,14,complete,GK2026D1,,
2026-08-23T20:25:08,reply,6a24d5cd000000003502b68d,6a24fbc10000000028031868,complete,endpoint_exhausted,0,0,0,chengdu,aliyun_chengdu,deep_chengdu,9344,14,complete,GK2026D1,,
2026-08-23T20:25:08,reply,6a24d5cd000000003502b68d,6a24fba6000000002803ce1f,complete,endpoint_exhausted,0,0,0,chengdu,aliyun_chengdu,deep_chengdu,9344,14,complete,GK2026D1,,
2026-08-23T20:25:08,reply,6a24d5cd000000003502b68d,6a24fb9a000000002901a54c,complete,endpoint_exhausted,0,0,0,chengdu,aliyun_chengdu,deep_chengdu,9344,14,complete,GK2026D1,,
2026-08-23T20:25:08,reply,6a24d5cd000000003502b68d,6a24fb7f000000002900fe05,complete,endpoint_exhausted,0,0,0,chengdu,aliyun_chengdu,deep_chengdu,9344,14,complete,GK2026D1,,
2026-08-23T20:25:08,reply,6a24d5cd000000003502b68d,6a24fb320000000028037dc5,complete,endpoint_exhausted,0,0,0,chengdu,aliyun_chengdu,deep_chengdu,9344,14,complete,GK2026D1,,
2026-08-23T20:25:08,reply,6a24d5cd000000003502b68d,6a24fb27000000002a007fba,complete,endpoint_exhausted,0,0,0,chengdu,aliyun_chengdu,deep_chengdu,9344,14,complete,GK2026D1,,
2026-08-23T20:25:08,reply,6a24d5cd000000003502b68d,6a24fb230000000028037ab5,complete,endpoint_exhausted,0,0,0,chengdu,aliyun_chengdu,deep_chengdu,9344,14,complete,GK2026D1,,
2026-08-23T20:25:08,reply,6a24d5cd000000003502b68d,6a24fb01000000002900dfe5,complete,endpoint_exhausted,0,0,0,chengdu,aliyun_chengdu,deep_chengdu,9344,14,complete,GK2026D1,,
2026-08-23T20:25:42,reply,6a24d5cd000000003502b68d,6a24fab40000000028008680,complete,endpoint_exhausted,2,9,9,chengdu,aliyun_chengdu,deep_chengdu,9344,14,complete,GK2026D1,,
2026-08-23T20:25:58,reply,6a24d5cd000000003502b68d,6a24fa8c000000002800bc1f,complete,endpoint_exhausted,0,0,0,chengdu,aliyun_chengdu,deep_chengdu,9344,14,complete,GK2026D1,,
2026-08-23T20:25:58,reply,6a24d5cd000000003502b68d,6a24fa32000000002a0311b7,complete,endpoint_exhausted,0,0,0,chengdu,aliyun_chengdu,deep_chengdu,9344,14,complete,GK2026D1,,
2026-08-23T20:25:58,reply,6a24d5cd000000003502b68d,6a24fa2900000000290370fc,complete,endpoint_exhausted,0,0,0,chengdu,aliyun_chengdu,deep_chengdu,9344,14,complete,GK2026D1,,
2026-08-23T20:25:58,reply,6a24d5cd000000003502b68d,6a24fa0d00000000270225ed,complete,endpoint_exhausted,0,0,0,chengdu,aliyun_chengdu,deep_chengdu,9344,14,complete,GK2026D1,,
2026-08-23T20:25:58,reply,6a24d5cd000000003502b68d,6a24f9fb00000000290116a6,complete,endpoint_exhausted,0,0,0,chengdu,aliyun_chengdu,deep_chengdu,9344,14,complete,GK2026D1,,
2026-08-23T20:25:58,reply,6a24d5cd000000003502b68d,6a24f9c4000000002a02da0f,complete,endpoint_exhausted,0,0,0,chengdu,aliyun_chengdu,deep_chengdu,9344,14,complete,GK2026D1,,
2026-08-23T20:25:58,reply,6a24d5cd000000003502b68d,6a24f9b7000000002b0024b2,complete,endpoint_exhausted,0,0,0,chengdu,aliyun_chengdu,deep_chengdu,9344,14,complete,GK2026D1,,
2026-08-23T20:25:58,reply,6a24d5cd000000003502b68d,6a24f97e00000000290137c9,complete,endpoint_exhausted,0,0,0,chengdu,aliyun_chengdu,deep_chengdu,9344,14,complete,GK2026D1,,
2026-08-23T20:25:58,reply,6a24d5cd000000003502b68d,6a24f976000000002702e66a,complete,endpoint_exhausted,0,0,0,chengdu,aliyun_chengdu,deep_chengdu,9344,14,complete,GK2026D1,,
2026-08-23T20:25:58,reply,6a24d5cd000000003502b68d,6a24f96a000000002a02ccb7,complete,endpoint_exhausted,0,0,0,chengdu,aliyun_chengdu,deep_chengdu,9344,14,complete,GK2026D1,,
2026-08-23T20:26:15,reply,6a24d5cd000000003502b68d,6a24f958000000002702decb,complete,endpoint_exhausted,0,0,0,chengdu,aliyun_chengdu,deep_chengdu,9344,14,complete,GK2026D1,,
2026-08-23T20:26:15,reply,6a24d5cd000000003502b68d,6a24f954000000002701ca70,complete,endpoint_exhausted,0,0,0,chengdu,aliyun_chengdu,deep_chengdu,9344,14,complete,GK2026D1,,
2026-08-23T20:26:15,reply,6a24d5cd000000003502b68d,6a24f9520000000029012cdd,complete,endpoint_exhausted,0,0,0,chengdu,aliyun_chengdu,deep_chengdu,9344,14,complete,GK2026D1,,
2026-08-23T20:26:15,reply,6a24d5cd000000003502b68d,6a24f94b000000002701c83c,complete,endpoint_exhausted,0,0,0,chengdu,aliyun_chengdu,deep_chengdu,9344,14,complete,GK2026D1,,
2026-08-23T20:26:15,reply,6a24d5cd000000003502b68d,6a24f887000000002800803d,complete,endpoint_exhausted,0,0,0,chengdu,aliyun_chengdu,deep_chengdu,9344,14,complete,GK2026D1,,
2026-08-23T20:26:15,reply,6a24d5cd000000003502b68d,6a24f885000000002803cae4,complete,endpoint_exhausted,0,0,0,chengdu,aliyun_chengdu,deep_chengdu,9344,14,complete,GK2026D1,,
2026-08-23T20:26:15,reply,6a24d5cd000000003502b68d,6a24f85a000000002803ffc3,complete,endpoint_exhausted,0,0,0,chengdu,aliyun_chengdu,deep_chengdu,9344,14,complete,GK2026D1,,
2026-08-23T20:26:15,reply,6a24d5cd000000003502b68d,6a24f855000000002a0078c0,complete,endpoint_exhausted,0,0,0,chengdu,aliyun_chengdu,deep_chengdu,9344,14,complete,GK2026D1,,
2026-08-23T20:26:15,reply,6a24d5cd000000003502b68d,6a24f843000000002701538a,complete,endpoint_exhausted,0,0,0,chengdu,aliyun_chengdu,deep_chengdu,9344,14,complete,GK2026D1,,
2026-08-23T20:26:15,reply,6a24d5cd000000003502b68d,6a24f80300000000270142cc,complete,endpoint_exhausted,0,0,0,chengdu,aliyun_chengdu,deep_chengdu,9344,14,complete,GK2026D1,,
2026-08-23T20:26:32,reply,6a24d5cd000000003502b68d,6a24f7a3000000002b00057e,complete,endpoint_exhausted,0,0,0,chengdu,aliyun_chengdu,deep_chengdu,9344,14,complete,GK2026D1,,
2026-08-23T20:26:32,reply,6a24d5cd000000003502b68d,6a24f727000000002900ecbc,complete,endpoint_exhausted,0,0,0,chengdu,aliyun_chengdu,deep_chengdu,9344,14,complete,GK2026D1,,
2026-08-23T20:26:32,reply,6a24d5cd000000003502b68d,6a24f721000000002a02e489,complete,endpoint_exhausted,0,0,0,chengdu,aliyun_chengdu,deep_chengdu,9344,14,complete,GK2026D1,,
2026-08-23T20:26:32,reply,6a24d5cd000000003502b68d,6a24f70c0000000029018d5b,complete,endpoint_exhausted,0,0,0,chengdu,aliyun_chengdu,deep_chengdu,9344,14,complete,GK2026D1,,
2026-08-23T20:26:32,reply,6a24d5cd000000003502b68d,6a24f6c6000000002803daa8,complete,endpoint_exhausted,0,0,0,chengdu,aliyun_chengdu,deep_chengdu,9344,14,complete,GK2026D1,,
2026-08-23T20:26:32,reply,6a24d5cd000000003502b68d,6a24f673000000002a02c785,complete,endpoint_exhausted,0,0,0,chengdu,aliyun_chengdu,deep_chengdu,9344,14,complete,GK2026D1,,
2026-08-23T20:26:32,reply,6a24d5cd000000003502b68d,6a24f67100000000290133d8,complete,endpoint_exhausted,0,0,0,chengdu,aliyun_chengdu,deep_chengdu,9344,14,complete,GK2026D1,,
2026-08-23T20:26:32,reply,6a24d5cd000000003502b68d,6a24f623000000002b02a447,complete,endpoint_exhausted,0,0,0,chengdu,aliyun_chengdu,deep_chengdu,9344,14,complete,GK2026D1,,
2026-08-23T20:26:32,reply,6a24d5cd000000003502b68d,6a24f5e80000000028009d60,complete,endpoint_exhausted,0,0,0,chengdu,aliyun_chengdu,deep_chengdu,9344,14,complete,GK2026D1,,
2026-08-23T20:26:32,reply,6a24d5cd000000003502b68d,6a24f593000000002701e76a,complete,endpoint_exhausted,0,0,0,chengdu,aliyun_chengdu,deep_chengdu,9344,14,complete,GK2026D1,,
2026-08-23T20:26:49,reply,6a24d5cd000000003502b68d,6a24f55a000000002a032c6f,complete,endpoint_exhausted,0,0,0,chengdu,aliyun_chengdu,deep_chengdu,9344,14,complete,GK2026D1,,
2026-08-23T20:26:49,reply,6a24d5cd000000003502b68d,6a24f547000000002902c74c,complete,endpoint_exhausted,0,0,0,chengdu,aliyun_chengdu,deep_chengdu,9344,14,complete,GK2026D1,,
2026-08-23T20:26:49,reply,6a24d5cd000000003502b68d,6a24f4c600000000290245bf,complete,endpoint_exhausted,0,0,0,chengdu,aliyun_chengdu,deep_chengdu,9344,14,complete,GK2026D1,,
2026-08-23T20:26:49,reply,6a24d5cd000000003502b68d,6a24f4bb0000000029019ee1,complete,endpoint_exhausted,0,0,0,chengdu,aliyun_chengdu,deep_chengdu,9344,14,complete,GK2026D1,,
2026-08-23T20:26:49,reply,6a24d5cd000000003502b68d,6a24f4b0000000002b003b47,complete,endpoint_exhausted,0,0,0,chengdu,aliyun_chengdu,deep_chengdu,9344,14,complete,GK2026D1,,
2026-08-23T20:26:49,reply,6a24d5cd000000003502b68d,6a24f47e000000002701e270,complete,endpoint_exhausted,0,0,0,chengdu,aliyun_chengdu,deep_chengdu,9344,14,complete,GK2026D1,,
2026-08-23T20:26:49,reply,6a24d5cd000000003502b68d,6a24f46f000000002900fb90,complete,endpoint_exhausted,0,0,0,chengdu,aliyun_chengdu,deep_chengdu,9344,14,complete,GK2026D1,,
2026-08-23T20:26:49,reply,6a24d5cd000000003502b68d,6a24f429000000002701caef,complete,endpoint_exhausted,0,0,0,chengdu,aliyun_chengdu,deep_chengdu,9344,14,complete,GK2026D1,,
2026-08-23T20:26:49,reply,6a24d5cd000000003502b68d,6a24f423000000002702dbfc,complete,endpoint_exhausted,0,0,0,chengdu,aliyun_chengdu,deep_chengdu,9344,14,complete,GK2026D1,,
2026-08-23T20:26:49,reply,6a24d5cd000000003502b68d,6a24f276000000002803ba85,complete,endpoint_exhausted,0,0,0,chengdu,aliyun_chengdu,deep_chengdu,9344,14,complete,GK2026D1,,
2026-08-23T20:27:06,reply,6a24d5cd000000003502b68d,6a24f22900000000280366ef,complete,endpoint_exhausted,0,0,0,chengdu,aliyun_chengdu,deep_chengdu,9344,14,complete,GK2026D1,,
2026-08-23T20:27:06,reply,6a24d5cd000000003502b68d,6a24f17c00000000290109be,complete,endpoint_exhausted,0,0,0,chengdu,aliyun_chengdu,deep_chengdu,9344,14,complete,GK2026D1,,
2026-08-23T20:27:06,reply,6a24d5cd000000003502b68d,6a24f130000000002800b495,complete,endpoint_exhausted,0,0,0,chengdu,aliyun_chengdu,deep_chengdu,9344,14,complete,GK2026D1,,
2026-08-23T20:27:06,reply,6a24d5cd000000003502b68d,6a24f0fe000000002702a98c,complete,endpoint_exhausted,0,0,0,chengdu,aliyun_chengdu,deep_chengdu,9344,14,complete,GK2026D1,,
2026-08-23T20:27:06,reply,6a24d5cd000000003502b68d,6a24f0df000000002902c07c,complete,endpoint_exhausted,0,0,0,chengdu,aliyun_chengdu,deep_chengdu,9344,14,complete,GK2026D1,,
2026-08-23T20:27:06,reply,6a24d5cd000000003502b68d,6a24f0c60000000028031c49,complete,endpoint_exhausted,0,0,0,chengdu,aliyun_chengdu,deep_chengdu,9344,14,complete,GK2026D1,,
2026-08-23T20:27:06,reply,6a24d5cd000000003502b68d,6a24f0a6000000002800932e,complete,endpoint_exhausted,0,0,0,chengdu,aliyun_chengdu,deep_chengdu,9344,14,complete,GK2026D1,,
2026-08-23T20:27:06,reply,6a24d5cd000000003502b68d,6a24f097000000002a030bef,complete,endpoint_exhausted,0,0,0,chengdu,aliyun_chengdu,deep_chengdu,9344,14,complete,GK2026D1,,
2026-08-23T20:27:06,reply,6a24d5cd000000003502b68d,6a24f081000000002a02f576,complete,endpoint_exhausted,0,0,0,chengdu,aliyun_chengdu,deep_chengdu,9344,14,complete,GK2026D1,,
2026-08-23T20:27:06,reply,6a24d5cd000000003502b68d,6a24f07f00000000280374fe,complete,endpoint_exhausted,0,0,0,chengdu,aliyun_chengdu,deep_chengdu,9344,14,complete,GK2026D1,,
2026-08-23T20:27:23,reply,6a24d5cd000000003502b68d,6a24f048000000002a004e4a,complete,endpoint_exhausted,0,0,0,chengdu,aliyun_chengdu,deep_chengdu,9344,14,complete,GK2026D1,,
2026-08-23T20:27:23,reply,6a24d5cd000000003502b68d,6a24effe000000002800a9a1,complete,endpoint_exhausted,0,0,0,chengdu,aliyun_chengdu,deep_chengdu,9344,14,complete,GK2026D1,,
2026-08-23T20:27:23,reply,6a24d5cd000000003502b68d,6a24ef31000000002900f785,complete,endpoint_exhausted,0,0,0,chengdu,aliyun_chengdu,deep_chengdu,9344,14,complete,GK2026D1,,
2026-08-23T20:27:23,reply,6a24d5cd000000003502b68d,6a24ef0c000000002702adae,complete,endpoint_exhausted,0,0,0,chengdu,aliyun_chengdu,deep_chengdu,9344,14,complete,GK2026D1,,
2026-08-23T20:27:23,reply,6a24d5cd000000003502b68d,6a24ef0b000000002a02f15d,complete,endpoint_exhausted,0,0,0,chengdu,aliyun_chengdu,deep_chengdu,9344,14,complete,GK2026D1,,
2026-08-23T20:27:23,reply,6a24d5cd000000003502b68d,6a24eebb0000000029018091,complete,endpoint_exhausted,0,0,0,chengdu,aliyun_chengdu,deep_chengdu,9344,14,complete,GK2026D1,,
2026-08-23T20:27:23,reply,6a24d5cd000000003502b68d,6a24ee90000000002902de87,complete,endpoint_exhausted,0,0,0,chengdu,aliyun_chengdu,deep_chengdu,9344,14,complete,GK2026D1,,
2026-08-23T20:27:23,reply,6a24d5cd000000003502b68d,6a24ee23000000002800b707,complete,endpoint_exhausted,0,0,0,chengdu,aliyun_chengdu,deep_chengdu,9344,14,complete,GK2026D1,,
2026-08-23T20:27:23,reply,6a24d5cd000000003502b68d,6a24edd5000000002a00581e,complete,endpoint_exhausted,0,0,0,chengdu,aliyun_chengdu,deep_chengdu,9344,14,complete,GK2026D1,,
2026-08-23T20:27:23,reply,6a24d5cd000000003502b68d,6a24edc6000000002803411b,complete,endpoint_exhausted,0,0,0,chengdu,aliyun_chengdu,deep_chengdu,9344,14,complete,GK2026D1,,
2026-08-23T20:27:40,reply,6a24d5cd000000003502b68d,6a24ed760000000028008cda,complete,endpoint_exhausted,0,0,0,chengdu,aliyun_chengdu,deep_chengdu,9344,14,complete,GK2026D1,,
2026-08-23T20:27:40,reply,6a24d5cd000000003502b68d,6a24ed20000000002a026b3c,complete,endpoint_exhausted,0,0,0,chengdu,aliyun_chengdu,deep_chengdu,9344,14,complete,GK2026D1,,
2026-08-23T20:27:40,reply,6a24d5cd000000003502b68d,6a24ece20000000027022d12,complete,endpoint_exhausted,0,0,0,chengdu,aliyun_chengdu,deep_chengdu,9344,14,complete,GK2026D1,,
2026-08-23T20:27:40,reply,6a24d5cd000000003502b68d,6a24ec53000000002a024319,complete,endpoint_exhausted,0,0,0,chengdu,aliyun_chengdu,deep_chengdu,9344,14,complete,GK2026D1,,
2026-08-23T20:27:40,reply,6a24d5cd000000003502b68d,6a24ec510000000028008a8e,complete,endpoint_exhausted,0,0,0,chengdu,aliyun_chengdu,deep_chengdu,9344,14,complete,GK2026D1,,
2026-08-23T20:27:40,reply,6a24d5cd000000003502b68d,6a24ec2c00000000290185e9,complete,endpoint_exhausted,0,0,0,chengdu,aliyun_chengdu,deep_chengdu,9344,14,complete,GK2026D1,,
2026-08-23T20:27:40,reply,6a24d5cd000000003502b68d,6a24ec230000000028035883,complete,endpoint_exhausted,0,0,0,chengdu,aliyun_chengdu,deep_chengdu,9344,14,complete,GK2026D1,,
2026-08-23T20:27:40,reply,6a24d5cd000000003502b68d,6a24ebe50000000028031913,complete,endpoint_exhausted,0,0,0,chengdu,aliyun_chengdu,deep_chengdu,9344,14,complete,GK2026D1,,
2026-08-23T20:27:40,reply,6a24d5cd000000003502b68d,6a24eb6d0000000029027fce,complete,endpoint_exhausted,0,0,0,chengdu,aliyun_chengdu,deep_chengdu,9344,14,complete,GK2026D1,,
2026-08-23T20:27:40,reply,6a24d5cd000000003502b68d,6a24ea66000000002a0264a3,complete,endpoint_exhausted,0,0,0,chengdu,aliyun_chengdu,deep_chengdu,9344,14,complete,GK2026D1,,
2026-08-23T20:27:57,reply,6a24d5cd000000003502b68d,6a24ea51000000002a02607a,complete,endpoint_exhausted,0,0,0,chengdu,aliyun_chengdu,deep_chengdu,9344,14,complete,GK2026D1,,
2026-08-23T20:27:57,reply,6a24d5cd000000003502b68d,6a24e991000000002803ea45,complete,endpoint_exhausted,0,0,0,chengdu,aliyun_chengdu,deep_chengdu,9344,14,complete,GK2026D1,,
2026-08-23T20:27:57,reply,6a24d5cd000000003502b68d,6a24e911000000002a0303c5,complete,endpoint_exhausted,0,0,0,chengdu,aliyun_chengdu,deep_chengdu,9344,14,complete,GK2026D1,,
2026-08-23T20:27:57,reply,6a24d5cd000000003502b68d,6a24e8f3000000002900ca68,complete,endpoint_exhausted,0,0,0,chengdu,aliyun_chengdu,deep_chengdu,9344,14,complete,GK2026D1,,
2026-08-23T20:27:57,reply,6a24d5cd000000003502b68d,6a24e7e400000000290123f6,complete,endpoint_exhausted,0,0,0,chengdu,aliyun_chengdu,deep_chengdu,9344,14,complete,GK2026D1,,
2026-08-23T20:27:57,reply,6a24d5cd000000003502b68d,6a24e7e00000000029012326,complete,endpoint_exhausted,0,0,0,chengdu,aliyun_chengdu,deep_chengdu,9344,14,complete,GK2026D1,,
2026-08-23T20:27:57,reply,6a24d5cd000000003502b68d,6a24e7d8000000002803c284,complete,endpoint_exhausted,0,0,0,chengdu,aliyun_chengdu,deep_chengdu,9344,14,complete,GK2026D1,,
2026-08-23T20:27:57,reply,6a24d5cd000000003502b68d,6a24e6a10000000028034cb5,complete,endpoint_exhausted,0,0,0,chengdu,aliyun_chengdu,deep_chengdu,9344,14,complete,GK2026D1,,
2026-08-23T20:27:57,reply,6a24d5cd000000003502b68d,6a24e56e000000002b02547d,complete,endpoint_exhausted,0,1,1,chengdu,aliyun_chengdu,deep_chengdu,9344,14,complete,GK2026D1,,
2026-08-23T20:28:14,reply,6a24d5cd000000003502b68d,6a24e4520000000028039b23,complete,endpoint_exhausted,1,2,2,chengdu,aliyun_chengdu,deep_chengdu,9344,14,complete,GK2026D1,,
2026-08-23T20:28:31,reply,6a24d5cd000000003502b68d,6a24e32a000000002a026e91,complete,endpoint_exhausted,0,0,0,chengdu,aliyun_chengdu,deep_chengdu,9344,14,complete,GK2026D1,,
2026-08-23T20:28:31,reply,6a24d5cd000000003502b68d,6a24dd9d00000000270207e1,complete,endpoint_exhausted,0,0,0,chengdu,aliyun_chengdu,deep_chengdu,9344,14,complete,GK2026D1,,
2026-08-23T20:28:31,reply,6a24d5cd000000003502b68d,6a24d73e0000000029010006,complete,endpoint_exhausted,0,0,0,chengdu,aliyun_chengdu,deep_chengdu,9344,14,complete,GK2026D1,,
2026-08-23T20:28:31,reply,6a24d5cd000000003502b68d,6a24d66b0000000028031d63,complete,endpoint_exhausted,0,0,0,chengdu,aliyun_chengdu,deep_chengdu,9344,14,complete,GK2026D1,,
2026-08-23T20:28:31,reply,6a24d5cd000000003502b68d,6a380711000000002b0296c8,complete,endpoint_exhausted,0,0,0,chengdu,aliyun_chengdu,deep_chengdu,9344,14,complete,GK2026D1,,
2026-08-23T20:28:31,reply,6a24d5cd000000003502b68d,6a33b06b000000002a0320c0,complete,endpoint_exhausted,0,0,0,chengdu,aliyun_chengdu,deep_chengdu,9344,14,complete,GK2026D1,,
2026-08-23T20:28:31,reply,6a24d5cd000000003502b68d,6a26b68e000000002702eedf,complete,endpoint_exhausted,0,0,0,chengdu,aliyun_chengdu,deep_chengdu,9344,14,complete,GK2026D1,,
2026-08-23T20:28:31,reply,6a24d5cd000000003502b68d,6a263b890000000028036f3d,complete,endpoint_exhausted,0,0,0,chengdu,aliyun_chengdu,deep_chengdu,9344,14,complete,GK2026D1,,
2026-08-23T20:28:31,reply,6a24d5cd000000003502b68d,6a263b6a000000002b02a014,complete,endpoint_exhausted,0,0,0,chengdu,aliyun_chengdu,deep_chengdu,9344,14,complete,GK2026D1,,
2026-08-23T20:28:31,reply,6a24d5cd000000003502b68d,6a2639f600000000270218ba,complete,endpoint_exhausted,0,0,0,chengdu,aliyun_chengdu,deep_chengdu,9344,14,complete,GK2026D1,,
2026-08-23T20:28:48,reply,6a24d5cd000000003502b68d,6a26261400000000290122f9,complete,endpoint_exhausted,0,0,0,chengdu,aliyun_chengdu,deep_chengdu,9344,14,complete,GK2026D1,,
2026-08-23T20:28:48,reply,6a24d5cd000000003502b68d,6a2622340000000028033c21,complete,endpoint_exhausted,0,0,0,chengdu,aliyun_chengdu,deep_chengdu,9344,14,complete,GK2026D1,,
2026-08-23T20:28:48,reply,6a24d5cd000000003502b68d,6a26173e0000000029037de3,complete,endpoint_exhausted,0,0,0,chengdu,aliyun_chengdu,deep_chengdu,9344,14,complete,GK2026D1,,
2026-08-23T20:28:48,reply,6a24d5cd000000003502b68d,6a260930000000002900e237,complete,endpoint_exhausted,0,0,0,chengdu,aliyun_chengdu,deep_chengdu,9344,14,complete,GK2026D1,,
2026-08-23T20:28:48,reply,6a24d5cd000000003502b68d,6a25b711000000002902430f,complete,endpoint_exhausted,0,0,0,chengdu,aliyun_chengdu,deep_chengdu,9344,14,complete,GK2026D1,,
2026-08-23T20:28:48,reply,6a24d5cd000000003502b68d,6a25a0830000000028033aa6,complete,endpoint_exhausted,0,0,0,chengdu,aliyun_chengdu,deep_chengdu,9344,14,complete,GK2026D1,,
2026-08-23T20:28:48,reply,6a24d5cd000000003502b68d,6a257e77000000002701f20f,complete,endpoint_exhausted,0,0,0,chengdu,aliyun_chengdu,deep_chengdu,9344,14,complete,GK2026D1,,
2026-08-23T20:28:48,reply,6a24d5cd000000003502b68d,6a257623000000002800b435,complete,endpoint_exhausted,0,0,0,chengdu,aliyun_chengdu,deep_chengdu,9344,14,complete,GK2026D1,,
2026-08-23T20:28:48,reply,6a24d5cd000000003502b68d,6a256229000000002903796f,complete,endpoint_exhausted,0,0,0,chengdu,aliyun_chengdu,deep_chengdu,9344,14,complete,GK2026D1,,
2026-08-23T20:28:48,reply,6a24d5cd000000003502b68d,6a2561e4000000002803a184,complete,endpoint_exhausted,0,0,0,chengdu,aliyun_chengdu,deep_chengdu,9344,14,complete,GK2026D1,,
2026-08-23T20:29:04,reply,6a24d5cd000000003502b68d,6a253a90000000002a026a20,complete,endpoint_exhausted,0,0,0,chengdu,aliyun_chengdu,deep_chengdu,9344,14,complete,GK2026D1,,
2026-08-23T20:29:04,reply,6a24d5cd000000003502b68d,6a2524c1000000002701ee69,complete,endpoint_exhausted,0,0,0,chengdu,aliyun_chengdu,deep_chengdu,9344,14,complete,GK2026D1,,
2026-08-23T20:29:04,reply,6a24d5cd000000003502b68d,6a2520cd0000000028033374,complete,endpoint_exhausted,0,0,0,chengdu,aliyun_chengdu,deep_chengdu,9344,14,complete,GK2026D1,,
2026-08-23T20:29:04,reply,6a24d5cd000000003502b68d,6a251e3f000000002b001809,complete,endpoint_exhausted,0,0,0,chengdu,aliyun_chengdu,deep_chengdu,9344,14,complete,GK2026D1,,
2026-08-23T20:29:04,reply,6a24d5cd000000003502b68d,6a2516b2000000002701d45d,complete,endpoint_exhausted,0,0,0,chengdu,aliyun_chengdu,deep_chengdu,9344,14,complete,GK2026D1,,
2026-08-23T20:29:04,reply,6a24d5cd000000003502b68d,6a2514e5000000002902477c,complete,endpoint_exhausted,0,0,0,chengdu,aliyun_chengdu,deep_chengdu,9344,14,complete,GK2026D1,,
2026-08-23T20:29:04,reply,6a24d5cd000000003502b68d,6a2511a7000000002a02cf8c,complete,endpoint_exhausted,0,0,0,chengdu,aliyun_chengdu,deep_chengdu,9344,14,complete,GK2026D1,,
2026-08-23T20:29:04,reply,6a24d5cd000000003502b68d,6a25115c00000000270162d6,complete,endpoint_exhausted,0,0,0,chengdu,aliyun_chengdu,deep_chengdu,9344,14,complete,GK2026D1,,
2026-08-23T20:29:04,reply,6a24d5cd000000003502b68d,6a250f14000000002702ebb3,complete,endpoint_exhausted,0,0,0,chengdu,aliyun_chengdu,deep_chengdu,9344,14,complete,GK2026D1,,
2026-08-23T20:29:04,reply,6a24d5cd000000003502b68d,6a250e3b000000002702834b,complete,endpoint_exhausted,0,0,0,chengdu,aliyun_chengdu,deep_chengdu,9344,14,complete,GK2026D1,,
2026-08-23T20:29:21,reply,6a24d5cd000000003502b68d,6a250dac0000000029013a25,complete,endpoint_exhausted,0,0,0,chengdu,aliyun_chengdu,deep_chengdu,9344,14,complete,GK2026D1,,
2026-08-23T20:29:21,reply,6a24d5cd000000003502b68d,6a250c31000000002a031528,complete,endpoint_exhausted,0,0,0,chengdu,aliyun_chengdu,deep_chengdu,9344,14,complete,GK2026D1,,
2026-08-23T20:29:21,reply,6a24d5cd000000003502b68d,6a250ab0000000002b0290fd,complete,endpoint_exhausted,0,0,0,chengdu,aliyun_chengdu,deep_chengdu,9344,14,complete,GK2026D1,,
2026-08-23T20:29:21,reply,6a24d5cd000000003502b68d,6a2508fd000000002701e266,complete,endpoint_exhausted,0,0,0,chengdu,aliyun_chengdu,deep_chengdu,9344,14,complete,GK2026D1,,
2026-08-23T20:29:21,reply,6a24d5cd000000003502b68d,6a25088c000000002b000c7f,complete,endpoint_exhausted,0,0,0,chengdu,aliyun_chengdu,deep_chengdu,9344,14,complete,GK2026D1,,
2026-08-23T20:29:21,reply,6a24d5cd000000003502b68d,6a250836000000002702cf92,complete,endpoint_exhausted,0,0,0,chengdu,aliyun_chengdu,deep_chengdu,9344,14,complete,GK2026D1,,
2026-08-23T20:29:21,reply,6a24d5cd000000003502b68d,6a2507ff000000002702082a,complete,endpoint_exhausted,0,0,0,chengdu,aliyun_chengdu,deep_chengdu,9344,14,complete,GK2026D1,,
2026-08-23T20:29:21,reply,6a24d5cd000000003502b68d,6a2507ac0000000028008c60,complete,endpoint_exhausted,0,0,0,chengdu,aliyun_chengdu,deep_chengdu,9344,14,complete,GK2026D1,,
2026-08-23T20:29:21,reply,6a24d5cd000000003502b68d,6a25073e000000002702a30f,complete,endpoint_exhausted,0,0,0,chengdu,aliyun_chengdu,deep_chengdu,9344,14,complete,GK2026D1,,
2026-08-23T20:29:21,reply,6a24d5cd000000003502b68d,6a2505e80000000027020d97,complete,endpoint_exhausted,0,0,0,chengdu,aliyun_chengdu,deep_chengdu,9344,14,complete,GK2026D1,,
2026-08-23T20:29:38,reply,6a24d5cd000000003502b68d,6a2503eb0000000029018b84,complete,endpoint_exhausted,0,0,0,chengdu,aliyun_chengdu,deep_chengdu,9344,14,complete,GK2026D1,,
2026-08-23T20:29:38,reply,6a24d5cd000000003502b68d,6a2503d2000000002803cf85,complete,endpoint_exhausted,0,0,0,chengdu,aliyun_chengdu,deep_chengdu,9344,14,complete,GK2026D1,,
2026-08-23T20:29:38,reply,6a24d5cd000000003502b68d,6a25000d0000000028008809,complete,endpoint_exhausted,0,0,0,chengdu,aliyun_chengdu,deep_chengdu,9344,14,complete,GK2026D1,,
2026-08-23T20:29:38,reply,6a24d5cd000000003502b68d,6a24fd800000000028035a93,complete,endpoint_exhausted,0,0,0,chengdu,aliyun_chengdu,deep_chengdu,9344,14,complete,GK2026D1,,
2026-08-23T20:29:38,reply,6a24d5cd000000003502b68d,6a24fcd5000000002902f0f1,complete,endpoint_exhausted,0,0,0,chengdu,aliyun_chengdu,deep_chengdu,9344,14,complete,GK2026D1,,
2026-08-23T20:29:38,reply,6a24d5cd000000003502b68d,6a24fcd00000000028031b39,complete,endpoint_exhausted,0,0,0,chengdu,aliyun_chengdu,deep_chengdu,9344,14,complete,GK2026D1,,
2026-08-23T20:29:38,reply,6a24d5cd000000003502b68d,6a24fcc9000000002b003d5b,complete,endpoint_exhausted,0,0,0,chengdu,aliyun_chengdu,deep_chengdu,9344,14,complete,GK2026D1,,
2026-08-23T20:29:38,reply,6a24d5cd000000003502b68d,6a24fcb8000000002701de56,complete,endpoint_exhausted,0,0,0,chengdu,aliyun_chengdu,deep_chengdu,9344,14,complete,GK2026D1,,
2026-08-23T20:29:38,reply,6a24d5cd000000003502b68d,6a24fc82000000002702e8ca,complete,endpoint_exhausted,0,0,0,chengdu,aliyun_chengdu,deep_chengdu,9344,14,complete,GK2026D1,,
2026-08-23T20:29:38,reply,6a24d5cd000000003502b68d,6a24fbd90000000027017915,complete,endpoint_exhausted,0,0,0,chengdu,aliyun_chengdu,deep_chengdu,9344,14,complete,GK2026D1,,
2026-08-23T20:29:54,reply,6a24d5cd000000003502b68d,6a24fb7f000000002800b826,complete,endpoint_exhausted,0,0,0,chengdu,aliyun_chengdu,deep_chengdu,9344,14,complete,GK2026D1,,
2026-08-23T20:29:54,reply,6a24d5cd000000003502b68d,6a24fae8000000002900da0e,complete,endpoint_exhausted,0,0,0,chengdu,aliyun_chengdu,deep_chengdu,9344,14,complete,GK2026D1,,
2026-08-23T20:29:54,reply,6a24d5cd000000003502b68d,6a24fa0800000000270147d9,complete,endpoint_exhausted,0,0,0,chengdu,aliyun_chengdu,deep_chengdu,9344,14,complete,GK2026D1,,
2026-08-23T20:29:54,reply,6a24d5cd000000003502b68d,6a24f97c000000002b001ac4,complete,endpoint_exhausted,0,0,0,chengdu,aliyun_chengdu,deep_chengdu,9344,14,complete,GK2026D1,,
2026-08-23T20:29:54,reply,6a24d5cd000000003502b68d,6a24f7050000000029011876,complete,endpoint_exhausted,0,0,0,chengdu,aliyun_chengdu,deep_chengdu,9344,14,complete,GK2026D1,,
2026-08-23T20:29:54,reply,6a24d5cd000000003502b68d,6a24f5ed0000000027021a05,complete,endpoint_exhausted,0,0,0,chengdu,aliyun_chengdu,deep_chengdu,9344,14,complete,GK2026D1,,
2026-08-23T20:29:54,reply,6a24d5cd000000003502b68d,6a24f54e000000002803aac4,complete,endpoint_exhausted,0,0,0,chengdu,aliyun_chengdu,deep_chengdu,9344,14,complete,GK2026D1,,
2026-08-23T20:29:54,reply,6a24d5cd000000003502b68d,6a24f50e000000002800a5fb,complete,endpoint_exhausted,0,0,0,chengdu,aliyun_chengdu,deep_chengdu,9344,14,complete,GK2026D1,,
2026-08-23T20:29:54,reply,6a24d5cd000000003502b68d,6a24f32a000000002b0033bb,complete,endpoint_exhausted,0,0,0,chengdu,aliyun_chengdu,deep_chengdu,9344,14,complete,GK2026D1,,
2026-08-23T20:29:54,reply,6a24d5cd000000003502b68d,6a24f2f1000000002800a50b,complete,endpoint_exhausted,0,0,0,chengdu,aliyun_chengdu,deep_chengdu,9344,14,complete,GK2026D1,,
2026-08-23T20:30:12,reply,6a24d5cd000000003502b68d,6a24f197000000002803d206,complete,endpoint_exhausted,0,0,0,chengdu,aliyun_chengdu,deep_chengdu,9344,14,complete,GK2026D1,,
2026-08-23T20:30:12,reply,6a24d5cd000000003502b68d,6a24ef43000000002a024bef,complete,endpoint_exhausted,0,0,0,chengdu,aliyun_chengdu,deep_chengdu,9344,14,complete,GK2026D1,,
2026-08-23T20:30:12,reply,6a24d5cd000000003502b68d,6a24eec1000000002803123e,complete,endpoint_exhausted,0,0,0,chengdu,aliyun_chengdu,deep_chengdu,9344,14,complete,GK2026D1,,
2026-08-23T20:30:12,reply,6a24d5cd000000003502b68d,6a24ee1100000000280328d2,complete,endpoint_exhausted,0,0,0,chengdu,aliyun_chengdu,deep_chengdu,9344,14,complete,GK2026D1,,
2026-08-23T20:30:12,reply,6a24d5cd000000003502b68d,6a24ecd8000000002803940d,complete,endpoint_exhausted,0,0,0,chengdu,aliyun_chengdu,deep_chengdu,9344,14,complete,GK2026D1,,
2026-08-23T20:30:12,reply,6a24d5cd000000003502b68d,6a24eb1a000000002702b4c3,complete,endpoint_exhausted,0,0,0,chengdu,aliyun_chengdu,deep_chengdu,9344,14,complete,GK2026D1,,
2026-08-23T20:30:12,reply,6a24d5cd000000003502b68d,6a24e84b0000000027021fc3,complete,endpoint_exhausted,0,0,0,chengdu,aliyun_chengdu,deep_chengdu,9344,14,complete,GK2026D1,,
2026-08-23T20:30:12,top_level,6a24d5cd000000003502b68d,,complete,endpoint_exhausted,111,1107,,chengdu,aliyun_chengdu,deep_chengdu,9344,14,complete,GK2026D1,True,
2026-08-23T20:51:05,reply,6a2444dd0000000022019c11,6a244a10000000002701f5f8,complete,endpoint_exhausted,0,0,0,chengdu,aliyun_chengdu,deep_chengdu,9344,15,complete,GK2026D1,,
2026-08-23T20:51:05,top_level,6a2444dd0000000022019c11,,complete,endpoint_exhausted,1,1,,chengdu,aliyun_chengdu,deep_chengdu,9344,15,complete,GK2026D1,True,
2026-08-23T21:01:58,reply,6a24febd000000003502e0f1,6a260516000000002a005368,complete,endpoint_exhausted,0,1,1,chengdu,aliyun_chengdu,deep_chengdu,9344,16,complete,GK2026D1,,
2026-08-23T21:02:15,reply,6a24febd000000003502e0f1,6a258edd000000002803a1ae,complete,endpoint_exhausted,1,3,3,chengdu,aliyun_chengdu,deep_chengdu,9344,16,complete,GK2026D1,,
2026-08-23T21:02:15,reply,6a24febd000000003502e0f1,6a2812cf00000000270287e4,complete,endpoint_exhausted,0,1,1,chengdu,aliyun_chengdu,deep_chengdu,9344,16,complete,GK2026D1,,
2026-08-23T21:02:15,reply,6a24febd000000003502e0f1,6a2e33fe000000002b000c97,complete,endpoint_exhausted,0,0,0,chengdu,aliyun_chengdu,deep_chengdu,9344,16,complete,GK2026D1,,
2026-08-23T21:02:15,reply,6a24febd000000003502e0f1,6a2573790000000028035c47,complete,endpoint_exhausted,0,0,0,chengdu,aliyun_chengdu,deep_chengdu,9344,16,complete,GK2026D1,,
2026-08-23T21:02:15,reply,6a24febd000000003502e0f1,6a254be00000000028008082,complete,endpoint_exhausted,0,0,0,chengdu,aliyun_chengdu,deep_chengdu,9344,16,complete,GK2026D1,,
2026-08-23T21:02:15,reply,6a24febd000000003502e0f1,6a269bb60000000029026583,complete,endpoint_exhausted,0,0,0,chengdu,aliyun_chengdu,deep_chengdu,9344,16,complete,GK2026D1,,
2026-08-23T21:02:15,reply,6a24febd000000003502e0f1,6a257304000000002901a74d,complete,endpoint_exhausted,0,0,0,chengdu,aliyun_chengdu,deep_chengdu,9344,16,complete,GK2026D1,,
2026-08-23T21:02:15,reply,6a24febd000000003502e0f1,6a26821b000000002701d8ac,complete,endpoint_exhausted,0,0,0,chengdu,aliyun_chengdu,deep_chengdu,9344,16,complete,GK2026D1,,
2026-08-23T21:02:15,reply,6a24febd000000003502e0f1,6a2565e7000000002a024202,complete,endpoint_exhausted,0,0,0,chengdu,aliyun_chengdu,deep_chengdu,9344,16,complete,GK2026D1,,
2026-08-23T21:02:32,reply,6a24febd000000003502e0f1,6a256d9700000000280089b6,complete,endpoint_exhausted,0,1,1,chengdu,aliyun_chengdu,deep_chengdu,9344,16,complete,GK2026D1,,
2026-08-23T21:02:32,reply,6a24febd000000003502e0f1,6a26c6bc000000002b002675,complete,endpoint_exhausted,0,0,0,chengdu,aliyun_chengdu,deep_chengdu,9344,16,complete,GK2026D1,,
2026-08-23T21:02:32,reply,6a24febd000000003502e0f1,6a252ea6000000002803bcda,complete,endpoint_exhausted,0,0,0,chengdu,aliyun_chengdu,deep_chengdu,9344,16,complete,GK2026D1,,
2026-08-23T21:02:32,reply,6a24febd000000003502e0f1,6a295094000000002702dfb8,complete,endpoint_exhausted,0,0,0,chengdu,aliyun_chengdu,deep_chengdu,9344,16,complete,GK2026D1,,
2026-08-23T21:02:32,reply,6a24febd000000003502e0f1,6a2b8035000000002803f8a4,complete,endpoint_exhausted,0,0,0,chengdu,aliyun_chengdu,deep_chengdu,9344,16,complete,GK2026D1,,
2026-08-23T21:02:32,reply,6a24febd000000003502e0f1,6a2805a7000000002702dde2,complete,endpoint_exhausted,0,0,0,chengdu,aliyun_chengdu,deep_chengdu,9344,16,complete,GK2026D1,,
2026-08-23T21:02:32,reply,6a24febd000000003502e0f1,6a2529980000000029035790,complete,endpoint_exhausted,0,0,0,chengdu,aliyun_chengdu,deep_chengdu,9344,16,complete,GK2026D1,,
2026-08-23T21:02:32,reply,6a24febd000000003502e0f1,6a29667100000000290183ed,complete,endpoint_exhausted,0,0,0,chengdu,aliyun_chengdu,deep_chengdu,9344,16,complete,GK2026D1,,
2026-08-23T21:02:32,top_level,6a24febd000000003502e0f1,,complete,endpoint_exhausted,2,18,,chengdu,aliyun_chengdu,deep_chengdu,9344,16,complete,GK2026D1,True,
2026-08-23T21:13:25,reply,6a23e5ba000000001503edec,6a2409240000000029011246,complete,endpoint_exhausted,0,1,1,chengdu,aliyun_chengdu,deep_chengdu,9344,17,complete,GK2026D1,,
2026-08-23T21:13:25,reply,6a23e5ba000000001503edec,6a23ebcf000000002701dab3,complete,endpoint_exhausted,0,1,1,chengdu,aliyun_chengdu,deep_chengdu,9344,17,complete,GK2026D1,,
2026-08-23T21:13:25,reply,6a23e5ba000000001503edec,6a23ebbe000000002800bfbd,complete,endpoint_exhausted,0,1,1,chengdu,aliyun_chengdu,deep_chengdu,9344,17,complete,GK2026D1,,
2026-08-23T21:13:25,reply,6a23e5ba000000001503edec,6a25088f0000000028035e6c,complete,endpoint_exhausted,0,0,0,chengdu,aliyun_chengdu,deep_chengdu,9344,17,complete,GK2026D1,,
2026-08-23T21:13:25,reply,6a23e5ba000000001503edec,6a23e616000000002803d2d0,complete,endpoint_exhausted,0,0,0,chengdu,aliyun_chengdu,deep_chengdu,9344,17,complete,GK2026D1,,
2026-08-23T21:13:25,reply,6a23e5ba000000001503edec,6a23e5d5000000002803c2fe,complete,endpoint_exhausted,0,0,0,chengdu,aliyun_chengdu,deep_chengdu,9344,17,complete,GK2026D1,,
2026-08-23T21:13:25,reply,6a23e5ba000000001503edec,6a25755a000000002803e8b9,complete,endpoint_exhausted,0,0,0,chengdu,aliyun_chengdu,deep_chengdu,9344,17,complete,GK2026D1,,
2026-08-23T21:13:25,reply,6a23e5ba000000001503edec,6a23ebd8000000002701dcc7,complete,endpoint_exhausted,0,1,1,chengdu,aliyun_chengdu,deep_chengdu,9344,17,complete,GK2026D1,,
2026-08-23T21:13:25,top_level,6a23e5ba000000001503edec,,complete,endpoint_exhausted,1,8,,chengdu,aliyun_chengdu,deep_chengdu,9344,17,complete,GK2026D1,True,
2026-08-23T21:24:18,reply,6a24cec2000000003502a290,6a24cf1d000000002702ce4e,complete,endpoint_exhausted,0,0,0,chengdu,aliyun_chengdu,deep_chengdu,9344,18,complete,GK2026D1,,
2026-08-23T21:24:18,top_level,6a24cec2000000003502a290,,complete,endpoint_exhausted,1,1,,chengdu,aliyun_chengdu,deep_chengdu,9344,18,complete,GK2026D1,True,
2026-08-23T22:05:12,top_level,6a24ca2b000000001503f683,,complete,endpoint_exhausted,1,0,,chengdu,aliyun_chengdu,deep_chengdu,9344,19,complete,GK2026D1,True,
2026-08-23T22:16:04,top_level,6a253c9c000000001702fb2d,,complete,endpoint_exhausted,1,0,,chengdu,aliyun_chengdu,deep_chengdu,9344,20,complete,GK2026D1,True,
2026-08-23T22:26:57,reply,6a23837f0000000015025907,6a23dcae000000002b025917,complete,endpoint_exhausted,0,0,0,chengdu,aliyun_chengdu,deep_chengdu,9344,21,complete,GK2026D1,,
2026-08-23T22:26:57,top_level,6a23837f0000000015025907,,complete,endpoint_exhausted,1,1,,chengdu,aliyun_chengdu,deep_chengdu,9344,21,complete,GK2026D1,True,
2026-08-23T22:37:50,top_level,6a26a1ab0000000035032ef8,,complete,endpoint_exhausted,1,0,,chengdu,aliyun_chengdu,deep_chengdu,9344,22,complete,GK2026D1,True,
2026-08-23T22:48:44,reply,6a23db37000000001602604f,6a247bc30000000028009c71,complete,endpoint_exhausted,0,0,0,chengdu,aliyun_chengdu,deep_chengdu,9344,23,complete,GK2026D1,,
2026-08-23T22:48:44,reply,6a23db37000000001602604f,6a23de98000000002803ad4f,complete,endpoint_exhausted,0,0,0,chengdu,aliyun_chengdu,deep_chengdu,9344,23,complete,GK2026D1,,
2026-08-23T22:48:44,reply,6a23db37000000001602604f,6a23de8e000000002803641f,complete,endpoint_exhausted,0,0,0,chengdu,aliyun_chengdu,deep_chengdu,9344,23,complete,GK2026D1,,
2026-08-23T22:48:44,reply,6a23db37000000001602604f,6a23de8d000000002b02bdaa,complete,endpoint_exhausted,0,0,0,chengdu,aliyun_chengdu,deep_chengdu,9344,23,complete,GK2026D1,,
2026-08-23T22:48:44,reply,6a23db37000000001602604f,6a23de23000000002702d6ac,complete,endpoint_exhausted,0,0,0,chengdu,aliyun_chengdu,deep_chengdu,9344,23,complete,GK2026D1,,
2026-08-23T22:48:44,top_level,6a23db37000000001602604f,,complete,endpoint_exhausted,1,5,,chengdu,aliyun_chengdu,deep_chengdu,9344,23,complete,GK2026D1,True,
2026-08-23T22:59:38,reply,6a24bac30000000036000b63,6a24c3f50000000028031ea8,complete,endpoint_exhausted,0,0,0,chengdu,aliyun_chengdu,deep_chengdu,9344,24,complete,GK2026D1,,
2026-08-23T22:59:38,top_level,6a24bac30000000036000b63,,complete,endpoint_exhausted,1,1,,chengdu,aliyun_chengdu,deep_chengdu,9344,24,complete,GK2026D1,True,
2026-08-23T23:53:33,reply,6a23a5e900000000220224b0,6a255e50000000002803e586,complete,endpoint_exhausted,0,1,1,chengdu,aliyun_chengdu,deep_chengdu,9344,25,complete,GK2026D1,,
2026-08-23T23:53:33,top_level,6a23a5e900000000220224b0,,complete,endpoint_exhausted,1,1,,chengdu,aliyun_chengdu,deep_chengdu,9344,25,complete,GK2026D1,True,
2026-08-24T00:04:43,reply,6a254bab000000003502162e,6a2647d0000000002a0326b0,complete,endpoint_exhausted,1,3,3,chengdu,aliyun_chengdu,deep_chengdu,9344,26,complete,GK2026D1,,
2026-08-24T00:04:43,reply,6a254bab000000003502162e,6a265e10000000002902ddc1,complete,endpoint_exhausted,0,0,0,chengdu,aliyun_chengdu,deep_chengdu,9344,26,complete,GK2026D1,,
2026-08-24T00:04:43,reply,6a254bab000000003502162e,6a263cad00000000270225ca,complete,endpoint_exhausted,0,0,0,chengdu,aliyun_chengdu,deep_chengdu,9344,26,complete,GK2026D1,,
2026-08-24T00:04:43,reply,6a254bab000000003502162e,6a28c9e600000000290103a0,complete,endpoint_exhausted,0,0,0,chengdu,aliyun_chengdu,deep_chengdu,9344,26,complete,GK2026D1,,
2026-08-24T00:04:43,reply,6a254bab000000003502162e,6a279368000000002a006e94,complete,endpoint_exhausted,0,0,0,chengdu,aliyun_chengdu,deep_chengdu,9344,26,complete,GK2026D1,,
2026-08-24T00:04:43,reply,6a254bab000000003502162e,6a2727040000000027017734,complete,endpoint_exhausted,0,0,0,chengdu,aliyun_chengdu,deep_chengdu,9344,26,complete,GK2026D1,,
2026-08-24T00:04:43,reply,6a254bab000000003502162e,6a2656fd000000002900c873,complete,endpoint_exhausted,0,0,0,chengdu,aliyun_chengdu,deep_chengdu,9344,26,complete,GK2026D1,,
2026-08-24T00:04:43,reply,6a254bab000000003502162e,6a267b5f000000002803765c,complete,endpoint_exhausted,0,0,0,chengdu,aliyun_chengdu,deep_chengdu,9344,26,complete,GK2026D1,,
2026-08-24T00:04:43,reply,6a254bab000000003502162e,6a2ce1ca000000002902ecc4,complete,endpoint_exhausted,0,0,0,chengdu,aliyun_chengdu,deep_chengdu,9344,26,complete,GK2026D1,,
2026-08-24T00:04:43,reply,6a254bab000000003502162e,6a265eb30000000028038e87,complete,endpoint_exhausted,0,0,0,chengdu,aliyun_chengdu,deep_chengdu,9344,26,complete,GK2026D1,,
2026-08-24T00:05:00,reply,6a254bab000000003502162e,6a2a1d7b0000000027016c5d,complete,endpoint_exhausted,0,0,0,chengdu,aliyun_chengdu,deep_chengdu,9344,26,complete,GK2026D1,,
2026-08-24T00:05:00,reply,6a254bab000000003502162e,6a27b4140000000029011f74,complete,endpoint_exhausted,0,0,0,chengdu,aliyun_chengdu,deep_chengdu,9344,26,complete,GK2026D1,,
2026-08-24T00:05:00,reply,6a254bab000000003502162e,6a2768370000000028039e27,complete,endpoint_exhausted,0,0,0,chengdu,aliyun_chengdu,deep_chengdu,9344,26,complete,GK2026D1,,
2026-08-24T00:05:00,reply,6a254bab000000003502162e,6a26b76e000000002803407c,complete,endpoint_exhausted,0,0,0,chengdu,aliyun_chengdu,deep_chengdu,9344,26,complete,GK2026D1,,
2026-08-24T00:05:00,top_level,6a254bab000000003502162e,,complete,endpoint_exhausted,2,14,,chengdu,aliyun_chengdu,deep_chengdu,9344,26,complete,GK2026D1,True,
2026-08-24T00:15:53,top_level,6a24d0d3000000001702eaf7,,complete,endpoint_exhausted,1,0,,chengdu,aliyun_chengdu,deep_chengdu,9344,27,complete,GK2026D1,True,
2026-08-24T00:26:46,top_level,6a2427c200000000350243da,,complete,endpoint_exhausted,1,0,,chengdu,aliyun_chengdu,deep_chengdu,9344,28,complete,GK2026D1,True,
2026-08-24T00:37:39,reply,6a23d42000000000350241c3,6a256efe000000002900da01,complete,endpoint_exhausted,0,0,0,chengdu,aliyun_chengdu,deep_chengdu,9344,29,complete,GK2026D1,,
2026-08-24T00:37:39,reply,6a23d42000000000350241c3,6a24de3c0000000028034fd8,complete,endpoint_exhausted,0,0,0,chengdu,aliyun_chengdu,deep_chengdu,9344,29,complete,GK2026D1,,
2026-08-24T00:37:39,reply,6a23d42000000000350241c3,6a23d7c5000000002b02423e,complete,endpoint_exhausted,0,0,0,chengdu,aliyun_chengdu,deep_chengdu,9344,29,complete,GK2026D1,,
2026-08-24T00:37:39,reply,6a23d42000000000350241c3,6a24b628000000002803b364,complete,endpoint_exhausted,0,0,0,chengdu,aliyun_chengdu,deep_chengdu,9344,29,complete,GK2026D1,,
2026-08-24T00:37:39,reply,6a23d42000000000350241c3,6a2ac97c000000002903602e,complete,endpoint_exhausted,0,0,0,chengdu,aliyun_chengdu,deep_chengdu,9344,29,complete,GK2026D1,,
2026-08-24T00:37:39,reply,6a23d42000000000350241c3,6a24373a0000000029011db2,complete,endpoint_exhausted,0,0,0,chengdu,aliyun_chengdu,deep_chengdu,9344,29,complete,GK2026D1,,
2026-08-24T00:37:39,reply,6a23d42000000000350241c3,6a23d48d0000000029019d49,complete,endpoint_exhausted,0,0,0,chengdu,aliyun_chengdu,deep_chengdu,9344,29,complete,GK2026D1,,
2026-08-24T00:37:39,reply,6a23d42000000000350241c3,6a23d4fa000000002701ead4,complete,endpoint_exhausted,0,0,0,chengdu,aliyun_chengdu,deep_chengdu,9344,29,complete,GK2026D1,,
2026-08-24T00:37:39,reply,6a23d42000000000350241c3,6a23d49a000000002a007b6f,complete,endpoint_exhausted,0,0,0,chengdu,aliyun_chengdu,deep_chengdu,9344,29,complete,GK2026D1,,
2026-08-24T00:37:39,reply,6a23d42000000000350241c3,6a24220e000000002b027536,complete,endpoint_exhausted,0,0,0,chengdu,aliyun_chengdu,deep_chengdu,9344,29,complete,GK2026D1,,
2026-08-24T00:37:56,reply,6a23d42000000000350241c3,6a242f160000000029018374,complete,endpoint_exhausted,0,0,0,chengdu,aliyun_chengdu,deep_chengdu,9344,29,complete,GK2026D1,,
2026-08-24T00:37:56,reply,6a23d42000000000350241c3,6a2583920000000028036c42,complete,endpoint_exhausted,0,0,0,chengdu,aliyun_chengdu,deep_chengdu,9344,29,complete,GK2026D1,,
2026-08-24T00:37:56,reply,6a23d42000000000350241c3,6a2434ae0000000027016bd6,complete,endpoint_exhausted,0,0,0,chengdu,aliyun_chengdu,deep_chengdu,9344,29,complete,GK2026D1,,
2026-08-24T00:37:56,top_level,6a23d42000000000350241c3,,complete,endpoint_exhausted,2,13,,chengdu,aliyun_chengdu,deep_chengdu,9344,29,complete,GK2026D1,True,
2026-08-24T00:49:05,reply,6a24c146000000001503d91a,6a2597ec000000002803bbbf,complete,endpoint_exhausted,1,3,3,chengdu,aliyun_chengdu,deep_chengdu,9344,30,complete,GK2026D1,,
2026-08-24T00:49:22,reply,6a24c146000000001503d91a,6a264a5a0000000027020037,complete,endpoint_exhausted,1,2,2,chengdu,aliyun_chengdu,deep_chengdu,9344,30,complete,GK2026D1,,
2026-08-24T00:49:39,reply,6a24c146000000001503d91a,6a275122000000002902e8b0,complete,endpoint_exhausted,1,3,3,chengdu,aliyun_chengdu,deep_chengdu,9344,30,complete,GK2026D1,,
2026-08-24T00:49:39,reply,6a24c146000000001503d91a,6a26a99e0000000029036897,complete,endpoint_exhausted,0,1,1,chengdu,aliyun_chengdu,deep_chengdu,9344,30,complete,GK2026D1,,
2026-08-24T00:49:39,reply,6a24c146000000001503d91a,6a28ff0b0000000029027a04,complete,endpoint_exhausted,0,0,0,chengdu,aliyun_chengdu,deep_chengdu,9344,30,complete,GK2026D1,,
2026-08-24T00:49:39,reply,6a24c146000000001503d91a,6a256063000000002a02f70c,complete,endpoint_exhausted,0,0,0,chengdu,aliyun_chengdu,deep_chengdu,9344,30,complete,GK2026D1,,
2026-08-24T00:49:39,reply,6a24c146000000001503d91a,6a283d0d000000002702eed5,complete,endpoint_exhausted,0,0,0,chengdu,aliyun_chengdu,deep_chengdu,9344,30,complete,GK2026D1,,
2026-08-24T00:49:39,top_level,6a24c146000000001503d91a,,complete,endpoint_exhausted,1,7,,chengdu,aliyun_chengdu,deep_chengdu,9344,30,complete,GK2026D1,True,
2026-08-24T01:30:33,top_level,6a24c6be000000002200b688,,complete,endpoint_exhausted,1,0,,chengdu,aliyun_chengdu,deep_chengdu,9344,31,complete,GK2026D1,True,
2026-08-24T01:41:26,top_level,6a2406be0000000015026655,,complete,endpoint_exhausted,1,0,,chengdu,aliyun_chengdu,deep_chengdu,9344,32,complete,GK2026D1,True,
2026-08-24T01:52:18,reply,6a26d6290000000016027de4,6a73f5a80000000023003eb8,complete,endpoint_exhausted,0,1,1,chengdu,aliyun_chengdu,deep_chengdu,9344,33,complete,GK2026D1,,
2026-08-24T01:52:18,reply,6a26d6290000000016027de4,6a783274000000001400719d,complete,endpoint_exhausted,0,0,0,chengdu,aliyun_chengdu,deep_chengdu,9344,33,complete,GK2026D1,,
2026-08-24T01:52:18,top_level,6a26d6290000000016027de4,,complete,endpoint_exhausted,1,2,,chengdu,aliyun_chengdu,deep_chengdu,9344,33,complete,GK2026D1,True,
2026-08-24T02:03:11,reply,6a258d42000000002101bc31,6a2fef370000000028035095,complete,endpoint_exhausted,0,0,0,chengdu,aliyun_chengdu,deep_chengdu,9344,34,complete,GK2026D1,,
2026-08-24T02:03:11,top_level,6a258d42000000002101bc31,,complete,endpoint_exhausted,1,1,,chengdu,aliyun_chengdu,deep_chengdu,9344,34,complete,GK2026D1,True,
2026-08-24T02:14:03,reply,6a262a51000000002202fe49,6a2e189e00000000280397eb,complete,endpoint_exhausted,0,1,1,chengdu,aliyun_chengdu,deep_chengdu,9344,35,complete,GK2026D1,,
2026-08-24T02:14:03,reply,6a262a51000000002202fe49,6a276b17000000002702f329,complete,endpoint_exhausted,0,0,0,chengdu,aliyun_chengdu,deep_chengdu,9344,35,complete,GK2026D1,,
2026-08-24T02:14:03,reply,6a262a51000000002202fe49,6a264ab2000000002a032742,complete,endpoint_exhausted,0,0,0,chengdu,aliyun_chengdu,deep_chengdu,9344,35,complete,GK2026D1,,
2026-08-24T02:14:03,reply,6a262a51000000002202fe49,6a2ea35b000000002702a969,complete,endpoint_exhausted,0,0,0,chengdu,aliyun_chengdu,deep_chengdu,9344,35,complete,GK2026D1,,
2026-08-24T02:14:03,reply,6a262a51000000002202fe49,6a264977000000002800afaf,complete,endpoint_exhausted,0,0,0,chengdu,aliyun_chengdu,deep_chengdu,9344,35,complete,GK2026D1,,
2026-08-24T02:14:03,reply,6a262a51000000002202fe49,6a475057000000002901a292,complete,endpoint_exhausted,0,0,0,chengdu,aliyun_chengdu,deep_chengdu,9344,35,complete,GK2026D1,,
2026-08-24T02:14:03,reply,6a262a51000000002202fe49,6a2fded3000000002900c9c5,complete,endpoint_exhausted,0,0,0,chengdu,aliyun_chengdu,deep_chengdu,9344,35,complete,GK2026D1,,
2026-08-24T02:14:03,reply,6a262a51000000002202fe49,6a2ea38400000000270146e2,complete,endpoint_exhausted,0,0,0,chengdu,aliyun_chengdu,deep_chengdu,9344,35,complete,GK2026D1,,
2026-08-24T02:14:03,reply,6a262a51000000002202fe49,6a26bcd9000000002803796e,complete,endpoint_exhausted,0,0,0,chengdu,aliyun_chengdu,deep_chengdu,9344,35,complete,GK2026D1,,
2026-08-24T02:14:03,reply,6a262a51000000002202fe49,6a28dde8000000002901387f,complete,endpoint_exhausted,0,0,0,chengdu,aliyun_chengdu,deep_chengdu,9344,35,complete,GK2026D1,,
2026-08-24T02:15:11,reply,6a262a51000000002202fe49,6a26bca1000000002701529b,complete,endpoint_exhausted,3,13,13,chengdu,aliyun_chengdu,deep_chengdu,9344,35,complete,GK2026D1,,
2026-08-24T02:15:44,reply,6a262a51000000002202fe49,6a2636ba0000000028036100,complete,endpoint_exhausted,2,9,9,chengdu,aliyun_chengdu,deep_chengdu,9344,35,complete,GK2026D1,,
2026-08-24T02:16:17,reply,6a262a51000000002202fe49,6a279d070000000027028a60,complete,endpoint_exhausted,2,8,8,chengdu,aliyun_chengdu,deep_chengdu,9344,35,complete,GK2026D1,,
2026-08-24T02:16:17,reply,6a262a51000000002202fe49,6a2938fb000000002a03015a,complete,endpoint_exhausted,0,0,0,chengdu,aliyun_chengdu,deep_chengdu,9344,35,complete,GK2026D1,,
2026-08-24T02:16:17,reply,6a262a51000000002202fe49,6a290716000000002702d432,complete,endpoint_exhausted,0,0,0,chengdu,aliyun_chengdu,deep_chengdu,9344,35,complete,GK2026D1,,
2026-08-24T02:16:17,top_level,6a262a51000000002202fe49,,complete,endpoint_exhausted,2,15,,chengdu,aliyun_chengdu,deep_chengdu,9344,35,complete,GK2026D1,True,
2026-08-24T02:27:10,top_level,6a249b73000000001603cf0c,,complete,endpoint_exhausted,1,0,,chengdu,aliyun_chengdu,deep_chengdu,9344,36,complete,GK2026D1,True,
2026-08-24T03:08:03,reply,6a2527a2000000000702e444,6a27677100000000270211d8,complete,endpoint_exhausted,0,0,0,chengdu,aliyun_chengdu,deep_chengdu,9344,37,complete,GK2026D1,,
2026-08-24T03:08:03,reply,6a2527a2000000000702e444,6a280955000000002701787c,complete,endpoint_exhausted,0,0,0,chengdu,aliyun_chengdu,deep_chengdu,9344,37,complete,GK2026D1,,
2026-08-24T03:08:03,top_level,6a2527a2000000000702e444,,complete,endpoint_exhausted,1,2,,chengdu,aliyun_chengdu,deep_chengdu,9344,37,complete,GK2026D1,True,
2026-08-24T03:18:55,top_level,6a24c5f9000000002101a335,,complete,endpoint_exhausted,1,0,,chengdu,aliyun_chengdu,deep_chengdu,9344,38,complete,GK2026D1,True,
2026-08-24T03:30:04,reply,6a24d9a90000000015025cfe,6a252ecd0000000027015ac4,complete,endpoint_exhausted,1,3,3,chengdu,aliyun_chengdu,deep_chengdu,9344,39,complete,GK2026D1,,
2026-08-24T03:30:21,reply,6a24d9a90000000015025cfe,6a2548da000000002701e71d,complete,endpoint_exhausted,1,3,3,chengdu,aliyun_chengdu,deep_chengdu,9344,39,complete,GK2026D1,,
2026-08-24T03:30:21,reply,6a24d9a90000000015025cfe,6a24fbec000000002a03250f,complete,endpoint_exhausted,0,1,1,chengdu,aliyun_chengdu,deep_chengdu,9344,39,complete,GK2026D1,,
2026-08-24T03:30:37,reply,6a24d9a90000000015025cfe,6a24f570000000002b0240e8,complete,endpoint_exhausted,1,6,6,chengdu,aliyun_chengdu,deep_chengdu,9344,39,complete,GK2026D1,,
2026-08-24T03:30:54,reply,6a24d9a90000000015025cfe,6a2581eb000000002701d4ac,complete,endpoint_exhausted,1,3,3,chengdu,aliyun_chengdu,deep_chengdu,9344,39,complete,GK2026D1,,
2026-08-24T03:31:11,reply,6a24d9a90000000015025cfe,6a24e29d000000002a032df4,complete,endpoint_exhausted,1,3,3,chengdu,aliyun_chengdu,deep_chengdu,9344,39,complete,GK2026D1,,
2026-08-24T03:31:11,reply,6a24d9a90000000015025cfe,6a24f7f9000000002803946f,complete,endpoint_exhausted,0,1,1,chengdu,aliyun_chengdu,deep_chengdu,9344,39,complete,GK2026D1,,
2026-08-24T03:31:11,reply,6a24d9a90000000015025cfe,6a25103f00000000290113fb,complete,endpoint_exhausted,0,1,1,chengdu,aliyun_chengdu,deep_chengdu,9344,39,complete,GK2026D1,,
2026-08-24T03:31:11,reply,6a24d9a90000000015025cfe,6a24f62b000000002a0250ed,complete,endpoint_exhausted,0,1,1,chengdu,aliyun_chengdu,deep_chengdu,9344,39,complete,GK2026D1,,
2026-08-24T03:31:27,reply,6a24d9a90000000015025cfe,6a2584780000000027028e09,complete,endpoint_exhausted,1,2,2,chengdu,aliyun_chengdu,deep_chengdu,9344,39,complete,GK2026D1,,
2026-08-24T03:31:44,reply,6a24d9a90000000015025cfe,6a292c500000000028030140,complete,endpoint_exhausted,0,0,0,chengdu,aliyun_chengdu,deep_chengdu,9344,39,complete,GK2026D1,,
2026-08-24T03:31:44,reply,6a24d9a90000000015025cfe,6a27b68d000000002900c8b5,complete,endpoint_exhausted,0,0,0,chengdu,aliyun_chengdu,deep_chengdu,9344,39,complete,GK2026D1,,
2026-08-24T03:31:44,reply,6a24d9a90000000015025cfe,6a267f6c0000000027023055,complete,endpoint_exhausted,0,0,0,chengdu,aliyun_chengdu,deep_chengdu,9344,39,complete,GK2026D1,,
2026-08-24T03:31:44,reply,6a24d9a90000000015025cfe,6a267d030000000029035ad2,complete,endpoint_exhausted,0,1,1,chengdu,aliyun_chengdu,deep_chengdu,9344,39,complete,GK2026D1,,
2026-08-24T03:31:44,reply,6a24d9a90000000015025cfe,6a267277000000002a032c88,complete,endpoint_exhausted,0,0,0,chengdu,aliyun_chengdu,deep_chengdu,9344,39,complete,GK2026D1,,
2026-08-24T03:31:44,reply,6a24d9a90000000015025cfe,6a2657ef00000000280351cf,complete,endpoint_exhausted,0,0,0,chengdu,aliyun_chengdu,deep_chengdu,9344,39,complete,GK2026D1,,
2026-08-24T03:31:44,reply,6a24d9a90000000015025cfe,6a2657c20000000029011cd6,complete,endpoint_exhausted,0,0,0,chengdu,aliyun_chengdu,deep_chengdu,9344,39,complete,GK2026D1,,
2026-08-24T03:31:44,reply,6a24d9a90000000015025cfe,6a2656cd0000000029012ef1,complete,endpoint_exhausted,0,0,0,chengdu,aliyun_chengdu,deep_chengdu,9344,39,complete,GK2026D1,,
2026-08-24T03:31:44,reply,6a24d9a90000000015025cfe,6a265166000000002b00219a,complete,endpoint_exhausted,0,0,0,chengdu,aliyun_chengdu,deep_chengdu,9344,39,complete,GK2026D1,,
2026-08-24T03:31:44,reply,6a24d9a90000000015025cfe,6a265125000000002701ffde,complete,endpoint_exhausted,0,1,1,chengdu,aliyun_chengdu,deep_chengdu,9344,39,complete,GK2026D1,,
2026-08-24T03:32:01,reply,6a24d9a90000000015025cfe,6a264f36000000002800ab51,complete,endpoint_exhausted,0,1,1,chengdu,aliyun_chengdu,deep_chengdu,9344,39,complete,GK2026D1,,
2026-08-24T03:32:17,reply,6a24d9a90000000015025cfe,6a264eaa00000000280395af,complete,endpoint_exhausted,1,2,2,chengdu,aliyun_chengdu,deep_chengdu,9344,39,complete,GK2026D1,,
2026-08-24T03:32:34,reply,6a24d9a90000000015025cfe,6a264dcb000000002702e23a,complete,endpoint_exhausted,1,2,2,chengdu,aliyun_chengdu,deep_chengdu,9344,39,complete,GK2026D1,,
2026-08-24T03:32:34,reply,6a24d9a90000000015025cfe,6a264d9f000000002702d9bf,complete,endpoint_exhausted,0,1,1,chengdu,aliyun_chengdu,deep_chengdu,9344,39,complete,GK2026D1,,
2026-08-24T03:32:34,reply,6a24d9a90000000015025cfe,6a264d14000000002901149f,complete,endpoint_exhausted,0,1,1,chengdu,aliyun_chengdu,deep_chengdu,9344,39,complete,GK2026D1,,
2026-08-24T03:32:34,reply,6a24d9a90000000015025cfe,6a26236c0000000028039e0d,complete,endpoint_exhausted,0,0,0,chengdu,aliyun_chengdu,deep_chengdu,9344,39,complete,GK2026D1,,
2026-08-24T03:32:34,reply,6a24d9a90000000015025cfe,6a260eae00000000280315ce,complete,endpoint_exhausted,0,0,0,chengdu,aliyun_chengdu,deep_chengdu,9344,39,complete,GK2026D1,,
2026-08-24T03:32:34,reply,6a24d9a90000000015025cfe,6a25953e000000002800a9a9,complete,endpoint_exhausted,0,0,0,chengdu,aliyun_chengdu,deep_chengdu,9344,39,complete,GK2026D1,,
2026-08-24T03:32:34,reply,6a24d9a90000000015025cfe,6a2586b0000000002902fdc5,complete,endpoint_exhausted,0,0,0,chengdu,aliyun_chengdu,deep_chengdu,9344,39,complete,GK2026D1,,
2026-08-24T03:32:34,reply,6a24d9a90000000015025cfe,6a25837d00000000270295ef,complete,endpoint_exhausted,0,1,1,chengdu,aliyun_chengdu,deep_chengdu,9344,39,complete,GK2026D1,,
2026-08-24T03:32:50,reply,6a24d9a90000000015025cfe,6a2582eb000000002803c190,complete,endpoint_exhausted,0,0,0,chengdu,aliyun_chengdu,deep_chengdu,9344,39,complete,GK2026D1,,
2026-08-24T03:33:07,reply,6a24d9a90000000015025cfe,6a2582860000000027016502,complete,endpoint_exhausted,1,2,2,chengdu,aliyun_chengdu,deep_chengdu,9344,39,complete,GK2026D1,,
2026-08-24T03:33:07,reply,6a24d9a90000000015025cfe,6a25822d0000000029036da1,complete,endpoint_exhausted,0,1,1,chengdu,aliyun_chengdu,deep_chengdu,9344,39,complete,GK2026D1,,
2026-08-24T03:33:07,reply,6a24d9a90000000015025cfe,6a25816b000000002702e37c,complete,endpoint_exhausted,0,0,0,chengdu,aliyun_chengdu,deep_chengdu,9344,39,complete,GK2026D1,,
2026-08-24T03:33:07,reply,6a24d9a90000000015025cfe,6a258117000000002b002730,complete,endpoint_exhausted,0,0,0,chengdu,aliyun_chengdu,deep_chengdu,9344,39,complete,GK2026D1,,
2026-08-24T03:33:07,reply,6a24d9a90000000015025cfe,6a258024000000002a007c9c,complete,endpoint_exhausted,0,1,1,chengdu,aliyun_chengdu,deep_chengdu,9344,39,complete,GK2026D1,,
2026-08-24T03:33:07,reply,6a24d9a90000000015025cfe,6a257eae00000000270208d8,complete,endpoint_exhausted,0,0,0,chengdu,aliyun_chengdu,deep_chengdu,9344,39,complete,GK2026D1,,
2026-08-24T03:33:07,reply,6a24d9a90000000015025cfe,6a257e49000000002a02fea9,complete,endpoint_exhausted,0,0,0,chengdu,aliyun_chengdu,deep_chengdu,9344,39,complete,GK2026D1,,
2026-08-24T03:33:07,reply,6a24d9a90000000015025cfe,6a257df3000000002a0264ee,complete,endpoint_exhausted,0,0,0,chengdu,aliyun_chengdu,deep_chengdu,9344,39,complete,GK2026D1,,
2026-08-24T03:33:24,reply,6a24d9a90000000015025cfe,6a257d250000000028038b4b,complete,endpoint_exhausted,1,2,2,chengdu,aliyun_chengdu,deep_chengdu,9344,39,complete,GK2026D1,,
2026-08-24T03:33:57,reply,6a24d9a90000000015025cfe,6a257cfe000000002702c41c,complete,endpoint_exhausted,1,2,2,chengdu,aliyun_chengdu,deep_chengdu,9344,39,complete,GK2026D1,,
2026-08-24T03:33:57,reply,6a24d9a90000000015025cfe,6a257c860000000027029808,complete,endpoint_exhausted,0,1,1,chengdu,aliyun_chengdu,deep_chengdu,9344,39,complete,GK2026D1,,
2026-08-24T03:34:13,reply,6a24d9a90000000015025cfe,6a257c76000000002702349d,complete,endpoint_exhausted,1,2,2,chengdu,aliyun_chengdu,deep_chengdu,9344,39,complete,GK2026D1,,
2026-08-24T03:34:30,reply,6a24d9a90000000015025cfe,6a257c11000000002a02d2d1,complete,endpoint_exhausted,1,2,2,chengdu,aliyun_chengdu,deep_chengdu,9344,39,complete,GK2026D1,,
2026-08-24T03:34:30,reply,6a24d9a90000000015025cfe,6a257b3000000000290346df,complete,endpoint_exhausted,0,1,1,chengdu,aliyun_chengdu,deep_chengdu,9344,39,complete,GK2026D1,,
2026-08-24T03:34:30,reply,6a24d9a90000000015025cfe,6a257a1a000000002a03351c,complete,endpoint_exhausted,0,0,0,chengdu,aliyun_chengdu,deep_chengdu,9344,39,complete,GK2026D1,,
2026-08-24T03:34:30,reply,6a24d9a90000000015025cfe,6a255560000000002a033229,complete,endpoint_exhausted,0,0,0,chengdu,aliyun_chengdu,deep_chengdu,9344,39,complete,GK2026D1,,
2026-08-24T03:34:30,reply,6a24d9a90000000015025cfe,6a25498700000000280335de,complete,endpoint_exhausted,0,0,0,chengdu,aliyun_chengdu,deep_chengdu,9344,39,complete,GK2026D1,,
2026-08-24T03:34:30,reply,6a24d9a90000000015025cfe,6a253682000000002a02cbe5,complete,endpoint_exhausted,0,0,0,chengdu,aliyun_chengdu,deep_chengdu,9344,39,complete,GK2026D1,,
2026-08-24T03:34:47,reply,6a24d9a90000000015025cfe,6a2530440000000027021ff5,complete,endpoint_exhausted,1,3,3,chengdu,aliyun_chengdu,deep_chengdu,9344,39,complete,GK2026D1,,
2026-08-24T03:35:03,reply,6a24d9a90000000015025cfe,6a25300c000000002903584b,complete,endpoint_exhausted,0,0,0,chengdu,aliyun_chengdu,deep_chengdu,9344,39,complete,GK2026D1,,
2026-08-24T03:35:20,reply,6a24d9a90000000015025cfe,6a252ff4000000002b026b18,complete,endpoint_exhausted,1,2,2,chengdu,aliyun_chengdu,deep_chengdu,9344,39,complete,GK2026D1,,
2026-08-24T03:35:20,reply,6a24d9a90000000015025cfe,6a252ff30000000027020c3b,complete,endpoint_exhausted,0,1,1,chengdu,aliyun_chengdu,deep_chengdu,9344,39,complete,GK2026D1,,
2026-08-24T03:35:20,reply,6a24d9a90000000015025cfe,6a252ea1000000002900fba8,complete,endpoint_exhausted,0,1,1,chengdu,aliyun_chengdu,deep_chengdu,9344,39,complete,GK2026D1,,
2026-08-24T03:35:20,reply,6a24d9a90000000015025cfe,6a2525f2000000002803ddfc,complete,endpoint_exhausted,0,0,0,chengdu,aliyun_chengdu,deep_chengdu,9344,39,complete,GK2026D1,,
2026-08-24T03:35:36,reply,6a24d9a90000000015025cfe,6a25212b0000000029012958,complete,endpoint_exhausted,1,2,2,chengdu,aliyun_chengdu,deep_chengdu,9344,39,complete,GK2026D1,,
2026-08-24T03:35:36,reply,6a24d9a90000000015025cfe,6a250ff30000000029010419,complete,endpoint_exhausted,0,1,1,chengdu,aliyun_chengdu,deep_chengdu,9344,39,complete,GK2026D1,,
2026-08-24T03:35:36,reply,6a24d9a90000000015025cfe,6a25067f000000002702e816,complete,endpoint_exhausted,0,1,1,chengdu,aliyun_chengdu,deep_chengdu,9344,39,complete,GK2026D1,,
2026-08-24T03:35:36,reply,6a24d9a90000000015025cfe,6a250602000000002803cdcd,complete,endpoint_exhausted,0,0,0,chengdu,aliyun_chengdu,deep_chengdu,9344,39,complete,GK2026D1,,
2026-08-24T03:35:36,reply,6a24d9a90000000015025cfe,6a24fa8600000000290340fb,complete,endpoint_exhausted,0,1,1,chengdu,aliyun_chengdu,deep_chengdu,9344,39,complete,GK2026D1,,
2026-08-24T03:35:53,reply,6a24d9a90000000015025cfe,6a24fa22000000002a0249d4,complete,endpoint_exhausted,0,0,0,chengdu,aliyun_chengdu,deep_chengdu,9344,39,complete,GK2026D1,,
2026-08-24T03:36:10,reply,6a24d9a90000000015025cfe,6a24fa1e000000002701f9ae,complete,endpoint_exhausted,1,2,2,chengdu,aliyun_chengdu,deep_chengdu,9344,39,complete,GK2026D1,,
2026-08-24T03:36:10,reply,6a24d9a90000000015025cfe,6a24f9dd000000002702c022,complete,endpoint_exhausted,0,1,1,chengdu,aliyun_chengdu,deep_chengdu,9344,39,complete,GK2026D1,,
2026-08-24T03:36:10,reply,6a24d9a90000000015025cfe,6a24f98a000000002701d72b,complete,endpoint_exhausted,0,0,0,chengdu,aliyun_chengdu,deep_chengdu,9344,39,complete,GK2026D1,,
2026-08-24T03:36:10,reply,6a24d9a90000000015025cfe,6a24f8ad0000000028030b26,complete,endpoint_exhausted,0,1,1,chengdu,aliyun_chengdu,deep_chengdu,9344,39,complete,GK2026D1,,
2026-08-24T03:36:26,reply,6a24d9a90000000015025cfe,6a24f81c000000002a006d97,complete,endpoint_exhausted,1,2,2,chengdu,aliyun_chengdu,deep_chengdu,9344,39,complete,GK2026D1,,
2026-08-24T03:36:26,reply,6a24d9a90000000015025cfe,6a24f80b00000000290262ef,complete,endpoint_exhausted,0,0,0,chengdu,aliyun_chengdu,deep_chengdu,9344,39,complete,GK2026D1,,
2026-08-24T03:36:26,reply,6a24d9a90000000015025cfe,6a24f67600000000270239fa,complete,endpoint_exhausted,0,0,0,chengdu,aliyun_chengdu,deep_chengdu,9344,39,complete,GK2026D1,,
2026-08-24T03:36:43,reply,6a24d9a90000000015025cfe,6a24f61d000000002900e88f,complete,endpoint_exhausted,1,2,2,chengdu,aliyun_chengdu,deep_chengdu,9344,39,complete,GK2026D1,,
2026-08-24T03:36:43,reply,6a24d9a90000000015025cfe,6a24f5fe000000002a030a5d,complete,endpoint_exhausted,0,0,0,chengdu,aliyun_chengdu,deep_chengdu,9344,39,complete,GK2026D1,,
2026-08-24T03:37:00,reply,6a24d9a90000000015025cfe,6a24f5e70000000029027715,complete,endpoint_exhausted,0,1,1,chengdu,aliyun_chengdu,deep_chengdu,9344,39,complete,GK2026D1,,
2026-08-24T03:37:17,reply,6a24d9a90000000015025cfe,6a24f532000000002702a574,complete,endpoint_exhausted,1,2,2,chengdu,aliyun_chengdu,deep_chengdu,9344,39,complete,GK2026D1,,
2026-08-24T03:37:17,reply,6a24d9a90000000015025cfe,6a24f52d000000002a026517,complete,endpoint_exhausted,0,0,0,chengdu,aliyun_chengdu,deep_chengdu,9344,39,complete,GK2026D1,,
2026-08-24T03:37:17,reply,6a24d9a90000000015025cfe,6a24f2ae000000002902d116,complete,endpoint_exhausted,0,1,1,chengdu,aliyun_chengdu,deep_chengdu,9344,39,complete,GK2026D1,,
2026-08-24T03:37:17,reply,6a24d9a90000000015025cfe,6a24f258000000002701d963,complete,endpoint_exhausted,0,0,0,chengdu,aliyun_chengdu,deep_chengdu,9344,39,complete,GK2026D1,,
2026-08-24T03:37:17,reply,6a24d9a90000000015025cfe,6a24e653000000002a0310e6,complete,endpoint_exhausted,0,1,1,chengdu,aliyun_chengdu,deep_chengdu,9344,39,complete,GK2026D1,,
2026-08-24T03:37:17,reply,6a24d9a90000000015025cfe,6a24e38f0000000028035220,complete,endpoint_exhausted,0,0,0,chengdu,aliyun_chengdu,deep_chengdu,9344,39,complete,GK2026D1,,
2026-08-24T03:37:17,reply,6a24d9a90000000015025cfe,6a24e35e000000002803c1b9,complete,endpoint_exhausted,0,1,1,chengdu,aliyun_chengdu,deep_chengdu,9344,39,complete,GK2026D1,,
2026-08-24T03:37:17,reply,6a24d9a90000000015025cfe,6a24e30b000000002901116a,complete,endpoint_exhausted,0,1,1,chengdu,aliyun_chengdu,deep_chengdu,9344,39,complete,GK2026D1,,
2026-08-24T03:37:17,reply,6a24d9a90000000015025cfe,6a24e29b000000002a02cb30,complete,endpoint_exhausted,0,1,1,chengdu,aliyun_chengdu,deep_chengdu,9344,39,complete,GK2026D1,,
2026-08-24T03:37:33,reply,6a24d9a90000000015025cfe,6a257e2c000000002702d008,complete,endpoint_exhausted,0,0,0,chengdu,aliyun_chengdu,deep_chengdu,9344,39,complete,GK2026D1,,
2026-08-24T03:37:33,reply,6a24d9a90000000015025cfe,6a253d66000000002a033a92,complete,endpoint_exhausted,0,0,0,chengdu,aliyun_chengdu,deep_chengdu,9344,39,complete,GK2026D1,,
2026-08-24T03:37:33,reply,6a24d9a90000000015025cfe,6a26693c00000000290197df,complete,endpoint_exhausted,0,0,0,chengdu,aliyun_chengdu,deep_chengdu,9344,39,complete,GK2026D1,,
2026-08-24T03:37:33,reply,6a24d9a90000000015025cfe,6a261d2b000000002803716a,complete,endpoint_exhausted,0,1,1,chengdu,aliyun_chengdu,deep_chengdu,9344,39,complete,GK2026D1,,
2026-08-24T03:37:33,reply,6a24d9a90000000015025cfe,6a2531c7000000002803e368,complete,endpoint_exhausted,0,0,0,chengdu,aliyun_chengdu,deep_chengdu,9344,39,complete,GK2026D1,,
2026-08-24T03:37:33,reply,6a24d9a90000000015025cfe,6a252c73000000002902d4cd,complete,endpoint_exhausted,0,0,0,chengdu,aliyun_chengdu,deep_chengdu,9344,39,complete,GK2026D1,,
2026-08-24T03:37:33,reply,6a24d9a90000000015025cfe,6a250de7000000002a0276a4,complete,endpoint_exhausted,0,0,0,chengdu,aliyun_chengdu,deep_chengdu,9344,39,complete,GK2026D1,,
2026-08-24T03:37:33,top_level,6a24d9a90000000015025cfe,,complete,endpoint_exhausted,9,87,,chengdu,aliyun_chengdu,deep_chengdu,9344,39,complete,GK2026D1,True,
2026-08-24T03:48:26,reply,6a240f360000000022019b25,6a24dbcb000000002903410a,complete,endpoint_exhausted,0,0,0,chengdu,aliyun_chengdu,deep_chengdu,9344,40,complete,GK2026D1,,
2026-08-24T03:48:26,reply,6a240f360000000022019b25,6a24c351000000002902cc7c,complete,endpoint_exhausted,0,0,0,chengdu,aliyun_chengdu,deep_chengdu,9344,40,complete,GK2026D1,,
2026-08-24T03:48:26,top_level,6a240f360000000022019b25,,complete,endpoint_exhausted,1,2,,chengdu,aliyun_chengdu,deep_chengdu,9344,40,complete,GK2026D1,True,
2026-08-24T03:59:17,top_level,6a24f1d90000000022021d99,,complete,endpoint_exhausted,1,0,,chengdu,aliyun_chengdu,deep_chengdu,9344,41,complete,GK2026D1,True,
2026-08-24T04:10:09,reply,6a249e5a00000000080258e6,6a249e76000000002b0037b5,complete,endpoint_exhausted,0,0,0,chengdu,aliyun_chengdu,deep_chengdu,9344,42,complete,GK2026D1,,
2026-08-24T04:10:09,reply,6a249e5a00000000080258e6,6a2542e7000000002b028816,complete,endpoint_exhausted,0,0,0,chengdu,aliyun_chengdu,deep_chengdu,9344,42,complete,GK2026D1,,
2026-08-24T04:10:09,reply,6a249e5a00000000080258e6,6a25281900000000280324e1,complete,endpoint_exhausted,0,0,0,chengdu,aliyun_chengdu,deep_chengdu,9344,42,complete,GK2026D1,,
2026-08-24T04:10:09,reply,6a249e5a00000000080258e6,6a24cc00000000002702193d,complete,endpoint_exhausted,0,0,0,chengdu,aliyun_chengdu,deep_chengdu,9344,42,complete,GK2026D1,,
2026-08-24T04:10:09,top_level,6a249e5a00000000080258e6,,complete,endpoint_exhausted,1,4,,chengdu,aliyun_chengdu,deep_chengdu,9344,42,complete,GK2026D1,True,
2026-08-24T04:54:00,reply,6a25457700000000210197b7,6a254b7d0000000029010587,complete,endpoint_exhausted,11,53,53,chengdu,aliyun_chengdu,deep_chengdu,9344,43,complete,GK2026D1,,
2026-08-24T04:56:59,reply,6a25457700000000210197b7,6a254809000000002902f29b,complete,endpoint_exhausted,11,52,52,chengdu,aliyun_chengdu,deep_chengdu,9344,43,complete,GK2026D1,,
2026-08-24T04:57:31,reply,6a25457700000000210197b7,6a258b9b0000000027017788,complete,endpoint_exhausted,2,11,11,chengdu,aliyun_chengdu,deep_chengdu,9344,43,complete,GK2026D1,,
2026-08-24T04:58:04,reply,6a25457700000000210197b7,6a2548700000000028038c1d,complete,endpoint_exhausted,2,9,9,chengdu,aliyun_chengdu,deep_chengdu,9344,43,complete,GK2026D1,,
2026-08-24T04:58:36,reply,6a25457700000000210197b7,6a2546870000000028037495,complete,endpoint_exhausted,2,7,7,chengdu,aliyun_chengdu,deep_chengdu,9344,43,complete,GK2026D1,,
2026-08-24T04:58:53,reply,6a25457700000000210197b7,6a257b4800000000290137da,complete,endpoint_exhausted,1,5,5,chengdu,aliyun_chengdu,deep_chengdu,9344,43,complete,GK2026D1,,
2026-08-24T04:59:09,reply,6a25457700000000210197b7,6a256c07000000002701c618,complete,endpoint_exhausted,1,4,4,chengdu,aliyun_chengdu,deep_chengdu,9344,43,complete,GK2026D1,,
2026-08-24T04:59:26,reply,6a25457700000000210197b7,6a258f1a000000002701c44f,complete,endpoint_exhausted,1,4,4,chengdu,aliyun_chengdu,deep_chengdu,9344,43,complete,GK2026D1,,
2026-08-24T04:59:42,reply,6a25457700000000210197b7,6a2551ab000000002901006b,complete,endpoint_exhausted,1,6,6,chengdu,aliyun_chengdu,deep_chengdu,9344,43,complete,GK2026D1,,
2026-08-24T04:59:42,reply,6a25457700000000210197b7,6a2554f0000000002901b605,complete,endpoint_exhausted,0,1,1,chengdu,aliyun_chengdu,deep_chengdu,9344,43,complete,GK2026D1,,
2026-08-24T05:00:14,reply,6a25457700000000210197b7,6a2561500000000028037a9a,complete,endpoint_exhausted,1,4,4,chengdu,aliyun_chengdu,deep_chengdu,9344,43,complete,GK2026D1,,
2026-08-24T05:00:30,reply,6a25457700000000210197b7,6a254dd1000000002702bdaa,complete,endpoint_exhausted,1,3,3,chengdu,aliyun_chengdu,deep_chengdu,9344,43,complete,GK2026D1,,
2026-08-24T05:00:47,reply,6a25457700000000210197b7,6a255f93000000002702df9d,complete,endpoint_exhausted,1,3,3,chengdu,aliyun_chengdu,deep_chengdu,9344,43,complete,GK2026D1,,
2026-08-24T05:01:03,reply,6a25457700000000210197b7,6a255373000000002701e926,complete,endpoint_exhausted,1,2,2,chengdu,aliyun_chengdu,deep_chengdu,9344,43,complete,GK2026D1,,
2026-08-24T05:01:19,reply,6a25457700000000210197b7,6a256fc5000000002702924e,complete,endpoint_exhausted,1,2,2,chengdu,aliyun_chengdu,deep_chengdu,9344,43,complete,GK2026D1,,
2026-08-24T05:01:35,reply,6a25457700000000210197b7,6a255a81000000002a02dc00,complete,endpoint_exhausted,1,5,5,chengdu,aliyun_chengdu,deep_chengdu,9344,43,complete,GK2026D1,,
2026-08-24T05:01:51,reply,6a25457700000000210197b7,6a2547a300000000270176a4,complete,endpoint_exhausted,1,3,3,chengdu,aliyun_chengdu,deep_chengdu,9344,43,complete,GK2026D1,,
2026-08-24T05:01:51,reply,6a25457700000000210197b7,6a25570f00000000280342d3,complete,endpoint_exhausted,0,1,1,chengdu,aliyun_chengdu,deep_chengdu,9344,43,complete,GK2026D1,,
2026-08-24T05:02:08,reply,6a25457700000000210197b7,6a25673e000000002701c5b9,complete,endpoint_exhausted,1,2,2,chengdu,aliyun_chengdu,deep_chengdu,9344,43,complete,GK2026D1,,
2026-08-24T05:02:08,reply,6a25457700000000210197b7,6a258cd7000000002a007952,complete,endpoint_exhausted,0,1,1,chengdu,aliyun_chengdu,deep_chengdu,9344,43,complete,GK2026D1,,
2026-08-24T05:02:40,reply,6a25457700000000210197b7,6a255e160000000027020f8f,complete,endpoint_exhausted,1,4,4,chengdu,aliyun_chengdu,deep_chengdu,9344,43,complete,GK2026D1,,
2026-08-24T05:02:40,reply,6a25457700000000210197b7,6a2559740000000027022341,complete,endpoint_exhausted,0,1,1,chengdu,aliyun_chengdu,deep_chengdu,9344,43,complete,GK2026D1,,
2026-08-24T05:02:40,reply,6a25457700000000210197b7,6a255d0b0000000029034925,complete,endpoint_exhausted,0,0,0,chengdu,aliyun_chengdu,deep_chengdu,9344,43,complete,GK2026D1,,
2026-08-24T05:02:40,reply,6a25457700000000210197b7,6a2573da000000002b002370,complete,endpoint_exhausted,0,1,1,chengdu,aliyun_chengdu,deep_chengdu,9344,43,complete,GK2026D1,,
2026-08-24T05:02:56,reply,6a25457700000000210197b7,6a2552f4000000002a03025b,complete,endpoint_exhausted,1,2,2,chengdu,aliyun_chengdu,deep_chengdu,9344,43,complete,GK2026D1,,
2026-08-24T05:02:56,reply,6a25457700000000210197b7,6a2570ca0000000028031dd0,complete,endpoint_exhausted,0,1,1,chengdu,aliyun_chengdu,deep_chengdu,9344,43,complete,GK2026D1,,
2026-08-24T05:02:56,reply,6a25457700000000210197b7,6a26a99d000000002a032c58,complete,endpoint_exhausted,0,1,1,chengdu,aliyun_chengdu,deep_chengdu,9344,43,complete,GK2026D1,,
2026-08-24T05:03:13,reply,6a25457700000000210197b7,6a2581e5000000002803426f,complete,endpoint_exhausted,1,2,2,chengdu,aliyun_chengdu,deep_chengdu,9344,43,complete,GK2026D1,,
2026-08-24T05:03:29,reply,6a25457700000000210197b7,6a257ce60000000029036091,complete,endpoint_exhausted,1,2,2,chengdu,aliyun_chengdu,deep_chengdu,9344,43,complete,GK2026D1,,
2026-08-24T05:03:29,reply,6a25457700000000210197b7,6a26e199000000002701d556,complete,endpoint_exhausted,0,1,1,chengdu,aliyun_chengdu,deep_chengdu,9344,43,complete,GK2026D1,,
2026-08-24T05:03:45,reply,6a25457700000000210197b7,6a26163a0000000029036175,complete,endpoint_exhausted,0,0,0,chengdu,aliyun_chengdu,deep_chengdu,9344,43,complete,GK2026D1,,
2026-08-24T05:03:45,reply,6a25457700000000210197b7,6a25552c000000002803f3e2,complete,endpoint_exhausted,0,1,1,chengdu,aliyun_chengdu,deep_chengdu,9344,43,complete,GK2026D1,,
2026-08-24T05:03:45,reply,6a25457700000000210197b7,6a280abe0000000028035064,complete,endpoint_exhausted,0,0,0,chengdu,aliyun_chengdu,deep_chengdu,9344,43,complete,GK2026D1,,
2026-08-24T05:03:45,reply,6a25457700000000210197b7,6a2799f6000000002702f87a,complete,endpoint_exhausted,0,0,0,chengdu,aliyun_chengdu,deep_chengdu,9344,43,complete,GK2026D1,,
2026-08-24T05:03:45,reply,6a25457700000000210197b7,6a2547d7000000002b0276e1,complete,endpoint_exhausted,0,0,0,chengdu,aliyun_chengdu,deep_chengdu,9344,43,complete,GK2026D1,,
2026-08-24T05:03:45,reply,6a25457700000000210197b7,6a26e116000000002b00058f,complete,endpoint_exhausted,0,0,0,chengdu,aliyun_chengdu,deep_chengdu,9344,43,complete,GK2026D1,,
2026-08-24T05:03:45,reply,6a25457700000000210197b7,6a26fbae000000002a024b98,complete,endpoint_exhausted,0,0,0,chengdu,aliyun_chengdu,deep_chengdu,9344,43,complete,GK2026D1,,
2026-08-24T05:03:45,reply,6a25457700000000210197b7,6a25832000000000270149ad,complete,endpoint_exhausted,0,0,0,chengdu,aliyun_chengdu,deep_chengdu,9344,43,complete,GK2026D1,,
2026-08-24T05:03:45,reply,6a25457700000000210197b7,6a27cf87000000002b02a7d0,complete,endpoint_exhausted,0,0,0,chengdu,aliyun_chengdu,deep_chengdu,9344,43,complete,GK2026D1,,
2026-08-24T05:03:45,reply,6a25457700000000210197b7,6a2565bc000000002a02f397,complete,endpoint_exhausted,0,0,0,chengdu,aliyun_chengdu,deep_chengdu,9344,43,complete,GK2026D1,,
2026-08-24T05:04:02,reply,6a25457700000000210197b7,6a277c990000000028009c90,complete,endpoint_exhausted,0,0,0,chengdu,aliyun_chengdu,deep_chengdu,9344,43,complete,GK2026D1,,
2026-08-24T05:04:02,reply,6a25457700000000210197b7,6a26f1d9000000002701dbb6,complete,endpoint_exhausted,0,0,0,chengdu,aliyun_chengdu,deep_chengdu,9344,43,complete,GK2026D1,,
2026-08-24T05:04:02,reply,6a25457700000000210197b7,6a26bd3c000000002a024d6d,complete,endpoint_exhausted,0,0,0,chengdu,aliyun_chengdu,deep_chengdu,9344,43,complete,GK2026D1,,
2026-08-24T05:04:02,reply,6a25457700000000210197b7,6a291afa000000002b027b35,complete,endpoint_exhausted,0,0,0,chengdu,aliyun_chengdu,deep_chengdu,9344,43,complete,GK2026D1,,
2026-08-24T05:04:02,reply,6a25457700000000210197b7,6a255a17000000002803dc7d,complete,endpoint_exhausted,0,0,0,chengdu,aliyun_chengdu,deep_chengdu,9344,43,complete,GK2026D1,,
2026-08-24T05:04:02,reply,6a25457700000000210197b7,6a27b32b000000002902443f,complete,endpoint_exhausted,0,0,0,chengdu,aliyun_chengdu,deep_chengdu,9344,43,complete,GK2026D1,,
2026-08-24T05:04:02,reply,6a25457700000000210197b7,6a26d3f1000000002b029b9e,complete,endpoint_exhausted,0,0,0,chengdu,aliyun_chengdu,deep_chengdu,9344,43,complete,GK2026D1,,
2026-08-24T05:04:02,reply,6a25457700000000210197b7,6a29402c0000000028032e1e,complete,endpoint_exhausted,0,0,0,chengdu,aliyun_chengdu,deep_chengdu,9344,43,complete,GK2026D1,,
2026-08-24T05:04:02,reply,6a25457700000000210197b7,6a26c2c000000000270225a9,complete,endpoint_exhausted,0,0,0,chengdu,aliyun_chengdu,deep_chengdu,9344,43,complete,GK2026D1,,
2026-08-24T05:04:02,reply,6a25457700000000210197b7,6a277a4f000000002702ebfd,complete,endpoint_exhausted,0,0,0,chengdu,aliyun_chengdu,deep_chengdu,9344,43,complete,GK2026D1,,
2026-08-24T05:04:18,reply,6a25457700000000210197b7,6a26f2e1000000002900ce3b,complete,endpoint_exhausted,0,0,0,chengdu,aliyun_chengdu,deep_chengdu,9344,43,complete,GK2026D1,,
2026-08-24T05:04:18,reply,6a25457700000000210197b7,6a26be780000000029011859,complete,endpoint_exhausted,0,0,0,chengdu,aliyun_chengdu,deep_chengdu,9344,43,complete,GK2026D1,,
2026-08-24T05:04:18,reply,6a25457700000000210197b7,6a26a4d700000000270159a3,complete,endpoint_exhausted,0,0,0,chengdu,aliyun_chengdu,deep_chengdu,9344,43,complete,GK2026D1,,
2026-08-24T05:04:18,reply,6a25457700000000210197b7,6a26a2ab000000002702bff8,complete,endpoint_exhausted,0,0,0,chengdu,aliyun_chengdu,deep_chengdu,9344,43,complete,GK2026D1,,
2026-08-24T05:04:18,reply,6a25457700000000210197b7,6a295a3c0000000027014a47,complete,endpoint_exhausted,0,0,0,chengdu,aliyun_chengdu,deep_chengdu,9344,43,complete,GK2026D1,,
2026-08-24T05:04:18,reply,6a25457700000000210197b7,6a26d5e300000000270216e0,complete,endpoint_exhausted,0,0,0,chengdu,aliyun_chengdu,deep_chengdu,9344,43,complete,GK2026D1,,
2026-08-24T05:04:18,reply,6a25457700000000210197b7,6a2779da000000002702d47a,complete,endpoint_exhausted,0,0,0,chengdu,aliyun_chengdu,deep_chengdu,9344,43,complete,GK2026D1,,
2026-08-24T05:04:18,reply,6a25457700000000210197b7,6a26b977000000002a024e14,complete,endpoint_exhausted,0,0,0,chengdu,aliyun_chengdu,deep_chengdu,9344,43,complete,GK2026D1,,
2026-08-24T05:04:18,reply,6a25457700000000210197b7,6a26d945000000002701ffd8,complete,endpoint_exhausted,0,0,0,chengdu,aliyun_chengdu,deep_chengdu,9344,43,complete,GK2026D1,,
2026-08-24T05:04:18,reply,6a25457700000000210197b7,6a26a037000000002a004348,complete,endpoint_exhausted,0,0,0,chengdu,aliyun_chengdu,deep_chengdu,9344,43,complete,GK2026D1,,
2026-08-24T05:04:34,reply,6a25457700000000210197b7,6a26cb25000000002b0299fa,complete,endpoint_exhausted,0,0,0,chengdu,aliyun_chengdu,deep_chengdu,9344,43,complete,GK2026D1,,
2026-08-24T05:04:34,reply,6a25457700000000210197b7,6a26d4cd0000000028034310,complete,endpoint_exhausted,0,0,0,chengdu,aliyun_chengdu,deep_chengdu,9344,43,complete,GK2026D1,,
2026-08-24T05:04:34,reply,6a25457700000000210197b7,6a26d8e8000000002902cd85,complete,endpoint_exhausted,0,0,0,chengdu,aliyun_chengdu,deep_chengdu,9344,43,complete,GK2026D1,,
2026-08-24T05:04:50,reply,6a25457700000000210197b7,6a258613000000002b025f15,complete,endpoint_exhausted,1,2,2,chengdu,aliyun_chengdu,deep_chengdu,9344,43,complete,GK2026D1,,
2026-08-24T05:04:50,reply,6a25457700000000210197b7,6a324cb2000000002a02fd55,complete,endpoint_exhausted,0,0,0,chengdu,aliyun_chengdu,deep_chengdu,9344,43,complete,GK2026D1,,
2026-08-24T05:04:50,reply,6a25457700000000210197b7,6a269c41000000002a0050d3,complete,endpoint_exhausted,0,0,0,chengdu,aliyun_chengdu,deep_chengdu,9344,43,complete,GK2026D1,,
2026-08-24T05:04:50,reply,6a25457700000000210197b7,6a2693eb000000002b028792,complete,endpoint_exhausted,0,0,0,chengdu,aliyun_chengdu,deep_chengdu,9344,43,complete,GK2026D1,,
2026-08-24T05:04:50,reply,6a25457700000000210197b7,6a268f0a000000002900cbb3,complete,endpoint_exhausted,0,0,0,chengdu,aliyun_chengdu,deep_chengdu,9344,43,complete,GK2026D1,,
2026-08-24T05:04:50,reply,6a25457700000000210197b7,6a268d720000000029025257,complete,endpoint_exhausted,0,0,0,chengdu,aliyun_chengdu,deep_chengdu,9344,43,complete,GK2026D1,,
2026-08-24T05:04:50,reply,6a25457700000000210197b7,6a268d660000000027021690,complete,endpoint_exhausted,0,0,0,chengdu,aliyun_chengdu,deep_chengdu,9344,43,complete,GK2026D1,,
2026-08-24T05:05:07,reply,6a25457700000000210197b7,6a2684cc0000000028038573,complete,endpoint_exhausted,0,0,0,chengdu,aliyun_chengdu,deep_chengdu,9344,43,complete,GK2026D1,,
2026-08-24T05:05:07,reply,6a25457700000000210197b7,6a268262000000002b02536f,complete,endpoint_exhausted,0,0,0,chengdu,aliyun_chengdu,deep_chengdu,9344,43,complete,GK2026D1,,
2026-08-24T05:05:07,reply,6a25457700000000210197b7,6a267bcd000000002900e257,complete,endpoint_exhausted,0,1,1,chengdu,aliyun_chengdu,deep_chengdu,9344,43,complete,GK2026D1,,
2026-08-24T05:05:07,reply,6a25457700000000210197b7,6a2678090000000029010807,complete,endpoint_exhausted,0,0,0,chengdu,aliyun_chengdu,deep_chengdu,9344,43,complete,GK2026D1,,
2026-08-24T05:05:07,reply,6a25457700000000210197b7,6a2663360000000027029782,complete,endpoint_exhausted,0,0,0,chengdu,aliyun_chengdu,deep_chengdu,9344,43,complete,GK2026D1,,
2026-08-24T05:05:07,reply,6a25457700000000210197b7,6a26576f00000000270167f4,complete,endpoint_exhausted,0,0,0,chengdu,aliyun_chengdu,deep_chengdu,9344,43,complete,GK2026D1,,
2026-08-24T05:05:07,reply,6a25457700000000210197b7,6a2650ae000000002702aace,complete,endpoint_exhausted,0,0,0,chengdu,aliyun_chengdu,deep_chengdu,9344,43,complete,GK2026D1,,
2026-08-24T05:05:07,reply,6a25457700000000210197b7,6a2633fe000000002803277d,complete,endpoint_exhausted,0,0,0,chengdu,aliyun_chengdu,deep_chengdu,9344,43,complete,GK2026D1,,
2026-08-24T05:05:07,reply,6a25457700000000210197b7,6a262a0b000000002b003e40,complete,endpoint_exhausted,0,0,0,chengdu,aliyun_chengdu,deep_chengdu,9344,43,complete,GK2026D1,,
2026-08-24T05:05:07,reply,6a25457700000000210197b7,6a2629da000000002702b9ce,complete,endpoint_exhausted,0,0,0,chengdu,aliyun_chengdu,deep_chengdu,9344,43,complete,GK2026D1,,
2026-08-24T05:05:23,reply,6a25457700000000210197b7,6a262371000000000d021400,complete,endpoint_exhausted,0,0,0,chengdu,aliyun_chengdu,deep_chengdu,9344,43,complete,GK2026D1,,
2026-08-24T05:05:23,reply,6a25457700000000210197b7,6a261ed90000000028037a17,complete,endpoint_exhausted,0,0,0,chengdu,aliyun_chengdu,deep_chengdu,9344,43,complete,GK2026D1,,
2026-08-24T05:05:23,reply,6a25457700000000210197b7,6a2617bf0000000028009ccb,complete,endpoint_exhausted,0,0,0,chengdu,aliyun_chengdu,deep_chengdu,9344,43,complete,GK2026D1,,
2026-08-24T05:05:23,reply,6a25457700000000210197b7,6a260fff000000002a02c934,complete,endpoint_exhausted,0,0,0,chengdu,aliyun_chengdu,deep_chengdu,9344,43,complete,GK2026D1,,
2026-08-24T05:05:23,reply,6a25457700000000210197b7,6a26065f0000000029018465,complete,endpoint_exhausted,0,0,0,chengdu,aliyun_chengdu,deep_chengdu,9344,43,complete,GK2026D1,,
2026-08-24T05:05:23,reply,6a25457700000000210197b7,6a25f696000000002b0281d9,complete,endpoint_exhausted,0,0,0,chengdu,aliyun_chengdu,deep_chengdu,9344,43,complete,GK2026D1,,
2026-08-24T05:05:23,reply,6a25457700000000210197b7,6a25cf4c000000002b02414c,complete,endpoint_exhausted,0,0,0,chengdu,aliyun_chengdu,deep_chengdu,9344,43,complete,GK2026D1,,
2026-08-24T05:05:23,reply,6a25457700000000210197b7,6a25bfaf000000002701dfbb,complete,endpoint_exhausted,0,0,0,chengdu,aliyun_chengdu,deep_chengdu,9344,43,complete,GK2026D1,,
2026-08-24T05:05:23,reply,6a25457700000000210197b7,6a25be8c000000002701d453,complete,endpoint_exhausted,0,0,0,chengdu,aliyun_chengdu,deep_chengdu,9344,43,complete,GK2026D1,,
2026-08-24T05:05:23,reply,6a25457700000000210197b7,6a25bc43000000002b0251e8,complete,endpoint_exhausted,0,0,0,chengdu,aliyun_chengdu,deep_chengdu,9344,43,complete,GK2026D1,,
2026-08-24T05:05:39,reply,6a25457700000000210197b7,6a25b9c9000000002a0263a3,complete,endpoint_exhausted,0,0,0,chengdu,aliyun_chengdu,deep_chengdu,9344,43,complete,GK2026D1,,
2026-08-24T05:05:39,reply,6a25457700000000210197b7,6a25b454000000002800a69b,complete,endpoint_exhausted,0,0,0,chengdu,aliyun_chengdu,deep_chengdu,9344,43,complete,GK2026D1,,
2026-08-24T05:05:39,reply,6a25457700000000210197b7,6a25b26e000000002701fd2e,complete,endpoint_exhausted,0,0,0,chengdu,aliyun_chengdu,deep_chengdu,9344,43,complete,GK2026D1,,
2026-08-24T05:05:39,reply,6a25457700000000210197b7,6a25b021000000002a027ace,complete,endpoint_exhausted,0,0,0,chengdu,aliyun_chengdu,deep_chengdu,9344,43,complete,GK2026D1,,
2026-08-24T05:05:39,reply,6a25457700000000210197b7,6a25ad95000000002702ee97,complete,endpoint_exhausted,0,0,0,chengdu,aliyun_chengdu,deep_chengdu,9344,43,complete,GK2026D1,,
2026-08-24T05:05:39,reply,6a25457700000000210197b7,6a25a84200000000280371d1,complete,endpoint_exhausted,0,0,0,chengdu,aliyun_chengdu,deep_chengdu,9344,43,complete,GK2026D1,,
2026-08-24T05:05:39,reply,6a25457700000000210197b7,6a25a58d000000002702f3f5,complete,endpoint_exhausted,0,0,0,chengdu,aliyun_chengdu,deep_chengdu,9344,43,complete,GK2026D1,,
2026-08-24T05:05:39,reply,6a25457700000000210197b7,6a259ff600000000290369b6,complete,endpoint_exhausted,0,0,0,chengdu,aliyun_chengdu,deep_chengdu,9344,43,complete,GK2026D1,,
2026-08-24T05:05:39,reply,6a25457700000000210197b7,6a259e8b00000000290346ef,complete,endpoint_exhausted,0,0,0,chengdu,aliyun_chengdu,deep_chengdu,9344,43,complete,GK2026D1,,
2026-08-24T05:05:39,reply,6a25457700000000210197b7,6a259e5500000000280362f8,complete,endpoint_exhausted,0,0,0,chengdu,aliyun_chengdu,deep_chengdu,9344,43,complete,GK2026D1,,
2026-08-24T05:05:55,reply,6a25457700000000210197b7,6a259b75000000002701c65d,complete,endpoint_exhausted,0,0,0,chengdu,aliyun_chengdu,deep_chengdu,9344,43,complete,GK2026D1,,
2026-08-24T05:05:55,reply,6a25457700000000210197b7,6a259b0b000000002701f646,complete,endpoint_exhausted,0,0,0,chengdu,aliyun_chengdu,deep_chengdu,9344,43,complete,GK2026D1,,
2026-08-24T05:05:55,reply,6a25457700000000210197b7,6a2598cd000000002a0316fd,complete,endpoint_exhausted,0,0,0,chengdu,aliyun_chengdu,deep_chengdu,9344,43,complete,GK2026D1,,
2026-08-24T05:05:55,reply,6a25457700000000210197b7,6a2598b30000000028032936,complete,endpoint_exhausted,0,0,0,chengdu,aliyun_chengdu,deep_chengdu,9344,43,complete,GK2026D1,,
2026-08-24T05:05:55,reply,6a25457700000000210197b7,6a2596650000000027029160,complete,endpoint_exhausted,0,0,0,chengdu,aliyun_chengdu,deep_chengdu,9344,43,complete,GK2026D1,,
2026-08-24T05:05:55,reply,6a25457700000000210197b7,6a2595b0000000002701e75e,complete,endpoint_exhausted,0,0,0,chengdu,aliyun_chengdu,deep_chengdu,9344,43,complete,GK2026D1,,
2026-08-24T05:05:55,reply,6a25457700000000210197b7,6a25959c0000000028034d9d,complete,endpoint_exhausted,0,0,0,chengdu,aliyun_chengdu,deep_chengdu,9344,43,complete,GK2026D1,,
2026-08-24T05:05:55,reply,6a25457700000000210197b7,6a259524000000002803d1ea,complete,endpoint_exhausted,0,0,0,chengdu,aliyun_chengdu,deep_chengdu,9344,43,complete,GK2026D1,,
2026-08-24T05:05:55,reply,6a25457700000000210197b7,6a25935a000000002900db97,complete,endpoint_exhausted,0,0,0,chengdu,aliyun_chengdu,deep_chengdu,9344,43,complete,GK2026D1,,
2026-08-24T05:05:55,reply,6a25457700000000210197b7,6a2592e30000000027020ba8,complete,endpoint_exhausted,0,0,0,chengdu,aliyun_chengdu,deep_chengdu,9344,43,complete,GK2026D1,,
2026-08-24T05:06:12,reply,6a25457700000000210197b7,6a259254000000002702eef7,complete,endpoint_exhausted,0,0,0,chengdu,aliyun_chengdu,deep_chengdu,9344,43,complete,GK2026D1,,
2026-08-24T05:06:12,reply,6a25457700000000210197b7,6a2591e2000000002a033d92,complete,endpoint_exhausted,0,0,0,chengdu,aliyun_chengdu,deep_chengdu,9344,43,complete,GK2026D1,,
2026-08-24T05:06:12,reply,6a25457700000000210197b7,6a25905a000000002a025bbb,complete,endpoint_exhausted,0,0,0,chengdu,aliyun_chengdu,deep_chengdu,9344,43,complete,GK2026D1,,
2026-08-24T05:06:12,reply,6a25457700000000210197b7,6a258f8c000000002b02b846,complete,endpoint_exhausted,0,0,0,chengdu,aliyun_chengdu,deep_chengdu,9344,43,complete,GK2026D1,,
2026-08-24T05:06:12,reply,6a25457700000000210197b7,6a258ef5000000002803a64c,complete,endpoint_exhausted,0,0,0,chengdu,aliyun_chengdu,deep_chengdu,9344,43,complete,GK2026D1,,
2026-08-24T05:06:12,reply,6a25457700000000210197b7,6a258dc8000000002900ce89,complete,endpoint_exhausted,0,0,0,chengdu,aliyun_chengdu,deep_chengdu,9344,43,complete,GK2026D1,,
2026-08-24T05:06:12,reply,6a25457700000000210197b7,6a258c9e0000000029019c20,complete,endpoint_exhausted,0,0,0,chengdu,aliyun_chengdu,deep_chengdu,9344,43,complete,GK2026D1,,
2026-08-24T05:06:12,reply,6a25457700000000210197b7,6a258c4c000000002702f6b2,complete,endpoint_exhausted,0,0,0,chengdu,aliyun_chengdu,deep_chengdu,9344,43,complete,GK2026D1,,
2026-08-24T05:06:12,reply,6a25457700000000210197b7,6a258bfd000000000d023c03,complete,endpoint_exhausted,0,0,0,chengdu,aliyun_chengdu,deep_chengdu,9344,43,complete,GK2026D1,,
2026-08-24T05:06:12,reply,6a25457700000000210197b7,6a258b93000000002a02d911,complete,endpoint_exhausted,0,0,0,chengdu,aliyun_chengdu,deep_chengdu,9344,43,complete,GK2026D1,,
2026-08-24T05:06:28,reply,6a25457700000000210197b7,6a258b83000000002a00417e,complete,endpoint_exhausted,0,0,0,chengdu,aliyun_chengdu,deep_chengdu,9344,43,complete,GK2026D1,,
2026-08-24T05:06:28,reply,6a25457700000000210197b7,6a258b6c000000002803b68f,complete,endpoint_exhausted,0,0,0,chengdu,aliyun_chengdu,deep_chengdu,9344,43,complete,GK2026D1,,
2026-08-24T05:06:28,reply,6a25457700000000210197b7,6a258b46000000002900ff60,complete,endpoint_exhausted,0,0,0,chengdu,aliyun_chengdu,deep_chengdu,9344,43,complete,GK2026D1,,
2026-08-24T05:06:28,reply,6a25457700000000210197b7,6a258b32000000002900fac6,complete,endpoint_exhausted,0,0,0,chengdu,aliyun_chengdu,deep_chengdu,9344,43,complete,GK2026D1,,
2026-08-24T05:06:28,reply,6a25457700000000210197b7,6a258a20000000002803e26f,complete,endpoint_exhausted,0,0,0,chengdu,aliyun_chengdu,deep_chengdu,9344,43,complete,GK2026D1,,
2026-08-24T05:06:28,reply,6a25457700000000210197b7,6a258971000000002a025c52,complete,endpoint_exhausted,0,0,0,chengdu,aliyun_chengdu,deep_chengdu,9344,43,complete,GK2026D1,,
2026-08-24T05:06:28,reply,6a25457700000000210197b7,6a2589210000000029035e2a,complete,endpoint_exhausted,0,0,0,chengdu,aliyun_chengdu,deep_chengdu,9344,43,complete,GK2026D1,,
2026-08-24T05:06:28,reply,6a25457700000000210197b7,6a258878000000002902cc77,complete,endpoint_exhausted,0,0,0,chengdu,aliyun_chengdu,deep_chengdu,9344,43,complete,GK2026D1,,
2026-08-24T05:06:28,reply,6a25457700000000210197b7,6a2587fc000000000d023c01,complete,endpoint_exhausted,0,0,0,chengdu,aliyun_chengdu,deep_chengdu,9344,43,complete,GK2026D1,,
2026-08-24T05:06:28,reply,6a25457700000000210197b7,6a2587ee0000000028037442,complete,endpoint_exhausted,0,0,0,chengdu,aliyun_chengdu,deep_chengdu,9344,43,complete,GK2026D1,,
2026-08-24T05:06:44,reply,6a25457700000000210197b7,6a258769000000002a0047be,complete,endpoint_exhausted,0,0,0,chengdu,aliyun_chengdu,deep_chengdu,9344,43,complete,GK2026D1,,
2026-08-24T05:06:44,reply,6a25457700000000210197b7,6a2587510000000028031a02,complete,endpoint_exhausted,0,0,0,chengdu,aliyun_chengdu,deep_chengdu,9344,43,complete,GK2026D1,,
2026-08-24T05:06:44,reply,6a25457700000000210197b7,6a2586e9000000002803b060,complete,endpoint_exhausted,0,0,0,chengdu,aliyun_chengdu,deep_chengdu,9344,43,complete,GK2026D1,,
2026-08-24T05:06:44,reply,6a25457700000000210197b7,6a2586dc0000000029012af7,complete,endpoint_exhausted,0,0,0,chengdu,aliyun_chengdu,deep_chengdu,9344,43,complete,GK2026D1,,
2026-08-24T05:06:44,reply,6a25457700000000210197b7,6a25863d00000000290187fa,complete,endpoint_exhausted,0,0,0,chengdu,aliyun_chengdu,deep_chengdu,9344,43,complete,GK2026D1,,
2026-08-24T05:06:44,reply,6a25457700000000210197b7,6a2585a9000000002701ff03,complete,endpoint_exhausted,0,0,0,chengdu,aliyun_chengdu,deep_chengdu,9344,43,complete,GK2026D1,,
2026-08-24T05:06:44,reply,6a25457700000000210197b7,6a2585a80000000027029377,complete,endpoint_exhausted,0,0,0,chengdu,aliyun_chengdu,deep_chengdu,9344,43,complete,GK2026D1,,
2026-08-24T05:06:44,reply,6a25457700000000210197b7,6a2584dd0000000029012cbd,complete,endpoint_exhausted,0,0,0,chengdu,aliyun_chengdu,deep_chengdu,9344,43,complete,GK2026D1,,
2026-08-24T05:06:44,reply,6a25457700000000210197b7,6a2584970000000029035b08,complete,endpoint_exhausted,0,0,0,chengdu,aliyun_chengdu,deep_chengdu,9344,43,complete,GK2026D1,,
2026-08-24T05:06:44,reply,6a25457700000000210197b7,6a2583b0000000002902f5ca,complete,endpoint_exhausted,0,0,0,chengdu,aliyun_chengdu,deep_chengdu,9344,43,complete,GK2026D1,,
2026-08-24T05:07:00,reply,6a25457700000000210197b7,6a25836d00000000290180bb,complete,endpoint_exhausted,0,0,0,chengdu,aliyun_chengdu,deep_chengdu,9344,43,complete,GK2026D1,,
2026-08-24T05:07:00,reply,6a25457700000000210197b7,6a25828e000000002903405d,complete,endpoint_exhausted,0,0,0,chengdu,aliyun_chengdu,deep_chengdu,9344,43,complete,GK2026D1,,
2026-08-24T05:07:00,reply,6a25457700000000210197b7,6a258256000000002800872b,complete,endpoint_exhausted,0,0,0,chengdu,aliyun_chengdu,deep_chengdu,9344,43,complete,GK2026D1,,
2026-08-24T05:07:00,reply,6a25457700000000210197b7,6a2581a400000000290120d6,complete,endpoint_exhausted,0,0,0,chengdu,aliyun_chengdu,deep_chengdu,9344,43,complete,GK2026D1,,
2026-08-24T05:07:00,reply,6a25457700000000210197b7,6a258195000000002901af45,complete,endpoint_exhausted,0,0,0,chengdu,aliyun_chengdu,deep_chengdu,9344,43,complete,GK2026D1,,
2026-08-24T05:07:00,reply,6a25457700000000210197b7,6a2581880000000027016302,complete,endpoint_exhausted,0,0,0,chengdu,aliyun_chengdu,deep_chengdu,9344,43,complete,GK2026D1,,
2026-08-24T05:07:00,reply,6a25457700000000210197b7,6a2580f7000000000d023c01,complete,endpoint_exhausted,0,0,0,chengdu,aliyun_chengdu,deep_chengdu,9344,43,complete,GK2026D1,,
2026-08-24T05:07:00,reply,6a25457700000000210197b7,6a2580ca000000002803b634,complete,endpoint_exhausted,0,0,0,chengdu,aliyun_chengdu,deep_chengdu,9344,43,complete,GK2026D1,,
2026-08-24T05:07:00,reply,6a25457700000000210197b7,6a2580bb000000002702b138,complete,endpoint_exhausted,0,0,0,chengdu,aliyun_chengdu,deep_chengdu,9344,43,complete,GK2026D1,,
2026-08-24T05:07:00,reply,6a25457700000000210197b7,6a258074000000002b000bf5,complete,endpoint_exhausted,0,0,0,chengdu,aliyun_chengdu,deep_chengdu,9344,43,complete,GK2026D1,,
2026-08-24T05:07:17,reply,6a25457700000000210197b7,6a25804c0000000027022d14,complete,endpoint_exhausted,0,0,0,chengdu,aliyun_chengdu,deep_chengdu,9344,43,complete,GK2026D1,,
2026-08-24T05:07:17,reply,6a25457700000000210197b7,6a257f6900000000270236b1,complete,endpoint_exhausted,0,0,0,chengdu,aliyun_chengdu,deep_chengdu,9344,43,complete,GK2026D1,,
2026-08-24T05:07:17,reply,6a25457700000000210197b7,6a257ee8000000002701d11d,complete,endpoint_exhausted,0,0,0,chengdu,aliyun_chengdu,deep_chengdu,9344,43,complete,GK2026D1,,
2026-08-24T05:07:17,reply,6a25457700000000210197b7,6a257edc000000002803ba63,complete,endpoint_exhausted,0,0,0,chengdu,aliyun_chengdu,deep_chengdu,9344,43,complete,GK2026D1,,
2026-08-24T05:07:17,reply,6a25457700000000210197b7,6a257ed50000000028036ec6,complete,endpoint_exhausted,0,0,0,chengdu,aliyun_chengdu,deep_chengdu,9344,43,complete,GK2026D1,,
2026-08-24T05:07:17,reply,6a25457700000000210197b7,6a257e440000000029027114,complete,endpoint_exhausted,0,0,0,chengdu,aliyun_chengdu,deep_chengdu,9344,43,complete,GK2026D1,,
2026-08-24T05:07:17,reply,6a25457700000000210197b7,6a257e3d000000002902c0a1,complete,endpoint_exhausted,0,0,0,chengdu,aliyun_chengdu,deep_chengdu,9344,43,complete,GK2026D1,,
2026-08-24T05:07:17,reply,6a25457700000000210197b7,6a257e1900000000270283e5,complete,endpoint_exhausted,0,0,0,chengdu,aliyun_chengdu,deep_chengdu,9344,43,complete,GK2026D1,,
2026-08-24T05:07:17,reply,6a25457700000000210197b7,6a257d15000000002900c2f1,complete,endpoint_exhausted,0,0,0,chengdu,aliyun_chengdu,deep_chengdu,9344,43,complete,GK2026D1,,
2026-08-24T05:07:17,reply,6a25457700000000210197b7,6a257ca9000000002a00522a,complete,endpoint_exhausted,0,0,0,chengdu,aliyun_chengdu,deep_chengdu,9344,43,complete,GK2026D1,,
2026-08-24T05:07:33,reply,6a25457700000000210197b7,6a257c9e0000000027023fd0,complete,endpoint_exhausted,0,0,0,chengdu,aliyun_chengdu,deep_chengdu,9344,43,complete,GK2026D1,,
2026-08-24T05:07:33,reply,6a25457700000000210197b7,6a257bc60000000027016e37,complete,endpoint_exhausted,0,0,0,chengdu,aliyun_chengdu,deep_chengdu,9344,43,complete,GK2026D1,,
2026-08-24T05:07:33,reply,6a25457700000000210197b7,6a257b2c000000002a025f3b,complete,endpoint_exhausted,0,0,0,chengdu,aliyun_chengdu,deep_chengdu,9344,43,complete,GK2026D1,,
2026-08-24T05:07:33,reply,6a25457700000000210197b7,6a257adc000000002a0250b6,complete,endpoint_exhausted,0,0,0,chengdu,aliyun_chengdu,deep_chengdu,9344,43,complete,GK2026D1,,
2026-08-24T05:07:33,reply,6a25457700000000210197b7,6a257a17000000002a026436,complete,endpoint_exhausted,0,0,0,chengdu,aliyun_chengdu,deep_chengdu,9344,43,complete,GK2026D1,,
2026-08-24T05:07:33,reply,6a25457700000000210197b7,6a25797c000000002a02d0c8,complete,endpoint_exhausted,0,0,0,chengdu,aliyun_chengdu,deep_chengdu,9344,43,complete,GK2026D1,,
2026-08-24T05:07:33,reply,6a25457700000000210197b7,6a2578d40000000027029d24,complete,endpoint_exhausted,0,0,0,chengdu,aliyun_chengdu,deep_chengdu,9344,43,complete,GK2026D1,,
2026-08-24T05:07:33,reply,6a25457700000000210197b7,6a2578a90000000027029327,complete,endpoint_exhausted,0,0,0,chengdu,aliyun_chengdu,deep_chengdu,9344,43,complete,GK2026D1,,
2026-08-24T05:07:33,reply,6a25457700000000210197b7,6a25775a000000002903405d,complete,endpoint_exhausted,0,0,0,chengdu,aliyun_chengdu,deep_chengdu,9344,43,complete,GK2026D1,,
2026-08-24T05:07:33,reply,6a25457700000000210197b7,6a25767b000000002702cc78,complete,endpoint_exhausted,0,0,0,chengdu,aliyun_chengdu,deep_chengdu,9344,43,complete,GK2026D1,,
2026-08-24T05:07:49,reply,6a25457700000000210197b7,6a2575d60000000029010b87,complete,endpoint_exhausted,0,0,0,chengdu,aliyun_chengdu,deep_chengdu,9344,43,complete,GK2026D1,,
2026-08-24T05:07:49,reply,6a25457700000000210197b7,6a257555000000002701747c,complete,endpoint_exhausted,0,0,0,chengdu,aliyun_chengdu,deep_chengdu,9344,43,complete,GK2026D1,,
2026-08-24T05:07:49,reply,6a25457700000000210197b7,6a25748800000000290135d6,complete,endpoint_exhausted,0,0,0,chengdu,aliyun_chengdu,deep_chengdu,9344,43,complete,GK2026D1,,
2026-08-24T05:07:49,reply,6a25457700000000210197b7,6a257446000000000d021402,complete,endpoint_exhausted,0,0,0,chengdu,aliyun_chengdu,deep_chengdu,9344,43,complete,GK2026D1,,
2026-08-24T05:07:49,reply,6a25457700000000210197b7,6a2574160000000027016756,complete,endpoint_exhausted,0,0,0,chengdu,aliyun_chengdu,deep_chengdu,9344,43,complete,GK2026D1,,
2026-08-24T05:07:49,reply,6a25457700000000210197b7,6a2573dc0000000029018c0b,complete,endpoint_exhausted,0,0,0,chengdu,aliyun_chengdu,deep_chengdu,9344,43,complete,GK2026D1,,
2026-08-24T05:07:49,reply,6a25457700000000210197b7,6a2573c800000000280394da,complete,endpoint_exhausted,0,0,0,chengdu,aliyun_chengdu,deep_chengdu,9344,43,complete,GK2026D1,,
2026-08-24T05:07:49,reply,6a25457700000000210197b7,6a257384000000000d022800,complete,endpoint_exhausted,0,0,0,chengdu,aliyun_chengdu,deep_chengdu,9344,43,complete,GK2026D1,,
2026-08-24T05:07:49,reply,6a25457700000000210197b7,6a2572b9000000002a02f0bc,complete,endpoint_exhausted,0,0,0,chengdu,aliyun_chengdu,deep_chengdu,9344,43,complete,GK2026D1,,
2026-08-24T05:07:49,reply,6a25457700000000210197b7,6a2572a1000000002803ffbb,complete,endpoint_exhausted,0,0,0,chengdu,aliyun_chengdu,deep_chengdu,9344,43,complete,GK2026D1,,
2026-08-24T05:08:05,reply,6a25457700000000210197b7,6a257285000000002b001fc4,complete,endpoint_exhausted,0,0,0,chengdu,aliyun_chengdu,deep_chengdu,9344,43,complete,GK2026D1,,
2026-08-24T05:08:05,reply,6a25457700000000210197b7,6a257264000000002a032d71,complete,endpoint_exhausted,0,0,0,chengdu,aliyun_chengdu,deep_chengdu,9344,43,complete,GK2026D1,,
2026-08-24T05:08:05,reply,6a25457700000000210197b7,6a25723e000000002a02dafb,complete,endpoint_exhausted,0,0,0,chengdu,aliyun_chengdu,deep_chengdu,9344,43,complete,GK2026D1,,
2026-08-24T05:08:05,reply,6a25457700000000210197b7,6a257226000000002702b05a,complete,endpoint_exhausted,0,0,0,chengdu,aliyun_chengdu,deep_chengdu,9344,43,complete,GK2026D1,,
2026-08-24T05:08:05,reply,6a25457700000000210197b7,6a25721100000000280373e9,complete,endpoint_exhausted,0,0,0,chengdu,aliyun_chengdu,deep_chengdu,9344,43,complete,GK2026D1,,
2026-08-24T05:08:05,reply,6a25457700000000210197b7,6a2571dd000000002900da9e,complete,endpoint_exhausted,0,0,0,chengdu,aliyun_chengdu,deep_chengdu,9344,43,complete,GK2026D1,,
2026-08-24T05:08:05,reply,6a25457700000000210197b7,6a2571c6000000002702e6f8,complete,endpoint_exhausted,0,0,0,chengdu,aliyun_chengdu,deep_chengdu,9344,43,complete,GK2026D1,,
2026-08-24T05:08:05,reply,6a25457700000000210197b7,6a2571c30000000028035e12,complete,endpoint_exhausted,0,0,0,chengdu,aliyun_chengdu,deep_chengdu,9344,43,complete,GK2026D1,,
2026-08-24T05:08:05,reply,6a25457700000000210197b7,6a2571c20000000028035dc5,complete,endpoint_exhausted,0,0,0,chengdu,aliyun_chengdu,deep_chengdu,9344,43,complete,GK2026D1,,
2026-08-24T05:08:05,reply,6a25457700000000210197b7,6a2571ba00000000280091f6,complete,endpoint_exhausted,0,0,0,chengdu,aliyun_chengdu,deep_chengdu,9344,43,complete,GK2026D1,,
2026-08-24T05:08:22,reply,6a25457700000000210197b7,6a25714a0000000029011ed0,complete,endpoint_exhausted,0,0,0,chengdu,aliyun_chengdu,deep_chengdu,9344,43,complete,GK2026D1,,
2026-08-24T05:08:22,reply,6a25457700000000210197b7,6a257122000000000d022802,complete,endpoint_exhausted,0,0,0,chengdu,aliyun_chengdu,deep_chengdu,9344,43,complete,GK2026D1,,
2026-08-24T05:08:22,reply,6a25457700000000210197b7,6a2570fc000000002a02e1a7,complete,endpoint_exhausted,0,0,0,chengdu,aliyun_chengdu,deep_chengdu,9344,43,complete,GK2026D1,,
2026-08-24T05:08:22,reply,6a25457700000000210197b7,6a2570d80000000028035cb1,complete,endpoint_exhausted,0,0,0,chengdu,aliyun_chengdu,deep_chengdu,9344,43,complete,GK2026D1,,
2026-08-24T05:08:22,reply,6a25457700000000210197b7,6a2570d0000000002a0072f2,complete,endpoint_exhausted,0,0,0,chengdu,aliyun_chengdu,deep_chengdu,9344,43,complete,GK2026D1,,
2026-08-24T05:08:22,reply,6a25457700000000210197b7,6a2570ce0000000028009baa,complete,endpoint_exhausted,0,0,0,chengdu,aliyun_chengdu,deep_chengdu,9344,43,complete,GK2026D1,,
2026-08-24T05:08:22,reply,6a25457700000000210197b7,6a2570b8000000002a02d4de,complete,endpoint_exhausted,0,0,0,chengdu,aliyun_chengdu,deep_chengdu,9344,43,complete,GK2026D1,,
2026-08-24T05:08:22,reply,6a25457700000000210197b7,6a25709e000000002a025a63,complete,endpoint_exhausted,0,0,0,chengdu,aliyun_chengdu,deep_chengdu,9344,43,complete,GK2026D1,,
2026-08-24T05:08:22,reply,6a25457700000000210197b7,6a2570960000000029012ecd,complete,endpoint_exhausted,0,0,0,chengdu,aliyun_chengdu,deep_chengdu,9344,43,complete,GK2026D1,,
2026-08-24T05:08:22,reply,6a25457700000000210197b7,6a257090000000002702cead,complete,endpoint_exhausted,0,0,0,chengdu,aliyun_chengdu,deep_chengdu,9344,43,complete,GK2026D1,,
2026-08-24T05:08:38,reply,6a25457700000000210197b7,6a2570570000000029037f42,complete,endpoint_exhausted,0,0,0,chengdu,aliyun_chengdu,deep_chengdu,9344,43,complete,GK2026D1,,
2026-08-24T05:08:38,reply,6a25457700000000210197b7,6a256fd9000000002901391a,complete,endpoint_exhausted,0,0,0,chengdu,aliyun_chengdu,deep_chengdu,9344,43,complete,GK2026D1,,
2026-08-24T05:08:38,reply,6a25457700000000210197b7,6a256f7b000000002b024b4e,complete,endpoint_exhausted,0,0,0,chengdu,aliyun_chengdu,deep_chengdu,9344,43,complete,GK2026D1,,
2026-08-24T05:08:38,reply,6a25457700000000210197b7,6a256f4b000000002803a5e2,complete,endpoint_exhausted,0,0,0,chengdu,aliyun_chengdu,deep_chengdu,9344,43,complete,GK2026D1,,
2026-08-24T05:08:38,reply,6a25457700000000210197b7,6a256f2d000000002b027cd6,complete,endpoint_exhausted,0,0,0,chengdu,aliyun_chengdu,deep_chengdu,9344,43,complete,GK2026D1,,
2026-08-24T05:08:38,reply,6a25457700000000210197b7,6a256e7b000000002702fe23,complete,endpoint_exhausted,0,0,0,chengdu,aliyun_chengdu,deep_chengdu,9344,43,complete,GK2026D1,,
2026-08-24T05:08:38,reply,6a25457700000000210197b7,6a256e63000000002901b8cd,complete,endpoint_exhausted,0,0,0,chengdu,aliyun_chengdu,deep_chengdu,9344,43,complete,GK2026D1,,
2026-08-24T05:08:38,reply,6a25457700000000210197b7,6a256dfc000000002b02bdf9,complete,endpoint_exhausted,0,0,0,chengdu,aliyun_chengdu,deep_chengdu,9344,43,complete,GK2026D1,,
2026-08-24T05:08:38,reply,6a25457700000000210197b7,6a256db6000000002803132f,complete,endpoint_exhausted,0,0,0,chengdu,aliyun_chengdu,deep_chengdu,9344,43,complete,GK2026D1,,
2026-08-24T05:08:38,reply,6a25457700000000210197b7,6a256dab000000002a02c5dc,complete,endpoint_exhausted,0,0,0,chengdu,aliyun_chengdu,deep_chengdu,9344,43,complete,GK2026D1,,
2026-08-24T05:08:54,reply,6a25457700000000210197b7,6a256d58000000002900e339,complete,endpoint_exhausted,0,0,0,chengdu,aliyun_chengdu,deep_chengdu,9344,43,complete,GK2026D1,,
2026-08-24T05:08:54,reply,6a25457700000000210197b7,6a256d4e000000002702b523,complete,endpoint_exhausted,0,0,0,chengdu,aliyun_chengdu,deep_chengdu,9344,43,complete,GK2026D1,,
2026-08-24T05:08:54,reply,6a25457700000000210197b7,6a256cfb000000002a006e52,complete,endpoint_exhausted,0,0,0,chengdu,aliyun_chengdu,deep_chengdu,9344,43,complete,GK2026D1,,
2026-08-24T05:08:54,reply,6a25457700000000210197b7,6a256cee0000000029035744,complete,endpoint_exhausted,0,0,0,chengdu,aliyun_chengdu,deep_chengdu,9344,43,complete,GK2026D1,,
2026-08-24T05:08:54,reply,6a25457700000000210197b7,6a256cd6000000002a02dba0,complete,endpoint_exhausted,0,0,0,chengdu,aliyun_chengdu,deep_chengdu,9344,43,complete,GK2026D1,,
2026-08-24T05:08:54,reply,6a25457700000000210197b7,6a256cb7000000002900f742,complete,endpoint_exhausted,0,0,0,chengdu,aliyun_chengdu,deep_chengdu,9344,43,complete,GK2026D1,,
2026-08-24T05:08:54,reply,6a25457700000000210197b7,6a256ca800000000270288c4,complete,endpoint_exhausted,0,0,0,chengdu,aliyun_chengdu,deep_chengdu,9344,43,complete,GK2026D1,,
2026-08-24T05:08:54,reply,6a25457700000000210197b7,6a256c9c000000002902fcf5,complete,endpoint_exhausted,0,0,0,chengdu,aliyun_chengdu,deep_chengdu,9344,43,complete,GK2026D1,,
2026-08-24T05:08:54,reply,6a25457700000000210197b7,6a256c91000000002803f46c,complete,endpoint_exhausted,0,0,0,chengdu,aliyun_chengdu,deep_chengdu,9344,43,complete,GK2026D1,,
2026-08-24T05:08:54,reply,6a25457700000000210197b7,6a256c7a0000000029037e84,complete,endpoint_exhausted,0,0,0,chengdu,aliyun_chengdu,deep_chengdu,9344,43,complete,GK2026D1,,
2026-08-24T05:09:10,reply,6a25457700000000210197b7,6a256c41000000002b002d47,complete,endpoint_exhausted,0,0,0,chengdu,aliyun_chengdu,deep_chengdu,9344,43,complete,GK2026D1,,
2026-08-24T05:09:10,reply,6a25457700000000210197b7,6a256bc5000000002b028ead,complete,endpoint_exhausted,0,0,0,chengdu,aliyun_chengdu,deep_chengdu,9344,43,complete,GK2026D1,,
2026-08-24T05:09:10,reply,6a25457700000000210197b7,6a256b2e0000000027015f34,complete,endpoint_exhausted,0,0,0,chengdu,aliyun_chengdu,deep_chengdu,9344,43,complete,GK2026D1,,
2026-08-24T05:09:10,reply,6a25457700000000210197b7,6a256a08000000002b0007b4,complete,endpoint_exhausted,0,0,0,chengdu,aliyun_chengdu,deep_chengdu,9344,43,complete,GK2026D1,,
2026-08-24T05:09:10,reply,6a25457700000000210197b7,6a2569b5000000002b026ae4,complete,endpoint_exhausted,0,0,0,chengdu,aliyun_chengdu,deep_chengdu,9344,43,complete,GK2026D1,,
2026-08-24T05:09:10,reply,6a25457700000000210197b7,6a2568760000000028033933,complete,endpoint_exhausted,0,0,0,chengdu,aliyun_chengdu,deep_chengdu,9344,43,complete,GK2026D1,,
2026-08-24T05:09:10,reply,6a25457700000000210197b7,6a2567a80000000028036855,complete,endpoint_exhausted,0,0,0,chengdu,aliyun_chengdu,deep_chengdu,9344,43,complete,GK2026D1,,
2026-08-24T05:09:10,reply,6a25457700000000210197b7,6a25679b000000002901188d,complete,endpoint_exhausted,0,0,0,chengdu,aliyun_chengdu,deep_chengdu,9344,43,complete,GK2026D1,,
2026-08-24T05:09:10,reply,6a25457700000000210197b7,6a25669b000000002900de11,complete,endpoint_exhausted,0,0,0,chengdu,aliyun_chengdu,deep_chengdu,9344,43,complete,GK2026D1,,
2026-08-24T05:09:10,reply,6a25457700000000210197b7,6a2566160000000028037ffc,complete,endpoint_exhausted,0,0,0,chengdu,aliyun_chengdu,deep_chengdu,9344,43,complete,GK2026D1,,
2026-08-24T05:09:27,reply,6a25457700000000210197b7,6a2565d3000000002a004c1c,complete,endpoint_exhausted,0,0,0,chengdu,aliyun_chengdu,deep_chengdu,9344,43,complete,GK2026D1,,
2026-08-24T05:09:27,reply,6a25457700000000210197b7,6a25655d000000002902d25b,complete,endpoint_exhausted,0,0,0,chengdu,aliyun_chengdu,deep_chengdu,9344,43,complete,GK2026D1,,
2026-08-24T05:09:27,reply,6a25457700000000210197b7,6a25650d000000002a025a44,complete,endpoint_exhausted,0,0,0,chengdu,aliyun_chengdu,deep_chengdu,9344,43,complete,GK2026D1,,
2026-08-24T05:09:27,reply,6a25457700000000210197b7,6a2564fa0000000028032224,complete,endpoint_exhausted,0,0,0,chengdu,aliyun_chengdu,deep_chengdu,9344,43,complete,GK2026D1,,
2026-08-24T05:09:27,reply,6a25457700000000210197b7,6a2564e7000000002a025331,complete,endpoint_exhausted,0,0,0,chengdu,aliyun_chengdu,deep_chengdu,9344,43,complete,GK2026D1,,
2026-08-24T05:09:27,reply,6a25457700000000210197b7,6a256460000000002900c2f8,complete,endpoint_exhausted,0,0,0,chengdu,aliyun_chengdu,deep_chengdu,9344,43,complete,GK2026D1,,
2026-08-24T05:09:27,reply,6a25457700000000210197b7,6a25640400000000270289b7,complete,endpoint_exhausted,0,0,0,chengdu,aliyun_chengdu,deep_chengdu,9344,43,complete,GK2026D1,,
2026-08-24T05:09:27,reply,6a25457700000000210197b7,6a2563ea000000002701eae3,complete,endpoint_exhausted,0,0,0,chengdu,aliyun_chengdu,deep_chengdu,9344,43,complete,GK2026D1,,
2026-08-24T05:09:27,reply,6a25457700000000210197b7,6a256374000000002b024476,complete,endpoint_exhausted,0,0,0,chengdu,aliyun_chengdu,deep_chengdu,9344,43,complete,GK2026D1,,
2026-08-24T05:09:27,reply,6a25457700000000210197b7,6a256302000000002900e97e,complete,endpoint_exhausted,0,0,0,chengdu,aliyun_chengdu,deep_chengdu,9344,43,complete,GK2026D1,,
2026-08-24T05:09:43,reply,6a25457700000000210197b7,6a2562750000000029026938,complete,endpoint_exhausted,0,0,0,chengdu,aliyun_chengdu,deep_chengdu,9344,43,complete,GK2026D1,,
2026-08-24T05:09:43,reply,6a25457700000000210197b7,6a25608a00000000280389fa,complete,endpoint_exhausted,0,0,0,chengdu,aliyun_chengdu,deep_chengdu,9344,43,complete,GK2026D1,,
2026-08-24T05:09:43,reply,6a25457700000000210197b7,6a256072000000002803442e,complete,endpoint_exhausted,0,0,0,chengdu,aliyun_chengdu,deep_chengdu,9344,43,complete,GK2026D1,,
2026-08-24T05:09:43,reply,6a25457700000000210197b7,6a25602d000000002803742b,complete,endpoint_exhausted,0,0,0,chengdu,aliyun_chengdu,deep_chengdu,9344,43,complete,GK2026D1,,
2026-08-24T05:09:43,reply,6a25457700000000210197b7,6a25600700000000270141df,complete,endpoint_exhausted,0,0,0,chengdu,aliyun_chengdu,deep_chengdu,9344,43,complete,GK2026D1,,
2026-08-24T05:09:43,reply,6a25457700000000210197b7,6a25600300000000280324ce,complete,endpoint_exhausted,0,0,0,chengdu,aliyun_chengdu,deep_chengdu,9344,43,complete,GK2026D1,,
2026-08-24T05:09:43,reply,6a25457700000000210197b7,6a255f81000000002a030636,complete,endpoint_exhausted,0,0,0,chengdu,aliyun_chengdu,deep_chengdu,9344,43,complete,GK2026D1,,
2026-08-24T05:09:43,reply,6a25457700000000210197b7,6a255f3a000000002b028751,complete,endpoint_exhausted,0,0,0,chengdu,aliyun_chengdu,deep_chengdu,9344,43,complete,GK2026D1,,
2026-08-24T05:09:43,reply,6a25457700000000210197b7,6a255f34000000002a004d07,complete,endpoint_exhausted,0,0,0,chengdu,aliyun_chengdu,deep_chengdu,9344,43,complete,GK2026D1,,
2026-08-24T05:09:43,reply,6a25457700000000210197b7,6a255f18000000002a033208,complete,endpoint_exhausted,0,0,0,chengdu,aliyun_chengdu,deep_chengdu,9344,43,complete,GK2026D1,,
2026-08-24T05:09:59,reply,6a25457700000000210197b7,6a255f0f000000002a0273e8,complete,endpoint_exhausted,0,0,0,chengdu,aliyun_chengdu,deep_chengdu,9344,43,complete,GK2026D1,,
2026-08-24T05:09:59,reply,6a25457700000000210197b7,6a255eff000000002803235c,complete,endpoint_exhausted,0,0,0,chengdu,aliyun_chengdu,deep_chengdu,9344,43,complete,GK2026D1,,
2026-08-24T05:09:59,reply,6a25457700000000210197b7,6a255eaf000000002900d287,complete,endpoint_exhausted,0,0,0,chengdu,aliyun_chengdu,deep_chengdu,9344,43,complete,GK2026D1,,
2026-08-24T05:09:59,reply,6a25457700000000210197b7,6a255eaa0000000029027804,complete,endpoint_exhausted,0,0,0,chengdu,aliyun_chengdu,deep_chengdu,9344,43,complete,GK2026D1,,
2026-08-24T05:09:59,reply,6a25457700000000210197b7,6a255ea4000000002900cfc9,complete,endpoint_exhausted,0,0,0,chengdu,aliyun_chengdu,deep_chengdu,9344,43,complete,GK2026D1,,
2026-08-24T05:09:59,reply,6a25457700000000210197b7,6a255cc00000000029026468,complete,endpoint_exhausted,0,0,0,chengdu,aliyun_chengdu,deep_chengdu,9344,43,complete,GK2026D1,,
2026-08-24T05:09:59,reply,6a25457700000000210197b7,6a255cab000000002902f879,complete,endpoint_exhausted,0,0,0,chengdu,aliyun_chengdu,deep_chengdu,9344,43,complete,GK2026D1,,
2026-08-24T05:09:59,reply,6a25457700000000210197b7,6a255c72000000002a0273f0,complete,endpoint_exhausted,0,0,0,chengdu,aliyun_chengdu,deep_chengdu,9344,43,complete,GK2026D1,,
2026-08-24T05:09:59,reply,6a25457700000000210197b7,6a255c16000000002a007ad9,complete,endpoint_exhausted,0,0,0,chengdu,aliyun_chengdu,deep_chengdu,9344,43,complete,GK2026D1,,
2026-08-24T05:09:59,reply,6a25457700000000210197b7,6a255bfa0000000028039b1b,complete,endpoint_exhausted,0,0,0,chengdu,aliyun_chengdu,deep_chengdu,9344,43,complete,GK2026D1,,
2026-08-24T05:10:16,reply,6a25457700000000210197b7,6a255b930000000029034455,complete,endpoint_exhausted,0,0,0,chengdu,aliyun_chengdu,deep_chengdu,9344,43,complete,GK2026D1,,
2026-08-24T05:10:16,reply,6a25457700000000210197b7,6a255b67000000002803710d,complete,endpoint_exhausted,0,0,0,chengdu,aliyun_chengdu,deep_chengdu,9344,43,complete,GK2026D1,,
2026-08-24T05:10:16,reply,6a25457700000000210197b7,6a255a76000000002a0069d2,complete,endpoint_exhausted,0,0,0,chengdu,aliyun_chengdu,deep_chengdu,9344,43,complete,GK2026D1,,
2026-08-24T05:10:16,reply,6a25457700000000210197b7,6a255a63000000002803ede6,complete,endpoint_exhausted,0,0,0,chengdu,aliyun_chengdu,deep_chengdu,9344,43,complete,GK2026D1,,
2026-08-24T05:10:16,reply,6a25457700000000210197b7,6a255a0d0000000028033347,complete,endpoint_exhausted,0,0,0,chengdu,aliyun_chengdu,deep_chengdu,9344,43,complete,GK2026D1,,
2026-08-24T05:10:16,reply,6a25457700000000210197b7,6a2559f20000000029037148,complete,endpoint_exhausted,0,0,0,chengdu,aliyun_chengdu,deep_chengdu,9344,43,complete,GK2026D1,,
2026-08-24T05:10:16,reply,6a25457700000000210197b7,6a2559bd0000000029010ac6,complete,endpoint_exhausted,0,0,0,chengdu,aliyun_chengdu,deep_chengdu,9344,43,complete,GK2026D1,,
2026-08-24T05:10:16,reply,6a25457700000000210197b7,6a2559ad00000000280376c5,complete,endpoint_exhausted,0,0,0,chengdu,aliyun_chengdu,deep_chengdu,9344,43,complete,GK2026D1,,
2026-08-24T05:10:16,reply,6a25457700000000210197b7,6a25597e000000002701d6cf,complete,endpoint_exhausted,0,0,0,chengdu,aliyun_chengdu,deep_chengdu,9344,43,complete,GK2026D1,,
2026-08-24T05:10:16,reply,6a25457700000000210197b7,6a255967000000000d022800,complete,endpoint_exhausted,0,0,0,chengdu,aliyun_chengdu,deep_chengdu,9344,43,complete,GK2026D1,,
2026-08-24T05:10:32,reply,6a25457700000000210197b7,6a2558d3000000002800ac8c,complete,endpoint_exhausted,0,0,0,chengdu,aliyun_chengdu,deep_chengdu,9344,43,complete,GK2026D1,,
2026-08-24T05:10:32,reply,6a25457700000000210197b7,6a2558200000000028034cad,complete,endpoint_exhausted,0,0,0,chengdu,aliyun_chengdu,deep_chengdu,9344,43,complete,GK2026D1,,
2026-08-24T05:10:32,reply,6a25457700000000210197b7,6a2557af000000002702a0e9,complete,endpoint_exhausted,0,0,0,chengdu,aliyun_chengdu,deep_chengdu,9344,43,complete,GK2026D1,,
2026-08-24T05:10:32,reply,6a25457700000000210197b7,6a2556db000000002803291f,complete,endpoint_exhausted,0,0,0,chengdu,aliyun_chengdu,deep_chengdu,9344,43,complete,GK2026D1,,
2026-08-24T05:10:32,reply,6a25457700000000210197b7,6a25569a000000002a02f678,complete,endpoint_exhausted,0,0,0,chengdu,aliyun_chengdu,deep_chengdu,9344,43,complete,GK2026D1,,
2026-08-24T05:10:32,reply,6a25457700000000210197b7,6a2555cf0000000028032612,complete,endpoint_exhausted,0,0,0,chengdu,aliyun_chengdu,deep_chengdu,9344,43,complete,GK2026D1,,
2026-08-24T05:10:32,reply,6a25457700000000210197b7,6a25557a000000002b0262da,complete,endpoint_exhausted,0,0,0,chengdu,aliyun_chengdu,deep_chengdu,9344,43,complete,GK2026D1,,
2026-08-24T05:10:32,reply,6a25457700000000210197b7,6a255496000000002b00147f,complete,endpoint_exhausted,0,0,0,chengdu,aliyun_chengdu,deep_chengdu,9344,43,complete,GK2026D1,,
2026-08-24T05:10:32,reply,6a25457700000000210197b7,6a2553bd000000002a02ebe6,complete,endpoint_exhausted,0,0,0,chengdu,aliyun_chengdu,deep_chengdu,9344,43,complete,GK2026D1,,
2026-08-24T05:10:32,reply,6a25457700000000210197b7,6a2553a7000000002b00272b,complete,endpoint_exhausted,0,0,0,chengdu,aliyun_chengdu,deep_chengdu,9344,43,complete,GK2026D1,,
2026-08-24T05:10:48,reply,6a25457700000000210197b7,6a255085000000002b0277df,complete,endpoint_exhausted,0,0,0,chengdu,aliyun_chengdu,deep_chengdu,9344,43,complete,GK2026D1,,
2026-08-24T05:10:48,reply,6a25457700000000210197b7,6a25505000000000290368ca,complete,endpoint_exhausted,0,0,0,chengdu,aliyun_chengdu,deep_chengdu,9344,43,complete,GK2026D1,,
2026-08-24T05:10:48,reply,6a25457700000000210197b7,6a2550360000000027022b85,complete,endpoint_exhausted,0,0,0,chengdu,aliyun_chengdu,deep_chengdu,9344,43,complete,GK2026D1,,
2026-08-24T05:10:48,reply,6a25457700000000210197b7,6a254ed0000000002a0337f7,complete,endpoint_exhausted,0,0,0,chengdu,aliyun_chengdu,deep_chengdu,9344,43,complete,GK2026D1,,
2026-08-24T05:10:48,reply,6a25457700000000210197b7,6a254dac000000002a005257,complete,endpoint_exhausted,0,0,0,chengdu,aliyun_chengdu,deep_chengdu,9344,43,complete,GK2026D1,,
2026-08-24T05:10:48,reply,6a25457700000000210197b7,6a254d78000000002701c45c,complete,endpoint_exhausted,0,0,0,chengdu,aliyun_chengdu,deep_chengdu,9344,43,complete,GK2026D1,,
2026-08-24T05:10:48,reply,6a25457700000000210197b7,6a254d730000000028036b62,complete,endpoint_exhausted,0,0,0,chengdu,aliyun_chengdu,deep_chengdu,9344,43,complete,GK2026D1,,
2026-08-24T05:10:48,reply,6a25457700000000210197b7,6a254cfd000000002701e8a6,complete,endpoint_exhausted,0,0,0,chengdu,aliyun_chengdu,deep_chengdu,9344,43,complete,GK2026D1,,
2026-08-24T05:10:48,reply,6a25457700000000210197b7,6a254c07000000002a027fa3,complete,endpoint_exhausted,0,0,0,chengdu,aliyun_chengdu,deep_chengdu,9344,43,complete,GK2026D1,,
2026-08-24T05:10:48,reply,6a25457700000000210197b7,6a25495c000000002702d1ea,complete,endpoint_exhausted,0,0,0,chengdu,aliyun_chengdu,deep_chengdu,9344,43,complete,GK2026D1,,
2026-08-24T05:11:04,reply,6a25457700000000210197b7,6a25485d00000000290274b4,complete,endpoint_exhausted,0,0,0,chengdu,aliyun_chengdu,deep_chengdu,9344,43,complete,GK2026D1,,
2026-08-24T05:11:04,reply,6a25457700000000210197b7,6a25483a000000002b02baa5,complete,endpoint_exhausted,0,0,0,chengdu,aliyun_chengdu,deep_chengdu,9344,43,complete,GK2026D1,,
2026-08-24T05:11:04,reply,6a25457700000000210197b7,6a2548360000000027020f8f,complete,endpoint_exhausted,0,0,0,chengdu,aliyun_chengdu,deep_chengdu,9344,43,complete,GK2026D1,,
2026-08-24T05:11:04,reply,6a25457700000000210197b7,6a2547d3000000002a024719,complete,endpoint_exhausted,0,0,0,chengdu,aliyun_chengdu,deep_chengdu,9344,43,complete,GK2026D1,,
2026-08-24T05:11:04,reply,6a25457700000000210197b7,6a2547bd000000002a004514,complete,endpoint_exhausted,0,0,0,chengdu,aliyun_chengdu,deep_chengdu,9344,43,complete,GK2026D1,,
2026-08-24T05:11:04,reply,6a25457700000000210197b7,6a254778000000002a00768c,complete,endpoint_exhausted,0,0,0,chengdu,aliyun_chengdu,deep_chengdu,9344,43,complete,GK2026D1,,
2026-08-24T05:11:04,reply,6a25457700000000210197b7,6a25476d000000002b029714,complete,endpoint_exhausted,0,0,0,chengdu,aliyun_chengdu,deep_chengdu,9344,43,complete,GK2026D1,,
2026-08-24T05:11:04,reply,6a25457700000000210197b7,6a254751000000002900cccf,complete,endpoint_exhausted,0,0,0,chengdu,aliyun_chengdu,deep_chengdu,9344,43,complete,GK2026D1,,
2026-08-24T05:11:04,reply,6a25457700000000210197b7,6a25474c000000002b00276d,complete,endpoint_exhausted,0,0,0,chengdu,aliyun_chengdu,deep_chengdu,9344,43,complete,GK2026D1,,
2026-08-24T05:11:04,reply,6a25457700000000210197b7,6a254746000000002901056d,complete,endpoint_exhausted,0,0,0,chengdu,aliyun_chengdu,deep_chengdu,9344,43,complete,GK2026D1,,
2026-08-24T05:11:21,reply,6a25457700000000210197b7,6a254737000000002901014d,complete,endpoint_exhausted,0,0,0,chengdu,aliyun_chengdu,deep_chengdu,9344,43,complete,GK2026D1,,
2026-08-24T05:11:21,reply,6a25457700000000210197b7,6a254725000000002900c1f0,complete,endpoint_exhausted,0,0,0,chengdu,aliyun_chengdu,deep_chengdu,9344,43,complete,GK2026D1,,
2026-08-24T05:11:21,reply,6a25457700000000210197b7,6a2546ff0000000028035142,complete,endpoint_exhausted,0,0,0,chengdu,aliyun_chengdu,deep_chengdu,9344,43,complete,GK2026D1,,
2026-08-24T05:11:21,reply,6a25457700000000210197b7,6a2546ef000000002702044c,complete,endpoint_exhausted,0,0,0,chengdu,aliyun_chengdu,deep_chengdu,9344,43,complete,GK2026D1,,
2026-08-24T05:11:21,reply,6a25457700000000210197b7,6a2546e3000000002a033c3a,complete,endpoint_exhausted,0,0,0,chengdu,aliyun_chengdu,deep_chengdu,9344,43,complete,GK2026D1,,
2026-08-24T05:11:21,reply,6a25457700000000210197b7,6a2546e200000000270147e5,complete,endpoint_exhausted,0,0,0,chengdu,aliyun_chengdu,deep_chengdu,9344,43,complete,GK2026D1,,
2026-08-24T05:11:21,reply,6a25457700000000210197b7,6a2546d500000000270298b5,complete,endpoint_exhausted,0,0,0,chengdu,aliyun_chengdu,deep_chengdu,9344,43,complete,GK2026D1,,
2026-08-24T05:11:21,reply,6a25457700000000210197b7,6a2546d2000000002702f150,complete,endpoint_exhausted,0,0,0,chengdu,aliyun_chengdu,deep_chengdu,9344,43,complete,GK2026D1,,
2026-08-24T05:11:21,reply,6a25457700000000210197b7,6a2546a800000000270178db,complete,endpoint_exhausted,0,0,0,chengdu,aliyun_chengdu,deep_chengdu,9344,43,complete,GK2026D1,,
2026-08-24T05:11:21,reply,6a25457700000000210197b7,6a25469e000000002a004e3d,complete,endpoint_exhausted,0,0,0,chengdu,aliyun_chengdu,deep_chengdu,9344,43,complete,GK2026D1,,
2026-08-24T05:11:37,reply,6a25457700000000210197b7,6a2546990000000028039981,complete,endpoint_exhausted,0,0,0,chengdu,aliyun_chengdu,deep_chengdu,9344,43,complete,GK2026D1,,
2026-08-24T05:11:37,reply,6a25457700000000210197b7,6a25468e000000002901a9f9,complete,endpoint_exhausted,0,0,0,chengdu,aliyun_chengdu,deep_chengdu,9344,43,complete,GK2026D1,,
2026-08-24T05:11:37,reply,6a25457700000000210197b7,6a25468b00000000270171b7,complete,endpoint_exhausted,0,0,0,chengdu,aliyun_chengdu,deep_chengdu,9344,43,complete,GK2026D1,,
2026-08-24T05:11:37,reply,6a25457700000000210197b7,6a254683000000002702ddf5,complete,endpoint_exhausted,0,0,0,chengdu,aliyun_chengdu,deep_chengdu,9344,43,complete,GK2026D1,,
2026-08-24T05:11:37,reply,6a25457700000000210197b7,6a25467c000000002b000441,complete,endpoint_exhausted,0,0,0,chengdu,aliyun_chengdu,deep_chengdu,9344,43,complete,GK2026D1,,
2026-08-24T05:12:26,reply,6a25457700000000210197b7,6a2584250000000028038bed,complete,endpoint_exhausted,3,13,13,chengdu,aliyun_chengdu,deep_chengdu,9344,43,complete,GK2026D1,,
2026-08-24T05:13:30,reply,6a25457700000000210197b7,6a256d1a000000002803d822,complete,endpoint_exhausted,4,21,21,chengdu,aliyun_chengdu,deep_chengdu,9344,43,complete,GK2026D1,,
2026-08-24T05:14:35,reply,6a25457700000000210197b7,6a255c66000000002803e6ce,complete,endpoint_exhausted,4,17,17,chengdu,aliyun_chengdu,deep_chengdu,9344,43,complete,GK2026D1,,
2026-08-24T05:14:35,reply,6a25457700000000210197b7,6a2ea251000000002803698e,complete,endpoint_exhausted,0,0,0,chengdu,aliyun_chengdu,deep_chengdu,9344,43,complete,GK2026D1,,
2026-08-24T05:14:35,reply,6a25457700000000210197b7,6a27ae24000000002701cf6f,complete,endpoint_exhausted,0,0,0,chengdu,aliyun_chengdu,deep_chengdu,9344,43,complete,GK2026D1,,
2026-08-24T05:14:51,reply,6a25457700000000210197b7,6a279dc5000000002900d7fe,complete,endpoint_exhausted,0,0,0,chengdu,aliyun_chengdu,deep_chengdu,9344,43,complete,GK2026D1,,
2026-08-24T05:14:51,reply,6a25457700000000210197b7,6a2704fa000000002701deaa,complete,endpoint_exhausted,0,0,0,chengdu,aliyun_chengdu,deep_chengdu,9344,43,complete,GK2026D1,,
2026-08-24T05:14:51,reply,6a25457700000000210197b7,6a26ebf10000000027014f87,complete,endpoint_exhausted,0,0,0,chengdu,aliyun_chengdu,deep_chengdu,9344,43,complete,GK2026D1,,
2026-08-24T05:14:51,reply,6a25457700000000210197b7,6a26e795000000002803a664,complete,endpoint_exhausted,0,0,0,chengdu,aliyun_chengdu,deep_chengdu,9344,43,complete,GK2026D1,,
2026-08-24T05:14:51,reply,6a25457700000000210197b7,6a26c8ed000000002901ab96,complete,endpoint_exhausted,0,0,0,chengdu,aliyun_chengdu,deep_chengdu,9344,43,complete,GK2026D1,,
2026-08-24T05:14:51,reply,6a25457700000000210197b7,6a269540000000002a00598d,complete,endpoint_exhausted,0,0,0,chengdu,aliyun_chengdu,deep_chengdu,9344,43,complete,GK2026D1,,
2026-08-24T05:14:51,reply,6a25457700000000210197b7,6a268a4d000000002800847f,complete,endpoint_exhausted,0,0,0,chengdu,aliyun_chengdu,deep_chengdu,9344,43,complete,GK2026D1,,
2026-08-24T05:14:51,reply,6a25457700000000210197b7,6a268519000000002b02bdb4,complete,endpoint_exhausted,0,0,0,chengdu,aliyun_chengdu,deep_chengdu,9344,43,complete,GK2026D1,,
2026-08-24T05:14:51,reply,6a25457700000000210197b7,6a267ca2000000002b029134,complete,endpoint_exhausted,0,0,0,chengdu,aliyun_chengdu,deep_chengdu,9344,43,complete,GK2026D1,,
2026-08-24T05:14:51,reply,6a25457700000000210197b7,6a2654ae000000002702b2be,complete,endpoint_exhausted,0,0,0,chengdu,aliyun_chengdu,deep_chengdu,9344,43,complete,GK2026D1,,
2026-08-24T05:15:08,reply,6a25457700000000210197b7,6a264bdf000000002a031ec3,complete,endpoint_exhausted,0,0,0,chengdu,aliyun_chengdu,deep_chengdu,9344,43,complete,GK2026D1,,
2026-08-24T05:15:08,reply,6a25457700000000210197b7,6a26119c000000002a02f34d,complete,endpoint_exhausted,0,0,0,chengdu,aliyun_chengdu,deep_chengdu,9344,43,complete,GK2026D1,,
2026-08-24T05:15:08,reply,6a25457700000000210197b7,6a25f740000000002702a991,complete,endpoint_exhausted,0,0,0,chengdu,aliyun_chengdu,deep_chengdu,9344,43,complete,GK2026D1,,
2026-08-24T05:15:08,reply,6a25457700000000210197b7,6a25d110000000002a02f87f,complete,endpoint_exhausted,0,0,0,chengdu,aliyun_chengdu,deep_chengdu,9344,43,complete,GK2026D1,,
2026-08-24T05:15:08,reply,6a25457700000000210197b7,6a25c3c5000000002902fb3e,complete,endpoint_exhausted,0,0,0,chengdu,aliyun_chengdu,deep_chengdu,9344,43,complete,GK2026D1,,
2026-08-24T05:15:08,reply,6a25457700000000210197b7,6a25b31c0000000027029314,complete,endpoint_exhausted,0,0,0,chengdu,aliyun_chengdu,deep_chengdu,9344,43,complete,GK2026D1,,
2026-08-24T05:15:08,reply,6a25457700000000210197b7,6a25aa42000000002701e4e9,complete,endpoint_exhausted,0,0,0,chengdu,aliyun_chengdu,deep_chengdu,9344,43,complete,GK2026D1,,
2026-08-24T05:15:08,reply,6a25457700000000210197b7,6a25a6c4000000002900c547,complete,endpoint_exhausted,0,0,0,chengdu,aliyun_chengdu,deep_chengdu,9344,43,complete,GK2026D1,,
2026-08-24T05:15:08,reply,6a25457700000000210197b7,6a25a0b30000000028036aee,complete,endpoint_exhausted,0,0,0,chengdu,aliyun_chengdu,deep_chengdu,9344,43,complete,GK2026D1,,
2026-08-24T05:15:08,reply,6a25457700000000210197b7,6a259e8c000000002701733b,complete,endpoint_exhausted,0,0,0,chengdu,aliyun_chengdu,deep_chengdu,9344,43,complete,GK2026D1,,
2026-08-24T05:15:24,reply,6a25457700000000210197b7,6a259e22000000002900d0e1,complete,endpoint_exhausted,0,0,0,chengdu,aliyun_chengdu,deep_chengdu,9344,43,complete,GK2026D1,,
2026-08-24T05:15:24,reply,6a25457700000000210197b7,6a2596b000000000280319a0,complete,endpoint_exhausted,0,0,0,chengdu,aliyun_chengdu,deep_chengdu,9344,43,complete,GK2026D1,,
2026-08-24T05:15:24,reply,6a25457700000000210197b7,6a258f9e000000002a0240be,complete,endpoint_exhausted,0,0,0,chengdu,aliyun_chengdu,deep_chengdu,9344,43,complete,GK2026D1,,
2026-08-24T05:15:24,reply,6a25457700000000210197b7,6a258f780000000027017c73,complete,endpoint_exhausted,0,0,0,chengdu,aliyun_chengdu,deep_chengdu,9344,43,complete,GK2026D1,,
2026-08-24T05:15:24,reply,6a25457700000000210197b7,6a258b77000000002902c0b9,complete,endpoint_exhausted,0,0,0,chengdu,aliyun_chengdu,deep_chengdu,9344,43,complete,GK2026D1,,
2026-08-24T05:15:24,reply,6a25457700000000210197b7,6a258994000000002b0281e4,complete,endpoint_exhausted,0,0,0,chengdu,aliyun_chengdu,deep_chengdu,9344,43,complete,GK2026D1,,
2026-08-24T05:15:24,reply,6a25457700000000210197b7,6a2589660000000028009f0d,complete,endpoint_exhausted,0,0,0,chengdu,aliyun_chengdu,deep_chengdu,9344,43,complete,GK2026D1,,
2026-08-24T05:15:24,reply,6a25457700000000210197b7,6a258783000000002b02552c,complete,endpoint_exhausted,0,0,0,chengdu,aliyun_chengdu,deep_chengdu,9344,43,complete,GK2026D1,,
2026-08-24T05:15:24,reply,6a25457700000000210197b7,6a2584ac000000002900f214,complete,endpoint_exhausted,0,0,0,chengdu,aliyun_chengdu,deep_chengdu,9344,43,complete,GK2026D1,,
2026-08-24T05:15:24,reply,6a25457700000000210197b7,6a2583e8000000002900c04d,complete,endpoint_exhausted,0,0,0,chengdu,aliyun_chengdu,deep_chengdu,9344,43,complete,GK2026D1,,
2026-08-24T05:15:40,reply,6a25457700000000210197b7,6a258306000000002b025852,complete,endpoint_exhausted,0,0,0,chengdu,aliyun_chengdu,deep_chengdu,9344,43,complete,GK2026D1,,
2026-08-24T05:15:40,reply,6a25457700000000210197b7,6a25821b000000002900c8f5,complete,endpoint_exhausted,0,0,0,chengdu,aliyun_chengdu,deep_chengdu,9344,43,complete,GK2026D1,,
2026-08-24T05:15:40,reply,6a25457700000000210197b7,6a2581fd000000002701d8c1,complete,endpoint_exhausted,0,0,0,chengdu,aliyun_chengdu,deep_chengdu,9344,43,complete,GK2026D1,,
2026-08-24T05:15:40,reply,6a25457700000000210197b7,6a2581ce000000002a004908,complete,endpoint_exhausted,0,0,0,chengdu,aliyun_chengdu,deep_chengdu,9344,43,complete,GK2026D1,,
2026-08-24T05:15:40,reply,6a25457700000000210197b7,6a257dc5000000002702f88d,complete,endpoint_exhausted,0,0,0,chengdu,aliyun_chengdu,deep_chengdu,9344,43,complete,GK2026D1,,
2026-08-24T05:15:40,reply,6a25457700000000210197b7,6a257d4c0000000027028c1c,complete,endpoint_exhausted,0,0,0,chengdu,aliyun_chengdu,deep_chengdu,9344,43,complete,GK2026D1,,
2026-08-24T05:15:40,reply,6a25457700000000210197b7,6a257cc10000000028035b7d,complete,endpoint_exhausted,0,0,0,chengdu,aliyun_chengdu,deep_chengdu,9344,43,complete,GK2026D1,,
2026-08-24T05:15:40,reply,6a25457700000000210197b7,6a257cbe000000002b02684e,complete,endpoint_exhausted,0,0,0,chengdu,aliyun_chengdu,deep_chengdu,9344,43,complete,GK2026D1,,
2026-08-24T05:15:40,reply,6a25457700000000210197b7,6a257c7b000000002b02594e,complete,endpoint_exhausted,0,0,0,chengdu,aliyun_chengdu,deep_chengdu,9344,43,complete,GK2026D1,,
2026-08-24T05:15:40,reply,6a25457700000000210197b7,6a257be50000000029018dea,complete,endpoint_exhausted,0,0,0,chengdu,aliyun_chengdu,deep_chengdu,9344,43,complete,GK2026D1,,
2026-08-24T05:15:57,reply,6a25457700000000210197b7,6a257b04000000002902e3e7,complete,endpoint_exhausted,0,0,0,chengdu,aliyun_chengdu,deep_chengdu,9344,43,complete,GK2026D1,,
2026-08-24T05:15:57,reply,6a25457700000000210197b7,6a257a0600000000270212f5,complete,endpoint_exhausted,0,0,0,chengdu,aliyun_chengdu,deep_chengdu,9344,43,complete,GK2026D1,,
2026-08-24T05:15:57,reply,6a25457700000000210197b7,6a2577780000000028008fe5,complete,endpoint_exhausted,0,0,0,chengdu,aliyun_chengdu,deep_chengdu,9344,43,complete,GK2026D1,,
2026-08-24T05:15:57,reply,6a25457700000000210197b7,6a257573000000002800871b,complete,endpoint_exhausted,0,0,0,chengdu,aliyun_chengdu,deep_chengdu,9344,43,complete,GK2026D1,,
2026-08-24T05:15:57,reply,6a25457700000000210197b7,6a25746b000000002800bfa8,complete,endpoint_exhausted,0,0,0,chengdu,aliyun_chengdu,deep_chengdu,9344,43,complete,GK2026D1,,
2026-08-24T05:15:57,reply,6a25457700000000210197b7,6a257446000000002a02ff21,complete,endpoint_exhausted,0,0,0,chengdu,aliyun_chengdu,deep_chengdu,9344,43,complete,GK2026D1,,
2026-08-24T05:15:57,reply,6a25457700000000210197b7,6a257380000000002803f0fa,complete,endpoint_exhausted,0,0,0,chengdu,aliyun_chengdu,deep_chengdu,9344,43,complete,GK2026D1,,
2026-08-24T05:15:57,reply,6a25457700000000210197b7,6a257371000000002803066c,complete,endpoint_exhausted,0,0,0,chengdu,aliyun_chengdu,deep_chengdu,9344,43,complete,GK2026D1,,
2026-08-24T05:15:57,reply,6a25457700000000210197b7,6a25727b0000000029024d89,complete,endpoint_exhausted,0,0,0,chengdu,aliyun_chengdu,deep_chengdu,9344,43,complete,GK2026D1,,
2026-08-24T05:15:57,reply,6a25457700000000210197b7,6a257227000000002b0257e3,complete,endpoint_exhausted,0,0,0,chengdu,aliyun_chengdu,deep_chengdu,9344,43,complete,GK2026D1,,
2026-08-24T05:16:13,reply,6a25457700000000210197b7,6a25720e000000002a02d22e,complete,endpoint_exhausted,0,0,0,chengdu,aliyun_chengdu,deep_chengdu,9344,43,complete,GK2026D1,,
2026-08-24T05:16:13,reply,6a25457700000000210197b7,6a257147000000002a0338c0,complete,endpoint_exhausted,0,0,0,chengdu,aliyun_chengdu,deep_chengdu,9344,43,complete,GK2026D1,,
2026-08-24T05:16:13,reply,6a25457700000000210197b7,6a2570ac0000000027028e2d,complete,endpoint_exhausted,0,0,0,chengdu,aliyun_chengdu,deep_chengdu,9344,43,complete,GK2026D1,,
2026-08-24T05:16:13,reply,6a25457700000000210197b7,6a25706b000000002a025120,complete,endpoint_exhausted,0,0,0,chengdu,aliyun_chengdu,deep_chengdu,9344,43,complete,GK2026D1,,
2026-08-24T05:16:13,reply,6a25457700000000210197b7,6a2570160000000027016609,complete,endpoint_exhausted,0,0,0,chengdu,aliyun_chengdu,deep_chengdu,9344,43,complete,GK2026D1,,
2026-08-24T05:16:13,reply,6a25457700000000210197b7,6a256ecd000000002b02ab1e,complete,endpoint_exhausted,0,0,0,chengdu,aliyun_chengdu,deep_chengdu,9344,43,complete,GK2026D1,,
2026-08-24T05:16:13,reply,6a25457700000000210197b7,6a256dad0000000029019522,complete,endpoint_exhausted,0,0,0,chengdu,aliyun_chengdu,deep_chengdu,9344,43,complete,GK2026D1,,
2026-08-24T05:16:13,reply,6a25457700000000210197b7,6a256d5e000000002800bbe0,complete,endpoint_exhausted,0,0,0,chengdu,aliyun_chengdu,deep_chengdu,9344,43,complete,GK2026D1,,
2026-08-24T05:16:13,reply,6a25457700000000210197b7,6a256d2b000000002803631d,complete,endpoint_exhausted,0,0,0,chengdu,aliyun_chengdu,deep_chengdu,9344,43,complete,GK2026D1,,
2026-08-24T05:16:13,reply,6a25457700000000210197b7,6a256cc2000000002702905c,complete,endpoint_exhausted,0,0,0,chengdu,aliyun_chengdu,deep_chengdu,9344,43,complete,GK2026D1,,
2026-08-24T05:16:29,reply,6a25457700000000210197b7,6a256b33000000002800ab50,complete,endpoint_exhausted,0,0,0,chengdu,aliyun_chengdu,deep_chengdu,9344,43,complete,GK2026D1,,
2026-08-24T05:16:29,reply,6a25457700000000210197b7,6a25697e000000002803aaff,complete,endpoint_exhausted,0,0,0,chengdu,aliyun_chengdu,deep_chengdu,9344,43,complete,GK2026D1,,
2026-08-24T05:16:29,reply,6a25457700000000210197b7,6a2568a300000000290377f2,complete,endpoint_exhausted,0,0,0,chengdu,aliyun_chengdu,deep_chengdu,9344,43,complete,GK2026D1,,
2026-08-24T05:16:29,reply,6a25457700000000210197b7,6a25688f00000000290117c8,complete,endpoint_exhausted,0,0,0,chengdu,aliyun_chengdu,deep_chengdu,9344,43,complete,GK2026D1,,
2026-08-24T05:16:29,reply,6a25457700000000210197b7,6a2565b2000000002900dea3,complete,endpoint_exhausted,0,0,0,chengdu,aliyun_chengdu,deep_chengdu,9344,43,complete,GK2026D1,,
2026-08-24T05:16:29,reply,6a25457700000000210197b7,6a256597000000002701dde4,complete,endpoint_exhausted,0,0,0,chengdu,aliyun_chengdu,deep_chengdu,9344,43,complete,GK2026D1,,
2026-08-24T05:16:29,reply,6a25457700000000210197b7,6a25643c0000000029027ef7,complete,endpoint_exhausted,0,0,0,chengdu,aliyun_chengdu,deep_chengdu,9344,43,complete,GK2026D1,,
2026-08-24T05:16:29,reply,6a25457700000000210197b7,6a25641a0000000028037639,complete,endpoint_exhausted,0,0,0,chengdu,aliyun_chengdu,deep_chengdu,9344,43,complete,GK2026D1,,
2026-08-24T05:16:29,reply,6a25457700000000210197b7,6a25634f000000002803e7ae,complete,endpoint_exhausted,0,0,0,chengdu,aliyun_chengdu,deep_chengdu,9344,43,complete,GK2026D1,,
2026-08-24T05:16:29,reply,6a25457700000000210197b7,6a2562a2000000002a007dca,complete,endpoint_exhausted,0,0,0,chengdu,aliyun_chengdu,deep_chengdu,9344,43,complete,GK2026D1,,
2026-08-24T05:16:45,reply,6a25457700000000210197b7,6a256253000000002b024a58,complete,endpoint_exhausted,0,0,0,chengdu,aliyun_chengdu,deep_chengdu,9344,43,complete,GK2026D1,,
2026-08-24T05:16:45,reply,6a25457700000000210197b7,6a2560e3000000002803ca8e,complete,endpoint_exhausted,0,0,0,chengdu,aliyun_chengdu,deep_chengdu,9344,43,complete,GK2026D1,,
2026-08-24T05:16:45,reply,6a25457700000000210197b7,6a256028000000002b026875,complete,endpoint_exhausted,0,0,0,chengdu,aliyun_chengdu,deep_chengdu,9344,43,complete,GK2026D1,,
2026-08-24T05:16:45,reply,6a25457700000000210197b7,6a255ce600000000270204c4,complete,endpoint_exhausted,0,0,0,chengdu,aliyun_chengdu,deep_chengdu,9344,43,complete,GK2026D1,,
2026-08-24T05:16:45,reply,6a25457700000000210197b7,6a255bdd000000002a025818,complete,endpoint_exhausted,0,0,0,chengdu,aliyun_chengdu,deep_chengdu,9344,43,complete,GK2026D1,,
2026-08-24T05:16:45,reply,6a25457700000000210197b7,6a255990000000002900c6f2,complete,endpoint_exhausted,0,0,0,chengdu,aliyun_chengdu,deep_chengdu,9344,43,complete,GK2026D1,,
2026-08-24T05:16:45,reply,6a25457700000000210197b7,6a2551e6000000002803e29b,complete,endpoint_exhausted,0,0,0,chengdu,aliyun_chengdu,deep_chengdu,9344,43,complete,GK2026D1,,
2026-08-24T05:16:45,reply,6a25457700000000210197b7,6a25516c0000000028036adf,complete,endpoint_exhausted,0,0,0,chengdu,aliyun_chengdu,deep_chengdu,9344,43,complete,GK2026D1,,
2026-08-24T05:16:45,reply,6a25457700000000210197b7,6a255035000000002902577c,complete,endpoint_exhausted,0,0,0,chengdu,aliyun_chengdu,deep_chengdu,9344,43,complete,GK2026D1,,
2026-08-24T05:16:45,reply,6a25457700000000210197b7,6a255029000000002a0338cc,complete,endpoint_exhausted,0,0,0,chengdu,aliyun_chengdu,deep_chengdu,9344,43,complete,GK2026D1,,
2026-08-24T05:17:02,reply,6a25457700000000210197b7,6a254fb70000000027020b7b,complete,endpoint_exhausted,0,0,0,chengdu,aliyun_chengdu,deep_chengdu,9344,43,complete,GK2026D1,,
2026-08-24T05:17:02,reply,6a25457700000000210197b7,6a254d14000000002701edc8,complete,endpoint_exhausted,0,0,0,chengdu,aliyun_chengdu,deep_chengdu,9344,43,complete,GK2026D1,,
2026-08-24T05:17:02,reply,6a25457700000000210197b7,6a254bbe0000000029011754,complete,endpoint_exhausted,0,0,0,chengdu,aliyun_chengdu,deep_chengdu,9344,43,complete,GK2026D1,,
2026-08-24T05:17:02,reply,6a25457700000000210197b7,6a254b82000000002b00321c,complete,endpoint_exhausted,0,0,0,chengdu,aliyun_chengdu,deep_chengdu,9344,43,complete,GK2026D1,,
2026-08-24T05:17:02,reply,6a25457700000000210197b7,6a254b5b000000002a0262bf,complete,endpoint_exhausted,0,0,0,chengdu,aliyun_chengdu,deep_chengdu,9344,43,complete,GK2026D1,,
2026-08-24T05:17:02,reply,6a25457700000000210197b7,6a25493400000000290138af,complete,endpoint_exhausted,0,0,0,chengdu,aliyun_chengdu,deep_chengdu,9344,43,complete,GK2026D1,,
2026-08-24T05:17:02,reply,6a25457700000000210197b7,6a269c9b000000002a006080,complete,endpoint_exhausted,0,0,0,chengdu,aliyun_chengdu,deep_chengdu,9344,43,complete,GK2026D1,,
2026-08-24T05:17:02,reply,6a25457700000000210197b7,6a268059000000002702a697,complete,endpoint_exhausted,0,1,1,chengdu,aliyun_chengdu,deep_chengdu,9344,43,complete,GK2026D1,,
2026-08-24T05:17:02,reply,6a25457700000000210197b7,6a25d4f8000000002803aa93,complete,endpoint_exhausted,0,0,0,chengdu,aliyun_chengdu,deep_chengdu,9344,43,complete,GK2026D1,,
2026-08-24T05:17:02,reply,6a25457700000000210197b7,6a258b94000000002900d3cd,complete,endpoint_exhausted,0,0,0,chengdu,aliyun_chengdu,deep_chengdu,9344,43,complete,GK2026D1,,
2026-08-24T05:17:18,reply,6a25457700000000210197b7,6a255ee90000000029011353,complete,endpoint_exhausted,0,0,0,chengdu,aliyun_chengdu,deep_chengdu,9344,43,complete,GK2026D1,,
2026-08-24T05:17:18,reply,6a25457700000000210197b7,6a254e5f00000000290132ff,complete,endpoint_exhausted,0,0,0,chengdu,aliyun_chengdu,deep_chengdu,9344,43,complete,GK2026D1,,
2026-08-24T05:17:18,top_level,6a25457700000000210197b7,,complete,endpoint_exhausted,42,412,,chengdu,aliyun_chengdu,deep_chengdu,9344,43,complete,GK2026D1,True,
2026-08-24T05:28:10,reply,6a1d87090000000007012a5c,6a27493a0000000028009fc2,complete,endpoint_exhausted,0,1,1,chengdu,aliyun_chengdu,deep_chengdu,9344,44,complete,GK2026D1,,
2026-08-24T05:28:10,reply,6a1d87090000000007012a5c,6a26d4fe000000002901be35,complete,endpoint_exhausted,0,1,1,chengdu,aliyun_chengdu,deep_chengdu,9344,44,complete,GK2026D1,,
2026-08-24T05:28:26,reply,6a1d87090000000007012a5c,6a24aea60000000028035714,complete,endpoint_exhausted,1,2,2,chengdu,aliyun_chengdu,deep_chengdu,9344,44,complete,GK2026D1,,
2026-08-24T05:28:43,reply,6a1d87090000000007012a5c,6a24a87d00000000280092d1,complete,endpoint_exhausted,1,2,2,chengdu,aliyun_chengdu,deep_chengdu,9344,44,complete,GK2026D1,,
2026-08-24T05:28:43,reply,6a1d87090000000007012a5c,6a25046d000000002803299d,complete,endpoint_exhausted,0,1,1,chengdu,aliyun_chengdu,deep_chengdu,9344,44,complete,GK2026D1,,
2026-08-24T05:28:43,reply,6a1d87090000000007012a5c,6a24b553000000002b02a353,complete,endpoint_exhausted,0,1,1,chengdu,aliyun_chengdu,deep_chengdu,9344,44,complete,GK2026D1,,
2026-08-24T05:28:43,reply,6a1d87090000000007012a5c,6a24dbd2000000002a00558c,complete,endpoint_exhausted,0,1,1,chengdu,aliyun_chengdu,deep_chengdu,9344,44,complete,GK2026D1,,
2026-08-24T05:28:43,reply,6a1d87090000000007012a5c,6a3373b20000000029027745,complete,endpoint_exhausted,0,1,1,chengdu,aliyun_chengdu,deep_chengdu,9344,44,complete,GK2026D1,,
2026-08-24T05:28:43,reply,6a1d87090000000007012a5c,6a389637000000002b02457c,complete,endpoint_exhausted,0,1,1,chengdu,aliyun_chengdu,deep_chengdu,9344,44,complete,GK2026D1,,
2026-08-24T05:28:43,reply,6a1d87090000000007012a5c,6a24c80a000000002a00418d,complete,endpoint_exhausted,0,1,1,chengdu,aliyun_chengdu,deep_chengdu,9344,44,complete,GK2026D1,,
2026-08-24T05:28:59,reply,6a1d87090000000007012a5c,6a2491160000000028032d29,complete,endpoint_exhausted,0,1,1,chengdu,aliyun_chengdu,deep_chengdu,9344,44,complete,GK2026D1,,
2026-08-24T05:28:59,reply,6a1d87090000000007012a5c,6a24d4b70000000027016bee,complete,endpoint_exhausted,0,1,1,chengdu,aliyun_chengdu,deep_chengdu,9344,44,complete,GK2026D1,,
2026-08-24T05:28:59,reply,6a1d87090000000007012a5c,6a23a0020000000028035297,complete,endpoint_exhausted,0,1,1,chengdu,aliyun_chengdu,deep_chengdu,9344,44,complete,GK2026D1,,
2026-08-24T05:28:59,reply,6a1d87090000000007012a5c,6a24baac000000002b0254b9,complete,endpoint_exhausted,0,1,1,chengdu,aliyun_chengdu,deep_chengdu,9344,44,complete,GK2026D1,,
2026-08-24T05:28:59,reply,6a1d87090000000007012a5c,6a24db0f000000002702b345,complete,endpoint_exhausted,0,1,1,chengdu,aliyun_chengdu,deep_chengdu,9344,44,complete,GK2026D1,,
2026-08-24T05:28:59,reply,6a1d87090000000007012a5c,6a2d082a000000002a02f831,complete,endpoint_exhausted,0,0,0,chengdu,aliyun_chengdu,deep_chengdu,9344,44,complete,GK2026D1,,
2026-08-24T05:28:59,reply,6a1d87090000000007012a5c,6a24ff400000000029018142,complete,endpoint_exhausted,0,0,0,chengdu,aliyun_chengdu,deep_chengdu,9344,44,complete,GK2026D1,,
2026-08-24T05:28:59,reply,6a1d87090000000007012a5c,6a27f9d2000000002803610e,complete,endpoint_exhausted,0,0,0,chengdu,aliyun_chengdu,deep_chengdu,9344,44,complete,GK2026D1,,
2026-08-24T05:28:59,reply,6a1d87090000000007012a5c,6a252175000000002900dfe4,complete,endpoint_exhausted,0,0,0,chengdu,aliyun_chengdu,deep_chengdu,9344,44,complete,GK2026D1,,
2026-08-24T05:28:59,reply,6a1d87090000000007012a5c,6a24e93900000000280361df,complete,endpoint_exhausted,0,1,1,chengdu,aliyun_chengdu,deep_chengdu,9344,44,complete,GK2026D1,,
2026-08-24T05:29:15,reply,6a1d87090000000007012a5c,6a241f65000000002b001dc5,complete,endpoint_exhausted,0,0,0,chengdu,aliyun_chengdu,deep_chengdu,9344,44,complete,GK2026D1,,
2026-08-24T05:29:15,reply,6a1d87090000000007012a5c,6a3b4737000000002b028b02,complete,endpoint_exhausted,0,0,0,chengdu,aliyun_chengdu,deep_chengdu,9344,44,complete,GK2026D1,,
2026-08-24T05:29:15,reply,6a1d87090000000007012a5c,6a250622000000002803867c,complete,endpoint_exhausted,0,0,0,chengdu,aliyun_chengdu,deep_chengdu,9344,44,complete,GK2026D1,,
2026-08-24T05:29:15,reply,6a1d87090000000007012a5c,6a35e5f6000000002a030c4b,complete,endpoint_exhausted,0,0,0,chengdu,aliyun_chengdu,deep_chengdu,9344,44,complete,GK2026D1,,
2026-08-24T05:29:15,reply,6a1d87090000000007012a5c,6a24ca31000000002701cc76,complete,endpoint_exhausted,0,0,0,chengdu,aliyun_chengdu,deep_chengdu,9344,44,complete,GK2026D1,,
2026-08-24T05:29:15,reply,6a1d87090000000007012a5c,6a26cf3d000000002b024286,complete,endpoint_exhausted,0,0,0,chengdu,aliyun_chengdu,deep_chengdu,9344,44,complete,GK2026D1,,
2026-08-24T05:29:15,reply,6a1d87090000000007012a5c,6a24d6a4000000002701de99,complete,endpoint_exhausted,0,1,1,chengdu,aliyun_chengdu,deep_chengdu,9344,44,complete,GK2026D1,,
2026-08-24T05:29:15,reply,6a1d87090000000007012a5c,6a24a151000000002b0240b9,complete,endpoint_exhausted,0,0,0,chengdu,aliyun_chengdu,deep_chengdu,9344,44,complete,GK2026D1,,
2026-08-24T05:29:15,reply,6a1d87090000000007012a5c,6a380491000000002a0248f6,complete,endpoint_exhausted,0,0,0,chengdu,aliyun_chengdu,deep_chengdu,9344,44,complete,GK2026D1,,
2026-08-24T05:29:15,reply,6a1d87090000000007012a5c,6a242bff0000000029010880,complete,endpoint_exhausted,0,0,0,chengdu,aliyun_chengdu,deep_chengdu,9344,44,complete,GK2026D1,,
2026-08-24T05:29:31,reply,6a1d87090000000007012a5c,6a24b3780000000027021e4b,complete,endpoint_exhausted,0,0,0,chengdu,aliyun_chengdu,deep_chengdu,9344,44,complete,GK2026D1,,
2026-08-24T05:29:31,reply,6a1d87090000000007012a5c,6a27ce650000000028036046,complete,endpoint_exhausted,0,0,0,chengdu,aliyun_chengdu,deep_chengdu,9344,44,complete,GK2026D1,,
2026-08-24T05:29:31,reply,6a1d87090000000007012a5c,6a35cf20000000002a02f0b9,complete,endpoint_exhausted,0,0,0,chengdu,aliyun_chengdu,deep_chengdu,9344,44,complete,GK2026D1,,
2026-08-24T05:29:48,reply,6a1d87090000000007012a5c,6a390fd3000000002b02a982,complete,endpoint_exhausted,1,2,2,chengdu,aliyun_chengdu,deep_chengdu,9344,44,complete,GK2026D1,,
2026-08-24T05:29:48,top_level,6a1d87090000000007012a5c,,complete,endpoint_exhausted,4,34,,chengdu,aliyun_chengdu,deep_chengdu,9344,44,complete,GK2026D1,True,
2026-08-24T05:40:39,top_level,6a24da010000000017009ae0,,complete,endpoint_exhausted,1,0,,chengdu,aliyun_chengdu,deep_chengdu,9344,45,complete,GK2026D1,True,
2026-08-24T05:51:46,reply,6a24e13c000000003502c18c,6a25708c000000002a02cd7b,complete,endpoint_exhausted,1,5,5,chengdu,aliyun_chengdu,deep_chengdu,9344,46,complete,GK2026D1,,
2026-08-24T05:51:46,reply,6a24e13c000000003502c18c,6a258e1c000000002a024a58,complete,endpoint_exhausted,0,0,0,chengdu,aliyun_chengdu,deep_chengdu,9344,46,complete,GK2026D1,,
2026-08-24T05:51:46,reply,6a24e13c000000003502c18c,6a257cfc000000002a030331,complete,endpoint_exhausted,0,0,0,chengdu,aliyun_chengdu,deep_chengdu,9344,46,complete,GK2026D1,,
2026-08-24T05:51:46,reply,6a24e13c000000003502c18c,6a25581f0000000028008292,complete,endpoint_exhausted,0,0,0,chengdu,aliyun_chengdu,deep_chengdu,9344,46,complete,GK2026D1,,
2026-08-24T05:51:46,reply,6a24e13c000000003502c18c,6a263329000000002702308d,complete,endpoint_exhausted,0,0,0,chengdu,aliyun_chengdu,deep_chengdu,9344,46,complete,GK2026D1,,
2026-08-24T05:51:46,reply,6a24e13c000000003502c18c,6a3fb09d00000000150156a5,complete,endpoint_exhausted,0,0,0,chengdu,aliyun_chengdu,deep_chengdu,9344,46,complete,GK2026D1,,
2026-08-24T05:51:46,reply,6a24e13c000000003502c18c,6a258e4200000000280384a4,complete,endpoint_exhausted,0,0,0,chengdu,aliyun_chengdu,deep_chengdu,9344,46,complete,GK2026D1,,
2026-08-24T05:51:46,reply,6a24e13c000000003502c18c,6a25611a000000002800a31b,complete,endpoint_exhausted,0,0,0,chengdu,aliyun_chengdu,deep_chengdu,9344,46,complete,GK2026D1,,
2026-08-24T05:51:46,reply,6a24e13c000000003502c18c,6a2571810000000029012bef,complete,endpoint_exhausted,0,0,0,chengdu,aliyun_chengdu,deep_chengdu,9344,46,complete,GK2026D1,,
2026-08-24T05:51:46,reply,6a24e13c000000003502c18c,6a26007e000000002a004e60,complete,endpoint_exhausted,0,0,0,chengdu,aliyun_chengdu,deep_chengdu,9344,46,complete,GK2026D1,,
2026-08-24T05:52:02,reply,6a24e13c000000003502c18c,6a268895000000002901b938,complete,endpoint_exhausted,0,0,0,chengdu,aliyun_chengdu,deep_chengdu,9344,46,complete,GK2026D1,,
2026-08-24T05:52:02,reply,6a24e13c000000003502c18c,6a25686e0000000029036f23,complete,endpoint_exhausted,0,0,0,chengdu,aliyun_chengdu,deep_chengdu,9344,46,complete,GK2026D1,,
2026-08-24T05:52:02,reply,6a24e13c000000003502c18c,6a407cca000000002b02a8dc,complete,endpoint_exhausted,0,0,0,chengdu,aliyun_chengdu,deep_chengdu,9344,46,complete,GK2026D1,,
2026-08-24T05:52:02,reply,6a24e13c000000003502c18c,6a3f71d5000000000802de16,complete,endpoint_exhausted,0,0,0,chengdu,aliyun_chengdu,deep_chengdu,9344,46,complete,GK2026D1,,
2026-08-24T05:52:02,reply,6a24e13c000000003502c18c,6a266ca90000000028030ee5,complete,endpoint_exhausted,0,0,0,chengdu,aliyun_chengdu,deep_chengdu,9344,46,complete,GK2026D1,,
2026-08-24T05:52:02,reply,6a24e13c000000003502c18c,6a256db20000000029013088,complete,endpoint_exhausted,0,0,0,chengdu,aliyun_chengdu,deep_chengdu,9344,46,complete,GK2026D1,,
2026-08-24T05:52:02,reply,6a24e13c000000003502c18c,6a256b450000000029010a17,complete,endpoint_exhausted,0,0,0,chengdu,aliyun_chengdu,deep_chengdu,9344,46,complete,GK2026D1,,
2026-08-24T05:52:02,reply,6a24e13c000000003502c18c,6a257cc4000000002803c050,complete,endpoint_exhausted,0,0,0,chengdu,aliyun_chengdu,deep_chengdu,9344,46,complete,GK2026D1,,
2026-08-24T05:52:02,reply,6a24e13c000000003502c18c,6a4042ef0000000009017c7c,complete,endpoint_exhausted,0,0,0,chengdu,aliyun_chengdu,deep_chengdu,9344,46,complete,GK2026D1,,
2026-08-24T05:52:02,reply,6a24e13c000000003502c18c,6a3ff8ab000000000b039eda,complete,endpoint_exhausted,0,0,0,chengdu,aliyun_chengdu,deep_chengdu,9344,46,complete,GK2026D1,,
2026-08-24T05:52:19,reply,6a24e13c000000003502c18c,6a25325b000000002a02d122,complete,endpoint_exhausted,0,0,0,chengdu,aliyun_chengdu,deep_chengdu,9344,46,complete,GK2026D1,,
2026-08-24T05:52:19,reply,6a24e13c000000003502c18c,6a269ec10000000029037066,complete,endpoint_exhausted,0,0,0,chengdu,aliyun_chengdu,deep_chengdu,9344,46,complete,GK2026D1,,
2026-08-24T05:52:19,reply,6a24e13c000000003502c18c,6a414c4a000000000403a5f1,complete,endpoint_exhausted,0,0,0,chengdu,aliyun_chengdu,deep_chengdu,9344,46,complete,GK2026D1,,
2026-08-24T05:52:19,reply,6a24e13c000000003502c18c,6a4c3d98000000000802e665,complete,endpoint_exhausted,0,0,0,chengdu,aliyun_chengdu,deep_chengdu,9344,46,complete,GK2026D1,,
2026-08-24T05:52:19,reply,6a24e13c000000003502c18c,6a260b9300000000270288e8,complete,endpoint_exhausted,0,0,0,chengdu,aliyun_chengdu,deep_chengdu,9344,46,complete,GK2026D1,,
2026-08-24T05:52:19,reply,6a24e13c000000003502c18c,6a25766e000000002900c42f,complete,endpoint_exhausted,0,0,0,chengdu,aliyun_chengdu,deep_chengdu,9344,46,complete,GK2026D1,,
2026-08-24T05:52:35,reply,6a24e13c000000003502c18c,6a260b2e000000002803eecd,complete,endpoint_exhausted,1,3,3,chengdu,aliyun_chengdu,deep_chengdu,9344,46,complete,GK2026D1,,
2026-08-24T05:52:35,reply,6a24e13c000000003502c18c,6a4030bb000000000b03bd16,complete,endpoint_exhausted,0,0,0,chengdu,aliyun_chengdu,deep_chengdu,9344,46,complete,GK2026D1,,
2026-08-24T05:52:35,reply,6a24e13c000000003502c18c,6a27ff570000000028009bda,complete,endpoint_exhausted,0,0,0,chengdu,aliyun_chengdu,deep_chengdu,9344,46,complete,GK2026D1,,
2026-08-24T05:52:35,reply,6a24e13c000000003502c18c,6a2594d2000000002803b77f,complete,endpoint_exhausted,0,0,0,chengdu,aliyun_chengdu,deep_chengdu,9344,46,complete,GK2026D1,,
2026-08-24T05:52:51,reply,6a24e13c000000003502c18c,6a414cf1000000002a02f17e,complete,endpoint_exhausted,0,0,0,chengdu,aliyun_chengdu,deep_chengdu,9344,46,complete,GK2026D1,,
2026-08-24T05:52:51,top_level,6a24e13c000000003502c18c,,complete,endpoint_exhausted,4,31,,chengdu,aliyun_chengdu,deep_chengdu,9344,46,complete,GK2026D1,True,
2026-08-24T06:03:42,top_level,6a2445fc000000002100834e,,complete,endpoint_exhausted,1,0,,chengdu,aliyun_chengdu,deep_chengdu,9344,47,complete,GK2026D1,True,
2026-08-24T06:14:33,top_level,6a24b7200000000035020562,,complete,endpoint_exhausted,1,0,,chengdu,aliyun_chengdu,deep_chengdu,9344,48,complete,GK2026D1,True,
2026-08-24T06:55:24,top_level,6a24a23b000000001700837f,,complete,endpoint_exhausted,1,0,,chengdu,aliyun_chengdu,deep_chengdu,9344,49,complete,GK2026D1,True,
2026-08-24T07:06:15,top_level,6a24da390000000017009bf5,,complete,endpoint_exhausted,1,0,,chengdu,aliyun_chengdu,deep_chengdu,9344,50,complete,GK2026D1,True,
2026-08-24T07:17:06,top_level,6a25255f000000002003967b,,complete,endpoint_exhausted,1,0,,chengdu,aliyun_chengdu,deep_chengdu,9344,51,complete,GK2026D1,True,
2026-08-24T07:27:58,reply,6a2512d90000000017008979,6a253009000000002a026854,complete,endpoint_exhausted,0,0,0,chengdu,aliyun_chengdu,deep_chengdu,9344,52,complete,GK2026D1,,
2026-08-24T07:27:58,reply,6a2512d90000000017008979,6a28223f000000002702d32c,complete,endpoint_exhausted,0,0,0,chengdu,aliyun_chengdu,deep_chengdu,9344,52,complete,GK2026D1,,
2026-08-24T07:27:58,reply,6a2512d90000000017008979,6a3aa49300000000090140e1,complete,endpoint_exhausted,0,0,0,chengdu,aliyun_chengdu,deep_chengdu,9344,52,complete,GK2026D1,,
2026-08-24T07:27:58,reply,6a2512d90000000017008979,6a2b20ce0000000028036815,complete,endpoint_exhausted,0,0,0,chengdu,aliyun_chengdu,deep_chengdu,9344,52,complete,GK2026D1,,
2026-08-24T07:27:58,reply,6a2512d90000000017008979,6a25fe360000000028009122,complete,endpoint_exhausted,0,0,0,chengdu,aliyun_chengdu,deep_chengdu,9344,52,complete,GK2026D1,,
2026-08-24T07:27:58,reply,6a2512d90000000017008979,6a251515000000002900d761,complete,endpoint_exhausted,0,0,0,chengdu,aliyun_chengdu,deep_chengdu,9344,52,complete,GK2026D1,,
2026-08-24T07:27:58,reply,6a2512d90000000017008979,6a2622e2000000002800adb0,complete,endpoint_exhausted,0,1,1,chengdu,aliyun_chengdu,deep_chengdu,9344,52,complete,GK2026D1,,
2026-08-24T07:27:58,top_level,6a2512d90000000017008979,,complete,endpoint_exhausted,1,7,,chengdu,aliyun_chengdu,deep_chengdu,9344,52,complete,GK2026D1,True,
2026-08-24T11:32:25,reply,6a24c31400000000060338d8,6a24e03c0000000028008e5f,complete,endpoint_exhausted,2,7,7,chengdu,aliyun_chengdu,deep_chengdu,9344,53,complete,GK2026D1,,
2026-08-24T11:32:25,reply,6a24c31400000000060338d8,6a24dd690000000027023d25,complete,endpoint_exhausted,0,1,1,chengdu,aliyun_chengdu,deep_chengdu,9344,53,complete,GK2026D1,,
2026-08-24T11:32:25,reply,6a24c31400000000060338d8,6a24d735000000002803e731,complete,endpoint_exhausted,0,1,1,chengdu,aliyun_chengdu,deep_chengdu,9344,53,complete,GK2026D1,,
2026-08-24T11:32:25,reply,6a24c31400000000060338d8,6a256faa000000002a032823,complete,endpoint_exhausted,0,1,1,chengdu,aliyun_chengdu,deep_chengdu,9344,53,complete,GK2026D1,,
2026-08-24T11:32:25,reply,6a24c31400000000060338d8,6a25257b000000002900d154,complete,endpoint_exhausted,0,0,0,chengdu,aliyun_chengdu,deep_chengdu,9344,53,complete,GK2026D1,,
2026-08-24T11:32:25,reply,6a24c31400000000060338d8,6a24e77b000000002701792c,complete,endpoint_exhausted,0,0,0,chengdu,aliyun_chengdu,deep_chengdu,9344,53,complete,GK2026D1,,
2026-08-24T11:32:25,reply,6a24c31400000000060338d8,6a24e33f000000002b0286bf,complete,endpoint_exhausted,0,0,0,chengdu,aliyun_chengdu,deep_chengdu,9344,53,complete,GK2026D1,,
2026-08-24T11:32:25,reply,6a24c31400000000060338d8,6a24daf40000000021013c66,complete,endpoint_exhausted,0,0,0,chengdu,aliyun_chengdu,deep_chengdu,9344,53,complete,GK2026D1,,
2026-08-24T11:32:25,reply,6a24c31400000000060338d8,6a24d7890000000027023ca0,complete,endpoint_exhausted,0,0,0,chengdu,aliyun_chengdu,deep_chengdu,9344,53,complete,GK2026D1,,
2026-08-24T11:32:25,top_level,6a24c31400000000060338d8,,complete,endpoint_exhausted,1,9,,chengdu,aliyun_chengdu,deep_chengdu,9344,53,complete,GK2026D1,True,
2026-08-24T11:43:14,reply,6a23e647000000002202d87b,6a354312000000002902cd94,complete,endpoint_exhausted,0,0,0,chengdu,aliyun_chengdu,deep_chengdu,9344,54,complete,GK2026D1,,
2026-08-24T11:43:14,top_level,6a23e647000000002202d87b,,complete,endpoint_exhausted,1,1,,chengdu,aliyun_chengdu,deep_chengdu,9344,54,complete,GK2026D1,True,
2026-08-24T12:24:04,top_level,6a24b58f0000000022016095,,complete,endpoint_exhausted,1,0,,chengdu,aliyun_chengdu,deep_chengdu,9344,55,complete,GK2026D1,True,
