recorded_at,kind,note_id,root_comment_id,status,stop_reason,pages,observed_comments,declared_comments,collection_egress_region,collection_egress_id,collection_account_id,collection_cdp_port,chunk_index,collection_status,event_id,unlimited,error
2026-08-20T22:07:38,reply,6a2454d00000000021019dce,6a24a7a30000000029036dd5,complete,endpoint_exhausted,0,0,0,wuhan,local_broadband_wuhan,account_wuhan,9343,1,complete,GK2026D1,,
2026-08-20T22:07:38,top_level,6a2454d00000000021019dce,,complete,endpoint_exhausted,1,1,,wuhan,local_broadband_wuhan,account_wuhan,9343,1,complete,GK2026D1,True,
2026-08-20T22:09:56,top_level,6a269cdf0000000017028bf9,,complete,endpoint_exhausted,1,0,,wuhan,local_broadband_wuhan,account_wuhan,9343,2,complete,GK2026D1,True,
2026-08-20T22:21:31,top_level,6a228f580000000006034a43,,complete,endpoint_exhausted,1,0,,wuhan,local_broadband_wuhan,account_wuhan,9343,3,complete,GK2026D1,True,
2026-08-20T22:33:07,top_level,6a1cf8010000000035024d58,,complete,endpoint_exhausted,1,0,,wuhan,local_broadband_wuhan,account_wuhan,9343,4,complete,GK2026D1,True,
2026-08-20T22:44:42,reply,6a26c977000000001c0251ac,6a26d9eb0000000029026fb5,complete,endpoint_exhausted,0,1,1,wuhan,local_broadband_wuhan,account_wuhan,9343,5,complete,GK2026D1,,
2026-08-20T22:44:42,reply,6a26c977000000001c0251ac,6a28d41d000000002a02e8fa,complete,endpoint_exhausted,0,1,1,wuhan,local_broadband_wuhan,account_wuhan,9343,5,complete,GK2026D1,,
2026-08-20T22:45:12,reply,6a26c977000000001c0251ac,6a27825e000000002b0295fb,complete,endpoint_exhausted,1,2,2,wuhan,local_broadband_wuhan,account_wuhan,9343,5,complete,GK2026D1,,
2026-08-20T22:45:12,reply,6a26c977000000001c0251ac,6a27f7c600000000270208c0,complete,endpoint_exhausted,0,0,0,wuhan,local_broadband_wuhan,account_wuhan,9343,5,complete,GK2026D1,,
2026-08-20T22:45:12,top_level,6a26c977000000001c0251ac,,complete,endpoint_exhausted,1,4,,wuhan,local_broadband_wuhan,account_wuhan,9343,5,complete,GK2026D1,True,
2026-08-20T22:57:47,reply,6a2418590000000008033399,6a242702000000002b003110,complete,endpoint_exhausted,2,10,10,wuhan,local_broadband_wuhan,account_wuhan,9343,6,complete,GK2026D1,,
2026-08-20T22:58:17,reply,6a2418590000000008033399,6a258702000000002702a41f,complete,endpoint_exhausted,1,5,5,wuhan,local_broadband_wuhan,account_wuhan,9343,6,complete,GK2026D1,,
2026-08-20T22:58:17,reply,6a2418590000000008033399,6a2421ea000000002902cbf3,complete,endpoint_exhausted,0,1,1,wuhan,local_broadband_wuhan,account_wuhan,9343,6,complete,GK2026D1,,
2026-08-20T22:58:17,reply,6a2418590000000008033399,6a25007d000000002a027f91,complete,endpoint_exhausted,0,1,1,wuhan,local_broadband_wuhan,account_wuhan,9343,6,complete,GK2026D1,,
2026-08-20T22:58:17,reply,6a2418590000000008033399,6a2431cf000000002702879e,complete,endpoint_exhausted,0,1,1,wuhan,local_broadband_wuhan,account_wuhan,9343,6,complete,GK2026D1,,
2026-08-20T22:58:17,reply,6a2418590000000008033399,6a2bd704000000002b003d94,complete,endpoint_exhausted,0,1,1,wuhan,local_broadband_wuhan,account_wuhan,9343,6,complete,GK2026D1,,
2026-08-20T22:58:48,reply,6a2418590000000008033399,6a427f12000000002a031160,complete,endpoint_exhausted,1,3,3,wuhan,local_broadband_wuhan,account_wuhan,9343,6,complete,GK2026D1,,
2026-08-20T22:58:48,reply,6a2418590000000008033399,6a241926000000002a024b28,complete,endpoint_exhausted,0,1,1,wuhan,local_broadband_wuhan,account_wuhan,9343,6,complete,GK2026D1,,
2026-08-20T22:58:48,reply,6a2418590000000008033399,6a24c039000000002803a0d6,complete,endpoint_exhausted,0,1,1,wuhan,local_broadband_wuhan,account_wuhan,9343,6,complete,GK2026D1,,
2026-08-20T22:58:48,reply,6a2418590000000008033399,6a242a8e0000000028033c5d,complete,endpoint_exhausted,0,1,1,wuhan,local_broadband_wuhan,account_wuhan,9343,6,complete,GK2026D1,,
2026-08-20T22:59:18,reply,6a2418590000000008033399,6a2439d30000000027016d20,complete,endpoint_exhausted,0,1,1,wuhan,local_broadband_wuhan,account_wuhan,9343,6,complete,GK2026D1,,
2026-08-20T22:59:18,reply,6a2418590000000008033399,6a24b1fa00000000270290b6,complete,endpoint_exhausted,0,1,1,wuhan,local_broadband_wuhan,account_wuhan,9343,6,complete,GK2026D1,,
2026-08-20T22:59:18,reply,6a2418590000000008033399,6a24286d000000002903775c,complete,endpoint_exhausted,0,1,1,wuhan,local_broadband_wuhan,account_wuhan,9343,6,complete,GK2026D1,,
2026-08-20T22:59:18,reply,6a2418590000000008033399,6a24ea400000000027021264,complete,endpoint_exhausted,0,1,1,wuhan,local_broadband_wuhan,account_wuhan,9343,6,complete,GK2026D1,,
2026-08-20T22:59:48,reply,6a2418590000000008033399,6a243005000000002a00525d,complete,endpoint_exhausted,1,2,2,wuhan,local_broadband_wuhan,account_wuhan,9343,6,complete,GK2026D1,,
2026-08-20T22:59:48,reply,6a2418590000000008033399,6a2420820000000028036209,complete,endpoint_exhausted,0,1,1,wuhan,local_broadband_wuhan,account_wuhan,9343,6,complete,GK2026D1,,
2026-08-20T22:59:48,reply,6a2418590000000008033399,6a24aa7f00000000290106ac,complete,endpoint_exhausted,0,1,1,wuhan,local_broadband_wuhan,account_wuhan,9343,6,complete,GK2026D1,,
2026-08-20T22:59:48,reply,6a2418590000000008033399,6a243b180000000029010606,complete,endpoint_exhausted,0,1,1,wuhan,local_broadband_wuhan,account_wuhan,9343,6,complete,GK2026D1,,
2026-08-20T22:59:48,reply,6a2418590000000008033399,6a2697410000000027022408,complete,endpoint_exhausted,0,1,1,wuhan,local_broadband_wuhan,account_wuhan,9343,6,complete,GK2026D1,,
2026-08-20T22:59:48,reply,6a2418590000000008033399,6a2418e0000000002a027d5d,complete,endpoint_exhausted,0,1,1,wuhan,local_broadband_wuhan,account_wuhan,9343,6,complete,GK2026D1,,
2026-08-20T23:00:18,reply,6a2418590000000008033399,6a24204d0000000028030849,complete,endpoint_exhausted,0,1,1,wuhan,local_broadband_wuhan,account_wuhan,9343,6,complete,GK2026D1,,
2026-08-20T23:00:18,reply,6a2418590000000008033399,6a2419e70000000029026c98,complete,endpoint_exhausted,0,1,1,wuhan,local_broadband_wuhan,account_wuhan,9343,6,complete,GK2026D1,,
2026-08-20T23:00:18,reply,6a2418590000000008033399,6a24ecf800000000290245e7,complete,endpoint_exhausted,0,1,1,wuhan,local_broadband_wuhan,account_wuhan,9343,6,complete,GK2026D1,,
2026-08-20T23:00:18,reply,6a2418590000000008033399,6a24db6a000000002a02665b,complete,endpoint_exhausted,0,1,1,wuhan,local_broadband_wuhan,account_wuhan,9343,6,complete,GK2026D1,,
2026-08-20T23:00:18,reply,6a2418590000000008033399,6a24df78000000002902c745,complete,endpoint_exhausted,0,1,1,wuhan,local_broadband_wuhan,account_wuhan,9343,6,complete,GK2026D1,,
2026-08-20T23:00:18,reply,6a2418590000000008033399,6a242487000000002b02866a,complete,endpoint_exhausted,0,1,1,wuhan,local_broadband_wuhan,account_wuhan,9343,6,complete,GK2026D1,,
2026-08-20T23:00:18,reply,6a2418590000000008033399,6a241cf200000000280360f8,complete,endpoint_exhausted,0,1,1,wuhan,local_broadband_wuhan,account_wuhan,9343,6,complete,GK2026D1,,
2026-08-20T23:00:18,reply,6a2418590000000008033399,6a244bdc000000002a0048b9,complete,endpoint_exhausted,0,1,1,wuhan,local_broadband_wuhan,account_wuhan,9343,6,complete,GK2026D1,,
2026-08-20T23:00:18,top_level,6a2418590000000008033399,,complete,endpoint_exhausted,3,28,,wuhan,local_broadband_wuhan,account_wuhan,9343,6,complete,GK2026D1,True,
2026-08-20T23:41:54,top_level,6a24d9ae000000000702bf31,,complete,endpoint_exhausted,1,0,,wuhan,local_broadband_wuhan,account_wuhan,9343,7,complete,GK2026D1,True,
2026-08-20T23:53:58,reply,6a1e68bc0000000022023e21,6a20c70c0000000029012fa3,complete,endpoint_exhausted,1,2,2,wuhan,local_broadband_wuhan,account_wuhan,9343,8,complete,GK2026D1,,
2026-08-20T23:54:29,reply,6a1e68bc0000000022023e21,6a1e940f000000002800a266,complete,endpoint_exhausted,1,2,2,wuhan,local_broadband_wuhan,account_wuhan,9343,8,complete,GK2026D1,,
2026-08-20T23:54:59,reply,6a1e68bc0000000022023e21,6a1e87c6000000002803f477,complete,endpoint_exhausted,1,2,2,wuhan,local_broadband_wuhan,account_wuhan,9343,8,complete,GK2026D1,,
2026-08-20T23:55:29,reply,6a1e68bc0000000022023e21,6a1e797d000000002803aed2,complete,endpoint_exhausted,1,2,2,wuhan,local_broadband_wuhan,account_wuhan,9343,8,complete,GK2026D1,,
2026-08-20T23:55:29,reply,6a1e68bc0000000022023e21,6a1eeb75000000002a004b81,complete,endpoint_exhausted,0,1,1,wuhan,local_broadband_wuhan,account_wuhan,9343,8,complete,GK2026D1,,
2026-08-20T23:55:29,reply,6a1e68bc0000000022023e21,6a1eabf4000000002a0306c9,complete,endpoint_exhausted,0,1,1,wuhan,local_broadband_wuhan,account_wuhan,9343,8,complete,GK2026D1,,
2026-08-20T23:55:29,reply,6a1e68bc0000000022023e21,6a1e85d8000000002b000eea,complete,endpoint_exhausted,0,1,1,wuhan,local_broadband_wuhan,account_wuhan,9343,8,complete,GK2026D1,,
2026-08-20T23:55:29,reply,6a1e68bc0000000022023e21,6a275dd7000000002a025a29,complete,endpoint_exhausted,0,1,1,wuhan,local_broadband_wuhan,account_wuhan,9343,8,complete,GK2026D1,,
2026-08-20T23:55:29,reply,6a1e68bc0000000022023e21,6a26c7ed0000000028032116,complete,endpoint_exhausted,0,1,1,wuhan,local_broadband_wuhan,account_wuhan,9343,8,complete,GK2026D1,,
2026-08-20T23:55:29,reply,6a1e68bc0000000022023e21,6a2645b100000000280372e5,complete,endpoint_exhausted,0,1,1,wuhan,local_broadband_wuhan,account_wuhan,9343,8,complete,GK2026D1,,
2026-08-20T23:55:59,reply,6a1e68bc0000000022023e21,6a2f6846000000002702f4b1,complete,endpoint_exhausted,0,0,0,wuhan,local_broadband_wuhan,account_wuhan,9343,8,complete,GK2026D1,,
2026-08-20T23:55:59,reply,6a1e68bc0000000022023e21,6a24f99400000000290354f9,complete,endpoint_exhausted,0,1,1,wuhan,local_broadband_wuhan,account_wuhan,9343,8,complete,GK2026D1,,
2026-08-20T23:55:59,reply,6a1e68bc0000000022023e21,6a23b874000000002b0297df,complete,endpoint_exhausted,0,1,1,wuhan,local_broadband_wuhan,account_wuhan,9343,8,complete,GK2026D1,,
2026-08-20T23:55:59,reply,6a1e68bc0000000022023e21,6a228a1b000000002b02a6b4,complete,endpoint_exhausted,0,1,1,wuhan,local_broadband_wuhan,account_wuhan,9343,8,complete,GK2026D1,,
2026-08-20T23:55:59,reply,6a1e68bc0000000022023e21,6a2181010000000029036118,complete,endpoint_exhausted,0,1,1,wuhan,local_broadband_wuhan,account_wuhan,9343,8,complete,GK2026D1,,
2026-08-20T23:55:59,reply,6a1e68bc0000000022023e21,6a2038d4000000002702d286,complete,endpoint_exhausted,0,1,1,wuhan,local_broadband_wuhan,account_wuhan,9343,8,complete,GK2026D1,,
2026-08-20T23:55:59,reply,6a1e68bc0000000022023e21,6a1fdfdd000000002702feec,complete,endpoint_exhausted,0,1,1,wuhan,local_broadband_wuhan,account_wuhan,9343,8,complete,GK2026D1,,
2026-08-20T23:55:59,reply,6a1e68bc0000000022023e21,6a1f2c9f0000000027022e97,complete,endpoint_exhausted,0,1,1,wuhan,local_broadband_wuhan,account_wuhan,9343,8,complete,GK2026D1,,
2026-08-20T23:55:59,reply,6a1e68bc0000000022023e21,6a1eb69b0000000029012a28,complete,endpoint_exhausted,0,1,1,wuhan,local_broadband_wuhan,account_wuhan,9343,8,complete,GK2026D1,,
2026-08-20T23:55:59,reply,6a1e68bc0000000022023e21,6a1e987c000000002b028f43,complete,endpoint_exhausted,0,1,1,wuhan,local_broadband_wuhan,account_wuhan,9343,8,complete,GK2026D1,,
2026-08-20T23:56:30,reply,6a1e68bc0000000022023e21,6a1e96860000000029010dad,complete,endpoint_exhausted,0,1,1,wuhan,local_broadband_wuhan,account_wuhan,9343,8,complete,GK2026D1,,
2026-08-20T23:56:30,reply,6a1e68bc0000000022023e21,6a1e940f000000002b0252bb,complete,endpoint_exhausted,0,1,1,wuhan,local_broadband_wuhan,account_wuhan,9343,8,complete,GK2026D1,,
2026-08-20T23:56:30,reply,6a1e68bc0000000022023e21,6a1e9226000000002902c52b,complete,endpoint_exhausted,0,1,1,wuhan,local_broadband_wuhan,account_wuhan,9343,8,complete,GK2026D1,,
2026-08-20T23:56:30,reply,6a1e68bc0000000022023e21,6a1e905b000000002a030d27,complete,endpoint_exhausted,0,1,1,wuhan,local_broadband_wuhan,account_wuhan,9343,8,complete,GK2026D1,,
2026-08-20T23:56:30,reply,6a1e68bc0000000022023e21,6a1e902c0000000029013d75,complete,endpoint_exhausted,0,1,1,wuhan,local_broadband_wuhan,account_wuhan,9343,8,complete,GK2026D1,,
2026-08-20T23:56:30,reply,6a1e68bc0000000022023e21,6a1e8fd60000000029019c11,complete,endpoint_exhausted,0,1,1,wuhan,local_broadband_wuhan,account_wuhan,9343,8,complete,GK2026D1,,
2026-08-20T23:56:30,reply,6a1e68bc0000000022023e21,6a1e8fbc000000002701c48a,complete,endpoint_exhausted,0,1,1,wuhan,local_broadband_wuhan,account_wuhan,9343,8,complete,GK2026D1,,
2026-08-20T23:56:30,reply,6a1e68bc0000000022023e21,6a1e8e33000000002902462d,complete,endpoint_exhausted,0,1,1,wuhan,local_broadband_wuhan,account_wuhan,9343,8,complete,GK2026D1,,
2026-08-20T23:56:30,reply,6a1e68bc0000000022023e21,6a1e8bee000000002b0031f7,complete,endpoint_exhausted,0,1,1,wuhan,local_broadband_wuhan,account_wuhan,9343,8,complete,GK2026D1,,
2026-08-20T23:56:30,reply,6a1e68bc0000000022023e21,6a1e8a4e000000002b024e8e,complete,endpoint_exhausted,0,1,1,wuhan,local_broadband_wuhan,account_wuhan,9343,8,complete,GK2026D1,,
2026-08-20T23:57:00,reply,6a1e68bc0000000022023e21,6a1e88ac000000002803e372,complete,endpoint_exhausted,0,1,1,wuhan,local_broadband_wuhan,account_wuhan,9343,8,complete,GK2026D1,,
2026-08-20T23:57:00,reply,6a1e68bc0000000022023e21,6a1e826c000000002702f67b,complete,endpoint_exhausted,0,1,1,wuhan,local_broadband_wuhan,account_wuhan,9343,8,complete,GK2026D1,,
2026-08-20T23:57:00,reply,6a1e68bc0000000022023e21,6a1e81e3000000002b02acbb,complete,endpoint_exhausted,0,1,1,wuhan,local_broadband_wuhan,account_wuhan,9343,8,complete,GK2026D1,,
2026-08-20T23:57:00,reply,6a1e68bc0000000022023e21,6a1e81bb00000000270216aa,complete,endpoint_exhausted,0,1,1,wuhan,local_broadband_wuhan,account_wuhan,9343,8,complete,GK2026D1,,
2026-08-20T23:57:00,reply,6a1e68bc0000000022023e21,6a1e73a1000000002b00306c,complete,endpoint_exhausted,0,1,1,wuhan,local_broadband_wuhan,account_wuhan,9343,8,complete,GK2026D1,,
2026-08-20T23:57:00,reply,6a1e68bc0000000022023e21,6a1e69a8000000002701ea90,complete,endpoint_exhausted,0,0,0,wuhan,local_broadband_wuhan,account_wuhan,9343,8,complete,GK2026D1,,
2026-08-20T23:57:00,reply,6a1e68bc0000000022023e21,6a27564f000000002b0263f9,complete,endpoint_exhausted,0,1,1,wuhan,local_broadband_wuhan,account_wuhan,9343,8,complete,GK2026D1,,
2026-08-20T23:57:00,reply,6a1e68bc0000000022023e21,6a204a53000000002902ec56,complete,endpoint_exhausted,0,1,1,wuhan,local_broadband_wuhan,account_wuhan,9343,8,complete,GK2026D1,,
2026-08-20T23:57:00,reply,6a1e68bc0000000022023e21,6a2024450000000028032f8f,complete,endpoint_exhausted,0,1,1,wuhan,local_broadband_wuhan,account_wuhan,9343,8,complete,GK2026D1,,
2026-08-20T23:57:30,reply,6a1e68bc0000000022023e21,6a1fb751000000002803f274,complete,endpoint_exhausted,1,2,2,wuhan,local_broadband_wuhan,account_wuhan,9343,8,complete,GK2026D1,,
2026-08-20T23:58:00,reply,6a1e68bc0000000022023e21,6a1faf1a000000002701c9d3,complete,endpoint_exhausted,0,1,1,wuhan,local_broadband_wuhan,account_wuhan,9343,8,complete,GK2026D1,,
2026-08-20T23:58:00,reply,6a1e68bc0000000022023e21,6a1f921d000000002803cc39,complete,endpoint_exhausted,0,1,1,wuhan,local_broadband_wuhan,account_wuhan,9343,8,complete,GK2026D1,,
2026-08-20T23:58:00,reply,6a1e68bc0000000022023e21,6a1edda7000000002b028bc8,complete,endpoint_exhausted,0,1,1,wuhan,local_broadband_wuhan,account_wuhan,9343,8,complete,GK2026D1,,
2026-08-20T23:58:00,reply,6a1e68bc0000000022023e21,6a1e8fac0000000027028da8,complete,endpoint_exhausted,0,1,1,wuhan,local_broadband_wuhan,account_wuhan,9343,8,complete,GK2026D1,,
2026-08-20T23:58:00,reply,6a1e68bc0000000022023e21,6a1e8b0a000000002a0314a7,complete,endpoint_exhausted,0,1,1,wuhan,local_broadband_wuhan,account_wuhan,9343,8,complete,GK2026D1,,
2026-08-20T23:58:00,reply,6a1e68bc0000000022023e21,6a1e83fc000000002b02ba50,complete,endpoint_exhausted,0,1,1,wuhan,local_broadband_wuhan,account_wuhan,9343,8,complete,GK2026D1,,
2026-08-20T23:58:00,reply,6a1e68bc0000000022023e21,6a1e81ee000000002701ed83,complete,endpoint_exhausted,0,1,1,wuhan,local_broadband_wuhan,account_wuhan,9343,8,complete,GK2026D1,,
2026-08-20T23:58:00,top_level,6a1e68bc0000000022023e21,,complete,endpoint_exhausted,5,47,,wuhan,local_broadband_wuhan,account_wuhan,9343,8,complete,GK2026D1,True,
2026-08-21T00:10:06,reply,6a2693f10000000007021743,6a26e279000000002901b436,complete,endpoint_exhausted,1,2,2,wuhan,local_broadband_wuhan,account_wuhan,9343,9,complete,GK2026D1,,
2026-08-21T00:10:06,reply,6a2693f10000000007021743,6a26a28e000000002800b097,complete,endpoint_exhausted,0,1,1,wuhan,local_broadband_wuhan,account_wuhan,9343,9,complete,GK2026D1,,
2026-08-21T00:10:06,reply,6a2693f10000000007021743,6a283dfa000000002902c016,complete,endpoint_exhausted,0,1,1,wuhan,local_broadband_wuhan,account_wuhan,9343,9,complete,GK2026D1,,
2026-08-21T00:10:06,reply,6a2693f10000000007021743,6a26a3150000000027022f10,complete,endpoint_exhausted,0,1,1,wuhan,local_broadband_wuhan,account_wuhan,9343,9,complete,GK2026D1,,
2026-08-21T00:10:06,top_level,6a2693f10000000007021743,,complete,endpoint_exhausted,1,4,,wuhan,local_broadband_wuhan,account_wuhan,9343,9,complete,GK2026D1,True,
2026-08-21T00:22:12,reply,6a24a1930000000035026aea,6a24a338000000002b001554,complete,endpoint_exhausted,1,2,2,wuhan,local_broadband_wuhan,account_wuhan,9343,10,complete,GK2026D1,,
2026-08-21T00:22:12,reply,6a24a1930000000035026aea,6a24a1cd00000000280083f3,complete,endpoint_exhausted,0,0,0,wuhan,local_broadband_wuhan,account_wuhan,9343,10,complete,GK2026D1,,
2026-08-21T00:22:12,top_level,6a24a1930000000035026aea,,complete,endpoint_exhausted,1,2,,wuhan,local_broadband_wuhan,account_wuhan,9343,10,complete,GK2026D1,True,
2026-08-21T00:33:51,top_level,6a24f56f0000000008031cd5,,complete,endpoint_exhausted,1,0,,wuhan,local_broadband_wuhan,account_wuhan,9343,11,complete,GK2026D1,True,
2026-08-21T11:05:21,reply,6a2548ec000000003501fa4f,6a255af80000000027017770,incomplete,Exception,52,261,323,wuhan,local_broadband_wuhan,account_wuhan,9343,12,complete,GK2026D1,,"CAPTCHA appeared, request failed, Verifytype: 124, Verifyuuid: eed59a4f-22a3-4075-a61d-8601cf5c0b49, Response: <Response [461 status code 461]>"
2026-08-21T11:05:21,top_level,6a2548ec000000003501fa4f,,incomplete,Exception,1,10,,wuhan,local_broadband_wuhan,account_wuhan,9343,12,complete,GK2026D1,True,"CAPTCHA appeared, request failed, Verifytype: 124, Verifyuuid: eed59a4f-22a3-4075-a61d-8601cf5c0b49, Response: <Response [461 status code 461]>"
2026-08-21T13:16:03,reply,6a2548ec000000003501fa4f,6a255af80000000027017770,complete,endpoint_exhausted,65,323,323,wuhan,local_broadband_wuhan,account_wuhan,9343,12,complete,GK2026D1,,
2026-08-21T14:13:26,reply,6a2548ec000000003501fa4f,6a256dec000000002901a154,complete,endpoint_exhausted,114,569,569,wuhan,local_broadband_wuhan,account_wuhan,9343,12,complete,GK2026D1,,
2026-08-21T14:24:31,reply,6a2548ec000000003501fa4f,6a264a3d0000000029013555,complete,endpoint_exhausted,22,110,110,wuhan,local_broadband_wuhan,account_wuhan,9343,12,complete,GK2026D1,,
2026-08-21T16:30:23,reply,6a2548ec000000003501fa4f,6a259708000000002701e3f5,complete,endpoint_exhausted,250,1247,1247,wuhan,local_broadband_wuhan,account_wuhan,9343,12,complete,GK2026D1,,
2026-08-21T16:46:59,reply,6a2548ec000000003501fa4f,6a256be60000000027020ddd,complete,endpoint_exhausted,33,165,165,wuhan,local_broadband_wuhan,account_wuhan,9343,12,complete,GK2026D1,,
2026-08-21T16:48:30,reply,6a2548ec000000003501fa4f,6a26053a0000000029035dfe,complete,endpoint_exhausted,3,13,13,wuhan,local_broadband_wuhan,account_wuhan,9343,12,complete,GK2026D1,,
2026-08-21T16:50:31,reply,6a2548ec000000003501fa4f,6a2699fb000000002701e046,complete,endpoint_exhausted,4,20,20,wuhan,local_broadband_wuhan,account_wuhan,9343,12,complete,GK2026D1,,
2026-08-21T16:52:32,reply,6a2548ec000000003501fa4f,6a2577b30000000027023a0e,complete,endpoint_exhausted,4,21,21,wuhan,local_broadband_wuhan,account_wuhan,9343,12,complete,GK2026D1,,
2026-08-21T16:53:33,reply,6a2548ec000000003501fa4f,6a268cae0000000028031bf4,complete,endpoint_exhausted,2,11,11,wuhan,local_broadband_wuhan,account_wuhan,9343,12,complete,GK2026D1,,
2026-08-21T17:05:38,reply,6a2548ec000000003501fa4f,6a2550f2000000002900e97c,complete,endpoint_exhausted,24,117,117,wuhan,local_broadband_wuhan,account_wuhan,9343,12,complete,GK2026D1,,
2026-08-21T17:06:09,reply,6a2548ec000000003501fa4f,6a2550940000000028038677,complete,endpoint_exhausted,0,0,0,wuhan,local_broadband_wuhan,account_wuhan,9343,12,complete,GK2026D1,,
2026-08-21T17:06:09,reply,6a2548ec000000003501fa4f,6a2550740000000028031781,complete,endpoint_exhausted,0,0,0,wuhan,local_broadband_wuhan,account_wuhan,9343,12,complete,GK2026D1,,
2026-08-21T17:06:09,reply,6a2548ec000000003501fa4f,6a2550510000000027029b80,complete,endpoint_exhausted,0,0,0,wuhan,local_broadband_wuhan,account_wuhan,9343,12,complete,GK2026D1,,
2026-08-21T17:06:09,reply,6a2548ec000000003501fa4f,6a2550390000000029012338,complete,endpoint_exhausted,0,0,0,wuhan,local_broadband_wuhan,account_wuhan,9343,12,complete,GK2026D1,,
2026-08-21T17:06:09,reply,6a2548ec000000003501fa4f,6a254ffb000000002900ede7,complete,endpoint_exhausted,0,0,0,wuhan,local_broadband_wuhan,account_wuhan,9343,12,complete,GK2026D1,,
2026-08-21T17:06:09,reply,6a2548ec000000003501fa4f,6a254fe6000000002b025bc5,complete,endpoint_exhausted,0,0,0,wuhan,local_broadband_wuhan,account_wuhan,9343,12,complete,GK2026D1,,
2026-08-21T17:06:39,reply,6a2548ec000000003501fa4f,6a254fa8000000002803d621,complete,endpoint_exhausted,1,5,5,wuhan,local_broadband_wuhan,account_wuhan,9343,12,complete,GK2026D1,,
2026-08-21T17:06:39,reply,6a2548ec000000003501fa4f,6a254f9d000000002a02666b,complete,endpoint_exhausted,0,0,0,wuhan,local_broadband_wuhan,account_wuhan,9343,12,complete,GK2026D1,,
2026-08-21T17:06:39,reply,6a2548ec000000003501fa4f,6a254f76000000002701699c,complete,endpoint_exhausted,0,0,0,wuhan,local_broadband_wuhan,account_wuhan,9343,12,complete,GK2026D1,,
2026-08-21T17:06:39,reply,6a2548ec000000003501fa4f,6a254f6e0000000029018020,complete,endpoint_exhausted,0,0,0,wuhan,local_broadband_wuhan,account_wuhan,9343,12,complete,GK2026D1,,
2026-08-21T17:07:09,reply,6a2548ec000000003501fa4f,6a254f5b0000000028031554,complete,endpoint_exhausted,0,0,0,wuhan,local_broadband_wuhan,account_wuhan,9343,12,complete,GK2026D1,,
2026-08-21T17:07:09,reply,6a2548ec000000003501fa4f,6a254e41000000002a031dcf,complete,endpoint_exhausted,0,0,0,wuhan,local_broadband_wuhan,account_wuhan,9343,12,complete,GK2026D1,,
2026-08-21T17:07:09,reply,6a2548ec000000003501fa4f,6a254e2b0000000027029406,complete,endpoint_exhausted,0,0,0,wuhan,local_broadband_wuhan,account_wuhan,9343,12,complete,GK2026D1,,
2026-08-21T17:07:09,reply,6a2548ec000000003501fa4f,6a254e1b000000002701eacd,complete,endpoint_exhausted,0,0,0,wuhan,local_broadband_wuhan,account_wuhan,9343,12,complete,GK2026D1,,
2026-08-21T17:07:09,reply,6a2548ec000000003501fa4f,6a254e010000000029018093,complete,endpoint_exhausted,0,0,0,wuhan,local_broadband_wuhan,account_wuhan,9343,12,complete,GK2026D1,,
2026-08-21T17:07:09,reply,6a2548ec000000003501fa4f,6a254d6e000000002a0333fd,complete,endpoint_exhausted,0,0,0,wuhan,local_broadband_wuhan,account_wuhan,9343,12,complete,GK2026D1,,
2026-08-21T17:07:09,reply,6a2548ec000000003501fa4f,6a254d13000000002701586c,complete,endpoint_exhausted,0,0,0,wuhan,local_broadband_wuhan,account_wuhan,9343,12,complete,GK2026D1,,
2026-08-21T17:07:09,reply,6a2548ec000000003501fa4f,6a254d11000000002900f2e0,complete,endpoint_exhausted,0,0,0,wuhan,local_broadband_wuhan,account_wuhan,9343,12,complete,GK2026D1,,
2026-08-21T17:07:09,reply,6a2548ec000000003501fa4f,6a254d040000000028008676,complete,endpoint_exhausted,0,0,0,wuhan,local_broadband_wuhan,account_wuhan,9343,12,complete,GK2026D1,,
2026-08-21T17:07:09,reply,6a2548ec000000003501fa4f,6a254d0400000000270231b5,complete,endpoint_exhausted,0,0,0,wuhan,local_broadband_wuhan,account_wuhan,9343,12,complete,GK2026D1,,
2026-08-21T17:07:40,reply,6a2548ec000000003501fa4f,6a254cf00000000029011fc4,complete,endpoint_exhausted,0,0,0,wuhan,local_broadband_wuhan,account_wuhan,9343,12,complete,GK2026D1,,
2026-08-21T17:07:40,reply,6a2548ec000000003501fa4f,6a254ce800000000280346ae,complete,endpoint_exhausted,0,0,0,wuhan,local_broadband_wuhan,account_wuhan,9343,12,complete,GK2026D1,,
2026-08-21T17:07:40,reply,6a2548ec000000003501fa4f,6a254ce50000000027014cc8,complete,endpoint_exhausted,0,0,0,wuhan,local_broadband_wuhan,account_wuhan,9343,12,complete,GK2026D1,,
2026-08-21T17:07:40,reply,6a2548ec000000003501fa4f,6a254ccb0000000028037f13,complete,endpoint_exhausted,0,0,0,wuhan,local_broadband_wuhan,account_wuhan,9343,12,complete,GK2026D1,,
2026-08-21T17:07:40,reply,6a2548ec000000003501fa4f,6a254cc9000000002901176a,complete,endpoint_exhausted,0,0,0,wuhan,local_broadband_wuhan,account_wuhan,9343,12,complete,GK2026D1,,
2026-08-21T17:07:40,reply,6a2548ec000000003501fa4f,6a254cc200000000270223b6,complete,endpoint_exhausted,0,0,0,wuhan,local_broadband_wuhan,account_wuhan,9343,12,complete,GK2026D1,,
2026-08-21T17:07:40,reply,6a2548ec000000003501fa4f,6a254cbf0000000029011537,complete,endpoint_exhausted,0,0,0,wuhan,local_broadband_wuhan,account_wuhan,9343,12,complete,GK2026D1,,
2026-08-21T17:07:40,reply,6a2548ec000000003501fa4f,6a254cbc000000002702bbd7,complete,endpoint_exhausted,0,0,0,wuhan,local_broadband_wuhan,account_wuhan,9343,12,complete,GK2026D1,,
2026-08-21T17:07:40,reply,6a2548ec000000003501fa4f,6a254ca8000000002a031110,complete,endpoint_exhausted,0,0,0,wuhan,local_broadband_wuhan,account_wuhan,9343,12,complete,GK2026D1,,
2026-08-21T17:07:40,reply,6a2548ec000000003501fa4f,6a254c8c000000002900d638,complete,endpoint_exhausted,0,0,0,wuhan,local_broadband_wuhan,account_wuhan,9343,12,complete,GK2026D1,,
2026-08-21T17:08:10,reply,6a2548ec000000003501fa4f,6a254c8a000000002a02f4e7,complete,endpoint_exhausted,0,0,0,wuhan,local_broadband_wuhan,account_wuhan,9343,12,complete,GK2026D1,,
2026-08-21T17:08:10,reply,6a2548ec000000003501fa4f,6a254c6a000000002702a8cf,complete,endpoint_exhausted,0,0,0,wuhan,local_broadband_wuhan,account_wuhan,9343,12,complete,GK2026D1,,
2026-08-21T17:08:10,reply,6a2548ec000000003501fa4f,6a254c45000000002803caed,complete,endpoint_exhausted,0,0,0,wuhan,local_broadband_wuhan,account_wuhan,9343,12,complete,GK2026D1,,
2026-08-21T17:08:10,reply,6a2548ec000000003501fa4f,6a254c360000000029013382,complete,endpoint_exhausted,0,0,0,wuhan,local_broadband_wuhan,account_wuhan,9343,12,complete,GK2026D1,,
2026-08-21T17:08:10,reply,6a2548ec000000003501fa4f,6a254c31000000002902574c,complete,endpoint_exhausted,0,0,0,wuhan,local_broadband_wuhan,account_wuhan,9343,12,complete,GK2026D1,,
2026-08-21T17:08:10,reply,6a2548ec000000003501fa4f,6a254c3000000000280093b4,complete,endpoint_exhausted,0,0,0,wuhan,local_broadband_wuhan,account_wuhan,9343,12,complete,GK2026D1,,
2026-08-21T17:08:10,reply,6a2548ec000000003501fa4f,6a254c2c000000002803145c,complete,endpoint_exhausted,0,0,0,wuhan,local_broadband_wuhan,account_wuhan,9343,12,complete,GK2026D1,,
2026-08-21T17:08:10,reply,6a2548ec000000003501fa4f,6a254c22000000002702c00c,complete,endpoint_exhausted,0,0,0,wuhan,local_broadband_wuhan,account_wuhan,9343,12,complete,GK2026D1,,
2026-08-21T17:08:10,reply,6a2548ec000000003501fa4f,6a254c11000000002900fade,complete,endpoint_exhausted,0,0,0,wuhan,local_broadband_wuhan,account_wuhan,9343,12,complete,GK2026D1,,
2026-08-21T17:08:10,reply,6a2548ec000000003501fa4f,6a254c100000000028035246,complete,endpoint_exhausted,0,0,0,wuhan,local_broadband_wuhan,account_wuhan,9343,12,complete,GK2026D1,,
2026-08-21T17:09:10,reply,6a2548ec000000003501fa4f,6a254bff000000002b02a766,complete,endpoint_exhausted,1,4,4,wuhan,local_broadband_wuhan,account_wuhan,9343,12,complete,GK2026D1,,
2026-08-21T17:09:10,reply,6a2548ec000000003501fa4f,6a254bfe0000000027023713,complete,endpoint_exhausted,0,0,0,wuhan,local_broadband_wuhan,account_wuhan,9343,12,complete,GK2026D1,,
2026-08-21T17:09:10,reply,6a2548ec000000003501fa4f,6a254bfb0000000027015252,complete,endpoint_exhausted,0,0,0,wuhan,local_broadband_wuhan,account_wuhan,9343,12,complete,GK2026D1,,
2026-08-21T17:09:10,reply,6a2548ec000000003501fa4f,6a254bfa0000000029012540,complete,endpoint_exhausted,0,0,0,wuhan,local_broadband_wuhan,account_wuhan,9343,12,complete,GK2026D1,,
2026-08-21T17:09:10,reply,6a2548ec000000003501fa4f,6a254bf6000000002a004818,complete,endpoint_exhausted,0,0,0,wuhan,local_broadband_wuhan,account_wuhan,9343,12,complete,GK2026D1,,
2026-08-21T17:09:10,reply,6a2548ec000000003501fa4f,6a254bf2000000002902e063,complete,endpoint_exhausted,0,0,0,wuhan,local_broadband_wuhan,account_wuhan,9343,12,complete,GK2026D1,,
2026-08-21T17:09:10,reply,6a2548ec000000003501fa4f,6a254bf0000000002900f27a,complete,endpoint_exhausted,0,0,0,wuhan,local_broadband_wuhan,account_wuhan,9343,12,complete,GK2026D1,,
2026-08-21T17:09:10,reply,6a2548ec000000003501fa4f,6a254beb0000000028034980,complete,endpoint_exhausted,0,0,0,wuhan,local_broadband_wuhan,account_wuhan,9343,12,complete,GK2026D1,,
2026-08-21T17:09:10,reply,6a2548ec000000003501fa4f,6a254be30000000029019bd2,complete,endpoint_exhausted,0,0,0,wuhan,local_broadband_wuhan,account_wuhan,9343,12,complete,GK2026D1,,
2026-08-21T17:09:10,reply,6a2548ec000000003501fa4f,6a254be2000000002a0330e8,complete,endpoint_exhausted,0,0,0,wuhan,local_broadband_wuhan,account_wuhan,9343,12,complete,GK2026D1,,
2026-08-21T17:09:41,reply,6a2548ec000000003501fa4f,6a254be0000000002701df5b,complete,endpoint_exhausted,0,0,0,wuhan,local_broadband_wuhan,account_wuhan,9343,12,complete,GK2026D1,,
2026-08-21T17:09:41,reply,6a2548ec000000003501fa4f,6a254bda0000000027022e7e,complete,endpoint_exhausted,0,0,0,wuhan,local_broadband_wuhan,account_wuhan,9343,12,complete,GK2026D1,,
2026-08-21T17:09:41,reply,6a2548ec000000003501fa4f,6a254bd90000000028034497,complete,endpoint_exhausted,0,0,0,wuhan,local_broadband_wuhan,account_wuhan,9343,12,complete,GK2026D1,,
2026-08-21T17:09:41,reply,6a2548ec000000003501fa4f,6a254bd70000000027022de1,complete,endpoint_exhausted,0,0,0,wuhan,local_broadband_wuhan,account_wuhan,9343,12,complete,GK2026D1,,
2026-08-21T17:09:41,reply,6a2548ec000000003501fa4f,6a254bca0000000028033ceb,complete,endpoint_exhausted,0,0,0,wuhan,local_broadband_wuhan,account_wuhan,9343,12,complete,GK2026D1,,
2026-08-21T17:09:41,reply,6a2548ec000000003501fa4f,6a254bc50000000028039f96,complete,endpoint_exhausted,0,0,0,wuhan,local_broadband_wuhan,account_wuhan,9343,12,complete,GK2026D1,,
2026-08-21T17:09:41,reply,6a2548ec000000003501fa4f,6a254bb9000000002803394d,complete,endpoint_exhausted,0,0,0,wuhan,local_broadband_wuhan,account_wuhan,9343,12,complete,GK2026D1,,
2026-08-21T17:09:41,reply,6a2548ec000000003501fa4f,6a254bb2000000002702bb94,complete,endpoint_exhausted,0,0,0,wuhan,local_broadband_wuhan,account_wuhan,9343,12,complete,GK2026D1,,
2026-08-21T17:09:41,reply,6a2548ec000000003501fa4f,6a254bae000000002803e89c,complete,endpoint_exhausted,0,0,0,wuhan,local_broadband_wuhan,account_wuhan,9343,12,complete,GK2026D1,,
2026-08-21T17:09:41,reply,6a2548ec000000003501fa4f,6a254ba80000000029011184,complete,endpoint_exhausted,0,0,0,wuhan,local_broadband_wuhan,account_wuhan,9343,12,complete,GK2026D1,,
2026-08-21T17:10:11,reply,6a2548ec000000003501fa4f,6a254ba5000000002b0038bc,complete,endpoint_exhausted,0,0,0,wuhan,local_broadband_wuhan,account_wuhan,9343,12,complete,GK2026D1,,
2026-08-21T17:10:11,reply,6a2548ec000000003501fa4f,6a254ba400000000280397a8,complete,endpoint_exhausted,0,0,0,wuhan,local_broadband_wuhan,account_wuhan,9343,12,complete,GK2026D1,,
2026-08-21T17:10:11,reply,6a2548ec000000003501fa4f,6a254b9f000000002701cd7d,complete,endpoint_exhausted,0,0,0,wuhan,local_broadband_wuhan,account_wuhan,9343,12,complete,GK2026D1,,
2026-08-21T17:10:11,reply,6a2548ec000000003501fa4f,6a254b9400000000280393d2,complete,endpoint_exhausted,0,1,1,wuhan,local_broadband_wuhan,account_wuhan,9343,12,complete,GK2026D1,,
2026-08-21T17:10:11,reply,6a2548ec000000003501fa4f,6a254b8d0000000029010a4c,complete,endpoint_exhausted,0,0,0,wuhan,local_broadband_wuhan,account_wuhan,9343,12,complete,GK2026D1,,
2026-08-21T17:11:42,reply,6a2548ec000000003501fa4f,6a2578fe000000002a02f850,complete,endpoint_exhausted,3,15,15,wuhan,local_broadband_wuhan,account_wuhan,9343,12,complete,GK2026D1,,
2026-08-21T17:13:43,reply,6a2548ec000000003501fa4f,6a254f6900000000280318bd,complete,endpoint_exhausted,4,20,20,wuhan,local_broadband_wuhan,account_wuhan,9343,12,complete,GK2026D1,,
2026-08-21T17:13:43,reply,6a2548ec000000003501fa4f,6a27c26a000000002702ba44,complete,endpoint_exhausted,0,1,1,wuhan,local_broadband_wuhan,account_wuhan,9343,12,complete,GK2026D1,,
2026-08-21T17:13:43,reply,6a2548ec000000003501fa4f,6a25504f0000000029025c86,complete,endpoint_exhausted,0,0,0,wuhan,local_broadband_wuhan,account_wuhan,9343,12,complete,GK2026D1,,
2026-08-21T17:13:43,reply,6a2548ec000000003501fa4f,6a254e6c000000002702cc33,complete,endpoint_exhausted,0,0,0,wuhan,local_broadband_wuhan,account_wuhan,9343,12,complete,GK2026D1,,
2026-08-21T17:14:13,reply,6a2548ec000000003501fa4f,6a4db539000000002b0297f5,complete,endpoint_exhausted,0,0,0,wuhan,local_broadband_wuhan,account_wuhan,9343,12,complete,GK2026D1,,
2026-08-21T17:14:13,reply,6a2548ec000000003501fa4f,6a47b15700000000150026a6,complete,endpoint_exhausted,0,0,0,wuhan,local_broadband_wuhan,account_wuhan,9343,12,complete,GK2026D1,,
2026-08-21T17:14:13,reply,6a2548ec000000003501fa4f,6a38c807000000001500773c,complete,endpoint_exhausted,0,0,0,wuhan,local_broadband_wuhan,account_wuhan,9343,12,complete,GK2026D1,,
2026-08-21T17:14:13,reply,6a2548ec000000003501fa4f,6a38c8030000000015008992,complete,endpoint_exhausted,0,0,0,wuhan,local_broadband_wuhan,account_wuhan,9343,12,complete,GK2026D1,,
2026-08-21T17:14:13,reply,6a2548ec000000003501fa4f,6a38c7d7000000000802ea29,complete,endpoint_exhausted,0,0,0,wuhan,local_broadband_wuhan,account_wuhan,9343,12,complete,GK2026D1,,
2026-08-21T17:14:13,reply,6a2548ec000000003501fa4f,6a37aec7000000000802d450,complete,endpoint_exhausted,0,0,0,wuhan,local_broadband_wuhan,account_wuhan,9343,12,complete,GK2026D1,,
2026-08-21T17:14:13,reply,6a2548ec000000003501fa4f,6a37a430000000002a030053,complete,endpoint_exhausted,0,0,0,wuhan,local_broadband_wuhan,account_wuhan,9343,12,complete,GK2026D1,,
2026-08-21T17:14:13,reply,6a2548ec000000003501fa4f,6a379a02000000002a032c5f,complete,endpoint_exhausted,0,0,0,wuhan,local_broadband_wuhan,account_wuhan,9343,12,complete,GK2026D1,,
2026-08-21T17:14:13,reply,6a2548ec000000003501fa4f,6a376d530000000015012f36,complete,endpoint_exhausted,0,0,0,wuhan,local_broadband_wuhan,account_wuhan,9343,12,complete,GK2026D1,,
2026-08-21T17:14:13,reply,6a2548ec000000003501fa4f,6a3756920000000015003184,complete,endpoint_exhausted,0,0,0,wuhan,local_broadband_wuhan,account_wuhan,9343,12,complete,GK2026D1,,
2026-08-21T17:14:43,reply,6a2548ec000000003501fa4f,6a36776f000000002b0025c1,complete,endpoint_exhausted,0,0,0,wuhan,local_broadband_wuhan,account_wuhan,9343,12,complete,GK2026D1,,
2026-08-21T17:14:43,reply,6a2548ec000000003501fa4f,6a364583000000001500b29e,complete,endpoint_exhausted,0,0,0,wuhan,local_broadband_wuhan,account_wuhan,9343,12,complete,GK2026D1,,
2026-08-21T17:14:43,reply,6a2548ec000000003501fa4f,6a36439a0000000015006c24,complete,endpoint_exhausted,0,0,0,wuhan,local_broadband_wuhan,account_wuhan,9343,12,complete,GK2026D1,,
2026-08-21T17:14:43,reply,6a2548ec000000003501fa4f,6a363b97000000000b03ab90,complete,endpoint_exhausted,0,0,0,wuhan,local_broadband_wuhan,account_wuhan,9343,12,complete,GK2026D1,,
2026-08-21T17:14:43,reply,6a2548ec000000003501fa4f,6a34b5af0000000015002f78,complete,endpoint_exhausted,0,0,0,wuhan,local_broadband_wuhan,account_wuhan,9343,12,complete,GK2026D1,,
2026-08-21T17:14:43,reply,6a2548ec000000003501fa4f,6a340918000000002a033527,complete,endpoint_exhausted,0,0,0,wuhan,local_broadband_wuhan,account_wuhan,9343,12,complete,GK2026D1,,
2026-08-21T17:14:43,reply,6a2548ec000000003501fa4f,6a340130000000000802e13c,complete,endpoint_exhausted,0,0,0,wuhan,local_broadband_wuhan,account_wuhan,9343,12,complete,GK2026D1,,
2026-08-21T17:14:43,reply,6a2548ec000000003501fa4f,6a33f8e4000000001500168b,complete,endpoint_exhausted,0,0,0,wuhan,local_broadband_wuhan,account_wuhan,9343,12,complete,GK2026D1,,
2026-08-21T17:14:43,reply,6a2548ec000000003501fa4f,6a33a095000000002901bf1e,complete,endpoint_exhausted,0,0,0,wuhan,local_broadband_wuhan,account_wuhan,9343,12,complete,GK2026D1,,
2026-08-21T17:14:43,reply,6a2548ec000000003501fa4f,6a335b7b000000002900cef8,complete,endpoint_exhausted,0,0,0,wuhan,local_broadband_wuhan,account_wuhan,9343,12,complete,GK2026D1,,
2026-08-21T17:15:14,reply,6a2548ec000000003501fa4f,6a327b46000000002803c733,complete,endpoint_exhausted,0,0,0,wuhan,local_broadband_wuhan,account_wuhan,9343,12,complete,GK2026D1,,
2026-08-21T17:15:14,reply,6a2548ec000000003501fa4f,6a3109230000000029034086,complete,endpoint_exhausted,0,0,0,wuhan,local_broadband_wuhan,account_wuhan,9343,12,complete,GK2026D1,,
2026-08-21T17:15:14,reply,6a2548ec000000003501fa4f,6a2ffa73000000002701f6fc,complete,endpoint_exhausted,0,0,0,wuhan,local_broadband_wuhan,account_wuhan,9343,12,complete,GK2026D1,,
2026-08-21T17:15:14,reply,6a2548ec000000003501fa4f,6a2fefb50000000029037383,complete,endpoint_exhausted,0,0,0,wuhan,local_broadband_wuhan,account_wuhan,9343,12,complete,GK2026D1,,
2026-08-21T17:15:14,reply,6a2548ec000000003501fa4f,6a2f949d0000000028034465,complete,endpoint_exhausted,0,0,0,wuhan,local_broadband_wuhan,account_wuhan,9343,12,complete,GK2026D1,,
2026-08-21T17:15:14,reply,6a2548ec000000003501fa4f,6a2eb9e80000000027023a01,complete,endpoint_exhausted,0,0,0,wuhan,local_broadband_wuhan,account_wuhan,9343,12,complete,GK2026D1,,
2026-08-21T17:15:14,reply,6a2548ec000000003501fa4f,6a2e5a5f000000002901b1fc,complete,endpoint_exhausted,0,0,0,wuhan,local_broadband_wuhan,account_wuhan,9343,12,complete,GK2026D1,,
2026-08-21T17:15:14,reply,6a2548ec000000003501fa4f,6a2e5025000000002b026147,complete,endpoint_exhausted,0,0,0,wuhan,local_broadband_wuhan,account_wuhan,9343,12,complete,GK2026D1,,
2026-08-21T17:15:14,reply,6a2548ec000000003501fa4f,6a2e4f78000000002a006f93,complete,endpoint_exhausted,0,0,0,wuhan,local_broadband_wuhan,account_wuhan,9343,12,complete,GK2026D1,,
2026-08-21T17:15:14,reply,6a2548ec000000003501fa4f,6a2e4beb0000000028008d25,complete,endpoint_exhausted,0,0,0,wuhan,local_broadband_wuhan,account_wuhan,9343,12,complete,GK2026D1,,
2026-08-21T17:15:44,reply,6a2548ec000000003501fa4f,6a2e4be0000000002701634c,complete,endpoint_exhausted,0,0,0,wuhan,local_broadband_wuhan,account_wuhan,9343,12,complete,GK2026D1,,
2026-08-21T17:15:44,reply,6a2548ec000000003501fa4f,6a2e1cf10000000029012ee8,complete,endpoint_exhausted,0,0,0,wuhan,local_broadband_wuhan,account_wuhan,9343,12,complete,GK2026D1,,
2026-08-21T17:15:44,reply,6a2548ec000000003501fa4f,6a2e03fa00000000290106c6,complete,endpoint_exhausted,0,0,0,wuhan,local_broadband_wuhan,account_wuhan,9343,12,complete,GK2026D1,,
2026-08-21T17:15:44,reply,6a2548ec000000003501fa4f,6a2df8b30000000028030722,complete,endpoint_exhausted,0,0,0,wuhan,local_broadband_wuhan,account_wuhan,9343,12,complete,GK2026D1,,
2026-08-21T17:15:44,reply,6a2548ec000000003501fa4f,6a2df5010000000029010d7f,complete,endpoint_exhausted,0,0,0,wuhan,local_broadband_wuhan,account_wuhan,9343,12,complete,GK2026D1,,
2026-08-21T17:15:44,reply,6a2548ec000000003501fa4f,6a2df2d4000000002803786a,complete,endpoint_exhausted,0,0,0,wuhan,local_broadband_wuhan,account_wuhan,9343,12,complete,GK2026D1,,
2026-08-21T17:15:44,reply,6a2548ec000000003501fa4f,6a2dedde000000002b000a3f,complete,endpoint_exhausted,0,0,0,wuhan,local_broadband_wuhan,account_wuhan,9343,12,complete,GK2026D1,,
2026-08-21T17:15:44,reply,6a2548ec000000003501fa4f,6a2d8502000000002b02941a,complete,endpoint_exhausted,0,0,0,wuhan,local_broadband_wuhan,account_wuhan,9343,12,complete,GK2026D1,,
2026-08-21T17:15:44,reply,6a2548ec000000003501fa4f,6a2d2136000000002b029c2c,complete,endpoint_exhausted,0,0,0,wuhan,local_broadband_wuhan,account_wuhan,9343,12,complete,GK2026D1,,
2026-08-21T17:15:44,reply,6a2548ec000000003501fa4f,6a2d19ff000000002a02c7b7,complete,endpoint_exhausted,0,0,0,wuhan,local_broadband_wuhan,account_wuhan,9343,12,complete,GK2026D1,,
2026-08-21T17:16:14,reply,6a2548ec000000003501fa4f,6a2d05e4000000002803d59b,complete,endpoint_exhausted,0,0,0,wuhan,local_broadband_wuhan,account_wuhan,9343,12,complete,GK2026D1,,
2026-08-21T17:16:14,reply,6a2548ec000000003501fa4f,6a2cf0b7000000002903505b,complete,endpoint_exhausted,0,0,0,wuhan,local_broadband_wuhan,account_wuhan,9343,12,complete,GK2026D1,,
2026-08-21T17:16:14,reply,6a2548ec000000003501fa4f,6a2cd368000000002800b0b2,complete,endpoint_exhausted,0,0,0,wuhan,local_broadband_wuhan,account_wuhan,9343,12,complete,GK2026D1,,
2026-08-21T17:16:14,reply,6a2548ec000000003501fa4f,6a2cc668000000002a0277bf,complete,endpoint_exhausted,0,0,0,wuhan,local_broadband_wuhan,account_wuhan,9343,12,complete,GK2026D1,,
2026-08-21T17:16:14,reply,6a2548ec000000003501fa4f,6a2cb576000000002803d794,complete,endpoint_exhausted,0,0,0,wuhan,local_broadband_wuhan,account_wuhan,9343,12,complete,GK2026D1,,
2026-08-21T17:16:14,reply,6a2548ec000000003501fa4f,6a2cae7e000000002702cd38,complete,endpoint_exhausted,0,0,0,wuhan,local_broadband_wuhan,account_wuhan,9343,12,complete,GK2026D1,,
2026-08-21T17:16:14,reply,6a2548ec000000003501fa4f,6a2c99d20000000028035570,complete,endpoint_exhausted,0,0,0,wuhan,local_broadband_wuhan,account_wuhan,9343,12,complete,GK2026D1,,
2026-08-21T17:16:14,reply,6a2548ec000000003501fa4f,6a2c072a000000002a02e99a,complete,endpoint_exhausted,0,0,0,wuhan,local_broadband_wuhan,account_wuhan,9343,12,complete,GK2026D1,,
2026-08-21T17:16:14,reply,6a2548ec000000003501fa4f,6a2bf7a90000000027023a5a,complete,endpoint_exhausted,0,0,0,wuhan,local_broadband_wuhan,account_wuhan,9343,12,complete,GK2026D1,,
2026-08-21T17:16:14,reply,6a2548ec000000003501fa4f,6a2bc7760000000029025b36,complete,endpoint_exhausted,0,0,0,wuhan,local_broadband_wuhan,account_wuhan,9343,12,complete,GK2026D1,,
2026-08-21T17:16:44,reply,6a2548ec000000003501fa4f,6a2bc60b000000002701ec42,complete,endpoint_exhausted,0,0,0,wuhan,local_broadband_wuhan,account_wuhan,9343,12,complete,GK2026D1,,
2026-08-21T17:16:44,reply,6a2548ec000000003501fa4f,6a2b7ebc00000000270239f5,complete,endpoint_exhausted,0,0,0,wuhan,local_broadband_wuhan,account_wuhan,9343,12,complete,GK2026D1,,
2026-08-21T17:16:44,reply,6a2548ec000000003501fa4f,6a2b79b50000000029011c1e,complete,endpoint_exhausted,0,0,0,wuhan,local_broadband_wuhan,account_wuhan,9343,12,complete,GK2026D1,,
2026-08-21T17:16:44,reply,6a2548ec000000003501fa4f,6a2b4253000000002902f0a1,complete,endpoint_exhausted,0,0,0,wuhan,local_broadband_wuhan,account_wuhan,9343,12,complete,GK2026D1,,
2026-08-21T17:16:44,reply,6a2548ec000000003501fa4f,6a2ad131000000002702ec06,complete,endpoint_exhausted,0,0,0,wuhan,local_broadband_wuhan,account_wuhan,9343,12,complete,GK2026D1,,
2026-08-21T17:16:44,reply,6a2548ec000000003501fa4f,6a2ac1200000000029013b3e,complete,endpoint_exhausted,0,0,0,wuhan,local_broadband_wuhan,account_wuhan,9343,12,complete,GK2026D1,,
2026-08-21T17:16:44,reply,6a2548ec000000003501fa4f,6a2a8e34000000002803f9c4,complete,endpoint_exhausted,0,0,0,wuhan,local_broadband_wuhan,account_wuhan,9343,12,complete,GK2026D1,,
2026-08-21T17:16:44,reply,6a2548ec000000003501fa4f,6a2a899f000000002900fd40,complete,endpoint_exhausted,0,0,0,wuhan,local_broadband_wuhan,account_wuhan,9343,12,complete,GK2026D1,,
2026-08-21T17:16:44,reply,6a2548ec000000003501fa4f,6a2a7c5500000000290132f8,complete,endpoint_exhausted,0,0,0,wuhan,local_broadband_wuhan,account_wuhan,9343,12,complete,GK2026D1,,
2026-08-21T17:16:44,reply,6a2548ec000000003501fa4f,6a2a7a6a000000002702b69d,complete,endpoint_exhausted,0,0,0,wuhan,local_broadband_wuhan,account_wuhan,9343,12,complete,GK2026D1,,
2026-08-21T17:17:15,reply,6a2548ec000000003501fa4f,6a2a78d80000000027029b5a,complete,endpoint_exhausted,0,0,0,wuhan,local_broadband_wuhan,account_wuhan,9343,12,complete,GK2026D1,,
2026-08-21T17:17:15,reply,6a2548ec000000003501fa4f,6a2a70650000000028008788,complete,endpoint_exhausted,0,0,0,wuhan,local_broadband_wuhan,account_wuhan,9343,12,complete,GK2026D1,,
2026-08-21T17:17:15,reply,6a2548ec000000003501fa4f,6a2a70600000000027020139,complete,endpoint_exhausted,0,0,0,wuhan,local_broadband_wuhan,account_wuhan,9343,12,complete,GK2026D1,,
2026-08-21T17:17:15,reply,6a2548ec000000003501fa4f,6a2a5d8a000000002b00263e,complete,endpoint_exhausted,0,0,0,wuhan,local_broadband_wuhan,account_wuhan,9343,12,complete,GK2026D1,,
2026-08-21T17:17:15,reply,6a2548ec000000003501fa4f,6a2a58c90000000029012179,complete,endpoint_exhausted,0,0,0,wuhan,local_broadband_wuhan,account_wuhan,9343,12,complete,GK2026D1,,
2026-08-21T17:17:15,reply,6a2548ec000000003501fa4f,6a2a537d000000002a02d0cc,complete,endpoint_exhausted,0,0,0,wuhan,local_broadband_wuhan,account_wuhan,9343,12,complete,GK2026D1,,
2026-08-21T17:17:15,reply,6a2548ec000000003501fa4f,6a2a4998000000002803c3d8,complete,endpoint_exhausted,0,0,0,wuhan,local_broadband_wuhan,account_wuhan,9343,12,complete,GK2026D1,,
2026-08-21T17:17:15,reply,6a2548ec000000003501fa4f,6a29757c000000002803b723,complete,endpoint_exhausted,0,0,0,wuhan,local_broadband_wuhan,account_wuhan,9343,12,complete,GK2026D1,,
2026-08-21T17:17:15,reply,6a2548ec000000003501fa4f,6a296eb4000000002a00745d,complete,endpoint_exhausted,0,0,0,wuhan,local_broadband_wuhan,account_wuhan,9343,12,complete,GK2026D1,,
2026-08-21T17:17:15,reply,6a2548ec000000003501fa4f,6a296ad7000000002b025330,complete,endpoint_exhausted,0,0,0,wuhan,local_broadband_wuhan,account_wuhan,9343,12,complete,GK2026D1,,
2026-08-21T17:17:45,reply,6a2548ec000000003501fa4f,6a296703000000002803b58c,complete,endpoint_exhausted,0,0,0,wuhan,local_broadband_wuhan,account_wuhan,9343,12,complete,GK2026D1,,
2026-08-21T17:17:45,reply,6a2548ec000000003501fa4f,6a294e9c0000000027020be1,complete,endpoint_exhausted,0,0,0,wuhan,local_broadband_wuhan,account_wuhan,9343,12,complete,GK2026D1,,
2026-08-21T17:17:45,reply,6a2548ec000000003501fa4f,6a294e8900000000290114f3,complete,endpoint_exhausted,0,0,0,wuhan,local_broadband_wuhan,account_wuhan,9343,12,complete,GK2026D1,,
2026-08-21T17:17:45,reply,6a2548ec000000003501fa4f,6a294b250000000027023851,complete,endpoint_exhausted,0,0,0,wuhan,local_broadband_wuhan,account_wuhan,9343,12,complete,GK2026D1,,
2026-08-21T17:17:45,reply,6a2548ec000000003501fa4f,6a29481200000000290111df,complete,endpoint_exhausted,0,0,0,wuhan,local_broadband_wuhan,account_wuhan,9343,12,complete,GK2026D1,,
2026-08-21T17:17:45,reply,6a2548ec000000003501fa4f,6a29467f000000002901b576,complete,endpoint_exhausted,0,0,0,wuhan,local_broadband_wuhan,account_wuhan,9343,12,complete,GK2026D1,,
2026-08-21T17:17:45,reply,6a2548ec000000003501fa4f,6a294405000000002b02a737,complete,endpoint_exhausted,0,0,0,wuhan,local_broadband_wuhan,account_wuhan,9343,12,complete,GK2026D1,,
2026-08-21T17:17:45,reply,6a2548ec000000003501fa4f,6a2943f2000000002a032165,complete,endpoint_exhausted,0,0,0,wuhan,local_broadband_wuhan,account_wuhan,9343,12,complete,GK2026D1,,
2026-08-21T17:17:45,reply,6a2548ec000000003501fa4f,6a2943dd0000000027020c7e,complete,endpoint_exhausted,0,0,0,wuhan,local_broadband_wuhan,account_wuhan,9343,12,complete,GK2026D1,,
2026-08-21T17:17:45,reply,6a2548ec000000003501fa4f,6a2943c8000000002901bfa1,complete,endpoint_exhausted,0,0,0,wuhan,local_broadband_wuhan,account_wuhan,9343,12,complete,GK2026D1,,
2026-08-21T17:18:15,reply,6a2548ec000000003501fa4f,6a293944000000002702194b,complete,endpoint_exhausted,0,0,0,wuhan,local_broadband_wuhan,account_wuhan,9343,12,complete,GK2026D1,,
2026-08-21T17:18:15,reply,6a2548ec000000003501fa4f,6a2937f8000000002b000b26,complete,endpoint_exhausted,0,0,0,wuhan,local_broadband_wuhan,account_wuhan,9343,12,complete,GK2026D1,,
2026-08-21T17:18:15,reply,6a2548ec000000003501fa4f,6a29325900000000290136c7,complete,endpoint_exhausted,0,0,0,wuhan,local_broadband_wuhan,account_wuhan,9343,12,complete,GK2026D1,,
2026-08-21T17:18:15,reply,6a2548ec000000003501fa4f,6a292527000000002901abe8,complete,endpoint_exhausted,0,0,0,wuhan,local_broadband_wuhan,account_wuhan,9343,12,complete,GK2026D1,,
2026-08-21T17:18:15,reply,6a2548ec000000003501fa4f,6a291f28000000002701f44d,complete,endpoint_exhausted,0,0,0,wuhan,local_broadband_wuhan,account_wuhan,9343,12,complete,GK2026D1,,
2026-08-21T17:18:15,reply,6a2548ec000000003501fa4f,6a291c7800000000290369ff,complete,endpoint_exhausted,0,0,0,wuhan,local_broadband_wuhan,account_wuhan,9343,12,complete,GK2026D1,,
2026-08-21T17:18:15,reply,6a2548ec000000003501fa4f,6a290f7b00000000280386bc,complete,endpoint_exhausted,0,0,0,wuhan,local_broadband_wuhan,account_wuhan,9343,12,complete,GK2026D1,,
2026-08-21T17:18:15,reply,6a2548ec000000003501fa4f,6a290dfc000000002702227a,complete,endpoint_exhausted,0,0,0,wuhan,local_broadband_wuhan,account_wuhan,9343,12,complete,GK2026D1,,
2026-08-21T17:18:15,reply,6a2548ec000000003501fa4f,6a2905a7000000002800b741,complete,endpoint_exhausted,0,0,0,wuhan,local_broadband_wuhan,account_wuhan,9343,12,complete,GK2026D1,,
2026-08-21T17:18:15,reply,6a2548ec000000003501fa4f,6a2904af0000000028031165,complete,endpoint_exhausted,0,0,0,wuhan,local_broadband_wuhan,account_wuhan,9343,12,complete,GK2026D1,,
2026-08-21T17:18:46,reply,6a2548ec000000003501fa4f,6a29016a000000002900d7db,complete,endpoint_exhausted,0,0,0,wuhan,local_broadband_wuhan,account_wuhan,9343,12,complete,GK2026D1,,
2026-08-21T17:18:46,reply,6a2548ec000000003501fa4f,6a290025000000002902cbaa,complete,endpoint_exhausted,0,0,0,wuhan,local_broadband_wuhan,account_wuhan,9343,12,complete,GK2026D1,,
2026-08-21T17:18:46,reply,6a2548ec000000003501fa4f,6a28fecd000000002702f418,complete,endpoint_exhausted,0,0,0,wuhan,local_broadband_wuhan,account_wuhan,9343,12,complete,GK2026D1,,
2026-08-21T17:18:46,reply,6a2548ec000000003501fa4f,6a28f733000000002a02f31a,complete,endpoint_exhausted,0,0,0,wuhan,local_broadband_wuhan,account_wuhan,9343,12,complete,GK2026D1,,
2026-08-21T17:18:46,reply,6a2548ec000000003501fa4f,6a28f6a40000000027022008,complete,endpoint_exhausted,0,0,0,wuhan,local_broadband_wuhan,account_wuhan,9343,12,complete,GK2026D1,,
2026-08-21T17:18:46,reply,6a2548ec000000003501fa4f,6a28f3910000000028039323,complete,endpoint_exhausted,0,0,0,wuhan,local_broadband_wuhan,account_wuhan,9343,12,complete,GK2026D1,,
2026-08-21T17:18:46,reply,6a2548ec000000003501fa4f,6a28ec5e000000002800b019,complete,endpoint_exhausted,0,0,0,wuhan,local_broadband_wuhan,account_wuhan,9343,12,complete,GK2026D1,,
2026-08-21T17:18:46,reply,6a2548ec000000003501fa4f,6a28e6de000000002b024841,complete,endpoint_exhausted,0,0,0,wuhan,local_broadband_wuhan,account_wuhan,9343,12,complete,GK2026D1,,
2026-08-21T17:18:46,reply,6a2548ec000000003501fa4f,6a28e487000000002b026f35,complete,endpoint_exhausted,0,0,0,wuhan,local_broadband_wuhan,account_wuhan,9343,12,complete,GK2026D1,,
2026-08-21T17:18:46,reply,6a2548ec000000003501fa4f,6a28e381000000002a02f088,complete,endpoint_exhausted,0,0,0,wuhan,local_broadband_wuhan,account_wuhan,9343,12,complete,GK2026D1,,
2026-08-21T17:19:16,reply,6a2548ec000000003501fa4f,6a28dd6a0000000029011d52,complete,endpoint_exhausted,0,0,0,wuhan,local_broadband_wuhan,account_wuhan,9343,12,complete,GK2026D1,,
2026-08-21T17:19:16,reply,6a2548ec000000003501fa4f,6a28dce90000000028034329,complete,endpoint_exhausted,0,0,0,wuhan,local_broadband_wuhan,account_wuhan,9343,12,complete,GK2026D1,,
2026-08-21T17:19:16,reply,6a2548ec000000003501fa4f,6a28dca6000000002701dd37,complete,endpoint_exhausted,0,0,0,wuhan,local_broadband_wuhan,account_wuhan,9343,12,complete,GK2026D1,,
2026-08-21T17:19:16,reply,6a2548ec000000003501fa4f,6a28dbbc000000002a02c913,complete,endpoint_exhausted,0,0,0,wuhan,local_broadband_wuhan,account_wuhan,9343,12,complete,GK2026D1,,
2026-08-21T17:19:16,reply,6a2548ec000000003501fa4f,6a28d56c000000002800bcbe,complete,endpoint_exhausted,0,0,0,wuhan,local_broadband_wuhan,account_wuhan,9343,12,complete,GK2026D1,,
2026-08-21T17:19:16,reply,6a2548ec000000003501fa4f,6a28cc1e000000002701deee,complete,endpoint_exhausted,0,0,0,wuhan,local_broadband_wuhan,account_wuhan,9343,12,complete,GK2026D1,,
2026-08-21T17:19:16,reply,6a2548ec000000003501fa4f,6a28cbda000000002800a069,complete,endpoint_exhausted,0,0,0,wuhan,local_broadband_wuhan,account_wuhan,9343,12,complete,GK2026D1,,
2026-08-21T17:19:16,reply,6a2548ec000000003501fa4f,6a28c5c0000000002900e545,complete,endpoint_exhausted,0,0,0,wuhan,local_broadband_wuhan,account_wuhan,9343,12,complete,GK2026D1,,
2026-08-21T17:19:16,reply,6a2548ec000000003501fa4f,6a28c5b0000000002901940d,complete,endpoint_exhausted,0,0,0,wuhan,local_broadband_wuhan,account_wuhan,9343,12,complete,GK2026D1,,
2026-08-21T17:19:16,reply,6a2548ec000000003501fa4f,6a28c0580000000027017c9d,complete,endpoint_exhausted,0,0,0,wuhan,local_broadband_wuhan,account_wuhan,9343,12,complete,GK2026D1,,
2026-08-21T17:19:46,reply,6a2548ec000000003501fa4f,6a28b9e9000000002800ab3d,complete,endpoint_exhausted,0,0,0,wuhan,local_broadband_wuhan,account_wuhan,9343,12,complete,GK2026D1,,
2026-08-21T17:19:46,reply,6a2548ec000000003501fa4f,6a28b1e10000000028035ec4,complete,endpoint_exhausted,0,0,0,wuhan,local_broadband_wuhan,account_wuhan,9343,12,complete,GK2026D1,,
2026-08-21T17:19:46,reply,6a2548ec000000003501fa4f,6a28ad660000000029011ae7,complete,endpoint_exhausted,0,0,0,wuhan,local_broadband_wuhan,account_wuhan,9343,12,complete,GK2026D1,,
2026-08-21T17:19:46,reply,6a2548ec000000003501fa4f,6a289ff0000000002701ea72,complete,endpoint_exhausted,0,0,0,wuhan,local_broadband_wuhan,account_wuhan,9343,12,complete,GK2026D1,,
2026-08-21T17:19:46,reply,6a2548ec000000003501fa4f,6a2890f2000000002b02b71e,complete,endpoint_exhausted,0,0,0,wuhan,local_broadband_wuhan,account_wuhan,9343,12,complete,GK2026D1,,
2026-08-21T17:19:46,reply,6a2548ec000000003501fa4f,6a2853390000000029034f70,complete,endpoint_exhausted,0,0,0,wuhan,local_broadband_wuhan,account_wuhan,9343,12,complete,GK2026D1,,
2026-08-21T17:19:46,reply,6a2548ec000000003501fa4f,6a28289a0000000029034be3,complete,endpoint_exhausted,0,0,0,wuhan,local_broadband_wuhan,account_wuhan,9343,12,complete,GK2026D1,,
2026-08-21T17:19:46,reply,6a2548ec000000003501fa4f,6a2826e4000000002702b133,complete,endpoint_exhausted,0,0,0,wuhan,local_broadband_wuhan,account_wuhan,9343,12,complete,GK2026D1,,
2026-08-21T17:19:46,reply,6a2548ec000000003501fa4f,6a281d2d000000002803da0d,complete,endpoint_exhausted,0,0,0,wuhan,local_broadband_wuhan,account_wuhan,9343,12,complete,GK2026D1,,
2026-08-21T17:19:46,reply,6a2548ec000000003501fa4f,6a281caa000000002901b60f,complete,endpoint_exhausted,0,0,0,wuhan,local_broadband_wuhan,account_wuhan,9343,12,complete,GK2026D1,,
2026-08-21T17:20:16,reply,6a2548ec000000003501fa4f,6a281a29000000002803ce24,complete,endpoint_exhausted,0,0,0,wuhan,local_broadband_wuhan,account_wuhan,9343,12,complete,GK2026D1,,
2026-08-21T17:20:16,reply,6a2548ec000000003501fa4f,6a2816530000000027021b47,complete,endpoint_exhausted,0,0,0,wuhan,local_broadband_wuhan,account_wuhan,9343,12,complete,GK2026D1,,
2026-08-21T17:20:16,reply,6a2548ec000000003501fa4f,6a28158d00000000290359b0,complete,endpoint_exhausted,0,0,0,wuhan,local_broadband_wuhan,account_wuhan,9343,12,complete,GK2026D1,,
2026-08-21T17:20:16,reply,6a2548ec000000003501fa4f,6a2812ef000000002803a3fc,complete,endpoint_exhausted,0,0,0,wuhan,local_broadband_wuhan,account_wuhan,9343,12,complete,GK2026D1,,
2026-08-21T17:20:16,reply,6a2548ec000000003501fa4f,6a281235000000002b0253a9,complete,endpoint_exhausted,0,0,0,wuhan,local_broadband_wuhan,account_wuhan,9343,12,complete,GK2026D1,,
2026-08-21T17:20:16,reply,6a2548ec000000003501fa4f,6a281201000000002a025621,complete,endpoint_exhausted,0,0,0,wuhan,local_broadband_wuhan,account_wuhan,9343,12,complete,GK2026D1,,
2026-08-21T17:20:16,reply,6a2548ec000000003501fa4f,6a2810d00000000027017f02,complete,endpoint_exhausted,0,0,0,wuhan,local_broadband_wuhan,account_wuhan,9343,12,complete,GK2026D1,,
2026-08-21T17:20:16,reply,6a2548ec000000003501fa4f,6a280e8a000000002a02688e,complete,endpoint_exhausted,0,0,0,wuhan,local_broadband_wuhan,account_wuhan,9343,12,complete,GK2026D1,,
2026-08-21T17:20:16,reply,6a2548ec000000003501fa4f,6a280d0900000000290240ef,complete,endpoint_exhausted,0,0,0,wuhan,local_broadband_wuhan,account_wuhan,9343,12,complete,GK2026D1,,
2026-08-21T17:20:16,reply,6a2548ec000000003501fa4f,6a280b45000000002803a1f6,complete,endpoint_exhausted,0,0,0,wuhan,local_broadband_wuhan,account_wuhan,9343,12,complete,GK2026D1,,
2026-08-21T17:20:47,reply,6a2548ec000000003501fa4f,6a280876000000002a02e8aa,complete,endpoint_exhausted,0,0,0,wuhan,local_broadband_wuhan,account_wuhan,9343,12,complete,GK2026D1,,
2026-08-21T17:20:47,reply,6a2548ec000000003501fa4f,6a28083b000000002803a2b5,complete,endpoint_exhausted,0,0,0,wuhan,local_broadband_wuhan,account_wuhan,9343,12,complete,GK2026D1,,
2026-08-21T17:20:47,reply,6a2548ec000000003501fa4f,6a2807a5000000002803e436,complete,endpoint_exhausted,0,0,0,wuhan,local_broadband_wuhan,account_wuhan,9343,12,complete,GK2026D1,,
2026-08-21T17:20:47,reply,6a2548ec000000003501fa4f,6a2805000000000029018879,complete,endpoint_exhausted,0,0,0,wuhan,local_broadband_wuhan,account_wuhan,9343,12,complete,GK2026D1,,
2026-08-21T17:20:47,reply,6a2548ec000000003501fa4f,6a2804c4000000002803745f,complete,endpoint_exhausted,0,0,0,wuhan,local_broadband_wuhan,account_wuhan,9343,12,complete,GK2026D1,,
2026-08-21T17:20:47,reply,6a2548ec000000003501fa4f,6a280495000000002803838b,complete,endpoint_exhausted,0,0,0,wuhan,local_broadband_wuhan,account_wuhan,9343,12,complete,GK2026D1,,
2026-08-21T17:20:47,reply,6a2548ec000000003501fa4f,6a28028c000000002900d628,complete,endpoint_exhausted,0,0,0,wuhan,local_broadband_wuhan,account_wuhan,9343,12,complete,GK2026D1,,
2026-08-21T17:20:47,reply,6a2548ec000000003501fa4f,6a280239000000002b024f3a,complete,endpoint_exhausted,0,0,0,wuhan,local_broadband_wuhan,account_wuhan,9343,12,complete,GK2026D1,,
2026-08-21T17:20:47,reply,6a2548ec000000003501fa4f,6a280080000000002b027a68,complete,endpoint_exhausted,0,0,0,wuhan,local_broadband_wuhan,account_wuhan,9343,12,complete,GK2026D1,,
2026-08-21T17:20:47,reply,6a2548ec000000003501fa4f,6a27ff9a000000002b001562,complete,endpoint_exhausted,0,0,0,wuhan,local_broadband_wuhan,account_wuhan,9343,12,complete,GK2026D1,,
2026-08-21T17:21:17,reply,6a2548ec000000003501fa4f,6a27fee2000000002a027d8b,complete,endpoint_exhausted,0,0,0,wuhan,local_broadband_wuhan,account_wuhan,9343,12,complete,GK2026D1,,
2026-08-21T17:21:17,reply,6a2548ec000000003501fa4f,6a27feb80000000029012d23,complete,endpoint_exhausted,0,0,0,wuhan,local_broadband_wuhan,account_wuhan,9343,12,complete,GK2026D1,,
2026-08-21T17:21:17,reply,6a2548ec000000003501fa4f,6a27fd0b000000002803773b,complete,endpoint_exhausted,0,0,0,wuhan,local_broadband_wuhan,account_wuhan,9343,12,complete,GK2026D1,,
2026-08-21T17:21:17,reply,6a2548ec000000003501fa4f,6a27fa6b000000002800a41b,complete,endpoint_exhausted,0,0,0,wuhan,local_broadband_wuhan,account_wuhan,9343,12,complete,GK2026D1,,
2026-08-21T17:21:17,reply,6a2548ec000000003501fa4f,6a27f94f000000002900d664,complete,endpoint_exhausted,0,0,0,wuhan,local_broadband_wuhan,account_wuhan,9343,12,complete,GK2026D1,,
2026-08-21T17:21:17,reply,6a2548ec000000003501fa4f,6a27f7d8000000002702c593,complete,endpoint_exhausted,0,0,0,wuhan,local_broadband_wuhan,account_wuhan,9343,12,complete,GK2026D1,,
2026-08-21T17:21:17,reply,6a2548ec000000003501fa4f,6a27f520000000002b001a5e,complete,endpoint_exhausted,0,0,0,wuhan,local_broadband_wuhan,account_wuhan,9343,12,complete,GK2026D1,,
2026-08-21T17:21:17,reply,6a2548ec000000003501fa4f,6a27f4ad0000000028034e04,complete,endpoint_exhausted,0,0,0,wuhan,local_broadband_wuhan,account_wuhan,9343,12,complete,GK2026D1,,
2026-08-21T17:21:17,reply,6a2548ec000000003501fa4f,6a27e66900000000270149bc,complete,endpoint_exhausted,0,0,0,wuhan,local_broadband_wuhan,account_wuhan,9343,12,complete,GK2026D1,,
2026-08-21T17:21:17,reply,6a2548ec000000003501fa4f,6a27e633000000002901b405,complete,endpoint_exhausted,0,0,0,wuhan,local_broadband_wuhan,account_wuhan,9343,12,complete,GK2026D1,,
2026-08-21T17:21:47,reply,6a2548ec000000003501fa4f,6a27e4e90000000027029c52,complete,endpoint_exhausted,0,0,0,wuhan,local_broadband_wuhan,account_wuhan,9343,12,complete,GK2026D1,,
2026-08-21T17:21:47,reply,6a2548ec000000003501fa4f,6a27e2d300000000290191e3,complete,endpoint_exhausted,0,0,0,wuhan,local_broadband_wuhan,account_wuhan,9343,12,complete,GK2026D1,,
2026-08-21T17:21:47,reply,6a2548ec000000003501fa4f,6a27e24c000000002b003f40,complete,endpoint_exhausted,0,0,0,wuhan,local_broadband_wuhan,account_wuhan,9343,12,complete,GK2026D1,,
2026-08-21T17:21:47,reply,6a2548ec000000003501fa4f,6a27d9a4000000002702fdbf,complete,endpoint_exhausted,0,0,0,wuhan,local_broadband_wuhan,account_wuhan,9343,12,complete,GK2026D1,,
2026-08-21T17:21:47,reply,6a2548ec000000003501fa4f,6a27d343000000002803a98d,complete,endpoint_exhausted,0,0,0,wuhan,local_broadband_wuhan,account_wuhan,9343,12,complete,GK2026D1,,
2026-08-21T17:21:47,reply,6a2548ec000000003501fa4f,6a27d08c000000002901a3f9,complete,endpoint_exhausted,0,0,0,wuhan,local_broadband_wuhan,account_wuhan,9343,12,complete,GK2026D1,,
2026-08-21T17:21:47,reply,6a2548ec000000003501fa4f,6a27cc2e0000000028036345,complete,endpoint_exhausted,0,0,0,wuhan,local_broadband_wuhan,account_wuhan,9343,12,complete,GK2026D1,,
2026-08-21T17:21:47,reply,6a2548ec000000003501fa4f,6a27c78c000000002702ec2b,complete,endpoint_exhausted,0,0,0,wuhan,local_broadband_wuhan,account_wuhan,9343,12,complete,GK2026D1,,
2026-08-21T17:21:47,reply,6a2548ec000000003501fa4f,6a27c00a0000000027021af4,complete,endpoint_exhausted,0,0,0,wuhan,local_broadband_wuhan,account_wuhan,9343,12,complete,GK2026D1,,
2026-08-21T17:21:47,reply,6a2548ec000000003501fa4f,6a27b6ee0000000029037808,complete,endpoint_exhausted,0,0,0,wuhan,local_broadband_wuhan,account_wuhan,9343,12,complete,GK2026D1,,
2026-08-21T17:22:18,reply,6a2548ec000000003501fa4f,6a27b2d9000000002a007edd,complete,endpoint_exhausted,0,0,0,wuhan,local_broadband_wuhan,account_wuhan,9343,12,complete,GK2026D1,,
2026-08-21T17:22:18,reply,6a2548ec000000003501fa4f,6a27b131000000002902e223,complete,endpoint_exhausted,0,0,0,wuhan,local_broadband_wuhan,account_wuhan,9343,12,complete,GK2026D1,,
2026-08-21T17:22:18,reply,6a2548ec000000003501fa4f,6a27b0ab0000000028033a06,complete,endpoint_exhausted,0,0,0,wuhan,local_broadband_wuhan,account_wuhan,9343,12,complete,GK2026D1,,
2026-08-21T17:22:18,reply,6a2548ec000000003501fa4f,6a27aefa00000000280386d6,complete,endpoint_exhausted,0,0,0,wuhan,local_broadband_wuhan,account_wuhan,9343,12,complete,GK2026D1,,
2026-08-21T17:22:18,reply,6a2548ec000000003501fa4f,6a27aef700000000290264b7,complete,endpoint_exhausted,0,0,0,wuhan,local_broadband_wuhan,account_wuhan,9343,12,complete,GK2026D1,,
2026-08-21T17:22:18,reply,6a2548ec000000003501fa4f,6a27ae7c0000000029010021,complete,endpoint_exhausted,0,0,0,wuhan,local_broadband_wuhan,account_wuhan,9343,12,complete,GK2026D1,,
2026-08-21T17:22:18,reply,6a2548ec000000003501fa4f,6a27a6c10000000029026bf6,complete,endpoint_exhausted,0,0,0,wuhan,local_broadband_wuhan,account_wuhan,9343,12,complete,GK2026D1,,
2026-08-21T17:22:18,reply,6a2548ec000000003501fa4f,6a279feb000000002702ffa8,complete,endpoint_exhausted,0,0,0,wuhan,local_broadband_wuhan,account_wuhan,9343,12,complete,GK2026D1,,
2026-08-21T17:22:18,reply,6a2548ec000000003501fa4f,6a279a92000000002900e4e0,complete,endpoint_exhausted,0,0,0,wuhan,local_broadband_wuhan,account_wuhan,9343,12,complete,GK2026D1,,
2026-08-21T17:22:18,reply,6a2548ec000000003501fa4f,6a278f6e00000000280090eb,complete,endpoint_exhausted,0,0,0,wuhan,local_broadband_wuhan,account_wuhan,9343,12,complete,GK2026D1,,
2026-08-21T17:22:48,reply,6a2548ec000000003501fa4f,6a278d9c00000000280338a1,complete,endpoint_exhausted,0,0,0,wuhan,local_broadband_wuhan,account_wuhan,9343,12,complete,GK2026D1,,
2026-08-21T17:22:48,reply,6a2548ec000000003501fa4f,6a278bec000000002800a6cc,complete,endpoint_exhausted,0,0,0,wuhan,local_broadband_wuhan,account_wuhan,9343,12,complete,GK2026D1,,
2026-08-21T17:22:48,reply,6a2548ec000000003501fa4f,6a2786dc000000002803df94,complete,endpoint_exhausted,0,0,0,wuhan,local_broadband_wuhan,account_wuhan,9343,12,complete,GK2026D1,,
2026-08-21T17:22:48,reply,6a2548ec000000003501fa4f,6a2785de000000002702a1b3,complete,endpoint_exhausted,0,0,0,wuhan,local_broadband_wuhan,account_wuhan,9343,12,complete,GK2026D1,,
2026-08-21T17:22:48,reply,6a2548ec000000003501fa4f,6a278164000000002901266a,complete,endpoint_exhausted,0,0,0,wuhan,local_broadband_wuhan,account_wuhan,9343,12,complete,GK2026D1,,
2026-08-21T17:22:48,reply,6a2548ec000000003501fa4f,6a2780e60000000029011166,complete,endpoint_exhausted,0,0,0,wuhan,local_broadband_wuhan,account_wuhan,9343,12,complete,GK2026D1,,
2026-08-21T17:22:48,reply,6a2548ec000000003501fa4f,6a277f9500000000290111a1,complete,endpoint_exhausted,0,0,0,wuhan,local_broadband_wuhan,account_wuhan,9343,12,complete,GK2026D1,,
2026-08-21T17:22:48,reply,6a2548ec000000003501fa4f,6a277f7500000000280376dc,complete,endpoint_exhausted,0,0,0,wuhan,local_broadband_wuhan,account_wuhan,9343,12,complete,GK2026D1,,
2026-08-21T17:22:48,reply,6a2548ec000000003501fa4f,6a277cd40000000028036bc1,complete,endpoint_exhausted,0,0,0,wuhan,local_broadband_wuhan,account_wuhan,9343,12,complete,GK2026D1,,
2026-08-21T17:22:48,reply,6a2548ec000000003501fa4f,6a277c1e000000002b002411,complete,endpoint_exhausted,0,0,0,wuhan,local_broadband_wuhan,account_wuhan,9343,12,complete,GK2026D1,,
2026-08-21T17:23:18,reply,6a2548ec000000003501fa4f,6a277bd1000000002701f7f5,complete,endpoint_exhausted,0,0,0,wuhan,local_broadband_wuhan,account_wuhan,9343,12,complete,GK2026D1,,
2026-08-21T17:23:18,reply,6a2548ec000000003501fa4f,6a277999000000002a006042,complete,endpoint_exhausted,0,0,0,wuhan,local_broadband_wuhan,account_wuhan,9343,12,complete,GK2026D1,,
2026-08-21T17:23:18,reply,6a2548ec000000003501fa4f,6a277929000000002702f232,complete,endpoint_exhausted,0,0,0,wuhan,local_broadband_wuhan,account_wuhan,9343,12,complete,GK2026D1,,
2026-08-21T17:23:18,reply,6a2548ec000000003501fa4f,6a2775fe0000000027028290,complete,endpoint_exhausted,0,0,0,wuhan,local_broadband_wuhan,account_wuhan,9343,12,complete,GK2026D1,,
2026-08-21T17:23:18,reply,6a2548ec000000003501fa4f,6a277262000000002902e8cf,complete,endpoint_exhausted,0,0,0,wuhan,local_broadband_wuhan,account_wuhan,9343,12,complete,GK2026D1,,
2026-08-21T17:23:18,reply,6a2548ec000000003501fa4f,6a27713c000000002800904f,complete,endpoint_exhausted,0,0,0,wuhan,local_broadband_wuhan,account_wuhan,9343,12,complete,GK2026D1,,
2026-08-21T17:23:18,reply,6a2548ec000000003501fa4f,6a276f00000000002701ed7e,complete,endpoint_exhausted,0,0,0,wuhan,local_broadband_wuhan,account_wuhan,9343,12,complete,GK2026D1,,
2026-08-21T17:23:18,reply,6a2548ec000000003501fa4f,6a276e0d000000002901bab0,complete,endpoint_exhausted,0,0,0,wuhan,local_broadband_wuhan,account_wuhan,9343,12,complete,GK2026D1,,
2026-08-21T17:23:18,reply,6a2548ec000000003501fa4f,6a27694b0000000028008272,complete,endpoint_exhausted,0,1,1,wuhan,local_broadband_wuhan,account_wuhan,9343,12,complete,GK2026D1,,
2026-08-21T17:23:18,reply,6a2548ec000000003501fa4f,6a27682e0000000027022fc2,complete,endpoint_exhausted,0,0,0,wuhan,local_broadband_wuhan,account_wuhan,9343,12,complete,GK2026D1,,
2026-08-21T17:23:48,reply,6a2548ec000000003501fa4f,6a27669e0000000027017d4f,complete,endpoint_exhausted,0,0,0,wuhan,local_broadband_wuhan,account_wuhan,9343,12,complete,GK2026D1,,
2026-08-21T17:23:48,reply,6a2548ec000000003501fa4f,6a27620f000000002803b5a2,complete,endpoint_exhausted,0,0,0,wuhan,local_broadband_wuhan,account_wuhan,9343,12,complete,GK2026D1,,
2026-08-21T17:23:48,reply,6a2548ec000000003501fa4f,6a2761f4000000002803182f,complete,endpoint_exhausted,0,0,0,wuhan,local_broadband_wuhan,account_wuhan,9343,12,complete,GK2026D1,,
2026-08-21T17:23:48,reply,6a2548ec000000003501fa4f,6a275b74000000002702fdf9,complete,endpoint_exhausted,0,0,0,wuhan,local_broadband_wuhan,account_wuhan,9343,12,complete,GK2026D1,,
2026-08-21T17:23:48,reply,6a2548ec000000003501fa4f,6a275929000000002902eae7,complete,endpoint_exhausted,0,0,0,wuhan,local_broadband_wuhan,account_wuhan,9343,12,complete,GK2026D1,,
2026-08-21T17:23:48,reply,6a2548ec000000003501fa4f,6a275707000000002a02453e,complete,endpoint_exhausted,0,0,0,wuhan,local_broadband_wuhan,account_wuhan,9343,12,complete,GK2026D1,,
2026-08-21T17:23:48,reply,6a2548ec000000003501fa4f,6a274a850000000029036e02,complete,endpoint_exhausted,0,0,0,wuhan,local_broadband_wuhan,account_wuhan,9343,12,complete,GK2026D1,,
2026-08-21T17:23:48,reply,6a2548ec000000003501fa4f,6a2748fd000000002b0021ca,complete,endpoint_exhausted,0,0,0,wuhan,local_broadband_wuhan,account_wuhan,9343,12,complete,GK2026D1,,
2026-08-21T17:23:49,reply,6a2548ec000000003501fa4f,6a2745fb000000002a025a5e,complete,endpoint_exhausted,0,0,0,wuhan,local_broadband_wuhan,account_wuhan,9343,12,complete,GK2026D1,,
2026-08-21T17:23:49,reply,6a2548ec000000003501fa4f,6a2742f20000000028038bd1,complete,endpoint_exhausted,0,0,0,wuhan,local_broadband_wuhan,account_wuhan,9343,12,complete,GK2026D1,,
2026-08-21T17:24:19,reply,6a2548ec000000003501fa4f,6a2741d80000000027021204,complete,endpoint_exhausted,0,0,0,wuhan,local_broadband_wuhan,account_wuhan,9343,12,complete,GK2026D1,,
2026-08-21T17:24:19,reply,6a2548ec000000003501fa4f,6a273f87000000002702bfae,complete,endpoint_exhausted,0,0,0,wuhan,local_broadband_wuhan,account_wuhan,9343,12,complete,GK2026D1,,
2026-08-21T17:24:19,reply,6a2548ec000000003501fa4f,6a273ede000000002a0304e0,complete,endpoint_exhausted,0,0,0,wuhan,local_broadband_wuhan,account_wuhan,9343,12,complete,GK2026D1,,
2026-08-21T17:24:19,reply,6a2548ec000000003501fa4f,6a273ddb000000002701702e,complete,endpoint_exhausted,0,0,0,wuhan,local_broadband_wuhan,account_wuhan,9343,12,complete,GK2026D1,,
2026-08-21T17:24:19,reply,6a2548ec000000003501fa4f,6a26f63e000000002b02b12c,complete,endpoint_exhausted,0,0,0,wuhan,local_broadband_wuhan,account_wuhan,9343,12,complete,GK2026D1,,
2026-08-21T17:24:19,reply,6a2548ec000000003501fa4f,6a26ebc800000000290196aa,complete,endpoint_exhausted,0,0,0,wuhan,local_broadband_wuhan,account_wuhan,9343,12,complete,GK2026D1,,
2026-08-21T17:24:19,reply,6a2548ec000000003501fa4f,6a26e8280000000027017d15,complete,endpoint_exhausted,0,0,0,wuhan,local_broadband_wuhan,account_wuhan,9343,12,complete,GK2026D1,,
2026-08-21T17:24:19,reply,6a2548ec000000003501fa4f,6a26e4ac000000002a0333ee,complete,endpoint_exhausted,0,0,0,wuhan,local_broadband_wuhan,account_wuhan,9343,12,complete,GK2026D1,,
2026-08-21T17:24:19,reply,6a2548ec000000003501fa4f,6a26e454000000002a00462c,complete,endpoint_exhausted,0,0,0,wuhan,local_broadband_wuhan,account_wuhan,9343,12,complete,GK2026D1,,
2026-08-21T17:24:19,reply,6a2548ec000000003501fa4f,6a26e39e000000002803f5e8,complete,endpoint_exhausted,0,0,0,wuhan,local_broadband_wuhan,account_wuhan,9343,12,complete,GK2026D1,,
2026-08-21T17:24:49,reply,6a2548ec000000003501fa4f,6a26df61000000002a02c00a,complete,endpoint_exhausted,0,0,0,wuhan,local_broadband_wuhan,account_wuhan,9343,12,complete,GK2026D1,,
2026-08-21T17:24:49,reply,6a2548ec000000003501fa4f,6a26dafc000000002a032cc3,complete,endpoint_exhausted,0,0,0,wuhan,local_broadband_wuhan,account_wuhan,9343,12,complete,GK2026D1,,
2026-08-21T17:24:49,reply,6a2548ec000000003501fa4f,6a26daf500000000270297e5,complete,endpoint_exhausted,0,0,0,wuhan,local_broadband_wuhan,account_wuhan,9343,12,complete,GK2026D1,,
2026-08-21T17:24:49,reply,6a2548ec000000003501fa4f,6a26dae8000000002803e220,complete,endpoint_exhausted,0,0,0,wuhan,local_broadband_wuhan,account_wuhan,9343,12,complete,GK2026D1,,
2026-08-21T17:24:49,reply,6a2548ec000000003501fa4f,6a26d6800000000027029081,complete,endpoint_exhausted,0,1,1,wuhan,local_broadband_wuhan,account_wuhan,9343,12,complete,GK2026D1,,
2026-08-21T17:24:49,reply,6a2548ec000000003501fa4f,6a26cff300000000280089d8,complete,endpoint_exhausted,0,0,0,wuhan,local_broadband_wuhan,account_wuhan,9343,12,complete,GK2026D1,,
2026-08-21T17:24:49,reply,6a2548ec000000003501fa4f,6a26cfc2000000002803a3e5,complete,endpoint_exhausted,0,0,0,wuhan,local_broadband_wuhan,account_wuhan,9343,12,complete,GK2026D1,,
2026-08-21T17:24:49,reply,6a2548ec000000003501fa4f,6a26cf8600000000290125ec,complete,endpoint_exhausted,0,0,0,wuhan,local_broadband_wuhan,account_wuhan,9343,12,complete,GK2026D1,,
2026-08-21T17:24:49,reply,6a2548ec000000003501fa4f,6a26cf51000000002902cf53,complete,endpoint_exhausted,0,0,0,wuhan,local_broadband_wuhan,account_wuhan,9343,12,complete,GK2026D1,,
2026-08-21T17:24:49,reply,6a2548ec000000003501fa4f,6a26ce3100000000280092c0,complete,endpoint_exhausted,0,0,0,wuhan,local_broadband_wuhan,account_wuhan,9343,12,complete,GK2026D1,,
2026-08-21T17:25:19,reply,6a2548ec000000003501fa4f,6a26ce2e0000000028031395,complete,endpoint_exhausted,0,0,0,wuhan,local_broadband_wuhan,account_wuhan,9343,12,complete,GK2026D1,,
2026-08-21T17:25:19,reply,6a2548ec000000003501fa4f,6a26ce27000000002803c1db,complete,endpoint_exhausted,0,0,0,wuhan,local_broadband_wuhan,account_wuhan,9343,12,complete,GK2026D1,,
2026-08-21T17:25:19,reply,6a2548ec000000003501fa4f,6a26ce1f000000002803ff70,complete,endpoint_exhausted,0,0,0,wuhan,local_broadband_wuhan,account_wuhan,9343,12,complete,GK2026D1,,
2026-08-21T17:25:19,reply,6a2548ec000000003501fa4f,6a26ce1d000000002803fef5,complete,endpoint_exhausted,0,0,0,wuhan,local_broadband_wuhan,account_wuhan,9343,12,complete,GK2026D1,,
2026-08-21T17:25:19,reply,6a2548ec000000003501fa4f,6a26ce180000000028037f4c,complete,endpoint_exhausted,0,0,0,wuhan,local_broadband_wuhan,account_wuhan,9343,12,complete,GK2026D1,,
2026-08-21T17:25:19,reply,6a2548ec000000003501fa4f,6a26ce120000000028037d96,complete,endpoint_exhausted,0,0,0,wuhan,local_broadband_wuhan,account_wuhan,9343,12,complete,GK2026D1,,
2026-08-21T17:25:19,reply,6a2548ec000000003501fa4f,6a26ce0c0000000028030a62,complete,endpoint_exhausted,0,0,0,wuhan,local_broadband_wuhan,account_wuhan,9343,12,complete,GK2026D1,,
2026-08-21T17:25:19,reply,6a2548ec000000003501fa4f,6a26ce06000000002803ab5d,complete,endpoint_exhausted,0,0,0,wuhan,local_broadband_wuhan,account_wuhan,9343,12,complete,GK2026D1,,
2026-08-21T17:25:19,reply,6a2548ec000000003501fa4f,6a26cdff000000002900cf89,complete,endpoint_exhausted,0,0,0,wuhan,local_broadband_wuhan,account_wuhan,9343,12,complete,GK2026D1,,
2026-08-21T17:25:19,reply,6a2548ec000000003501fa4f,6a26cdf7000000002803a776,complete,endpoint_exhausted,0,0,0,wuhan,local_broadband_wuhan,account_wuhan,9343,12,complete,GK2026D1,,
2026-08-21T17:25:50,reply,6a2548ec000000003501fa4f,6a26cdc30000000027028672,complete,endpoint_exhausted,0,0,0,wuhan,local_broadband_wuhan,account_wuhan,9343,12,complete,GK2026D1,,
2026-08-21T17:25:50,reply,6a2548ec000000003501fa4f,6a26cdc200000000280397b4,complete,endpoint_exhausted,0,0,0,wuhan,local_broadband_wuhan,account_wuhan,9343,12,complete,GK2026D1,,
2026-08-21T17:25:50,reply,6a2548ec000000003501fa4f,6a26cd8000000000280323ca,complete,endpoint_exhausted,0,0,0,wuhan,local_broadband_wuhan,account_wuhan,9343,12,complete,GK2026D1,,
2026-08-21T17:25:50,reply,6a2548ec000000003501fa4f,6a26ccf8000000002803009b,complete,endpoint_exhausted,0,0,0,wuhan,local_broadband_wuhan,account_wuhan,9343,12,complete,GK2026D1,,
2026-08-21T17:25:50,reply,6a2548ec000000003501fa4f,6a26cb67000000002a02687d,complete,endpoint_exhausted,0,0,0,wuhan,local_broadband_wuhan,account_wuhan,9343,12,complete,GK2026D1,,
2026-08-21T17:25:50,reply,6a2548ec000000003501fa4f,6a26ca3a000000002900cda9,complete,endpoint_exhausted,0,0,0,wuhan,local_broadband_wuhan,account_wuhan,9343,12,complete,GK2026D1,,
2026-08-21T17:25:50,reply,6a2548ec000000003501fa4f,6a26c9eb000000002b029c2d,complete,endpoint_exhausted,0,0,0,wuhan,local_broadband_wuhan,account_wuhan,9343,12,complete,GK2026D1,,
2026-08-21T17:25:50,reply,6a2548ec000000003501fa4f,6a26c9d4000000002800b3a7,complete,endpoint_exhausted,0,0,0,wuhan,local_broadband_wuhan,account_wuhan,9343,12,complete,GK2026D1,,
2026-08-21T17:25:50,reply,6a2548ec000000003501fa4f,6a26c8b10000000027029f2b,complete,endpoint_exhausted,0,0,0,wuhan,local_broadband_wuhan,account_wuhan,9343,12,complete,GK2026D1,,
2026-08-21T17:25:50,reply,6a2548ec000000003501fa4f,6a26c8a4000000002a025e56,complete,endpoint_exhausted,0,0,0,wuhan,local_broadband_wuhan,account_wuhan,9343,12,complete,GK2026D1,,
2026-08-21T17:26:20,reply,6a2548ec000000003501fa4f,6a26c886000000002a02fbaa,complete,endpoint_exhausted,0,0,0,wuhan,local_broadband_wuhan,account_wuhan,9343,12,complete,GK2026D1,,
2026-08-21T17:26:20,reply,6a2548ec000000003501fa4f,6a26c70d00000000280349a8,complete,endpoint_exhausted,0,0,0,wuhan,local_broadband_wuhan,account_wuhan,9343,12,complete,GK2026D1,,
2026-08-21T17:26:20,reply,6a2548ec000000003501fa4f,6a26c6de000000002902e5d6,complete,endpoint_exhausted,0,0,0,wuhan,local_broadband_wuhan,account_wuhan,9343,12,complete,GK2026D1,,
2026-08-21T17:26:20,reply,6a2548ec000000003501fa4f,6a26c67a00000000290273ca,complete,endpoint_exhausted,0,0,0,wuhan,local_broadband_wuhan,account_wuhan,9343,12,complete,GK2026D1,,
2026-08-21T17:26:20,reply,6a2548ec000000003501fa4f,6a26c67a000000002901b2f1,complete,endpoint_exhausted,0,0,0,wuhan,local_broadband_wuhan,account_wuhan,9343,12,complete,GK2026D1,,
2026-08-21T17:26:20,reply,6a2548ec000000003501fa4f,6a26c5c800000000290252bf,complete,endpoint_exhausted,0,0,0,wuhan,local_broadband_wuhan,account_wuhan,9343,12,complete,GK2026D1,,
2026-08-21T17:26:20,reply,6a2548ec000000003501fa4f,6a26c56d00000000280092c0,complete,endpoint_exhausted,0,0,0,wuhan,local_broadband_wuhan,account_wuhan,9343,12,complete,GK2026D1,,
2026-08-21T17:26:20,reply,6a2548ec000000003501fa4f,6a26c41f000000002902d1a7,complete,endpoint_exhausted,0,0,0,wuhan,local_broadband_wuhan,account_wuhan,9343,12,complete,GK2026D1,,
2026-08-21T17:26:20,reply,6a2548ec000000003501fa4f,6a26c410000000002803d076,complete,endpoint_exhausted,0,0,0,wuhan,local_broadband_wuhan,account_wuhan,9343,12,complete,GK2026D1,,
2026-08-21T17:26:20,reply,6a2548ec000000003501fa4f,6a26c3d5000000002901a879,complete,endpoint_exhausted,0,0,0,wuhan,local_broadband_wuhan,account_wuhan,9343,12,complete,GK2026D1,,
2026-08-21T17:26:50,reply,6a2548ec000000003501fa4f,6a26c3a9000000002902fb07,complete,endpoint_exhausted,0,0,0,wuhan,local_broadband_wuhan,account_wuhan,9343,12,complete,GK2026D1,,
2026-08-21T17:26:50,reply,6a2548ec000000003501fa4f,6a26c3a90000000029019dbd,complete,endpoint_exhausted,0,0,0,wuhan,local_broadband_wuhan,account_wuhan,9343,12,complete,GK2026D1,,
2026-08-21T17:26:50,reply,6a2548ec000000003501fa4f,6a26c2ae000000002a004dd5,complete,endpoint_exhausted,0,0,0,wuhan,local_broadband_wuhan,account_wuhan,9343,12,complete,GK2026D1,,
2026-08-21T17:26:50,reply,6a2548ec000000003501fa4f,6a26c28d000000002b0010c0,complete,endpoint_exhausted,0,0,0,wuhan,local_broadband_wuhan,account_wuhan,9343,12,complete,GK2026D1,,
2026-08-21T17:26:50,reply,6a2548ec000000003501fa4f,6a26c1d8000000002803f4c7,complete,endpoint_exhausted,0,0,0,wuhan,local_broadband_wuhan,account_wuhan,9343,12,complete,GK2026D1,,
2026-08-21T17:26:50,reply,6a2548ec000000003501fa4f,6a26c1630000000028037906,complete,endpoint_exhausted,0,0,0,wuhan,local_broadband_wuhan,account_wuhan,9343,12,complete,GK2026D1,,
2026-08-21T17:26:50,reply,6a2548ec000000003501fa4f,6a26c0ed000000002b003fca,complete,endpoint_exhausted,0,0,0,wuhan,local_broadband_wuhan,account_wuhan,9343,12,complete,GK2026D1,,
2026-08-21T17:26:50,reply,6a2548ec000000003501fa4f,6a26c0d7000000002b029060,complete,endpoint_exhausted,0,0,0,wuhan,local_broadband_wuhan,account_wuhan,9343,12,complete,GK2026D1,,
2026-08-21T17:26:50,reply,6a2548ec000000003501fa4f,6a26bfd9000000002702b3b1,complete,endpoint_exhausted,0,0,0,wuhan,local_broadband_wuhan,account_wuhan,9343,12,complete,GK2026D1,,
2026-08-21T17:26:50,reply,6a2548ec000000003501fa4f,6a26bf7f000000002a007928,complete,endpoint_exhausted,0,0,0,wuhan,local_broadband_wuhan,account_wuhan,9343,12,complete,GK2026D1,,
2026-08-21T17:27:20,reply,6a2548ec000000003501fa4f,6a26bec2000000002900eae8,complete,endpoint_exhausted,0,0,0,wuhan,local_broadband_wuhan,account_wuhan,9343,12,complete,GK2026D1,,
2026-08-21T17:27:20,reply,6a2548ec000000003501fa4f,6a26bdfe0000000028039dc8,complete,endpoint_exhausted,0,0,0,wuhan,local_broadband_wuhan,account_wuhan,9343,12,complete,GK2026D1,,
2026-08-21T17:27:20,reply,6a2548ec000000003501fa4f,6a26bd8f000000002902f3fd,complete,endpoint_exhausted,0,0,0,wuhan,local_broadband_wuhan,account_wuhan,9343,12,complete,GK2026D1,,
2026-08-21T17:27:20,reply,6a2548ec000000003501fa4f,6a26bd83000000002902f13e,complete,endpoint_exhausted,0,0,0,wuhan,local_broadband_wuhan,account_wuhan,9343,12,complete,GK2026D1,,
2026-08-21T17:27:20,reply,6a2548ec000000003501fa4f,6a26bcaf0000000029036768,complete,endpoint_exhausted,0,0,0,wuhan,local_broadband_wuhan,account_wuhan,9343,12,complete,GK2026D1,,
2026-08-21T17:27:20,reply,6a2548ec000000003501fa4f,6a26bc91000000002901ad5c,complete,endpoint_exhausted,0,0,0,wuhan,local_broadband_wuhan,account_wuhan,9343,12,complete,GK2026D1,,
2026-08-21T17:27:20,reply,6a2548ec000000003501fa4f,6a26bc04000000002900f6b3,complete,endpoint_exhausted,0,0,0,wuhan,local_broadband_wuhan,account_wuhan,9343,12,complete,GK2026D1,,
2026-08-21T17:27:20,reply,6a2548ec000000003501fa4f,6a26bbb70000000027023514,complete,endpoint_exhausted,0,0,0,wuhan,local_broadband_wuhan,account_wuhan,9343,12,complete,GK2026D1,,
2026-08-21T17:27:20,reply,6a2548ec000000003501fa4f,6a26bbad000000002a02f8bc,complete,endpoint_exhausted,0,0,0,wuhan,local_broadband_wuhan,account_wuhan,9343,12,complete,GK2026D1,,
2026-08-21T17:27:20,reply,6a2548ec000000003501fa4f,6a26bb1e0000000029024742,complete,endpoint_exhausted,0,0,0,wuhan,local_broadband_wuhan,account_wuhan,9343,12,complete,GK2026D1,,
2026-08-21T17:27:51,reply,6a2548ec000000003501fa4f,6a26bab10000000029018ba7,complete,endpoint_exhausted,0,0,0,wuhan,local_broadband_wuhan,account_wuhan,9343,12,complete,GK2026D1,,
2026-08-21T17:27:51,reply,6a2548ec000000003501fa4f,6a26baa10000000029037d2f,complete,endpoint_exhausted,0,0,0,wuhan,local_broadband_wuhan,account_wuhan,9343,12,complete,GK2026D1,,
2026-08-21T17:27:51,reply,6a2548ec000000003501fa4f,6a26ba240000000029036613,complete,endpoint_exhausted,0,0,0,wuhan,local_broadband_wuhan,account_wuhan,9343,12,complete,GK2026D1,,
2026-08-21T17:27:51,reply,6a2548ec000000003501fa4f,6a26b982000000002800814a,complete,endpoint_exhausted,0,0,0,wuhan,local_broadband_wuhan,account_wuhan,9343,12,complete,GK2026D1,,
2026-08-21T17:27:51,reply,6a2548ec000000003501fa4f,6a26b88300000000290135db,complete,endpoint_exhausted,0,0,0,wuhan,local_broadband_wuhan,account_wuhan,9343,12,complete,GK2026D1,,
2026-08-21T17:27:51,reply,6a2548ec000000003501fa4f,6a26b858000000002a033482,complete,endpoint_exhausted,0,0,0,wuhan,local_broadband_wuhan,account_wuhan,9343,12,complete,GK2026D1,,
2026-08-21T17:27:51,reply,6a2548ec000000003501fa4f,6a26b8070000000027015631,complete,endpoint_exhausted,0,0,0,wuhan,local_broadband_wuhan,account_wuhan,9343,12,complete,GK2026D1,,
2026-08-21T17:27:51,reply,6a2548ec000000003501fa4f,6a26b7e1000000002a031d69,complete,endpoint_exhausted,0,0,0,wuhan,local_broadband_wuhan,account_wuhan,9343,12,complete,GK2026D1,,
2026-08-21T17:27:51,reply,6a2548ec000000003501fa4f,6a26b7d800000000290181ff,complete,endpoint_exhausted,0,0,0,wuhan,local_broadband_wuhan,account_wuhan,9343,12,complete,GK2026D1,,
2026-08-21T17:27:51,reply,6a2548ec000000003501fa4f,6a26b6ac0000000027017765,complete,endpoint_exhausted,0,0,0,wuhan,local_broadband_wuhan,account_wuhan,9343,12,complete,GK2026D1,,
2026-08-21T17:28:21,reply,6a2548ec000000003501fa4f,6a26b622000000002a026024,complete,endpoint_exhausted,0,0,0,wuhan,local_broadband_wuhan,account_wuhan,9343,12,complete,GK2026D1,,
2026-08-21T17:28:21,reply,6a2548ec000000003501fa4f,6a26b5760000000028039fab,complete,endpoint_exhausted,0,0,0,wuhan,local_broadband_wuhan,account_wuhan,9343,12,complete,GK2026D1,,
2026-08-21T17:28:21,reply,6a2548ec000000003501fa4f,6a26b53300000000280356a1,complete,endpoint_exhausted,0,0,0,wuhan,local_broadband_wuhan,account_wuhan,9343,12,complete,GK2026D1,,
2026-08-21T17:28:21,reply,6a2548ec000000003501fa4f,6a26b4f10000000029010f06,complete,endpoint_exhausted,0,0,0,wuhan,local_broadband_wuhan,account_wuhan,9343,12,complete,GK2026D1,,
2026-08-21T17:28:21,reply,6a2548ec000000003501fa4f,6a26b478000000002800b082,complete,endpoint_exhausted,0,0,0,wuhan,local_broadband_wuhan,account_wuhan,9343,12,complete,GK2026D1,,
2026-08-21T17:28:21,reply,6a2548ec000000003501fa4f,6a26b45a000000002800a9b3,complete,endpoint_exhausted,0,0,0,wuhan,local_broadband_wuhan,account_wuhan,9343,12,complete,GK2026D1,,
2026-08-21T17:28:21,reply,6a2548ec000000003501fa4f,6a26b41f00000000290116de,complete,endpoint_exhausted,0,0,0,wuhan,local_broadband_wuhan,account_wuhan,9343,12,complete,GK2026D1,,
2026-08-21T17:28:21,reply,6a2548ec000000003501fa4f,6a26b1d10000000027017596,complete,endpoint_exhausted,0,0,0,wuhan,local_broadband_wuhan,account_wuhan,9343,12,complete,GK2026D1,,
2026-08-21T17:28:21,reply,6a2548ec000000003501fa4f,6a26b1b800000000280082e6,complete,endpoint_exhausted,0,0,0,wuhan,local_broadband_wuhan,account_wuhan,9343,12,complete,GK2026D1,,
2026-08-21T17:28:21,reply,6a2548ec000000003501fa4f,6a26b1b70000000029026ed2,complete,endpoint_exhausted,0,0,0,wuhan,local_broadband_wuhan,account_wuhan,9343,12,complete,GK2026D1,,
2026-08-21T17:28:51,reply,6a2548ec000000003501fa4f,6a26b052000000002b0019dc,complete,endpoint_exhausted,0,0,0,wuhan,local_broadband_wuhan,account_wuhan,9343,12,complete,GK2026D1,,
2026-08-21T17:28:51,reply,6a2548ec000000003501fa4f,6a26ae7e000000002701d90c,complete,endpoint_exhausted,0,0,0,wuhan,local_broadband_wuhan,account_wuhan,9343,12,complete,GK2026D1,,
2026-08-21T17:28:51,reply,6a2548ec000000003501fa4f,6a26ae530000000028037e79,complete,endpoint_exhausted,0,0,0,wuhan,local_broadband_wuhan,account_wuhan,9343,12,complete,GK2026D1,,
2026-08-21T17:28:51,reply,6a2548ec000000003501fa4f,6a26ae47000000002b029991,complete,endpoint_exhausted,0,0,0,wuhan,local_broadband_wuhan,account_wuhan,9343,12,complete,GK2026D1,,
2026-08-21T17:28:51,reply,6a2548ec000000003501fa4f,6a26ae100000000028038390,complete,endpoint_exhausted,0,0,0,wuhan,local_broadband_wuhan,account_wuhan,9343,12,complete,GK2026D1,,
2026-08-21T17:28:51,reply,6a2548ec000000003501fa4f,6a26ae0c0000000028036a95,complete,endpoint_exhausted,0,0,0,wuhan,local_broadband_wuhan,account_wuhan,9343,12,complete,GK2026D1,,
2026-08-21T17:28:51,reply,6a2548ec000000003501fa4f,6a26addb0000000027021c33,complete,endpoint_exhausted,0,0,0,wuhan,local_broadband_wuhan,account_wuhan,9343,12,complete,GK2026D1,,
2026-08-21T17:28:51,reply,6a2548ec000000003501fa4f,6a26ac50000000002701d1f1,complete,endpoint_exhausted,0,0,0,wuhan,local_broadband_wuhan,account_wuhan,9343,12,complete,GK2026D1,,
2026-08-21T17:28:51,reply,6a2548ec000000003501fa4f,6a26aba9000000002a030c69,complete,endpoint_exhausted,0,0,0,wuhan,local_broadband_wuhan,account_wuhan,9343,12,complete,GK2026D1,,
2026-08-21T17:28:51,reply,6a2548ec000000003501fa4f,6a26aafc0000000029012e93,complete,endpoint_exhausted,0,0,0,wuhan,local_broadband_wuhan,account_wuhan,9343,12,complete,GK2026D1,,
2026-08-21T17:29:22,reply,6a2548ec000000003501fa4f,6a26aad8000000002701f724,complete,endpoint_exhausted,0,0,0,wuhan,local_broadband_wuhan,account_wuhan,9343,12,complete,GK2026D1,,
2026-08-21T17:29:22,reply,6a2548ec000000003501fa4f,6a26aa6c00000000290108b4,complete,endpoint_exhausted,0,0,0,wuhan,local_broadband_wuhan,account_wuhan,9343,12,complete,GK2026D1,,
2026-08-21T17:29:22,reply,6a2548ec000000003501fa4f,6a26aa64000000002901afba,complete,endpoint_exhausted,0,1,1,wuhan,local_broadband_wuhan,account_wuhan,9343,12,complete,GK2026D1,,
2026-08-21T17:29:22,reply,6a2548ec000000003501fa4f,6a26a9f6000000002b0264bf,complete,endpoint_exhausted,0,0,0,wuhan,local_broadband_wuhan,account_wuhan,9343,12,complete,GK2026D1,,
2026-08-21T17:29:22,reply,6a2548ec000000003501fa4f,6a26a997000000002a00535b,complete,endpoint_exhausted,0,1,1,wuhan,local_broadband_wuhan,account_wuhan,9343,12,complete,GK2026D1,,
2026-08-21T17:29:22,reply,6a2548ec000000003501fa4f,6a26a939000000002803cc39,complete,endpoint_exhausted,0,0,0,wuhan,local_broadband_wuhan,account_wuhan,9343,12,complete,GK2026D1,,
2026-08-21T17:29:22,reply,6a2548ec000000003501fa4f,6a26a8e70000000029025230,complete,endpoint_exhausted,0,0,0,wuhan,local_broadband_wuhan,account_wuhan,9343,12,complete,GK2026D1,,
2026-08-21T17:29:22,reply,6a2548ec000000003501fa4f,6a26a833000000002a026aaa,complete,endpoint_exhausted,0,0,0,wuhan,local_broadband_wuhan,account_wuhan,9343,12,complete,GK2026D1,,
2026-08-21T17:29:22,reply,6a2548ec000000003501fa4f,6a26a7a3000000002a02e5af,complete,endpoint_exhausted,0,0,0,wuhan,local_broadband_wuhan,account_wuhan,9343,12,complete,GK2026D1,,
2026-08-21T17:29:22,reply,6a2548ec000000003501fa4f,6a26a766000000002900f5aa,complete,endpoint_exhausted,0,0,0,wuhan,local_broadband_wuhan,account_wuhan,9343,12,complete,GK2026D1,,
2026-08-21T17:29:52,reply,6a2548ec000000003501fa4f,6a26a6230000000028030991,complete,endpoint_exhausted,0,0,0,wuhan,local_broadband_wuhan,account_wuhan,9343,12,complete,GK2026D1,,
2026-08-21T17:29:52,reply,6a2548ec000000003501fa4f,6a26a5cf0000000027015b0a,complete,endpoint_exhausted,0,0,0,wuhan,local_broadband_wuhan,account_wuhan,9343,12,complete,GK2026D1,,
2026-08-21T17:29:52,reply,6a2548ec000000003501fa4f,6a26a550000000002900f9fc,complete,endpoint_exhausted,0,0,0,wuhan,local_broadband_wuhan,account_wuhan,9343,12,complete,GK2026D1,,
2026-08-21T17:29:52,reply,6a2548ec000000003501fa4f,6a26a3d7000000002803438b,complete,endpoint_exhausted,0,0,0,wuhan,local_broadband_wuhan,account_wuhan,9343,12,complete,GK2026D1,,
2026-08-21T17:29:52,reply,6a2548ec000000003501fa4f,6a26a3bc0000000028008129,complete,endpoint_exhausted,0,0,0,wuhan,local_broadband_wuhan,account_wuhan,9343,12,complete,GK2026D1,,
2026-08-21T17:29:52,reply,6a2548ec000000003501fa4f,6a26a3b0000000002902ded7,complete,endpoint_exhausted,0,0,0,wuhan,local_broadband_wuhan,account_wuhan,9343,12,complete,GK2026D1,,
2026-08-21T17:29:52,reply,6a2548ec000000003501fa4f,6a26a39f000000002803e2c2,complete,endpoint_exhausted,0,0,0,wuhan,local_broadband_wuhan,account_wuhan,9343,12,complete,GK2026D1,,
2026-08-21T17:29:52,reply,6a2548ec000000003501fa4f,6a26a3210000000027016ed9,complete,endpoint_exhausted,0,0,0,wuhan,local_broadband_wuhan,account_wuhan,9343,12,complete,GK2026D1,,
2026-08-21T17:29:52,reply,6a2548ec000000003501fa4f,6a26a2fc000000002a02fcb2,complete,endpoint_exhausted,0,0,0,wuhan,local_broadband_wuhan,account_wuhan,9343,12,complete,GK2026D1,,
2026-08-21T17:29:52,reply,6a2548ec000000003501fa4f,6a26a274000000002a02e0f6,complete,endpoint_exhausted,0,0,0,wuhan,local_broadband_wuhan,account_wuhan,9343,12,complete,GK2026D1,,
2026-08-21T17:30:22,reply,6a2548ec000000003501fa4f,6a26a2700000000028031f83,complete,endpoint_exhausted,0,0,0,wuhan,local_broadband_wuhan,account_wuhan,9343,12,complete,GK2026D1,,
2026-08-21T17:30:22,reply,6a2548ec000000003501fa4f,6a26a26d000000002803952a,complete,endpoint_exhausted,0,0,0,wuhan,local_broadband_wuhan,account_wuhan,9343,12,complete,GK2026D1,,
2026-08-21T17:30:22,reply,6a2548ec000000003501fa4f,6a26a25b00000000280365e1,complete,endpoint_exhausted,0,0,0,wuhan,local_broadband_wuhan,account_wuhan,9343,12,complete,GK2026D1,,
2026-08-21T17:30:22,reply,6a2548ec000000003501fa4f,6a26a1fd0000000029012a7d,complete,endpoint_exhausted,0,0,0,wuhan,local_broadband_wuhan,account_wuhan,9343,12,complete,GK2026D1,,
2026-08-21T17:30:22,reply,6a2548ec000000003501fa4f,6a26a1dd0000000027015b3e,complete,endpoint_exhausted,0,0,0,wuhan,local_broadband_wuhan,account_wuhan,9343,12,complete,GK2026D1,,
2026-08-21T17:30:22,reply,6a2548ec000000003501fa4f,6a26a153000000002a02ea43,complete,endpoint_exhausted,0,0,0,wuhan,local_broadband_wuhan,account_wuhan,9343,12,complete,GK2026D1,,
2026-08-21T17:30:22,reply,6a2548ec000000003501fa4f,6a269fde000000002b001b50,complete,endpoint_exhausted,0,0,0,wuhan,local_broadband_wuhan,account_wuhan,9343,12,complete,GK2026D1,,
2026-08-21T17:30:22,reply,6a2548ec000000003501fa4f,6a269fa6000000002a006a1f,complete,endpoint_exhausted,0,0,0,wuhan,local_broadband_wuhan,account_wuhan,9343,12,complete,GK2026D1,,
2026-08-21T17:30:22,reply,6a2548ec000000003501fa4f,6a269f6d000000002900c0b2,complete,endpoint_exhausted,0,0,0,wuhan,local_broadband_wuhan,account_wuhan,9343,12,complete,GK2026D1,,
2026-08-21T17:30:22,reply,6a2548ec000000003501fa4f,6a269efe000000002803533a,complete,endpoint_exhausted,0,0,0,wuhan,local_broadband_wuhan,account_wuhan,9343,12,complete,GK2026D1,,
2026-08-21T17:30:52,reply,6a2548ec000000003501fa4f,6a269eaf000000002a032881,complete,endpoint_exhausted,0,0,0,wuhan,local_broadband_wuhan,account_wuhan,9343,12,complete,GK2026D1,,
2026-08-21T17:30:52,reply,6a2548ec000000003501fa4f,6a269eab000000002b0254ed,complete,endpoint_exhausted,0,0,0,wuhan,local_broadband_wuhan,account_wuhan,9343,12,complete,GK2026D1,,
2026-08-21T17:30:52,reply,6a2548ec000000003501fa4f,6a269d9f000000002a02c72a,complete,endpoint_exhausted,0,0,0,wuhan,local_broadband_wuhan,account_wuhan,9343,12,complete,GK2026D1,,
2026-08-21T17:30:52,reply,6a2548ec000000003501fa4f,6a269d87000000002a00493a,complete,endpoint_exhausted,0,0,0,wuhan,local_broadband_wuhan,account_wuhan,9343,12,complete,GK2026D1,,
2026-08-21T17:30:52,reply,6a2548ec000000003501fa4f,6a269d510000000029026874,complete,endpoint_exhausted,0,0,0,wuhan,local_broadband_wuhan,account_wuhan,9343,12,complete,GK2026D1,,
2026-08-21T17:30:52,reply,6a2548ec000000003501fa4f,6a269cad0000000027014c49,complete,endpoint_exhausted,0,0,0,wuhan,local_broadband_wuhan,account_wuhan,9343,12,complete,GK2026D1,,
2026-08-21T17:30:52,reply,6a2548ec000000003501fa4f,6a269c74000000002b028262,complete,endpoint_exhausted,0,0,0,wuhan,local_broadband_wuhan,account_wuhan,9343,12,complete,GK2026D1,,
2026-08-21T17:30:52,reply,6a2548ec000000003501fa4f,6a269c590000000027021495,complete,endpoint_exhausted,0,0,0,wuhan,local_broadband_wuhan,account_wuhan,9343,12,complete,GK2026D1,,
2026-08-21T17:30:52,reply,6a2548ec000000003501fa4f,6a269c350000000027020ad9,complete,endpoint_exhausted,0,0,0,wuhan,local_broadband_wuhan,account_wuhan,9343,12,complete,GK2026D1,,
2026-08-21T17:30:52,reply,6a2548ec000000003501fa4f,6a269c320000000028031e8f,complete,endpoint_exhausted,0,0,0,wuhan,local_broadband_wuhan,account_wuhan,9343,12,complete,GK2026D1,,
2026-08-21T17:31:23,reply,6a2548ec000000003501fa4f,6a269b6d000000002b0278d8,complete,endpoint_exhausted,0,0,0,wuhan,local_broadband_wuhan,account_wuhan,9343,12,complete,GK2026D1,,
2026-08-21T17:31:23,reply,6a2548ec000000003501fa4f,6a269b4e000000002902db8a,complete,endpoint_exhausted,0,0,0,wuhan,local_broadband_wuhan,account_wuhan,9343,12,complete,GK2026D1,,
2026-08-21T17:31:23,reply,6a2548ec000000003501fa4f,6a269a78000000002a02f352,complete,endpoint_exhausted,0,0,0,wuhan,local_broadband_wuhan,account_wuhan,9343,12,complete,GK2026D1,,
2026-08-21T17:31:23,reply,6a2548ec000000003501fa4f,6a269a4f000000002800b0ad,complete,endpoint_exhausted,0,0,0,wuhan,local_broadband_wuhan,account_wuhan,9343,12,complete,GK2026D1,,
2026-08-21T17:31:23,reply,6a2548ec000000003501fa4f,6a269a4e0000000028032d46,complete,endpoint_exhausted,0,0,0,wuhan,local_broadband_wuhan,account_wuhan,9343,12,complete,GK2026D1,,
2026-08-21T17:31:23,reply,6a2548ec000000003501fa4f,6a269a390000000029035f5d,complete,endpoint_exhausted,0,0,0,wuhan,local_broadband_wuhan,account_wuhan,9343,12,complete,GK2026D1,,
2026-08-21T17:31:23,reply,6a2548ec000000003501fa4f,6a2698f40000000027016727,complete,endpoint_exhausted,0,1,1,wuhan,local_broadband_wuhan,account_wuhan,9343,12,complete,GK2026D1,,
2026-08-21T17:31:23,reply,6a2548ec000000003501fa4f,6a269812000000002702ebd7,complete,endpoint_exhausted,0,0,0,wuhan,local_broadband_wuhan,account_wuhan,9343,12,complete,GK2026D1,,
2026-08-21T17:31:23,reply,6a2548ec000000003501fa4f,6a2697f20000000029013ec2,complete,endpoint_exhausted,0,0,0,wuhan,local_broadband_wuhan,account_wuhan,9343,12,complete,GK2026D1,,
2026-08-21T17:31:23,reply,6a2548ec000000003501fa4f,6a2697c2000000002803e9cc,complete,endpoint_exhausted,0,0,0,wuhan,local_broadband_wuhan,account_wuhan,9343,12,complete,GK2026D1,,
2026-08-21T17:31:53,reply,6a2548ec000000003501fa4f,6a2697700000000029035bb2,complete,endpoint_exhausted,0,0,0,wuhan,local_broadband_wuhan,account_wuhan,9343,12,complete,GK2026D1,,
2026-08-21T17:31:53,reply,6a2548ec000000003501fa4f,6a2696980000000027014393,complete,endpoint_exhausted,0,0,0,wuhan,local_broadband_wuhan,account_wuhan,9343,12,complete,GK2026D1,,
2026-08-21T17:31:53,reply,6a2548ec000000003501fa4f,6a26968a000000002b02bc1b,complete,endpoint_exhausted,0,0,0,wuhan,local_broadband_wuhan,account_wuhan,9343,12,complete,GK2026D1,,
2026-08-21T17:31:53,reply,6a2548ec000000003501fa4f,6a26966000000000280083da,complete,endpoint_exhausted,0,0,0,wuhan,local_broadband_wuhan,account_wuhan,9343,12,complete,GK2026D1,,
2026-08-21T17:31:53,reply,6a2548ec000000003501fa4f,6a2695e30000000029035394,complete,endpoint_exhausted,0,0,0,wuhan,local_broadband_wuhan,account_wuhan,9343,12,complete,GK2026D1,,
2026-08-21T17:31:53,reply,6a2548ec000000003501fa4f,6a2695ad000000002702e4fe,complete,endpoint_exhausted,0,0,0,wuhan,local_broadband_wuhan,account_wuhan,9343,12,complete,GK2026D1,,
2026-08-21T17:31:53,reply,6a2548ec000000003501fa4f,6a269569000000002a026e62,complete,endpoint_exhausted,0,0,0,wuhan,local_broadband_wuhan,account_wuhan,9343,12,complete,GK2026D1,,
2026-08-21T17:31:53,reply,6a2548ec000000003501fa4f,6a26949d000000002803ec99,complete,endpoint_exhausted,0,0,0,wuhan,local_broadband_wuhan,account_wuhan,9343,12,complete,GK2026D1,,
2026-08-21T17:31:53,reply,6a2548ec000000003501fa4f,6a2693cb000000002803545b,complete,endpoint_exhausted,0,0,0,wuhan,local_broadband_wuhan,account_wuhan,9343,12,complete,GK2026D1,,
2026-08-21T17:31:53,reply,6a2548ec000000003501fa4f,6a2693050000000028039040,complete,endpoint_exhausted,0,0,0,wuhan,local_broadband_wuhan,account_wuhan,9343,12,complete,GK2026D1,,
2026-08-21T17:32:23,reply,6a2548ec000000003501fa4f,6a2692fd000000002702243d,complete,endpoint_exhausted,0,0,0,wuhan,local_broadband_wuhan,account_wuhan,9343,12,complete,GK2026D1,,
2026-08-21T17:32:23,reply,6a2548ec000000003501fa4f,6a2691a4000000002b027592,complete,endpoint_exhausted,0,0,0,wuhan,local_broadband_wuhan,account_wuhan,9343,12,complete,GK2026D1,,
2026-08-21T17:32:54,reply,6a2548ec000000003501fa4f,6a269194000000002800a3a3,complete,endpoint_exhausted,1,2,2,wuhan,local_broadband_wuhan,account_wuhan,9343,12,complete,GK2026D1,,
2026-08-21T17:32:54,reply,6a2548ec000000003501fa4f,6a2690df000000002900f262,complete,endpoint_exhausted,0,0,0,wuhan,local_broadband_wuhan,account_wuhan,9343,12,complete,GK2026D1,,
2026-08-21T17:32:54,reply,6a2548ec000000003501fa4f,6a26900a000000002902edcf,complete,endpoint_exhausted,0,0,0,wuhan,local_broadband_wuhan,account_wuhan,9343,12,complete,GK2026D1,,
2026-08-21T17:32:54,reply,6a2548ec000000003501fa4f,6a268ff9000000002702fb6f,complete,endpoint_exhausted,0,0,0,wuhan,local_broadband_wuhan,account_wuhan,9343,12,complete,GK2026D1,,
2026-08-21T17:32:54,reply,6a2548ec000000003501fa4f,6a268dbb000000002803cc2b,complete,endpoint_exhausted,0,0,0,wuhan,local_broadband_wuhan,account_wuhan,9343,12,complete,GK2026D1,,
2026-08-21T17:32:54,reply,6a2548ec000000003501fa4f,6a268db6000000002702290b,complete,endpoint_exhausted,0,0,0,wuhan,local_broadband_wuhan,account_wuhan,9343,12,complete,GK2026D1,,
2026-08-21T17:32:54,reply,6a2548ec000000003501fa4f,6a268cf20000000028009e1a,complete,endpoint_exhausted,0,0,0,wuhan,local_broadband_wuhan,account_wuhan,9343,12,complete,GK2026D1,,
2026-08-21T17:32:54,reply,6a2548ec000000003501fa4f,6a268b65000000002a02cc72,complete,endpoint_exhausted,0,0,0,wuhan,local_broadband_wuhan,account_wuhan,9343,12,complete,GK2026D1,,
2026-08-21T17:33:24,reply,6a2548ec000000003501fa4f,6a2688a4000000002803e180,complete,endpoint_exhausted,0,0,0,wuhan,local_broadband_wuhan,account_wuhan,9343,12,complete,GK2026D1,,
2026-08-21T17:33:24,reply,6a2548ec000000003501fa4f,6a2686dd000000002803bbd7,complete,endpoint_exhausted,0,0,0,wuhan,local_broadband_wuhan,account_wuhan,9343,12,complete,GK2026D1,,
2026-08-21T17:33:24,reply,6a2548ec000000003501fa4f,6a2683f5000000002a02cfe1,complete,endpoint_exhausted,0,0,0,wuhan,local_broadband_wuhan,account_wuhan,9343,12,complete,GK2026D1,,
2026-08-21T17:33:24,reply,6a2548ec000000003501fa4f,6a268045000000002a0313d8,complete,endpoint_exhausted,0,0,0,wuhan,local_broadband_wuhan,account_wuhan,9343,12,complete,GK2026D1,,
2026-08-21T17:33:24,reply,6a2548ec000000003501fa4f,6a267c76000000002800b15d,complete,endpoint_exhausted,0,0,0,wuhan,local_broadband_wuhan,account_wuhan,9343,12,complete,GK2026D1,,
2026-08-21T17:33:24,reply,6a2548ec000000003501fa4f,6a267a1f000000002800b348,complete,endpoint_exhausted,0,0,0,wuhan,local_broadband_wuhan,account_wuhan,9343,12,complete,GK2026D1,,
2026-08-21T17:33:24,reply,6a2548ec000000003501fa4f,6a26763f000000002a03379e,complete,endpoint_exhausted,0,0,0,wuhan,local_broadband_wuhan,account_wuhan,9343,12,complete,GK2026D1,,
2026-08-21T17:33:24,reply,6a2548ec000000003501fa4f,6a2670180000000029012644,complete,endpoint_exhausted,0,0,0,wuhan,local_broadband_wuhan,account_wuhan,9343,12,complete,GK2026D1,,
2026-08-21T17:33:24,reply,6a2548ec000000003501fa4f,6a266d58000000002900d30d,complete,endpoint_exhausted,0,0,0,wuhan,local_broadband_wuhan,account_wuhan,9343,12,complete,GK2026D1,,
2026-08-21T17:33:24,reply,6a2548ec000000003501fa4f,6a266b830000000027028924,complete,endpoint_exhausted,0,0,0,wuhan,local_broadband_wuhan,account_wuhan,9343,12,complete,GK2026D1,,
2026-08-21T17:33:54,reply,6a2548ec000000003501fa4f,6a266a20000000002b000459,complete,endpoint_exhausted,0,0,0,wuhan,local_broadband_wuhan,account_wuhan,9343,12,complete,GK2026D1,,
2026-08-21T17:33:54,reply,6a2548ec000000003501fa4f,6a26682d000000002b027dc5,complete,endpoint_exhausted,0,0,0,wuhan,local_broadband_wuhan,account_wuhan,9343,12,complete,GK2026D1,,
2026-08-21T17:33:54,reply,6a2548ec000000003501fa4f,6a26606f000000002701c600,complete,endpoint_exhausted,0,0,0,wuhan,local_broadband_wuhan,account_wuhan,9343,12,complete,GK2026D1,,
2026-08-21T17:33:54,reply,6a2548ec000000003501fa4f,6a265c68000000002a005ef0,complete,endpoint_exhausted,0,0,0,wuhan,local_broadband_wuhan,account_wuhan,9343,12,complete,GK2026D1,,
2026-08-21T17:33:54,reply,6a2548ec000000003501fa4f,6a2659ef000000002803788d,complete,endpoint_exhausted,0,0,0,wuhan,local_broadband_wuhan,account_wuhan,9343,12,complete,GK2026D1,,
2026-08-21T17:33:54,reply,6a2548ec000000003501fa4f,6a26591800000000280306b0,complete,endpoint_exhausted,0,0,0,wuhan,local_broadband_wuhan,account_wuhan,9343,12,complete,GK2026D1,,
2026-08-21T17:33:54,reply,6a2548ec000000003501fa4f,6a2658910000000029024d12,complete,endpoint_exhausted,0,0,0,wuhan,local_broadband_wuhan,account_wuhan,9343,12,complete,GK2026D1,,
2026-08-21T17:33:54,reply,6a2548ec000000003501fa4f,6a26573d0000000028032ef5,complete,endpoint_exhausted,0,0,0,wuhan,local_broadband_wuhan,account_wuhan,9343,12,complete,GK2026D1,,
2026-08-21T17:33:54,reply,6a2548ec000000003501fa4f,6a265728000000002b0037a7,complete,endpoint_exhausted,0,0,0,wuhan,local_broadband_wuhan,account_wuhan,9343,12,complete,GK2026D1,,
2026-08-21T17:33:54,reply,6a2548ec000000003501fa4f,6a2655c70000000028032777,complete,endpoint_exhausted,0,0,0,wuhan,local_broadband_wuhan,account_wuhan,9343,12,complete,GK2026D1,,
2026-08-21T17:34:25,reply,6a2548ec000000003501fa4f,6a2655c6000000002800b80c,complete,endpoint_exhausted,0,0,0,wuhan,local_broadband_wuhan,account_wuhan,9343,12,complete,GK2026D1,,
2026-08-21T17:34:25,reply,6a2548ec000000003501fa4f,6a2655b000000000280388f0,complete,endpoint_exhausted,0,0,0,wuhan,local_broadband_wuhan,account_wuhan,9343,12,complete,GK2026D1,,
2026-08-21T17:34:25,reply,6a2548ec000000003501fa4f,6a26534b0000000028037037,complete,endpoint_exhausted,0,0,0,wuhan,local_broadband_wuhan,account_wuhan,9343,12,complete,GK2026D1,,
2026-08-21T17:34:25,reply,6a2548ec000000003501fa4f,6a265316000000002803870c,complete,endpoint_exhausted,0,0,0,wuhan,local_broadband_wuhan,account_wuhan,9343,12,complete,GK2026D1,,
2026-08-21T17:34:25,reply,6a2548ec000000003501fa4f,6a2652990000000027016a35,complete,endpoint_exhausted,0,0,0,wuhan,local_broadband_wuhan,account_wuhan,9343,12,complete,GK2026D1,,
2026-08-21T17:34:25,reply,6a2548ec000000003501fa4f,6a26518e000000002901151c,complete,endpoint_exhausted,0,0,0,wuhan,local_broadband_wuhan,account_wuhan,9343,12,complete,GK2026D1,,
2026-08-21T17:34:25,reply,6a2548ec000000003501fa4f,6a2651790000000027029359,complete,endpoint_exhausted,0,0,0,wuhan,local_broadband_wuhan,account_wuhan,9343,12,complete,GK2026D1,,
2026-08-21T17:34:25,reply,6a2548ec000000003501fa4f,6a2650c70000000027014ef7,complete,endpoint_exhausted,0,0,0,wuhan,local_broadband_wuhan,account_wuhan,9343,12,complete,GK2026D1,,
2026-08-21T17:34:25,reply,6a2548ec000000003501fa4f,6a265053000000002a024f65,complete,endpoint_exhausted,0,0,0,wuhan,local_broadband_wuhan,account_wuhan,9343,12,complete,GK2026D1,,
2026-08-21T17:34:25,reply,6a2548ec000000003501fa4f,6a264ff90000000027016350,complete,endpoint_exhausted,0,1,1,wuhan,local_broadband_wuhan,account_wuhan,9343,12,complete,GK2026D1,,
2026-08-21T17:34:55,reply,6a2548ec000000003501fa4f,6a264f79000000002702ad4f,complete,endpoint_exhausted,0,0,0,wuhan,local_broadband_wuhan,account_wuhan,9343,12,complete,GK2026D1,,
2026-08-21T17:34:55,reply,6a2548ec000000003501fa4f,6a264e8f000000002901a4db,complete,endpoint_exhausted,0,0,0,wuhan,local_broadband_wuhan,account_wuhan,9343,12,complete,GK2026D1,,
2026-08-21T17:34:55,reply,6a2548ec000000003501fa4f,6a264e2e000000002702f667,complete,endpoint_exhausted,0,0,0,wuhan,local_broadband_wuhan,account_wuhan,9343,12,complete,GK2026D1,,
2026-08-21T17:34:55,reply,6a2548ec000000003501fa4f,6a264e060000000029010f9a,complete,endpoint_exhausted,0,0,0,wuhan,local_broadband_wuhan,account_wuhan,9343,12,complete,GK2026D1,,
2026-08-21T17:34:55,reply,6a2548ec000000003501fa4f,6a264e050000000029027dd5,complete,endpoint_exhausted,0,0,0,wuhan,local_broadband_wuhan,account_wuhan,9343,12,complete,GK2026D1,,
2026-08-21T17:34:55,reply,6a2548ec000000003501fa4f,6a264d960000000029018234,complete,endpoint_exhausted,0,0,0,wuhan,local_broadband_wuhan,account_wuhan,9343,12,complete,GK2026D1,,
2026-08-21T17:34:55,reply,6a2548ec000000003501fa4f,6a264d6e000000002702bc63,complete,endpoint_exhausted,0,0,0,wuhan,local_broadband_wuhan,account_wuhan,9343,12,complete,GK2026D1,,
2026-08-21T17:34:55,reply,6a2548ec000000003501fa4f,6a264d6b0000000027022347,complete,endpoint_exhausted,0,0,0,wuhan,local_broadband_wuhan,account_wuhan,9343,12,complete,GK2026D1,,
2026-08-21T17:34:55,reply,6a2548ec000000003501fa4f,6a264cf2000000002b003730,complete,endpoint_exhausted,0,0,0,wuhan,local_broadband_wuhan,account_wuhan,9343,12,complete,GK2026D1,,
2026-08-21T17:34:55,reply,6a2548ec000000003501fa4f,6a264c8c0000000027016826,complete,endpoint_exhausted,0,0,0,wuhan,local_broadband_wuhan,account_wuhan,9343,12,complete,GK2026D1,,
2026-08-21T17:35:25,reply,6a2548ec000000003501fa4f,6a264c2c000000002a0268f8,complete,endpoint_exhausted,0,0,0,wuhan,local_broadband_wuhan,account_wuhan,9343,12,complete,GK2026D1,,
2026-08-21T17:35:25,reply,6a2548ec000000003501fa4f,6a264bc900000000270178a2,complete,endpoint_exhausted,0,0,0,wuhan,local_broadband_wuhan,account_wuhan,9343,12,complete,GK2026D1,,
2026-08-21T17:35:25,reply,6a2548ec000000003501fa4f,6a264af10000000029027681,complete,endpoint_exhausted,0,0,0,wuhan,local_broadband_wuhan,account_wuhan,9343,12,complete,GK2026D1,,
2026-08-21T17:35:25,reply,6a2548ec000000003501fa4f,6a264add000000002a032f7e,complete,endpoint_exhausted,0,0,0,wuhan,local_broadband_wuhan,account_wuhan,9343,12,complete,GK2026D1,,
2026-08-21T17:35:25,reply,6a2548ec000000003501fa4f,6a264acf000000002701df7d,complete,endpoint_exhausted,0,0,0,wuhan,local_broadband_wuhan,account_wuhan,9343,12,complete,GK2026D1,,
2026-08-21T17:35:25,reply,6a2548ec000000003501fa4f,6a264ac00000000029018935,complete,endpoint_exhausted,0,0,0,wuhan,local_broadband_wuhan,account_wuhan,9343,12,complete,GK2026D1,,
2026-08-21T17:35:25,reply,6a2548ec000000003501fa4f,6a264ab8000000002800bd35,complete,endpoint_exhausted,0,0,0,wuhan,local_broadband_wuhan,account_wuhan,9343,12,complete,GK2026D1,,
2026-08-21T17:35:25,reply,6a2548ec000000003501fa4f,6a264987000000002803bbe6,complete,endpoint_exhausted,0,0,0,wuhan,local_broadband_wuhan,account_wuhan,9343,12,complete,GK2026D1,,
2026-08-21T17:35:25,reply,6a2548ec000000003501fa4f,6a264886000000002b024eb2,complete,endpoint_exhausted,0,0,0,wuhan,local_broadband_wuhan,account_wuhan,9343,12,complete,GK2026D1,,
2026-08-21T17:35:25,reply,6a2548ec000000003501fa4f,6a264884000000002902c8cc,complete,endpoint_exhausted,0,0,0,wuhan,local_broadband_wuhan,account_wuhan,9343,12,complete,GK2026D1,,
2026-08-21T17:35:55,reply,6a2548ec000000003501fa4f,6a264861000000002901a3b1,complete,endpoint_exhausted,0,0,0,wuhan,local_broadband_wuhan,account_wuhan,9343,12,complete,GK2026D1,,
2026-08-21T17:35:55,reply,6a2548ec000000003501fa4f,6a2647cd000000002b0023f6,complete,endpoint_exhausted,0,0,0,wuhan,local_broadband_wuhan,account_wuhan,9343,12,complete,GK2026D1,,
2026-08-21T17:35:55,reply,6a2548ec000000003501fa4f,6a264771000000002803be72,complete,endpoint_exhausted,0,0,0,wuhan,local_broadband_wuhan,account_wuhan,9343,12,complete,GK2026D1,,
2026-08-21T17:35:55,reply,6a2548ec000000003501fa4f,6a26473b000000002b025b80,complete,endpoint_exhausted,0,1,1,wuhan,local_broadband_wuhan,account_wuhan,9343,12,complete,GK2026D1,,
2026-08-21T17:35:55,reply,6a2548ec000000003501fa4f,6a2646e2000000002900ec84,complete,endpoint_exhausted,0,0,0,wuhan,local_broadband_wuhan,account_wuhan,9343,12,complete,GK2026D1,,
2026-08-21T17:35:55,reply,6a2548ec000000003501fa4f,6a2646a2000000002803d3a3,complete,endpoint_exhausted,0,0,0,wuhan,local_broadband_wuhan,account_wuhan,9343,12,complete,GK2026D1,,
2026-08-21T17:35:55,reply,6a2548ec000000003501fa4f,6a26467b000000002900d641,complete,endpoint_exhausted,0,0,0,wuhan,local_broadband_wuhan,account_wuhan,9343,12,complete,GK2026D1,,
2026-08-21T17:35:55,reply,6a2548ec000000003501fa4f,6a2645c2000000002803de54,complete,endpoint_exhausted,0,0,0,wuhan,local_broadband_wuhan,account_wuhan,9343,12,complete,GK2026D1,,
2026-08-21T17:35:55,reply,6a2548ec000000003501fa4f,6a2644e2000000002a0043d4,complete,endpoint_exhausted,0,0,0,wuhan,local_broadband_wuhan,account_wuhan,9343,12,complete,GK2026D1,,
2026-08-21T17:36:26,reply,6a2548ec000000003501fa4f,6a26448f000000002a007687,complete,endpoint_exhausted,1,2,2,wuhan,local_broadband_wuhan,account_wuhan,9343,12,complete,GK2026D1,,
2026-08-21T17:36:56,reply,6a2548ec000000003501fa4f,6a264220000000002702b406,complete,endpoint_exhausted,0,0,0,wuhan,local_broadband_wuhan,account_wuhan,9343,12,complete,GK2026D1,,
2026-08-21T17:36:56,reply,6a2548ec000000003501fa4f,6a264200000000002900d86a,complete,endpoint_exhausted,0,0,0,wuhan,local_broadband_wuhan,account_wuhan,9343,12,complete,GK2026D1,,
2026-08-21T17:36:56,reply,6a2548ec000000003501fa4f,6a2640ce000000002a02488f,complete,endpoint_exhausted,0,0,0,wuhan,local_broadband_wuhan,account_wuhan,9343,12,complete,GK2026D1,,
2026-08-21T17:36:56,reply,6a2548ec000000003501fa4f,6a26404d000000002803b28c,complete,endpoint_exhausted,0,0,0,wuhan,local_broadband_wuhan,account_wuhan,9343,12,complete,GK2026D1,,
2026-08-21T17:36:56,reply,6a2548ec000000003501fa4f,6a263f7a000000002803441f,complete,endpoint_exhausted,0,0,0,wuhan,local_broadband_wuhan,account_wuhan,9343,12,complete,GK2026D1,,
2026-08-21T17:36:56,reply,6a2548ec000000003501fa4f,6a263f040000000027028c01,complete,endpoint_exhausted,0,0,0,wuhan,local_broadband_wuhan,account_wuhan,9343,12,complete,GK2026D1,,
2026-08-21T17:36:56,reply,6a2548ec000000003501fa4f,6a263c1f0000000029034810,complete,endpoint_exhausted,0,0,0,wuhan,local_broadband_wuhan,account_wuhan,9343,12,complete,GK2026D1,,
2026-08-21T17:36:56,reply,6a2548ec000000003501fa4f,6a263be6000000002702abc6,complete,endpoint_exhausted,0,0,0,wuhan,local_broadband_wuhan,account_wuhan,9343,12,complete,GK2026D1,,
2026-08-21T17:36:56,reply,6a2548ec000000003501fa4f,6a263b860000000029027a6d,complete,endpoint_exhausted,0,0,0,wuhan,local_broadband_wuhan,account_wuhan,9343,12,complete,GK2026D1,,
2026-08-21T17:36:56,reply,6a2548ec000000003501fa4f,6a263b7f00000000270167c9,complete,endpoint_exhausted,0,0,0,wuhan,local_broadband_wuhan,account_wuhan,9343,12,complete,GK2026D1,,
2026-08-21T17:37:26,reply,6a2548ec000000003501fa4f,6a263aa10000000028037a1e,complete,endpoint_exhausted,0,0,0,wuhan,local_broadband_wuhan,account_wuhan,9343,12,complete,GK2026D1,,
2026-08-21T17:37:26,reply,6a2548ec000000003501fa4f,6a263a66000000002b024251,complete,endpoint_exhausted,0,0,0,wuhan,local_broadband_wuhan,account_wuhan,9343,12,complete,GK2026D1,,
2026-08-21T17:37:26,reply,6a2548ec000000003501fa4f,6a2639e4000000002a02c98b,complete,endpoint_exhausted,0,0,0,wuhan,local_broadband_wuhan,account_wuhan,9343,12,complete,GK2026D1,,
2026-08-21T17:37:26,reply,6a2548ec000000003501fa4f,6a26387c000000002a0072fa,complete,endpoint_exhausted,0,0,0,wuhan,local_broadband_wuhan,account_wuhan,9343,12,complete,GK2026D1,,
2026-08-21T17:37:26,reply,6a2548ec000000003501fa4f,6a263859000000002a0241e1,complete,endpoint_exhausted,0,0,0,wuhan,local_broadband_wuhan,account_wuhan,9343,12,complete,GK2026D1,,
2026-08-21T17:37:26,reply,6a2548ec000000003501fa4f,6a2638190000000027017342,complete,endpoint_exhausted,0,0,0,wuhan,local_broadband_wuhan,account_wuhan,9343,12,complete,GK2026D1,,
2026-08-21T17:37:26,reply,6a2548ec000000003501fa4f,6a26366a000000002800b998,complete,endpoint_exhausted,0,0,0,wuhan,local_broadband_wuhan,account_wuhan,9343,12,complete,GK2026D1,,
2026-08-21T17:37:26,reply,6a2548ec000000003501fa4f,6a26363c00000000270212f9,complete,endpoint_exhausted,0,0,0,wuhan,local_broadband_wuhan,account_wuhan,9343,12,complete,GK2026D1,,
2026-08-21T17:37:26,reply,6a2548ec000000003501fa4f,6a2634f700000000290269b6,complete,endpoint_exhausted,0,0,0,wuhan,local_broadband_wuhan,account_wuhan,9343,12,complete,GK2026D1,,
2026-08-21T17:37:26,reply,6a2548ec000000003501fa4f,6a2634c40000000028009b9e,complete,endpoint_exhausted,0,0,0,wuhan,local_broadband_wuhan,account_wuhan,9343,12,complete,GK2026D1,,
2026-08-21T17:37:56,reply,6a2548ec000000003501fa4f,6a2633800000000029026ced,complete,endpoint_exhausted,0,0,0,wuhan,local_broadband_wuhan,account_wuhan,9343,12,complete,GK2026D1,,
2026-08-21T17:37:56,reply,6a2548ec000000003501fa4f,6a26337f0000000028009905,complete,endpoint_exhausted,0,0,0,wuhan,local_broadband_wuhan,account_wuhan,9343,12,complete,GK2026D1,,
2026-08-21T17:37:56,reply,6a2548ec000000003501fa4f,6a262df00000000029018994,complete,endpoint_exhausted,0,0,0,wuhan,local_broadband_wuhan,account_wuhan,9343,12,complete,GK2026D1,,
2026-08-21T17:37:56,reply,6a2548ec000000003501fa4f,6a262d4b000000002900d836,complete,endpoint_exhausted,0,0,0,wuhan,local_broadband_wuhan,account_wuhan,9343,12,complete,GK2026D1,,
2026-08-21T17:37:56,reply,6a2548ec000000003501fa4f,6a262d42000000002901b219,complete,endpoint_exhausted,0,0,0,wuhan,local_broadband_wuhan,account_wuhan,9343,12,complete,GK2026D1,,
2026-08-21T17:37:56,reply,6a2548ec000000003501fa4f,6a262c7d00000000290111a6,complete,endpoint_exhausted,0,0,0,wuhan,local_broadband_wuhan,account_wuhan,9343,12,complete,GK2026D1,,
2026-08-21T17:37:56,reply,6a2548ec000000003501fa4f,6a2629d5000000002701fdde,complete,endpoint_exhausted,0,0,0,wuhan,local_broadband_wuhan,account_wuhan,9343,12,complete,GK2026D1,,
2026-08-21T17:37:56,reply,6a2548ec000000003501fa4f,6a262983000000002803d4ea,complete,endpoint_exhausted,0,0,0,wuhan,local_broadband_wuhan,account_wuhan,9343,12,complete,GK2026D1,,
2026-08-21T17:37:56,reply,6a2548ec000000003501fa4f,6a26277b000000002b002229,complete,endpoint_exhausted,0,0,0,wuhan,local_broadband_wuhan,account_wuhan,9343,12,complete,GK2026D1,,
2026-08-21T17:37:56,reply,6a2548ec000000003501fa4f,6a2627730000000027028b4d,complete,endpoint_exhausted,0,0,0,wuhan,local_broadband_wuhan,account_wuhan,9343,12,complete,GK2026D1,,
2026-08-21T17:38:27,reply,6a2548ec000000003501fa4f,6a2625e0000000002702d5b1,complete,endpoint_exhausted,0,0,0,wuhan,local_broadband_wuhan,account_wuhan,9343,12,complete,GK2026D1,,
2026-08-21T17:38:27,reply,6a2548ec000000003501fa4f,6a2625d50000000027028363,complete,endpoint_exhausted,0,0,0,wuhan,local_broadband_wuhan,account_wuhan,9343,12,complete,GK2026D1,,
2026-08-21T17:38:27,reply,6a2548ec000000003501fa4f,6a262548000000002903767c,complete,endpoint_exhausted,0,0,0,wuhan,local_broadband_wuhan,account_wuhan,9343,12,complete,GK2026D1,,
2026-08-21T17:38:27,reply,6a2548ec000000003501fa4f,6a262511000000002902f1f7,complete,endpoint_exhausted,0,0,0,wuhan,local_broadband_wuhan,account_wuhan,9343,12,complete,GK2026D1,,
2026-08-21T17:38:27,reply,6a2548ec000000003501fa4f,6a262394000000002803a6a5,complete,endpoint_exhausted,0,0,0,wuhan,local_broadband_wuhan,account_wuhan,9343,12,complete,GK2026D1,,
2026-08-21T17:38:27,reply,6a2548ec000000003501fa4f,6a261fba00000000280313b9,complete,endpoint_exhausted,0,0,0,wuhan,local_broadband_wuhan,account_wuhan,9343,12,complete,GK2026D1,,
2026-08-21T17:38:27,reply,6a2548ec000000003501fa4f,6a261f5b000000002902f794,complete,endpoint_exhausted,0,0,0,wuhan,local_broadband_wuhan,account_wuhan,9343,12,complete,GK2026D1,,
2026-08-21T17:38:27,reply,6a2548ec000000003501fa4f,6a261f5a00000000290375a9,complete,endpoint_exhausted,0,0,0,wuhan,local_broadband_wuhan,account_wuhan,9343,12,complete,GK2026D1,,
2026-08-21T17:38:27,reply,6a2548ec000000003501fa4f,6a261cf2000000002702c14e,complete,endpoint_exhausted,0,0,0,wuhan,local_broadband_wuhan,account_wuhan,9343,12,complete,GK2026D1,,
2026-08-21T17:38:27,reply,6a2548ec000000003501fa4f,6a2619400000000029019bdc,complete,endpoint_exhausted,0,0,0,wuhan,local_broadband_wuhan,account_wuhan,9343,12,complete,GK2026D1,,
2026-08-21T17:38:57,reply,6a2548ec000000003501fa4f,6a26163c0000000029013307,complete,endpoint_exhausted,0,0,0,wuhan,local_broadband_wuhan,account_wuhan,9343,12,complete,GK2026D1,,
2026-08-21T17:38:57,reply,6a2548ec000000003501fa4f,6a2613af000000002803751a,complete,endpoint_exhausted,0,0,0,wuhan,local_broadband_wuhan,account_wuhan,9343,12,complete,GK2026D1,,
2026-08-21T17:38:57,reply,6a2548ec000000003501fa4f,6a26122d000000002a03243c,complete,endpoint_exhausted,0,0,0,wuhan,local_broadband_wuhan,account_wuhan,9343,12,complete,GK2026D1,,
2026-08-21T17:38:57,reply,6a2548ec000000003501fa4f,6a2611e6000000002902ed14,complete,endpoint_exhausted,0,0,0,wuhan,local_broadband_wuhan,account_wuhan,9343,12,complete,GK2026D1,,
2026-08-21T17:38:57,reply,6a2548ec000000003501fa4f,6a26109800000000290128b7,complete,endpoint_exhausted,0,0,0,wuhan,local_broadband_wuhan,account_wuhan,9343,12,complete,GK2026D1,,
2026-08-21T17:38:57,reply,6a2548ec000000003501fa4f,6a260e71000000002803b6a6,complete,endpoint_exhausted,0,0,0,wuhan,local_broadband_wuhan,account_wuhan,9343,12,complete,GK2026D1,,
2026-08-21T17:38:57,reply,6a2548ec000000003501fa4f,6a260dbf00000000290277ff,complete,endpoint_exhausted,0,0,0,wuhan,local_broadband_wuhan,account_wuhan,9343,12,complete,GK2026D1,,
2026-08-21T17:38:57,reply,6a2548ec000000003501fa4f,6a260d8a00000000270281c0,complete,endpoint_exhausted,0,0,0,wuhan,local_broadband_wuhan,account_wuhan,9343,12,complete,GK2026D1,,
2026-08-21T17:38:57,reply,6a2548ec000000003501fa4f,6a260b700000000029024540,complete,endpoint_exhausted,0,0,0,wuhan,local_broadband_wuhan,account_wuhan,9343,12,complete,GK2026D1,,
2026-08-21T17:38:57,reply,6a2548ec000000003501fa4f,6a260b0d0000000029034be0,complete,endpoint_exhausted,0,0,0,wuhan,local_broadband_wuhan,account_wuhan,9343,12,complete,GK2026D1,,
2026-08-21T17:39:27,reply,6a2548ec000000003501fa4f,6a260ac0000000002a02d1cc,complete,endpoint_exhausted,0,0,0,wuhan,local_broadband_wuhan,account_wuhan,9343,12,complete,GK2026D1,,
2026-08-21T17:39:27,reply,6a2548ec000000003501fa4f,6a2609f60000000028008b39,complete,endpoint_exhausted,0,0,0,wuhan,local_broadband_wuhan,account_wuhan,9343,12,complete,GK2026D1,,
2026-08-21T17:39:27,reply,6a2548ec000000003501fa4f,6a2609c6000000002b0291bf,complete,endpoint_exhausted,0,0,0,wuhan,local_broadband_wuhan,account_wuhan,9343,12,complete,GK2026D1,,
2026-08-21T17:39:27,reply,6a2548ec000000003501fa4f,6a26095100000000290107f8,complete,endpoint_exhausted,0,0,0,wuhan,local_broadband_wuhan,account_wuhan,9343,12,complete,GK2026D1,,
2026-08-21T17:39:27,reply,6a2548ec000000003501fa4f,6a2608c8000000002a026022,complete,endpoint_exhausted,0,0,0,wuhan,local_broadband_wuhan,account_wuhan,9343,12,complete,GK2026D1,,
2026-08-21T17:39:27,reply,6a2548ec000000003501fa4f,6a26072d000000002803c5b1,complete,endpoint_exhausted,0,0,0,wuhan,local_broadband_wuhan,account_wuhan,9343,12,complete,GK2026D1,,
2026-08-21T17:39:27,reply,6a2548ec000000003501fa4f,6a260696000000002902fb69,complete,endpoint_exhausted,0,0,0,wuhan,local_broadband_wuhan,account_wuhan,9343,12,complete,GK2026D1,,
2026-08-21T17:39:27,reply,6a2548ec000000003501fa4f,6a2601dd000000002a0060f4,complete,endpoint_exhausted,0,0,0,wuhan,local_broadband_wuhan,account_wuhan,9343,12,complete,GK2026D1,,
2026-08-21T17:39:27,reply,6a2548ec000000003501fa4f,6a2601040000000027015bf9,complete,endpoint_exhausted,0,0,0,wuhan,local_broadband_wuhan,account_wuhan,9343,12,complete,GK2026D1,,
2026-08-21T17:39:27,reply,6a2548ec000000003501fa4f,6a25fe8800000000280366db,complete,endpoint_exhausted,0,0,0,wuhan,local_broadband_wuhan,account_wuhan,9343,12,complete,GK2026D1,,
2026-08-21T17:39:58,reply,6a2548ec000000003501fa4f,6a25fdb1000000002a031dac,complete,endpoint_exhausted,0,0,0,wuhan,local_broadband_wuhan,account_wuhan,9343,12,complete,GK2026D1,,
2026-08-21T17:39:58,reply,6a2548ec000000003501fa4f,6a25fd8c000000002702cc62,complete,endpoint_exhausted,0,0,0,wuhan,local_broadband_wuhan,account_wuhan,9343,12,complete,GK2026D1,,
2026-08-21T17:39:58,reply,6a2548ec000000003501fa4f,6a25fb2800000000290118fd,complete,endpoint_exhausted,0,0,0,wuhan,local_broadband_wuhan,account_wuhan,9343,12,complete,GK2026D1,,
2026-08-21T17:39:58,reply,6a2548ec000000003501fa4f,6a25fad90000000027029eda,complete,endpoint_exhausted,0,0,0,wuhan,local_broadband_wuhan,account_wuhan,9343,12,complete,GK2026D1,,
2026-08-21T17:39:58,reply,6a2548ec000000003501fa4f,6a25fa66000000002702d5ef,complete,endpoint_exhausted,0,0,0,wuhan,local_broadband_wuhan,account_wuhan,9343,12,complete,GK2026D1,,
2026-08-21T17:39:58,reply,6a2548ec000000003501fa4f,6a25f935000000002701eaa5,complete,endpoint_exhausted,0,0,0,wuhan,local_broadband_wuhan,account_wuhan,9343,12,complete,GK2026D1,,
2026-08-21T17:39:58,reply,6a2548ec000000003501fa4f,6a25f72b0000000028036d86,complete,endpoint_exhausted,0,0,0,wuhan,local_broadband_wuhan,account_wuhan,9343,12,complete,GK2026D1,,
2026-08-21T17:39:58,reply,6a2548ec000000003501fa4f,6a25f6d9000000002b027a45,complete,endpoint_exhausted,0,0,0,wuhan,local_broadband_wuhan,account_wuhan,9343,12,complete,GK2026D1,,
2026-08-21T17:39:58,reply,6a2548ec000000003501fa4f,6a25f5dc000000002702980b,complete,endpoint_exhausted,0,0,0,wuhan,local_broadband_wuhan,account_wuhan,9343,12,complete,GK2026D1,,
2026-08-21T17:39:58,reply,6a2548ec000000003501fa4f,6a25f5050000000029024443,complete,endpoint_exhausted,0,0,0,wuhan,local_broadband_wuhan,account_wuhan,9343,12,complete,GK2026D1,,
2026-08-21T17:40:28,reply,6a2548ec000000003501fa4f,6a25f2ca000000002902cb1d,complete,endpoint_exhausted,0,0,0,wuhan,local_broadband_wuhan,account_wuhan,9343,12,complete,GK2026D1,,
2026-08-21T17:40:28,reply,6a2548ec000000003501fa4f,6a25eada0000000027020fba,complete,endpoint_exhausted,0,0,0,wuhan,local_broadband_wuhan,account_wuhan,9343,12,complete,GK2026D1,,
2026-08-21T17:40:28,reply,6a2548ec000000003501fa4f,6a25e713000000002702394d,complete,endpoint_exhausted,0,0,0,wuhan,local_broadband_wuhan,account_wuhan,9343,12,complete,GK2026D1,,
2026-08-21T17:40:28,reply,6a2548ec000000003501fa4f,6a25e6bd000000002803d3c6,complete,endpoint_exhausted,0,0,0,wuhan,local_broadband_wuhan,account_wuhan,9343,12,complete,GK2026D1,,
2026-08-21T17:40:28,reply,6a2548ec000000003501fa4f,6a25c983000000002702c347,complete,endpoint_exhausted,0,0,0,wuhan,local_broadband_wuhan,account_wuhan,9343,12,complete,GK2026D1,,
2026-08-21T17:40:28,reply,6a2548ec000000003501fa4f,6a25c77d000000002900d387,complete,endpoint_exhausted,0,0,0,wuhan,local_broadband_wuhan,account_wuhan,9343,12,complete,GK2026D1,,
2026-08-21T17:40:28,reply,6a2548ec000000003501fa4f,6a25bf32000000002a02d8cf,complete,endpoint_exhausted,0,0,0,wuhan,local_broadband_wuhan,account_wuhan,9343,12,complete,GK2026D1,,
2026-08-21T17:40:28,reply,6a2548ec000000003501fa4f,6a25bebe000000002900caff,complete,endpoint_exhausted,0,0,0,wuhan,local_broadband_wuhan,account_wuhan,9343,12,complete,GK2026D1,,
2026-08-21T17:40:28,reply,6a2548ec000000003501fa4f,6a25b753000000002a033577,complete,endpoint_exhausted,0,0,0,wuhan,local_broadband_wuhan,account_wuhan,9343,12,complete,GK2026D1,,
2026-08-21T17:40:28,reply,6a2548ec000000003501fa4f,6a25b56c0000000027017cbc,complete,endpoint_exhausted,0,0,0,wuhan,local_broadband_wuhan,account_wuhan,9343,12,complete,GK2026D1,,
2026-08-21T17:40:58,reply,6a2548ec000000003501fa4f,6a25b545000000002702f23f,complete,endpoint_exhausted,0,0,0,wuhan,local_broadband_wuhan,account_wuhan,9343,12,complete,GK2026D1,,
2026-08-21T17:40:58,reply,6a2548ec000000003501fa4f,6a25b097000000002901242a,complete,endpoint_exhausted,0,0,0,wuhan,local_broadband_wuhan,account_wuhan,9343,12,complete,GK2026D1,,
2026-08-21T17:40:58,reply,6a2548ec000000003501fa4f,6a25b00d000000002702a250,complete,endpoint_exhausted,0,0,0,wuhan,local_broadband_wuhan,account_wuhan,9343,12,complete,GK2026D1,,
2026-08-21T17:40:58,reply,6a2548ec000000003501fa4f,6a25ac8b0000000029019d9c,complete,endpoint_exhausted,0,0,0,wuhan,local_broadband_wuhan,account_wuhan,9343,12,complete,GK2026D1,,
2026-08-21T17:40:58,reply,6a2548ec000000003501fa4f,6a25ac5d000000002a02d30b,complete,endpoint_exhausted,0,0,0,wuhan,local_broadband_wuhan,account_wuhan,9343,12,complete,GK2026D1,,
2026-08-21T17:40:58,reply,6a2548ec000000003501fa4f,6a25aba2000000002702c49b,complete,endpoint_exhausted,0,0,0,wuhan,local_broadband_wuhan,account_wuhan,9343,12,complete,GK2026D1,,
2026-08-21T17:40:58,reply,6a2548ec000000003501fa4f,6a25a832000000002900eb2e,complete,endpoint_exhausted,0,0,0,wuhan,local_broadband_wuhan,account_wuhan,9343,12,complete,GK2026D1,,
2026-08-21T17:40:58,reply,6a2548ec000000003501fa4f,6a25a5cb0000000028008be8,complete,endpoint_exhausted,0,0,0,wuhan,local_broadband_wuhan,account_wuhan,9343,12,complete,GK2026D1,,
2026-08-21T17:40:58,reply,6a2548ec000000003501fa4f,6a25a5ba000000002a02e3c1,complete,endpoint_exhausted,0,0,0,wuhan,local_broadband_wuhan,account_wuhan,9343,12,complete,GK2026D1,,
2026-08-21T17:40:58,reply,6a2548ec000000003501fa4f,6a25a528000000002a004523,complete,endpoint_exhausted,0,0,0,wuhan,local_broadband_wuhan,account_wuhan,9343,12,complete,GK2026D1,,
2026-08-21T17:41:28,reply,6a2548ec000000003501fa4f,6a259fa5000000002701d9b3,complete,endpoint_exhausted,0,0,0,wuhan,local_broadband_wuhan,account_wuhan,9343,12,complete,GK2026D1,,
2026-08-21T17:41:28,reply,6a2548ec000000003501fa4f,6a259ee5000000002b025d1f,complete,endpoint_exhausted,0,0,0,wuhan,local_broadband_wuhan,account_wuhan,9343,12,complete,GK2026D1,,
2026-08-21T17:41:28,reply,6a2548ec000000003501fa4f,6a259e5c000000002701ee10,complete,endpoint_exhausted,0,0,0,wuhan,local_broadband_wuhan,account_wuhan,9343,12,complete,GK2026D1,,
2026-08-21T17:41:28,reply,6a2548ec000000003501fa4f,6a259da60000000027015743,complete,endpoint_exhausted,0,0,0,wuhan,local_broadband_wuhan,account_wuhan,9343,12,complete,GK2026D1,,
2026-08-21T17:41:28,reply,6a2548ec000000003501fa4f,6a259c22000000002803e51b,complete,endpoint_exhausted,0,0,0,wuhan,local_broadband_wuhan,account_wuhan,9343,12,complete,GK2026D1,,
2026-08-21T17:41:28,reply,6a2548ec000000003501fa4f,6a259b490000000028009474,complete,endpoint_exhausted,0,0,0,wuhan,local_broadband_wuhan,account_wuhan,9343,12,complete,GK2026D1,,
2026-08-21T17:41:28,reply,6a2548ec000000003501fa4f,6a2599f9000000002701d1fe,complete,endpoint_exhausted,0,0,0,wuhan,local_broadband_wuhan,account_wuhan,9343,12,complete,GK2026D1,,
2026-08-21T17:41:28,reply,6a2548ec000000003501fa4f,6a2599a5000000002702fa7f,complete,endpoint_exhausted,0,0,0,wuhan,local_broadband_wuhan,account_wuhan,9343,12,complete,GK2026D1,,
2026-08-21T17:41:28,reply,6a2548ec000000003501fa4f,6a2599a0000000002701c5d7,complete,endpoint_exhausted,0,0,0,wuhan,local_broadband_wuhan,account_wuhan,9343,12,complete,GK2026D1,,
2026-08-21T17:41:28,reply,6a2548ec000000003501fa4f,6a259973000000002701ff64,complete,endpoint_exhausted,0,0,0,wuhan,local_broadband_wuhan,account_wuhan,9343,12,complete,GK2026D1,,
2026-08-21T17:41:59,reply,6a2548ec000000003501fa4f,6a2598f8000000002a02edf1,complete,endpoint_exhausted,0,0,0,wuhan,local_broadband_wuhan,account_wuhan,9343,12,complete,GK2026D1,,
2026-08-21T17:41:59,reply,6a2548ec000000003501fa4f,6a2598a2000000002800af18,complete,endpoint_exhausted,0,0,0,wuhan,local_broadband_wuhan,account_wuhan,9343,12,complete,GK2026D1,,
2026-08-21T17:41:59,reply,6a2548ec000000003501fa4f,6a25988d0000000028034d11,complete,endpoint_exhausted,0,0,0,wuhan,local_broadband_wuhan,account_wuhan,9343,12,complete,GK2026D1,,
2026-08-21T17:41:59,reply,6a2548ec000000003501fa4f,6a259823000000002b002ede,complete,endpoint_exhausted,0,0,0,wuhan,local_broadband_wuhan,account_wuhan,9343,12,complete,GK2026D1,,
2026-08-21T17:41:59,reply,6a2548ec000000003501fa4f,6a2596e60000000029026379,complete,endpoint_exhausted,0,0,0,wuhan,local_broadband_wuhan,account_wuhan,9343,12,complete,GK2026D1,,
2026-08-21T17:41:59,reply,6a2548ec000000003501fa4f,6a259541000000002a02f706,complete,endpoint_exhausted,0,0,0,wuhan,local_broadband_wuhan,account_wuhan,9343,12,complete,GK2026D1,,
2026-08-21T17:41:59,reply,6a2548ec000000003501fa4f,6a25945a0000000028033822,complete,endpoint_exhausted,0,0,0,wuhan,local_broadband_wuhan,account_wuhan,9343,12,complete,GK2026D1,,
2026-08-21T17:41:59,reply,6a2548ec000000003501fa4f,6a2593f10000000029011ae4,complete,endpoint_exhausted,0,0,0,wuhan,local_broadband_wuhan,account_wuhan,9343,12,complete,GK2026D1,,
2026-08-21T17:41:59,reply,6a2548ec000000003501fa4f,6a2591b4000000002900cfdd,complete,endpoint_exhausted,0,0,0,wuhan,local_broadband_wuhan,account_wuhan,9343,12,complete,GK2026D1,,
2026-08-21T17:41:59,reply,6a2548ec000000003501fa4f,6a25918900000000270169e2,complete,endpoint_exhausted,0,0,0,wuhan,local_broadband_wuhan,account_wuhan,9343,12,complete,GK2026D1,,
2026-08-21T17:42:29,reply,6a2548ec000000003501fa4f,6a2591540000000029025e36,complete,endpoint_exhausted,0,0,0,wuhan,local_broadband_wuhan,account_wuhan,9343,12,complete,GK2026D1,,
2026-08-21T17:42:29,reply,6a2548ec000000003501fa4f,6a2591130000000029018922,complete,endpoint_exhausted,0,0,0,wuhan,local_broadband_wuhan,account_wuhan,9343,12,complete,GK2026D1,,
2026-08-21T17:42:29,reply,6a2548ec000000003501fa4f,6a25907c000000002803036d,complete,endpoint_exhausted,0,0,0,wuhan,local_broadband_wuhan,account_wuhan,9343,12,complete,GK2026D1,,
2026-08-21T17:42:29,reply,6a2548ec000000003501fa4f,6a2590690000000027020dc8,complete,endpoint_exhausted,0,0,0,wuhan,local_broadband_wuhan,account_wuhan,9343,12,complete,GK2026D1,,
2026-08-21T17:42:29,reply,6a2548ec000000003501fa4f,6a258e48000000002702e7a5,complete,endpoint_exhausted,0,0,0,wuhan,local_broadband_wuhan,account_wuhan,9343,12,complete,GK2026D1,,
2026-08-21T17:42:29,reply,6a2548ec000000003501fa4f,6a258e2e0000000029037419,complete,endpoint_exhausted,0,0,0,wuhan,local_broadband_wuhan,account_wuhan,9343,12,complete,GK2026D1,,
2026-08-21T17:42:29,reply,6a2548ec000000003501fa4f,6a258dfc000000002701cc88,complete,endpoint_exhausted,0,0,0,wuhan,local_broadband_wuhan,account_wuhan,9343,12,complete,GK2026D1,,
2026-08-21T17:42:29,reply,6a2548ec000000003501fa4f,6a258dd2000000002901320b,complete,endpoint_exhausted,0,0,0,wuhan,local_broadband_wuhan,account_wuhan,9343,12,complete,GK2026D1,,
2026-08-21T17:42:29,reply,6a2548ec000000003501fa4f,6a258d50000000002a004d35,complete,endpoint_exhausted,0,0,0,wuhan,local_broadband_wuhan,account_wuhan,9343,12,complete,GK2026D1,,
2026-08-21T17:42:29,reply,6a2548ec000000003501fa4f,6a258cb0000000002b028b03,complete,endpoint_exhausted,0,0,0,wuhan,local_broadband_wuhan,account_wuhan,9343,12,complete,GK2026D1,,
2026-08-21T17:42:59,reply,6a2548ec000000003501fa4f,6a258cad000000002a007166,complete,endpoint_exhausted,0,0,0,wuhan,local_broadband_wuhan,account_wuhan,9343,12,complete,GK2026D1,,
2026-08-21T17:42:59,reply,6a2548ec000000003501fa4f,6a258ba90000000029024fb7,complete,endpoint_exhausted,0,0,0,wuhan,local_broadband_wuhan,account_wuhan,9343,12,complete,GK2026D1,,
2026-08-21T17:42:59,reply,6a2548ec000000003501fa4f,6a258ba0000000002b0032fc,complete,endpoint_exhausted,0,0,0,wuhan,local_broadband_wuhan,account_wuhan,9343,12,complete,GK2026D1,,
2026-08-21T17:42:59,reply,6a2548ec000000003501fa4f,6a258b42000000002a026338,complete,endpoint_exhausted,0,0,0,wuhan,local_broadband_wuhan,account_wuhan,9343,12,complete,GK2026D1,,
2026-08-21T17:42:59,reply,6a2548ec000000003501fa4f,6a258a9f0000000029035edb,complete,endpoint_exhausted,0,0,0,wuhan,local_broadband_wuhan,account_wuhan,9343,12,complete,GK2026D1,,
2026-08-21T17:42:59,reply,6a2548ec000000003501fa4f,6a258a78000000002a0055b6,complete,endpoint_exhausted,0,0,0,wuhan,local_broadband_wuhan,account_wuhan,9343,12,complete,GK2026D1,,
2026-08-21T17:42:59,reply,6a2548ec000000003501fa4f,6a258a16000000002901b6b3,complete,endpoint_exhausted,0,0,0,wuhan,local_broadband_wuhan,account_wuhan,9343,12,complete,GK2026D1,,
2026-08-21T17:42:59,reply,6a2548ec000000003501fa4f,6a2589be0000000027028391,complete,endpoint_exhausted,0,0,0,wuhan,local_broadband_wuhan,account_wuhan,9343,12,complete,GK2026D1,,
2026-08-21T17:42:59,reply,6a2548ec000000003501fa4f,6a258998000000002900dfcf,complete,endpoint_exhausted,0,0,0,wuhan,local_broadband_wuhan,account_wuhan,9343,12,complete,GK2026D1,,
2026-08-21T17:42:59,reply,6a2548ec000000003501fa4f,6a25890400000000270166ef,complete,endpoint_exhausted,0,0,0,wuhan,local_broadband_wuhan,account_wuhan,9343,12,complete,GK2026D1,,
2026-08-21T17:43:29,reply,6a2548ec000000003501fa4f,6a2588f30000000027029608,complete,endpoint_exhausted,0,0,0,wuhan,local_broadband_wuhan,account_wuhan,9343,12,complete,GK2026D1,,
2026-08-21T17:43:29,reply,6a2548ec000000003501fa4f,6a2587040000000027021315,complete,endpoint_exhausted,0,0,0,wuhan,local_broadband_wuhan,account_wuhan,9343,12,complete,GK2026D1,,
2026-08-21T17:43:29,reply,6a2548ec000000003501fa4f,6a2586fc00000000290131d1,complete,endpoint_exhausted,0,0,0,wuhan,local_broadband_wuhan,account_wuhan,9343,12,complete,GK2026D1,,
2026-08-21T17:43:29,reply,6a2548ec000000003501fa4f,6a25868e0000000029011869,complete,endpoint_exhausted,0,0,0,wuhan,local_broadband_wuhan,account_wuhan,9343,12,complete,GK2026D1,,
2026-08-21T17:43:29,reply,6a2548ec000000003501fa4f,6a2586860000000028035e77,complete,endpoint_exhausted,0,0,0,wuhan,local_broadband_wuhan,account_wuhan,9343,12,complete,GK2026D1,,
2026-08-21T17:43:29,reply,6a2548ec000000003501fa4f,6a258650000000002b02689d,complete,endpoint_exhausted,0,0,0,wuhan,local_broadband_wuhan,account_wuhan,9343,12,complete,GK2026D1,,
2026-08-21T17:43:29,reply,6a2548ec000000003501fa4f,6a25863f000000002800b20f,complete,endpoint_exhausted,0,0,0,wuhan,local_broadband_wuhan,account_wuhan,9343,12,complete,GK2026D1,,
2026-08-21T17:43:29,reply,6a2548ec000000003501fa4f,6a258629000000002702b1b5,complete,endpoint_exhausted,0,0,0,wuhan,local_broadband_wuhan,account_wuhan,9343,12,complete,GK2026D1,,
2026-08-21T17:43:29,reply,6a2548ec000000003501fa4f,6a258617000000002900c78c,complete,endpoint_exhausted,0,0,0,wuhan,local_broadband_wuhan,account_wuhan,9343,12,complete,GK2026D1,,
2026-08-21T17:43:29,reply,6a2548ec000000003501fa4f,6a2585fa000000002a032796,complete,endpoint_exhausted,0,0,0,wuhan,local_broadband_wuhan,account_wuhan,9343,12,complete,GK2026D1,,
2026-08-21T17:44:00,reply,6a2548ec000000003501fa4f,6a2585e5000000002702f602,complete,endpoint_exhausted,0,0,0,wuhan,local_broadband_wuhan,account_wuhan,9343,12,complete,GK2026D1,,
2026-08-21T17:44:00,reply,6a2548ec000000003501fa4f,6a258522000000002701df0e,complete,endpoint_exhausted,0,0,0,wuhan,local_broadband_wuhan,account_wuhan,9343,12,complete,GK2026D1,,
2026-08-21T17:44:00,reply,6a2548ec000000003501fa4f,6a258519000000002701dce8,complete,endpoint_exhausted,0,0,0,wuhan,local_broadband_wuhan,account_wuhan,9343,12,complete,GK2026D1,,
2026-08-21T17:44:00,reply,6a2548ec000000003501fa4f,6a2584e1000000002b02a929,complete,endpoint_exhausted,0,0,0,wuhan,local_broadband_wuhan,account_wuhan,9343,12,complete,GK2026D1,,
2026-08-21T17:44:00,reply,6a2548ec000000003501fa4f,6a2584de000000002a025be5,complete,endpoint_exhausted,0,0,0,wuhan,local_broadband_wuhan,account_wuhan,9343,12,complete,GK2026D1,,
2026-08-21T17:44:00,reply,6a2548ec000000003501fa4f,6a2584de000000002803102f,complete,endpoint_exhausted,0,0,0,wuhan,local_broadband_wuhan,account_wuhan,9343,12,complete,GK2026D1,,
2026-08-21T17:44:00,reply,6a2548ec000000003501fa4f,6a2584bb000000002902e898,complete,endpoint_exhausted,0,0,0,wuhan,local_broadband_wuhan,account_wuhan,9343,12,complete,GK2026D1,,
2026-08-21T17:44:00,reply,6a2548ec000000003501fa4f,6a2584b9000000002a025590,complete,endpoint_exhausted,0,0,0,wuhan,local_broadband_wuhan,account_wuhan,9343,12,complete,GK2026D1,,
2026-08-21T17:44:00,reply,6a2548ec000000003501fa4f,6a25847f000000002702e676,complete,endpoint_exhausted,0,0,0,wuhan,local_broadband_wuhan,account_wuhan,9343,12,complete,GK2026D1,,
2026-08-21T17:44:00,reply,6a2548ec000000003501fa4f,6a2583ff000000002b02448b,complete,endpoint_exhausted,0,0,0,wuhan,local_broadband_wuhan,account_wuhan,9343,12,complete,GK2026D1,,
2026-08-21T17:44:30,reply,6a2548ec000000003501fa4f,6a2583fd000000002900c5b1,complete,endpoint_exhausted,0,0,0,wuhan,local_broadband_wuhan,account_wuhan,9343,12,complete,GK2026D1,,
2026-08-21T17:44:30,reply,6a2548ec000000003501fa4f,6a258386000000002702ec82,complete,endpoint_exhausted,0,0,0,wuhan,local_broadband_wuhan,account_wuhan,9343,12,complete,GK2026D1,,
2026-08-21T17:44:30,reply,6a2548ec000000003501fa4f,6a2582d9000000002701cf53,complete,endpoint_exhausted,0,0,0,wuhan,local_broadband_wuhan,account_wuhan,9343,12,complete,GK2026D1,,
2026-08-21T17:44:30,reply,6a2548ec000000003501fa4f,6a25826e000000002902733a,complete,endpoint_exhausted,0,0,0,wuhan,local_broadband_wuhan,account_wuhan,9343,12,complete,GK2026D1,,
2026-08-21T17:44:30,reply,6a2548ec000000003501fa4f,6a2582280000000028038982,complete,endpoint_exhausted,0,0,0,wuhan,local_broadband_wuhan,account_wuhan,9343,12,complete,GK2026D1,,
2026-08-21T17:44:30,reply,6a2548ec000000003501fa4f,6a2581a20000000028036e96,complete,endpoint_exhausted,0,0,0,wuhan,local_broadband_wuhan,account_wuhan,9343,12,complete,GK2026D1,,
2026-08-21T17:44:30,reply,6a2548ec000000003501fa4f,6a25808c000000002900e85c,complete,endpoint_exhausted,0,0,0,wuhan,local_broadband_wuhan,account_wuhan,9343,12,complete,GK2026D1,,
2026-08-21T17:44:30,reply,6a2548ec000000003501fa4f,6a257fdf0000000029019e77,complete,endpoint_exhausted,0,0,0,wuhan,local_broadband_wuhan,account_wuhan,9343,12,complete,GK2026D1,,
2026-08-21T17:44:30,reply,6a2548ec000000003501fa4f,6a257fd0000000002800aca9,complete,endpoint_exhausted,0,0,0,wuhan,local_broadband_wuhan,account_wuhan,9343,12,complete,GK2026D1,,
2026-08-21T17:44:30,reply,6a2548ec000000003501fa4f,6a257f80000000002a02fab4,complete,endpoint_exhausted,0,0,0,wuhan,local_broadband_wuhan,account_wuhan,9343,12,complete,GK2026D1,,
2026-08-21T17:45:00,reply,6a2548ec000000003501fa4f,6a257ee4000000002a007f93,complete,endpoint_exhausted,0,0,0,wuhan,local_broadband_wuhan,account_wuhan,9343,12,complete,GK2026D1,,
2026-08-21T17:45:00,reply,6a2548ec000000003501fa4f,6a257e330000000027028bac,complete,endpoint_exhausted,0,0,0,wuhan,local_broadband_wuhan,account_wuhan,9343,12,complete,GK2026D1,,
2026-08-21T17:45:00,reply,6a2548ec000000003501fa4f,6a257dc900000000270171cc,complete,endpoint_exhausted,0,0,0,wuhan,local_broadband_wuhan,account_wuhan,9343,12,complete,GK2026D1,,
2026-08-21T17:45:00,reply,6a2548ec000000003501fa4f,6a257dba000000002b02a29e,complete,endpoint_exhausted,0,0,0,wuhan,local_broadband_wuhan,account_wuhan,9343,12,complete,GK2026D1,,
2026-08-21T17:45:00,reply,6a2548ec000000003501fa4f,6a257d5b00000000280399ea,complete,endpoint_exhausted,0,0,0,wuhan,local_broadband_wuhan,account_wuhan,9343,12,complete,GK2026D1,,
2026-08-21T17:45:00,reply,6a2548ec000000003501fa4f,6a257cd6000000002a026e7a,complete,endpoint_exhausted,0,0,0,wuhan,local_broadband_wuhan,account_wuhan,9343,12,complete,GK2026D1,,
2026-08-21T17:45:00,reply,6a2548ec000000003501fa4f,6a257cc9000000002803c17f,complete,endpoint_exhausted,0,0,0,wuhan,local_broadband_wuhan,account_wuhan,9343,12,complete,GK2026D1,,
2026-08-21T17:45:00,reply,6a2548ec000000003501fa4f,6a257cc5000000002a005835,complete,endpoint_exhausted,0,0,0,wuhan,local_broadband_wuhan,account_wuhan,9343,12,complete,GK2026D1,,
2026-08-21T17:45:00,reply,6a2548ec000000003501fa4f,6a257c89000000002a004b83,complete,endpoint_exhausted,0,0,0,wuhan,local_broadband_wuhan,account_wuhan,9343,12,complete,GK2026D1,,
2026-08-21T17:45:00,reply,6a2548ec000000003501fa4f,6a257c810000000027016113,complete,endpoint_exhausted,0,0,0,wuhan,local_broadband_wuhan,account_wuhan,9343,12,complete,GK2026D1,,
2026-08-21T17:45:30,reply,6a2548ec000000003501fa4f,6a257c34000000002900c91b,complete,endpoint_exhausted,0,0,0,wuhan,local_broadband_wuhan,account_wuhan,9343,12,complete,GK2026D1,,
2026-08-21T17:45:30,reply,6a2548ec000000003501fa4f,6a257bee000000002702aefb,complete,endpoint_exhausted,0,0,0,wuhan,local_broadband_wuhan,account_wuhan,9343,12,complete,GK2026D1,,
2026-08-21T17:45:30,reply,6a2548ec000000003501fa4f,6a257b7a0000000028033dd4,complete,endpoint_exhausted,0,0,0,wuhan,local_broadband_wuhan,account_wuhan,9343,12,complete,GK2026D1,,
2026-08-21T17:45:30,reply,6a2548ec000000003501fa4f,6a257afb000000002702ab73,complete,endpoint_exhausted,0,0,0,wuhan,local_broadband_wuhan,account_wuhan,9343,12,complete,GK2026D1,,
2026-08-21T17:45:30,reply,6a2548ec000000003501fa4f,6a257abc000000002b0245cd,complete,endpoint_exhausted,0,0,0,wuhan,local_broadband_wuhan,account_wuhan,9343,12,complete,GK2026D1,,
2026-08-21T17:45:30,reply,6a2548ec000000003501fa4f,6a257a900000000027028cb4,complete,endpoint_exhausted,0,0,0,wuhan,local_broadband_wuhan,account_wuhan,9343,12,complete,GK2026D1,,
2026-08-21T17:45:30,reply,6a2548ec000000003501fa4f,6a257a8f000000002701ef2c,complete,endpoint_exhausted,0,0,0,wuhan,local_broadband_wuhan,account_wuhan,9343,12,complete,GK2026D1,,
2026-08-21T17:45:30,reply,6a2548ec000000003501fa4f,6a257a5d000000002803380d,complete,endpoint_exhausted,0,0,0,wuhan,local_broadband_wuhan,account_wuhan,9343,12,complete,GK2026D1,,
2026-08-21T17:45:30,reply,6a2548ec000000003501fa4f,6a257a4b0000000029027399,complete,endpoint_exhausted,0,0,0,wuhan,local_broadband_wuhan,account_wuhan,9343,12,complete,GK2026D1,,
2026-08-21T17:45:30,reply,6a2548ec000000003501fa4f,6a257a4a0000000028008e9b,complete,endpoint_exhausted,0,0,0,wuhan,local_broadband_wuhan,account_wuhan,9343,12,complete,GK2026D1,,
2026-08-21T17:46:01,reply,6a2548ec000000003501fa4f,6a257a1b000000002803d4db,complete,endpoint_exhausted,0,0,0,wuhan,local_broadband_wuhan,account_wuhan,9343,12,complete,GK2026D1,,
2026-08-21T17:46:01,reply,6a2548ec000000003501fa4f,6a2579c00000000029025a9e,complete,endpoint_exhausted,0,0,0,wuhan,local_broadband_wuhan,account_wuhan,9343,12,complete,GK2026D1,,
2026-08-21T17:46:01,reply,6a2548ec000000003501fa4f,6a2579b7000000002a0079b8,complete,endpoint_exhausted,0,0,0,wuhan,local_broadband_wuhan,account_wuhan,9343,12,complete,GK2026D1,,
2026-08-21T17:46:01,reply,6a2548ec000000003501fa4f,6a2579ac00000000290103b3,complete,endpoint_exhausted,0,1,1,wuhan,local_broadband_wuhan,account_wuhan,9343,12,complete,GK2026D1,,
2026-08-21T17:46:01,reply,6a2548ec000000003501fa4f,6a257995000000002702d91a,complete,endpoint_exhausted,0,0,0,wuhan,local_broadband_wuhan,account_wuhan,9343,12,complete,GK2026D1,,
2026-08-21T17:46:01,reply,6a2548ec000000003501fa4f,6a25796b000000002a024204,complete,endpoint_exhausted,0,0,0,wuhan,local_broadband_wuhan,account_wuhan,9343,12,complete,GK2026D1,,
2026-08-21T17:46:01,reply,6a2548ec000000003501fa4f,6a2578ea000000002a033a5c,complete,endpoint_exhausted,0,0,0,wuhan,local_broadband_wuhan,account_wuhan,9343,12,complete,GK2026D1,,
2026-08-21T17:46:01,reply,6a2548ec000000003501fa4f,6a257848000000002a024cd1,complete,endpoint_exhausted,0,0,0,wuhan,local_broadband_wuhan,account_wuhan,9343,12,complete,GK2026D1,,
2026-08-21T17:46:01,reply,6a2548ec000000003501fa4f,6a2578090000000029011c91,complete,endpoint_exhausted,0,0,0,wuhan,local_broadband_wuhan,account_wuhan,9343,12,complete,GK2026D1,,
2026-08-21T17:46:01,reply,6a2548ec000000003501fa4f,6a25762f000000002b001707,complete,endpoint_exhausted,0,0,0,wuhan,local_broadband_wuhan,account_wuhan,9343,12,complete,GK2026D1,,
2026-08-21T17:46:31,reply,6a2548ec000000003501fa4f,6a2573fc000000002901918f,complete,endpoint_exhausted,0,0,0,wuhan,local_broadband_wuhan,account_wuhan,9343,12,complete,GK2026D1,,
2026-08-21T17:46:31,reply,6a2548ec000000003501fa4f,6a257360000000002701eff5,complete,endpoint_exhausted,0,0,0,wuhan,local_broadband_wuhan,account_wuhan,9343,12,complete,GK2026D1,,
2026-08-21T17:46:31,reply,6a2548ec000000003501fa4f,6a257064000000002900f73b,complete,endpoint_exhausted,0,0,0,wuhan,local_broadband_wuhan,account_wuhan,9343,12,complete,GK2026D1,,
2026-08-21T17:46:31,reply,6a2548ec000000003501fa4f,6a257000000000002800a7b2,complete,endpoint_exhausted,0,0,0,wuhan,local_broadband_wuhan,account_wuhan,9343,12,complete,GK2026D1,,
2026-08-21T17:46:31,reply,6a2548ec000000003501fa4f,6a256f6d000000002a031d8e,complete,endpoint_exhausted,0,0,0,wuhan,local_broadband_wuhan,account_wuhan,9343,12,complete,GK2026D1,,
2026-08-21T17:46:31,reply,6a2548ec000000003501fa4f,6a256ea5000000002702ca58,complete,endpoint_exhausted,0,0,0,wuhan,local_broadband_wuhan,account_wuhan,9343,12,complete,GK2026D1,,
2026-08-21T17:46:31,reply,6a2548ec000000003501fa4f,6a256e62000000002702f754,complete,endpoint_exhausted,0,0,0,wuhan,local_broadband_wuhan,account_wuhan,9343,12,complete,GK2026D1,,
2026-08-21T17:46:31,reply,6a2548ec000000003501fa4f,6a256e09000000002a005d30,complete,endpoint_exhausted,0,0,0,wuhan,local_broadband_wuhan,account_wuhan,9343,12,complete,GK2026D1,,
2026-08-21T17:46:31,reply,6a2548ec000000003501fa4f,6a256d86000000002702fb6f,complete,endpoint_exhausted,0,0,0,wuhan,local_broadband_wuhan,account_wuhan,9343,12,complete,GK2026D1,,
2026-08-21T17:46:31,reply,6a2548ec000000003501fa4f,6a256d2c0000000029036427,complete,endpoint_exhausted,0,0,0,wuhan,local_broadband_wuhan,account_wuhan,9343,12,complete,GK2026D1,,
2026-08-21T17:47:01,reply,6a2548ec000000003501fa4f,6a2564960000000029010856,complete,endpoint_exhausted,0,0,0,wuhan,local_broadband_wuhan,account_wuhan,9343,12,complete,GK2026D1,,
2026-08-21T17:47:01,reply,6a2548ec000000003501fa4f,6a25645b000000002b02afc7,complete,endpoint_exhausted,0,0,0,wuhan,local_broadband_wuhan,account_wuhan,9343,12,complete,GK2026D1,,
2026-08-21T17:47:01,reply,6a2548ec000000003501fa4f,6a256453000000002702d7f3,complete,endpoint_exhausted,0,0,0,wuhan,local_broadband_wuhan,account_wuhan,9343,12,complete,GK2026D1,,
2026-08-21T17:47:01,reply,6a2548ec000000003501fa4f,6a25643c000000002803b68d,complete,endpoint_exhausted,0,0,0,wuhan,local_broadband_wuhan,account_wuhan,9343,12,complete,GK2026D1,,
2026-08-21T17:47:01,reply,6a2548ec000000003501fa4f,6a2564310000000029035bd7,complete,endpoint_exhausted,0,0,0,wuhan,local_broadband_wuhan,account_wuhan,9343,12,complete,GK2026D1,,
2026-08-21T17:47:01,reply,6a2548ec000000003501fa4f,6a2563ca000000002900dc7b,complete,endpoint_exhausted,0,0,0,wuhan,local_broadband_wuhan,account_wuhan,9343,12,complete,GK2026D1,,
2026-08-21T17:47:01,reply,6a2548ec000000003501fa4f,6a2562d8000000002a0270dc,complete,endpoint_exhausted,0,1,1,wuhan,local_broadband_wuhan,account_wuhan,9343,12,complete,GK2026D1,,
2026-08-21T17:47:01,reply,6a2548ec000000003501fa4f,6a2561ee000000002901189d,complete,endpoint_exhausted,0,0,0,wuhan,local_broadband_wuhan,account_wuhan,9343,12,complete,GK2026D1,,
2026-08-21T17:47:01,reply,6a2548ec000000003501fa4f,6a2561b10000000028031018,complete,endpoint_exhausted,0,0,0,wuhan,local_broadband_wuhan,account_wuhan,9343,12,complete,GK2026D1,,
2026-08-21T17:47:01,reply,6a2548ec000000003501fa4f,6a256185000000002702a4ab,complete,endpoint_exhausted,0,0,0,wuhan,local_broadband_wuhan,account_wuhan,9343,12,complete,GK2026D1,,
2026-08-21T17:47:31,reply,6a2548ec000000003501fa4f,6a2560ce000000002702ef91,complete,endpoint_exhausted,0,0,0,wuhan,local_broadband_wuhan,account_wuhan,9343,12,complete,GK2026D1,,
2026-08-21T17:47:31,reply,6a2548ec000000003501fa4f,6a2560ad000000002901992f,complete,endpoint_exhausted,0,0,0,wuhan,local_broadband_wuhan,account_wuhan,9343,12,complete,GK2026D1,,
2026-08-21T17:47:31,reply,6a2548ec000000003501fa4f,6a25602d000000002901849b,complete,endpoint_exhausted,0,0,0,wuhan,local_broadband_wuhan,account_wuhan,9343,12,complete,GK2026D1,,
2026-08-21T17:47:31,reply,6a2548ec000000003501fa4f,6a255f94000000002701629e,complete,endpoint_exhausted,0,0,0,wuhan,local_broadband_wuhan,account_wuhan,9343,12,complete,GK2026D1,,
2026-08-21T17:47:31,reply,6a2548ec000000003501fa4f,6a255d0c0000000029012846,complete,endpoint_exhausted,0,0,0,wuhan,local_broadband_wuhan,account_wuhan,9343,12,complete,GK2026D1,,
2026-08-21T17:47:31,reply,6a2548ec000000003501fa4f,6a255c4e0000000028036a0b,complete,endpoint_exhausted,0,0,0,wuhan,local_broadband_wuhan,account_wuhan,9343,12,complete,GK2026D1,,
2026-08-21T17:47:31,reply,6a2548ec000000003501fa4f,6a255ab4000000002a0075aa,complete,endpoint_exhausted,0,0,0,wuhan,local_broadband_wuhan,account_wuhan,9343,12,complete,GK2026D1,,
2026-08-21T17:47:31,reply,6a2548ec000000003501fa4f,6a2558ee000000002900dd22,complete,endpoint_exhausted,0,0,0,wuhan,local_broadband_wuhan,account_wuhan,9343,12,complete,GK2026D1,,
2026-08-21T17:47:31,reply,6a2548ec000000003501fa4f,6a2558cb000000002b027cdc,complete,endpoint_exhausted,0,0,0,wuhan,local_broadband_wuhan,account_wuhan,9343,12,complete,GK2026D1,,
2026-08-21T17:47:31,reply,6a2548ec000000003501fa4f,6a255822000000002900e96f,complete,endpoint_exhausted,0,0,0,wuhan,local_broadband_wuhan,account_wuhan,9343,12,complete,GK2026D1,,
2026-08-21T17:48:02,reply,6a2548ec000000003501fa4f,6a255808000000002803457b,complete,endpoint_exhausted,0,0,0,wuhan,local_broadband_wuhan,account_wuhan,9343,12,complete,GK2026D1,,
2026-08-21T17:48:02,reply,6a2548ec000000003501fa4f,6a2557fe0000000028034260,complete,endpoint_exhausted,0,0,0,wuhan,local_broadband_wuhan,account_wuhan,9343,12,complete,GK2026D1,,
2026-08-21T17:48:02,reply,6a2548ec000000003501fa4f,6a2555ee0000000029026fab,complete,endpoint_exhausted,0,0,0,wuhan,local_broadband_wuhan,account_wuhan,9343,12,complete,GK2026D1,,
2026-08-21T17:48:02,reply,6a2548ec000000003501fa4f,6a255557000000002803fdc5,complete,endpoint_exhausted,0,0,0,wuhan,local_broadband_wuhan,account_wuhan,9343,12,complete,GK2026D1,,
2026-08-21T17:48:02,reply,6a2548ec000000003501fa4f,6a2554ee000000002800b932,complete,endpoint_exhausted,0,0,0,wuhan,local_broadband_wuhan,account_wuhan,9343,12,complete,GK2026D1,,
2026-08-21T17:48:02,reply,6a2548ec000000003501fa4f,6a25533200000000290370f8,complete,endpoint_exhausted,0,0,0,wuhan,local_broadband_wuhan,account_wuhan,9343,12,complete,GK2026D1,,
2026-08-21T17:48:02,reply,6a2548ec000000003501fa4f,6a25529d0000000028009d51,complete,endpoint_exhausted,0,0,0,wuhan,local_broadband_wuhan,account_wuhan,9343,12,complete,GK2026D1,,
2026-08-21T17:48:02,reply,6a2548ec000000003501fa4f,6a25520d000000002900ee64,complete,endpoint_exhausted,0,0,0,wuhan,local_broadband_wuhan,account_wuhan,9343,12,complete,GK2026D1,,
2026-08-21T17:48:02,reply,6a2548ec000000003501fa4f,6a25519a0000000029025dbd,complete,endpoint_exhausted,0,0,0,wuhan,local_broadband_wuhan,account_wuhan,9343,12,complete,GK2026D1,,
2026-08-21T17:48:02,reply,6a2548ec000000003501fa4f,6a25513e000000002b02a887,complete,endpoint_exhausted,0,1,1,wuhan,local_broadband_wuhan,account_wuhan,9343,12,complete,GK2026D1,,
2026-08-21T17:48:32,reply,6a2548ec000000003501fa4f,6a2550d4000000002803e302,complete,endpoint_exhausted,0,0,0,wuhan,local_broadband_wuhan,account_wuhan,9343,12,complete,GK2026D1,,
2026-08-21T17:48:32,reply,6a2548ec000000003501fa4f,6a25502d000000002203f6cf,complete,endpoint_exhausted,0,0,0,wuhan,local_broadband_wuhan,account_wuhan,9343,12,complete,GK2026D1,,
2026-08-21T17:48:32,reply,6a2548ec000000003501fa4f,6a25502600000000270151f5,complete,endpoint_exhausted,0,0,0,wuhan,local_broadband_wuhan,account_wuhan,9343,12,complete,GK2026D1,,
2026-08-21T17:48:32,reply,6a2548ec000000003501fa4f,6a254fae000000002702b3d7,complete,endpoint_exhausted,0,0,0,wuhan,local_broadband_wuhan,account_wuhan,9343,12,complete,GK2026D1,,
2026-08-21T17:48:32,reply,6a2548ec000000003501fa4f,6a254f7e000000002b02480d,complete,endpoint_exhausted,0,0,0,wuhan,local_broadband_wuhan,account_wuhan,9343,12,complete,GK2026D1,,
2026-08-21T17:48:32,reply,6a2548ec000000003501fa4f,6a254f370000000027022f5d,complete,endpoint_exhausted,0,0,0,wuhan,local_broadband_wuhan,account_wuhan,9343,12,complete,GK2026D1,,
2026-08-21T17:48:32,reply,6a2548ec000000003501fa4f,6a254d89000000002b001281,complete,endpoint_exhausted,0,0,0,wuhan,local_broadband_wuhan,account_wuhan,9343,12,complete,GK2026D1,,
2026-08-21T17:48:32,reply,6a2548ec000000003501fa4f,6a254d6e00000000280321e7,complete,endpoint_exhausted,0,0,0,wuhan,local_broadband_wuhan,account_wuhan,9343,12,complete,GK2026D1,,
2026-08-21T17:48:32,reply,6a2548ec000000003501fa4f,6a254d410000000027029bb3,complete,endpoint_exhausted,0,0,0,wuhan,local_broadband_wuhan,account_wuhan,9343,12,complete,GK2026D1,,
2026-08-21T17:48:32,reply,6a2548ec000000003501fa4f,6a254d1900000000290129ee,complete,endpoint_exhausted,0,0,0,wuhan,local_broadband_wuhan,account_wuhan,9343,12,complete,GK2026D1,,
2026-08-21T17:49:02,reply,6a2548ec000000003501fa4f,6a254d06000000002b026073,complete,endpoint_exhausted,0,0,0,wuhan,local_broadband_wuhan,account_wuhan,9343,12,complete,GK2026D1,,
2026-08-21T17:49:02,reply,6a2548ec000000003501fa4f,6a254cdb000000002800bd91,complete,endpoint_exhausted,0,0,0,wuhan,local_broadband_wuhan,account_wuhan,9343,12,complete,GK2026D1,,
2026-08-21T17:49:02,reply,6a2548ec000000003501fa4f,6a254cd0000000002803403b,complete,endpoint_exhausted,0,0,0,wuhan,local_broadband_wuhan,account_wuhan,9343,12,complete,GK2026D1,,
2026-08-21T17:49:02,reply,6a2548ec000000003501fa4f,6a254cbf0000000027022315,complete,endpoint_exhausted,0,0,0,wuhan,local_broadband_wuhan,account_wuhan,9343,12,complete,GK2026D1,,
2026-08-21T17:49:02,reply,6a2548ec000000003501fa4f,6a254ca3000000002803749f,complete,endpoint_exhausted,0,0,0,wuhan,local_broadband_wuhan,account_wuhan,9343,12,complete,GK2026D1,,
2026-08-21T17:49:02,reply,6a2548ec000000003501fa4f,6a254c87000000002b024bfc,complete,endpoint_exhausted,0,0,0,wuhan,local_broadband_wuhan,account_wuhan,9343,12,complete,GK2026D1,,
2026-08-21T17:49:02,reply,6a2548ec000000003501fa4f,6a254c68000000002803d3ad,complete,endpoint_exhausted,0,0,0,wuhan,local_broadband_wuhan,account_wuhan,9343,12,complete,GK2026D1,,
2026-08-21T17:49:02,reply,6a2548ec000000003501fa4f,6a254c48000000002b024220,complete,endpoint_exhausted,0,0,0,wuhan,local_broadband_wuhan,account_wuhan,9343,12,complete,GK2026D1,,
2026-08-21T17:49:02,reply,6a2548ec000000003501fa4f,6a2a915900000000280384a2,complete,endpoint_exhausted,0,0,0,wuhan,local_broadband_wuhan,account_wuhan,9343,12,complete,GK2026D1,,
2026-08-21T17:49:02,reply,6a2548ec000000003501fa4f,6a26ba1c0000000028038510,complete,endpoint_exhausted,0,1,1,wuhan,local_broadband_wuhan,account_wuhan,9343,12,complete,GK2026D1,,
2026-08-21T17:49:32,reply,6a2548ec000000003501fa4f,6a26a333000000002701d792,complete,endpoint_exhausted,0,1,1,wuhan,local_broadband_wuhan,account_wuhan,9343,12,complete,GK2026D1,,
2026-08-21T17:49:32,reply,6a2548ec000000003501fa4f,6a269a70000000002b002738,complete,endpoint_exhausted,0,0,0,wuhan,local_broadband_wuhan,account_wuhan,9343,12,complete,GK2026D1,,
2026-08-21T17:49:32,reply,6a2548ec000000003501fa4f,6a264ec90000000028009463,complete,endpoint_exhausted,0,1,1,wuhan,local_broadband_wuhan,account_wuhan,9343,12,complete,GK2026D1,,
2026-08-21T17:49:32,reply,6a2548ec000000003501fa4f,6a2648b600000000270227e5,complete,endpoint_exhausted,0,0,0,wuhan,local_broadband_wuhan,account_wuhan,9343,12,complete,GK2026D1,,
2026-08-21T17:50:02,reply,6a2548ec000000003501fa4f,6a2639aa0000000028009d24,complete,endpoint_exhausted,1,2,2,wuhan,local_broadband_wuhan,account_wuhan,9343,12,complete,GK2026D1,,
2026-08-21T17:50:02,reply,6a2548ec000000003501fa4f,6a263753000000002800a75e,complete,endpoint_exhausted,0,0,0,wuhan,local_broadband_wuhan,account_wuhan,9343,12,complete,GK2026D1,,
2026-08-21T17:50:02,reply,6a2548ec000000003501fa4f,6a25aae300000000290136ca,complete,endpoint_exhausted,0,0,0,wuhan,local_broadband_wuhan,account_wuhan,9343,12,complete,GK2026D1,,
2026-08-21T17:50:02,reply,6a2548ec000000003501fa4f,6a258ea8000000002803d572,complete,endpoint_exhausted,0,1,1,wuhan,local_broadband_wuhan,account_wuhan,9343,12,complete,GK2026D1,,
2026-08-21T17:50:02,reply,6a2548ec000000003501fa4f,6a25813d00000000280086e1,complete,endpoint_exhausted,0,1,1,wuhan,local_broadband_wuhan,account_wuhan,9343,12,complete,GK2026D1,,
2026-08-21T17:50:02,reply,6a2548ec000000003501fa4f,6a3e60fa0000000005009a09,complete,endpoint_exhausted,0,0,0,wuhan,local_broadband_wuhan,account_wuhan,9343,12,complete,GK2026D1,,
2026-08-21T17:50:33,reply,6a2548ec000000003501fa4f,6a3d15330000000015012f18,complete,endpoint_exhausted,0,0,0,wuhan,local_broadband_wuhan,account_wuhan,9343,12,complete,GK2026D1,,
2026-08-21T17:50:33,reply,6a2548ec000000003501fa4f,6a3777800000000009015703,complete,endpoint_exhausted,0,0,0,wuhan,local_broadband_wuhan,account_wuhan,9343,12,complete,GK2026D1,,
2026-08-21T17:50:33,reply,6a2548ec000000003501fa4f,6a367c33000000001501691d,complete,endpoint_exhausted,0,1,1,wuhan,local_broadband_wuhan,account_wuhan,9343,12,complete,GK2026D1,,
2026-08-21T17:50:33,reply,6a2548ec000000003501fa4f,6a35577e000000000500aee2,complete,endpoint_exhausted,0,0,0,wuhan,local_broadband_wuhan,account_wuhan,9343,12,complete,GK2026D1,,
2026-08-21T17:50:33,reply,6a2548ec000000003501fa4f,6a34dcd90000000005014b63,complete,endpoint_exhausted,0,1,1,wuhan,local_broadband_wuhan,account_wuhan,9343,12,complete,GK2026D1,,
2026-08-21T17:50:33,reply,6a2548ec000000003501fa4f,6a2ff15b0000000029013bec,complete,endpoint_exhausted,0,0,0,wuhan,local_broadband_wuhan,account_wuhan,9343,12,complete,GK2026D1,,
2026-08-21T17:50:33,reply,6a2548ec000000003501fa4f,6a2d8d52000000002902c0cd,complete,endpoint_exhausted,0,1,1,wuhan,local_broadband_wuhan,account_wuhan,9343,12,complete,GK2026D1,,
2026-08-21T17:50:33,reply,6a2548ec000000003501fa4f,6a2d8238000000002a00427c,complete,endpoint_exhausted,0,0,0,wuhan,local_broadband_wuhan,account_wuhan,9343,12,complete,GK2026D1,,
2026-08-21T17:50:33,reply,6a2548ec000000003501fa4f,6a2d646b0000000027014bed,complete,endpoint_exhausted,0,0,0,wuhan,local_broadband_wuhan,account_wuhan,9343,12,complete,GK2026D1,,
2026-08-21T17:50:33,reply,6a2548ec000000003501fa4f,6a2d120e000000002803cc96,complete,endpoint_exhausted,0,0,0,wuhan,local_broadband_wuhan,account_wuhan,9343,12,complete,GK2026D1,,
2026-08-21T17:51:03,reply,6a2548ec000000003501fa4f,6a2d03340000000029024e1a,complete,endpoint_exhausted,0,0,0,wuhan,local_broadband_wuhan,account_wuhan,9343,12,complete,GK2026D1,,
2026-08-21T17:51:03,reply,6a2548ec000000003501fa4f,6a2cb33c000000002901a402,complete,endpoint_exhausted,0,0,0,wuhan,local_broadband_wuhan,account_wuhan,9343,12,complete,GK2026D1,,
2026-08-21T17:51:03,reply,6a2548ec000000003501fa4f,6a2aba25000000002a02ccce,complete,endpoint_exhausted,0,0,0,wuhan,local_broadband_wuhan,account_wuhan,9343,12,complete,GK2026D1,,
2026-08-21T17:51:03,reply,6a2548ec000000003501fa4f,6a2ab3e800000000270288d8,complete,endpoint_exhausted,0,0,0,wuhan,local_broadband_wuhan,account_wuhan,9343,12,complete,GK2026D1,,
2026-08-21T17:51:03,reply,6a2548ec000000003501fa4f,6a2aa6b00000000028030403,complete,endpoint_exhausted,0,0,0,wuhan,local_broadband_wuhan,account_wuhan,9343,12,complete,GK2026D1,,
2026-08-21T17:51:03,reply,6a2548ec000000003501fa4f,6a2961e1000000002701df35,complete,endpoint_exhausted,0,0,0,wuhan,local_broadband_wuhan,account_wuhan,9343,12,complete,GK2026D1,,
2026-08-21T17:51:03,reply,6a2548ec000000003501fa4f,6a2955e50000000027017b4a,complete,endpoint_exhausted,0,0,0,wuhan,local_broadband_wuhan,account_wuhan,9343,12,complete,GK2026D1,,
2026-08-21T17:51:03,reply,6a2548ec000000003501fa4f,6a2952a50000000029011336,complete,endpoint_exhausted,0,0,0,wuhan,local_broadband_wuhan,account_wuhan,9343,12,complete,GK2026D1,,
2026-08-21T17:51:03,reply,6a2548ec000000003501fa4f,6a29467f000000002803fd1a,complete,endpoint_exhausted,0,0,0,wuhan,local_broadband_wuhan,account_wuhan,9343,12,complete,GK2026D1,,
2026-08-21T17:51:03,reply,6a2548ec000000003501fa4f,6a29402b000000002b0280ac,complete,endpoint_exhausted,0,0,0,wuhan,local_broadband_wuhan,account_wuhan,9343,12,complete,GK2026D1,,
2026-08-21T17:51:33,reply,6a2548ec000000003501fa4f,6a293dbf000000002a02d37e,complete,endpoint_exhausted,0,0,0,wuhan,local_broadband_wuhan,account_wuhan,9343,12,complete,GK2026D1,,
2026-08-21T17:51:33,reply,6a2548ec000000003501fa4f,6a2937de000000002803dcc4,complete,endpoint_exhausted,0,0,0,wuhan,local_broadband_wuhan,account_wuhan,9343,12,complete,GK2026D1,,
2026-08-21T17:51:33,reply,6a2548ec000000003501fa4f,6a292226000000002b026840,complete,endpoint_exhausted,0,1,1,wuhan,local_broadband_wuhan,account_wuhan,9343,12,complete,GK2026D1,,
2026-08-21T17:51:33,reply,6a2548ec000000003501fa4f,6a2902a7000000002a0246fd,complete,endpoint_exhausted,0,0,0,wuhan,local_broadband_wuhan,account_wuhan,9343,12,complete,GK2026D1,,
2026-08-21T17:51:33,reply,6a2548ec000000003501fa4f,6a28ec44000000002b02bedb,complete,endpoint_exhausted,0,0,0,wuhan,local_broadband_wuhan,account_wuhan,9343,12,complete,GK2026D1,,
2026-08-21T17:51:33,reply,6a2548ec000000003501fa4f,6a28deb20000000027015f62,complete,endpoint_exhausted,0,0,0,wuhan,local_broadband_wuhan,account_wuhan,9343,12,complete,GK2026D1,,
2026-08-21T17:51:33,reply,6a2548ec000000003501fa4f,6a282aff000000002902fbba,complete,endpoint_exhausted,0,0,0,wuhan,local_broadband_wuhan,account_wuhan,9343,12,complete,GK2026D1,,
2026-08-21T17:51:33,reply,6a2548ec000000003501fa4f,6a281f940000000027028662,complete,endpoint_exhausted,0,0,0,wuhan,local_broadband_wuhan,account_wuhan,9343,12,complete,GK2026D1,,
2026-08-21T17:51:33,reply,6a2548ec000000003501fa4f,6a2817bf0000000029010483,complete,endpoint_exhausted,0,0,0,wuhan,local_broadband_wuhan,account_wuhan,9343,12,complete,GK2026D1,,
2026-08-21T17:51:33,reply,6a2548ec000000003501fa4f,6a280b2f000000002b027b60,complete,endpoint_exhausted,0,1,1,wuhan,local_broadband_wuhan,account_wuhan,9343,12,complete,GK2026D1,,
2026-08-21T17:52:03,reply,6a2548ec000000003501fa4f,6a27f5b9000000002a02e47d,complete,endpoint_exhausted,0,0,0,wuhan,local_broadband_wuhan,account_wuhan,9343,12,complete,GK2026D1,,
2026-08-21T17:52:03,reply,6a2548ec000000003501fa4f,6a27f0a3000000002702e8fa,complete,endpoint_exhausted,0,0,0,wuhan,local_broadband_wuhan,account_wuhan,9343,12,complete,GK2026D1,,
2026-08-21T17:52:03,reply,6a2548ec000000003501fa4f,6a27ec3100000000290340cd,complete,endpoint_exhausted,0,0,0,wuhan,local_broadband_wuhan,account_wuhan,9343,12,complete,GK2026D1,,
2026-08-21T17:52:03,reply,6a2548ec000000003501fa4f,6a27cefe0000000027023728,complete,endpoint_exhausted,0,0,0,wuhan,local_broadband_wuhan,account_wuhan,9343,12,complete,GK2026D1,,
2026-08-21T17:52:03,reply,6a2548ec000000003501fa4f,6a27b2ed000000002803fe16,complete,endpoint_exhausted,0,1,1,wuhan,local_broadband_wuhan,account_wuhan,9343,12,complete,GK2026D1,,
2026-08-21T17:52:03,reply,6a2548ec000000003501fa4f,6a27a753000000002a00462f,complete,endpoint_exhausted,0,1,1,wuhan,local_broadband_wuhan,account_wuhan,9343,12,complete,GK2026D1,,
2026-08-21T17:52:03,reply,6a2548ec000000003501fa4f,6a2797b50000000027014d91,complete,endpoint_exhausted,0,1,1,wuhan,local_broadband_wuhan,account_wuhan,9343,12,complete,GK2026D1,,
2026-08-21T17:52:03,reply,6a2548ec000000003501fa4f,6a279302000000002900fe5e,complete,endpoint_exhausted,0,0,0,wuhan,local_broadband_wuhan,account_wuhan,9343,12,complete,GK2026D1,,
2026-08-21T17:52:03,reply,6a2548ec000000003501fa4f,6a2702c7000000002a02c33a,complete,endpoint_exhausted,0,0,0,wuhan,local_broadband_wuhan,account_wuhan,9343,12,complete,GK2026D1,,
2026-08-21T17:52:03,reply,6a2548ec000000003501fa4f,6a26ebbe000000002a024c42,complete,endpoint_exhausted,0,1,1,wuhan,local_broadband_wuhan,account_wuhan,9343,12,complete,GK2026D1,,
2026-08-21T17:52:34,reply,6a2548ec000000003501fa4f,6a26eabb000000002b000939,complete,endpoint_exhausted,0,0,0,wuhan,local_broadband_wuhan,account_wuhan,9343,12,complete,GK2026D1,,
2026-08-21T17:52:34,reply,6a2548ec000000003501fa4f,6a26e758000000002701f070,complete,endpoint_exhausted,0,0,0,wuhan,local_broadband_wuhan,account_wuhan,9343,12,complete,GK2026D1,,
2026-08-21T17:52:34,reply,6a2548ec000000003501fa4f,6a26e429000000002a026832,complete,endpoint_exhausted,0,0,0,wuhan,local_broadband_wuhan,account_wuhan,9343,12,complete,GK2026D1,,
2026-08-21T17:52:34,reply,6a2548ec000000003501fa4f,6a26dcc90000000029026b64,complete,endpoint_exhausted,0,0,0,wuhan,local_broadband_wuhan,account_wuhan,9343,12,complete,GK2026D1,,
2026-08-21T17:52:34,reply,6a2548ec000000003501fa4f,6a26ce6c0000000028035659,complete,endpoint_exhausted,0,0,0,wuhan,local_broadband_wuhan,account_wuhan,9343,12,complete,GK2026D1,,
2026-08-21T17:52:34,reply,6a2548ec000000003501fa4f,6a26cdca00000000290130e3,complete,endpoint_exhausted,0,1,1,wuhan,local_broadband_wuhan,account_wuhan,9343,12,complete,GK2026D1,,
2026-08-21T17:52:34,reply,6a2548ec000000003501fa4f,6a26cbb9000000002902de04,complete,endpoint_exhausted,0,0,0,wuhan,local_broadband_wuhan,account_wuhan,9343,12,complete,GK2026D1,,
2026-08-21T17:52:34,reply,6a2548ec000000003501fa4f,6a26c8b5000000002b024217,complete,endpoint_exhausted,0,0,0,wuhan,local_broadband_wuhan,account_wuhan,9343,12,complete,GK2026D1,,
2026-08-21T17:52:34,reply,6a2548ec000000003501fa4f,6a26c6e5000000002803ced3,complete,endpoint_exhausted,0,0,0,wuhan,local_broadband_wuhan,account_wuhan,9343,12,complete,GK2026D1,,
2026-08-21T17:52:34,reply,6a2548ec000000003501fa4f,6a26c66d00000000290108a8,complete,endpoint_exhausted,0,0,0,wuhan,local_broadband_wuhan,account_wuhan,9343,12,complete,GK2026D1,,
2026-08-21T17:53:04,reply,6a2548ec000000003501fa4f,6a26c3b400000000280359c4,complete,endpoint_exhausted,0,0,0,wuhan,local_broadband_wuhan,account_wuhan,9343,12,complete,GK2026D1,,
2026-08-21T17:53:04,reply,6a2548ec000000003501fa4f,6a26c16b000000002a033683,complete,endpoint_exhausted,0,1,1,wuhan,local_broadband_wuhan,account_wuhan,9343,12,complete,GK2026D1,,
2026-08-21T17:53:04,reply,6a2548ec000000003501fa4f,6a26bff70000000027021442,complete,endpoint_exhausted,0,0,0,wuhan,local_broadband_wuhan,account_wuhan,9343,12,complete,GK2026D1,,
2026-08-21T17:53:04,reply,6a2548ec000000003501fa4f,6a26bd9e00000000270236e9,complete,endpoint_exhausted,0,1,1,wuhan,local_broadband_wuhan,account_wuhan,9343,12,complete,GK2026D1,,
2026-08-21T17:53:04,reply,6a2548ec000000003501fa4f,6a26bb23000000002702b01c,complete,endpoint_exhausted,0,1,1,wuhan,local_broadband_wuhan,account_wuhan,9343,12,complete,GK2026D1,,
2026-08-21T17:53:04,reply,6a2548ec000000003501fa4f,6a26b97d000000002902dc96,complete,endpoint_exhausted,0,0,0,wuhan,local_broadband_wuhan,account_wuhan,9343,12,complete,GK2026D1,,
2026-08-21T17:53:04,reply,6a2548ec000000003501fa4f,6a26b79f0000000027028c44,complete,endpoint_exhausted,0,0,0,wuhan,local_broadband_wuhan,account_wuhan,9343,12,complete,GK2026D1,,
2026-08-21T17:53:04,reply,6a2548ec000000003501fa4f,6a26b6ca000000002901901f,complete,endpoint_exhausted,0,0,0,wuhan,local_broadband_wuhan,account_wuhan,9343,12,complete,GK2026D1,,
2026-08-21T17:53:04,reply,6a2548ec000000003501fa4f,6a26b5bf00000000280315e2,complete,endpoint_exhausted,0,0,0,wuhan,local_broadband_wuhan,account_wuhan,9343,12,complete,GK2026D1,,
2026-08-21T17:53:04,reply,6a2548ec000000003501fa4f,6a26b5190000000027023125,complete,endpoint_exhausted,0,0,0,wuhan,local_broadband_wuhan,account_wuhan,9343,12,complete,GK2026D1,,
2026-08-21T17:54:04,reply,6a2548ec000000003501fa4f,6a26b388000000002a0258cf,complete,endpoint_exhausted,1,2,2,wuhan,local_broadband_wuhan,account_wuhan,9343,12,complete,GK2026D1,,
2026-08-21T17:54:04,reply,6a2548ec000000003501fa4f,6a26b1dd000000002702244e,complete,endpoint_exhausted,0,0,0,wuhan,local_broadband_wuhan,account_wuhan,9343,12,complete,GK2026D1,,
2026-08-21T17:54:04,reply,6a2548ec000000003501fa4f,6a26b1b40000000029026e52,complete,endpoint_exhausted,0,0,0,wuhan,local_broadband_wuhan,account_wuhan,9343,12,complete,GK2026D1,,
2026-08-21T17:54:35,reply,6a2548ec000000003501fa4f,6a26b158000000002803d649,complete,endpoint_exhausted,1,2,2,wuhan,local_broadband_wuhan,account_wuhan,9343,12,complete,GK2026D1,,
2026-08-21T17:54:35,reply,6a2548ec000000003501fa4f,6a26b05c00000000270155f1,complete,endpoint_exhausted,0,0,0,wuhan,local_broadband_wuhan,account_wuhan,9343,12,complete,GK2026D1,,
2026-08-21T17:54:35,reply,6a2548ec000000003501fa4f,6a26b049000000002900f2bd,complete,endpoint_exhausted,0,1,1,wuhan,local_broadband_wuhan,account_wuhan,9343,12,complete,GK2026D1,,
2026-08-21T17:54:35,reply,6a2548ec000000003501fa4f,6a26aec3000000002a0272c9,complete,endpoint_exhausted,0,0,0,wuhan,local_broadband_wuhan,account_wuhan,9343,12,complete,GK2026D1,,
2026-08-21T17:54:35,reply,6a2548ec000000003501fa4f,6a26ae4600000000270235f3,complete,endpoint_exhausted,0,0,0,wuhan,local_broadband_wuhan,account_wuhan,9343,12,complete,GK2026D1,,
2026-08-21T17:54:35,reply,6a2548ec000000003501fa4f,6a26acb800000000280351d5,complete,endpoint_exhausted,0,0,0,wuhan,local_broadband_wuhan,account_wuhan,9343,12,complete,GK2026D1,,
2026-08-21T17:54:35,reply,6a2548ec000000003501fa4f,6a26ab690000000028037b3d,complete,endpoint_exhausted,0,0,0,wuhan,local_broadband_wuhan,account_wuhan,9343,12,complete,GK2026D1,,
2026-08-21T17:55:05,reply,6a2548ec000000003501fa4f,6a26aad7000000002803b178,complete,endpoint_exhausted,0,0,0,wuhan,local_broadband_wuhan,account_wuhan,9343,12,complete,GK2026D1,,
2026-08-21T17:55:05,reply,6a2548ec000000003501fa4f,6a26a938000000002803cc2b,complete,endpoint_exhausted,0,0,0,wuhan,local_broadband_wuhan,account_wuhan,9343,12,complete,GK2026D1,,
2026-08-21T17:55:05,reply,6a2548ec000000003501fa4f,6a26a83f0000000027017f96,complete,endpoint_exhausted,0,0,0,wuhan,local_broadband_wuhan,account_wuhan,9343,12,complete,GK2026D1,,
2026-08-21T17:55:05,reply,6a2548ec000000003501fa4f,6a26a7d6000000002702882c,complete,endpoint_exhausted,0,0,0,wuhan,local_broadband_wuhan,account_wuhan,9343,12,complete,GK2026D1,,
2026-08-21T17:55:05,reply,6a2548ec000000003501fa4f,6a26a7480000000029027ed5,complete,endpoint_exhausted,0,0,0,wuhan,local_broadband_wuhan,account_wuhan,9343,12,complete,GK2026D1,,
2026-08-21T17:55:05,reply,6a2548ec000000003501fa4f,6a26a7070000000027022846,complete,endpoint_exhausted,0,0,0,wuhan,local_broadband_wuhan,account_wuhan,9343,12,complete,GK2026D1,,
2026-08-21T17:55:05,reply,6a2548ec000000003501fa4f,6a26a6f30000000028035678,complete,endpoint_exhausted,0,1,1,wuhan,local_broadband_wuhan,account_wuhan,9343,12,complete,GK2026D1,,
2026-08-21T17:55:05,reply,6a2548ec000000003501fa4f,6a26a3ab000000002a025499,complete,endpoint_exhausted,0,0,0,wuhan,local_broadband_wuhan,account_wuhan,9343,12,complete,GK2026D1,,
2026-08-21T17:55:05,reply,6a2548ec000000003501fa4f,6a26a0ce000000002702d87d,complete,endpoint_exhausted,0,0,0,wuhan,local_broadband_wuhan,account_wuhan,9343,12,complete,GK2026D1,,
2026-08-21T17:55:05,reply,6a2548ec000000003501fa4f,6a26a0b10000000028037d54,complete,endpoint_exhausted,0,0,0,wuhan,local_broadband_wuhan,account_wuhan,9343,12,complete,GK2026D1,,
2026-08-21T17:55:35,reply,6a2548ec000000003501fa4f,6a26a0ae000000002a005a1d,complete,endpoint_exhausted,0,1,1,wuhan,local_broadband_wuhan,account_wuhan,9343,12,complete,GK2026D1,,
2026-08-21T17:55:35,reply,6a2548ec000000003501fa4f,6a26a08e00000000280325f2,complete,endpoint_exhausted,0,0,0,wuhan,local_broadband_wuhan,account_wuhan,9343,12,complete,GK2026D1,,
2026-08-21T17:55:35,reply,6a2548ec000000003501fa4f,6a26a01c000000002901394a,complete,endpoint_exhausted,0,0,0,wuhan,local_broadband_wuhan,account_wuhan,9343,12,complete,GK2026D1,,
2026-08-21T17:55:35,reply,6a2548ec000000003501fa4f,6a269f650000000029010bcc,complete,endpoint_exhausted,0,0,0,wuhan,local_broadband_wuhan,account_wuhan,9343,12,complete,GK2026D1,,
2026-08-21T17:55:35,reply,6a2548ec000000003501fa4f,6a269f49000000002701e718,complete,endpoint_exhausted,0,0,0,wuhan,local_broadband_wuhan,account_wuhan,9343,12,complete,GK2026D1,,
2026-08-21T17:55:35,reply,6a2548ec000000003501fa4f,6a269f42000000002901a00c,complete,endpoint_exhausted,0,1,1,wuhan,local_broadband_wuhan,account_wuhan,9343,12,complete,GK2026D1,,
2026-08-21T17:55:35,reply,6a2548ec000000003501fa4f,6a269e1c000000002203f253,complete,endpoint_exhausted,0,0,0,wuhan,local_broadband_wuhan,account_wuhan,9343,12,complete,GK2026D1,,
2026-08-21T17:55:35,reply,6a2548ec000000003501fa4f,6a269d01000000002803f297,complete,endpoint_exhausted,0,0,0,wuhan,local_broadband_wuhan,account_wuhan,9343,12,complete,GK2026D1,,
2026-08-21T17:55:35,reply,6a2548ec000000003501fa4f,6a269ce0000000002a024329,complete,endpoint_exhausted,0,0,0,wuhan,local_broadband_wuhan,account_wuhan,9343,12,complete,GK2026D1,,
2026-08-21T17:55:35,reply,6a2548ec000000003501fa4f,6a269c56000000002803c370,complete,endpoint_exhausted,0,0,0,wuhan,local_broadband_wuhan,account_wuhan,9343,12,complete,GK2026D1,,
2026-08-21T17:56:05,reply,6a2548ec000000003501fa4f,6a269978000000002b028172,complete,endpoint_exhausted,0,0,0,wuhan,local_broadband_wuhan,account_wuhan,9343,12,complete,GK2026D1,,
2026-08-21T17:56:05,reply,6a2548ec000000003501fa4f,6a269879000000002701c5f0,complete,endpoint_exhausted,0,0,0,wuhan,local_broadband_wuhan,account_wuhan,9343,12,complete,GK2026D1,,
2026-08-21T17:56:05,reply,6a2548ec000000003501fa4f,6a26979e000000002900d35f,complete,endpoint_exhausted,0,0,0,wuhan,local_broadband_wuhan,account_wuhan,9343,12,complete,GK2026D1,,
2026-08-21T17:56:05,reply,6a2548ec000000003501fa4f,6a2696da000000002b028c03,complete,endpoint_exhausted,0,0,0,wuhan,local_broadband_wuhan,account_wuhan,9343,12,complete,GK2026D1,,
2026-08-21T17:56:36,reply,6a2548ec000000003501fa4f,6a2695bd00000000270147d2,complete,endpoint_exhausted,1,3,3,wuhan,local_broadband_wuhan,account_wuhan,9343,12,complete,GK2026D1,,
2026-08-21T17:56:36,reply,6a2548ec000000003501fa4f,6a26946c000000002902568e,complete,endpoint_exhausted,0,0,0,wuhan,local_broadband_wuhan,account_wuhan,9343,12,complete,GK2026D1,,
2026-08-21T17:56:36,reply,6a2548ec000000003501fa4f,6a2694610000000028037a4e,complete,endpoint_exhausted,0,1,1,wuhan,local_broadband_wuhan,account_wuhan,9343,12,complete,GK2026D1,,
2026-08-21T17:56:36,reply,6a2548ec000000003501fa4f,6a269410000000002702c20c,complete,endpoint_exhausted,0,0,0,wuhan,local_broadband_wuhan,account_wuhan,9343,12,complete,GK2026D1,,
2026-08-21T17:56:36,reply,6a2548ec000000003501fa4f,6a26937f000000002b024bdb,complete,endpoint_exhausted,0,0,0,wuhan,local_broadband_wuhan,account_wuhan,9343,12,complete,GK2026D1,,
2026-08-21T17:56:36,reply,6a2548ec000000003501fa4f,6a2692e8000000002902e0c3,complete,endpoint_exhausted,0,0,0,wuhan,local_broadband_wuhan,account_wuhan,9343,12,complete,GK2026D1,,
2026-08-21T17:57:06,reply,6a2548ec000000003501fa4f,6a269278000000002a02cd44,complete,endpoint_exhausted,0,0,0,wuhan,local_broadband_wuhan,account_wuhan,9343,12,complete,GK2026D1,,
2026-08-21T17:57:06,reply,6a2548ec000000003501fa4f,6a2692500000000029036e09,complete,endpoint_exhausted,0,0,0,wuhan,local_broadband_wuhan,account_wuhan,9343,12,complete,GK2026D1,,
2026-08-21T17:57:06,reply,6a2548ec000000003501fa4f,6a2690c4000000002b024a6f,complete,endpoint_exhausted,0,0,0,wuhan,local_broadband_wuhan,account_wuhan,9343,12,complete,GK2026D1,,
2026-08-21T17:57:06,reply,6a2548ec000000003501fa4f,6a26907b000000002a007d23,complete,endpoint_exhausted,0,0,0,wuhan,local_broadband_wuhan,account_wuhan,9343,12,complete,GK2026D1,,
2026-08-21T17:57:06,reply,6a2548ec000000003501fa4f,6a268f2d000000002702c7bd,complete,endpoint_exhausted,0,0,0,wuhan,local_broadband_wuhan,account_wuhan,9343,12,complete,GK2026D1,,
2026-08-21T17:57:06,reply,6a2548ec000000003501fa4f,6a268e99000000002a0063c3,complete,endpoint_exhausted,0,0,0,wuhan,local_broadband_wuhan,account_wuhan,9343,12,complete,GK2026D1,,
2026-08-21T17:57:06,reply,6a2548ec000000003501fa4f,6a268e2f0000000027020419,complete,endpoint_exhausted,0,0,0,wuhan,local_broadband_wuhan,account_wuhan,9343,12,complete,GK2026D1,,
2026-08-21T17:57:06,reply,6a2548ec000000003501fa4f,6a268b3d000000002702abe9,complete,endpoint_exhausted,0,0,0,wuhan,local_broadband_wuhan,account_wuhan,9343,12,complete,GK2026D1,,
2026-08-21T17:57:06,reply,6a2548ec000000003501fa4f,6a268b0d000000002702a0bb,complete,endpoint_exhausted,0,1,1,wuhan,local_broadband_wuhan,account_wuhan,9343,12,complete,GK2026D1,,
2026-08-21T17:57:06,reply,6a2548ec000000003501fa4f,6a268ae0000000002a032113,complete,endpoint_exhausted,0,0,0,wuhan,local_broadband_wuhan,account_wuhan,9343,12,complete,GK2026D1,,
2026-08-21T17:57:36,reply,6a2548ec000000003501fa4f,6a26892b000000002a0076a9,complete,endpoint_exhausted,0,0,0,wuhan,local_broadband_wuhan,account_wuhan,9343,12,complete,GK2026D1,,
2026-08-21T17:57:36,reply,6a2548ec000000003501fa4f,6a26850500000000280353d2,complete,endpoint_exhausted,0,1,1,wuhan,local_broadband_wuhan,account_wuhan,9343,12,complete,GK2026D1,,
2026-08-21T17:57:36,reply,6a2548ec000000003501fa4f,6a2683fc000000002702301f,complete,endpoint_exhausted,0,0,0,wuhan,local_broadband_wuhan,account_wuhan,9343,12,complete,GK2026D1,,
2026-08-21T17:57:36,reply,6a2548ec000000003501fa4f,6a267e7f000000002a027333,complete,endpoint_exhausted,0,0,0,wuhan,local_broadband_wuhan,account_wuhan,9343,12,complete,GK2026D1,,
2026-08-21T17:57:36,reply,6a2548ec000000003501fa4f,6a267de1000000002900d814,complete,endpoint_exhausted,0,0,0,wuhan,local_broadband_wuhan,account_wuhan,9343,12,complete,GK2026D1,,
2026-08-21T17:57:36,reply,6a2548ec000000003501fa4f,6a267d68000000002a031df3,complete,endpoint_exhausted,0,0,0,wuhan,local_broadband_wuhan,account_wuhan,9343,12,complete,GK2026D1,,
2026-08-21T17:57:36,reply,6a2548ec000000003501fa4f,6a267d1f0000000029035f75,complete,endpoint_exhausted,0,1,1,wuhan,local_broadband_wuhan,account_wuhan,9343,12,complete,GK2026D1,,
2026-08-21T17:57:36,reply,6a2548ec000000003501fa4f,6a2678ea0000000028036b50,complete,endpoint_exhausted,0,0,0,wuhan,local_broadband_wuhan,account_wuhan,9343,12,complete,GK2026D1,,
2026-08-21T17:57:36,reply,6a2548ec000000003501fa4f,6a2676130000000029018558,complete,endpoint_exhausted,0,0,0,wuhan,local_broadband_wuhan,account_wuhan,9343,12,complete,GK2026D1,,
2026-08-21T17:57:36,reply,6a2548ec000000003501fa4f,6a267362000000002803bc8f,complete,endpoint_exhausted,0,0,0,wuhan,local_broadband_wuhan,account_wuhan,9343,12,complete,GK2026D1,,
2026-08-21T17:58:06,reply,6a2548ec000000003501fa4f,6a266afe0000000028036c47,complete,endpoint_exhausted,0,0,0,wuhan,local_broadband_wuhan,account_wuhan,9343,12,complete,GK2026D1,,
2026-08-21T17:58:06,reply,6a2548ec000000003501fa4f,6a266a280000000028037d2b,complete,endpoint_exhausted,0,1,1,wuhan,local_broadband_wuhan,account_wuhan,9343,12,complete,GK2026D1,,
2026-08-21T17:58:06,reply,6a2548ec000000003501fa4f,6a26686a0000000028008cf1,complete,endpoint_exhausted,0,1,1,wuhan,local_broadband_wuhan,account_wuhan,9343,12,complete,GK2026D1,,
2026-08-21T17:58:06,reply,6a2548ec000000003501fa4f,6a2667ed0000000027014313,complete,endpoint_exhausted,0,0,0,wuhan,local_broadband_wuhan,account_wuhan,9343,12,complete,GK2026D1,,
2026-08-21T17:58:06,reply,6a2548ec000000003501fa4f,6a266793000000002901190b,complete,endpoint_exhausted,0,0,0,wuhan,local_broadband_wuhan,account_wuhan,9343,12,complete,GK2026D1,,
2026-08-21T17:58:06,reply,6a2548ec000000003501fa4f,6a266523000000002702b8d3,complete,endpoint_exhausted,0,0,0,wuhan,local_broadband_wuhan,account_wuhan,9343,12,complete,GK2026D1,,
2026-08-21T17:58:06,reply,6a2548ec000000003501fa4f,6a26645d000000002a004187,complete,endpoint_exhausted,0,1,1,wuhan,local_broadband_wuhan,account_wuhan,9343,12,complete,GK2026D1,,
2026-08-21T17:58:06,reply,6a2548ec000000003501fa4f,6a2664150000000027020ea2,complete,endpoint_exhausted,0,0,0,wuhan,local_broadband_wuhan,account_wuhan,9343,12,complete,GK2026D1,,
2026-08-21T17:58:36,reply,6a2548ec000000003501fa4f,6a266159000000002b0033a9,complete,endpoint_exhausted,1,2,2,wuhan,local_broadband_wuhan,account_wuhan,9343,12,complete,GK2026D1,,
2026-08-21T17:58:36,reply,6a2548ec000000003501fa4f,6a265f440000000028008871,complete,endpoint_exhausted,0,0,0,wuhan,local_broadband_wuhan,account_wuhan,9343,12,complete,GK2026D1,,
2026-08-21T17:59:07,reply,6a2548ec000000003501fa4f,6a265e10000000002702de31,complete,endpoint_exhausted,0,1,1,wuhan,local_broadband_wuhan,account_wuhan,9343,12,complete,GK2026D1,,
2026-08-21T17:59:37,reply,6a2548ec000000003501fa4f,6a26580c0000000029018752,complete,endpoint_exhausted,1,2,2,wuhan,local_broadband_wuhan,account_wuhan,9343,12,complete,GK2026D1,,
2026-08-21T17:59:37,reply,6a2548ec000000003501fa4f,6a2655f2000000002a007174,complete,endpoint_exhausted,0,0,0,wuhan,local_broadband_wuhan,account_wuhan,9343,12,complete,GK2026D1,,
2026-08-21T17:59:37,reply,6a2548ec000000003501fa4f,6a26543e0000000029034680,complete,endpoint_exhausted,0,0,0,wuhan,local_broadband_wuhan,account_wuhan,9343,12,complete,GK2026D1,,
2026-08-21T17:59:37,reply,6a2548ec000000003501fa4f,6a2652dd000000002701d5c1,complete,endpoint_exhausted,0,0,0,wuhan,local_broadband_wuhan,account_wuhan,9343,12,complete,GK2026D1,,
2026-08-21T17:59:37,reply,6a2548ec000000003501fa4f,6a2651ac000000002900fdb1,complete,endpoint_exhausted,0,0,0,wuhan,local_broadband_wuhan,account_wuhan,9343,12,complete,GK2026D1,,
2026-08-21T17:59:37,reply,6a2548ec000000003501fa4f,6a2651a1000000002701796a,complete,endpoint_exhausted,0,0,0,wuhan,local_broadband_wuhan,account_wuhan,9343,12,complete,GK2026D1,,
2026-08-21T17:59:37,reply,6a2548ec000000003501fa4f,6a26518c000000002701d4b3,complete,endpoint_exhausted,0,1,1,wuhan,local_broadband_wuhan,account_wuhan,9343,12,complete,GK2026D1,,
2026-08-21T17:59:37,reply,6a2548ec000000003501fa4f,6a26516b000000002803478d,complete,endpoint_exhausted,0,1,1,wuhan,local_broadband_wuhan,account_wuhan,9343,12,complete,GK2026D1,,
2026-08-21T18:00:07,reply,6a2548ec000000003501fa4f,6a2651130000000027022707,complete,endpoint_exhausted,1,3,3,wuhan,local_broadband_wuhan,account_wuhan,9343,12,complete,GK2026D1,,
2026-08-21T18:00:37,reply,6a2548ec000000003501fa4f,6a26510c000000002903527f,complete,endpoint_exhausted,0,0,0,wuhan,local_broadband_wuhan,account_wuhan,9343,12,complete,GK2026D1,,
2026-08-21T18:01:07,reply,6a2548ec000000003501fa4f,6a2650af000000002803d15a,complete,endpoint_exhausted,1,2,2,wuhan,local_broadband_wuhan,account_wuhan,9343,12,complete,GK2026D1,,
2026-08-21T18:01:07,reply,6a2548ec000000003501fa4f,6a264f5a000000002b02a206,complete,endpoint_exhausted,0,0,0,wuhan,local_broadband_wuhan,account_wuhan,9343,12,complete,GK2026D1,,
2026-08-21T18:01:07,reply,6a2548ec000000003501fa4f,6a264f3e000000002b00111f,complete,endpoint_exhausted,0,0,0,wuhan,local_broadband_wuhan,account_wuhan,9343,12,complete,GK2026D1,,
2026-08-21T18:01:07,reply,6a2548ec000000003501fa4f,6a264f00000000002901b5b2,complete,endpoint_exhausted,0,0,0,wuhan,local_broadband_wuhan,account_wuhan,9343,12,complete,GK2026D1,,
2026-08-21T18:01:07,reply,6a2548ec000000003501fa4f,6a264edd000000002a025330,complete,endpoint_exhausted,0,0,0,wuhan,local_broadband_wuhan,account_wuhan,9343,12,complete,GK2026D1,,
2026-08-21T18:01:07,reply,6a2548ec000000003501fa4f,6a264e92000000002702bd37,complete,endpoint_exhausted,0,0,0,wuhan,local_broadband_wuhan,account_wuhan,9343,12,complete,GK2026D1,,
2026-08-21T18:01:07,reply,6a2548ec000000003501fa4f,6a264e54000000002900d0b3,complete,endpoint_exhausted,0,0,0,wuhan,local_broadband_wuhan,account_wuhan,9343,12,complete,GK2026D1,,
2026-08-21T18:01:07,reply,6a2548ec000000003501fa4f,6a264dad000000002a032ede,complete,endpoint_exhausted,0,0,0,wuhan,local_broadband_wuhan,account_wuhan,9343,12,complete,GK2026D1,,
2026-08-21T18:01:07,reply,6a2548ec000000003501fa4f,6a264d5f000000002a032154,complete,endpoint_exhausted,0,0,0,wuhan,local_broadband_wuhan,account_wuhan,9343,12,complete,GK2026D1,,
2026-08-21T18:01:38,reply,6a2548ec000000003501fa4f,6a264d4d0000000029034297,complete,endpoint_exhausted,0,0,0,wuhan,local_broadband_wuhan,account_wuhan,9343,12,complete,GK2026D1,,
2026-08-21T18:01:38,reply,6a2548ec000000003501fa4f,6a264ccd000000002900c355,complete,endpoint_exhausted,0,1,1,wuhan,local_broadband_wuhan,account_wuhan,9343,12,complete,GK2026D1,,
2026-08-21T18:01:38,reply,6a2548ec000000003501fa4f,6a264c81000000002900f243,complete,endpoint_exhausted,0,0,0,wuhan,local_broadband_wuhan,account_wuhan,9343,12,complete,GK2026D1,,
2026-08-21T18:01:38,reply,6a2548ec000000003501fa4f,6a264c6e000000002701f960,complete,endpoint_exhausted,0,0,0,wuhan,local_broadband_wuhan,account_wuhan,9343,12,complete,GK2026D1,,
2026-08-21T18:01:38,reply,6a2548ec000000003501fa4f,6a264c620000000027022d31,complete,endpoint_exhausted,0,0,0,wuhan,local_broadband_wuhan,account_wuhan,9343,12,complete,GK2026D1,,
2026-08-21T18:01:38,reply,6a2548ec000000003501fa4f,6a264c110000000029011e1f,complete,endpoint_exhausted,0,0,0,wuhan,local_broadband_wuhan,account_wuhan,9343,12,complete,GK2026D1,,
2026-08-21T18:01:38,reply,6a2548ec000000003501fa4f,6a264c0d0000000028036933,complete,endpoint_exhausted,0,0,0,wuhan,local_broadband_wuhan,account_wuhan,9343,12,complete,GK2026D1,,
2026-08-21T18:01:38,reply,6a2548ec000000003501fa4f,6a264ba0000000002b024fd1,complete,endpoint_exhausted,0,0,0,wuhan,local_broadband_wuhan,account_wuhan,9343,12,complete,GK2026D1,,
2026-08-21T18:01:38,reply,6a2548ec000000003501fa4f,6a264b8f000000002803f3e1,complete,endpoint_exhausted,0,0,0,wuhan,local_broadband_wuhan,account_wuhan,9343,12,complete,GK2026D1,,
2026-08-21T18:01:38,reply,6a2548ec000000003501fa4f,6a264b5b000000002a024449,complete,endpoint_exhausted,0,1,1,wuhan,local_broadband_wuhan,account_wuhan,9343,12,complete,GK2026D1,,
2026-08-21T18:02:08,reply,6a2548ec000000003501fa4f,6a264b25000000002902f988,complete,endpoint_exhausted,0,0,0,wuhan,local_broadband_wuhan,account_wuhan,9343,12,complete,GK2026D1,,
2026-08-21T18:02:08,reply,6a2548ec000000003501fa4f,6a264ad4000000002701e073,complete,endpoint_exhausted,0,0,0,wuhan,local_broadband_wuhan,account_wuhan,9343,12,complete,GK2026D1,,
2026-08-21T18:02:08,reply,6a2548ec000000003501fa4f,6a264ab7000000002901878a,complete,endpoint_exhausted,0,0,0,wuhan,local_broadband_wuhan,account_wuhan,9343,12,complete,GK2026D1,,
2026-08-21T18:02:08,reply,6a2548ec000000003501fa4f,6a264aaa000000002b001568,complete,endpoint_exhausted,0,1,1,wuhan,local_broadband_wuhan,account_wuhan,9343,12,complete,GK2026D1,,
2026-08-21T18:02:08,reply,6a2548ec000000003501fa4f,6a2649a50000000029027d74,complete,endpoint_exhausted,0,0,0,wuhan,local_broadband_wuhan,account_wuhan,9343,12,complete,GK2026D1,,
2026-08-21T18:02:08,reply,6a2548ec000000003501fa4f,6a264997000000002900c80c,complete,endpoint_exhausted,0,0,0,wuhan,local_broadband_wuhan,account_wuhan,9343,12,complete,GK2026D1,,
2026-08-21T18:02:08,reply,6a2548ec000000003501fa4f,6a2649950000000027029d94,complete,endpoint_exhausted,0,0,0,wuhan,local_broadband_wuhan,account_wuhan,9343,12,complete,GK2026D1,,
2026-08-21T18:02:08,reply,6a2548ec000000003501fa4f,6a26494d000000002702e0e4,complete,endpoint_exhausted,0,0,0,wuhan,local_broadband_wuhan,account_wuhan,9343,12,complete,GK2026D1,,
2026-08-21T18:02:08,reply,6a2548ec000000003501fa4f,6a2648b5000000002702a88b,complete,endpoint_exhausted,0,0,0,wuhan,local_broadband_wuhan,account_wuhan,9343,12,complete,GK2026D1,,
2026-08-21T18:02:08,reply,6a2548ec000000003501fa4f,6a2648990000000028008156,complete,endpoint_exhausted,0,0,0,wuhan,local_broadband_wuhan,account_wuhan,9343,12,complete,GK2026D1,,
2026-08-21T18:02:38,reply,6a2548ec000000003501fa4f,6a26482e000000002b02acab,complete,endpoint_exhausted,0,0,0,wuhan,local_broadband_wuhan,account_wuhan,9343,12,complete,GK2026D1,,
2026-08-21T18:02:38,reply,6a2548ec000000003501fa4f,6a2647c5000000002902eb89,complete,endpoint_exhausted,0,1,1,wuhan,local_broadband_wuhan,account_wuhan,9343,12,complete,GK2026D1,,
2026-08-21T18:02:38,reply,6a2548ec000000003501fa4f,6a2647b3000000002b026e1a,complete,endpoint_exhausted,0,0,0,wuhan,local_broadband_wuhan,account_wuhan,9343,12,complete,GK2026D1,,
2026-08-21T18:02:38,reply,6a2548ec000000003501fa4f,6a2647a10000000029011b91,complete,endpoint_exhausted,0,1,1,wuhan,local_broadband_wuhan,account_wuhan,9343,12,complete,GK2026D1,,
2026-08-21T18:02:38,reply,6a2548ec000000003501fa4f,6a2647900000000028032bf0,complete,endpoint_exhausted,0,1,1,wuhan,local_broadband_wuhan,account_wuhan,9343,12,complete,GK2026D1,,
2026-08-21T18:02:38,reply,6a2548ec000000003501fa4f,6a264775000000002a0316da,complete,endpoint_exhausted,0,0,0,wuhan,local_broadband_wuhan,account_wuhan,9343,12,complete,GK2026D1,,
2026-08-21T18:02:38,reply,6a2548ec000000003501fa4f,6a264772000000002702f20e,complete,endpoint_exhausted,0,1,1,wuhan,local_broadband_wuhan,account_wuhan,9343,12,complete,GK2026D1,,
2026-08-21T18:02:38,reply,6a2548ec000000003501fa4f,6a264715000000002800af7d,complete,endpoint_exhausted,0,1,1,wuhan,local_broadband_wuhan,account_wuhan,9343,12,complete,GK2026D1,,
2026-08-21T18:02:38,reply,6a2548ec000000003501fa4f,6a2646fd000000002803e8ee,complete,endpoint_exhausted,0,1,1,wuhan,local_broadband_wuhan,account_wuhan,9343,12,complete,GK2026D1,,
2026-08-21T18:02:38,reply,6a2548ec000000003501fa4f,6a2646b3000000002901253d,complete,endpoint_exhausted,0,0,0,wuhan,local_broadband_wuhan,account_wuhan,9343,12,complete,GK2026D1,,
2026-08-21T18:03:09,reply,6a2548ec000000003501fa4f,6a2646a40000000029027c20,complete,endpoint_exhausted,0,0,0,wuhan,local_broadband_wuhan,account_wuhan,9343,12,complete,GK2026D1,,
2026-08-21T18:03:09,reply,6a2548ec000000003501fa4f,6a2645e9000000002702d7ef,complete,endpoint_exhausted,0,0,0,wuhan,local_broadband_wuhan,account_wuhan,9343,12,complete,GK2026D1,,
2026-08-21T18:03:09,reply,6a2548ec000000003501fa4f,6a2644860000000029035a89,complete,endpoint_exhausted,0,0,0,wuhan,local_broadband_wuhan,account_wuhan,9343,12,complete,GK2026D1,,
2026-08-21T18:03:09,reply,6a2548ec000000003501fa4f,6a264447000000002a030ce0,complete,endpoint_exhausted,0,1,1,wuhan,local_broadband_wuhan,account_wuhan,9343,12,complete,GK2026D1,,
2026-08-21T18:03:09,reply,6a2548ec000000003501fa4f,6a2644070000000027029a32,complete,endpoint_exhausted,0,0,0,wuhan,local_broadband_wuhan,account_wuhan,9343,12,complete,GK2026D1,,
2026-08-21T18:03:09,reply,6a2548ec000000003501fa4f,6a2642d70000000029010fca,complete,endpoint_exhausted,0,0,0,wuhan,local_broadband_wuhan,account_wuhan,9343,12,complete,GK2026D1,,
2026-08-21T18:03:09,reply,6a2548ec000000003501fa4f,6a2642c800000000280345c0,complete,endpoint_exhausted,0,1,1,wuhan,local_broadband_wuhan,account_wuhan,9343,12,complete,GK2026D1,,
2026-08-21T18:03:09,reply,6a2548ec000000003501fa4f,6a264269000000002b003f4d,complete,endpoint_exhausted,0,0,0,wuhan,local_broadband_wuhan,account_wuhan,9343,12,complete,GK2026D1,,
2026-08-21T18:03:09,reply,6a2548ec000000003501fa4f,6a2642610000000028030b6b,complete,endpoint_exhausted,0,0,0,wuhan,local_broadband_wuhan,account_wuhan,9343,12,complete,GK2026D1,,
2026-08-21T18:03:09,reply,6a2548ec000000003501fa4f,6a26425f0000000029013765,complete,endpoint_exhausted,0,0,0,wuhan,local_broadband_wuhan,account_wuhan,9343,12,complete,GK2026D1,,
2026-08-21T18:03:39,reply,6a2548ec000000003501fa4f,6a2641e9000000002b027879,complete,endpoint_exhausted,0,0,0,wuhan,local_broadband_wuhan,account_wuhan,9343,12,complete,GK2026D1,,
2026-08-21T18:03:39,reply,6a2548ec000000003501fa4f,6a26415c0000000029013dc9,complete,endpoint_exhausted,0,0,0,wuhan,local_broadband_wuhan,account_wuhan,9343,12,complete,GK2026D1,,
2026-08-21T18:03:39,reply,6a2548ec000000003501fa4f,6a264121000000002a005ba9,complete,endpoint_exhausted,0,1,1,wuhan,local_broadband_wuhan,account_wuhan,9343,12,complete,GK2026D1,,
2026-08-21T18:03:39,reply,6a2548ec000000003501fa4f,6a2640fe00000000290257d5,complete,endpoint_exhausted,0,1,1,wuhan,local_broadband_wuhan,account_wuhan,9343,12,complete,GK2026D1,,
2026-08-21T18:03:39,reply,6a2548ec000000003501fa4f,6a26400c000000002a02f648,complete,endpoint_exhausted,0,1,1,wuhan,local_broadband_wuhan,account_wuhan,9343,12,complete,GK2026D1,,
2026-08-21T18:03:39,reply,6a2548ec000000003501fa4f,6a263fbc0000000028035215,complete,endpoint_exhausted,0,0,0,wuhan,local_broadband_wuhan,account_wuhan,9343,12,complete,GK2026D1,,
2026-08-21T18:03:39,reply,6a2548ec000000003501fa4f,6a263dd9000000002900ff09,complete,endpoint_exhausted,0,0,0,wuhan,local_broadband_wuhan,account_wuhan,9343,12,complete,GK2026D1,,
2026-08-21T18:03:39,reply,6a2548ec000000003501fa4f,6a263d2b000000002900da33,complete,endpoint_exhausted,0,1,1,wuhan,local_broadband_wuhan,account_wuhan,9343,12,complete,GK2026D1,,
2026-08-21T18:03:39,reply,6a2548ec000000003501fa4f,6a263c450000000028031442,complete,endpoint_exhausted,0,0,0,wuhan,local_broadband_wuhan,account_wuhan,9343,12,complete,GK2026D1,,
2026-08-21T18:03:39,reply,6a2548ec000000003501fa4f,6a263bb9000000002a027b0e,complete,endpoint_exhausted,0,1,1,wuhan,local_broadband_wuhan,account_wuhan,9343,12,complete,GK2026D1,,
2026-08-21T18:04:09,reply,6a2548ec000000003501fa4f,6a263b6900000000280327ed,complete,endpoint_exhausted,0,1,1,wuhan,local_broadband_wuhan,account_wuhan,9343,12,complete,GK2026D1,,
2026-08-21T18:04:09,reply,6a2548ec000000003501fa4f,6a263b2d000000002a02fd17,complete,endpoint_exhausted,0,0,0,wuhan,local_broadband_wuhan,account_wuhan,9343,12,complete,GK2026D1,,
2026-08-21T18:04:09,reply,6a2548ec000000003501fa4f,6a263b2d0000000028035d5e,complete,endpoint_exhausted,0,0,0,wuhan,local_broadband_wuhan,account_wuhan,9343,12,complete,GK2026D1,,
2026-08-21T18:04:09,reply,6a2548ec000000003501fa4f,6a263b290000000028035c7d,complete,endpoint_exhausted,0,0,0,wuhan,local_broadband_wuhan,account_wuhan,9343,12,complete,GK2026D1,,
2026-08-21T18:04:09,reply,6a2548ec000000003501fa4f,6a263b250000000029013956,complete,endpoint_exhausted,0,0,0,wuhan,local_broadband_wuhan,account_wuhan,9343,12,complete,GK2026D1,,
2026-08-21T18:04:09,reply,6a2548ec000000003501fa4f,6a263b220000000028035b23,complete,endpoint_exhausted,0,0,0,wuhan,local_broadband_wuhan,account_wuhan,9343,12,complete,GK2026D1,,
2026-08-21T18:04:09,reply,6a2548ec000000003501fa4f,6a263aab000000002900d9c2,complete,endpoint_exhausted,0,0,0,wuhan,local_broadband_wuhan,account_wuhan,9343,12,complete,GK2026D1,,
2026-08-21T18:04:09,reply,6a2548ec000000003501fa4f,6a263a30000000002b027939,complete,endpoint_exhausted,0,0,0,wuhan,local_broadband_wuhan,account_wuhan,9343,12,complete,GK2026D1,,
2026-08-21T18:04:09,reply,6a2548ec000000003501fa4f,6a2639b70000000029012a11,complete,endpoint_exhausted,0,0,0,wuhan,local_broadband_wuhan,account_wuhan,9343,12,complete,GK2026D1,,
2026-08-21T18:04:09,reply,6a2548ec000000003501fa4f,6a2639ab0000000028039974,complete,endpoint_exhausted,0,0,0,wuhan,local_broadband_wuhan,account_wuhan,9343,12,complete,GK2026D1,,
2026-08-21T18:04:39,reply,6a2548ec000000003501fa4f,6a263847000000002b02a253,complete,endpoint_exhausted,0,0,0,wuhan,local_broadband_wuhan,account_wuhan,9343,12,complete,GK2026D1,,
2026-08-21T18:04:39,reply,6a2548ec000000003501fa4f,6a26379b000000002702e472,complete,endpoint_exhausted,0,0,0,wuhan,local_broadband_wuhan,account_wuhan,9343,12,complete,GK2026D1,,
2026-08-21T18:04:39,reply,6a2548ec000000003501fa4f,6a26367c000000002803536c,complete,endpoint_exhausted,0,0,0,wuhan,local_broadband_wuhan,account_wuhan,9343,12,complete,GK2026D1,,
2026-08-21T18:04:39,reply,6a2548ec000000003501fa4f,6a2632ca000000002b02568b,complete,endpoint_exhausted,0,0,0,wuhan,local_broadband_wuhan,account_wuhan,9343,12,complete,GK2026D1,,
2026-08-21T18:04:39,reply,6a2548ec000000003501fa4f,6a26321f000000002b027ce9,complete,endpoint_exhausted,0,0,0,wuhan,local_broadband_wuhan,account_wuhan,9343,12,complete,GK2026D1,,
2026-08-21T18:04:39,reply,6a2548ec000000003501fa4f,6a2631d2000000002b00307d,complete,endpoint_exhausted,0,0,0,wuhan,local_broadband_wuhan,account_wuhan,9343,12,complete,GK2026D1,,
2026-08-21T18:04:39,reply,6a2548ec000000003501fa4f,6a2631a70000000029012a61,complete,endpoint_exhausted,0,0,0,wuhan,local_broadband_wuhan,account_wuhan,9343,12,complete,GK2026D1,,
2026-08-21T18:04:39,reply,6a2548ec000000003501fa4f,6a263192000000002800b942,complete,endpoint_exhausted,0,0,0,wuhan,local_broadband_wuhan,account_wuhan,9343,12,complete,GK2026D1,,
2026-08-21T18:04:39,reply,6a2548ec000000003501fa4f,6a26312d000000002803d236,complete,endpoint_exhausted,0,0,0,wuhan,local_broadband_wuhan,account_wuhan,9343,12,complete,GK2026D1,,
2026-08-21T18:04:39,reply,6a2548ec000000003501fa4f,6a26309600000000290246ca,complete,endpoint_exhausted,0,0,0,wuhan,local_broadband_wuhan,account_wuhan,9343,12,complete,GK2026D1,,
2026-08-21T18:05:10,reply,6a2548ec000000003501fa4f,6a26301e000000002902cba5,complete,endpoint_exhausted,0,0,0,wuhan,local_broadband_wuhan,account_wuhan,9343,12,complete,GK2026D1,,
2026-08-21T18:05:10,reply,6a2548ec000000003501fa4f,6a262f0d000000002803a05b,complete,endpoint_exhausted,0,0,0,wuhan,local_broadband_wuhan,account_wuhan,9343,12,complete,GK2026D1,,
2026-08-21T18:05:10,reply,6a2548ec000000003501fa4f,6a262ceb000000002702f119,complete,endpoint_exhausted,0,0,0,wuhan,local_broadband_wuhan,account_wuhan,9343,12,complete,GK2026D1,,
2026-08-21T18:05:10,reply,6a2548ec000000003501fa4f,6a262c96000000002a0071f9,complete,endpoint_exhausted,0,1,1,wuhan,local_broadband_wuhan,account_wuhan,9343,12,complete,GK2026D1,,
2026-08-21T18:05:10,reply,6a2548ec000000003501fa4f,6a262b8e000000002803f66c,complete,endpoint_exhausted,0,0,0,wuhan,local_broadband_wuhan,account_wuhan,9343,12,complete,GK2026D1,,
2026-08-21T18:05:10,reply,6a2548ec000000003501fa4f,6a262b6b000000002803451a,complete,endpoint_exhausted,0,0,0,wuhan,local_broadband_wuhan,account_wuhan,9343,12,complete,GK2026D1,,
2026-08-21T18:05:10,reply,6a2548ec000000003501fa4f,6a262a3700000000290123a4,complete,endpoint_exhausted,0,0,0,wuhan,local_broadband_wuhan,account_wuhan,9343,12,complete,GK2026D1,,
2026-08-21T18:05:10,reply,6a2548ec000000003501fa4f,6a2629ca00000000270153c3,complete,endpoint_exhausted,0,0,0,wuhan,local_broadband_wuhan,account_wuhan,9343,12,complete,GK2026D1,,
2026-08-21T18:05:10,reply,6a2548ec000000003501fa4f,6a2628ea000000002702e873,complete,endpoint_exhausted,0,1,1,wuhan,local_broadband_wuhan,account_wuhan,9343,12,complete,GK2026D1,,
2026-08-21T18:05:10,reply,6a2548ec000000003501fa4f,6a26289f0000000028037e10,complete,endpoint_exhausted,0,0,0,wuhan,local_broadband_wuhan,account_wuhan,9343,12,complete,GK2026D1,,
2026-08-21T18:05:40,reply,6a2548ec000000003501fa4f,6a262888000000002900edaa,complete,endpoint_exhausted,0,1,1,wuhan,local_broadband_wuhan,account_wuhan,9343,12,complete,GK2026D1,,
2026-08-21T18:05:40,reply,6a2548ec000000003501fa4f,6a26273e000000002702d7db,complete,endpoint_exhausted,0,0,0,wuhan,local_broadband_wuhan,account_wuhan,9343,12,complete,GK2026D1,,
2026-08-21T18:05:40,reply,6a2548ec000000003501fa4f,6a2625cc0000000029027258,complete,endpoint_exhausted,0,1,1,wuhan,local_broadband_wuhan,account_wuhan,9343,12,complete,GK2026D1,,
2026-08-21T18:05:40,reply,6a2548ec000000003501fa4f,6a26259b00000000290341af,complete,endpoint_exhausted,0,0,0,wuhan,local_broadband_wuhan,account_wuhan,9343,12,complete,GK2026D1,,
2026-08-21T18:06:10,reply,6a2548ec000000003501fa4f,6a262565000000002901997d,complete,endpoint_exhausted,1,2,2,wuhan,local_broadband_wuhan,account_wuhan,9343,12,complete,GK2026D1,,
2026-08-21T18:06:10,reply,6a2548ec000000003501fa4f,6a262462000000002803752f,complete,endpoint_exhausted,0,1,1,wuhan,local_broadband_wuhan,account_wuhan,9343,12,complete,GK2026D1,,
2026-08-21T18:06:10,reply,6a2548ec000000003501fa4f,6a26244f000000002a024ca1,complete,endpoint_exhausted,0,0,0,wuhan,local_broadband_wuhan,account_wuhan,9343,12,complete,GK2026D1,,
2026-08-21T18:06:10,reply,6a2548ec000000003501fa4f,6a26237b000000002803383e,complete,endpoint_exhausted,0,1,1,wuhan,local_broadband_wuhan,account_wuhan,9343,12,complete,GK2026D1,,
2026-08-21T18:06:10,reply,6a2548ec000000003501fa4f,6a262134000000002a006161,complete,endpoint_exhausted,0,0,0,wuhan,local_broadband_wuhan,account_wuhan,9343,12,complete,GK2026D1,,
2026-08-21T18:06:10,reply,6a2548ec000000003501fa4f,6a26212e0000000028036353,complete,endpoint_exhausted,0,0,0,wuhan,local_broadband_wuhan,account_wuhan,9343,12,complete,GK2026D1,,
2026-08-21T18:06:40,reply,6a2548ec000000003501fa4f,6a2620f00000000029012ee6,complete,endpoint_exhausted,0,1,1,wuhan,local_broadband_wuhan,account_wuhan,9343,12,complete,GK2026D1,,
2026-08-21T18:06:40,reply,6a2548ec000000003501fa4f,6a2620ac000000002902de44,complete,endpoint_exhausted,0,1,1,wuhan,local_broadband_wuhan,account_wuhan,9343,12,complete,GK2026D1,,
2026-08-21T18:06:40,reply,6a2548ec000000003501fa4f,6a261fa8000000002803bcb3,complete,endpoint_exhausted,0,1,1,wuhan,local_broadband_wuhan,account_wuhan,9343,12,complete,GK2026D1,,
2026-08-21T18:06:40,reply,6a2548ec000000003501fa4f,6a261ecc000000002701cbe1,complete,endpoint_exhausted,0,0,0,wuhan,local_broadband_wuhan,account_wuhan,9343,12,complete,GK2026D1,,
2026-08-21T18:06:40,reply,6a2548ec000000003501fa4f,6a261de3000000002a02d1fe,complete,endpoint_exhausted,0,1,1,wuhan,local_broadband_wuhan,account_wuhan,9343,12,complete,GK2026D1,,
2026-08-21T18:06:40,reply,6a2548ec000000003501fa4f,6a261d6b0000000027029170,complete,endpoint_exhausted,0,0,0,wuhan,local_broadband_wuhan,account_wuhan,9343,12,complete,GK2026D1,,
2026-08-21T18:06:40,reply,6a2548ec000000003501fa4f,6a261d480000000028008202,complete,endpoint_exhausted,0,0,0,wuhan,local_broadband_wuhan,account_wuhan,9343,12,complete,GK2026D1,,
2026-08-21T18:07:10,reply,6a2548ec000000003501fa4f,6a261c13000000002702dc66,complete,endpoint_exhausted,1,3,3,wuhan,local_broadband_wuhan,account_wuhan,9343,12,complete,GK2026D1,,
2026-08-21T18:07:10,reply,6a2548ec000000003501fa4f,6a261b9c000000002a027d68,complete,endpoint_exhausted,0,1,1,wuhan,local_broadband_wuhan,account_wuhan,9343,12,complete,GK2026D1,,
2026-08-21T18:07:10,reply,6a2548ec000000003501fa4f,6a261b51000000002900db99,complete,endpoint_exhausted,0,0,0,wuhan,local_broadband_wuhan,account_wuhan,9343,12,complete,GK2026D1,,
2026-08-21T18:07:41,reply,6a2548ec000000003501fa4f,6a261a25000000002900ee50,complete,endpoint_exhausted,0,1,1,wuhan,local_broadband_wuhan,account_wuhan,9343,12,complete,GK2026D1,,
2026-08-21T18:08:11,reply,6a2548ec000000003501fa4f,6a2619ca0000000027020862,complete,endpoint_exhausted,1,3,3,wuhan,local_broadband_wuhan,account_wuhan,9343,12,complete,GK2026D1,,
2026-08-21T18:08:11,reply,6a2548ec000000003501fa4f,6a26195c000000002a0332d4,complete,endpoint_exhausted,0,0,0,wuhan,local_broadband_wuhan,account_wuhan,9343,12,complete,GK2026D1,,
2026-08-21T18:08:11,reply,6a2548ec000000003501fa4f,6a261879000000002702d05f,complete,endpoint_exhausted,0,0,0,wuhan,local_broadband_wuhan,account_wuhan,9343,12,complete,GK2026D1,,
2026-08-21T18:08:11,reply,6a2548ec000000003501fa4f,6a261674000000002701c4b7,complete,endpoint_exhausted,0,1,1,wuhan,local_broadband_wuhan,account_wuhan,9343,12,complete,GK2026D1,,
2026-08-21T18:08:11,reply,6a2548ec000000003501fa4f,6a26166c000000002803db6b,complete,endpoint_exhausted,0,0,0,wuhan,local_broadband_wuhan,account_wuhan,9343,12,complete,GK2026D1,,
2026-08-21T18:08:11,reply,6a2548ec000000003501fa4f,6a26137b000000002701dc59,complete,endpoint_exhausted,0,0,0,wuhan,local_broadband_wuhan,account_wuhan,9343,12,complete,GK2026D1,,
2026-08-21T18:08:11,reply,6a2548ec000000003501fa4f,6a261377000000002a0306f7,complete,endpoint_exhausted,0,0,0,wuhan,local_broadband_wuhan,account_wuhan,9343,12,complete,GK2026D1,,
2026-08-21T18:08:11,reply,6a2548ec000000003501fa4f,6a2612ee000000002701c98f,complete,endpoint_exhausted,0,0,0,wuhan,local_broadband_wuhan,account_wuhan,9343,12,complete,GK2026D1,,
2026-08-21T18:08:41,reply,6a2548ec000000003501fa4f,6a261254000000002803ccdd,complete,endpoint_exhausted,1,4,4,wuhan,local_broadband_wuhan,account_wuhan,9343,12,complete,GK2026D1,,
2026-08-21T18:09:11,reply,6a2548ec000000003501fa4f,6a26123d00000000290191f4,complete,endpoint_exhausted,0,0,0,wuhan,local_broadband_wuhan,account_wuhan,9343,12,complete,GK2026D1,,
2026-08-21T18:09:11,reply,6a2548ec000000003501fa4f,6a261237000000002701745a,complete,endpoint_exhausted,0,0,0,wuhan,local_broadband_wuhan,account_wuhan,9343,12,complete,GK2026D1,,
2026-08-21T18:09:11,reply,6a2548ec000000003501fa4f,6a26110600000000210121f9,complete,endpoint_exhausted,0,0,0,wuhan,local_broadband_wuhan,account_wuhan,9343,12,complete,GK2026D1,,
2026-08-21T18:09:11,reply,6a2548ec000000003501fa4f,6a261012000000002900f086,complete,endpoint_exhausted,0,1,1,wuhan,local_broadband_wuhan,account_wuhan,9343,12,complete,GK2026D1,,
2026-08-21T18:09:11,reply,6a2548ec000000003501fa4f,6a260fda0000000029010f96,complete,endpoint_exhausted,0,1,1,wuhan,local_broadband_wuhan,account_wuhan,9343,12,complete,GK2026D1,,
2026-08-21T18:09:11,reply,6a2548ec000000003501fa4f,6a260dfb000000002803a8e3,complete,endpoint_exhausted,0,0,0,wuhan,local_broadband_wuhan,account_wuhan,9343,12,complete,GK2026D1,,
2026-08-21T18:09:11,reply,6a2548ec000000003501fa4f,6a260d9b000000002b0261e3,complete,endpoint_exhausted,0,0,0,wuhan,local_broadband_wuhan,account_wuhan,9343,12,complete,GK2026D1,,
2026-08-21T18:09:11,reply,6a2548ec000000003501fa4f,6a260d8e000000002702c0b6,complete,endpoint_exhausted,0,0,0,wuhan,local_broadband_wuhan,account_wuhan,9343,12,complete,GK2026D1,,
2026-08-21T18:09:11,reply,6a2548ec000000003501fa4f,6a260d7d000000002a00760d,complete,endpoint_exhausted,0,1,1,wuhan,local_broadband_wuhan,account_wuhan,9343,12,complete,GK2026D1,,
2026-08-21T18:09:11,reply,6a2548ec000000003501fa4f,6a260d2d000000002702b6ba,complete,endpoint_exhausted,0,0,0,wuhan,local_broadband_wuhan,account_wuhan,9343,12,complete,GK2026D1,,
2026-08-21T18:09:42,reply,6a2548ec000000003501fa4f,6a260cbb000000002900c734,complete,endpoint_exhausted,0,1,1,wuhan,local_broadband_wuhan,account_wuhan,9343,12,complete,GK2026D1,,
2026-08-21T18:09:42,reply,6a2548ec000000003501fa4f,6a260c35000000002a031751,complete,endpoint_exhausted,0,0,0,wuhan,local_broadband_wuhan,account_wuhan,9343,12,complete,GK2026D1,,
2026-08-21T18:09:42,reply,6a2548ec000000003501fa4f,6a260bcc0000000027022460,complete,endpoint_exhausted,0,0,0,wuhan,local_broadband_wuhan,account_wuhan,9343,12,complete,GK2026D1,,
2026-08-21T18:09:42,reply,6a2548ec000000003501fa4f,6a26092c0000000029010437,complete,endpoint_exhausted,0,0,0,wuhan,local_broadband_wuhan,account_wuhan,9343,12,complete,GK2026D1,,
2026-08-21T18:09:42,reply,6a2548ec000000003501fa4f,6a26071a0000000027015f5a,complete,endpoint_exhausted,0,0,0,wuhan,local_broadband_wuhan,account_wuhan,9343,12,complete,GK2026D1,,
2026-08-21T18:09:42,reply,6a2548ec000000003501fa4f,6a2605fe000000002b02891b,complete,endpoint_exhausted,0,0,0,wuhan,local_broadband_wuhan,account_wuhan,9343,12,complete,GK2026D1,,
2026-08-21T18:09:42,reply,6a2548ec000000003501fa4f,6a26058c000000002b028270,complete,endpoint_exhausted,0,1,1,wuhan,local_broadband_wuhan,account_wuhan,9343,12,complete,GK2026D1,,
2026-08-21T18:09:42,reply,6a2548ec000000003501fa4f,6a26018c0000000028030ace,complete,endpoint_exhausted,0,1,1,wuhan,local_broadband_wuhan,account_wuhan,9343,12,complete,GK2026D1,,
2026-08-21T18:09:42,reply,6a2548ec000000003501fa4f,6a26012700000000270220ec,complete,endpoint_exhausted,0,0,0,wuhan,local_broadband_wuhan,account_wuhan,9343,12,complete,GK2026D1,,
2026-08-21T18:09:42,reply,6a2548ec000000003501fa4f,6a25ff65000000002702aae1,complete,endpoint_exhausted,0,0,0,wuhan,local_broadband_wuhan,account_wuhan,9343,12,complete,GK2026D1,,
2026-08-21T18:10:12,reply,6a2548ec000000003501fa4f,6a25f7b800000000280325cd,complete,endpoint_exhausted,0,0,0,wuhan,local_broadband_wuhan,account_wuhan,9343,12,complete,GK2026D1,,
2026-08-21T18:10:12,reply,6a2548ec000000003501fa4f,6a25f53a000000002b02b48d,complete,endpoint_exhausted,0,0,0,wuhan,local_broadband_wuhan,account_wuhan,9343,12,complete,GK2026D1,,
2026-08-21T18:10:12,reply,6a2548ec000000003501fa4f,6a25f51400000000290244ed,complete,endpoint_exhausted,0,0,0,wuhan,local_broadband_wuhan,account_wuhan,9343,12,complete,GK2026D1,,
2026-08-21T18:10:12,reply,6a2548ec000000003501fa4f,6a25f4fe000000002803c552,complete,endpoint_exhausted,0,0,0,wuhan,local_broadband_wuhan,account_wuhan,9343,12,complete,GK2026D1,,
2026-08-21T18:10:12,reply,6a2548ec000000003501fa4f,6a25f0770000000027029fb2,complete,endpoint_exhausted,0,0,0,wuhan,local_broadband_wuhan,account_wuhan,9343,12,complete,GK2026D1,,
2026-08-21T18:10:12,reply,6a2548ec000000003501fa4f,6a25e888000000002900ffbd,complete,endpoint_exhausted,0,0,0,wuhan,local_broadband_wuhan,account_wuhan,9343,12,complete,GK2026D1,,
2026-08-21T18:10:12,reply,6a2548ec000000003501fa4f,6a25d33a000000002701e81a,complete,endpoint_exhausted,0,1,1,wuhan,local_broadband_wuhan,account_wuhan,9343,12,complete,GK2026D1,,
2026-08-21T18:10:12,reply,6a2548ec000000003501fa4f,6a25c5890000000028038bb2,complete,endpoint_exhausted,0,0,0,wuhan,local_broadband_wuhan,account_wuhan,9343,12,complete,GK2026D1,,
2026-08-21T18:10:12,reply,6a2548ec000000003501fa4f,6a25c1830000000028037b8e,complete,endpoint_exhausted,0,0,0,wuhan,local_broadband_wuhan,account_wuhan,9343,12,complete,GK2026D1,,
2026-08-21T18:10:12,reply,6a2548ec000000003501fa4f,6a25bf9a000000002b0030b1,complete,endpoint_exhausted,0,0,0,wuhan,local_broadband_wuhan,account_wuhan,9343,12,complete,GK2026D1,,
2026-08-21T18:10:42,reply,6a2548ec000000003501fa4f,6a25bd52000000002a032c69,complete,endpoint_exhausted,0,1,1,wuhan,local_broadband_wuhan,account_wuhan,9343,12,complete,GK2026D1,,
2026-08-21T18:10:42,reply,6a2548ec000000003501fa4f,6a25bd160000000027015d7e,complete,endpoint_exhausted,0,1,1,wuhan,local_broadband_wuhan,account_wuhan,9343,12,complete,GK2026D1,,
2026-08-21T18:10:42,reply,6a2548ec000000003501fa4f,6a25bcfa00000000280315a3,complete,endpoint_exhausted,0,1,1,wuhan,local_broadband_wuhan,account_wuhan,9343,12,complete,GK2026D1,,
2026-08-21T18:10:42,reply,6a2548ec000000003501fa4f,6a25baa2000000002803749b,complete,endpoint_exhausted,0,0,0,wuhan,local_broadband_wuhan,account_wuhan,9343,12,complete,GK2026D1,,
2026-08-21T18:10:42,reply,6a2548ec000000003501fa4f,6a25b895000000002a02e3a9,complete,endpoint_exhausted,0,0,0,wuhan,local_broadband_wuhan,account_wuhan,9343,12,complete,GK2026D1,,
2026-08-21T18:10:42,reply,6a2548ec000000003501fa4f,6a25b7f2000000002902e13e,complete,endpoint_exhausted,0,0,0,wuhan,local_broadband_wuhan,account_wuhan,9343,12,complete,GK2026D1,,
2026-08-21T18:10:42,reply,6a2548ec000000003501fa4f,6a25b6d9000000002803b6a1,complete,endpoint_exhausted,0,0,0,wuhan,local_broadband_wuhan,account_wuhan,9343,12,complete,GK2026D1,,
2026-08-21T18:10:42,reply,6a2548ec000000003501fa4f,6a25b513000000002900d6ab,complete,endpoint_exhausted,0,0,0,wuhan,local_broadband_wuhan,account_wuhan,9343,12,complete,GK2026D1,,
2026-08-21T18:10:42,reply,6a2548ec000000003501fa4f,6a25b41e00000000270207c3,complete,endpoint_exhausted,0,0,0,wuhan,local_broadband_wuhan,account_wuhan,9343,12,complete,GK2026D1,,
2026-08-21T18:10:42,reply,6a2548ec000000003501fa4f,6a25b394000000002803d60e,complete,endpoint_exhausted,0,1,1,wuhan,local_broadband_wuhan,account_wuhan,9343,12,complete,GK2026D1,,
2026-08-21T18:11:12,reply,6a2548ec000000003501fa4f,6a25b22d00000000290355fa,complete,endpoint_exhausted,0,0,0,wuhan,local_broadband_wuhan,account_wuhan,9343,12,complete,GK2026D1,,
2026-08-21T18:11:12,reply,6a2548ec000000003501fa4f,6a25b0c3000000002b029e61,complete,endpoint_exhausted,0,0,0,wuhan,local_broadband_wuhan,account_wuhan,9343,12,complete,GK2026D1,,
2026-08-21T18:11:12,reply,6a2548ec000000003501fa4f,6a25b033000000002800a66e,complete,endpoint_exhausted,0,0,0,wuhan,local_broadband_wuhan,account_wuhan,9343,12,complete,GK2026D1,,
2026-08-21T18:11:12,reply,6a2548ec000000003501fa4f,6a25afd3000000002902c6dd,complete,endpoint_exhausted,0,0,0,wuhan,local_broadband_wuhan,account_wuhan,9343,12,complete,GK2026D1,,
2026-08-21T18:11:42,reply,6a2548ec000000003501fa4f,6a25afc8000000002902c63e,complete,endpoint_exhausted,1,2,2,wuhan,local_broadband_wuhan,account_wuhan,9343,12,complete,GK2026D1,,
2026-08-21T18:11:42,reply,6a2548ec000000003501fa4f,6a25afc0000000002b028fc2,complete,endpoint_exhausted,0,0,0,wuhan,local_broadband_wuhan,account_wuhan,9343,12,complete,GK2026D1,,
2026-08-21T18:11:42,reply,6a2548ec000000003501fa4f,6a25af7e000000002902c2d2,complete,endpoint_exhausted,0,0,0,wuhan,local_broadband_wuhan,account_wuhan,9343,12,complete,GK2026D1,,
2026-08-21T18:11:42,reply,6a2548ec000000003501fa4f,6a25af27000000002a02fb32,complete,endpoint_exhausted,0,0,0,wuhan,local_broadband_wuhan,account_wuhan,9343,12,complete,GK2026D1,,
2026-08-21T18:11:42,reply,6a2548ec000000003501fa4f,6a25ade8000000002b02b3f7,complete,endpoint_exhausted,0,0,0,wuhan,local_broadband_wuhan,account_wuhan,9343,12,complete,GK2026D1,,
2026-08-21T18:11:42,reply,6a2548ec000000003501fa4f,6a25ac540000000027029803,complete,endpoint_exhausted,0,0,0,wuhan,local_broadband_wuhan,account_wuhan,9343,12,complete,GK2026D1,,
2026-08-21T18:12:13,reply,6a2548ec000000003501fa4f,6a25ac0f000000002a0079ed,complete,endpoint_exhausted,0,0,0,wuhan,local_broadband_wuhan,account_wuhan,9343,12,complete,GK2026D1,,
2026-08-21T18:12:13,reply,6a2548ec000000003501fa4f,6a25abd4000000002900f70a,complete,endpoint_exhausted,0,1,1,wuhan,local_broadband_wuhan,account_wuhan,9343,12,complete,GK2026D1,,
2026-08-21T18:12:13,reply,6a2548ec000000003501fa4f,6a25ab1d000000002a02767c,complete,endpoint_exhausted,0,0,0,wuhan,local_broadband_wuhan,account_wuhan,9343,12,complete,GK2026D1,,
2026-08-21T18:12:13,reply,6a2548ec000000003501fa4f,6a25a8f100000000290245b4,complete,endpoint_exhausted,0,1,1,wuhan,local_broadband_wuhan,account_wuhan,9343,12,complete,GK2026D1,,
2026-08-21T18:12:13,reply,6a2548ec000000003501fa4f,6a25a89d0000000028037aac,complete,endpoint_exhausted,0,0,0,wuhan,local_broadband_wuhan,account_wuhan,9343,12,complete,GK2026D1,,
2026-08-21T18:12:13,reply,6a2548ec000000003501fa4f,6a25a8980000000028008ff7,complete,endpoint_exhausted,0,1,1,wuhan,local_broadband_wuhan,account_wuhan,9343,12,complete,GK2026D1,,
2026-08-21T18:12:13,reply,6a2548ec000000003501fa4f,6a25a7a0000000002a027cda,complete,endpoint_exhausted,0,0,0,wuhan,local_broadband_wuhan,account_wuhan,9343,12,complete,GK2026D1,,
2026-08-21T18:12:13,reply,6a2548ec000000003501fa4f,6a25a74f000000002803948b,complete,endpoint_exhausted,0,0,0,wuhan,local_broadband_wuhan,account_wuhan,9343,12,complete,GK2026D1,,
2026-08-21T18:12:13,reply,6a2548ec000000003501fa4f,6a25a68a0000000027015f54,complete,endpoint_exhausted,0,1,1,wuhan,local_broadband_wuhan,account_wuhan,9343,12,complete,GK2026D1,,
2026-08-21T18:12:13,reply,6a2548ec000000003501fa4f,6a25a65e0000000028031ec0,complete,endpoint_exhausted,0,0,0,wuhan,local_broadband_wuhan,account_wuhan,9343,12,complete,GK2026D1,,
2026-08-21T18:12:43,reply,6a2548ec000000003501fa4f,6a25a64800000000280343f4,complete,endpoint_exhausted,0,0,0,wuhan,local_broadband_wuhan,account_wuhan,9343,12,complete,GK2026D1,,
2026-08-21T18:12:43,reply,6a2548ec000000003501fa4f,6a25a5bb000000002702f912,complete,endpoint_exhausted,0,0,0,wuhan,local_broadband_wuhan,account_wuhan,9343,12,complete,GK2026D1,,
2026-08-21T18:12:43,reply,6a2548ec000000003501fa4f,6a25a542000000002a02519d,complete,endpoint_exhausted,0,1,1,wuhan,local_broadband_wuhan,account_wuhan,9343,12,complete,GK2026D1,,
2026-08-21T18:12:43,reply,6a2548ec000000003501fa4f,6a25a461000000002a00747a,complete,endpoint_exhausted,0,0,0,wuhan,local_broadband_wuhan,account_wuhan,9343,12,complete,GK2026D1,,
2026-08-21T18:12:43,reply,6a2548ec000000003501fa4f,6a25a3ea0000000027015928,complete,endpoint_exhausted,0,0,0,wuhan,local_broadband_wuhan,account_wuhan,9343,12,complete,GK2026D1,,
2026-08-21T18:12:43,reply,6a2548ec000000003501fa4f,6a25a3d2000000002a032207,complete,endpoint_exhausted,0,1,1,wuhan,local_broadband_wuhan,account_wuhan,9343,12,complete,GK2026D1,,
2026-08-21T18:12:43,reply,6a2548ec000000003501fa4f,6a25a2e90000000027022682,complete,endpoint_exhausted,0,0,0,wuhan,local_broadband_wuhan,account_wuhan,9343,12,complete,GK2026D1,,
2026-08-21T18:13:13,reply,6a2548ec000000003501fa4f,6a25a293000000002803948d,complete,endpoint_exhausted,1,2,2,wuhan,local_broadband_wuhan,account_wuhan,9343,12,complete,GK2026D1,,
2026-08-21T18:13:13,reply,6a2548ec000000003501fa4f,6a25a236000000002a03034a,complete,endpoint_exhausted,0,0,0,wuhan,local_broadband_wuhan,account_wuhan,9343,12,complete,GK2026D1,,
2026-08-21T18:13:13,reply,6a2548ec000000003501fa4f,6a259fb8000000002901a935,complete,endpoint_exhausted,0,0,0,wuhan,local_broadband_wuhan,account_wuhan,9343,12,complete,GK2026D1,,
2026-08-21T18:13:43,reply,6a2548ec000000003501fa4f,6a259f130000000028030b3b,complete,endpoint_exhausted,0,0,0,wuhan,local_broadband_wuhan,account_wuhan,9343,12,complete,GK2026D1,,
2026-08-21T18:13:43,reply,6a2548ec000000003501fa4f,6a259efb0000000027017ff6,complete,endpoint_exhausted,0,1,1,wuhan,local_broadband_wuhan,account_wuhan,9343,12,complete,GK2026D1,,
2026-08-21T18:13:43,reply,6a2548ec000000003501fa4f,6a259e300000000028032e1b,complete,endpoint_exhausted,0,1,1,wuhan,local_broadband_wuhan,account_wuhan,9343,12,complete,GK2026D1,,
2026-08-21T18:13:43,reply,6a2548ec000000003501fa4f,6a259de4000000002b0288d6,complete,endpoint_exhausted,0,1,1,wuhan,local_broadband_wuhan,account_wuhan,9343,12,complete,GK2026D1,,
2026-08-21T18:13:43,reply,6a2548ec000000003501fa4f,6a259dd1000000002900c729,complete,endpoint_exhausted,0,1,1,wuhan,local_broadband_wuhan,account_wuhan,9343,12,complete,GK2026D1,,
2026-08-21T18:13:43,reply,6a2548ec000000003501fa4f,6a259d8a0000000029010cb1,complete,endpoint_exhausted,0,0,0,wuhan,local_broadband_wuhan,account_wuhan,9343,12,complete,GK2026D1,,
2026-08-21T18:13:43,reply,6a2548ec000000003501fa4f,6a259d08000000002b0038ff,complete,endpoint_exhausted,0,0,0,wuhan,local_broadband_wuhan,account_wuhan,9343,12,complete,GK2026D1,,
2026-08-21T18:13:43,reply,6a2548ec000000003501fa4f,6a259ce70000000027022e11,complete,endpoint_exhausted,0,0,0,wuhan,local_broadband_wuhan,account_wuhan,9343,12,complete,GK2026D1,,
2026-08-21T18:13:43,reply,6a2548ec000000003501fa4f,6a259c6f000000002b02641b,complete,endpoint_exhausted,0,0,0,wuhan,local_broadband_wuhan,account_wuhan,9343,12,complete,GK2026D1,,
2026-08-21T18:13:43,reply,6a2548ec000000003501fa4f,6a259c12000000002a0079cc,complete,endpoint_exhausted,0,0,0,wuhan,local_broadband_wuhan,account_wuhan,9343,12,complete,GK2026D1,,
2026-08-21T18:14:14,reply,6a2548ec000000003501fa4f,6a259b5b0000000028030e08,complete,endpoint_exhausted,0,0,0,wuhan,local_broadband_wuhan,account_wuhan,9343,12,complete,GK2026D1,,
2026-08-21T18:14:14,reply,6a2548ec000000003501fa4f,6a259b45000000002a0277c3,complete,endpoint_exhausted,0,1,1,wuhan,local_broadband_wuhan,account_wuhan,9343,12,complete,GK2026D1,,
2026-08-21T18:14:14,reply,6a2548ec000000003501fa4f,6a259a8f000000002900d47f,complete,endpoint_exhausted,0,0,0,wuhan,local_broadband_wuhan,account_wuhan,9343,12,complete,GK2026D1,,
2026-08-21T18:14:14,reply,6a2548ec000000003501fa4f,6a259a1b000000002701d67c,complete,endpoint_exhausted,0,0,0,wuhan,local_broadband_wuhan,account_wuhan,9343,12,complete,GK2026D1,,
2026-08-21T18:14:14,reply,6a2548ec000000003501fa4f,6a2599e00000000028037fad,complete,endpoint_exhausted,0,0,0,wuhan,local_broadband_wuhan,account_wuhan,9343,12,complete,GK2026D1,,
2026-08-21T18:14:14,reply,6a2548ec000000003501fa4f,6a2599b80000000028037992,complete,endpoint_exhausted,0,0,0,wuhan,local_broadband_wuhan,account_wuhan,9343,12,complete,GK2026D1,,
2026-08-21T18:14:14,reply,6a2548ec000000003501fa4f,6a2599ae000000002a0075a0,complete,endpoint_exhausted,0,0,0,wuhan,local_broadband_wuhan,account_wuhan,9343,12,complete,GK2026D1,,
2026-08-21T18:14:14,reply,6a2548ec000000003501fa4f,6a2599aa000000002b0292eb,complete,endpoint_exhausted,0,0,0,wuhan,local_broadband_wuhan,account_wuhan,9343,12,complete,GK2026D1,,
2026-08-21T18:14:14,reply,6a2548ec000000003501fa4f,6a25992d00000000290130dc,complete,endpoint_exhausted,0,1,1,wuhan,local_broadband_wuhan,account_wuhan,9343,12,complete,GK2026D1,,
2026-08-21T18:14:14,reply,6a2548ec000000003501fa4f,6a259863000000002702a3e9,complete,endpoint_exhausted,0,1,1,wuhan,local_broadband_wuhan,account_wuhan,9343,12,complete,GK2026D1,,
2026-08-21T18:15:14,reply,6a2548ec000000003501fa4f,6a2597fa000000002a02d2c0,complete,endpoint_exhausted,1,2,2,wuhan,local_broadband_wuhan,account_wuhan,9343,12,complete,GK2026D1,,
2026-08-21T18:15:14,reply,6a2548ec000000003501fa4f,6a2597c0000000002b002203,complete,endpoint_exhausted,0,0,0,wuhan,local_broadband_wuhan,account_wuhan,9343,12,complete,GK2026D1,,
2026-08-21T18:15:14,reply,6a2548ec000000003501fa4f,6a2597bf000000002900e0db,complete,endpoint_exhausted,0,0,0,wuhan,local_broadband_wuhan,account_wuhan,9343,12,complete,GK2026D1,,
2026-08-21T18:15:14,reply,6a2548ec000000003501fa4f,6a259799000000002a0331e0,complete,endpoint_exhausted,0,0,0,wuhan,local_broadband_wuhan,account_wuhan,9343,12,complete,GK2026D1,,
2026-08-21T18:15:14,reply,6a2548ec000000003501fa4f,6a259786000000002702809d,complete,endpoint_exhausted,0,0,0,wuhan,local_broadband_wuhan,account_wuhan,9343,12,complete,GK2026D1,,
2026-08-21T18:15:14,reply,6a2548ec000000003501fa4f,6a2597650000000027016726,complete,endpoint_exhausted,0,0,0,wuhan,local_broadband_wuhan,account_wuhan,9343,12,complete,GK2026D1,,
2026-08-21T18:15:14,reply,6a2548ec000000003501fa4f,6a2596f4000000002701e0bc,complete,endpoint_exhausted,0,0,0,wuhan,local_broadband_wuhan,account_wuhan,9343,12,complete,GK2026D1,,
2026-08-21T18:15:14,reply,6a2548ec000000003501fa4f,6a2596df000000002b024a50,complete,endpoint_exhausted,0,0,0,wuhan,local_broadband_wuhan,account_wuhan,9343,12,complete,GK2026D1,,
2026-08-21T18:15:14,reply,6a2548ec000000003501fa4f,6a2596d4000000002900f97e,complete,endpoint_exhausted,0,0,0,wuhan,local_broadband_wuhan,account_wuhan,9343,12,complete,GK2026D1,,
2026-08-21T18:15:14,reply,6a2548ec000000003501fa4f,6a2596600000000027023103,complete,endpoint_exhausted,0,0,0,wuhan,local_broadband_wuhan,account_wuhan,9343,12,complete,GK2026D1,,
2026-08-21T18:15:44,reply,6a2548ec000000003501fa4f,6a259612000000002900d933,complete,endpoint_exhausted,0,0,0,wuhan,local_broadband_wuhan,account_wuhan,9343,12,complete,GK2026D1,,
2026-08-21T18:15:44,reply,6a2548ec000000003501fa4f,6a25960b0000000028035fac,complete,endpoint_exhausted,0,0,0,wuhan,local_broadband_wuhan,account_wuhan,9343,12,complete,GK2026D1,,
2026-08-21T18:15:44,reply,6a2548ec000000003501fa4f,6a2595f1000000002a02cfae,complete,endpoint_exhausted,0,0,0,wuhan,local_broadband_wuhan,account_wuhan,9343,12,complete,GK2026D1,,
2026-08-21T18:15:44,reply,6a2548ec000000003501fa4f,6a2595ab000000002702b2cc,complete,endpoint_exhausted,0,0,0,wuhan,local_broadband_wuhan,account_wuhan,9343,12,complete,GK2026D1,,
2026-08-21T18:15:44,reply,6a2548ec000000003501fa4f,6a25958b000000002b001f1d,complete,endpoint_exhausted,0,1,1,wuhan,local_broadband_wuhan,account_wuhan,9343,12,complete,GK2026D1,,
2026-08-21T18:15:44,reply,6a2548ec000000003501fa4f,6a259582000000002702cb1c,complete,endpoint_exhausted,0,1,1,wuhan,local_broadband_wuhan,account_wuhan,9343,12,complete,GK2026D1,,
2026-08-21T18:15:44,reply,6a2548ec000000003501fa4f,6a2595720000000029027335,complete,endpoint_exhausted,0,0,0,wuhan,local_broadband_wuhan,account_wuhan,9343,12,complete,GK2026D1,,
2026-08-21T18:15:44,reply,6a2548ec000000003501fa4f,6a2595220000000028038671,complete,endpoint_exhausted,0,0,0,wuhan,local_broadband_wuhan,account_wuhan,9343,12,complete,GK2026D1,,
2026-08-21T18:15:44,reply,6a2548ec000000003501fa4f,6a2595030000000028009ebb,complete,endpoint_exhausted,0,0,0,wuhan,local_broadband_wuhan,account_wuhan,9343,12,complete,GK2026D1,,
2026-08-21T18:15:44,reply,6a2548ec000000003501fa4f,6a2594dc0000000027028db7,complete,endpoint_exhausted,0,1,1,wuhan,local_broadband_wuhan,account_wuhan,9343,12,complete,GK2026D1,,
2026-08-21T18:16:15,reply,6a2548ec000000003501fa4f,6a2594ce000000002b0006b6,complete,endpoint_exhausted,0,0,0,wuhan,local_broadband_wuhan,account_wuhan,9343,12,complete,GK2026D1,,
2026-08-21T18:16:15,reply,6a2548ec000000003501fa4f,6a2594b2000000002a0315e0,complete,endpoint_exhausted,0,1,1,wuhan,local_broadband_wuhan,account_wuhan,9343,12,complete,GK2026D1,,
2026-08-21T18:16:15,reply,6a2548ec000000003501fa4f,6a25946d000000002b003b88,complete,endpoint_exhausted,0,1,1,wuhan,local_broadband_wuhan,account_wuhan,9343,12,complete,GK2026D1,,
2026-08-21T18:16:15,reply,6a2548ec000000003501fa4f,6a2593eb000000002702fc1f,complete,endpoint_exhausted,0,0,0,wuhan,local_broadband_wuhan,account_wuhan,9343,12,complete,GK2026D1,,
2026-08-21T18:16:15,reply,6a2548ec000000003501fa4f,6a2593bd00000000270234d6,complete,endpoint_exhausted,0,0,0,wuhan,local_broadband_wuhan,account_wuhan,9343,12,complete,GK2026D1,,
2026-08-21T18:16:15,reply,6a2548ec000000003501fa4f,6a25938400000000290107b3,complete,endpoint_exhausted,0,0,0,wuhan,local_broadband_wuhan,account_wuhan,9343,12,complete,GK2026D1,,
2026-08-21T18:16:45,reply,6a2548ec000000003501fa4f,6a2593630000000029010171,complete,endpoint_exhausted,1,2,2,wuhan,local_broadband_wuhan,account_wuhan,9343,12,complete,GK2026D1,,
2026-08-21T18:16:45,reply,6a2548ec000000003501fa4f,6a25933c000000002900d689,complete,endpoint_exhausted,0,0,0,wuhan,local_broadband_wuhan,account_wuhan,9343,12,complete,GK2026D1,,
2026-08-21T18:16:45,reply,6a2548ec000000003501fa4f,6a25931c000000002902cbde,complete,endpoint_exhausted,0,0,0,wuhan,local_broadband_wuhan,account_wuhan,9343,12,complete,GK2026D1,,
2026-08-21T18:16:45,reply,6a2548ec000000003501fa4f,6a2592fa0000000027021051,complete,endpoint_exhausted,0,0,0,wuhan,local_broadband_wuhan,account_wuhan,9343,12,complete,GK2026D1,,
2026-08-21T18:17:15,reply,6a2548ec000000003501fa4f,6a2592f80000000028035077,complete,endpoint_exhausted,0,1,1,wuhan,local_broadband_wuhan,account_wuhan,9343,12,complete,GK2026D1,,
2026-08-21T18:17:15,reply,6a2548ec000000003501fa4f,6a2592cf000000002701642c,complete,endpoint_exhausted,0,0,0,wuhan,local_broadband_wuhan,account_wuhan,9343,12,complete,GK2026D1,,
2026-08-21T18:17:15,reply,6a2548ec000000003501fa4f,6a259298000000002900f9f0,complete,endpoint_exhausted,0,0,0,wuhan,local_broadband_wuhan,account_wuhan,9343,12,complete,GK2026D1,,
2026-08-21T18:17:15,reply,6a2548ec000000003501fa4f,6a25927c0000000028037743,complete,endpoint_exhausted,0,1,1,wuhan,local_broadband_wuhan,account_wuhan,9343,12,complete,GK2026D1,,
2026-08-21T18:17:15,reply,6a2548ec000000003501fa4f,6a259201000000002a0251a0,complete,endpoint_exhausted,0,0,0,wuhan,local_broadband_wuhan,account_wuhan,9343,12,complete,GK2026D1,,
2026-08-21T18:17:15,reply,6a2548ec000000003501fa4f,6a2591ef000000002800981c,complete,endpoint_exhausted,0,0,0,wuhan,local_broadband_wuhan,account_wuhan,9343,12,complete,GK2026D1,,
2026-08-21T18:17:15,reply,6a2548ec000000003501fa4f,6a2591dc00000000280094e6,complete,endpoint_exhausted,0,0,0,wuhan,local_broadband_wuhan,account_wuhan,9343,12,complete,GK2026D1,,
2026-08-21T18:17:15,reply,6a2548ec000000003501fa4f,6a2591ba0000000029013291,complete,endpoint_exhausted,0,0,0,wuhan,local_broadband_wuhan,account_wuhan,9343,12,complete,GK2026D1,,
2026-08-21T18:17:15,reply,6a2548ec000000003501fa4f,6a2591ac000000002803511b,complete,endpoint_exhausted,0,0,0,wuhan,local_broadband_wuhan,account_wuhan,9343,12,complete,GK2026D1,,
2026-08-21T18:17:45,reply,6a2548ec000000003501fa4f,6a25917d00000000280346b0,complete,endpoint_exhausted,1,2,2,wuhan,local_broadband_wuhan,account_wuhan,9343,12,complete,GK2026D1,,
2026-08-21T18:18:15,reply,6a2548ec000000003501fa4f,6a2590d70000000029018056,complete,endpoint_exhausted,0,0,0,wuhan,local_broadband_wuhan,account_wuhan,9343,12,complete,GK2026D1,,
2026-08-21T18:18:15,reply,6a2548ec000000003501fa4f,6a259088000000002901b475,complete,endpoint_exhausted,0,0,0,wuhan,local_broadband_wuhan,account_wuhan,9343,12,complete,GK2026D1,,
2026-08-21T18:18:46,reply,6a2548ec000000003501fa4f,6a25902800000000270200b2,complete,endpoint_exhausted,1,3,3,wuhan,local_broadband_wuhan,account_wuhan,9343,12,complete,GK2026D1,,
2026-08-21T18:18:46,reply,6a2548ec000000003501fa4f,6a258fe400000000290375fb,complete,endpoint_exhausted,0,0,0,wuhan,local_broadband_wuhan,account_wuhan,9343,12,complete,GK2026D1,,
2026-08-21T18:18:46,reply,6a2548ec000000003501fa4f,6a258fe0000000002b001a3c,complete,endpoint_exhausted,0,0,0,wuhan,local_broadband_wuhan,account_wuhan,9343,12,complete,GK2026D1,,
2026-08-21T18:18:46,reply,6a2548ec000000003501fa4f,6a258edb0000000029012779,complete,endpoint_exhausted,0,1,1,wuhan,local_broadband_wuhan,account_wuhan,9343,12,complete,GK2026D1,,
2026-08-21T18:18:46,reply,6a2548ec000000003501fa4f,6a258ec9000000002b029947,complete,endpoint_exhausted,0,0,0,wuhan,local_broadband_wuhan,account_wuhan,9343,12,complete,GK2026D1,,
2026-08-21T18:18:46,reply,6a2548ec000000003501fa4f,6a258eac00000000290240ea,complete,endpoint_exhausted,0,1,1,wuhan,local_broadband_wuhan,account_wuhan,9343,12,complete,GK2026D1,,
2026-08-21T18:18:46,reply,6a2548ec000000003501fa4f,6a258ea3000000002803963a,complete,endpoint_exhausted,0,0,0,wuhan,local_broadband_wuhan,account_wuhan,9343,12,complete,GK2026D1,,
2026-08-21T18:18:46,reply,6a2548ec000000003501fa4f,6a258e86000000002803cf26,complete,endpoint_exhausted,0,0,0,wuhan,local_broadband_wuhan,account_wuhan,9343,12,complete,GK2026D1,,
2026-08-21T18:19:16,reply,6a2548ec000000003501fa4f,6a258e4400000000270220e4,complete,endpoint_exhausted,0,0,0,wuhan,local_broadband_wuhan,account_wuhan,9343,12,complete,GK2026D1,,
2026-08-21T18:19:16,reply,6a2548ec000000003501fa4f,6a258e3f000000002702813e,complete,endpoint_exhausted,0,0,0,wuhan,local_broadband_wuhan,account_wuhan,9343,12,complete,GK2026D1,,
2026-08-21T18:19:16,reply,6a2548ec000000003501fa4f,6a258e340000000028030d52,complete,endpoint_exhausted,0,1,1,wuhan,local_broadband_wuhan,account_wuhan,9343,12,complete,GK2026D1,,
2026-08-21T18:19:16,reply,6a2548ec000000003501fa4f,6a258e0300000000270173f8,complete,endpoint_exhausted,0,1,1,wuhan,local_broadband_wuhan,account_wuhan,9343,12,complete,GK2026D1,,
2026-08-21T18:19:16,reply,6a2548ec000000003501fa4f,6a258df10000000027020ff1,complete,endpoint_exhausted,0,0,0,wuhan,local_broadband_wuhan,account_wuhan,9343,12,complete,GK2026D1,,
2026-08-21T18:19:16,reply,6a2548ec000000003501fa4f,6a258dcf00000000270209bb,complete,endpoint_exhausted,0,1,1,wuhan,local_broadband_wuhan,account_wuhan,9343,12,complete,GK2026D1,,
2026-08-21T18:19:16,reply,6a2548ec000000003501fa4f,6a258d3a0000000028036aeb,complete,endpoint_exhausted,0,0,0,wuhan,local_broadband_wuhan,account_wuhan,9343,12,complete,GK2026D1,,
2026-08-21T18:19:16,reply,6a2548ec000000003501fa4f,6a258c87000000002a006a51,complete,endpoint_exhausted,0,0,0,wuhan,local_broadband_wuhan,account_wuhan,9343,12,complete,GK2026D1,,
2026-08-21T18:19:16,reply,6a2548ec000000003501fa4f,6a258bbd000000002b00374a,complete,endpoint_exhausted,0,0,0,wuhan,local_broadband_wuhan,account_wuhan,9343,12,complete,GK2026D1,,
2026-08-21T18:19:16,reply,6a2548ec000000003501fa4f,6a258b50000000002702a1ff,complete,endpoint_exhausted,0,0,0,wuhan,local_broadband_wuhan,account_wuhan,9343,12,complete,GK2026D1,,
2026-08-21T18:19:46,reply,6a2548ec000000003501fa4f,6a258b23000000002a030894,complete,endpoint_exhausted,0,0,0,wuhan,local_broadband_wuhan,account_wuhan,9343,12,complete,GK2026D1,,
2026-08-21T18:19:46,reply,6a2548ec000000003501fa4f,6a258ace000000002701e0f6,complete,endpoint_exhausted,0,0,0,wuhan,local_broadband_wuhan,account_wuhan,9343,12,complete,GK2026D1,,
2026-08-21T18:19:46,reply,6a2548ec000000003501fa4f,6a258ac600000000270228fa,complete,endpoint_exhausted,0,0,0,wuhan,local_broadband_wuhan,account_wuhan,9343,12,complete,GK2026D1,,
2026-08-21T18:19:46,reply,6a2548ec000000003501fa4f,6a258a8b000000002800a3d1,complete,endpoint_exhausted,0,0,0,wuhan,local_broadband_wuhan,account_wuhan,9343,12,complete,GK2026D1,,
2026-08-21T18:19:46,reply,6a2548ec000000003501fa4f,6a2589ef000000002900f4c3,complete,endpoint_exhausted,0,0,0,wuhan,local_broadband_wuhan,account_wuhan,9343,12,complete,GK2026D1,,
2026-08-21T18:19:46,reply,6a2548ec000000003501fa4f,6a2589de0000000028036bc4,complete,endpoint_exhausted,0,1,1,wuhan,local_broadband_wuhan,account_wuhan,9343,12,complete,GK2026D1,,
2026-08-21T18:19:46,reply,6a2548ec000000003501fa4f,6a25894d0000000028030d6e,complete,endpoint_exhausted,0,0,0,wuhan,local_broadband_wuhan,account_wuhan,9343,12,complete,GK2026D1,,
2026-08-21T18:19:46,reply,6a2548ec000000003501fa4f,6a2588cc000000002803da95,complete,endpoint_exhausted,0,1,1,wuhan,local_broadband_wuhan,account_wuhan,9343,12,complete,GK2026D1,,
2026-08-21T18:19:46,reply,6a2548ec000000003501fa4f,6a2587a3000000002800bef2,complete,endpoint_exhausted,0,1,1,wuhan,local_broadband_wuhan,account_wuhan,9343,12,complete,GK2026D1,,
2026-08-21T18:19:46,reply,6a2548ec000000003501fa4f,6a258765000000002a02eb41,complete,endpoint_exhausted,0,0,0,wuhan,local_broadband_wuhan,account_wuhan,9343,12,complete,GK2026D1,,
2026-08-21T18:20:16,reply,6a2548ec000000003501fa4f,6a25869f000000002902fa5a,complete,endpoint_exhausted,0,0,0,wuhan,local_broadband_wuhan,account_wuhan,9343,12,complete,GK2026D1,,
2026-08-21T18:20:16,reply,6a2548ec000000003501fa4f,6a258548000000002a02cb65,complete,endpoint_exhausted,0,0,0,wuhan,local_broadband_wuhan,account_wuhan,9343,12,complete,GK2026D1,,
2026-08-21T18:20:16,reply,6a2548ec000000003501fa4f,6a2584ee000000002702c109,complete,endpoint_exhausted,0,1,1,wuhan,local_broadband_wuhan,account_wuhan,9343,12,complete,GK2026D1,,
2026-08-21T18:20:16,reply,6a2548ec000000003501fa4f,6a2584c70000000029036418,complete,endpoint_exhausted,0,1,1,wuhan,local_broadband_wuhan,account_wuhan,9343,12,complete,GK2026D1,,
2026-08-21T18:20:16,reply,6a2548ec000000003501fa4f,6a2584a90000000028036b27,complete,endpoint_exhausted,0,0,0,wuhan,local_broadband_wuhan,account_wuhan,9343,12,complete,GK2026D1,,
2026-08-21T18:20:16,reply,6a2548ec000000003501fa4f,6a258474000000002701f4fc,complete,endpoint_exhausted,0,0,0,wuhan,local_broadband_wuhan,account_wuhan,9343,12,complete,GK2026D1,,
2026-08-21T18:20:16,reply,6a2548ec000000003501fa4f,6a2583e20000000029019860,complete,endpoint_exhausted,0,0,0,wuhan,local_broadband_wuhan,account_wuhan,9343,12,complete,GK2026D1,,
2026-08-21T18:20:16,reply,6a2548ec000000003501fa4f,6a258353000000002701ee07,complete,endpoint_exhausted,0,0,0,wuhan,local_broadband_wuhan,account_wuhan,9343,12,complete,GK2026D1,,
2026-08-21T18:20:16,reply,6a2548ec000000003501fa4f,6a258257000000002a02c5f4,complete,endpoint_exhausted,0,0,0,wuhan,local_broadband_wuhan,account_wuhan,9343,12,complete,GK2026D1,,
2026-08-21T18:20:16,reply,6a2548ec000000003501fa4f,6a2581fd00000000280321b4,complete,endpoint_exhausted,0,0,0,wuhan,local_broadband_wuhan,account_wuhan,9343,12,complete,GK2026D1,,
2026-08-21T18:20:47,reply,6a2548ec000000003501fa4f,6a257ed50000000029012e65,complete,endpoint_exhausted,0,0,0,wuhan,local_broadband_wuhan,account_wuhan,9343,12,complete,GK2026D1,,
2026-08-21T18:20:47,reply,6a2548ec000000003501fa4f,6a257e5500000000270232c7,complete,endpoint_exhausted,0,0,0,wuhan,local_broadband_wuhan,account_wuhan,9343,12,complete,GK2026D1,,
2026-08-21T18:20:47,reply,6a2548ec000000003501fa4f,6a257d69000000002900d98b,complete,endpoint_exhausted,0,0,0,wuhan,local_broadband_wuhan,account_wuhan,9343,12,complete,GK2026D1,,
2026-08-21T18:20:47,reply,6a2548ec000000003501fa4f,6a257cfc000000002800bce3,complete,endpoint_exhausted,0,0,0,wuhan,local_broadband_wuhan,account_wuhan,9343,12,complete,GK2026D1,,
2026-08-21T18:21:17,reply,6a2548ec000000003501fa4f,6a257bf7000000002b02404d,complete,endpoint_exhausted,1,2,2,wuhan,local_broadband_wuhan,account_wuhan,9343,12,complete,GK2026D1,,
2026-08-21T18:21:17,reply,6a2548ec000000003501fa4f,6a257b47000000002a033239,complete,endpoint_exhausted,0,0,0,wuhan,local_broadband_wuhan,account_wuhan,9343,12,complete,GK2026D1,,
2026-08-21T18:21:17,reply,6a2548ec000000003501fa4f,6a257b280000000028037103,complete,endpoint_exhausted,0,1,1,wuhan,local_broadband_wuhan,account_wuhan,9343,12,complete,GK2026D1,,
2026-08-21T18:21:17,reply,6a2548ec000000003501fa4f,6a257af90000000029037bd4,complete,endpoint_exhausted,0,0,0,wuhan,local_broadband_wuhan,account_wuhan,9343,12,complete,GK2026D1,,
2026-08-21T18:21:17,reply,6a2548ec000000003501fa4f,6a257a96000000002900d756,complete,endpoint_exhausted,0,0,0,wuhan,local_broadband_wuhan,account_wuhan,9343,12,complete,GK2026D1,,
2026-08-21T18:21:17,reply,6a2548ec000000003501fa4f,6a257a6c000000002902c8c8,complete,endpoint_exhausted,0,0,0,wuhan,local_broadband_wuhan,account_wuhan,9343,12,complete,GK2026D1,,
2026-08-21T18:21:47,reply,6a2548ec000000003501fa4f,6a257a61000000002b02b15b,complete,endpoint_exhausted,0,0,0,wuhan,local_broadband_wuhan,account_wuhan,9343,12,complete,GK2026D1,,
2026-08-21T18:21:47,reply,6a2548ec000000003501fa4f,6a2579f30000000027020e6c,complete,endpoint_exhausted,0,1,1,wuhan,local_broadband_wuhan,account_wuhan,9343,12,complete,GK2026D1,,
2026-08-21T18:21:47,reply,6a2548ec000000003501fa4f,6a2579e3000000002803b2ee,complete,endpoint_exhausted,0,0,0,wuhan,local_broadband_wuhan,account_wuhan,9343,12,complete,GK2026D1,,
2026-08-21T18:21:47,reply,6a2548ec000000003501fa4f,6a2579890000000027015382,complete,endpoint_exhausted,0,0,0,wuhan,local_broadband_wuhan,account_wuhan,9343,12,complete,GK2026D1,,
2026-08-21T18:21:47,reply,6a2548ec000000003501fa4f,6a257913000000002901bdcb,complete,endpoint_exhausted,0,1,1,wuhan,local_broadband_wuhan,account_wuhan,9343,12,complete,GK2026D1,,
2026-08-21T18:21:47,reply,6a2548ec000000003501fa4f,6a25772a000000002702fa48,complete,endpoint_exhausted,0,1,1,wuhan,local_broadband_wuhan,account_wuhan,9343,12,complete,GK2026D1,,
2026-08-21T18:21:47,reply,6a2548ec000000003501fa4f,6a25769b000000002900cf6f,complete,endpoint_exhausted,0,0,0,wuhan,local_broadband_wuhan,account_wuhan,9343,12,complete,GK2026D1,,
2026-08-21T18:21:47,reply,6a2548ec000000003501fa4f,6a257560000000002a024465,complete,endpoint_exhausted,0,1,1,wuhan,local_broadband_wuhan,account_wuhan,9343,12,complete,GK2026D1,,
2026-08-21T18:21:47,reply,6a2548ec000000003501fa4f,6a257360000000002b0258fe,complete,endpoint_exhausted,0,0,0,wuhan,local_broadband_wuhan,account_wuhan,9343,12,complete,GK2026D1,,
2026-08-21T18:21:47,reply,6a2548ec000000003501fa4f,6a256f42000000002702efd3,complete,endpoint_exhausted,0,0,0,wuhan,local_broadband_wuhan,account_wuhan,9343,12,complete,GK2026D1,,
2026-08-21T18:22:17,reply,6a2548ec000000003501fa4f,6a256eaf000000002701f536,complete,endpoint_exhausted,0,0,0,wuhan,local_broadband_wuhan,account_wuhan,9343,12,complete,GK2026D1,,
2026-08-21T18:22:17,reply,6a2548ec000000003501fa4f,6a256d1e000000002b029068,complete,endpoint_exhausted,0,0,0,wuhan,local_broadband_wuhan,account_wuhan,9343,12,complete,GK2026D1,,
2026-08-21T18:22:17,reply,6a2548ec000000003501fa4f,6a2563ff000000002902cd85,complete,endpoint_exhausted,0,0,0,wuhan,local_broadband_wuhan,account_wuhan,9343,12,complete,GK2026D1,,
2026-08-21T18:22:17,reply,6a2548ec000000003501fa4f,6a255ac5000000002800a391,complete,endpoint_exhausted,0,0,0,wuhan,local_broadband_wuhan,account_wuhan,9343,12,complete,GK2026D1,,
2026-08-21T18:22:17,reply,6a2548ec000000003501fa4f,6a2558e4000000002702fc78,complete,endpoint_exhausted,0,0,0,wuhan,local_broadband_wuhan,account_wuhan,9343,12,complete,GK2026D1,,
2026-08-21T18:22:17,reply,6a2548ec000000003501fa4f,6a255785000000002a025497,complete,endpoint_exhausted,0,1,1,wuhan,local_broadband_wuhan,account_wuhan,9343,12,complete,GK2026D1,,
2026-08-21T18:22:47,reply,6a2548ec000000003501fa4f,6a2554db000000002800b341,complete,endpoint_exhausted,1,3,3,wuhan,local_broadband_wuhan,account_wuhan,9343,12,complete,GK2026D1,,
2026-08-21T18:22:47,top_level,6a2548ec000000003501fa4f,,complete,endpoint_exhausted,123,1227,,wuhan,local_broadband_wuhan,account_wuhan,9343,12,complete,GK2026D1,True,
2026-08-21T19:45:31,top_level,6a25838b000000002200b0d0,,complete,endpoint_exhausted,1,0,,wuhan,local_broadband_wuhan,account_wuhan,9343,13,complete,GK2026D1,True,
2026-08-21T19:57:05,reply,6a23f442000000002103f6c5,6a5707cc00000000290199b0,complete,endpoint_exhausted,0,1,1,wuhan,local_broadband_wuhan,account_wuhan,9343,14,complete,GK2026D1,,
2026-08-21T19:57:05,reply,6a23f442000000002103f6c5,6a2a6665000000002a027183,complete,endpoint_exhausted,0,0,0,wuhan,local_broadband_wuhan,account_wuhan,9343,14,complete,GK2026D1,,
2026-08-21T19:57:05,top_level,6a23f442000000002103f6c5,,complete,endpoint_exhausted,1,2,,wuhan,local_broadband_wuhan,account_wuhan,9343,14,complete,GK2026D1,True,
2026-08-21T20:08:41,reply,6a24cdb2000000001603f1e3,6a24d0cf000000002701fbfa,complete,endpoint_exhausted,0,0,0,wuhan,local_broadband_wuhan,account_wuhan,9343,15,complete,GK2026D1,,
2026-08-21T20:08:41,reply,6a24cdb2000000001603f1e3,6a2573b4000000002803fd3b,complete,endpoint_exhausted,0,0,0,wuhan,local_broadband_wuhan,account_wuhan,9343,15,complete,GK2026D1,,
2026-08-21T20:08:41,top_level,6a24cdb2000000001603f1e3,,complete,endpoint_exhausted,1,2,,wuhan,local_broadband_wuhan,account_wuhan,9343,15,complete,GK2026D1,True,
2026-08-21T20:21:16,reply,6a23906d000000003502f5e0,6a23a5f7000000002a0040c0,complete,endpoint_exhausted,2,7,7,wuhan,local_broadband_wuhan,account_wuhan,9343,16,complete,GK2026D1,,
2026-08-21T20:21:16,top_level,6a23906d000000003502f5e0,,complete,endpoint_exhausted,1,1,,wuhan,local_broadband_wuhan,account_wuhan,9343,16,complete,GK2026D1,True,
2026-08-21T20:32:52,reply,6a2676680000000035026659,6a3bc5dd00000000150000d2,complete,endpoint_exhausted,0,0,0,wuhan,local_broadband_wuhan,account_wuhan,9343,17,complete,GK2026D1,,
2026-08-21T20:32:52,reply,6a2676680000000035026659,6a3873a9000000002a033119,complete,endpoint_exhausted,0,0,0,wuhan,local_broadband_wuhan,account_wuhan,9343,17,complete,GK2026D1,,
2026-08-21T20:32:52,reply,6a2676680000000035026659,6a382cdd00000000150042ae,complete,endpoint_exhausted,0,0,0,wuhan,local_broadband_wuhan,account_wuhan,9343,17,complete,GK2026D1,,
2026-08-21T20:32:52,reply,6a2676680000000035026659,6a37dcef0000000029025c31,complete,endpoint_exhausted,0,0,0,wuhan,local_broadband_wuhan,account_wuhan,9343,17,complete,GK2026D1,,
2026-08-21T20:32:52,reply,6a2676680000000035026659,6a377281000000000802d91a,complete,endpoint_exhausted,0,0,0,wuhan,local_broadband_wuhan,account_wuhan,9343,17,complete,GK2026D1,,
2026-08-21T20:32:52,reply,6a2676680000000035026659,6a35886500000000150046a9,complete,endpoint_exhausted,0,0,0,wuhan,local_broadband_wuhan,account_wuhan,9343,17,complete,GK2026D1,,
2026-08-21T20:32:52,reply,6a2676680000000035026659,6a327b8d000000002702888b,complete,endpoint_exhausted,0,0,0,wuhan,local_broadband_wuhan,account_wuhan,9343,17,complete,GK2026D1,,
2026-08-21T20:32:52,reply,6a2676680000000035026659,6a32604b0000000027016fca,complete,endpoint_exhausted,0,0,0,wuhan,local_broadband_wuhan,account_wuhan,9343,17,complete,GK2026D1,,
2026-08-21T20:32:52,reply,6a2676680000000035026659,6a324824000000002902dce3,complete,endpoint_exhausted,0,0,0,wuhan,local_broadband_wuhan,account_wuhan,9343,17,complete,GK2026D1,,
2026-08-21T20:32:52,reply,6a2676680000000035026659,6a320b90000000002702ca00,complete,endpoint_exhausted,0,0,0,wuhan,local_broadband_wuhan,account_wuhan,9343,17,complete,GK2026D1,,
2026-08-21T20:33:22,reply,6a2676680000000035026659,6a3208ee0000000027016357,complete,endpoint_exhausted,0,0,0,wuhan,local_broadband_wuhan,account_wuhan,9343,17,complete,GK2026D1,,
2026-08-21T20:33:22,reply,6a2676680000000035026659,6a314cdc0000000029012947,complete,endpoint_exhausted,0,0,0,wuhan,local_broadband_wuhan,account_wuhan,9343,17,complete,GK2026D1,,
2026-08-21T20:33:22,reply,6a2676680000000035026659,6a311bcf000000002702bb86,complete,endpoint_exhausted,0,0,0,wuhan,local_broadband_wuhan,account_wuhan,9343,17,complete,GK2026D1,,
2026-08-21T20:33:22,reply,6a2676680000000035026659,6a311b5a0000000029010b54,complete,endpoint_exhausted,0,0,0,wuhan,local_broadband_wuhan,account_wuhan,9343,17,complete,GK2026D1,,
2026-08-21T20:33:22,reply,6a2676680000000035026659,6a30fe7f000000002900c409,complete,endpoint_exhausted,0,0,0,wuhan,local_broadband_wuhan,account_wuhan,9343,17,complete,GK2026D1,,
2026-08-21T20:33:22,reply,6a2676680000000035026659,6a30fd69000000002902669e,complete,endpoint_exhausted,0,0,0,wuhan,local_broadband_wuhan,account_wuhan,9343,17,complete,GK2026D1,,
2026-08-21T20:33:22,reply,6a2676680000000035026659,6a30ea00000000002902e529,complete,endpoint_exhausted,0,0,0,wuhan,local_broadband_wuhan,account_wuhan,9343,17,complete,GK2026D1,,
2026-08-21T20:33:22,reply,6a2676680000000035026659,6a30e71b0000000028035373,complete,endpoint_exhausted,0,0,0,wuhan,local_broadband_wuhan,account_wuhan,9343,17,complete,GK2026D1,,
2026-08-21T20:33:22,reply,6a2676680000000035026659,6a30d7d0000000002b02bfd0,complete,endpoint_exhausted,0,0,0,wuhan,local_broadband_wuhan,account_wuhan,9343,17,complete,GK2026D1,,
2026-08-21T20:33:22,reply,6a2676680000000035026659,6a30c94500000000270216c8,complete,endpoint_exhausted,0,0,0,wuhan,local_broadband_wuhan,account_wuhan,9343,17,complete,GK2026D1,,
2026-08-21T20:33:52,reply,6a2676680000000035026659,6a301669000000002a02fe8b,complete,endpoint_exhausted,0,0,0,wuhan,local_broadband_wuhan,account_wuhan,9343,17,complete,GK2026D1,,
2026-08-21T20:33:52,reply,6a2676680000000035026659,6a2fefae000000002701e1f6,complete,endpoint_exhausted,0,0,0,wuhan,local_broadband_wuhan,account_wuhan,9343,17,complete,GK2026D1,,
2026-08-21T20:33:52,reply,6a2676680000000035026659,6a2fd52b00000000270167af,complete,endpoint_exhausted,0,0,0,wuhan,local_broadband_wuhan,account_wuhan,9343,17,complete,GK2026D1,,
2026-08-21T20:33:52,reply,6a2676680000000035026659,6a2fd2fd0000000027022608,complete,endpoint_exhausted,0,0,0,wuhan,local_broadband_wuhan,account_wuhan,9343,17,complete,GK2026D1,,
2026-08-21T20:33:52,reply,6a2676680000000035026659,6a2fd290000000002800af78,complete,endpoint_exhausted,0,0,0,wuhan,local_broadband_wuhan,account_wuhan,9343,17,complete,GK2026D1,,
2026-08-21T20:33:52,reply,6a2676680000000035026659,6a2fd276000000002803884f,complete,endpoint_exhausted,0,0,0,wuhan,local_broadband_wuhan,account_wuhan,9343,17,complete,GK2026D1,,
2026-08-21T20:33:52,reply,6a2676680000000035026659,6a2fa64b00000000290124b4,complete,endpoint_exhausted,0,0,0,wuhan,local_broadband_wuhan,account_wuhan,9343,17,complete,GK2026D1,,
2026-08-21T20:33:52,reply,6a2676680000000035026659,6a2f47cd000000002702c0fc,complete,endpoint_exhausted,0,0,0,wuhan,local_broadband_wuhan,account_wuhan,9343,17,complete,GK2026D1,,
2026-08-21T20:33:52,reply,6a2676680000000035026659,6a2ea09500000000270145b1,complete,endpoint_exhausted,0,0,0,wuhan,local_broadband_wuhan,account_wuhan,9343,17,complete,GK2026D1,,
2026-08-21T20:33:52,reply,6a2676680000000035026659,6a2d3daf000000002701cefa,complete,endpoint_exhausted,0,0,0,wuhan,local_broadband_wuhan,account_wuhan,9343,17,complete,GK2026D1,,
2026-08-21T20:34:23,reply,6a2676680000000035026659,6a2b3aba000000002b024076,complete,endpoint_exhausted,0,0,0,wuhan,local_broadband_wuhan,account_wuhan,9343,17,complete,GK2026D1,,
2026-08-21T20:34:23,reply,6a2676680000000035026659,6a2964ca0000000027023bed,complete,endpoint_exhausted,0,0,0,wuhan,local_broadband_wuhan,account_wuhan,9343,17,complete,GK2026D1,,
2026-08-21T20:34:23,reply,6a2676680000000035026659,6a27e829000000002b000821,complete,endpoint_exhausted,0,0,0,wuhan,local_broadband_wuhan,account_wuhan,9343,17,complete,GK2026D1,,
2026-08-21T20:34:23,reply,6a2676680000000035026659,6a2786b50000000027017e20,complete,endpoint_exhausted,0,0,0,wuhan,local_broadband_wuhan,account_wuhan,9343,17,complete,GK2026D1,,
2026-08-21T20:34:23,reply,6a2676680000000035026659,6a277883000000002b0272e2,complete,endpoint_exhausted,0,0,0,wuhan,local_broadband_wuhan,account_wuhan,9343,17,complete,GK2026D1,,
2026-08-21T20:34:23,reply,6a2676680000000035026659,6a26cdc50000000027028710,complete,endpoint_exhausted,0,0,0,wuhan,local_broadband_wuhan,account_wuhan,9343,17,complete,GK2026D1,,
2026-08-21T20:34:23,reply,6a2676680000000035026659,6a26a2740000000027014284,complete,endpoint_exhausted,0,0,0,wuhan,local_broadband_wuhan,account_wuhan,9343,17,complete,GK2026D1,,
2026-08-21T20:34:23,reply,6a2676680000000035026659,6a269efd00000000290192bf,complete,endpoint_exhausted,0,0,0,wuhan,local_broadband_wuhan,account_wuhan,9343,17,complete,GK2026D1,,
2026-08-21T20:34:23,reply,6a2676680000000035026659,6a267d00000000002a004229,complete,endpoint_exhausted,0,0,0,wuhan,local_broadband_wuhan,account_wuhan,9343,17,complete,GK2026D1,,
2026-08-21T20:34:23,reply,6a2676680000000035026659,6a267cf40000000029024ec4,complete,endpoint_exhausted,0,0,0,wuhan,local_broadband_wuhan,account_wuhan,9343,17,complete,GK2026D1,,
2026-08-21T20:34:53,reply,6a2676680000000035026659,6a380edf0000000015012f9f,complete,endpoint_exhausted,0,0,0,wuhan,local_broadband_wuhan,account_wuhan,9343,17,complete,GK2026D1,,
2026-08-21T20:34:53,reply,6a2676680000000035026659,6a37d396000000002a027435,complete,endpoint_exhausted,0,0,0,wuhan,local_broadband_wuhan,account_wuhan,9343,17,complete,GK2026D1,,
2026-08-21T20:34:53,reply,6a2676680000000035026659,6a3421b3000000002b0274c8,complete,endpoint_exhausted,0,0,0,wuhan,local_broadband_wuhan,account_wuhan,9343,17,complete,GK2026D1,,
2026-08-21T20:34:53,reply,6a2676680000000035026659,6a33c4f80000000004038c34,complete,endpoint_exhausted,0,0,0,wuhan,local_broadband_wuhan,account_wuhan,9343,17,complete,GK2026D1,,
2026-08-21T20:34:53,reply,6a2676680000000035026659,6a336174000000002902e177,complete,endpoint_exhausted,0,0,0,wuhan,local_broadband_wuhan,account_wuhan,9343,17,complete,GK2026D1,,
2026-08-21T20:34:53,reply,6a2676680000000035026659,6a32282f0000000029027bb4,complete,endpoint_exhausted,0,0,0,wuhan,local_broadband_wuhan,account_wuhan,9343,17,complete,GK2026D1,,
2026-08-21T20:34:53,reply,6a2676680000000035026659,6a31f840000000002b00362f,complete,endpoint_exhausted,0,0,0,wuhan,local_broadband_wuhan,account_wuhan,9343,17,complete,GK2026D1,,
2026-08-21T20:34:53,reply,6a2676680000000035026659,6a31608d0000000028034889,complete,endpoint_exhausted,0,0,0,wuhan,local_broadband_wuhan,account_wuhan,9343,17,complete,GK2026D1,,
2026-08-21T20:34:53,reply,6a2676680000000035026659,6a3102da000000002900ed90,complete,endpoint_exhausted,0,0,0,wuhan,local_broadband_wuhan,account_wuhan,9343,17,complete,GK2026D1,,
2026-08-21T20:34:53,reply,6a2676680000000035026659,6a30d66a00000000270149fe,complete,endpoint_exhausted,0,0,0,wuhan,local_broadband_wuhan,account_wuhan,9343,17,complete,GK2026D1,,
2026-08-21T20:35:23,reply,6a2676680000000035026659,6a30aa1a000000002701e2b5,complete,endpoint_exhausted,0,0,0,wuhan,local_broadband_wuhan,account_wuhan,9343,17,complete,GK2026D1,,
2026-08-21T20:35:23,reply,6a2676680000000035026659,6a309c150000000029025ea1,complete,endpoint_exhausted,0,0,0,wuhan,local_broadband_wuhan,account_wuhan,9343,17,complete,GK2026D1,,
2026-08-21T20:35:23,reply,6a2676680000000035026659,6a301f15000000002702ff10,complete,endpoint_exhausted,0,0,0,wuhan,local_broadband_wuhan,account_wuhan,9343,17,complete,GK2026D1,,
2026-08-21T20:35:23,reply,6a2676680000000035026659,6a30045f000000002800b490,complete,endpoint_exhausted,0,0,0,wuhan,local_broadband_wuhan,account_wuhan,9343,17,complete,GK2026D1,,
2026-08-21T20:35:23,reply,6a2676680000000035026659,6a2ff6ba000000002900fc1e,complete,endpoint_exhausted,0,0,0,wuhan,local_broadband_wuhan,account_wuhan,9343,17,complete,GK2026D1,,
2026-08-21T20:35:23,reply,6a2676680000000035026659,6a2feca5000000002702fe84,complete,endpoint_exhausted,0,0,0,wuhan,local_broadband_wuhan,account_wuhan,9343,17,complete,GK2026D1,,
2026-08-21T20:35:23,reply,6a2676680000000035026659,6a2fe60200000000290359ec,complete,endpoint_exhausted,0,0,0,wuhan,local_broadband_wuhan,account_wuhan,9343,17,complete,GK2026D1,,
2026-08-21T20:35:23,reply,6a2676680000000035026659,6a2fe35f0000000028038d32,complete,endpoint_exhausted,0,0,0,wuhan,local_broadband_wuhan,account_wuhan,9343,17,complete,GK2026D1,,
2026-08-21T20:35:23,reply,6a2676680000000035026659,6a2fe3460000000029027150,complete,endpoint_exhausted,0,0,0,wuhan,local_broadband_wuhan,account_wuhan,9343,17,complete,GK2026D1,,
2026-08-21T20:35:23,reply,6a2676680000000035026659,6a2fba40000000002a03103c,complete,endpoint_exhausted,0,0,0,wuhan,local_broadband_wuhan,account_wuhan,9343,17,complete,GK2026D1,,
2026-08-21T20:35:54,reply,6a2676680000000035026659,6a2edf83000000002b02ba18,complete,endpoint_exhausted,0,0,0,wuhan,local_broadband_wuhan,account_wuhan,9343,17,complete,GK2026D1,,
2026-08-21T20:35:54,reply,6a2676680000000035026659,6a2e4bea0000000029034a85,complete,endpoint_exhausted,0,0,0,wuhan,local_broadband_wuhan,account_wuhan,9343,17,complete,GK2026D1,,
2026-08-21T20:35:54,reply,6a2676680000000035026659,6a2e46ef000000002a00792c,complete,endpoint_exhausted,0,0,0,wuhan,local_broadband_wuhan,account_wuhan,9343,17,complete,GK2026D1,,
2026-08-21T20:35:54,reply,6a2676680000000035026659,6a2d4c9b000000002701c824,complete,endpoint_exhausted,0,0,0,wuhan,local_broadband_wuhan,account_wuhan,9343,17,complete,GK2026D1,,
2026-08-21T20:35:54,reply,6a2676680000000035026659,6a2d413d000000002702d9ce,complete,endpoint_exhausted,0,0,0,wuhan,local_broadband_wuhan,account_wuhan,9343,17,complete,GK2026D1,,
2026-08-21T20:35:54,reply,6a2676680000000035026659,6a2c18300000000027029167,complete,endpoint_exhausted,0,0,0,wuhan,local_broadband_wuhan,account_wuhan,9343,17,complete,GK2026D1,,
2026-08-21T20:35:54,reply,6a2676680000000035026659,6a2bd520000000002300e0b2,complete,endpoint_exhausted,0,0,0,wuhan,local_broadband_wuhan,account_wuhan,9343,17,complete,GK2026D1,,
2026-08-21T20:35:54,reply,6a2676680000000035026659,6a2bbbb400000000280349d3,complete,endpoint_exhausted,0,0,0,wuhan,local_broadband_wuhan,account_wuhan,9343,17,complete,GK2026D1,,
2026-08-21T20:35:54,reply,6a2676680000000035026659,6a2a549800000000280340a7,complete,endpoint_exhausted,0,0,0,wuhan,local_broadband_wuhan,account_wuhan,9343,17,complete,GK2026D1,,
2026-08-21T20:35:54,reply,6a2676680000000035026659,6a294cf200000000270228f5,complete,endpoint_exhausted,0,0,0,wuhan,local_broadband_wuhan,account_wuhan,9343,17,complete,GK2026D1,,
2026-08-21T20:36:24,reply,6a2676680000000035026659,6a2937ec000000002b00092f,complete,endpoint_exhausted,0,0,0,wuhan,local_broadband_wuhan,account_wuhan,9343,17,complete,GK2026D1,,
2026-08-21T20:36:24,reply,6a2676680000000035026659,6a28cd2c0000000029026b4e,complete,endpoint_exhausted,0,0,0,wuhan,local_broadband_wuhan,account_wuhan,9343,17,complete,GK2026D1,,
2026-08-21T20:36:24,reply,6a2676680000000035026659,6a28b717000000002800b6d4,complete,endpoint_exhausted,0,0,0,wuhan,local_broadband_wuhan,account_wuhan,9343,17,complete,GK2026D1,,
2026-08-21T20:36:24,reply,6a2676680000000035026659,6a28b70a000000002702f941,complete,endpoint_exhausted,0,0,0,wuhan,local_broadband_wuhan,account_wuhan,9343,17,complete,GK2026D1,,
2026-08-21T20:36:24,reply,6a2676680000000035026659,6a277fcb000000002701fd35,complete,endpoint_exhausted,0,0,0,wuhan,local_broadband_wuhan,account_wuhan,9343,17,complete,GK2026D1,,
2026-08-21T20:36:24,reply,6a2676680000000035026659,6a276915000000002a0324e3,complete,endpoint_exhausted,0,0,0,wuhan,local_broadband_wuhan,account_wuhan,9343,17,complete,GK2026D1,,
2026-08-21T20:36:24,reply,6a2676680000000035026659,6a27506e00000000280096cf,complete,endpoint_exhausted,0,0,0,wuhan,local_broadband_wuhan,account_wuhan,9343,17,complete,GK2026D1,,
2026-08-21T20:36:24,reply,6a2676680000000035026659,6a26ddb9000000002a004610,complete,endpoint_exhausted,0,0,0,wuhan,local_broadband_wuhan,account_wuhan,9343,17,complete,GK2026D1,,
2026-08-21T20:36:24,reply,6a2676680000000035026659,6a26d50a000000002b003a6c,complete,endpoint_exhausted,0,0,0,wuhan,local_broadband_wuhan,account_wuhan,9343,17,complete,GK2026D1,,
2026-08-21T20:36:24,reply,6a2676680000000035026659,6a26c6db000000002b0259bd,complete,endpoint_exhausted,0,0,0,wuhan,local_broadband_wuhan,account_wuhan,9343,17,complete,GK2026D1,,
2026-08-21T20:36:54,reply,6a2676680000000035026659,6a26aac4000000002701635f,complete,endpoint_exhausted,0,0,0,wuhan,local_broadband_wuhan,account_wuhan,9343,17,complete,GK2026D1,,
2026-08-21T20:36:54,reply,6a2676680000000035026659,6a269429000000002900c954,complete,endpoint_exhausted,0,0,0,wuhan,local_broadband_wuhan,account_wuhan,9343,17,complete,GK2026D1,,
2026-08-21T20:36:54,reply,6a2676680000000035026659,6a268eb300000000280318d7,complete,endpoint_exhausted,0,0,0,wuhan,local_broadband_wuhan,account_wuhan,9343,17,complete,GK2026D1,,
2026-08-21T20:36:54,reply,6a2676680000000035026659,6a268b170000000027020d88,complete,endpoint_exhausted,0,0,0,wuhan,local_broadband_wuhan,account_wuhan,9343,17,complete,GK2026D1,,
2026-08-21T20:36:54,top_level,6a2676680000000035026659,,complete,endpoint_exhausted,9,84,,wuhan,local_broadband_wuhan,account_wuhan,9343,17,complete,GK2026D1,True,
2026-08-21T20:48:30,top_level,6a26b5b90000000007013c3f,,complete,endpoint_exhausted,1,0,,wuhan,local_broadband_wuhan,account_wuhan,9343,18,complete,GK2026D1,True,
2026-08-21T21:30:06,reply,6a26218e00000000220279d8,6a26c81b000000002803dea0,complete,endpoint_exhausted,0,0,0,wuhan,local_broadband_wuhan,account_wuhan,9343,19,complete,GK2026D1,,
2026-08-21T21:30:06,reply,6a26218e00000000220279d8,6a264fee000000002a030715,complete,endpoint_exhausted,0,0,0,wuhan,local_broadband_wuhan,account_wuhan,9343,19,complete,GK2026D1,,
2026-08-21T21:30:06,reply,6a26218e00000000220279d8,6a27e4790000000028032548,complete,endpoint_exhausted,0,0,0,wuhan,local_broadband_wuhan,account_wuhan,9343,19,complete,GK2026D1,,
2026-08-21T21:30:06,reply,6a26218e00000000220279d8,6a262633000000002a024d7f,complete,endpoint_exhausted,0,0,0,wuhan,local_broadband_wuhan,account_wuhan,9343,19,complete,GK2026D1,,
2026-08-21T21:30:06,reply,6a26218e00000000220279d8,6a298c390000000028036998,complete,endpoint_exhausted,0,0,0,wuhan,local_broadband_wuhan,account_wuhan,9343,19,complete,GK2026D1,,
2026-08-21T21:30:06,top_level,6a26218e00000000220279d8,,complete,endpoint_exhausted,1,5,,wuhan,local_broadband_wuhan,account_wuhan,9343,19,complete,GK2026D1,True,
2026-08-21T21:41:41,reply,6a24ce2c0000000017029fe4,6a24d41a00000000280378dd,complete,endpoint_exhausted,0,0,0,wuhan,local_broadband_wuhan,account_wuhan,9343,20,complete,GK2026D1,,
2026-08-21T21:41:41,top_level,6a24ce2c0000000017029fe4,,complete,endpoint_exhausted,1,1,,wuhan,local_broadband_wuhan,account_wuhan,9343,20,complete,GK2026D1,True,
2026-08-21T21:53:15,reply,6a2543cd000000003502ac01,6a254dfe00000000290348ba,complete,endpoint_exhausted,0,0,0,wuhan,local_broadband_wuhan,account_wuhan,9343,21,complete,GK2026D1,,
2026-08-21T21:53:15,top_level,6a2543cd000000003502ac01,,complete,endpoint_exhausted,1,1,,wuhan,local_broadband_wuhan,account_wuhan,9343,21,complete,GK2026D1,True,
2026-08-21T22:04:49,top_level,6a24bb730000000008026d89,,complete,endpoint_exhausted,1,0,,wuhan,local_broadband_wuhan,account_wuhan,9343,22,complete,GK2026D1,True,
2026-08-21T22:16:26,reply,6a268d8000000000070137b0,6a268e280000000027016589,complete,endpoint_exhausted,0,0,0,wuhan,local_broadband_wuhan,account_wuhan,9343,23,complete,GK2026D1,,
2026-08-21T22:16:26,reply,6a268d8000000000070137b0,6a2a0e11000000002100f48e,complete,endpoint_exhausted,0,0,0,wuhan,local_broadband_wuhan,account_wuhan,9343,23,complete,GK2026D1,,
2026-08-21T22:16:26,reply,6a268d8000000000070137b0,6a276103000000002a005fed,complete,endpoint_exhausted,0,0,0,wuhan,local_broadband_wuhan,account_wuhan,9343,23,complete,GK2026D1,,
2026-08-21T22:16:56,reply,6a268d8000000000070137b0,6a268f3200000000290358dc,complete,endpoint_exhausted,1,2,2,wuhan,local_broadband_wuhan,account_wuhan,9343,23,complete,GK2026D1,,
2026-08-21T22:16:56,top_level,6a268d8000000000070137b0,,complete,endpoint_exhausted,1,4,,wuhan,local_broadband_wuhan,account_wuhan,9343,23,complete,GK2026D1,True,
2026-08-21T22:28:32,top_level,6a256c840000000017009c80,,complete,endpoint_exhausted,1,0,,wuhan,local_broadband_wuhan,account_wuhan,9343,24,complete,GK2026D1,True,
2026-08-21T23:10:08,reply,6a24e420000000002103e630,6a24e801000000002a027e7f,complete,endpoint_exhausted,0,0,0,wuhan,local_broadband_wuhan,account_wuhan,9343,25,complete,GK2026D1,,
2026-08-21T23:10:08,reply,6a24e420000000002103e630,6a24f221000000002702d941,complete,endpoint_exhausted,0,0,0,wuhan,local_broadband_wuhan,account_wuhan,9343,25,complete,GK2026D1,,
2026-08-21T23:10:09,reply,6a24e420000000002103e630,6a25ec54000000002702fe76,complete,endpoint_exhausted,0,0,0,wuhan,local_broadband_wuhan,account_wuhan,9343,25,complete,GK2026D1,,
2026-08-21T23:10:09,reply,6a24e420000000002103e630,6a2545af000000002803f35a,complete,endpoint_exhausted,0,0,0,wuhan,local_broadband_wuhan,account_wuhan,9343,25,complete,GK2026D1,,
2026-08-21T23:10:09,top_level,6a24e420000000002103e630,,complete,endpoint_exhausted,1,4,,wuhan,local_broadband_wuhan,account_wuhan,9343,25,complete,GK2026D1,True,
2026-08-21T23:21:44,reply,6a2569320000000022026096,6a2997b70000000027017827,complete,endpoint_exhausted,0,0,0,wuhan,local_broadband_wuhan,account_wuhan,9343,26,complete,GK2026D1,,
2026-08-21T23:22:44,reply,6a2569320000000022026096,6a26c278000000002903502b,complete,endpoint_exhausted,2,9,9,wuhan,local_broadband_wuhan,account_wuhan,9343,26,complete,GK2026D1,,
2026-08-21T23:23:14,reply,6a2569320000000022026096,6a26b8a2000000002b001d19,complete,endpoint_exhausted,1,2,2,wuhan,local_broadband_wuhan,account_wuhan,9343,26,complete,GK2026D1,,
2026-08-21T23:23:45,reply,6a2569320000000022026096,6a262194000000002a006f99,complete,endpoint_exhausted,1,4,4,wuhan,local_broadband_wuhan,account_wuhan,9343,26,complete,GK2026D1,,
2026-08-21T23:23:45,reply,6a2569320000000022026096,6a25755a000000002900fcaa,complete,endpoint_exhausted,0,1,1,wuhan,local_broadband_wuhan,account_wuhan,9343,26,complete,GK2026D1,,
2026-08-21T23:23:45,reply,6a2569320000000022026096,6a256ec10000000027023eed,complete,endpoint_exhausted,0,1,1,wuhan,local_broadband_wuhan,account_wuhan,9343,26,complete,GK2026D1,,
2026-08-21T23:23:45,reply,6a2569320000000022026096,6a4a67d20000000015015fa6,complete,endpoint_exhausted,0,1,1,wuhan,local_broadband_wuhan,account_wuhan,9343,26,complete,GK2026D1,,
2026-08-21T23:24:15,reply,6a2569320000000022026096,6a3e16970000000015003b15,complete,endpoint_exhausted,1,2,2,wuhan,local_broadband_wuhan,account_wuhan,9343,26,complete,GK2026D1,,
2026-08-21T23:24:45,reply,6a2569320000000022026096,6a26a044000000002702a9f9,complete,endpoint_exhausted,1,3,3,wuhan,local_broadband_wuhan,account_wuhan,9343,26,complete,GK2026D1,,
2026-08-21T23:25:15,reply,6a2569320000000022026096,6a2570fa0000000027015fb1,complete,endpoint_exhausted,1,2,2,wuhan,local_broadband_wuhan,account_wuhan,9343,26,complete,GK2026D1,,
2026-08-21T23:26:16,reply,6a2569320000000022026096,6a27f1e6000000002702f965,complete,endpoint_exhausted,1,2,2,wuhan,local_broadband_wuhan,account_wuhan,9343,26,complete,GK2026D1,,
2026-08-21T23:26:46,reply,6a2569320000000022026096,6a264b690000000029013966,complete,endpoint_exhausted,1,2,2,wuhan,local_broadband_wuhan,account_wuhan,9343,26,complete,GK2026D1,,
2026-08-21T23:26:46,reply,6a2569320000000022026096,6a27c4e50000000028008f4f,complete,endpoint_exhausted,0,1,1,wuhan,local_broadband_wuhan,account_wuhan,9343,26,complete,GK2026D1,,
2026-08-21T23:26:46,reply,6a2569320000000022026096,6a2597ef000000002a02d16d,complete,endpoint_exhausted,0,1,1,wuhan,local_broadband_wuhan,account_wuhan,9343,26,complete,GK2026D1,,
2026-08-21T23:27:16,reply,6a2569320000000022026096,6a268ee2000000002702f47c,complete,endpoint_exhausted,1,3,3,wuhan,local_broadband_wuhan,account_wuhan,9343,26,complete,GK2026D1,,
2026-08-21T23:27:46,reply,6a2569320000000022026096,6a2abb07000000000d023001,complete,endpoint_exhausted,1,2,2,wuhan,local_broadband_wuhan,account_wuhan,9343,26,complete,GK2026D1,,
2026-08-21T23:27:46,reply,6a2569320000000022026096,6a47894f00000000150020ad,complete,endpoint_exhausted,0,1,1,wuhan,local_broadband_wuhan,account_wuhan,9343,26,complete,GK2026D1,,
2026-08-21T23:28:17,reply,6a2569320000000022026096,6a26efeb000000002702cf05,complete,endpoint_exhausted,1,2,2,wuhan,local_broadband_wuhan,account_wuhan,9343,26,complete,GK2026D1,,
2026-08-21T23:28:47,reply,6a2569320000000022026096,6a62ca51000000002a0255cd,complete,endpoint_exhausted,1,2,2,wuhan,local_broadband_wuhan,account_wuhan,9343,26,complete,GK2026D1,,
2026-08-21T23:28:47,reply,6a2569320000000022026096,6a32677e000000002701698e,complete,endpoint_exhausted,0,1,1,wuhan,local_broadband_wuhan,account_wuhan,9343,26,complete,GK2026D1,,
2026-08-21T23:29:17,reply,6a2569320000000022026096,6a28066d000000002701f18c,complete,endpoint_exhausted,0,1,1,wuhan,local_broadband_wuhan,account_wuhan,9343,26,complete,GK2026D1,,
2026-08-21T23:29:17,reply,6a2569320000000022026096,6a27b13b000000002803e820,complete,endpoint_exhausted,0,1,1,wuhan,local_broadband_wuhan,account_wuhan,9343,26,complete,GK2026D1,,
2026-08-21T23:29:17,reply,6a2569320000000022026096,6a28e2ee000000002a0326d7,complete,endpoint_exhausted,0,1,1,wuhan,local_broadband_wuhan,account_wuhan,9343,26,complete,GK2026D1,,
2026-08-21T23:29:17,reply,6a2569320000000022026096,6a2aeaa0000000000d021404,complete,endpoint_exhausted,0,0,0,wuhan,local_broadband_wuhan,account_wuhan,9343,26,complete,GK2026D1,,
2026-08-21T23:29:17,reply,6a2569320000000022026096,6a2b6119000000002701f05f,complete,endpoint_exhausted,0,1,1,wuhan,local_broadband_wuhan,account_wuhan,9343,26,complete,GK2026D1,,
2026-08-21T23:29:17,reply,6a2569320000000022026096,6a365e1100000000290274ca,complete,endpoint_exhausted,0,1,1,wuhan,local_broadband_wuhan,account_wuhan,9343,26,complete,GK2026D1,,
2026-08-21T23:29:17,reply,6a2569320000000022026096,6a26d34c000000002702350c,complete,endpoint_exhausted,0,1,1,wuhan,local_broadband_wuhan,account_wuhan,9343,26,complete,GK2026D1,,
2026-08-21T23:29:17,reply,6a2569320000000022026096,6a25772c000000002803d938,complete,endpoint_exhausted,0,1,1,wuhan,local_broadband_wuhan,account_wuhan,9343,26,complete,GK2026D1,,
2026-08-21T23:29:17,reply,6a2569320000000022026096,6a257eab000000002702adf9,complete,endpoint_exhausted,0,1,1,wuhan,local_broadband_wuhan,account_wuhan,9343,26,complete,GK2026D1,,
2026-08-21T23:29:17,reply,6a2569320000000022026096,6a262cfd000000002a02cfdd,complete,endpoint_exhausted,0,0,0,wuhan,local_broadband_wuhan,account_wuhan,9343,26,complete,GK2026D1,,
2026-08-21T23:29:48,reply,6a2569320000000022026096,6a25a3b0000000002803b646,complete,endpoint_exhausted,0,0,0,wuhan,local_broadband_wuhan,account_wuhan,9343,26,complete,GK2026D1,,
2026-08-21T23:29:48,reply,6a2569320000000022026096,6a27be68000000002a031405,complete,endpoint_exhausted,0,1,1,wuhan,local_broadband_wuhan,account_wuhan,9343,26,complete,GK2026D1,,
2026-08-21T23:29:48,reply,6a2569320000000022026096,6a73252a0000000007016df8,complete,endpoint_exhausted,0,0,0,wuhan,local_broadband_wuhan,account_wuhan,9343,26,complete,GK2026D1,,
2026-08-21T23:29:48,reply,6a2569320000000022026096,6a2e0ffe000000002b0280fb,complete,endpoint_exhausted,0,1,1,wuhan,local_broadband_wuhan,account_wuhan,9343,26,complete,GK2026D1,,
2026-08-21T23:29:48,reply,6a2569320000000022026096,6a27cd71000000002902412c,complete,endpoint_exhausted,0,1,1,wuhan,local_broadband_wuhan,account_wuhan,9343,26,complete,GK2026D1,,
2026-08-21T23:29:48,reply,6a2569320000000022026096,6a256b9700000000270280e8,complete,endpoint_exhausted,0,1,1,wuhan,local_broadband_wuhan,account_wuhan,9343,26,complete,GK2026D1,,
2026-08-21T23:29:48,top_level,6a2569320000000022026096,,complete,endpoint_exhausted,4,36,,wuhan,local_broadband_wuhan,account_wuhan,9343,26,complete,GK2026D1,True,
2026-08-21T23:41:53,reply,6a265f040000000007027b8a,6a26d1bc000000002900dcef,complete,endpoint_exhausted,1,2,2,wuhan,local_broadband_wuhan,account_wuhan,9343,27,complete,GK2026D1,,
2026-08-21T23:41:53,reply,6a265f040000000007027b8a,6a26e86f00000000270201bd,complete,endpoint_exhausted,0,0,0,wuhan,local_broadband_wuhan,account_wuhan,9343,27,complete,GK2026D1,,
2026-08-21T23:41:53,reply,6a265f040000000007027b8a,6a3bfb8b00000000150149a4,complete,endpoint_exhausted,0,0,0,wuhan,local_broadband_wuhan,account_wuhan,9343,27,complete,GK2026D1,,
2026-08-21T23:41:53,reply,6a265f040000000007027b8a,6a266c850000000027017478,complete,endpoint_exhausted,0,0,0,wuhan,local_broadband_wuhan,account_wuhan,9343,27,complete,GK2026D1,,
2026-08-21T23:41:53,top_level,6a265f040000000007027b8a,,complete,endpoint_exhausted,1,4,,wuhan,local_broadband_wuhan,account_wuhan,9343,27,complete,GK2026D1,True,
2026-08-21T23:53:28,reply,6a25668d000000001c02675e,6a2cd71500000000270163d6,complete,endpoint_exhausted,0,1,1,wuhan,local_broadband_wuhan,account_wuhan,9343,28,complete,GK2026D1,,
2026-08-21T23:53:28,reply,6a25668d000000001c02675e,6a4b8064000000002a02d105,complete,endpoint_exhausted,0,0,0,wuhan,local_broadband_wuhan,account_wuhan,9343,28,complete,GK2026D1,,
2026-08-21T23:53:28,reply,6a25668d000000001c02675e,6a6421d400000000150047d1,complete,endpoint_exhausted,0,0,0,wuhan,local_broadband_wuhan,account_wuhan,9343,28,complete,GK2026D1,,
2026-08-21T23:53:28,reply,6a25668d000000001c02675e,6a4cb421000000000b0381e9,complete,endpoint_exhausted,0,0,0,wuhan,local_broadband_wuhan,account_wuhan,9343,28,complete,GK2026D1,,
2026-08-21T23:53:28,reply,6a25668d000000001c02675e,6a449e71000000001501752b,complete,endpoint_exhausted,0,0,0,wuhan,local_broadband_wuhan,account_wuhan,9343,28,complete,GK2026D1,,
2026-08-21T23:53:28,reply,6a25668d000000001c02675e,6a429d91000000002a032d69,complete,endpoint_exhausted,0,0,0,wuhan,local_broadband_wuhan,account_wuhan,9343,28,complete,GK2026D1,,
2026-08-21T23:53:28,reply,6a25668d000000001c02675e,6a35ccfc000000002901b5e9,complete,endpoint_exhausted,0,0,0,wuhan,local_broadband_wuhan,account_wuhan,9343,28,complete,GK2026D1,,
2026-08-21T23:53:28,reply,6a25668d000000001c02675e,6a35b8a60000000014039a24,complete,endpoint_exhausted,0,0,0,wuhan,local_broadband_wuhan,account_wuhan,9343,28,complete,GK2026D1,,
2026-08-21T23:53:28,reply,6a25668d000000001c02675e,6a354c9f0000000029019460,complete,endpoint_exhausted,0,0,0,wuhan,local_broadband_wuhan,account_wuhan,9343,28,complete,GK2026D1,,
2026-08-21T23:53:28,reply,6a25668d000000001c02675e,6a2fecea000000002a00781e,complete,endpoint_exhausted,0,0,0,wuhan,local_broadband_wuhan,account_wuhan,9343,28,complete,GK2026D1,,
2026-08-21T23:53:58,reply,6a25668d000000001c02675e,6a2fec45000000002803fe9a,complete,endpoint_exhausted,0,0,0,wuhan,local_broadband_wuhan,account_wuhan,9343,28,complete,GK2026D1,,
2026-08-21T23:53:58,top_level,6a25668d000000001c02675e,,complete,endpoint_exhausted,2,11,,wuhan,local_broadband_wuhan,account_wuhan,9343,28,complete,GK2026D1,True,
2026-08-22T00:06:34,reply,6a255864000000002003ba01,6a28064c000000002a02c78e,complete,endpoint_exhausted,2,10,10,wuhan,local_broadband_wuhan,account_wuhan,9343,29,complete,GK2026D1,,
2026-08-22T00:07:34,reply,6a255864000000002003ba01,6a256078000000002702a46c,complete,endpoint_exhausted,2,7,7,wuhan,local_broadband_wuhan,account_wuhan,9343,29,complete,GK2026D1,,
2026-08-22T00:08:04,reply,6a255864000000002003ba01,6a2601c3000000002803cfb8,complete,endpoint_exhausted,1,6,6,wuhan,local_broadband_wuhan,account_wuhan,9343,29,complete,GK2026D1,,
2026-08-22T00:08:34,reply,6a255864000000002003ba01,6a255ce90000000029026bc5,complete,endpoint_exhausted,1,2,2,wuhan,local_broadband_wuhan,account_wuhan,9343,29,complete,GK2026D1,,
2026-08-22T00:09:04,reply,6a255864000000002003ba01,6a268893000000002900c32b,complete,endpoint_exhausted,1,3,3,wuhan,local_broadband_wuhan,account_wuhan,9343,29,complete,GK2026D1,,
2026-08-22T00:09:04,reply,6a255864000000002003ba01,6a2e64e4000000002803ef3c,complete,endpoint_exhausted,0,1,1,wuhan,local_broadband_wuhan,account_wuhan,9343,29,complete,GK2026D1,,
2026-08-22T00:09:35,reply,6a255864000000002003ba01,6a266b51000000002b003420,complete,endpoint_exhausted,1,3,3,wuhan,local_broadband_wuhan,account_wuhan,9343,29,complete,GK2026D1,,
2026-08-22T00:09:35,reply,6a255864000000002003ba01,6a2584aa000000002803039d,complete,endpoint_exhausted,0,0,0,wuhan,local_broadband_wuhan,account_wuhan,9343,29,complete,GK2026D1,,
2026-08-22T00:09:35,reply,6a255864000000002003ba01,6a2562690000000029013923,complete,endpoint_exhausted,0,0,0,wuhan,local_broadband_wuhan,account_wuhan,9343,29,complete,GK2026D1,,
2026-08-22T00:09:35,reply,6a255864000000002003ba01,6a26a2f5000000002b02629d,complete,endpoint_exhausted,0,0,0,wuhan,local_broadband_wuhan,account_wuhan,9343,29,complete,GK2026D1,,
2026-08-22T00:10:05,reply,6a255864000000002003ba01,6a261a3b000000002702d73d,complete,endpoint_exhausted,0,0,0,wuhan,local_broadband_wuhan,account_wuhan,9343,29,complete,GK2026D1,,
2026-08-22T00:10:05,reply,6a255864000000002003ba01,6a29743a000000002a027379,complete,endpoint_exhausted,0,0,0,wuhan,local_broadband_wuhan,account_wuhan,9343,29,complete,GK2026D1,,
2026-08-22T00:10:05,reply,6a255864000000002003ba01,6a269d93000000000d021802,complete,endpoint_exhausted,0,0,0,wuhan,local_broadband_wuhan,account_wuhan,9343,29,complete,GK2026D1,,
2026-08-22T00:10:05,reply,6a255864000000002003ba01,6a2c006700000000270221e0,complete,endpoint_exhausted,0,0,0,wuhan,local_broadband_wuhan,account_wuhan,9343,29,complete,GK2026D1,,
2026-08-22T00:10:05,reply,6a255864000000002003ba01,6a2755d0000000002900c986,complete,endpoint_exhausted,0,0,0,wuhan,local_broadband_wuhan,account_wuhan,9343,29,complete,GK2026D1,,
2026-08-22T00:10:05,reply,6a255864000000002003ba01,6a25db70000000002803de1b,complete,endpoint_exhausted,0,1,1,wuhan,local_broadband_wuhan,account_wuhan,9343,29,complete,GK2026D1,,
2026-08-22T00:10:05,reply,6a255864000000002003ba01,6a281ed8000000002a02d7f0,complete,endpoint_exhausted,0,0,0,wuhan,local_broadband_wuhan,account_wuhan,9343,29,complete,GK2026D1,,
2026-08-22T00:10:05,reply,6a255864000000002003ba01,6a2ee0d2000000000d021800,complete,endpoint_exhausted,0,0,0,wuhan,local_broadband_wuhan,account_wuhan,9343,29,complete,GK2026D1,,
2026-08-22T00:10:05,reply,6a255864000000002003ba01,6a2d5fea000000002a0320a1,complete,endpoint_exhausted,0,0,0,wuhan,local_broadband_wuhan,account_wuhan,9343,29,complete,GK2026D1,,
2026-08-22T00:10:05,reply,6a255864000000002003ba01,6a2fb94c0000000028031c95,complete,endpoint_exhausted,0,0,0,wuhan,local_broadband_wuhan,account_wuhan,9343,29,complete,GK2026D1,,
2026-08-22T00:10:35,reply,6a255864000000002003ba01,6a26d095000000002a006df0,complete,endpoint_exhausted,0,0,0,wuhan,local_broadband_wuhan,account_wuhan,9343,29,complete,GK2026D1,,
2026-08-22T00:10:35,reply,6a255864000000002003ba01,6a2600000000000028032fca,complete,endpoint_exhausted,0,0,0,wuhan,local_broadband_wuhan,account_wuhan,9343,29,complete,GK2026D1,,
2026-08-22T00:10:35,top_level,6a255864000000002003ba01,,complete,endpoint_exhausted,3,22,,wuhan,local_broadband_wuhan,account_wuhan,9343,29,complete,GK2026D1,True,
2026-08-22T00:22:10,reply,6a2424aa0000000008003a1e,6a2463b10000000027021afc,complete,endpoint_exhausted,0,1,1,wuhan,local_broadband_wuhan,account_wuhan,9343,30,complete,GK2026D1,,
2026-08-22T00:22:10,reply,6a2424aa0000000008003a1e,6a24d603000000002702ec9c,complete,endpoint_exhausted,0,0,0,wuhan,local_broadband_wuhan,account_wuhan,9343,30,complete,GK2026D1,,
2026-08-22T00:22:10,reply,6a2424aa0000000008003a1e,6a242517000000002702c7c0,complete,endpoint_exhausted,0,1,1,wuhan,local_broadband_wuhan,account_wuhan,9343,30,complete,GK2026D1,,
2026-08-22T00:22:10,reply,6a2424aa0000000008003a1e,6a24c13600000000270287fc,complete,endpoint_exhausted,0,0,0,wuhan,local_broadband_wuhan,account_wuhan,9343,30,complete,GK2026D1,,
2026-08-22T00:22:10,reply,6a2424aa0000000008003a1e,6a28b7510000000028033e93,complete,endpoint_exhausted,0,0,0,wuhan,local_broadband_wuhan,account_wuhan,9343,30,complete,GK2026D1,,
2026-08-22T00:22:10,reply,6a2424aa0000000008003a1e,6a24270f0000000029036add,complete,endpoint_exhausted,0,0,0,wuhan,local_broadband_wuhan,account_wuhan,9343,30,complete,GK2026D1,,
2026-08-22T00:22:10,reply,6a2424aa0000000008003a1e,6a242f7e00000000280392a7,complete,endpoint_exhausted,0,0,0,wuhan,local_broadband_wuhan,account_wuhan,9343,30,complete,GK2026D1,,
2026-08-22T00:22:10,reply,6a2424aa0000000008003a1e,6a24cf75000000002800a897,complete,endpoint_exhausted,0,0,0,wuhan,local_broadband_wuhan,account_wuhan,9343,30,complete,GK2026D1,,
2026-08-22T00:22:10,reply,6a2424aa0000000008003a1e,6a28d4f5000000002902e524,complete,endpoint_exhausted,0,0,0,wuhan,local_broadband_wuhan,account_wuhan,9343,30,complete,GK2026D1,,
2026-08-22T00:22:10,reply,6a2424aa0000000008003a1e,6a2443930000000028037896,complete,endpoint_exhausted,0,0,0,wuhan,local_broadband_wuhan,account_wuhan,9343,30,complete,GK2026D1,,
2026-08-22T00:22:41,reply,6a2424aa0000000008003a1e,6a244182000000002702f350,complete,endpoint_exhausted,0,0,0,wuhan,local_broadband_wuhan,account_wuhan,9343,30,complete,GK2026D1,,
2026-08-22T00:22:41,reply,6a2424aa0000000008003a1e,6a2428a20000000027017c54,complete,endpoint_exhausted,0,1,1,wuhan,local_broadband_wuhan,account_wuhan,9343,30,complete,GK2026D1,,
2026-08-22T00:22:41,reply,6a2424aa0000000008003a1e,6a244a02000000002702f797,complete,endpoint_exhausted,0,0,0,wuhan,local_broadband_wuhan,account_wuhan,9343,30,complete,GK2026D1,,
2026-08-22T00:22:41,reply,6a2424aa0000000008003a1e,6a27cfec000000002900da8e,complete,endpoint_exhausted,0,0,0,wuhan,local_broadband_wuhan,account_wuhan,9343,30,complete,GK2026D1,,
2026-08-22T00:22:41,reply,6a2424aa0000000008003a1e,6a2439b200000000280096cd,complete,endpoint_exhausted,0,0,0,wuhan,local_broadband_wuhan,account_wuhan,9343,30,complete,GK2026D1,,
2026-08-22T00:22:41,reply,6a2424aa0000000008003a1e,6a272d1d000000002902628c,complete,endpoint_exhausted,0,0,0,wuhan,local_broadband_wuhan,account_wuhan,9343,30,complete,GK2026D1,,
2026-08-22T00:22:41,reply,6a2424aa0000000008003a1e,6a24289f000000002b02a016,complete,endpoint_exhausted,0,0,0,wuhan,local_broadband_wuhan,account_wuhan,9343,30,complete,GK2026D1,,
2026-08-22T00:22:41,reply,6a2424aa0000000008003a1e,6a24cf56000000002702a0e7,complete,endpoint_exhausted,0,0,0,wuhan,local_broadband_wuhan,account_wuhan,9343,30,complete,GK2026D1,,
2026-08-22T00:22:41,reply,6a2424aa0000000008003a1e,6a24b4b7000000002902c648,complete,endpoint_exhausted,0,0,0,wuhan,local_broadband_wuhan,account_wuhan,9343,30,complete,GK2026D1,,
2026-08-22T00:22:41,reply,6a2424aa0000000008003a1e,6a2451c0000000002b0021ee,complete,endpoint_exhausted,0,0,0,wuhan,local_broadband_wuhan,account_wuhan,9343,30,complete,GK2026D1,,
2026-08-22T00:23:11,reply,6a2424aa0000000008003a1e,6a2b8de1000000000d022c00,complete,endpoint_exhausted,0,0,0,wuhan,local_broadband_wuhan,account_wuhan,9343,30,complete,GK2026D1,,
2026-08-22T00:23:11,reply,6a2424aa0000000008003a1e,6a2428a6000000002a005d07,complete,endpoint_exhausted,0,0,0,wuhan,local_broadband_wuhan,account_wuhan,9343,30,complete,GK2026D1,,
2026-08-22T00:23:11,reply,6a2424aa0000000008003a1e,6a242a44000000002b026b31,complete,endpoint_exhausted,0,0,0,wuhan,local_broadband_wuhan,account_wuhan,9343,30,complete,GK2026D1,,
2026-08-22T00:23:11,reply,6a2424aa0000000008003a1e,6a24385e000000002900ff58,complete,endpoint_exhausted,0,0,0,wuhan,local_broadband_wuhan,account_wuhan,9343,30,complete,GK2026D1,,
2026-08-22T00:23:11,reply,6a2424aa0000000008003a1e,6a242b34000000002902576e,complete,endpoint_exhausted,0,0,0,wuhan,local_broadband_wuhan,account_wuhan,9343,30,complete,GK2026D1,,
2026-08-22T00:23:11,reply,6a2424aa0000000008003a1e,6a24523a000000002b02a4ea,complete,endpoint_exhausted,0,0,0,wuhan,local_broadband_wuhan,account_wuhan,9343,30,complete,GK2026D1,,
2026-08-22T00:23:11,reply,6a2424aa0000000008003a1e,6a24687e000000002a03209b,complete,endpoint_exhausted,0,0,0,wuhan,local_broadband_wuhan,account_wuhan,9343,30,complete,GK2026D1,,
2026-08-22T00:23:11,reply,6a2424aa0000000008003a1e,6a2425220000000027014a2c,complete,endpoint_exhausted,0,0,0,wuhan,local_broadband_wuhan,account_wuhan,9343,30,complete,GK2026D1,,
2026-08-22T00:23:11,reply,6a2424aa0000000008003a1e,6a251b500000000028036419,complete,endpoint_exhausted,0,0,0,wuhan,local_broadband_wuhan,account_wuhan,9343,30,complete,GK2026D1,,
2026-08-22T00:23:11,reply,6a2424aa0000000008003a1e,6a6eee25000000002b025979,complete,endpoint_exhausted,0,0,0,wuhan,local_broadband_wuhan,account_wuhan,9343,30,complete,GK2026D1,,
2026-08-22T00:23:41,reply,6a2424aa0000000008003a1e,6a24c1a5000000002b003e0a,complete,endpoint_exhausted,0,0,0,wuhan,local_broadband_wuhan,account_wuhan,9343,30,complete,GK2026D1,,
2026-08-22T00:23:41,reply,6a2424aa0000000008003a1e,6a247265000000002702a36d,complete,endpoint_exhausted,0,0,0,wuhan,local_broadband_wuhan,account_wuhan,9343,30,complete,GK2026D1,,
2026-08-22T00:23:41,reply,6a2424aa0000000008003a1e,6a2439a8000000002702aac4,complete,endpoint_exhausted,0,0,0,wuhan,local_broadband_wuhan,account_wuhan,9343,30,complete,GK2026D1,,
2026-08-22T00:23:41,top_level,6a2424aa0000000008003a1e,,complete,endpoint_exhausted,4,33,,wuhan,local_broadband_wuhan,account_wuhan,9343,30,complete,GK2026D1,True,
2026-08-22T01:05:16,reply,6a2519120000000016024277,6a2528950000000027016208,complete,endpoint_exhausted,0,1,1,wuhan,local_broadband_wuhan,account_wuhan,9343,31,complete,GK2026D1,,
2026-08-22T01:05:16,top_level,6a2519120000000016024277,,complete,endpoint_exhausted,1,1,,wuhan,local_broadband_wuhan,account_wuhan,9343,31,complete,GK2026D1,True,
2026-08-22T01:17:21,reply,6a24b956000000001602778a,6a24c91400000000270177d0,complete,endpoint_exhausted,1,6,6,wuhan,local_broadband_wuhan,account_wuhan,9343,32,complete,GK2026D1,,
2026-08-22T01:23:53,reply,6a24b956000000001602778a,6a24f00d000000000d023c00,complete,endpoint_exhausted,13,62,62,wuhan,local_broadband_wuhan,account_wuhan,9343,32,complete,GK2026D1,,
2026-08-22T01:24:54,reply,6a24b956000000001602778a,6a24ccec000000002702afc4,complete,endpoint_exhausted,2,11,11,wuhan,local_broadband_wuhan,account_wuhan,9343,32,complete,GK2026D1,,
2026-08-22T01:25:54,reply,6a24b956000000001602778a,6a2582e9000000002900fd0f,complete,endpoint_exhausted,2,10,10,wuhan,local_broadband_wuhan,account_wuhan,9343,32,complete,GK2026D1,,
2026-08-22T01:26:54,reply,6a24b956000000001602778a,6a24eab6000000002701709d,complete,endpoint_exhausted,2,7,7,wuhan,local_broadband_wuhan,account_wuhan,9343,32,complete,GK2026D1,,
2026-08-22T01:27:25,reply,6a24b956000000001602778a,6a24d612000000002702effa,complete,endpoint_exhausted,1,5,5,wuhan,local_broadband_wuhan,account_wuhan,9343,32,complete,GK2026D1,,
2026-08-22T01:27:55,reply,6a24b956000000001602778a,6a2520fd000000002701db08,complete,endpoint_exhausted,1,4,4,wuhan,local_broadband_wuhan,account_wuhan,9343,32,complete,GK2026D1,,
2026-08-22T01:28:25,reply,6a24b956000000001602778a,6a24e4a50000000029025cf1,complete,endpoint_exhausted,1,2,2,wuhan,local_broadband_wuhan,account_wuhan,9343,32,complete,GK2026D1,,
2026-08-22T01:28:25,reply,6a24b956000000001602778a,6a2514ce000000002a027222,complete,endpoint_exhausted,0,1,1,wuhan,local_broadband_wuhan,account_wuhan,9343,32,complete,GK2026D1,,
2026-08-22T01:28:25,reply,6a24b956000000001602778a,6a2503bc000000002900ffa0,complete,endpoint_exhausted,0,1,1,wuhan,local_broadband_wuhan,account_wuhan,9343,32,complete,GK2026D1,,
2026-08-22T01:29:55,reply,6a24b956000000001602778a,6a2582e9000000002900fd0f,complete,endpoint_exhausted,2,10,10,wuhan,local_broadband_wuhan,account_wuhan,9343,32,complete,GK2026D1,,
2026-08-22T01:29:55,reply,6a24b956000000001602778a,6a254551000000002b0244b9,complete,endpoint_exhausted,0,0,0,wuhan,local_broadband_wuhan,account_wuhan,9343,32,complete,GK2026D1,,
2026-08-22T01:29:55,reply,6a24b956000000001602778a,6a252580000000002900d286,complete,endpoint_exhausted,0,0,0,wuhan,local_broadband_wuhan,account_wuhan,9343,32,complete,GK2026D1,,
2026-08-22T01:30:26,reply,6a24b956000000001602778a,6a2520fd000000002701db08,complete,endpoint_exhausted,1,4,4,wuhan,local_broadband_wuhan,account_wuhan,9343,32,complete,GK2026D1,,
2026-08-22T01:30:26,reply,6a24b956000000001602778a,6a251f12000000002a031df7,complete,endpoint_exhausted,0,0,0,wuhan,local_broadband_wuhan,account_wuhan,9343,32,complete,GK2026D1,,
2026-08-22T01:30:26,reply,6a24b956000000001602778a,6a251921000000002a0273d1,complete,endpoint_exhausted,0,0,0,wuhan,local_broadband_wuhan,account_wuhan,9343,32,complete,GK2026D1,,
2026-08-22T01:30:26,reply,6a24b956000000001602778a,6a250b3c00000000270207cc,complete,endpoint_exhausted,0,0,0,wuhan,local_broadband_wuhan,account_wuhan,9343,32,complete,GK2026D1,,
2026-08-22T01:30:26,reply,6a24b956000000001602778a,6a250b060000000029037059,complete,endpoint_exhausted,0,1,1,wuhan,local_broadband_wuhan,account_wuhan,9343,32,complete,GK2026D1,,
2026-08-22T01:30:26,reply,6a24b956000000001602778a,6a2507b70000000028033783,complete,endpoint_exhausted,0,0,0,wuhan,local_broadband_wuhan,account_wuhan,9343,32,complete,GK2026D1,,
2026-08-22T01:30:26,reply,6a24b956000000001602778a,6a2505f0000000002803c910,complete,endpoint_exhausted,0,0,0,wuhan,local_broadband_wuhan,account_wuhan,9343,32,complete,GK2026D1,,
2026-08-22T01:30:56,reply,6a24b956000000001602778a,6a250590000000002803a565,complete,endpoint_exhausted,0,0,0,wuhan,local_broadband_wuhan,account_wuhan,9343,32,complete,GK2026D1,,
2026-08-22T01:30:56,reply,6a24b956000000001602778a,6a25050f000000002b025401,complete,endpoint_exhausted,0,0,0,wuhan,local_broadband_wuhan,account_wuhan,9343,32,complete,GK2026D1,,
2026-08-22T01:30:56,reply,6a24b956000000001602778a,6a2502ac000000002b02a669,complete,endpoint_exhausted,0,0,0,wuhan,local_broadband_wuhan,account_wuhan,9343,32,complete,GK2026D1,,
2026-08-22T01:30:56,reply,6a24b956000000001602778a,6a2501e00000000027021828,complete,endpoint_exhausted,0,0,0,wuhan,local_broadband_wuhan,account_wuhan,9343,32,complete,GK2026D1,,
2026-08-22T01:30:56,reply,6a24b956000000001602778a,6a2501cf000000002b0241d8,complete,endpoint_exhausted,0,1,1,wuhan,local_broadband_wuhan,account_wuhan,9343,32,complete,GK2026D1,,
2026-08-22T01:30:56,reply,6a24b956000000001602778a,6a25016700000000270236c8,complete,endpoint_exhausted,0,0,0,wuhan,local_broadband_wuhan,account_wuhan,9343,32,complete,GK2026D1,,
2026-08-22T01:30:56,reply,6a24b956000000001602778a,6a24ff60000000002901873d,complete,endpoint_exhausted,0,0,0,wuhan,local_broadband_wuhan,account_wuhan,9343,32,complete,GK2026D1,,
2026-08-22T01:31:26,reply,6a24b956000000001602778a,6a24fd23000000002902c0ae,complete,endpoint_exhausted,1,2,2,wuhan,local_broadband_wuhan,account_wuhan,9343,32,complete,GK2026D1,,
2026-08-22T01:31:26,reply,6a24b956000000001602778a,6a24fb82000000002900feb0,complete,endpoint_exhausted,0,0,0,wuhan,local_broadband_wuhan,account_wuhan,9343,32,complete,GK2026D1,,
2026-08-22T01:31:26,reply,6a24b956000000001602778a,6a24fb4a000000002b025989,complete,endpoint_exhausted,0,0,0,wuhan,local_broadband_wuhan,account_wuhan,9343,32,complete,GK2026D1,,
2026-08-22T01:31:56,reply,6a24b956000000001602778a,6a24fac80000000027017737,complete,endpoint_exhausted,0,0,0,wuhan,local_broadband_wuhan,account_wuhan,9343,32,complete,GK2026D1,,
2026-08-22T01:31:56,reply,6a24b956000000001602778a,6a24fa250000000027022c03,complete,endpoint_exhausted,0,0,0,wuhan,local_broadband_wuhan,account_wuhan,9343,32,complete,GK2026D1,,
2026-08-22T01:31:56,reply,6a24b956000000001602778a,6a24f61b0000000029019f99,complete,endpoint_exhausted,0,0,0,wuhan,local_broadband_wuhan,account_wuhan,9343,32,complete,GK2026D1,,
2026-08-22T01:31:56,reply,6a24b956000000001602778a,6a24f5ff00000000280395cd,complete,endpoint_exhausted,0,0,0,wuhan,local_broadband_wuhan,account_wuhan,9343,32,complete,GK2026D1,,
2026-08-22T01:31:56,reply,6a24b956000000001602778a,6a24f5f2000000002a024711,complete,endpoint_exhausted,0,0,0,wuhan,local_broadband_wuhan,account_wuhan,9343,32,complete,GK2026D1,,
2026-08-22T01:31:56,reply,6a24b956000000001602778a,6a24f419000000002803693f,complete,endpoint_exhausted,0,0,0,wuhan,local_broadband_wuhan,account_wuhan,9343,32,complete,GK2026D1,,
2026-08-22T01:31:56,reply,6a24b956000000001602778a,6a24f22d0000000027023ab0,complete,endpoint_exhausted,0,0,0,wuhan,local_broadband_wuhan,account_wuhan,9343,32,complete,GK2026D1,,
2026-08-22T01:31:56,reply,6a24b956000000001602778a,6a24f1dd000000002701703b,complete,endpoint_exhausted,0,0,0,wuhan,local_broadband_wuhan,account_wuhan,9343,32,complete,GK2026D1,,
2026-08-22T01:31:56,reply,6a24b956000000001602778a,6a24f191000000002a02e4dc,complete,endpoint_exhausted,0,0,0,wuhan,local_broadband_wuhan,account_wuhan,9343,32,complete,GK2026D1,,
2026-08-22T01:31:56,reply,6a24b956000000001602778a,6a24efee000000002702cb75,complete,endpoint_exhausted,0,0,0,wuhan,local_broadband_wuhan,account_wuhan,9343,32,complete,GK2026D1,,
2026-08-22T01:32:26,reply,6a24b956000000001602778a,6a24efb40000000027029678,complete,endpoint_exhausted,0,0,0,wuhan,local_broadband_wuhan,account_wuhan,9343,32,complete,GK2026D1,,
2026-08-22T01:32:57,reply,6a24b956000000001602778a,6a24eeee000000002a027df6,complete,endpoint_exhausted,1,2,2,wuhan,local_broadband_wuhan,account_wuhan,9343,32,complete,GK2026D1,,
2026-08-22T01:32:57,reply,6a24b956000000001602778a,6a24ebbe00000000280392a7,complete,endpoint_exhausted,0,0,0,wuhan,local_broadband_wuhan,account_wuhan,9343,32,complete,GK2026D1,,
2026-08-22T01:33:57,reply,6a24b956000000001602778a,6a24eab6000000002701709d,complete,endpoint_exhausted,2,7,7,wuhan,local_broadband_wuhan,account_wuhan,9343,32,complete,GK2026D1,,
2026-08-22T01:33:57,reply,6a24b956000000001602778a,6a24e541000000002803eb38,complete,endpoint_exhausted,0,0,0,wuhan,local_broadband_wuhan,account_wuhan,9343,32,complete,GK2026D1,,
2026-08-22T01:34:27,reply,6a24b956000000001602778a,6a24e4a50000000029025cf1,complete,endpoint_exhausted,1,2,2,wuhan,local_broadband_wuhan,account_wuhan,9343,32,complete,GK2026D1,,
2026-08-22T01:34:27,reply,6a24b956000000001602778a,6a24db68000000002701dd68,complete,endpoint_exhausted,0,0,0,wuhan,local_broadband_wuhan,account_wuhan,9343,32,complete,GK2026D1,,
2026-08-22T01:34:57,reply,6a24b956000000001602778a,6a24d612000000002702effa,complete,endpoint_exhausted,1,5,5,wuhan,local_broadband_wuhan,account_wuhan,9343,32,complete,GK2026D1,,
2026-08-22T01:34:57,reply,6a24b956000000001602778a,6a24d408000000002b025492,complete,endpoint_exhausted,0,0,0,wuhan,local_broadband_wuhan,account_wuhan,9343,32,complete,GK2026D1,,
2026-08-22T01:34:57,reply,6a24b956000000001602778a,6a24d307000000002901b43c,complete,endpoint_exhausted,0,0,0,wuhan,local_broadband_wuhan,account_wuhan,9343,32,complete,GK2026D1,,
2026-08-22T01:35:28,reply,6a24b956000000001602778a,6a24d294000000002800b902,complete,endpoint_exhausted,0,0,0,wuhan,local_broadband_wuhan,account_wuhan,9343,32,complete,GK2026D1,,
2026-08-22T01:35:28,reply,6a24b956000000001602778a,6a24d06e000000002a0327f6,complete,endpoint_exhausted,0,0,0,wuhan,local_broadband_wuhan,account_wuhan,9343,32,complete,GK2026D1,,
2026-08-22T01:35:28,reply,6a24b956000000001602778a,6a24ceec0000000027014560,complete,endpoint_exhausted,0,0,0,wuhan,local_broadband_wuhan,account_wuhan,9343,32,complete,GK2026D1,,
2026-08-22T01:35:28,reply,6a24b956000000001602778a,6a24cdbc0000000028032817,complete,endpoint_exhausted,0,0,0,wuhan,local_broadband_wuhan,account_wuhan,9343,32,complete,GK2026D1,,
2026-08-22T01:35:28,reply,6a24b956000000001602778a,6a24c81c000000002902e356,complete,endpoint_exhausted,0,0,0,wuhan,local_broadband_wuhan,account_wuhan,9343,32,complete,GK2026D1,,
2026-08-22T01:35:28,reply,6a24b956000000001602778a,6a24c427000000002900c6dc,complete,endpoint_exhausted,0,0,0,wuhan,local_broadband_wuhan,account_wuhan,9343,32,complete,GK2026D1,,
2026-08-22T01:35:28,reply,6a24b956000000001602778a,6a24bb50000000002900d367,complete,endpoint_exhausted,0,0,0,wuhan,local_broadband_wuhan,account_wuhan,9343,32,complete,GK2026D1,,
2026-08-22T01:37:28,reply,6a24b956000000001602778a,6a24fd700000000028030586,complete,endpoint_exhausted,4,20,20,wuhan,local_broadband_wuhan,account_wuhan,9343,32,complete,GK2026D1,,
2026-08-22T01:37:28,reply,6a24b956000000001602778a,6a25660f0000000029025b71,complete,endpoint_exhausted,0,0,0,wuhan,local_broadband_wuhan,account_wuhan,9343,32,complete,GK2026D1,,
2026-08-22T01:37:28,reply,6a24b956000000001602778a,6a250e20000000002a0240d2,complete,endpoint_exhausted,0,0,0,wuhan,local_broadband_wuhan,account_wuhan,9343,32,complete,GK2026D1,,
2026-08-22T01:37:59,reply,6a24b956000000001602778a,6a24eccf000000002a025b82,complete,endpoint_exhausted,0,0,0,wuhan,local_broadband_wuhan,account_wuhan,9343,32,complete,GK2026D1,,
2026-08-22T01:37:59,reply,6a24b956000000001602778a,6a24e8a7000000002702c7a4,complete,endpoint_exhausted,0,0,0,wuhan,local_broadband_wuhan,account_wuhan,9343,32,complete,GK2026D1,,
2026-08-22T01:38:29,reply,6a24b956000000001602778a,6a24e687000000000d022c00,complete,endpoint_exhausted,1,2,2,wuhan,local_broadband_wuhan,account_wuhan,9343,32,complete,GK2026D1,,
2026-08-22T01:38:29,reply,6a24b956000000001602778a,6a24f31300000000290125d0,complete,endpoint_exhausted,0,0,0,wuhan,local_broadband_wuhan,account_wuhan,9343,32,complete,GK2026D1,,
2026-08-22T01:38:29,reply,6a24b956000000001602778a,6a24edb00000000028030ec0,complete,endpoint_exhausted,0,0,0,wuhan,local_broadband_wuhan,account_wuhan,9343,32,complete,GK2026D1,,
2026-08-22T01:38:29,reply,6a24b956000000001602778a,6a24e94a0000000028036645,complete,endpoint_exhausted,0,0,0,wuhan,local_broadband_wuhan,account_wuhan,9343,32,complete,GK2026D1,,
2026-08-22T01:38:29,top_level,6a24b956000000001602778a,,complete,endpoint_exhausted,7,66,,wuhan,local_broadband_wuhan,account_wuhan,9343,32,complete,GK2026D1,True,
2026-08-22T01:50:03,reply,6a2503ec0000000021021f74,6a263d390000000028039505,complete,endpoint_exhausted,0,0,0,wuhan,local_broadband_wuhan,account_wuhan,9343,33,complete,GK2026D1,,
2026-08-22T01:50:03,reply,6a2503ec0000000021021f74,6a25fdbd000000002b001235,complete,endpoint_exhausted,0,0,0,wuhan,local_broadband_wuhan,account_wuhan,9343,33,complete,GK2026D1,,
2026-08-22T01:50:04,reply,6a2503ec0000000021021f74,6a294572000000002702f434,complete,endpoint_exhausted,0,0,0,wuhan,local_broadband_wuhan,account_wuhan,9343,33,complete,GK2026D1,,
2026-08-22T01:50:04,top_level,6a2503ec0000000021021f74,,complete,endpoint_exhausted,1,3,,wuhan,local_broadband_wuhan,account_wuhan,9343,33,complete,GK2026D1,True,
2026-08-22T02:01:39,reply,6a2698d4000000001702f7be,6a296d7300000000280332e4,complete,endpoint_exhausted,0,0,0,wuhan,local_broadband_wuhan,account_wuhan,9343,34,complete,GK2026D1,,
2026-08-22T02:01:39,top_level,6a2698d4000000001702f7be,,complete,endpoint_exhausted,1,1,,wuhan,local_broadband_wuhan,account_wuhan,9343,34,complete,GK2026D1,True,
2026-08-22T02:13:13,reply,6a2517fa000000001702e52e,6a254ac000000000270145f6,complete,endpoint_exhausted,0,0,0,wuhan,local_broadband_wuhan,account_wuhan,9343,35,complete,GK2026D1,,
2026-08-22T02:13:43,reply,6a2517fa000000001702e52e,6a256d2a000000002901ba0e,complete,endpoint_exhausted,1,2,2,wuhan,local_broadband_wuhan,account_wuhan,9343,35,complete,GK2026D1,,
2026-08-22T02:13:43,top_level,6a2517fa000000001702e52e,,complete,endpoint_exhausted,1,2,,wuhan,local_broadband_wuhan,account_wuhan,9343,35,complete,GK2026D1,True,
2026-08-22T02:25:17,top_level,6a24c2b7000000003501c0e7,,complete,endpoint_exhausted,1,0,,wuhan,local_broadband_wuhan,account_wuhan,9343,36,complete,GK2026D1,True,
2026-08-22T03:08:23,reply,6a26763f0000000021020994,6a284f13000000002803ecbc,complete,endpoint_exhausted,3,15,15,wuhan,local_broadband_wuhan,account_wuhan,9343,37,complete,GK2026D1,,
2026-08-22T03:10:24,reply,6a26763f0000000021020994,6a2677f9000000002900d400,complete,endpoint_exhausted,4,19,19,wuhan,local_broadband_wuhan,account_wuhan,9343,37,complete,GK2026D1,,
2026-08-22T03:10:54,reply,6a26763f0000000021020994,6a292a5a000000002803d80c,complete,endpoint_exhausted,1,3,3,wuhan,local_broadband_wuhan,account_wuhan,9343,37,complete,GK2026D1,,
2026-08-22T03:10:54,reply,6a26763f0000000021020994,6a279a3c000000002701617a,complete,endpoint_exhausted,0,1,1,wuhan,local_broadband_wuhan,account_wuhan,9343,37,complete,GK2026D1,,
2026-08-22T03:10:54,reply,6a26763f0000000021020994,6a86fffc0000000015006f22,complete,endpoint_exhausted,0,0,0,wuhan,local_broadband_wuhan,account_wuhan,9343,37,complete,GK2026D1,,
2026-08-22T03:12:55,reply,6a26763f0000000021020994,6a27a3ce00000000290371de,complete,endpoint_exhausted,4,17,17,wuhan,local_broadband_wuhan,account_wuhan,9343,37,complete,GK2026D1,,
2026-08-22T03:13:55,reply,6a26763f0000000021020994,6a2801e60000000027014eb9,complete,endpoint_exhausted,2,10,10,wuhan,local_broadband_wuhan,account_wuhan,9343,37,complete,GK2026D1,,
2026-08-22T03:14:25,reply,6a26763f0000000021020994,6a28dd7a000000002901207d,complete,endpoint_exhausted,1,3,3,wuhan,local_broadband_wuhan,account_wuhan,9343,37,complete,GK2026D1,,
2026-08-22T03:15:26,reply,6a26763f0000000021020994,6a28b3d9000000002702137f,complete,endpoint_exhausted,2,7,7,wuhan,local_broadband_wuhan,account_wuhan,9343,37,complete,GK2026D1,,
2026-08-22T03:15:26,reply,6a26763f0000000021020994,6a2785ed000000002702a47e,complete,endpoint_exhausted,0,1,1,wuhan,local_broadband_wuhan,account_wuhan,9343,37,complete,GK2026D1,,
2026-08-22T03:15:56,reply,6a26763f0000000021020994,6a2847900000000028033334,complete,endpoint_exhausted,0,1,1,wuhan,local_broadband_wuhan,account_wuhan,9343,37,complete,GK2026D1,,
2026-08-22T03:16:26,reply,6a26763f0000000021020994,6a26cd4d0000000028034df8,complete,endpoint_exhausted,1,3,3,wuhan,local_broadband_wuhan,account_wuhan,9343,37,complete,GK2026D1,,
2026-08-22T03:16:26,reply,6a26763f0000000021020994,6a27c8950000000029012c68,complete,endpoint_exhausted,0,0,0,wuhan,local_broadband_wuhan,account_wuhan,9343,37,complete,GK2026D1,,
2026-08-22T03:16:26,reply,6a26763f0000000021020994,6a26dd27000000002b02855c,complete,endpoint_exhausted,0,0,0,wuhan,local_broadband_wuhan,account_wuhan,9343,37,complete,GK2026D1,,
2026-08-22T03:16:56,reply,6a26763f0000000021020994,6a26d258000000002b025a72,complete,endpoint_exhausted,1,2,2,wuhan,local_broadband_wuhan,account_wuhan,9343,37,complete,GK2026D1,,
2026-08-22T03:17:26,reply,6a26763f0000000021020994,6a2a3b71000000002a0328ee,complete,endpoint_exhausted,1,4,4,wuhan,local_broadband_wuhan,account_wuhan,9343,37,complete,GK2026D1,,
2026-08-22T03:17:26,reply,6a26763f0000000021020994,6a27964a000000002803cb5f,complete,endpoint_exhausted,0,0,0,wuhan,local_broadband_wuhan,account_wuhan,9343,37,complete,GK2026D1,,
2026-08-22T03:17:26,reply,6a26763f0000000021020994,6a26a3050000000029018e7e,complete,endpoint_exhausted,0,0,0,wuhan,local_broadband_wuhan,account_wuhan,9343,37,complete,GK2026D1,,
2026-08-22T03:17:26,reply,6a26763f0000000021020994,6a281820000000002702bafb,complete,endpoint_exhausted,0,0,0,wuhan,local_broadband_wuhan,account_wuhan,9343,37,complete,GK2026D1,,
2026-08-22T03:17:26,reply,6a26763f0000000021020994,6a26d26f000000002900c9a1,complete,endpoint_exhausted,0,0,0,wuhan,local_broadband_wuhan,account_wuhan,9343,37,complete,GK2026D1,,
2026-08-22T03:17:57,reply,6a26763f0000000021020994,6a26aa6c000000002a03161f,complete,endpoint_exhausted,0,0,0,wuhan,local_broadband_wuhan,account_wuhan,9343,37,complete,GK2026D1,,
2026-08-22T03:17:57,reply,6a26763f0000000021020994,6a26c096000000002702a71c,complete,endpoint_exhausted,0,0,0,wuhan,local_broadband_wuhan,account_wuhan,9343,37,complete,GK2026D1,,
2026-08-22T03:17:57,reply,6a26763f0000000021020994,6a275d80000000002702ab08,complete,endpoint_exhausted,0,0,0,wuhan,local_broadband_wuhan,account_wuhan,9343,37,complete,GK2026D1,,
2026-08-22T03:17:57,reply,6a26763f0000000021020994,6a2eba80000000002a026306,complete,endpoint_exhausted,0,0,0,wuhan,local_broadband_wuhan,account_wuhan,9343,37,complete,GK2026D1,,
2026-08-22T03:17:57,reply,6a26763f0000000021020994,6a269ad70000000029027b03,complete,endpoint_exhausted,0,0,0,wuhan,local_broadband_wuhan,account_wuhan,9343,37,complete,GK2026D1,,
2026-08-22T03:17:57,reply,6a26763f0000000021020994,6a28704b0000000027020d10,complete,endpoint_exhausted,0,1,1,wuhan,local_broadband_wuhan,account_wuhan,9343,37,complete,GK2026D1,,
2026-08-22T03:17:57,reply,6a26763f0000000021020994,6a289b78000000002900ee6a,complete,endpoint_exhausted,0,1,1,wuhan,local_broadband_wuhan,account_wuhan,9343,37,complete,GK2026D1,,
2026-08-22T03:17:57,reply,6a26763f0000000021020994,6a2826ee000000002b0248e0,complete,endpoint_exhausted,0,0,0,wuhan,local_broadband_wuhan,account_wuhan,9343,37,complete,GK2026D1,,
2026-08-22T03:17:57,reply,6a26763f0000000021020994,6a269f9f000000002b0240df,complete,endpoint_exhausted,0,0,0,wuhan,local_broadband_wuhan,account_wuhan,9343,37,complete,GK2026D1,,
2026-08-22T03:17:57,reply,6a26763f0000000021020994,6a29fec3000000002702b051,complete,endpoint_exhausted,0,0,0,wuhan,local_broadband_wuhan,account_wuhan,9343,37,complete,GK2026D1,,
2026-08-22T03:18:27,reply,6a26763f0000000021020994,6a28299500000000270162cc,complete,endpoint_exhausted,0,0,0,wuhan,local_broadband_wuhan,account_wuhan,9343,37,complete,GK2026D1,,
2026-08-22T03:18:27,reply,6a26763f0000000021020994,6a28efc9000000002b027341,complete,endpoint_exhausted,0,0,0,wuhan,local_broadband_wuhan,account_wuhan,9343,37,complete,GK2026D1,,
2026-08-22T03:18:27,reply,6a26763f0000000021020994,6a34feca0000000015007e11,complete,endpoint_exhausted,0,0,0,wuhan,local_broadband_wuhan,account_wuhan,9343,37,complete,GK2026D1,,
2026-08-22T03:18:27,reply,6a26763f0000000021020994,6a3bb674000000002a00482b,complete,endpoint_exhausted,0,0,0,wuhan,local_broadband_wuhan,account_wuhan,9343,37,complete,GK2026D1,,
2026-08-22T03:18:27,reply,6a26763f0000000021020994,6a29057f00000000280381d1,complete,endpoint_exhausted,0,0,0,wuhan,local_broadband_wuhan,account_wuhan,9343,37,complete,GK2026D1,,
2026-08-22T03:18:27,reply,6a26763f0000000021020994,6a2a53b4000000002901b281,complete,endpoint_exhausted,0,0,0,wuhan,local_broadband_wuhan,account_wuhan,9343,37,complete,GK2026D1,,
2026-08-22T03:18:27,reply,6a26763f0000000021020994,6a29eef8000000002b003266,complete,endpoint_exhausted,0,0,0,wuhan,local_broadband_wuhan,account_wuhan,9343,37,complete,GK2026D1,,
2026-08-22T03:18:27,reply,6a26763f0000000021020994,6a295fc7000000002901104c,complete,endpoint_exhausted,0,0,0,wuhan,local_broadband_wuhan,account_wuhan,9343,37,complete,GK2026D1,,
2026-08-22T03:18:27,reply,6a26763f0000000021020994,6a297634000000002702d983,complete,endpoint_exhausted,0,0,0,wuhan,local_broadband_wuhan,account_wuhan,9343,37,complete,GK2026D1,,
2026-08-22T03:18:27,reply,6a26763f0000000021020994,6a2cc501000000002803db6f,complete,endpoint_exhausted,0,0,0,wuhan,local_broadband_wuhan,account_wuhan,9343,37,complete,GK2026D1,,
2026-08-22T03:18:57,reply,6a26763f0000000021020994,6a291f1f000000002a02cc12,complete,endpoint_exhausted,0,0,0,wuhan,local_broadband_wuhan,account_wuhan,9343,37,complete,GK2026D1,,
2026-08-22T03:18:57,reply,6a26763f0000000021020994,6a363be9000000002902e94f,complete,endpoint_exhausted,0,0,0,wuhan,local_broadband_wuhan,account_wuhan,9343,37,complete,GK2026D1,,
2026-08-22T03:18:57,reply,6a26763f0000000021020994,6a29f458000000002702160d,complete,endpoint_exhausted,0,0,0,wuhan,local_broadband_wuhan,account_wuhan,9343,37,complete,GK2026D1,,
2026-08-22T03:18:57,reply,6a26763f0000000021020994,6a2e16b1000000002800980d,complete,endpoint_exhausted,0,0,0,wuhan,local_broadband_wuhan,account_wuhan,9343,37,complete,GK2026D1,,
2026-08-22T03:18:57,reply,6a26763f0000000021020994,6a3609f00000000014038e0c,complete,endpoint_exhausted,0,0,0,wuhan,local_broadband_wuhan,account_wuhan,9343,37,complete,GK2026D1,,
2026-08-22T03:18:57,reply,6a26763f0000000021020994,6a3a5e640000000005016d11,complete,endpoint_exhausted,0,0,0,wuhan,local_broadband_wuhan,account_wuhan,9343,37,complete,GK2026D1,,
2026-08-22T03:18:57,reply,6a26763f0000000021020994,6a2a386d00000000270281a6,complete,endpoint_exhausted,0,0,0,wuhan,local_broadband_wuhan,account_wuhan,9343,37,complete,GK2026D1,,
2026-08-22T03:18:57,reply,6a26763f0000000021020994,6a29071a000000002b028c75,complete,endpoint_exhausted,0,0,0,wuhan,local_broadband_wuhan,account_wuhan,9343,37,complete,GK2026D1,,
2026-08-22T03:18:57,reply,6a26763f0000000021020994,6a291425000000002b027e38,complete,endpoint_exhausted,0,0,0,wuhan,local_broadband_wuhan,account_wuhan,9343,37,complete,GK2026D1,,
2026-08-22T03:18:57,reply,6a26763f0000000021020994,6a290a68000000002a032f19,complete,endpoint_exhausted,0,0,0,wuhan,local_broadband_wuhan,account_wuhan,9343,37,complete,GK2026D1,,
2026-08-22T03:19:27,reply,6a26763f0000000021020994,6a299b3c000000002a02c180,complete,endpoint_exhausted,0,0,0,wuhan,local_broadband_wuhan,account_wuhan,9343,37,complete,GK2026D1,,
2026-08-22T03:19:27,reply,6a26763f0000000021020994,6a2bcd37000000002701ec8b,complete,endpoint_exhausted,0,0,0,wuhan,local_broadband_wuhan,account_wuhan,9343,37,complete,GK2026D1,,
2026-08-22T03:19:27,reply,6a26763f0000000021020994,6a28d16a000000002901bce7,complete,endpoint_exhausted,0,0,0,wuhan,local_broadband_wuhan,account_wuhan,9343,37,complete,GK2026D1,,
2026-08-22T03:19:27,reply,6a26763f0000000021020994,6a28f0f400000000270174df,complete,endpoint_exhausted,0,0,0,wuhan,local_broadband_wuhan,account_wuhan,9343,37,complete,GK2026D1,,
2026-08-22T03:19:27,reply,6a26763f0000000021020994,6a28d03f000000002a006c2e,complete,endpoint_exhausted,0,0,0,wuhan,local_broadband_wuhan,account_wuhan,9343,37,complete,GK2026D1,,
2026-08-22T03:19:27,reply,6a26763f0000000021020994,6a29ab66000000002a032d37,complete,endpoint_exhausted,0,0,0,wuhan,local_broadband_wuhan,account_wuhan,9343,37,complete,GK2026D1,,
2026-08-22T03:19:27,reply,6a26763f0000000021020994,6a28a9080000000028035c20,complete,endpoint_exhausted,0,0,0,wuhan,local_broadband_wuhan,account_wuhan,9343,37,complete,GK2026D1,,
2026-08-22T03:19:27,reply,6a26763f0000000021020994,6a3493f7000000001500077f,complete,endpoint_exhausted,0,0,0,wuhan,local_broadband_wuhan,account_wuhan,9343,37,complete,GK2026D1,,
2026-08-22T03:19:58,reply,6a26763f0000000021020994,6a345343000000002b0243ac,complete,endpoint_exhausted,1,4,4,wuhan,local_broadband_wuhan,account_wuhan,9343,37,complete,GK2026D1,,
2026-08-22T03:19:58,reply,6a26763f0000000021020994,6a2c6ad5000000002902c7e0,complete,endpoint_exhausted,0,0,0,wuhan,local_broadband_wuhan,account_wuhan,9343,37,complete,GK2026D1,,
2026-08-22T03:20:28,reply,6a26763f0000000021020994,6a2c699b000000002a02547a,complete,endpoint_exhausted,0,0,0,wuhan,local_broadband_wuhan,account_wuhan,9343,37,complete,GK2026D1,,
2026-08-22T03:20:28,reply,6a26763f0000000021020994,6a290511000000002a0060ef,complete,endpoint_exhausted,0,0,0,wuhan,local_broadband_wuhan,account_wuhan,9343,37,complete,GK2026D1,,
2026-08-22T03:20:28,reply,6a26763f0000000021020994,6a28fd24000000002902dd8e,complete,endpoint_exhausted,0,0,0,wuhan,local_broadband_wuhan,account_wuhan,9343,37,complete,GK2026D1,,
2026-08-22T03:20:28,reply,6a26763f0000000021020994,6a28f5910000000027015cbe,complete,endpoint_exhausted,0,0,0,wuhan,local_broadband_wuhan,account_wuhan,9343,37,complete,GK2026D1,,
2026-08-22T03:20:28,reply,6a26763f0000000021020994,6a28ecbd000000002a024614,complete,endpoint_exhausted,0,0,0,wuhan,local_broadband_wuhan,account_wuhan,9343,37,complete,GK2026D1,,
2026-08-22T03:20:28,reply,6a26763f0000000021020994,6a28ebd60000000029013a3c,complete,endpoint_exhausted,0,0,0,wuhan,local_broadband_wuhan,account_wuhan,9343,37,complete,GK2026D1,,
2026-08-22T03:20:28,reply,6a26763f0000000021020994,6a28eb2c00000000290111cc,complete,endpoint_exhausted,0,0,0,wuhan,local_broadband_wuhan,account_wuhan,9343,37,complete,GK2026D1,,
2026-08-22T03:20:28,reply,6a26763f0000000021020994,6a28e7fa000000002803cd66,complete,endpoint_exhausted,0,0,0,wuhan,local_broadband_wuhan,account_wuhan,9343,37,complete,GK2026D1,,
2026-08-22T03:20:28,reply,6a26763f0000000021020994,6a28e6000000000028032c8f,complete,endpoint_exhausted,0,0,0,wuhan,local_broadband_wuhan,account_wuhan,9343,37,complete,GK2026D1,,
2026-08-22T03:20:28,reply,6a26763f0000000021020994,6a28e372000000002b024648,complete,endpoint_exhausted,0,0,0,wuhan,local_broadband_wuhan,account_wuhan,9343,37,complete,GK2026D1,,
2026-08-22T03:20:58,reply,6a26763f0000000021020994,6a28e282000000002902cac5,complete,endpoint_exhausted,0,0,0,wuhan,local_broadband_wuhan,account_wuhan,9343,37,complete,GK2026D1,,
2026-08-22T03:20:58,reply,6a26763f0000000021020994,6a28df6f0000000027014496,complete,endpoint_exhausted,0,0,0,wuhan,local_broadband_wuhan,account_wuhan,9343,37,complete,GK2026D1,,
2026-08-22T03:20:58,reply,6a26763f0000000021020994,6a28be23000000002b0283dd,complete,endpoint_exhausted,0,0,0,wuhan,local_broadband_wuhan,account_wuhan,9343,37,complete,GK2026D1,,
2026-08-22T03:20:58,reply,6a26763f0000000021020994,6a28b3a1000000002902f6b2,complete,endpoint_exhausted,0,0,0,wuhan,local_broadband_wuhan,account_wuhan,9343,37,complete,GK2026D1,,
2026-08-22T03:20:58,reply,6a26763f0000000021020994,6a28af0f0000000027017290,complete,endpoint_exhausted,0,0,0,wuhan,local_broadband_wuhan,account_wuhan,9343,37,complete,GK2026D1,,
2026-08-22T03:20:58,reply,6a26763f0000000021020994,6a28a9d30000000029025de0,complete,endpoint_exhausted,0,0,0,wuhan,local_broadband_wuhan,account_wuhan,9343,37,complete,GK2026D1,,
2026-08-22T03:20:58,reply,6a26763f0000000021020994,6a287991000000002702a6c1,complete,endpoint_exhausted,0,0,0,wuhan,local_broadband_wuhan,account_wuhan,9343,37,complete,GK2026D1,,
2026-08-22T03:20:58,reply,6a26763f0000000021020994,6a2846ac000000002b029e36,complete,endpoint_exhausted,0,1,1,wuhan,local_broadband_wuhan,account_wuhan,9343,37,complete,GK2026D1,,
2026-08-22T03:20:58,reply,6a26763f0000000021020994,6a28440e000000002a026f16,complete,endpoint_exhausted,0,0,0,wuhan,local_broadband_wuhan,account_wuhan,9343,37,complete,GK2026D1,,
2026-08-22T03:20:58,reply,6a26763f0000000021020994,6a283ebd000000002b02a559,complete,endpoint_exhausted,0,0,0,wuhan,local_broadband_wuhan,account_wuhan,9343,37,complete,GK2026D1,,
2026-08-22T03:21:28,reply,6a26763f0000000021020994,6a283dbb0000000029026b2a,complete,endpoint_exhausted,0,0,0,wuhan,local_broadband_wuhan,account_wuhan,9343,37,complete,GK2026D1,,
2026-08-22T03:21:28,reply,6a26763f0000000021020994,6a28394d000000002b024c86,complete,endpoint_exhausted,0,0,0,wuhan,local_broadband_wuhan,account_wuhan,9343,37,complete,GK2026D1,,
2026-08-22T03:21:28,reply,6a26763f0000000021020994,6a281726000000002901a4f5,complete,endpoint_exhausted,0,0,0,wuhan,local_broadband_wuhan,account_wuhan,9343,37,complete,GK2026D1,,
2026-08-22T03:21:28,reply,6a26763f0000000021020994,6a281172000000002701fcde,complete,endpoint_exhausted,0,0,0,wuhan,local_broadband_wuhan,account_wuhan,9343,37,complete,GK2026D1,,
2026-08-22T03:21:28,reply,6a26763f0000000021020994,6a2811110000000027015063,complete,endpoint_exhausted,0,0,0,wuhan,local_broadband_wuhan,account_wuhan,9343,37,complete,GK2026D1,,
2026-08-22T03:21:28,reply,6a26763f0000000021020994,6a27859a000000002702295a,complete,endpoint_exhausted,0,0,0,wuhan,local_broadband_wuhan,account_wuhan,9343,37,complete,GK2026D1,,
2026-08-22T03:21:28,reply,6a26763f0000000021020994,6a26cf45000000002900e7f1,complete,endpoint_exhausted,0,0,0,wuhan,local_broadband_wuhan,account_wuhan,9343,37,complete,GK2026D1,,
2026-08-22T03:22:29,reply,6a26763f0000000021020994,6a276529000000002a032858,complete,endpoint_exhausted,2,10,10,wuhan,local_broadband_wuhan,account_wuhan,9343,37,complete,GK2026D1,,
2026-08-22T03:22:29,reply,6a26763f0000000021020994,6a2784790000000029013cb5,complete,endpoint_exhausted,0,0,0,wuhan,local_broadband_wuhan,account_wuhan,9343,37,complete,GK2026D1,,
2026-08-22T03:22:29,reply,6a26763f0000000021020994,6a26b168000000002702b8c0,complete,endpoint_exhausted,0,0,0,wuhan,local_broadband_wuhan,account_wuhan,9343,37,complete,GK2026D1,,
2026-08-22T03:22:59,reply,6a26763f0000000021020994,6a281eb00000000028008fb7,complete,endpoint_exhausted,0,0,0,wuhan,local_broadband_wuhan,account_wuhan,9343,37,complete,GK2026D1,,
2026-08-22T03:22:59,reply,6a26763f0000000021020994,6a27a66f000000002900d082,complete,endpoint_exhausted,0,0,0,wuhan,local_broadband_wuhan,account_wuhan,9343,37,complete,GK2026D1,,
2026-08-22T03:22:59,reply,6a26763f0000000021020994,6a32526d00000000270227eb,complete,endpoint_exhausted,0,0,0,wuhan,local_broadband_wuhan,account_wuhan,9343,37,complete,GK2026D1,,
2026-08-22T03:22:59,reply,6a26763f0000000021020994,6a2a53b8000000002b025102,complete,endpoint_exhausted,0,0,0,wuhan,local_broadband_wuhan,account_wuhan,9343,37,complete,GK2026D1,,
2026-08-22T03:22:59,reply,6a26763f0000000021020994,6a28f9ba000000002b00352d,complete,endpoint_exhausted,0,0,0,wuhan,local_broadband_wuhan,account_wuhan,9343,37,complete,GK2026D1,,
2026-08-22T03:22:59,reply,6a26763f0000000021020994,6a28f946000000002902d344,complete,endpoint_exhausted,0,0,0,wuhan,local_broadband_wuhan,account_wuhan,9343,37,complete,GK2026D1,,
2026-08-22T03:22:59,reply,6a26763f0000000021020994,6a28d6ff00000000290250a0,complete,endpoint_exhausted,0,0,0,wuhan,local_broadband_wuhan,account_wuhan,9343,37,complete,GK2026D1,,
2026-08-22T03:22:59,reply,6a26763f0000000021020994,6a28cac100000000280386e1,complete,endpoint_exhausted,0,0,0,wuhan,local_broadband_wuhan,account_wuhan,9343,37,complete,GK2026D1,,
2026-08-22T03:22:59,reply,6a26763f0000000021020994,6a28deec000000002702d397,complete,endpoint_exhausted,0,0,0,wuhan,local_broadband_wuhan,account_wuhan,9343,37,complete,GK2026D1,,
2026-08-22T03:22:59,reply,6a26763f0000000021020994,6a6b5e180000000009016304,complete,endpoint_exhausted,0,0,0,wuhan,local_broadband_wuhan,account_wuhan,9343,37,complete,GK2026D1,,
2026-08-22T03:23:29,reply,6a26763f0000000021020994,6a2b7b71000000002a005014,complete,endpoint_exhausted,0,0,0,wuhan,local_broadband_wuhan,account_wuhan,9343,37,complete,GK2026D1,,
2026-08-22T03:23:29,reply,6a26763f0000000021020994,6a28f263000000002702ce55,complete,endpoint_exhausted,0,0,0,wuhan,local_broadband_wuhan,account_wuhan,9343,37,complete,GK2026D1,,
2026-08-22T03:23:29,top_level,6a26763f0000000021020994,,complete,endpoint_exhausted,11,102,,wuhan,local_broadband_wuhan,account_wuhan,9343,37,complete,GK2026D1,True,
2026-08-22T03:35:35,reply,6a2573b5000000002101ae6f,6a2588ba00000000270233bb,complete,endpoint_exhausted,1,5,5,wuhan,local_broadband_wuhan,account_wuhan,9343,38,complete,GK2026D1,,
2026-08-22T03:35:35,reply,6a2573b5000000002101ae6f,6a25a581000000002803a891,complete,endpoint_exhausted,0,1,1,wuhan,local_broadband_wuhan,account_wuhan,9343,38,complete,GK2026D1,,
2026-08-22T03:35:35,reply,6a2573b5000000002101ae6f,6a25781e000000002b003697,complete,endpoint_exhausted,0,0,0,wuhan,local_broadband_wuhan,account_wuhan,9343,38,complete,GK2026D1,,
2026-08-22T03:35:35,reply,6a2573b5000000002101ae6f,6a25758d000000002a0070dd,complete,endpoint_exhausted,0,0,0,wuhan,local_broadband_wuhan,account_wuhan,9343,38,complete,GK2026D1,,
2026-08-22T03:35:35,reply,6a2573b5000000002101ae6f,6a25fb290000000028009c31,complete,endpoint_exhausted,0,0,0,wuhan,local_broadband_wuhan,account_wuhan,9343,38,complete,GK2026D1,,
2026-08-22T03:35:35,reply,6a2573b5000000002101ae6f,6a258506000000002900c736,complete,endpoint_exhausted,0,0,0,wuhan,local_broadband_wuhan,account_wuhan,9343,38,complete,GK2026D1,,
2026-08-22T03:35:35,reply,6a2573b5000000002101ae6f,6a2595b50000000028039ea9,complete,endpoint_exhausted,0,1,1,wuhan,local_broadband_wuhan,account_wuhan,9343,38,complete,GK2026D1,,
2026-08-22T03:35:35,reply,6a2573b5000000002101ae6f,6a261e57000000002702bbc2,complete,endpoint_exhausted,0,0,0,wuhan,local_broadband_wuhan,account_wuhan,9343,38,complete,GK2026D1,,
2026-08-22T03:35:35,reply,6a2573b5000000002101ae6f,6a257da6000000002a0258c1,complete,endpoint_exhausted,0,0,0,wuhan,local_broadband_wuhan,account_wuhan,9343,38,complete,GK2026D1,,
2026-08-22T03:35:35,reply,6a2573b5000000002101ae6f,6a2649fd000000002702c7ab,complete,endpoint_exhausted,0,0,0,wuhan,local_broadband_wuhan,account_wuhan,9343,38,complete,GK2026D1,,
2026-08-22T03:36:05,reply,6a2573b5000000002101ae6f,6a25a2b00000000027021fda,complete,endpoint_exhausted,0,0,0,wuhan,local_broadband_wuhan,account_wuhan,9343,38,complete,GK2026D1,,
2026-08-22T03:36:05,reply,6a2573b5000000002101ae6f,6a259213000000002900e256,complete,endpoint_exhausted,0,0,0,wuhan,local_broadband_wuhan,account_wuhan,9343,38,complete,GK2026D1,,
2026-08-22T03:36:05,reply,6a2573b5000000002101ae6f,6a2953320000000029025d8a,complete,endpoint_exhausted,0,0,0,wuhan,local_broadband_wuhan,account_wuhan,9343,38,complete,GK2026D1,,
2026-08-22T03:36:05,reply,6a2573b5000000002101ae6f,6a2579ea000000002a025a72,complete,endpoint_exhausted,0,0,0,wuhan,local_broadband_wuhan,account_wuhan,9343,38,complete,GK2026D1,,
2026-08-22T03:36:05,reply,6a2573b5000000002101ae6f,6a257f18000000002b00076f,complete,endpoint_exhausted,0,0,0,wuhan,local_broadband_wuhan,account_wuhan,9343,38,complete,GK2026D1,,
2026-08-22T03:36:05,reply,6a2573b5000000002101ae6f,6a257ff7000000000d023003,complete,endpoint_exhausted,0,0,0,wuhan,local_broadband_wuhan,account_wuhan,9343,38,complete,GK2026D1,,
2026-08-22T03:36:05,reply,6a2573b5000000002101ae6f,6a262bdf000000002b0003db,complete,endpoint_exhausted,0,0,0,wuhan,local_broadband_wuhan,account_wuhan,9343,38,complete,GK2026D1,,
2026-08-22T03:36:05,reply,6a2573b5000000002101ae6f,6a25751d000000002701e44a,complete,endpoint_exhausted,0,0,0,wuhan,local_broadband_wuhan,account_wuhan,9343,38,complete,GK2026D1,,
2026-08-22T03:36:05,reply,6a2573b5000000002101ae6f,6a25a7a1000000002900dcf6,complete,endpoint_exhausted,0,0,0,wuhan,local_broadband_wuhan,account_wuhan,9343,38,complete,GK2026D1,,
2026-08-22T03:36:05,reply,6a2573b5000000002101ae6f,6a2575d80000000027020f2e,complete,endpoint_exhausted,0,0,0,wuhan,local_broadband_wuhan,account_wuhan,9343,38,complete,GK2026D1,,
2026-08-22T03:36:35,reply,6a2573b5000000002101ae6f,6a25fa3c000000002900eec4,complete,endpoint_exhausted,0,0,0,wuhan,local_broadband_wuhan,account_wuhan,9343,38,complete,GK2026D1,,
2026-08-22T03:36:35,reply,6a2573b5000000002101ae6f,6a258b080000000028037127,complete,endpoint_exhausted,0,0,0,wuhan,local_broadband_wuhan,account_wuhan,9343,38,complete,GK2026D1,,
2026-08-22T03:36:35,reply,6a2573b5000000002101ae6f,6a2604df000000002902de8f,complete,endpoint_exhausted,0,0,0,wuhan,local_broadband_wuhan,account_wuhan,9343,38,complete,GK2026D1,,
2026-08-22T03:36:35,reply,6a2573b5000000002101ae6f,6a258a92000000002a005a3f,complete,endpoint_exhausted,0,0,0,wuhan,local_broadband_wuhan,account_wuhan,9343,38,complete,GK2026D1,,
2026-08-22T03:36:35,reply,6a2573b5000000002101ae6f,6a257bda0000000027017377,complete,endpoint_exhausted,0,0,0,wuhan,local_broadband_wuhan,account_wuhan,9343,38,complete,GK2026D1,,
2026-08-22T03:36:35,reply,6a2573b5000000002101ae6f,6a259d57000000002701cad2,complete,endpoint_exhausted,0,0,0,wuhan,local_broadband_wuhan,account_wuhan,9343,38,complete,GK2026D1,,
2026-08-22T03:36:35,reply,6a2573b5000000002101ae6f,6a261a3a000000002b02aa13,complete,endpoint_exhausted,0,0,0,wuhan,local_broadband_wuhan,account_wuhan,9343,38,complete,GK2026D1,,
2026-08-22T03:36:35,reply,6a2573b5000000002101ae6f,6a2697c3000000002a004a1c,complete,endpoint_exhausted,0,0,0,wuhan,local_broadband_wuhan,account_wuhan,9343,38,complete,GK2026D1,,
2026-08-22T03:36:35,reply,6a2573b5000000002101ae6f,6a25bfe1000000002702f3fa,complete,endpoint_exhausted,0,0,0,wuhan,local_broadband_wuhan,account_wuhan,9343,38,complete,GK2026D1,,
2026-08-22T03:36:35,reply,6a2573b5000000002101ae6f,6a2623a6000000002a02cd5f,complete,endpoint_exhausted,0,0,0,wuhan,local_broadband_wuhan,account_wuhan,9343,38,complete,GK2026D1,,
2026-08-22T03:37:05,reply,6a2573b5000000002101ae6f,6a2596540000000027022f0b,complete,endpoint_exhausted,0,0,0,wuhan,local_broadband_wuhan,account_wuhan,9343,38,complete,GK2026D1,,
2026-08-22T03:37:05,reply,6a2573b5000000002101ae6f,6a25a0f6000000002a024059,complete,endpoint_exhausted,0,0,0,wuhan,local_broadband_wuhan,account_wuhan,9343,38,complete,GK2026D1,,
2026-08-22T03:37:05,reply,6a2573b5000000002101ae6f,6a258722000000002701d711,complete,endpoint_exhausted,0,0,0,wuhan,local_broadband_wuhan,account_wuhan,9343,38,complete,GK2026D1,,
2026-08-22T03:37:05,top_level,6a2573b5000000002101ae6f,,complete,endpoint_exhausted,4,33,,wuhan,local_broadband_wuhan,account_wuhan,9343,38,complete,GK2026D1,True,
2026-08-22T03:48:40,top_level,6a25394d0000000035039e8b,,complete,endpoint_exhausted,1,0,,wuhan,local_broadband_wuhan,account_wuhan,9343,39,complete,GK2026D1,True,
2026-08-22T12:11:54,reply,6a24d1a30000000006022803,6a27d5a9000000002800abb2,complete,endpoint_exhausted,0,0,0,wuhan,local_broadband_wuhan,account_wuhan,9343,40,complete,GK2026D1,,
2026-08-22T12:11:54,reply,6a24d1a30000000006022803,6a278b860000000027017f86,complete,endpoint_exhausted,0,1,1,wuhan,local_broadband_wuhan,account_wuhan,9343,40,complete,GK2026D1,,
2026-08-22T12:11:54,reply,6a24d1a30000000006022803,6a278373000000002702a239,complete,endpoint_exhausted,0,0,0,wuhan,local_broadband_wuhan,account_wuhan,9343,40,complete,GK2026D1,,
2026-08-22T12:11:54,top_level,6a24d1a30000000006022803,,complete,endpoint_exhausted,1,3,,wuhan,local_broadband_wuhan,account_wuhan,9343,40,complete,GK2026D1,True,
2026-08-22T12:23:30,reply,6a24f2120000000008031394,6a262bc90000000027022897,complete,endpoint_exhausted,0,0,0,wuhan,local_broadband_wuhan,account_wuhan,9343,41,complete,GK2026D1,,
2026-08-22T12:23:30,top_level,6a24f2120000000008031394,,complete,endpoint_exhausted,1,1,,wuhan,local_broadband_wuhan,account_wuhan,9343,41,complete,GK2026D1,True,
2026-08-22T12:35:05,top_level,6a250e86000000001700b157,,complete,endpoint_exhausted,1,0,,wuhan,local_broadband_wuhan,account_wuhan,9343,42,complete,GK2026D1,True,
2026-08-22T13:18:42,reply,6a2626ed000000000803ec7a,6a28b6f4000000002900d603,complete,endpoint_exhausted,4,18,18,wuhan,local_broadband_wuhan,account_wuhan,9343,43,complete,GK2026D1,,
2026-08-22T13:19:43,reply,6a2626ed000000000803ec7a,6a294556000000002b02a243,complete,endpoint_exhausted,2,7,7,wuhan,local_broadband_wuhan,account_wuhan,9343,43,complete,GK2026D1,,
2026-08-22T13:21:14,reply,6a2626ed000000000803ec7a,6a28be0c000000002701ee76,complete,endpoint_exhausted,3,15,15,wuhan,local_broadband_wuhan,account_wuhan,9343,43,complete,GK2026D1,,
2026-08-22T13:22:14,reply,6a2626ed000000000803ec7a,6a28d403000000002900cf0d,complete,endpoint_exhausted,2,11,11,wuhan,local_broadband_wuhan,account_wuhan,9343,43,complete,GK2026D1,,
2026-08-22T13:23:15,reply,6a2626ed000000000803ec7a,6a28b18a000000002701dbc6,complete,endpoint_exhausted,2,8,8,wuhan,local_broadband_wuhan,account_wuhan,9343,43,complete,GK2026D1,,
2026-08-22T13:23:15,reply,6a2626ed000000000803ec7a,6a26f6bc00000000280370d8,complete,endpoint_exhausted,0,1,1,wuhan,local_broadband_wuhan,account_wuhan,9343,43,complete,GK2026D1,,
2026-08-22T13:23:15,reply,6a2626ed000000000803ec7a,6a295c6e00000000270158b7,complete,endpoint_exhausted,0,1,1,wuhan,local_broadband_wuhan,account_wuhan,9343,43,complete,GK2026D1,,
2026-08-22T13:23:45,reply,6a2626ed000000000803ec7a,6a29243b0000000029012272,complete,endpoint_exhausted,1,3,3,wuhan,local_broadband_wuhan,account_wuhan,9343,43,complete,GK2026D1,,
2026-08-22T13:24:15,reply,6a2626ed000000000803ec7a,6a28dae9000000002701fde1,complete,endpoint_exhausted,1,3,3,wuhan,local_broadband_wuhan,account_wuhan,9343,43,complete,GK2026D1,,
2026-08-22T13:24:15,reply,6a2626ed000000000803ec7a,6a29823a00000000270284f6,complete,endpoint_exhausted,0,1,1,wuhan,local_broadband_wuhan,account_wuhan,9343,43,complete,GK2026D1,,
2026-08-22T13:24:46,reply,6a2626ed000000000803ec7a,6a28bd8c000000002701dbba,complete,endpoint_exhausted,0,1,1,wuhan,local_broadband_wuhan,account_wuhan,9343,43,complete,GK2026D1,,
2026-08-22T13:25:16,reply,6a2626ed000000000803ec7a,6a28bfe4000000002701fa0c,complete,endpoint_exhausted,1,3,3,wuhan,local_broadband_wuhan,account_wuhan,9343,43,complete,GK2026D1,,
2026-08-22T13:25:16,reply,6a2626ed000000000803ec7a,6a27abe60000000028030910,complete,endpoint_exhausted,0,1,1,wuhan,local_broadband_wuhan,account_wuhan,9343,43,complete,GK2026D1,,
2026-08-22T13:25:16,reply,6a2626ed000000000803ec7a,6a28b8a6000000002a0049d2,complete,endpoint_exhausted,0,1,1,wuhan,local_broadband_wuhan,account_wuhan,9343,43,complete,GK2026D1,,
2026-08-22T13:25:16,reply,6a2626ed000000000803ec7a,6a28e528000000002a02f02a,complete,endpoint_exhausted,0,0,0,wuhan,local_broadband_wuhan,account_wuhan,9343,43,complete,GK2026D1,,
2026-08-22T13:25:16,reply,6a2626ed000000000803ec7a,6a296522000000002900c4d5,complete,endpoint_exhausted,0,0,0,wuhan,local_broadband_wuhan,account_wuhan,9343,43,complete,GK2026D1,,
2026-08-22T13:25:16,reply,6a2626ed000000000803ec7a,6a29039e00000000280356c1,complete,endpoint_exhausted,0,0,0,wuhan,local_broadband_wuhan,account_wuhan,9343,43,complete,GK2026D1,,
2026-08-22T13:25:16,reply,6a2626ed000000000803ec7a,6a276dad0000000028035ad6,complete,endpoint_exhausted,0,0,0,wuhan,local_broadband_wuhan,account_wuhan,9343,43,complete,GK2026D1,,
2026-08-22T13:25:16,reply,6a2626ed000000000803ec7a,6a28b59d0000000027029232,complete,endpoint_exhausted,0,0,0,wuhan,local_broadband_wuhan,account_wuhan,9343,43,complete,GK2026D1,,
2026-08-22T13:25:16,reply,6a2626ed000000000803ec7a,6a28e6ef0000000029018ce5,complete,endpoint_exhausted,0,0,0,wuhan,local_broadband_wuhan,account_wuhan,9343,43,complete,GK2026D1,,
2026-08-22T13:25:46,reply,6a2626ed000000000803ec7a,6a39488d000000002a032c2e,complete,endpoint_exhausted,0,0,0,wuhan,local_broadband_wuhan,account_wuhan,9343,43,complete,GK2026D1,,
2026-08-22T13:25:46,reply,6a2626ed000000000803ec7a,6a28d593000000002701ec75,complete,endpoint_exhausted,0,0,0,wuhan,local_broadband_wuhan,account_wuhan,9343,43,complete,GK2026D1,,
2026-08-22T13:25:46,reply,6a2626ed000000000803ec7a,6a2f22dd0000000028036a1f,complete,endpoint_exhausted,0,0,0,wuhan,local_broadband_wuhan,account_wuhan,9343,43,complete,GK2026D1,,
2026-08-22T13:25:46,reply,6a2626ed000000000803ec7a,6a28b556000000002a00729e,complete,endpoint_exhausted,0,0,0,wuhan,local_broadband_wuhan,account_wuhan,9343,43,complete,GK2026D1,,
2026-08-22T13:25:46,reply,6a2626ed000000000803ec7a,6a28c7b5000000002900fc84,complete,endpoint_exhausted,0,1,1,wuhan,local_broadband_wuhan,account_wuhan,9343,43,complete,GK2026D1,,
2026-08-22T13:25:46,reply,6a2626ed000000000803ec7a,6a28ccbc000000002a0066e2,complete,endpoint_exhausted,0,0,0,wuhan,local_broadband_wuhan,account_wuhan,9343,43,complete,GK2026D1,,
2026-08-22T13:25:46,reply,6a2626ed000000000803ec7a,6a293c85000000002702952f,complete,endpoint_exhausted,0,0,0,wuhan,local_broadband_wuhan,account_wuhan,9343,43,complete,GK2026D1,,
2026-08-22T13:25:46,reply,6a2626ed000000000803ec7a,6a293194000000002701d80e,complete,endpoint_exhausted,0,0,0,wuhan,local_broadband_wuhan,account_wuhan,9343,43,complete,GK2026D1,,
2026-08-22T13:25:46,reply,6a2626ed000000000803ec7a,6a296fac000000002b027b18,complete,endpoint_exhausted,0,1,1,wuhan,local_broadband_wuhan,account_wuhan,9343,43,complete,GK2026D1,,
2026-08-22T13:25:46,reply,6a2626ed000000000803ec7a,6a2935fd000000002b0248b3,complete,endpoint_exhausted,0,0,0,wuhan,local_broadband_wuhan,account_wuhan,9343,43,complete,GK2026D1,,
2026-08-22T13:26:16,reply,6a2626ed000000000803ec7a,6a28cf7d000000002701454b,complete,endpoint_exhausted,0,0,0,wuhan,local_broadband_wuhan,account_wuhan,9343,43,complete,GK2026D1,,
2026-08-22T13:26:16,reply,6a2626ed000000000803ec7a,6a2969db000000002a027d63,complete,endpoint_exhausted,0,0,0,wuhan,local_broadband_wuhan,account_wuhan,9343,43,complete,GK2026D1,,
2026-08-22T13:26:16,reply,6a2626ed000000000803ec7a,6a29612b000000002803289a,complete,endpoint_exhausted,0,0,0,wuhan,local_broadband_wuhan,account_wuhan,9343,43,complete,GK2026D1,,
2026-08-22T13:26:16,reply,6a2626ed000000000803ec7a,6a29421b000000002701fd27,complete,endpoint_exhausted,0,0,0,wuhan,local_broadband_wuhan,account_wuhan,9343,43,complete,GK2026D1,,
2026-08-22T13:26:16,reply,6a2626ed000000000803ec7a,6a2b9214000000002b00279d,complete,endpoint_exhausted,0,0,0,wuhan,local_broadband_wuhan,account_wuhan,9343,43,complete,GK2026D1,,
2026-08-22T13:26:16,reply,6a2626ed000000000803ec7a,6a28b094000000002901a71b,complete,endpoint_exhausted,0,0,0,wuhan,local_broadband_wuhan,account_wuhan,9343,43,complete,GK2026D1,,
2026-08-22T13:26:16,reply,6a2626ed000000000803ec7a,6a2935b100000000290349a2,complete,endpoint_exhausted,0,0,0,wuhan,local_broadband_wuhan,account_wuhan,9343,43,complete,GK2026D1,,
2026-08-22T13:26:16,reply,6a2626ed000000000803ec7a,6a2991ba000000000d021801,complete,endpoint_exhausted,0,0,0,wuhan,local_broadband_wuhan,account_wuhan,9343,43,complete,GK2026D1,,
2026-08-22T13:26:16,reply,6a2626ed000000000803ec7a,6a2a51e3000000002803d932,complete,endpoint_exhausted,0,0,0,wuhan,local_broadband_wuhan,account_wuhan,9343,43,complete,GK2026D1,,
2026-08-22T13:26:16,reply,6a2626ed000000000803ec7a,6a292d020000000027023883,complete,endpoint_exhausted,0,0,0,wuhan,local_broadband_wuhan,account_wuhan,9343,43,complete,GK2026D1,,
2026-08-22T13:26:47,reply,6a2626ed000000000803ec7a,6a293a4c000000002b024b43,complete,endpoint_exhausted,0,0,0,wuhan,local_broadband_wuhan,account_wuhan,9343,43,complete,GK2026D1,,
2026-08-22T13:26:47,reply,6a2626ed000000000803ec7a,6a29aaaa00000000280329f7,complete,endpoint_exhausted,0,0,0,wuhan,local_broadband_wuhan,account_wuhan,9343,43,complete,GK2026D1,,
2026-08-22T13:26:47,reply,6a2626ed000000000803ec7a,6a293b5500000000290102c6,complete,endpoint_exhausted,0,0,0,wuhan,local_broadband_wuhan,account_wuhan,9343,43,complete,GK2026D1,,
2026-08-22T13:26:47,reply,6a2626ed000000000803ec7a,6a29821f000000002b0240d4,complete,endpoint_exhausted,0,0,0,wuhan,local_broadband_wuhan,account_wuhan,9343,43,complete,GK2026D1,,
2026-08-22T13:26:47,reply,6a2626ed000000000803ec7a,6a29612700000000290360c6,complete,endpoint_exhausted,0,0,0,wuhan,local_broadband_wuhan,account_wuhan,9343,43,complete,GK2026D1,,
2026-08-22T13:26:47,reply,6a2626ed000000000803ec7a,6a297594000000002803bda6,complete,endpoint_exhausted,0,0,0,wuhan,local_broadband_wuhan,account_wuhan,9343,43,complete,GK2026D1,,
2026-08-22T13:26:47,reply,6a2626ed000000000803ec7a,6a292df2000000002b02773b,complete,endpoint_exhausted,0,0,0,wuhan,local_broadband_wuhan,account_wuhan,9343,43,complete,GK2026D1,,
2026-08-22T13:26:47,reply,6a2626ed000000000803ec7a,6a292b4200000000270291d0,complete,endpoint_exhausted,0,0,0,wuhan,local_broadband_wuhan,account_wuhan,9343,43,complete,GK2026D1,,
2026-08-22T13:26:47,reply,6a2626ed000000000803ec7a,6a2a1e05000000002900d1cc,complete,endpoint_exhausted,0,0,0,wuhan,local_broadband_wuhan,account_wuhan,9343,43,complete,GK2026D1,,
2026-08-22T13:26:47,reply,6a2626ed000000000803ec7a,6a2f514d0000000028033628,complete,endpoint_exhausted,0,0,0,wuhan,local_broadband_wuhan,account_wuhan,9343,43,complete,GK2026D1,,
2026-08-22T13:27:17,reply,6a2626ed000000000803ec7a,6a295a1e000000002702b6bb,complete,endpoint_exhausted,0,0,0,wuhan,local_broadband_wuhan,account_wuhan,9343,43,complete,GK2026D1,,
2026-08-22T13:27:17,reply,6a2626ed000000000803ec7a,6a29faa7000000002a004f5f,complete,endpoint_exhausted,0,0,0,wuhan,local_broadband_wuhan,account_wuhan,9343,43,complete,GK2026D1,,
2026-08-22T13:27:17,reply,6a2626ed000000000803ec7a,6a28d03f0000000027022fa1,complete,endpoint_exhausted,0,0,0,wuhan,local_broadband_wuhan,account_wuhan,9343,43,complete,GK2026D1,,
2026-08-22T13:27:17,reply,6a2626ed000000000803ec7a,6a29284f000000002900fb20,complete,endpoint_exhausted,0,0,0,wuhan,local_broadband_wuhan,account_wuhan,9343,43,complete,GK2026D1,,
2026-08-22T13:27:17,reply,6a2626ed000000000803ec7a,6a29278d000000002701f70e,complete,endpoint_exhausted,0,0,0,wuhan,local_broadband_wuhan,account_wuhan,9343,43,complete,GK2026D1,,
2026-08-22T13:27:17,reply,6a2626ed000000000803ec7a,6a2926cc000000002b029ae2,complete,endpoint_exhausted,0,0,0,wuhan,local_broadband_wuhan,account_wuhan,9343,43,complete,GK2026D1,,
2026-08-22T13:27:17,reply,6a2626ed000000000803ec7a,6a292361000000002b028d7d,complete,endpoint_exhausted,0,0,0,wuhan,local_broadband_wuhan,account_wuhan,9343,43,complete,GK2026D1,,
2026-08-22T13:27:17,reply,6a2626ed000000000803ec7a,6a292344000000002b002b4b,complete,endpoint_exhausted,0,0,0,wuhan,local_broadband_wuhan,account_wuhan,9343,43,complete,GK2026D1,,
2026-08-22T13:27:17,reply,6a2626ed000000000803ec7a,6a29215f000000002a02522a,complete,endpoint_exhausted,0,0,0,wuhan,local_broadband_wuhan,account_wuhan,9343,43,complete,GK2026D1,,
2026-08-22T13:27:17,reply,6a2626ed000000000803ec7a,6a291f0b0000000028030084,complete,endpoint_exhausted,0,0,0,wuhan,local_broadband_wuhan,account_wuhan,9343,43,complete,GK2026D1,,
2026-08-22T13:27:47,reply,6a2626ed000000000803ec7a,6a2917070000000028038ed5,complete,endpoint_exhausted,0,0,0,wuhan,local_broadband_wuhan,account_wuhan,9343,43,complete,GK2026D1,,
2026-08-22T13:27:47,reply,6a2626ed000000000803ec7a,6a29140a000000002b0011b4,complete,endpoint_exhausted,0,0,0,wuhan,local_broadband_wuhan,account_wuhan,9343,43,complete,GK2026D1,,
2026-08-22T13:27:47,reply,6a2626ed000000000803ec7a,6a290c980000000027021bd5,complete,endpoint_exhausted,0,0,0,wuhan,local_broadband_wuhan,account_wuhan,9343,43,complete,GK2026D1,,
2026-08-22T13:27:47,reply,6a2626ed000000000803ec7a,6a290a13000000002702ebeb,complete,endpoint_exhausted,0,0,0,wuhan,local_broadband_wuhan,account_wuhan,9343,43,complete,GK2026D1,,
2026-08-22T13:27:47,reply,6a2626ed000000000803ec7a,6a2908a100000000290255c1,complete,endpoint_exhausted,0,0,0,wuhan,local_broadband_wuhan,account_wuhan,9343,43,complete,GK2026D1,,
2026-08-22T13:27:47,reply,6a2626ed000000000803ec7a,6a29080d000000002a02eaf3,complete,endpoint_exhausted,0,0,0,wuhan,local_broadband_wuhan,account_wuhan,9343,43,complete,GK2026D1,,
2026-08-22T13:27:47,reply,6a2626ed000000000803ec7a,6a29032c000000002b0242f5,complete,endpoint_exhausted,0,0,0,wuhan,local_broadband_wuhan,account_wuhan,9343,43,complete,GK2026D1,,
2026-08-22T13:27:47,reply,6a2626ed000000000803ec7a,6a28ff24000000002a0240e4,complete,endpoint_exhausted,0,0,0,wuhan,local_broadband_wuhan,account_wuhan,9343,43,complete,GK2026D1,,
2026-08-22T13:27:47,reply,6a2626ed000000000803ec7a,6a28f87c00000000280336f1,complete,endpoint_exhausted,0,0,0,wuhan,local_broadband_wuhan,account_wuhan,9343,43,complete,GK2026D1,,
2026-08-22T13:27:47,reply,6a2626ed000000000803ec7a,6a28f469000000002702fceb,complete,endpoint_exhausted,0,0,0,wuhan,local_broadband_wuhan,account_wuhan,9343,43,complete,GK2026D1,,
2026-08-22T13:28:18,reply,6a2626ed000000000803ec7a,6a28ecfd000000002902fb5b,complete,endpoint_exhausted,0,0,0,wuhan,local_broadband_wuhan,account_wuhan,9343,43,complete,GK2026D1,,
2026-08-22T13:28:18,reply,6a2626ed000000000803ec7a,6a28e99500000000290342af,complete,endpoint_exhausted,0,0,0,wuhan,local_broadband_wuhan,account_wuhan,9343,43,complete,GK2026D1,,
2026-08-22T13:28:18,reply,6a2626ed000000000803ec7a,6a28e91300000000270288a0,complete,endpoint_exhausted,0,0,0,wuhan,local_broadband_wuhan,account_wuhan,9343,43,complete,GK2026D1,,
2026-08-22T13:28:18,reply,6a2626ed000000000803ec7a,6a28e72a000000002900f596,complete,endpoint_exhausted,0,0,0,wuhan,local_broadband_wuhan,account_wuhan,9343,43,complete,GK2026D1,,
2026-08-22T13:28:18,reply,6a2626ed000000000803ec7a,6a28e6a5000000002800b9a2,complete,endpoint_exhausted,0,0,0,wuhan,local_broadband_wuhan,account_wuhan,9343,43,complete,GK2026D1,,
2026-08-22T13:28:18,reply,6a2626ed000000000803ec7a,6a28e571000000002b02a33f,complete,endpoint_exhausted,0,0,0,wuhan,local_broadband_wuhan,account_wuhan,9343,43,complete,GK2026D1,,
2026-08-22T13:28:18,reply,6a2626ed000000000803ec7a,6a28e3920000000027022307,complete,endpoint_exhausted,0,0,0,wuhan,local_broadband_wuhan,account_wuhan,9343,43,complete,GK2026D1,,
2026-08-22T13:28:18,reply,6a2626ed000000000803ec7a,6a28e193000000002803f304,complete,endpoint_exhausted,0,0,0,wuhan,local_broadband_wuhan,account_wuhan,9343,43,complete,GK2026D1,,
2026-08-22T13:28:18,reply,6a2626ed000000000803ec7a,6a28e0e70000000028008634,complete,endpoint_exhausted,0,0,0,wuhan,local_broadband_wuhan,account_wuhan,9343,43,complete,GK2026D1,,
2026-08-22T13:28:18,reply,6a2626ed000000000803ec7a,6a28df3900000000280396de,complete,endpoint_exhausted,0,0,0,wuhan,local_broadband_wuhan,account_wuhan,9343,43,complete,GK2026D1,,
2026-08-22T13:28:48,reply,6a2626ed000000000803ec7a,6a28df35000000002b026227,complete,endpoint_exhausted,0,0,0,wuhan,local_broadband_wuhan,account_wuhan,9343,43,complete,GK2026D1,,
2026-08-22T13:28:48,reply,6a2626ed000000000803ec7a,6a28de98000000002b02a141,complete,endpoint_exhausted,0,0,0,wuhan,local_broadband_wuhan,account_wuhan,9343,43,complete,GK2026D1,,
2026-08-22T13:28:48,reply,6a2626ed000000000803ec7a,6a28dcc60000000027023d13,complete,endpoint_exhausted,0,0,0,wuhan,local_broadband_wuhan,account_wuhan,9343,43,complete,GK2026D1,,
2026-08-22T13:28:48,reply,6a2626ed000000000803ec7a,6a28dcc4000000002b00253d,complete,endpoint_exhausted,0,0,0,wuhan,local_broadband_wuhan,account_wuhan,9343,43,complete,GK2026D1,,
2026-08-22T13:28:48,reply,6a2626ed000000000803ec7a,6a28d88b000000002300e139,complete,endpoint_exhausted,0,0,0,wuhan,local_broadband_wuhan,account_wuhan,9343,43,complete,GK2026D1,,
2026-08-22T13:28:48,reply,6a2626ed000000000803ec7a,6a28d73f00000000290344eb,complete,endpoint_exhausted,0,0,0,wuhan,local_broadband_wuhan,account_wuhan,9343,43,complete,GK2026D1,,
2026-08-22T13:28:48,reply,6a2626ed000000000803ec7a,6a28d6c0000000002b0003ec,complete,endpoint_exhausted,0,0,0,wuhan,local_broadband_wuhan,account_wuhan,9343,43,complete,GK2026D1,,
2026-08-22T13:28:48,reply,6a2626ed000000000803ec7a,6a28d66f0000000028038aa7,complete,endpoint_exhausted,0,0,0,wuhan,local_broadband_wuhan,account_wuhan,9343,43,complete,GK2026D1,,
2026-08-22T13:28:48,reply,6a2626ed000000000803ec7a,6a28d44b0000000029026df2,complete,endpoint_exhausted,0,0,0,wuhan,local_broadband_wuhan,account_wuhan,9343,43,complete,GK2026D1,,
2026-08-22T13:28:48,reply,6a2626ed000000000803ec7a,6a28d385000000002702ed33,complete,endpoint_exhausted,0,0,0,wuhan,local_broadband_wuhan,account_wuhan,9343,43,complete,GK2026D1,,
2026-08-22T13:29:48,reply,6a2626ed000000000803ec7a,6a28d2a2000000002702fb7a,complete,endpoint_exhausted,1,2,2,wuhan,local_broadband_wuhan,account_wuhan,9343,43,complete,GK2026D1,,
2026-08-22T13:29:48,reply,6a2626ed000000000803ec7a,6a28d1bc000000002b00061e,complete,endpoint_exhausted,0,0,0,wuhan,local_broadband_wuhan,account_wuhan,9343,43,complete,GK2026D1,,
2026-08-22T13:29:48,reply,6a2626ed000000000803ec7a,6a28d1bb000000002702812a,complete,endpoint_exhausted,0,0,0,wuhan,local_broadband_wuhan,account_wuhan,9343,43,complete,GK2026D1,,
2026-08-22T13:29:48,reply,6a2626ed000000000803ec7a,6a28d13f000000002800a85b,complete,endpoint_exhausted,0,0,0,wuhan,local_broadband_wuhan,account_wuhan,9343,43,complete,GK2026D1,,
2026-08-22T13:29:48,reply,6a2626ed000000000803ec7a,6a28d04d000000002900d0c6,complete,endpoint_exhausted,0,0,0,wuhan,local_broadband_wuhan,account_wuhan,9343,43,complete,GK2026D1,,
2026-08-22T13:29:48,reply,6a2626ed000000000803ec7a,6a28cf81000000002701c0f3,complete,endpoint_exhausted,0,0,0,wuhan,local_broadband_wuhan,account_wuhan,9343,43,complete,GK2026D1,,
2026-08-22T13:29:48,reply,6a2626ed000000000803ec7a,6a28ce0f000000002800899c,complete,endpoint_exhausted,0,0,0,wuhan,local_broadband_wuhan,account_wuhan,9343,43,complete,GK2026D1,,
2026-08-22T13:29:48,reply,6a2626ed000000000803ec7a,6a28cd01000000002203c728,complete,endpoint_exhausted,0,0,0,wuhan,local_broadband_wuhan,account_wuhan,9343,43,complete,GK2026D1,,
2026-08-22T13:29:48,reply,6a2626ed000000000803ec7a,6a28caf6000000002900ce92,complete,endpoint_exhausted,0,0,0,wuhan,local_broadband_wuhan,account_wuhan,9343,43,complete,GK2026D1,,
2026-08-22T13:29:48,reply,6a2626ed000000000803ec7a,6a28ca5c0000000029035db6,complete,endpoint_exhausted,0,0,0,wuhan,local_broadband_wuhan,account_wuhan,9343,43,complete,GK2026D1,,
2026-08-22T13:30:19,reply,6a2626ed000000000803ec7a,6a28ca3a000000002702861f,complete,endpoint_exhausted,0,0,0,wuhan,local_broadband_wuhan,account_wuhan,9343,43,complete,GK2026D1,,
2026-08-22T13:30:19,reply,6a2626ed000000000803ec7a,6a28c8bb000000000d021c01,complete,endpoint_exhausted,0,0,0,wuhan,local_broadband_wuhan,account_wuhan,9343,43,complete,GK2026D1,,
2026-08-22T13:30:19,reply,6a2626ed000000000803ec7a,6a28c847000000002800ad5f,complete,endpoint_exhausted,0,0,0,wuhan,local_broadband_wuhan,account_wuhan,9343,43,complete,GK2026D1,,
2026-08-22T13:30:19,reply,6a2626ed000000000803ec7a,6a28c8030000000028037c8c,complete,endpoint_exhausted,0,0,0,wuhan,local_broadband_wuhan,account_wuhan,9343,43,complete,GK2026D1,,
2026-08-22T13:30:19,reply,6a2626ed000000000803ec7a,6a28c7b4000000002b0290e7,complete,endpoint_exhausted,0,0,0,wuhan,local_broadband_wuhan,account_wuhan,9343,43,complete,GK2026D1,,
2026-08-22T13:30:19,reply,6a2626ed000000000803ec7a,6a28c71b000000002702f74a,complete,endpoint_exhausted,0,0,0,wuhan,local_broadband_wuhan,account_wuhan,9343,43,complete,GK2026D1,,
2026-08-22T13:30:19,reply,6a2626ed000000000803ec7a,6a28c65b0000000028033952,complete,endpoint_exhausted,0,0,0,wuhan,local_broadband_wuhan,account_wuhan,9343,43,complete,GK2026D1,,
2026-08-22T13:30:19,reply,6a2626ed000000000803ec7a,6a28c6120000000029011408,complete,endpoint_exhausted,0,0,0,wuhan,local_broadband_wuhan,account_wuhan,9343,43,complete,GK2026D1,,
2026-08-22T13:30:19,reply,6a2626ed000000000803ec7a,6a28c53300000000280093e6,complete,endpoint_exhausted,0,0,0,wuhan,local_broadband_wuhan,account_wuhan,9343,43,complete,GK2026D1,,
2026-08-22T13:30:19,reply,6a2626ed000000000803ec7a,6a28c512000000002901bd27,complete,endpoint_exhausted,0,0,0,wuhan,local_broadband_wuhan,account_wuhan,9343,43,complete,GK2026D1,,
2026-08-22T13:30:49,reply,6a2626ed000000000803ec7a,6a28c4dc0000000028036133,complete,endpoint_exhausted,0,0,0,wuhan,local_broadband_wuhan,account_wuhan,9343,43,complete,GK2026D1,,
2026-08-22T13:30:49,reply,6a2626ed000000000803ec7a,6a28c495000000002b029904,complete,endpoint_exhausted,0,0,0,wuhan,local_broadband_wuhan,account_wuhan,9343,43,complete,GK2026D1,,
2026-08-22T13:30:49,reply,6a2626ed000000000803ec7a,6a28c3cd000000002702e0b4,complete,endpoint_exhausted,0,0,0,wuhan,local_broadband_wuhan,account_wuhan,9343,43,complete,GK2026D1,,
2026-08-22T13:30:49,reply,6a2626ed000000000803ec7a,6a28c395000000002803370e,complete,endpoint_exhausted,0,0,0,wuhan,local_broadband_wuhan,account_wuhan,9343,43,complete,GK2026D1,,
2026-08-22T13:30:49,reply,6a2626ed000000000803ec7a,6a28c34e0000000027020118,complete,endpoint_exhausted,0,0,0,wuhan,local_broadband_wuhan,account_wuhan,9343,43,complete,GK2026D1,,
2026-08-22T13:30:49,reply,6a2626ed000000000803ec7a,6a28c24d0000000028033dc3,complete,endpoint_exhausted,0,0,0,wuhan,local_broadband_wuhan,account_wuhan,9343,43,complete,GK2026D1,,
2026-08-22T13:30:49,reply,6a2626ed000000000803ec7a,6a28c225000000002b028dc5,complete,endpoint_exhausted,0,0,0,wuhan,local_broadband_wuhan,account_wuhan,9343,43,complete,GK2026D1,,
2026-08-22T13:30:49,reply,6a2626ed000000000803ec7a,6a28c1fe000000002701d548,complete,endpoint_exhausted,0,0,0,wuhan,local_broadband_wuhan,account_wuhan,9343,43,complete,GK2026D1,,
2026-08-22T13:30:49,reply,6a2626ed000000000803ec7a,6a28c1b00000000029011362,complete,endpoint_exhausted,0,0,0,wuhan,local_broadband_wuhan,account_wuhan,9343,43,complete,GK2026D1,,
2026-08-22T13:30:49,reply,6a2626ed000000000803ec7a,6a28c163000000002a026a40,complete,endpoint_exhausted,0,0,0,wuhan,local_broadband_wuhan,account_wuhan,9343,43,complete,GK2026D1,,
2026-08-22T13:31:19,reply,6a2626ed000000000803ec7a,6a28c0fe000000002900c96f,complete,endpoint_exhausted,0,0,0,wuhan,local_broadband_wuhan,account_wuhan,9343,43,complete,GK2026D1,,
2026-08-22T13:31:19,reply,6a2626ed000000000803ec7a,6a28c05d000000002901a865,complete,endpoint_exhausted,0,0,0,wuhan,local_broadband_wuhan,account_wuhan,9343,43,complete,GK2026D1,,
2026-08-22T13:31:19,reply,6a2626ed000000000803ec7a,6a28bf75000000002a02d44e,complete,endpoint_exhausted,0,0,0,wuhan,local_broadband_wuhan,account_wuhan,9343,43,complete,GK2026D1,,
2026-08-22T13:31:19,reply,6a2626ed000000000803ec7a,6a28bf670000000029035d40,complete,endpoint_exhausted,0,0,0,wuhan,local_broadband_wuhan,account_wuhan,9343,43,complete,GK2026D1,,
2026-08-22T13:31:19,reply,6a2626ed000000000803ec7a,6a28bf640000000028008d1a,complete,endpoint_exhausted,0,0,0,wuhan,local_broadband_wuhan,account_wuhan,9343,43,complete,GK2026D1,,
2026-08-22T13:31:19,reply,6a2626ed000000000803ec7a,6a28bf1900000000270291b0,complete,endpoint_exhausted,0,0,0,wuhan,local_broadband_wuhan,account_wuhan,9343,43,complete,GK2026D1,,
2026-08-22T13:31:19,reply,6a2626ed000000000803ec7a,6a28befc0000000027028ce9,complete,endpoint_exhausted,0,0,0,wuhan,local_broadband_wuhan,account_wuhan,9343,43,complete,GK2026D1,,
2026-08-22T13:31:19,reply,6a2626ed000000000803ec7a,6a28bea1000000000d022c00,complete,endpoint_exhausted,0,0,0,wuhan,local_broadband_wuhan,account_wuhan,9343,43,complete,GK2026D1,,
2026-08-22T13:31:19,reply,6a2626ed000000000803ec7a,6a28be8f0000000029024355,complete,endpoint_exhausted,0,0,0,wuhan,local_broadband_wuhan,account_wuhan,9343,43,complete,GK2026D1,,
2026-08-22T13:31:19,reply,6a2626ed000000000803ec7a,6a28bd69000000002702040d,complete,endpoint_exhausted,0,0,0,wuhan,local_broadband_wuhan,account_wuhan,9343,43,complete,GK2026D1,,
2026-08-22T13:31:50,reply,6a2626ed000000000803ec7a,6a28bd460000000028034e97,complete,endpoint_exhausted,0,0,0,wuhan,local_broadband_wuhan,account_wuhan,9343,43,complete,GK2026D1,,
2026-08-22T13:31:50,reply,6a2626ed000000000803ec7a,6a28bcc7000000002702afb4,complete,endpoint_exhausted,0,0,0,wuhan,local_broadband_wuhan,account_wuhan,9343,43,complete,GK2026D1,,
2026-08-22T13:31:50,reply,6a2626ed000000000803ec7a,6a28ba4800000000270287d7,complete,endpoint_exhausted,0,0,0,wuhan,local_broadband_wuhan,account_wuhan,9343,43,complete,GK2026D1,,
2026-08-22T13:31:50,reply,6a2626ed000000000803ec7a,6a28b9ec000000002a006c36,complete,endpoint_exhausted,0,0,0,wuhan,local_broadband_wuhan,account_wuhan,9343,43,complete,GK2026D1,,
2026-08-22T13:31:50,reply,6a2626ed000000000803ec7a,6a28b9d1000000002803dbe5,complete,endpoint_exhausted,0,0,0,wuhan,local_broadband_wuhan,account_wuhan,9343,43,complete,GK2026D1,,
2026-08-22T13:31:50,reply,6a2626ed000000000803ec7a,6a28b94d000000002a0272eb,complete,endpoint_exhausted,0,0,0,wuhan,local_broadband_wuhan,account_wuhan,9343,43,complete,GK2026D1,,
2026-08-22T13:31:50,reply,6a2626ed000000000803ec7a,6a28b8df0000000028035d1b,complete,endpoint_exhausted,0,0,0,wuhan,local_broadband_wuhan,account_wuhan,9343,43,complete,GK2026D1,,
2026-08-22T13:31:50,reply,6a2626ed000000000803ec7a,6a28b8b9000000002a02ff22,complete,endpoint_exhausted,0,0,0,wuhan,local_broadband_wuhan,account_wuhan,9343,43,complete,GK2026D1,,
2026-08-22T13:31:50,reply,6a2626ed000000000803ec7a,6a28b82c000000002b0290ea,complete,endpoint_exhausted,0,0,0,wuhan,local_broadband_wuhan,account_wuhan,9343,43,complete,GK2026D1,,
2026-08-22T13:31:50,reply,6a2626ed000000000803ec7a,6a28b7f00000000028037a04,complete,endpoint_exhausted,0,0,0,wuhan,local_broadband_wuhan,account_wuhan,9343,43,complete,GK2026D1,,
2026-08-22T13:32:20,reply,6a2626ed000000000803ec7a,6a28b607000000002b002678,complete,endpoint_exhausted,0,0,0,wuhan,local_broadband_wuhan,account_wuhan,9343,43,complete,GK2026D1,,
2026-08-22T13:32:20,reply,6a2626ed000000000803ec7a,6a28b3e00000000028036441,complete,endpoint_exhausted,0,0,0,wuhan,local_broadband_wuhan,account_wuhan,9343,43,complete,GK2026D1,,
2026-08-22T13:32:20,reply,6a2626ed000000000803ec7a,6a28b19200000000290182b9,complete,endpoint_exhausted,0,0,0,wuhan,local_broadband_wuhan,account_wuhan,9343,43,complete,GK2026D1,,
2026-08-22T13:32:20,reply,6a2626ed000000000803ec7a,6a28b17f0000000029024bd5,complete,endpoint_exhausted,0,0,0,wuhan,local_broadband_wuhan,account_wuhan,9343,43,complete,GK2026D1,,
2026-08-22T13:32:20,reply,6a2626ed000000000803ec7a,6a28b0cc00000000280095bd,complete,endpoint_exhausted,0,0,0,wuhan,local_broadband_wuhan,account_wuhan,9343,43,complete,GK2026D1,,
2026-08-22T13:32:20,reply,6a2626ed000000000803ec7a,6a28b073000000002b000ef8,complete,endpoint_exhausted,0,0,0,wuhan,local_broadband_wuhan,account_wuhan,9343,43,complete,GK2026D1,,
2026-08-22T13:32:20,reply,6a2626ed000000000803ec7a,6a28af200000000028032128,complete,endpoint_exhausted,0,0,0,wuhan,local_broadband_wuhan,account_wuhan,9343,43,complete,GK2026D1,,
2026-08-22T13:32:20,reply,6a2626ed000000000803ec7a,6a28ac2f0000000028036c3f,complete,endpoint_exhausted,0,0,0,wuhan,local_broadband_wuhan,account_wuhan,9343,43,complete,GK2026D1,,
2026-08-22T13:32:20,reply,6a2626ed000000000803ec7a,6a28a3190000000028033bf4,complete,endpoint_exhausted,0,0,0,wuhan,local_broadband_wuhan,account_wuhan,9343,43,complete,GK2026D1,,
2026-08-22T13:32:20,reply,6a2626ed000000000803ec7a,6a289fc6000000002803ddc3,complete,endpoint_exhausted,0,0,0,wuhan,local_broadband_wuhan,account_wuhan,9343,43,complete,GK2026D1,,
2026-08-22T13:32:50,reply,6a2626ed000000000803ec7a,6a2852560000000028008512,complete,endpoint_exhausted,0,0,0,wuhan,local_broadband_wuhan,account_wuhan,9343,43,complete,GK2026D1,,
2026-08-22T13:32:50,reply,6a2626ed000000000803ec7a,6a280794000000002803bf00,complete,endpoint_exhausted,0,0,0,wuhan,local_broadband_wuhan,account_wuhan,9343,43,complete,GK2026D1,,
2026-08-22T13:33:51,reply,6a2626ed000000000803ec7a,6a27804a0000000028031484,complete,endpoint_exhausted,2,9,9,wuhan,local_broadband_wuhan,account_wuhan,9343,43,complete,GK2026D1,,
2026-08-22T13:34:21,reply,6a2626ed000000000803ec7a,6a28cfbb000000002a025364,complete,endpoint_exhausted,1,3,3,wuhan,local_broadband_wuhan,account_wuhan,9343,43,complete,GK2026D1,,
2026-08-22T13:35:21,reply,6a2626ed000000000803ec7a,6a28cab50000000028038478,complete,endpoint_exhausted,2,11,11,wuhan,local_broadband_wuhan,account_wuhan,9343,43,complete,GK2026D1,,
2026-08-22T13:35:52,reply,6a2626ed000000000803ec7a,6a28b3ad0000000027020c95,complete,endpoint_exhausted,1,2,2,wuhan,local_broadband_wuhan,account_wuhan,9343,43,complete,GK2026D1,,
2026-08-22T13:35:52,reply,6a2626ed000000000803ec7a,6a297dcb000000002803b8ce,complete,endpoint_exhausted,0,0,0,wuhan,local_broadband_wuhan,account_wuhan,9343,43,complete,GK2026D1,,
2026-08-22T13:35:52,reply,6a2626ed000000000803ec7a,6a28c246000000002b0291dd,complete,endpoint_exhausted,0,0,0,wuhan,local_broadband_wuhan,account_wuhan,9343,43,complete,GK2026D1,,
2026-08-22T13:35:52,reply,6a2626ed000000000803ec7a,6a28bfbd000000002a00602c,complete,endpoint_exhausted,0,0,0,wuhan,local_broadband_wuhan,account_wuhan,9343,43,complete,GK2026D1,,
2026-08-22T13:35:52,reply,6a2626ed000000000803ec7a,6a28ca340000000027028528,complete,endpoint_exhausted,0,1,1,wuhan,local_broadband_wuhan,account_wuhan,9343,43,complete,GK2026D1,,
2026-08-22T13:36:22,top_level,6a2626ed000000000803ec7a,,complete,endpoint_exhausted,17,160,,wuhan,local_broadband_wuhan,account_wuhan,9343,43,complete,GK2026D1,True,
2026-08-22T13:48:27,reply,6a250761000000002202ac98,6a250a78000000002803d434,complete,endpoint_exhausted,1,3,3,wuhan,local_broadband_wuhan,account_wuhan,9343,44,complete,GK2026D1,,
2026-08-22T13:48:58,reply,6a250761000000002202ac98,6a25085a0000000028031f8d,complete,endpoint_exhausted,1,3,3,wuhan,local_broadband_wuhan,account_wuhan,9343,44,complete,GK2026D1,,
2026-08-22T13:48:58,reply,6a250761000000002202ac98,6a250e85000000002a02c6cb,complete,endpoint_exhausted,0,1,1,wuhan,local_broadband_wuhan,account_wuhan,9343,44,complete,GK2026D1,,
2026-08-22T13:48:58,reply,6a250761000000002202ac98,6a250e88000000002a02c763,complete,endpoint_exhausted,0,0,0,wuhan,local_broadband_wuhan,account_wuhan,9343,44,complete,GK2026D1,,
2026-08-22T13:48:58,reply,6a250761000000002202ac98,6a250846000000002803d4a6,complete,endpoint_exhausted,0,0,0,wuhan,local_broadband_wuhan,account_wuhan,9343,44,complete,GK2026D1,,
2026-08-22T13:48:58,reply,6a250761000000002202ac98,6a2539fb000000002803be61,complete,endpoint_exhausted,0,0,0,wuhan,local_broadband_wuhan,account_wuhan,9343,44,complete,GK2026D1,,
2026-08-22T13:48:58,top_level,6a250761000000002202ac98,,complete,endpoint_exhausted,1,6,,wuhan,local_broadband_wuhan,account_wuhan,9343,44,complete,GK2026D1,True,
2026-08-22T14:00:33,top_level,6a266c09000000000803113f,,complete,endpoint_exhausted,1,0,,wuhan,local_broadband_wuhan,account_wuhan,9343,45,complete,GK2026D1,True,
2026-08-22T14:12:08,top_level,6a26c1ab000000003502e7f0,,complete,endpoint_exhausted,1,0,,wuhan,local_broadband_wuhan,account_wuhan,9343,46,complete,GK2026D1,True,
2026-08-22T14:23:43,reply,6a254e7b000000001702a34f,6a2902be0000000029035286,complete,endpoint_exhausted,0,0,0,wuhan,local_broadband_wuhan,account_wuhan,9343,47,complete,GK2026D1,,
2026-08-22T14:23:43,reply,6a254e7b000000001702a34f,6a2576c8000000002902d65b,complete,endpoint_exhausted,0,0,0,wuhan,local_broadband_wuhan,account_wuhan,9343,47,complete,GK2026D1,,
2026-08-22T14:23:43,reply,6a254e7b000000001702a34f,6a254edf0000000028033767,complete,endpoint_exhausted,0,0,0,wuhan,local_broadband_wuhan,account_wuhan,9343,47,complete,GK2026D1,,
2026-08-22T14:23:43,top_level,6a254e7b000000001702a34f,,complete,endpoint_exhausted,1,3,,wuhan,local_broadband_wuhan,account_wuhan,9343,47,complete,GK2026D1,True,
2026-08-22T14:35:19,reply,6a2540940000000008026220,6a2541c60000000029012083,complete,endpoint_exhausted,0,0,0,wuhan,local_broadband_wuhan,account_wuhan,9343,48,complete,GK2026D1,,
2026-08-22T14:35:19,top_level,6a2540940000000008026220,,complete,endpoint_exhausted,1,1,,wuhan,local_broadband_wuhan,account_wuhan,9343,48,complete,GK2026D1,True,
2026-08-22T15:16:54,reply,6a24a5bd000000000702b013,6a24a715000000002a02f36a,complete,endpoint_exhausted,0,1,1,wuhan,local_broadband_wuhan,account_wuhan,9343,49,complete,GK2026D1,,
2026-08-22T15:16:54,reply,6a24a5bd000000000702b013,6a24ed0c000000002902498e,complete,endpoint_exhausted,0,1,1,wuhan,local_broadband_wuhan,account_wuhan,9343,49,complete,GK2026D1,,
2026-08-22T15:16:55,reply,6a24a5bd000000000702b013,6a24cb3b000000002902c2a3,complete,endpoint_exhausted,0,1,1,wuhan,local_broadband_wuhan,account_wuhan,9343,49,complete,GK2026D1,,
2026-08-22T15:16:55,reply,6a24a5bd000000000702b013,6a24b9f0000000002800b84c,complete,endpoint_exhausted,0,1,1,wuhan,local_broadband_wuhan,account_wuhan,9343,49,complete,GK2026D1,,
2026-08-22T15:16:55,reply,6a24a5bd000000000702b013,6a24b174000000002b026c17,complete,endpoint_exhausted,0,1,1,wuhan,local_broadband_wuhan,account_wuhan,9343,49,complete,GK2026D1,,
2026-08-22T15:16:55,reply,6a24a5bd000000000702b013,6a24ae31000000002701f91f,complete,endpoint_exhausted,0,1,1,wuhan,local_broadband_wuhan,account_wuhan,9343,49,complete,GK2026D1,,
2026-08-22T15:16:55,reply,6a24a5bd000000000702b013,6a24acae0000000028037398,complete,endpoint_exhausted,0,1,1,wuhan,local_broadband_wuhan,account_wuhan,9343,49,complete,GK2026D1,,
2026-08-22T15:16:55,reply,6a24a5bd000000000702b013,6a24a8600000000027015065,complete,endpoint_exhausted,0,1,1,wuhan,local_broadband_wuhan,account_wuhan,9343,49,complete,GK2026D1,,
2026-08-22T15:16:55,reply,6a24a5bd000000000702b013,6a24a74a000000002a024e32,complete,endpoint_exhausted,0,1,1,wuhan,local_broadband_wuhan,account_wuhan,9343,49,complete,GK2026D1,,
2026-08-22T15:16:55,reply,6a24a5bd000000000702b013,6a24a64e0000000028035577,complete,endpoint_exhausted,0,1,1,wuhan,local_broadband_wuhan,account_wuhan,9343,49,complete,GK2026D1,,
2026-08-22T15:17:25,reply,6a24a5bd000000000702b013,6a255294000000002a02fabc,complete,endpoint_exhausted,0,0,0,wuhan,local_broadband_wuhan,account_wuhan,9343,49,complete,GK2026D1,,
2026-08-22T15:17:25,reply,6a24a5bd000000000702b013,6a2527e80000000028009b6a,complete,endpoint_exhausted,0,0,0,wuhan,local_broadband_wuhan,account_wuhan,9343,49,complete,GK2026D1,,
2026-08-22T15:17:25,reply,6a24a5bd000000000702b013,6a25002e0000000028008f98,complete,endpoint_exhausted,0,0,0,wuhan,local_broadband_wuhan,account_wuhan,9343,49,complete,GK2026D1,,
2026-08-22T15:17:25,reply,6a24a5bd000000000702b013,6a24f245000000002b000b6c,complete,endpoint_exhausted,0,0,0,wuhan,local_broadband_wuhan,account_wuhan,9343,49,complete,GK2026D1,,
2026-08-22T15:17:25,reply,6a24a5bd000000000702b013,6a24f1ec000000002701c061,complete,endpoint_exhausted,0,0,0,wuhan,local_broadband_wuhan,account_wuhan,9343,49,complete,GK2026D1,,
2026-08-22T15:17:25,reply,6a24a5bd000000000702b013,6a24f11c0000000029025b62,complete,endpoint_exhausted,0,0,0,wuhan,local_broadband_wuhan,account_wuhan,9343,49,complete,GK2026D1,,
2026-08-22T15:17:25,reply,6a24a5bd000000000702b013,6a24b948000000002a0076bb,complete,endpoint_exhausted,0,0,0,wuhan,local_broadband_wuhan,account_wuhan,9343,49,complete,GK2026D1,,
2026-08-22T15:17:25,reply,6a24a5bd000000000702b013,6a24b31a000000002a004091,complete,endpoint_exhausted,0,0,0,wuhan,local_broadband_wuhan,account_wuhan,9343,49,complete,GK2026D1,,
2026-08-22T15:17:25,reply,6a24a5bd000000000702b013,6a24b2780000000027029ae7,complete,endpoint_exhausted,0,0,0,wuhan,local_broadband_wuhan,account_wuhan,9343,49,complete,GK2026D1,,
2026-08-22T15:17:25,reply,6a24a5bd000000000702b013,6a24a6070000000028030ea8,complete,endpoint_exhausted,0,1,1,wuhan,local_broadband_wuhan,account_wuhan,9343,49,complete,GK2026D1,,
2026-08-22T15:17:25,top_level,6a24a5bd000000000702b013,,complete,endpoint_exhausted,2,20,,wuhan,local_broadband_wuhan,account_wuhan,9343,49,complete,GK2026D1,True,
2026-08-22T15:29:01,reply,6a2555780000000008026428,6a27c655000000002902632b,complete,endpoint_exhausted,0,1,1,wuhan,local_broadband_wuhan,account_wuhan,9343,50,complete,GK2026D1,,
2026-08-22T15:29:01,reply,6a2555780000000008026428,6a27bd23000000002300f78a,complete,endpoint_exhausted,0,1,1,wuhan,local_broadband_wuhan,account_wuhan,9343,50,complete,GK2026D1,,
2026-08-22T15:29:01,reply,6a2555780000000008026428,6a2756e8000000002a02431c,complete,endpoint_exhausted,0,1,1,wuhan,local_broadband_wuhan,account_wuhan,9343,50,complete,GK2026D1,,
2026-08-22T15:29:01,reply,6a2555780000000008026428,6a26cdd8000000002701e639,complete,endpoint_exhausted,0,1,1,wuhan,local_broadband_wuhan,account_wuhan,9343,50,complete,GK2026D1,,
2026-08-22T15:29:01,reply,6a2555780000000008026428,6a2638f4000000002900c2a5,complete,endpoint_exhausted,0,1,1,wuhan,local_broadband_wuhan,account_wuhan,9343,50,complete,GK2026D1,,
2026-08-22T15:29:01,reply,6a2555780000000008026428,6a260f9e00000000290108f3,complete,endpoint_exhausted,0,1,1,wuhan,local_broadband_wuhan,account_wuhan,9343,50,complete,GK2026D1,,
2026-08-22T15:29:01,reply,6a2555780000000008026428,6a25599a000000002900ca3c,complete,endpoint_exhausted,0,1,1,wuhan,local_broadband_wuhan,account_wuhan,9343,50,complete,GK2026D1,,
2026-08-22T15:29:01,top_level,6a2555780000000008026428,,complete,endpoint_exhausted,1,7,,wuhan,local_broadband_wuhan,account_wuhan,9343,50,complete,GK2026D1,True,
2026-08-22T18:12:11,reply,6a24efa1000000003501c4a2,6a25359f00000000290119f6,complete,endpoint_exhausted,0,1,1,wuhan,local_broadband_wuhan,account_wuhan,9343,51,complete,GK2026D1,,
2026-08-22T18:12:42,reply,6a24efa1000000003501c4a2,6a276ca6000000002b02ae57,complete,endpoint_exhausted,1,3,3,wuhan,local_broadband_wuhan,account_wuhan,9343,51,complete,GK2026D1,,
2026-08-22T18:12:42,reply,6a24efa1000000003501c4a2,6a2543a70000000028009126,complete,endpoint_exhausted,0,1,1,wuhan,local_broadband_wuhan,account_wuhan,9343,51,complete,GK2026D1,,
2026-08-22T18:12:42,reply,6a24efa1000000003501c4a2,6a65605b00000000150166b5,complete,endpoint_exhausted,0,1,1,wuhan,local_broadband_wuhan,account_wuhan,9343,51,complete,GK2026D1,,
2026-08-22T18:12:42,reply,6a24efa1000000003501c4a2,6a253d09000000002a0255a2,complete,endpoint_exhausted,0,0,0,wuhan,local_broadband_wuhan,account_wuhan,9343,51,complete,GK2026D1,,
2026-08-22T18:12:42,reply,6a24efa1000000003501c4a2,6a252570000000002a024c6c,complete,endpoint_exhausted,0,0,0,wuhan,local_broadband_wuhan,account_wuhan,9343,51,complete,GK2026D1,,
2026-08-22T18:12:42,reply,6a24efa1000000003501c4a2,6a25754e00000000280336e1,complete,endpoint_exhausted,0,0,0,wuhan,local_broadband_wuhan,account_wuhan,9343,51,complete,GK2026D1,,
2026-08-22T18:12:42,reply,6a24efa1000000003501c4a2,6a2576e9000000002702ea6a,complete,endpoint_exhausted,0,0,0,wuhan,local_broadband_wuhan,account_wuhan,9343,51,complete,GK2026D1,,
2026-08-22T18:12:42,reply,6a24efa1000000003501c4a2,6a251c7b000000002902494d,complete,endpoint_exhausted,0,0,0,wuhan,local_broadband_wuhan,account_wuhan,9343,51,complete,GK2026D1,,
2026-08-22T18:12:42,reply,6a24efa1000000003501c4a2,6a2506dd0000000027028c60,complete,endpoint_exhausted,0,0,0,wuhan,local_broadband_wuhan,account_wuhan,9343,51,complete,GK2026D1,,
2026-08-22T18:13:12,reply,6a24efa1000000003501c4a2,6a26c42800000000280379cc,complete,endpoint_exhausted,0,0,0,wuhan,local_broadband_wuhan,account_wuhan,9343,51,complete,GK2026D1,,
2026-08-22T18:13:12,reply,6a24efa1000000003501c4a2,6a264fea0000000029024ab6,complete,endpoint_exhausted,0,0,0,wuhan,local_broadband_wuhan,account_wuhan,9343,51,complete,GK2026D1,,
2026-08-22T18:13:12,top_level,6a24efa1000000003501c4a2,,complete,endpoint_exhausted,2,12,,wuhan,local_broadband_wuhan,account_wuhan,9343,51,complete,GK2026D1,True,
2026-08-22T18:24:50,top_level,6a250c9100000000350381d4,,complete,endpoint_exhausted,1,0,,wuhan,local_broadband_wuhan,account_wuhan,9343,52,complete,GK2026D1,True,
2026-08-22T18:36:26,reply,6a262466000000002103ff03,6a269e64000000002900fbe1,complete,endpoint_exhausted,0,0,0,wuhan,local_broadband_wuhan,account_wuhan,9343,53,complete,GK2026D1,,
2026-08-22T18:36:26,reply,6a262466000000002103ff03,6a262738000000002701c65c,complete,endpoint_exhausted,0,0,0,wuhan,local_broadband_wuhan,account_wuhan,9343,53,complete,GK2026D1,,
2026-08-22T18:36:26,reply,6a262466000000002103ff03,6a26285f0000000029036065,complete,endpoint_exhausted,0,0,0,wuhan,local_broadband_wuhan,account_wuhan,9343,53,complete,GK2026D1,,
2026-08-22T18:36:26,top_level,6a262466000000002103ff03,,complete,endpoint_exhausted,1,3,,wuhan,local_broadband_wuhan,account_wuhan,9343,53,complete,GK2026D1,True,
2026-08-22T18:48:02,reply,6a26741e000000001602633f,6a26bbf40000000027020550,complete,endpoint_exhausted,0,0,0,wuhan,local_broadband_wuhan,account_wuhan,9343,54,complete,GK2026D1,,
2026-08-22T18:48:02,reply,6a26741e000000001602633f,6a26902a0000000028009061,complete,endpoint_exhausted,0,0,0,wuhan,local_broadband_wuhan,account_wuhan,9343,54,complete,GK2026D1,,
2026-08-22T18:48:02,top_level,6a26741e000000001602633f,,complete,endpoint_exhausted,1,2,,wuhan,local_broadband_wuhan,account_wuhan,9343,54,complete,GK2026D1,True,
2026-08-22T19:29:38,top_level,6a24f582000000000803fe98,,complete,endpoint_exhausted,1,0,,wuhan,local_broadband_wuhan,account_wuhan,9343,55,complete,GK2026D1,True,
2026-08-22T19:41:13,reply,6a24b95600000000150267f1,6a24ba0a000000002803ede5,complete,endpoint_exhausted,0,1,1,wuhan,local_broadband_wuhan,account_wuhan,9343,56,complete,GK2026D1,,
2026-08-22T19:41:13,reply,6a24b95600000000150267f1,6a24b9c8000000002b000bc8,complete,endpoint_exhausted,0,1,1,wuhan,local_broadband_wuhan,account_wuhan,9343,56,complete,GK2026D1,,
2026-08-22T19:41:13,reply,6a24b95600000000150267f1,6a24c5ea000000002803c4b2,complete,endpoint_exhausted,0,1,1,wuhan,local_broadband_wuhan,account_wuhan,9343,56,complete,GK2026D1,,
2026-08-22T19:41:13,reply,6a24b95600000000150267f1,6a24e3bd0000000027022037,complete,endpoint_exhausted,0,0,0,wuhan,local_broadband_wuhan,account_wuhan,9343,56,complete,GK2026D1,,
2026-08-22T19:41:13,reply,6a24b95600000000150267f1,6a24f4db000000002902492e,complete,endpoint_exhausted,0,0,0,wuhan,local_broadband_wuhan,account_wuhan,9343,56,complete,GK2026D1,,
2026-08-22T19:41:13,reply,6a24b95600000000150267f1,6a251ff1000000002702d156,complete,endpoint_exhausted,0,0,0,wuhan,local_broadband_wuhan,account_wuhan,9343,56,complete,GK2026D1,,
2026-08-22T19:41:13,reply,6a24b95600000000150267f1,6a24f6d7000000002902c78a,complete,endpoint_exhausted,0,0,0,wuhan,local_broadband_wuhan,account_wuhan,9343,56,complete,GK2026D1,,
2026-08-22T19:41:13,reply,6a24b95600000000150267f1,6a24bb25000000002702c48a,complete,endpoint_exhausted,0,0,0,wuhan,local_broadband_wuhan,account_wuhan,9343,56,complete,GK2026D1,,
2026-08-22T19:41:13,reply,6a24b95600000000150267f1,6a24be26000000002a006930,complete,endpoint_exhausted,0,0,0,wuhan,local_broadband_wuhan,account_wuhan,9343,56,complete,GK2026D1,,
2026-08-22T19:41:13,reply,6a24b95600000000150267f1,6a24bf5f00000000280339b5,complete,endpoint_exhausted,0,0,0,wuhan,local_broadband_wuhan,account_wuhan,9343,56,complete,GK2026D1,,
2026-08-22T19:41:43,reply,6a24b95600000000150267f1,6a24bda70000000029035780,complete,endpoint_exhausted,0,0,0,wuhan,local_broadband_wuhan,account_wuhan,9343,56,complete,GK2026D1,,
2026-08-22T19:41:43,reply,6a24b95600000000150267f1,6a24f1b6000000002b002f19,complete,endpoint_exhausted,0,0,0,wuhan,local_broadband_wuhan,account_wuhan,9343,56,complete,GK2026D1,,
2026-08-22T19:41:43,reply,6a24b95600000000150267f1,6a3f4505000000001501349a,complete,endpoint_exhausted,0,0,0,wuhan,local_broadband_wuhan,account_wuhan,9343,56,complete,GK2026D1,,
2026-08-22T19:41:43,reply,6a24b95600000000150267f1,6a24faaa0000000027020bbc,complete,endpoint_exhausted,0,0,0,wuhan,local_broadband_wuhan,account_wuhan,9343,56,complete,GK2026D1,,
2026-08-22T19:41:43,reply,6a24b95600000000150267f1,6a25277e0000000028033d80,complete,endpoint_exhausted,0,0,0,wuhan,local_broadband_wuhan,account_wuhan,9343,56,complete,GK2026D1,,
2026-08-22T19:41:43,reply,6a24b95600000000150267f1,6a24c3ab000000002902707d,complete,endpoint_exhausted,0,0,0,wuhan,local_broadband_wuhan,account_wuhan,9343,56,complete,GK2026D1,,
2026-08-22T19:41:43,reply,6a24b95600000000150267f1,6a250a9e0000000029035b8c,complete,endpoint_exhausted,0,0,0,wuhan,local_broadband_wuhan,account_wuhan,9343,56,complete,GK2026D1,,
2026-08-22T19:41:43,reply,6a24b95600000000150267f1,6a24c29d000000002b001a77,complete,endpoint_exhausted,0,0,0,wuhan,local_broadband_wuhan,account_wuhan,9343,56,complete,GK2026D1,,
2026-08-22T19:41:43,top_level,6a24b95600000000150267f1,,complete,endpoint_exhausted,2,18,,wuhan,local_broadband_wuhan,account_wuhan,9343,56,complete,GK2026D1,True,
2026-08-22T19:54:19,reply,6a256ebc0000000015026f35,6a260bf9000000002a031143,complete,endpoint_exhausted,2,8,8,wuhan,local_broadband_wuhan,account_wuhan,9343,57,complete,GK2026D1,,
2026-08-22T19:56:20,reply,6a256ebc0000000015026f35,6a260de6000000002902ca86,complete,endpoint_exhausted,4,18,18,wuhan,local_broadband_wuhan,account_wuhan,9343,57,complete,GK2026D1,,
2026-08-22T19:59:21,reply,6a256ebc0000000015026f35,6a271ede000000002803cc49,complete,endpoint_exhausted,6,29,29,wuhan,local_broadband_wuhan,account_wuhan,9343,57,complete,GK2026D1,,
2026-08-22T20:00:22,reply,6a256ebc0000000015026f35,6a26667c000000002803446e,complete,endpoint_exhausted,2,8,8,wuhan,local_broadband_wuhan,account_wuhan,9343,57,complete,GK2026D1,,
2026-08-22T20:02:23,reply,6a256ebc0000000015026f35,6a26380b00000000280368ff,complete,endpoint_exhausted,4,18,18,wuhan,local_broadband_wuhan,account_wuhan,9343,57,complete,GK2026D1,,
2026-08-22T20:03:23,reply,6a256ebc0000000015026f35,6a2759900000000027023684,complete,endpoint_exhausted,2,9,9,wuhan,local_broadband_wuhan,account_wuhan,9343,57,complete,GK2026D1,,
2026-08-22T20:04:54,reply,6a256ebc0000000015026f35,6a2621aa000000002902fd3a,complete,endpoint_exhausted,3,16,16,wuhan,local_broadband_wuhan,account_wuhan,9343,57,complete,GK2026D1,,
2026-08-22T20:06:55,reply,6a256ebc0000000015026f35,6a269aa7000000002803d8e9,complete,endpoint_exhausted,4,17,17,wuhan,local_broadband_wuhan,account_wuhan,9343,57,complete,GK2026D1,,
2026-08-22T20:09:26,reply,6a256ebc0000000015026f35,6a28b6c1000000002a02c41c,complete,endpoint_exhausted,5,25,25,wuhan,local_broadband_wuhan,account_wuhan,9343,57,complete,GK2026D1,,
2026-08-22T20:09:56,reply,6a256ebc0000000015026f35,6a261ca9000000002702b275,complete,endpoint_exhausted,1,2,2,wuhan,local_broadband_wuhan,account_wuhan,9343,57,complete,GK2026D1,,
2026-08-22T20:10:26,reply,6a256ebc0000000015026f35,6a261b9e0000000028039d77,complete,endpoint_exhausted,0,0,0,wuhan,local_broadband_wuhan,account_wuhan,9343,57,complete,GK2026D1,,
2026-08-22T20:10:26,reply,6a256ebc0000000015026f35,6a261a34000000002a0255ac,complete,endpoint_exhausted,0,0,0,wuhan,local_broadband_wuhan,account_wuhan,9343,57,complete,GK2026D1,,
2026-08-22T20:10:26,reply,6a256ebc0000000015026f35,6a2618f6000000002a032661,complete,endpoint_exhausted,0,0,0,wuhan,local_broadband_wuhan,account_wuhan,9343,57,complete,GK2026D1,,
2026-08-22T20:10:26,reply,6a256ebc0000000015026f35,6a2618c8000000002a032103,complete,endpoint_exhausted,0,0,0,wuhan,local_broadband_wuhan,account_wuhan,9343,57,complete,GK2026D1,,
2026-08-22T20:10:26,reply,6a256ebc0000000015026f35,6a26183a0000000028036ada,complete,endpoint_exhausted,0,0,0,wuhan,local_broadband_wuhan,account_wuhan,9343,57,complete,GK2026D1,,
2026-08-22T20:10:26,reply,6a256ebc0000000015026f35,6a2616d20000000029025d66,complete,endpoint_exhausted,0,0,0,wuhan,local_broadband_wuhan,account_wuhan,9343,57,complete,GK2026D1,,
2026-08-22T20:10:26,reply,6a256ebc0000000015026f35,6a261408000000002a026a04,complete,endpoint_exhausted,0,0,0,wuhan,local_broadband_wuhan,account_wuhan,9343,57,complete,GK2026D1,,
2026-08-22T20:10:26,reply,6a256ebc0000000015026f35,6a260f13000000002b028403,complete,endpoint_exhausted,0,0,0,wuhan,local_broadband_wuhan,account_wuhan,9343,57,complete,GK2026D1,,
2026-08-22T20:10:26,reply,6a256ebc0000000015026f35,6a260e1d000000002b026db8,complete,endpoint_exhausted,0,0,0,wuhan,local_broadband_wuhan,account_wuhan,9343,57,complete,GK2026D1,,
2026-08-22T20:10:26,reply,6a256ebc0000000015026f35,6a2603bd000000002702180f,complete,endpoint_exhausted,0,1,1,wuhan,local_broadband_wuhan,account_wuhan,9343,57,complete,GK2026D1,,
2026-08-22T20:10:57,reply,6a256ebc0000000015026f35,6a25f7fc0000000029025f61,complete,endpoint_exhausted,0,0,0,wuhan,local_broadband_wuhan,account_wuhan,9343,57,complete,GK2026D1,,
2026-08-22T20:10:57,reply,6a256ebc0000000015026f35,6a259a02000000002900fe5a,complete,endpoint_exhausted,0,0,0,wuhan,local_broadband_wuhan,account_wuhan,9343,57,complete,GK2026D1,,
2026-08-22T20:11:27,reply,6a256ebc0000000015026f35,6a257501000000002902c8c0,complete,endpoint_exhausted,1,3,3,wuhan,local_broadband_wuhan,account_wuhan,9343,57,complete,GK2026D1,,
2026-08-22T20:12:27,reply,6a256ebc0000000015026f35,6a2636dc0000000029010c4d,complete,endpoint_exhausted,2,10,10,wuhan,local_broadband_wuhan,account_wuhan,9343,57,complete,GK2026D1,,
2026-08-22T20:13:58,reply,6a256ebc0000000015026f35,6a25bbfe000000002900ede0,complete,endpoint_exhausted,3,16,16,wuhan,local_broadband_wuhan,account_wuhan,9343,57,complete,GK2026D1,,
2026-08-22T20:13:58,reply,6a256ebc0000000015026f35,6a28bc38000000002900f2a2,complete,endpoint_exhausted,0,0,0,wuhan,local_broadband_wuhan,account_wuhan,9343,57,complete,GK2026D1,,
2026-08-22T20:13:58,reply,6a256ebc0000000015026f35,6a284f7500000000280358a4,complete,endpoint_exhausted,0,0,0,wuhan,local_broadband_wuhan,account_wuhan,9343,57,complete,GK2026D1,,
2026-08-22T20:13:58,reply,6a256ebc0000000015026f35,6a275cf2000000002a031af8,complete,endpoint_exhausted,0,0,0,wuhan,local_broadband_wuhan,account_wuhan,9343,57,complete,GK2026D1,,
2026-08-22T20:13:58,reply,6a256ebc0000000015026f35,6a26e9b1000000002a0253a5,complete,endpoint_exhausted,0,0,0,wuhan,local_broadband_wuhan,account_wuhan,9343,57,complete,GK2026D1,,
2026-08-22T20:13:58,reply,6a256ebc0000000015026f35,6a26d8ae000000002900da0b,complete,endpoint_exhausted,0,0,0,wuhan,local_broadband_wuhan,account_wuhan,9343,57,complete,GK2026D1,,
2026-08-22T20:14:28,reply,6a256ebc0000000015026f35,6a2691170000000027023284,complete,endpoint_exhausted,0,0,0,wuhan,local_broadband_wuhan,account_wuhan,9343,57,complete,GK2026D1,,
2026-08-22T20:14:28,reply,6a256ebc0000000015026f35,6a26572f00000000270219b4,complete,endpoint_exhausted,0,0,0,wuhan,local_broadband_wuhan,account_wuhan,9343,57,complete,GK2026D1,,
2026-08-22T20:14:28,reply,6a256ebc0000000015026f35,6a265253000000002a0327f7,complete,endpoint_exhausted,0,0,0,wuhan,local_broadband_wuhan,account_wuhan,9343,57,complete,GK2026D1,,
2026-08-22T20:14:28,reply,6a256ebc0000000015026f35,6a264e12000000002903629d,complete,endpoint_exhausted,0,0,0,wuhan,local_broadband_wuhan,account_wuhan,9343,57,complete,GK2026D1,,
2026-08-22T20:14:28,reply,6a256ebc0000000015026f35,6a2625f9000000002b02a4ae,complete,endpoint_exhausted,0,0,0,wuhan,local_broadband_wuhan,account_wuhan,9343,57,complete,GK2026D1,,
2026-08-22T20:14:28,reply,6a256ebc0000000015026f35,6a3bbe5300000000050173e8,complete,endpoint_exhausted,0,1,1,wuhan,local_broadband_wuhan,account_wuhan,9343,57,complete,GK2026D1,,
2026-08-22T20:14:28,reply,6a256ebc0000000015026f35,6a2a350a000000002803d30b,complete,endpoint_exhausted,0,0,0,wuhan,local_broadband_wuhan,account_wuhan,9343,57,complete,GK2026D1,,
2026-08-22T20:14:28,reply,6a256ebc0000000015026f35,6a28ed740000000028034d03,complete,endpoint_exhausted,0,1,1,wuhan,local_broadband_wuhan,account_wuhan,9343,57,complete,GK2026D1,,
2026-08-22T20:14:28,reply,6a256ebc0000000015026f35,6a28b161000000002900ca01,complete,endpoint_exhausted,0,0,0,wuhan,local_broadband_wuhan,account_wuhan,9343,57,complete,GK2026D1,,
2026-08-22T20:14:28,reply,6a256ebc0000000015026f35,6a282a7d0000000027029a56,complete,endpoint_exhausted,0,0,0,wuhan,local_broadband_wuhan,account_wuhan,9343,57,complete,GK2026D1,,
2026-08-22T20:14:59,reply,6a256ebc0000000015026f35,6a282a7a0000000027020203,complete,endpoint_exhausted,0,0,0,wuhan,local_broadband_wuhan,account_wuhan,9343,57,complete,GK2026D1,,
2026-08-22T20:14:59,reply,6a256ebc0000000015026f35,6a27636d000000002702b930,complete,endpoint_exhausted,0,0,0,wuhan,local_broadband_wuhan,account_wuhan,9343,57,complete,GK2026D1,,
2026-08-22T20:14:59,reply,6a256ebc0000000015026f35,6a26b9e0000000002a02e44f,complete,endpoint_exhausted,0,1,1,wuhan,local_broadband_wuhan,account_wuhan,9343,57,complete,GK2026D1,,
2026-08-22T20:14:59,reply,6a256ebc0000000015026f35,6a26ac0000000000270224f7,complete,endpoint_exhausted,0,0,0,wuhan,local_broadband_wuhan,account_wuhan,9343,57,complete,GK2026D1,,
2026-08-22T20:14:59,reply,6a256ebc0000000015026f35,6a26a2e5000000002701c5eb,complete,endpoint_exhausted,0,0,0,wuhan,local_broadband_wuhan,account_wuhan,9343,57,complete,GK2026D1,,
2026-08-22T20:14:59,reply,6a256ebc0000000015026f35,6a267dca000000002701ee77,complete,endpoint_exhausted,0,0,0,wuhan,local_broadband_wuhan,account_wuhan,9343,57,complete,GK2026D1,,
2026-08-22T20:14:59,reply,6a256ebc0000000015026f35,6a267ba60000000027029b21,complete,endpoint_exhausted,0,0,0,wuhan,local_broadband_wuhan,account_wuhan,9343,57,complete,GK2026D1,,
2026-08-22T20:14:59,reply,6a256ebc0000000015026f35,6a2667290000000029010202,complete,endpoint_exhausted,0,0,0,wuhan,local_broadband_wuhan,account_wuhan,9343,57,complete,GK2026D1,,
2026-08-22T20:14:59,top_level,6a256ebc0000000015026f35,,complete,endpoint_exhausted,5,48,,wuhan,local_broadband_wuhan,account_wuhan,9343,57,complete,GK2026D1,True,
2026-08-22T20:26:34,reply,6a24c06d0000000021019a27,6a261013000000002803c269,complete,endpoint_exhausted,0,0,0,wuhan,local_broadband_wuhan,account_wuhan,9343,58,complete,GK2026D1,,
2026-08-22T20:26:34,reply,6a24c06d0000000021019a27,6a25f166000000002901883a,complete,endpoint_exhausted,0,0,0,wuhan,local_broadband_wuhan,account_wuhan,9343,58,complete,GK2026D1,,
2026-08-22T20:26:34,reply,6a24c06d0000000021019a27,6a259d630000000028009944,complete,endpoint_exhausted,0,0,0,wuhan,local_broadband_wuhan,account_wuhan,9343,58,complete,GK2026D1,,
2026-08-22T20:26:34,reply,6a24c06d0000000021019a27,6a258caf000000002701c8fa,complete,endpoint_exhausted,0,0,0,wuhan,local_broadband_wuhan,account_wuhan,9343,58,complete,GK2026D1,,
2026-08-22T20:26:34,reply,6a24c06d0000000021019a27,6a258b8d000000002a02d7fc,complete,endpoint_exhausted,0,0,0,wuhan,local_broadband_wuhan,account_wuhan,9343,58,complete,GK2026D1,,
2026-08-22T20:26:34,reply,6a24c06d0000000021019a27,6a25806a000000002901b7b5,complete,endpoint_exhausted,0,0,0,wuhan,local_broadband_wuhan,account_wuhan,9343,58,complete,GK2026D1,,
2026-08-22T20:26:34,reply,6a24c06d0000000021019a27,6a257a22000000002b02a374,complete,endpoint_exhausted,0,0,0,wuhan,local_broadband_wuhan,account_wuhan,9343,58,complete,GK2026D1,,
2026-08-22T20:26:34,reply,6a24c06d0000000021019a27,6a2576640000000028036c97,complete,endpoint_exhausted,0,0,0,wuhan,local_broadband_wuhan,account_wuhan,9343,58,complete,GK2026D1,,
2026-08-22T20:26:34,reply,6a24c06d0000000021019a27,6a2575890000000027028b8f,complete,endpoint_exhausted,0,0,0,wuhan,local_broadband_wuhan,account_wuhan,9343,58,complete,GK2026D1,,
2026-08-22T20:26:34,reply,6a24c06d0000000021019a27,6a25674e0000000029019aa0,complete,endpoint_exhausted,0,0,0,wuhan,local_broadband_wuhan,account_wuhan,9343,58,complete,GK2026D1,,
2026-08-22T20:27:05,reply,6a24c06d0000000021019a27,6a256401000000002a02e016,complete,endpoint_exhausted,0,0,0,wuhan,local_broadband_wuhan,account_wuhan,9343,58,complete,GK2026D1,,
2026-08-22T20:27:05,reply,6a24c06d0000000021019a27,6a255fbf0000000028035767,complete,endpoint_exhausted,0,0,0,wuhan,local_broadband_wuhan,account_wuhan,9343,58,complete,GK2026D1,,
2026-08-22T20:27:05,reply,6a24c06d0000000021019a27,6a255717000000002803ab47,complete,endpoint_exhausted,0,0,0,wuhan,local_broadband_wuhan,account_wuhan,9343,58,complete,GK2026D1,,
2026-08-22T20:27:05,reply,6a24c06d0000000021019a27,6a2533720000000029026d6b,complete,endpoint_exhausted,0,0,0,wuhan,local_broadband_wuhan,account_wuhan,9343,58,complete,GK2026D1,,
2026-08-22T20:27:05,reply,6a24c06d0000000021019a27,6a251a700000000028039458,complete,endpoint_exhausted,0,0,0,wuhan,local_broadband_wuhan,account_wuhan,9343,58,complete,GK2026D1,,
2026-08-22T20:27:05,reply,6a24c06d0000000021019a27,6a250831000000002701f3e8,complete,endpoint_exhausted,0,0,0,wuhan,local_broadband_wuhan,account_wuhan,9343,58,complete,GK2026D1,,
2026-08-22T20:27:05,reply,6a24c06d0000000021019a27,6a24f872000000002100ec01,complete,endpoint_exhausted,0,0,0,wuhan,local_broadband_wuhan,account_wuhan,9343,58,complete,GK2026D1,,
2026-08-22T20:27:05,reply,6a24c06d0000000021019a27,6a24eab7000000002803e8da,complete,endpoint_exhausted,0,0,0,wuhan,local_broadband_wuhan,account_wuhan,9343,58,complete,GK2026D1,,
2026-08-22T20:27:05,reply,6a24c06d0000000021019a27,6a258bc1000000002b027dcc,complete,endpoint_exhausted,0,0,0,wuhan,local_broadband_wuhan,account_wuhan,9343,58,complete,GK2026D1,,
2026-08-22T20:27:05,reply,6a24c06d0000000021019a27,6a258221000000002b0013fb,complete,endpoint_exhausted,0,0,0,wuhan,local_broadband_wuhan,account_wuhan,9343,58,complete,GK2026D1,,
2026-08-22T20:27:35,reply,6a24c06d0000000021019a27,6a2572bb000000002702e589,complete,endpoint_exhausted,0,0,0,wuhan,local_broadband_wuhan,account_wuhan,9343,58,complete,GK2026D1,,
2026-08-22T20:27:35,reply,6a24c06d0000000021019a27,6a256afc0000000028009ea8,complete,endpoint_exhausted,0,0,0,wuhan,local_broadband_wuhan,account_wuhan,9343,58,complete,GK2026D1,,
2026-08-22T20:27:35,reply,6a24c06d0000000021019a27,6a2521af000000002702ad5a,complete,endpoint_exhausted,0,0,0,wuhan,local_broadband_wuhan,account_wuhan,9343,58,complete,GK2026D1,,
2026-08-22T20:27:35,reply,6a24c06d0000000021019a27,6a250e22000000002b02a3d4,complete,endpoint_exhausted,0,0,0,wuhan,local_broadband_wuhan,account_wuhan,9343,58,complete,GK2026D1,,
2026-08-22T20:27:35,top_level,6a24c06d0000000021019a27,,complete,endpoint_exhausted,3,24,,wuhan,local_broadband_wuhan,account_wuhan,9343,58,complete,GK2026D1,True,
2026-08-22T20:39:10,reply,6a24d20b000000000803384f,6a24d5dc000000002701f5a8,complete,endpoint_exhausted,0,0,0,wuhan,local_broadband_wuhan,account_wuhan,9343,59,complete,GK2026D1,,
2026-08-22T20:39:10,reply,6a24d20b000000000803384f,6a261848000000002a004b45,complete,endpoint_exhausted,0,0,0,wuhan,local_broadband_wuhan,account_wuhan,9343,59,complete,GK2026D1,,
2026-08-22T20:39:10,reply,6a24d20b000000000803384f,6a24dd370000000028038ad4,complete,endpoint_exhausted,0,1,1,wuhan,local_broadband_wuhan,account_wuhan,9343,59,complete,GK2026D1,,
2026-08-22T20:39:10,top_level,6a24d20b000000000803384f,,complete,endpoint_exhausted,1,3,,wuhan,local_broadband_wuhan,account_wuhan,9343,59,complete,GK2026D1,True,
2026-08-22T20:51:15,reply,6a263c600000000022023471,6a274f3b000000002b028890,complete,endpoint_exhausted,1,3,3,wuhan,local_broadband_wuhan,account_wuhan,9343,60,complete,GK2026D1,,
2026-08-22T20:51:45,reply,6a263c600000000022023471,6a2743eb000000002a0249c8,complete,endpoint_exhausted,1,2,2,wuhan,local_broadband_wuhan,account_wuhan,9343,60,complete,GK2026D1,,
2026-08-22T20:52:16,reply,6a263c600000000022023471,6a264c7c000000002900f12f,complete,endpoint_exhausted,1,2,2,wuhan,local_broadband_wuhan,account_wuhan,9343,60,complete,GK2026D1,,
2026-08-22T20:52:16,top_level,6a263c600000000022023471,,complete,endpoint_exhausted,1,3,,wuhan,local_broadband_wuhan,account_wuhan,9343,60,complete,GK2026D1,True,
2026-08-22T21:34:22,reply,6a24b5150000000021018cad,6a24b677000000002a02ce88,complete,endpoint_exhausted,1,2,2,wuhan,local_broadband_wuhan,account_wuhan,9343,61,complete,GK2026D1,,
2026-08-22T21:34:52,reply,6a24b5150000000021018cad,6a24c127000000002b02776a,complete,endpoint_exhausted,1,5,5,wuhan,local_broadband_wuhan,account_wuhan,9343,61,complete,GK2026D1,,
2026-08-22T21:35:22,reply,6a24b5150000000021018cad,6a24e1a3000000002a004bb9,complete,endpoint_exhausted,1,3,3,wuhan,local_broadband_wuhan,account_wuhan,9343,61,complete,GK2026D1,,
2026-08-22T21:35:52,reply,6a24b5150000000021018cad,6a24f87e0000000028033f78,complete,endpoint_exhausted,1,2,2,wuhan,local_broadband_wuhan,account_wuhan,9343,61,complete,GK2026D1,,
2026-08-22T21:35:52,reply,6a24b5150000000021018cad,6a24e4a8000000002701564f,complete,endpoint_exhausted,0,1,1,wuhan,local_broadband_wuhan,account_wuhan,9343,61,complete,GK2026D1,,
2026-08-22T21:35:52,reply,6a24b5150000000021018cad,6a24c9d6000000002a02ff6e,complete,endpoint_exhausted,0,1,1,wuhan,local_broadband_wuhan,account_wuhan,9343,61,complete,GK2026D1,,
2026-08-22T21:35:52,reply,6a24b5150000000021018cad,6a24cb8c0000000029026b99,complete,endpoint_exhausted,0,1,1,wuhan,local_broadband_wuhan,account_wuhan,9343,61,complete,GK2026D1,,
2026-08-22T21:35:52,reply,6a24b5150000000021018cad,6a24f183000000002a02e242,complete,endpoint_exhausted,0,1,1,wuhan,local_broadband_wuhan,account_wuhan,9343,61,complete,GK2026D1,,
2026-08-22T21:36:22,reply,6a24b5150000000021018cad,6a24d9f4000000002900c391,complete,endpoint_exhausted,1,4,4,wuhan,local_broadband_wuhan,account_wuhan,9343,61,complete,GK2026D1,,
2026-08-22T21:36:22,reply,6a24b5150000000021018cad,6a253e450000000029026434,complete,endpoint_exhausted,0,1,1,wuhan,local_broadband_wuhan,account_wuhan,9343,61,complete,GK2026D1,,
2026-08-22T21:36:53,reply,6a24b5150000000021018cad,6a25a260000000002803e9d8,complete,endpoint_exhausted,0,1,1,wuhan,local_broadband_wuhan,account_wuhan,9343,61,complete,GK2026D1,,
2026-08-22T21:36:53,reply,6a24b5150000000021018cad,6a2543060000000029027e2d,complete,endpoint_exhausted,0,1,1,wuhan,local_broadband_wuhan,account_wuhan,9343,61,complete,GK2026D1,,
2026-08-22T21:36:53,reply,6a24b5150000000021018cad,6a25837400000000270293b6,complete,endpoint_exhausted,0,1,1,wuhan,local_broadband_wuhan,account_wuhan,9343,61,complete,GK2026D1,,
2026-08-22T21:36:53,reply,6a24b5150000000021018cad,6a25339c000000002b000ecb,complete,endpoint_exhausted,0,1,1,wuhan,local_broadband_wuhan,account_wuhan,9343,61,complete,GK2026D1,,
2026-08-22T21:36:53,reply,6a24b5150000000021018cad,6a24e1fb00000000270281ff,complete,endpoint_exhausted,0,1,1,wuhan,local_broadband_wuhan,account_wuhan,9343,61,complete,GK2026D1,,
2026-08-22T21:36:53,reply,6a24b5150000000021018cad,6a24b9ed000000002a031f96,complete,endpoint_exhausted,0,1,1,wuhan,local_broadband_wuhan,account_wuhan,9343,61,complete,GK2026D1,,
2026-08-22T21:36:53,reply,6a24b5150000000021018cad,6a24f3270000000029035568,complete,endpoint_exhausted,0,1,1,wuhan,local_broadband_wuhan,account_wuhan,9343,61,complete,GK2026D1,,
2026-08-22T21:36:53,reply,6a24b5150000000021018cad,6a24d23a0000000027016f86,complete,endpoint_exhausted,0,1,1,wuhan,local_broadband_wuhan,account_wuhan,9343,61,complete,GK2026D1,,
2026-08-22T21:36:53,reply,6a24b5150000000021018cad,6a2529f7000000002702dbe2,complete,endpoint_exhausted,0,1,1,wuhan,local_broadband_wuhan,account_wuhan,9343,61,complete,GK2026D1,,
2026-08-22T21:36:53,reply,6a24b5150000000021018cad,6a24b676000000002803cd4e,complete,endpoint_exhausted,0,1,1,wuhan,local_broadband_wuhan,account_wuhan,9343,61,complete,GK2026D1,,
2026-08-22T21:37:23,reply,6a24b5150000000021018cad,6a24f3e50000000028009f05,complete,endpoint_exhausted,0,0,0,wuhan,local_broadband_wuhan,account_wuhan,9343,61,complete,GK2026D1,,
2026-08-22T21:37:23,reply,6a24b5150000000021018cad,6a24f9e60000000027021b50,complete,endpoint_exhausted,0,0,0,wuhan,local_broadband_wuhan,account_wuhan,9343,61,complete,GK2026D1,,
2026-08-22T21:37:23,top_level,6a24b5150000000021018cad,,complete,endpoint_exhausted,3,22,,wuhan,local_broadband_wuhan,account_wuhan,9343,61,complete,GK2026D1,True,
2026-08-22T21:48:58,top_level,6a2618bd0000000006036047,,complete,endpoint_exhausted,1,0,,wuhan,local_broadband_wuhan,account_wuhan,9343,62,complete,GK2026D1,True,
2026-08-22T22:00:33,top_level,6a26a3cb000000003501ce98,,complete,endpoint_exhausted,1,0,,wuhan,local_broadband_wuhan,account_wuhan,9343,63,complete,GK2026D1,True,
2026-08-22T22:12:09,reply,6a268f270000000006023539,6a3d60be000000002a02f90b,complete,endpoint_exhausted,0,1,1,wuhan,local_broadband_wuhan,account_wuhan,9343,64,complete,GK2026D1,,
2026-08-22T22:12:09,reply,6a268f270000000006023539,6a2b73dd0000000029013840,complete,endpoint_exhausted,0,1,1,wuhan,local_broadband_wuhan,account_wuhan,9343,64,complete,GK2026D1,,
2026-08-22T22:12:09,reply,6a268f270000000006023539,6a3228fd000000002a027a29,complete,endpoint_exhausted,0,0,0,wuhan,local_broadband_wuhan,account_wuhan,9343,64,complete,GK2026D1,,
2026-08-22T22:12:09,reply,6a268f270000000006023539,6a3663ad0000000014039fc1,complete,endpoint_exhausted,0,0,0,wuhan,local_broadband_wuhan,account_wuhan,9343,64,complete,GK2026D1,,
2026-08-22T22:12:09,reply,6a268f270000000006023539,6a2feec6000000002b026773,complete,endpoint_exhausted,0,0,0,wuhan,local_broadband_wuhan,account_wuhan,9343,64,complete,GK2026D1,,
2026-08-22T22:12:09,reply,6a268f270000000006023539,6a3d61bd000000002b003e08,complete,endpoint_exhausted,0,0,0,wuhan,local_broadband_wuhan,account_wuhan,9343,64,complete,GK2026D1,,
2026-08-22T22:12:09,reply,6a268f270000000006023539,6a2d23f4000000002902edcb,complete,endpoint_exhausted,0,0,0,wuhan,local_broadband_wuhan,account_wuhan,9343,64,complete,GK2026D1,,
2026-08-22T22:12:09,reply,6a268f270000000006023539,6a2787790000000027016ad7,complete,endpoint_exhausted,0,0,0,wuhan,local_broadband_wuhan,account_wuhan,9343,64,complete,GK2026D1,,
2026-08-22T22:12:09,reply,6a268f270000000006023539,6a3bb10c0000000015002490,complete,endpoint_exhausted,0,0,0,wuhan,local_broadband_wuhan,account_wuhan,9343,64,complete,GK2026D1,,
2026-08-22T22:12:09,reply,6a268f270000000006023539,6a27eb2b000000002702c118,complete,endpoint_exhausted,0,0,0,wuhan,local_broadband_wuhan,account_wuhan,9343,64,complete,GK2026D1,,
2026-08-22T22:12:39,reply,6a268f270000000006023539,6a269676000000002702d33e,complete,endpoint_exhausted,0,0,0,wuhan,local_broadband_wuhan,account_wuhan,9343,64,complete,GK2026D1,,
2026-08-22T22:12:39,reply,6a268f270000000006023539,6a26b230000000002b003127,complete,endpoint_exhausted,0,0,0,wuhan,local_broadband_wuhan,account_wuhan,9343,64,complete,GK2026D1,,
2026-08-22T22:12:39,top_level,6a268f270000000006023539,,complete,endpoint_exhausted,2,12,,wuhan,local_broadband_wuhan,account_wuhan,9343,64,complete,GK2026D1,True,
2026-08-22T22:24:14,top_level,6a24b96900000000160277ae,,complete,endpoint_exhausted,1,0,,wuhan,local_broadband_wuhan,account_wuhan,9343,65,complete,GK2026D1,True,
2026-08-22T22:37:21,reply,6a253f5c000000002103f8a0,6a2545df000000002902cdae,complete,endpoint_exhausted,3,16,16,wuhan,local_broadband_wuhan,account_wuhan,9343,66,complete,GK2026D1,,
2026-08-22T22:40:53,reply,6a253f5c000000002103f8a0,6a2679a8000000002803d3c1,complete,endpoint_exhausted,7,35,35,wuhan,local_broadband_wuhan,account_wuhan,9343,66,complete,GK2026D1,,
2026-08-22T22:42:24,reply,6a253f5c000000002103f8a0,6a259b06000000002901b999,complete,endpoint_exhausted,3,14,14,wuhan,local_broadband_wuhan,account_wuhan,9343,66,complete,GK2026D1,,
2026-08-22T22:44:25,reply,6a253f5c000000002103f8a0,6a25b9e000000000270211bf,complete,endpoint_exhausted,4,19,19,wuhan,local_broadband_wuhan,account_wuhan,9343,66,complete,GK2026D1,,
2026-08-22T22:45:25,reply,6a253f5c000000002103f8a0,6a256738000000002702a3c5,complete,endpoint_exhausted,2,10,10,wuhan,local_broadband_wuhan,account_wuhan,9343,66,complete,GK2026D1,,
2026-08-22T22:45:56,reply,6a253f5c000000002103f8a0,6a264dc5000000002a0332a1,complete,endpoint_exhausted,1,6,6,wuhan,local_broadband_wuhan,account_wuhan,9343,66,complete,GK2026D1,,
2026-08-22T22:46:26,reply,6a253f5c000000002103f8a0,6a263ef1000000002803adba,complete,endpoint_exhausted,1,6,6,wuhan,local_broadband_wuhan,account_wuhan,9343,66,complete,GK2026D1,,
2026-08-22T22:46:56,reply,6a253f5c000000002103f8a0,6a258a1a000000002803381b,complete,endpoint_exhausted,1,4,4,wuhan,local_broadband_wuhan,account_wuhan,9343,66,complete,GK2026D1,,
2026-08-22T22:47:26,reply,6a253f5c000000002103f8a0,6a2688ef000000002b026d04,complete,endpoint_exhausted,1,6,6,wuhan,local_broadband_wuhan,account_wuhan,9343,66,complete,GK2026D1,,
2026-08-22T22:47:26,reply,6a253f5c000000002103f8a0,6a2548bf00000000280085b7,complete,endpoint_exhausted,0,0,0,wuhan,local_broadband_wuhan,account_wuhan,9343,66,complete,GK2026D1,,
2026-08-22T22:49:27,reply,6a253f5c000000002103f8a0,6a2545df000000002902cdae,complete,endpoint_exhausted,3,16,16,wuhan,local_broadband_wuhan,account_wuhan,9343,66,complete,GK2026D1,,
2026-08-22T22:52:59,reply,6a253f5c000000002103f8a0,6a2679a8000000002803d3c1,complete,endpoint_exhausted,7,35,35,wuhan,local_broadband_wuhan,account_wuhan,9343,66,complete,GK2026D1,,
2026-08-22T22:52:59,reply,6a253f5c000000002103f8a0,6a26e31b00000000270295ea,complete,endpoint_exhausted,0,0,0,wuhan,local_broadband_wuhan,account_wuhan,9343,66,complete,GK2026D1,,
2026-08-22T22:52:59,reply,6a253f5c000000002103f8a0,6a2a6a280000000028032268,complete,endpoint_exhausted,0,0,0,wuhan,local_broadband_wuhan,account_wuhan,9343,66,complete,GK2026D1,,
2026-08-22T22:52:59,reply,6a253f5c000000002103f8a0,6a281bb000000000290187a5,complete,endpoint_exhausted,0,0,0,wuhan,local_broadband_wuhan,account_wuhan,9343,66,complete,GK2026D1,,
2026-08-22T22:52:59,reply,6a253f5c000000002103f8a0,6a27cc530000000029013390,complete,endpoint_exhausted,0,0,0,wuhan,local_broadband_wuhan,account_wuhan,9343,66,complete,GK2026D1,,
2026-08-22T22:52:59,reply,6a253f5c000000002103f8a0,6a27bd780000000028033ebc,complete,endpoint_exhausted,0,0,0,wuhan,local_broadband_wuhan,account_wuhan,9343,66,complete,GK2026D1,,
2026-08-22T22:52:59,reply,6a253f5c000000002103f8a0,6a276107000000002803d8e2,complete,endpoint_exhausted,0,0,0,wuhan,local_broadband_wuhan,account_wuhan,9343,66,complete,GK2026D1,,
2026-08-22T22:52:59,reply,6a253f5c000000002103f8a0,6a274c4e000000002902e27c,complete,endpoint_exhausted,0,0,0,wuhan,local_broadband_wuhan,account_wuhan,9343,66,complete,GK2026D1,,
2026-08-22T22:52:59,reply,6a253f5c000000002103f8a0,6a273dd3000000002a02c7a1,complete,endpoint_exhausted,0,0,0,wuhan,local_broadband_wuhan,account_wuhan,9343,66,complete,GK2026D1,,
2026-08-22T22:53:29,reply,6a253f5c000000002103f8a0,6a26f602000000002702fecb,complete,endpoint_exhausted,0,0,0,wuhan,local_broadband_wuhan,account_wuhan,9343,66,complete,GK2026D1,,
2026-08-22T22:53:59,reply,6a253f5c000000002103f8a0,6a26c36d0000000028033d90,complete,endpoint_exhausted,1,3,3,wuhan,local_broadband_wuhan,account_wuhan,9343,66,complete,GK2026D1,,
2026-08-22T22:53:59,reply,6a253f5c000000002103f8a0,6a26b9e70000000028036fe6,complete,endpoint_exhausted,0,1,1,wuhan,local_broadband_wuhan,account_wuhan,9343,66,complete,GK2026D1,,
2026-08-22T22:53:59,reply,6a253f5c000000002103f8a0,6a26b8f3000000002b002db7,complete,endpoint_exhausted,0,0,0,wuhan,local_broadband_wuhan,account_wuhan,9343,66,complete,GK2026D1,,
2026-08-22T22:53:59,reply,6a253f5c000000002103f8a0,6a26b2e10000000029019491,complete,endpoint_exhausted,0,0,0,wuhan,local_broadband_wuhan,account_wuhan,9343,66,complete,GK2026D1,,
2026-08-22T22:53:59,reply,6a253f5c000000002103f8a0,6a26b2b8000000002900d7e1,complete,endpoint_exhausted,0,0,0,wuhan,local_broadband_wuhan,account_wuhan,9343,66,complete,GK2026D1,,
2026-08-22T22:53:59,reply,6a253f5c000000002103f8a0,6a26abba000000002803507e,complete,endpoint_exhausted,0,0,0,wuhan,local_broadband_wuhan,account_wuhan,9343,66,complete,GK2026D1,,
2026-08-22T22:53:59,reply,6a253f5c000000002103f8a0,6a269fd70000000029025c56,complete,endpoint_exhausted,0,0,0,wuhan,local_broadband_wuhan,account_wuhan,9343,66,complete,GK2026D1,,
2026-08-22T22:53:59,reply,6a253f5c000000002103f8a0,6a269af900000000280353cf,complete,endpoint_exhausted,0,0,0,wuhan,local_broadband_wuhan,account_wuhan,9343,66,complete,GK2026D1,,
2026-08-22T22:53:59,reply,6a253f5c000000002103f8a0,6a269799000000002b024066,complete,endpoint_exhausted,0,0,0,wuhan,local_broadband_wuhan,account_wuhan,9343,66,complete,GK2026D1,,
2026-08-22T22:54:30,reply,6a253f5c000000002103f8a0,6a2697190000000028031bd2,complete,endpoint_exhausted,0,0,0,wuhan,local_broadband_wuhan,account_wuhan,9343,66,complete,GK2026D1,,
2026-08-22T22:54:30,reply,6a253f5c000000002103f8a0,6a26957e000000002803464e,complete,endpoint_exhausted,0,0,0,wuhan,local_broadband_wuhan,account_wuhan,9343,66,complete,GK2026D1,,
2026-08-22T22:54:30,reply,6a253f5c000000002103f8a0,6a2693bd000000002b0255f1,complete,endpoint_exhausted,0,0,0,wuhan,local_broadband_wuhan,account_wuhan,9343,66,complete,GK2026D1,,
2026-08-22T22:54:30,reply,6a253f5c000000002103f8a0,6a269336000000002701ffe7,complete,endpoint_exhausted,0,0,0,wuhan,local_broadband_wuhan,account_wuhan,9343,66,complete,GK2026D1,,
2026-08-22T22:54:30,reply,6a253f5c000000002103f8a0,6a268f770000000027020bbf,complete,endpoint_exhausted,0,0,0,wuhan,local_broadband_wuhan,account_wuhan,9343,66,complete,GK2026D1,,
2026-08-22T22:54:30,reply,6a253f5c000000002103f8a0,6a268eb7000000002a02e568,complete,endpoint_exhausted,0,0,0,wuhan,local_broadband_wuhan,account_wuhan,9343,66,complete,GK2026D1,,
2026-08-22T22:54:30,reply,6a253f5c000000002103f8a0,6a268dae000000002b02b764,complete,endpoint_exhausted,0,0,0,wuhan,local_broadband_wuhan,account_wuhan,9343,66,complete,GK2026D1,,
2026-08-22T22:54:30,reply,6a253f5c000000002103f8a0,6a268ac40000000027028fd6,complete,endpoint_exhausted,0,0,0,wuhan,local_broadband_wuhan,account_wuhan,9343,66,complete,GK2026D1,,
2026-08-22T22:55:00,reply,6a253f5c000000002103f8a0,6a2688ef000000002b026d04,complete,endpoint_exhausted,1,6,6,wuhan,local_broadband_wuhan,account_wuhan,9343,66,complete,GK2026D1,,
2026-08-22T22:55:00,reply,6a253f5c000000002103f8a0,6a267edf000000002902de79,complete,endpoint_exhausted,0,1,1,wuhan,local_broadband_wuhan,account_wuhan,9343,66,complete,GK2026D1,,
2026-08-22T22:55:30,reply,6a253f5c000000002103f8a0,6a267ba8000000002902de57,complete,endpoint_exhausted,0,0,0,wuhan,local_broadband_wuhan,account_wuhan,9343,66,complete,GK2026D1,,
2026-08-22T22:55:30,reply,6a253f5c000000002103f8a0,6a267a40000000002803b4dd,complete,endpoint_exhausted,0,0,0,wuhan,local_broadband_wuhan,account_wuhan,9343,66,complete,GK2026D1,,
2026-08-22T22:55:30,reply,6a253f5c000000002103f8a0,6a2677f700000000280379bc,complete,endpoint_exhausted,0,0,0,wuhan,local_broadband_wuhan,account_wuhan,9343,66,complete,GK2026D1,,
2026-08-22T22:55:30,reply,6a253f5c000000002103f8a0,6a266fd5000000002a030ae7,complete,endpoint_exhausted,0,0,0,wuhan,local_broadband_wuhan,account_wuhan,9343,66,complete,GK2026D1,,
2026-08-22T22:55:30,reply,6a253f5c000000002103f8a0,6a266c62000000002a02e234,complete,endpoint_exhausted,0,0,0,wuhan,local_broadband_wuhan,account_wuhan,9343,66,complete,GK2026D1,,
2026-08-22T22:55:30,reply,6a253f5c000000002103f8a0,6a266ae2000000002b02b564,complete,endpoint_exhausted,0,0,0,wuhan,local_broadband_wuhan,account_wuhan,9343,66,complete,GK2026D1,,
2026-08-22T22:55:30,reply,6a253f5c000000002103f8a0,6a266ac70000000027029f75,complete,endpoint_exhausted,0,0,0,wuhan,local_broadband_wuhan,account_wuhan,9343,66,complete,GK2026D1,,
2026-08-22T22:55:30,reply,6a253f5c000000002103f8a0,6a266737000000002902716e,complete,endpoint_exhausted,0,0,0,wuhan,local_broadband_wuhan,account_wuhan,9343,66,complete,GK2026D1,,
2026-08-22T22:55:30,reply,6a253f5c000000002103f8a0,6a26671d000000002a033fec,complete,endpoint_exhausted,0,0,0,wuhan,local_broadband_wuhan,account_wuhan,9343,66,complete,GK2026D1,,
2026-08-22T22:55:30,reply,6a253f5c000000002103f8a0,6a2666b4000000002800b55f,complete,endpoint_exhausted,0,0,0,wuhan,local_broadband_wuhan,account_wuhan,9343,66,complete,GK2026D1,,
2026-08-22T22:56:01,reply,6a253f5c000000002103f8a0,6a2661c6000000002a02d08d,complete,endpoint_exhausted,0,0,0,wuhan,local_broadband_wuhan,account_wuhan,9343,66,complete,GK2026D1,,
2026-08-22T22:56:01,reply,6a253f5c000000002103f8a0,6a2661150000000029035367,complete,endpoint_exhausted,0,0,0,wuhan,local_broadband_wuhan,account_wuhan,9343,66,complete,GK2026D1,,
2026-08-22T22:56:01,reply,6a253f5c000000002103f8a0,6a2660ea000000002900c8a6,complete,endpoint_exhausted,0,0,0,wuhan,local_broadband_wuhan,account_wuhan,9343,66,complete,GK2026D1,,
2026-08-22T22:56:01,reply,6a253f5c000000002103f8a0,6a2660ca000000002900c197,complete,endpoint_exhausted,0,0,0,wuhan,local_broadband_wuhan,account_wuhan,9343,66,complete,GK2026D1,,
2026-08-22T22:56:01,reply,6a253f5c000000002103f8a0,6a265d21000000002b026850,complete,endpoint_exhausted,0,0,0,wuhan,local_broadband_wuhan,account_wuhan,9343,66,complete,GK2026D1,,
2026-08-22T22:56:01,reply,6a253f5c000000002103f8a0,6a265c480000000027015d08,complete,endpoint_exhausted,0,0,0,wuhan,local_broadband_wuhan,account_wuhan,9343,66,complete,GK2026D1,,
2026-08-22T22:56:01,reply,6a253f5c000000002103f8a0,6a265b7d000000002b02af0d,complete,endpoint_exhausted,0,0,0,wuhan,local_broadband_wuhan,account_wuhan,9343,66,complete,GK2026D1,,
2026-08-22T22:56:31,reply,6a253f5c000000002103f8a0,6a2655820000000027029ce3,complete,endpoint_exhausted,1,2,2,wuhan,local_broadband_wuhan,account_wuhan,9343,66,complete,GK2026D1,,
2026-08-22T22:57:01,reply,6a253f5c000000002103f8a0,6a264dc5000000002a0332a1,complete,endpoint_exhausted,1,6,6,wuhan,local_broadband_wuhan,account_wuhan,9343,66,complete,GK2026D1,,
2026-08-22T22:57:31,reply,6a253f5c000000002103f8a0,6a264ca6000000002a0301cf,complete,endpoint_exhausted,1,2,2,wuhan,local_broadband_wuhan,account_wuhan,9343,66,complete,GK2026D1,,
2026-08-22T22:58:32,reply,6a253f5c000000002103f8a0,6a263ef1000000002803adba,complete,endpoint_exhausted,1,6,6,wuhan,local_broadband_wuhan,account_wuhan,9343,66,complete,GK2026D1,,
2026-08-22T22:58:32,reply,6a253f5c000000002103f8a0,6a263c7f000000002901be3f,complete,endpoint_exhausted,0,0,0,wuhan,local_broadband_wuhan,account_wuhan,9343,66,complete,GK2026D1,,
2026-08-22T22:58:32,reply,6a253f5c000000002103f8a0,6a2635f0000000002a0052b7,complete,endpoint_exhausted,0,0,0,wuhan,local_broadband_wuhan,account_wuhan,9343,66,complete,GK2026D1,,
2026-08-22T22:58:32,reply,6a253f5c000000002103f8a0,6a26263c000000002702e673,complete,endpoint_exhausted,0,0,0,wuhan,local_broadband_wuhan,account_wuhan,9343,66,complete,GK2026D1,,
2026-08-22T22:58:32,reply,6a253f5c000000002103f8a0,6a25e959000000002a0331b5,complete,endpoint_exhausted,0,1,1,wuhan,local_broadband_wuhan,account_wuhan,9343,66,complete,GK2026D1,,
2026-08-22T22:58:32,reply,6a253f5c000000002103f8a0,6a25ca2b00000000270287ca,complete,endpoint_exhausted,0,0,0,wuhan,local_broadband_wuhan,account_wuhan,9343,66,complete,GK2026D1,,
2026-08-22T23:00:33,reply,6a253f5c000000002103f8a0,6a25b9e000000000270211bf,complete,endpoint_exhausted,4,19,19,wuhan,local_broadband_wuhan,account_wuhan,9343,66,complete,GK2026D1,,
2026-08-22T23:01:03,reply,6a253f5c000000002103f8a0,6a258a1a000000002803381b,complete,endpoint_exhausted,1,4,4,wuhan,local_broadband_wuhan,account_wuhan,9343,66,complete,GK2026D1,,
2026-08-22T23:01:03,reply,6a253f5c000000002103f8a0,6a2589b00000000029010b8a,complete,endpoint_exhausted,0,0,0,wuhan,local_broadband_wuhan,account_wuhan,9343,66,complete,GK2026D1,,
2026-08-22T23:02:03,reply,6a253f5c000000002103f8a0,6a256738000000002702a3c5,complete,endpoint_exhausted,2,10,10,wuhan,local_broadband_wuhan,account_wuhan,9343,66,complete,GK2026D1,,
2026-08-22T23:02:34,reply,6a253f5c000000002103f8a0,6a256544000000002901bac4,complete,endpoint_exhausted,0,0,0,wuhan,local_broadband_wuhan,account_wuhan,9343,66,complete,GK2026D1,,
2026-08-22T23:02:34,reply,6a253f5c000000002103f8a0,6a254926000000002702c6a2,complete,endpoint_exhausted,0,0,0,wuhan,local_broadband_wuhan,account_wuhan,9343,66,complete,GK2026D1,,
2026-08-22T23:02:34,reply,6a253f5c000000002103f8a0,6a25407c000000002702dbd5,complete,endpoint_exhausted,0,0,0,wuhan,local_broadband_wuhan,account_wuhan,9343,66,complete,GK2026D1,,
2026-08-22T23:02:34,reply,6a253f5c000000002103f8a0,6a2599ce0000000028037ce8,complete,endpoint_exhausted,0,0,0,wuhan,local_broadband_wuhan,account_wuhan,9343,66,complete,GK2026D1,,
2026-08-22T23:02:34,reply,6a253f5c000000002103f8a0,6a277722000000002803b953,complete,endpoint_exhausted,0,0,0,wuhan,local_broadband_wuhan,account_wuhan,9343,66,complete,GK2026D1,,
2026-08-22T23:02:34,reply,6a253f5c000000002103f8a0,6a26a171000000002a004135,complete,endpoint_exhausted,0,0,0,wuhan,local_broadband_wuhan,account_wuhan,9343,66,complete,GK2026D1,,
2026-08-22T23:02:34,reply,6a253f5c000000002103f8a0,6a267716000000002900e0be,complete,endpoint_exhausted,0,0,0,wuhan,local_broadband_wuhan,account_wuhan,9343,66,complete,GK2026D1,,
2026-08-22T23:02:34,reply,6a253f5c000000002103f8a0,6a265891000000002a0052be,complete,endpoint_exhausted,0,0,0,wuhan,local_broadband_wuhan,account_wuhan,9343,66,complete,GK2026D1,,
2026-08-22T23:02:34,reply,6a253f5c000000002103f8a0,6a264770000000002701e7c5,complete,endpoint_exhausted,0,0,0,wuhan,local_broadband_wuhan,account_wuhan,9343,66,complete,GK2026D1,,
2026-08-22T23:02:34,reply,6a253f5c000000002103f8a0,6a27655b000000002803fe40,complete,endpoint_exhausted,0,0,0,wuhan,local_broadband_wuhan,account_wuhan,9343,66,complete,GK2026D1,,
2026-08-22T23:02:34,top_level,6a253f5c000000002103f8a0,,complete,endpoint_exhausted,8,80,,wuhan,local_broadband_wuhan,account_wuhan,9343,66,complete,GK2026D1,True,
2026-08-22T23:44:11,reply,6a24019000000000350312a6,6a240b51000000002902eb85,complete,endpoint_exhausted,0,1,1,wuhan,local_broadband_wuhan,account_wuhan,9343,67,complete,GK2026D1,,
2026-08-22T23:44:11,reply,6a24019000000000350312a6,6a24d43b000000002803b655,complete,endpoint_exhausted,0,1,1,wuhan,local_broadband_wuhan,account_wuhan,9343,67,complete,GK2026D1,,
2026-08-22T23:44:11,reply,6a24019000000000350312a6,6a4d803d0000000015008ff7,complete,endpoint_exhausted,0,0,0,wuhan,local_broadband_wuhan,account_wuhan,9343,67,complete,GK2026D1,,
2026-08-22T23:44:11,reply,6a24019000000000350312a6,6a39d13c000000002b0014a5,complete,endpoint_exhausted,0,0,0,wuhan,local_broadband_wuhan,account_wuhan,9343,67,complete,GK2026D1,,
2026-08-22T23:44:11,reply,6a24019000000000350312a6,6a2469390000000027022ceb,complete,endpoint_exhausted,0,0,0,wuhan,local_broadband_wuhan,account_wuhan,9343,67,complete,GK2026D1,,
2026-08-22T23:44:11,reply,6a24019000000000350312a6,6a24085100000000270152b4,complete,endpoint_exhausted,0,0,0,wuhan,local_broadband_wuhan,account_wuhan,9343,67,complete,GK2026D1,,
2026-08-22T23:44:11,reply,6a24019000000000350312a6,6a54110b0000000009017da6,complete,endpoint_exhausted,0,0,0,wuhan,local_broadband_wuhan,account_wuhan,9343,67,complete,GK2026D1,,
2026-08-22T23:44:11,top_level,6a24019000000000350312a6,,complete,endpoint_exhausted,1,7,,wuhan,local_broadband_wuhan,account_wuhan,9343,67,complete,GK2026D1,True,
2026-08-22T23:55:46,reply,6a24e3ff000000001702cd69,6a24e4300000000028031b5f,complete,endpoint_exhausted,0,0,0,wuhan,local_broadband_wuhan,account_wuhan,9343,68,complete,GK2026D1,,
2026-08-22T23:55:46,reply,6a24e3ff000000001702cd69,6a253a9d000000002b02be83,complete,endpoint_exhausted,0,0,0,wuhan,local_broadband_wuhan,account_wuhan,9343,68,complete,GK2026D1,,
2026-08-22T23:55:46,reply,6a24e3ff000000001702cd69,6a251fdf000000002a0266b6,complete,endpoint_exhausted,0,0,0,wuhan,local_broadband_wuhan,account_wuhan,9343,68,complete,GK2026D1,,
2026-08-22T23:55:46,reply,6a24e3ff000000001702cd69,6a291bcd0000000029034fa2,complete,endpoint_exhausted,0,0,0,wuhan,local_broadband_wuhan,account_wuhan,9343,68,complete,GK2026D1,,
2026-08-22T23:55:46,reply,6a24e3ff000000001702cd69,6a27b66b0000000028031682,complete,endpoint_exhausted,0,0,0,wuhan,local_broadband_wuhan,account_wuhan,9343,68,complete,GK2026D1,,
2026-08-22T23:55:46,reply,6a24e3ff000000001702cd69,6a2517170000000027017bfa,complete,endpoint_exhausted,0,0,0,wuhan,local_broadband_wuhan,account_wuhan,9343,68,complete,GK2026D1,,
2026-08-22T23:56:16,reply,6a24e3ff000000001702cd69,6a250d0e0000000029034b83,complete,endpoint_exhausted,1,3,3,wuhan,local_broadband_wuhan,account_wuhan,9343,68,complete,GK2026D1,,
2026-08-22T23:56:16,top_level,6a24e3ff000000001702cd69,,complete,endpoint_exhausted,1,7,,wuhan,local_broadband_wuhan,account_wuhan,9343,68,complete,GK2026D1,True,
2026-08-23T00:07:52,top_level,6a2502aa0000000035032e2e,,complete,endpoint_exhausted,1,0,,wuhan,local_broadband_wuhan,account_wuhan,9343,69,complete,GK2026D1,True,
2026-08-23T00:19:27,reply,6a24ca4f0000000022019276,6a267eee000000002702912c,complete,endpoint_exhausted,0,1,1,wuhan,local_broadband_wuhan,account_wuhan,9343,70,complete,GK2026D1,,
2026-08-23T00:19:27,reply,6a24ca4f0000000022019276,6a262d8c000000002800aa8c,complete,endpoint_exhausted,0,1,1,wuhan,local_broadband_wuhan,account_wuhan,9343,70,complete,GK2026D1,,
2026-08-23T00:19:57,reply,6a24ca4f0000000022019276,6a24f34d000000002702b26b,complete,endpoint_exhausted,1,3,3,wuhan,local_broadband_wuhan,account_wuhan,9343,70,complete,GK2026D1,,
2026-08-23T00:19:57,reply,6a24ca4f0000000022019276,6a24d7b2000000002b02b00c,complete,endpoint_exhausted,0,0,0,wuhan,local_broadband_wuhan,account_wuhan,9343,70,complete,GK2026D1,,
2026-08-23T00:19:57,reply,6a24ca4f0000000022019276,6a3d34d00000000029036805,complete,endpoint_exhausted,0,0,0,wuhan,local_broadband_wuhan,account_wuhan,9343,70,complete,GK2026D1,,
2026-08-23T00:19:57,top_level,6a24ca4f0000000022019276,,complete,endpoint_exhausted,1,5,,wuhan,local_broadband_wuhan,account_wuhan,9343,70,complete,GK2026D1,True,
2026-08-23T00:31:32,reply,6a23f529000000001603c63d,6a24a592000000002803856f,complete,endpoint_exhausted,0,1,1,wuhan,local_broadband_wuhan,account_wuhan,9343,71,complete,GK2026D1,,
2026-08-23T00:31:32,top_level,6a23f529000000001603c63d,,complete,endpoint_exhausted,1,1,,wuhan,local_broadband_wuhan,account_wuhan,9343,71,complete,GK2026D1,True,
2026-08-23T00:43:08,reply,6a24b7580000000017009dbc,6a24b7660000000028030ea4,complete,endpoint_exhausted,0,0,0,wuhan,local_broadband_wuhan,account_wuhan,9343,72,complete,GK2026D1,,
2026-08-23T00:43:08,reply,6a24b7580000000017009dbc,6a2560bf000000002b0014fa,complete,endpoint_exhausted,0,0,0,wuhan,local_broadband_wuhan,account_wuhan,9343,72,complete,GK2026D1,,
2026-08-23T00:43:08,reply,6a24b7580000000017009dbc,6a2560bb0000000029019b71,complete,endpoint_exhausted,0,0,0,wuhan,local_broadband_wuhan,account_wuhan,9343,72,complete,GK2026D1,,
2026-08-23T00:43:08,top_level,6a24b7580000000017009dbc,,complete,endpoint_exhausted,1,3,,wuhan,local_broadband_wuhan,account_wuhan,9343,72,complete,GK2026D1,True,
2026-08-23T01:24:44,top_level,6a23ff9100000000350236c7,,complete,endpoint_exhausted,1,0,,wuhan,local_broadband_wuhan,account_wuhan,9343,73,complete,GK2026D1,True,
2026-08-23T01:40:51,reply,6a241a64000000002103f4b7,6a24f651000000002800b5b7,complete,endpoint_exhausted,9,44,44,wuhan,local_broadband_wuhan,account_wuhan,9343,74,complete,GK2026D1,,
2026-08-23T01:42:22,reply,6a241a64000000002103f4b7,6a26193e000000002803bdac,complete,endpoint_exhausted,3,13,13,wuhan,local_broadband_wuhan,account_wuhan,9343,74,complete,GK2026D1,,
2026-08-23T01:44:53,reply,6a241a64000000002103f4b7,6a25291d00000000290130e5,complete,endpoint_exhausted,5,25,25,wuhan,local_broadband_wuhan,account_wuhan,9343,74,complete,GK2026D1,,
2026-08-23T01:47:24,reply,6a241a64000000002103f4b7,6a264bb0000000002803538b,complete,endpoint_exhausted,5,23,23,wuhan,local_broadband_wuhan,account_wuhan,9343,74,complete,GK2026D1,,
2026-08-23T01:49:55,reply,6a241a64000000002103f4b7,6a25026e000000002900f4b3,complete,endpoint_exhausted,5,24,24,wuhan,local_broadband_wuhan,account_wuhan,9343,74,complete,GK2026D1,,
2026-08-23T01:50:56,reply,6a241a64000000002103f4b7,6a242fca000000002803a674,complete,endpoint_exhausted,2,10,10,wuhan,local_broadband_wuhan,account_wuhan,9343,74,complete,GK2026D1,,
2026-08-23T01:50:56,reply,6a241a64000000002103f4b7,6a260bfb000000002a026175,complete,endpoint_exhausted,0,1,1,wuhan,local_broadband_wuhan,account_wuhan,9343,74,complete,GK2026D1,,
2026-08-23T01:51:26,reply,6a241a64000000002103f4b7,6a2635850000000027022b8d,complete,endpoint_exhausted,1,4,4,wuhan,local_broadband_wuhan,account_wuhan,9343,74,complete,GK2026D1,,
2026-08-23T01:51:26,reply,6a241a64000000002103f4b7,6a254d5e000000002b02aa9c,complete,endpoint_exhausted,0,1,1,wuhan,local_broadband_wuhan,account_wuhan,9343,74,complete,GK2026D1,,
2026-08-23T01:51:56,reply,6a241a64000000002103f4b7,6a262d38000000002b02a917,complete,endpoint_exhausted,1,3,3,wuhan,local_broadband_wuhan,account_wuhan,9343,74,complete,GK2026D1,,
2026-08-23T01:52:26,reply,6a241a64000000002103f4b7,6a262981000000002901020d,complete,endpoint_exhausted,0,1,1,wuhan,local_broadband_wuhan,account_wuhan,9343,74,complete,GK2026D1,,
2026-08-23T01:52:26,reply,6a241a64000000002103f4b7,6a26259300000000270207af,complete,endpoint_exhausted,0,1,1,wuhan,local_broadband_wuhan,account_wuhan,9343,74,complete,GK2026D1,,
2026-08-23T01:52:57,reply,6a241a64000000002103f4b7,6a262353000000002a006bec,complete,endpoint_exhausted,1,2,2,wuhan,local_broadband_wuhan,account_wuhan,9343,74,complete,GK2026D1,,
2026-08-23T01:52:57,reply,6a241a64000000002103f4b7,6a261e51000000002803d596,complete,endpoint_exhausted,0,1,1,wuhan,local_broadband_wuhan,account_wuhan,9343,74,complete,GK2026D1,,
2026-08-23T01:52:57,reply,6a241a64000000002103f4b7,6a261b4c0000000028039246,complete,endpoint_exhausted,0,1,1,wuhan,local_broadband_wuhan,account_wuhan,9343,74,complete,GK2026D1,,
2026-08-23T01:53:27,reply,6a241a64000000002103f4b7,6a261aa5000000002803b484,complete,endpoint_exhausted,1,6,6,wuhan,local_broadband_wuhan,account_wuhan,9343,74,complete,GK2026D1,,
2026-08-23T01:53:27,reply,6a241a64000000002103f4b7,6a261770000000002803495b,complete,endpoint_exhausted,0,1,1,wuhan,local_broadband_wuhan,account_wuhan,9343,74,complete,GK2026D1,,
2026-08-23T01:53:27,reply,6a241a64000000002103f4b7,6a26151a000000002803691f,complete,endpoint_exhausted,0,0,0,wuhan,local_broadband_wuhan,account_wuhan,9343,74,complete,GK2026D1,,
2026-08-23T01:53:27,reply,6a241a64000000002103f4b7,6a2614200000000027017d67,complete,endpoint_exhausted,0,0,0,wuhan,local_broadband_wuhan,account_wuhan,9343,74,complete,GK2026D1,,
2026-08-23T01:53:27,reply,6a241a64000000002103f4b7,6a26103b0000000028008ca6,complete,endpoint_exhausted,0,0,0,wuhan,local_broadband_wuhan,account_wuhan,9343,74,complete,GK2026D1,,
2026-08-23T01:53:57,reply,6a241a64000000002103f4b7,6a260bfb000000002a026175,complete,endpoint_exhausted,0,1,1,wuhan,local_broadband_wuhan,account_wuhan,9343,74,complete,GK2026D1,,
2026-08-23T01:53:57,reply,6a241a64000000002103f4b7,6a2608bc000000002b00002f,complete,endpoint_exhausted,0,1,1,wuhan,local_broadband_wuhan,account_wuhan,9343,74,complete,GK2026D1,,
2026-08-23T01:53:57,reply,6a241a64000000002103f4b7,6a25cdce000000002902f06c,complete,endpoint_exhausted,0,0,0,wuhan,local_broadband_wuhan,account_wuhan,9343,74,complete,GK2026D1,,
2026-08-23T01:53:57,reply,6a241a64000000002103f4b7,6a25b6fc000000002b0261c7,complete,endpoint_exhausted,0,0,0,wuhan,local_broadband_wuhan,account_wuhan,9343,74,complete,GK2026D1,,
2026-08-23T01:53:57,reply,6a241a64000000002103f4b7,6a25b1e0000000002702bf68,complete,endpoint_exhausted,0,0,0,wuhan,local_broadband_wuhan,account_wuhan,9343,74,complete,GK2026D1,,
2026-08-23T01:53:57,reply,6a241a64000000002103f4b7,6a25a50b0000000028039c25,complete,endpoint_exhausted,0,0,0,wuhan,local_broadband_wuhan,account_wuhan,9343,74,complete,GK2026D1,,
2026-08-23T01:53:57,reply,6a241a64000000002103f4b7,6a25a48b000000002803e29c,complete,endpoint_exhausted,0,0,0,wuhan,local_broadband_wuhan,account_wuhan,9343,74,complete,GK2026D1,,
2026-08-23T01:53:57,reply,6a241a64000000002103f4b7,6a25950f000000002b0253e1,complete,endpoint_exhausted,0,0,0,wuhan,local_broadband_wuhan,account_wuhan,9343,74,complete,GK2026D1,,
2026-08-23T01:53:57,reply,6a241a64000000002103f4b7,6a258d3c000000002a0269fd,complete,endpoint_exhausted,0,1,1,wuhan,local_broadband_wuhan,account_wuhan,9343,74,complete,GK2026D1,,
2026-08-23T01:53:57,reply,6a241a64000000002103f4b7,6a258b92000000002803bda5,complete,endpoint_exhausted,0,1,1,wuhan,local_broadband_wuhan,account_wuhan,9343,74,complete,GK2026D1,,
2026-08-23T01:54:27,reply,6a241a64000000002103f4b7,6a258574000000002a006f96,complete,endpoint_exhausted,0,0,0,wuhan,local_broadband_wuhan,account_wuhan,9343,74,complete,GK2026D1,,
2026-08-23T01:54:27,reply,6a241a64000000002103f4b7,6a25855e0000000028008068,complete,endpoint_exhausted,0,0,0,wuhan,local_broadband_wuhan,account_wuhan,9343,74,complete,GK2026D1,,
2026-08-23T01:54:27,reply,6a241a64000000002103f4b7,6a25843b000000002701e84f,complete,endpoint_exhausted,0,0,0,wuhan,local_broadband_wuhan,account_wuhan,9343,74,complete,GK2026D1,,
2026-08-23T01:54:27,reply,6a241a64000000002103f4b7,6a25831a0000000027014817,complete,endpoint_exhausted,0,0,0,wuhan,local_broadband_wuhan,account_wuhan,9343,74,complete,GK2026D1,,
2026-08-23T01:54:27,reply,6a241a64000000002103f4b7,6a2577b400000000270298ae,complete,endpoint_exhausted,0,0,0,wuhan,local_broadband_wuhan,account_wuhan,9343,74,complete,GK2026D1,,
2026-08-23T01:54:27,reply,6a241a64000000002103f4b7,6a25697d000000002702bcfa,complete,endpoint_exhausted,0,1,1,wuhan,local_broadband_wuhan,account_wuhan,9343,74,complete,GK2026D1,,
2026-08-23T01:54:27,reply,6a241a64000000002103f4b7,6a25669c00000000290351a8,complete,endpoint_exhausted,0,1,1,wuhan,local_broadband_wuhan,account_wuhan,9343,74,complete,GK2026D1,,
2026-08-23T01:54:57,reply,6a241a64000000002103f4b7,6a255f74000000002b0292cc,complete,endpoint_exhausted,1,2,2,wuhan,local_broadband_wuhan,account_wuhan,9343,74,complete,GK2026D1,,
2026-08-23T01:54:58,reply,6a241a64000000002103f4b7,6a254d5e000000002b02aa9c,complete,endpoint_exhausted,0,1,1,wuhan,local_broadband_wuhan,account_wuhan,9343,74,complete,GK2026D1,,
2026-08-23T01:54:58,reply,6a241a64000000002103f4b7,6a2503fc000000000d022802,complete,endpoint_exhausted,0,1,1,wuhan,local_broadband_wuhan,account_wuhan,9343,74,complete,GK2026D1,,
2026-08-23T01:57:59,reply,6a241a64000000002103f4b7,6a25026e000000002900f4b3,complete,endpoint_exhausted,5,24,24,wuhan,local_broadband_wuhan,account_wuhan,9343,74,complete,GK2026D1,,
2026-08-23T01:57:59,reply,6a241a64000000002103f4b7,6a24fe2b0000000029012c09,complete,endpoint_exhausted,0,1,1,wuhan,local_broadband_wuhan,account_wuhan,9343,74,complete,GK2026D1,,
2026-08-23T01:57:59,reply,6a241a64000000002103f4b7,6a24fe2b000000002702d694,complete,endpoint_exhausted,0,1,1,wuhan,local_broadband_wuhan,account_wuhan,9343,74,complete,GK2026D1,,
2026-08-23T01:57:59,reply,6a241a64000000002103f4b7,6a24fd8800000000270204b2,complete,endpoint_exhausted,0,1,1,wuhan,local_broadband_wuhan,account_wuhan,9343,74,complete,GK2026D1,,
2026-08-23T01:57:59,reply,6a241a64000000002103f4b7,6a24f79c000000002702b8e1,complete,endpoint_exhausted,0,1,1,wuhan,local_broadband_wuhan,account_wuhan,9343,74,complete,GK2026D1,,
2026-08-23T01:57:59,reply,6a241a64000000002103f4b7,6a24ca48000000002800beb5,complete,endpoint_exhausted,0,1,1,wuhan,local_broadband_wuhan,account_wuhan,9343,74,complete,GK2026D1,,
2026-08-23T01:58:59,reply,6a241a64000000002103f4b7,6a242fca000000002803a674,complete,endpoint_exhausted,2,10,10,wuhan,local_broadband_wuhan,account_wuhan,9343,74,complete,GK2026D1,,
2026-08-23T01:58:59,reply,6a241a64000000002103f4b7,6a241d6500000000270200df,complete,endpoint_exhausted,0,1,1,wuhan,local_broadband_wuhan,account_wuhan,9343,74,complete,GK2026D1,,
2026-08-23T01:58:59,reply,6a241a64000000002103f4b7,6a2816880000000029026ab4,complete,endpoint_exhausted,0,0,0,wuhan,local_broadband_wuhan,account_wuhan,9343,74,complete,GK2026D1,,
2026-08-23T01:58:59,reply,6a241a64000000002103f4b7,6a27b44a000000002800abec,complete,endpoint_exhausted,0,1,1,wuhan,local_broadband_wuhan,account_wuhan,9343,74,complete,GK2026D1,,
2026-08-23T01:59:29,reply,6a241a64000000002103f4b7,6a27975a000000002800b699,complete,endpoint_exhausted,0,0,0,wuhan,local_broadband_wuhan,account_wuhan,9343,74,complete,GK2026D1,,
2026-08-23T01:59:29,reply,6a241a64000000002103f4b7,6a27661c000000002b02a919,complete,endpoint_exhausted,0,1,1,wuhan,local_broadband_wuhan,account_wuhan,9343,74,complete,GK2026D1,,
2026-08-23T01:59:29,reply,6a241a64000000002103f4b7,6a2683b60000000027015d4b,complete,endpoint_exhausted,0,0,0,wuhan,local_broadband_wuhan,account_wuhan,9343,74,complete,GK2026D1,,
2026-08-23T01:59:29,reply,6a241a64000000002103f4b7,6a267c5500000000290341b4,complete,endpoint_exhausted,0,1,1,wuhan,local_broadband_wuhan,account_wuhan,9343,74,complete,GK2026D1,,
2026-08-23T01:59:29,reply,6a241a64000000002103f4b7,6a264c25000000002a006d17,complete,endpoint_exhausted,0,1,1,wuhan,local_broadband_wuhan,account_wuhan,9343,74,complete,GK2026D1,,
2026-08-23T02:00:00,reply,6a241a64000000002103f4b7,6a2627ca000000002803c438,complete,endpoint_exhausted,1,4,4,wuhan,local_broadband_wuhan,account_wuhan,9343,74,complete,GK2026D1,,
2026-08-23T02:00:30,reply,6a241a64000000002103f4b7,6a2557e3000000002803de04,complete,endpoint_exhausted,1,3,3,wuhan,local_broadband_wuhan,account_wuhan,9343,74,complete,GK2026D1,,
2026-08-23T02:00:30,reply,6a241a64000000002103f4b7,6a266d230000000029025b6e,complete,endpoint_exhausted,0,0,0,wuhan,local_broadband_wuhan,account_wuhan,9343,74,complete,GK2026D1,,
2026-08-23T02:00:30,reply,6a241a64000000002103f4b7,6a2650870000000028035814,complete,endpoint_exhausted,0,0,0,wuhan,local_broadband_wuhan,account_wuhan,9343,74,complete,GK2026D1,,
2026-08-23T02:00:30,top_level,6a241a64000000002103f4b7,,complete,endpoint_exhausted,6,59,,wuhan,local_broadband_wuhan,account_wuhan,9343,74,complete,GK2026D1,True,
2026-08-23T02:12:06,top_level,6a2543710000000006032a68,,complete,endpoint_exhausted,1,0,,wuhan,local_broadband_wuhan,account_wuhan,9343,75,complete,GK2026D1,True,
2026-08-23T02:23:42,top_level,6a2531b8000000000803f17b,,complete,endpoint_exhausted,1,0,,wuhan,local_broadband_wuhan,account_wuhan,9343,76,complete,GK2026D1,True,
2026-08-23T02:36:17,reply,6a255106000000003502c1f0,6a255199000000002b02b9a5,complete,endpoint_exhausted,2,8,8,wuhan,local_broadband_wuhan,account_wuhan,9343,77,complete,GK2026D1,,
2026-08-23T02:36:47,reply,6a255106000000003502c1f0,6a256096000000002a033bf7,complete,endpoint_exhausted,1,3,3,wuhan,local_broadband_wuhan,account_wuhan,9343,77,complete,GK2026D1,,
2026-08-23T02:39:49,reply,6a255106000000003502c1f0,6a25592b0000000027014ae9,complete,endpoint_exhausted,6,27,27,wuhan,local_broadband_wuhan,account_wuhan,9343,77,complete,GK2026D1,,
2026-08-23T02:41:19,reply,6a255106000000003502c1f0,6a25788d0000000028033f09,complete,endpoint_exhausted,3,13,13,wuhan,local_broadband_wuhan,account_wuhan,9343,77,complete,GK2026D1,,
2026-08-23T02:41:19,reply,6a255106000000003502c1f0,6a255726000000002702be7b,complete,endpoint_exhausted,0,1,1,wuhan,local_broadband_wuhan,account_wuhan,9343,77,complete,GK2026D1,,
2026-08-23T02:41:50,reply,6a255106000000003502c1f0,6a257146000000002800b86b,complete,endpoint_exhausted,1,4,4,wuhan,local_broadband_wuhan,account_wuhan,9343,77,complete,GK2026D1,,
2026-08-23T02:42:20,reply,6a255106000000003502c1f0,6a256f42000000002b0240a5,complete,endpoint_exhausted,1,2,2,wuhan,local_broadband_wuhan,account_wuhan,9343,77,complete,GK2026D1,,
2026-08-23T02:42:20,reply,6a255106000000003502c1f0,6a2551b50000000028038936,complete,endpoint_exhausted,0,1,1,wuhan,local_broadband_wuhan,account_wuhan,9343,77,complete,GK2026D1,,
2026-08-23T02:42:50,reply,6a255106000000003502c1f0,6a262217000000002900c2e3,complete,endpoint_exhausted,1,2,2,wuhan,local_broadband_wuhan,account_wuhan,9343,77,complete,GK2026D1,,
2026-08-23T02:42:50,reply,6a255106000000003502c1f0,6a25810e0000000028038754,complete,endpoint_exhausted,0,1,1,wuhan,local_broadband_wuhan,account_wuhan,9343,77,complete,GK2026D1,,
2026-08-23T02:43:20,reply,6a255106000000003502c1f0,6a2551e60000000028039494,complete,endpoint_exhausted,0,0,0,wuhan,local_broadband_wuhan,account_wuhan,9343,77,complete,GK2026D1,,
2026-08-23T02:43:20,reply,6a255106000000003502c1f0,6a26aae1000000002702e799,complete,endpoint_exhausted,0,0,0,wuhan,local_broadband_wuhan,account_wuhan,9343,77,complete,GK2026D1,,
2026-08-23T02:43:20,reply,6a255106000000003502c1f0,6a354b48000000001500be1e,complete,endpoint_exhausted,0,0,0,wuhan,local_broadband_wuhan,account_wuhan,9343,77,complete,GK2026D1,,
2026-08-23T02:43:20,reply,6a255106000000003502c1f0,6a2693f3000000002803c289,complete,endpoint_exhausted,0,0,0,wuhan,local_broadband_wuhan,account_wuhan,9343,77,complete,GK2026D1,,
2026-08-23T02:43:20,reply,6a255106000000003502c1f0,6a295417000000002a0051a5,complete,endpoint_exhausted,0,0,0,wuhan,local_broadband_wuhan,account_wuhan,9343,77,complete,GK2026D1,,
2026-08-23T02:43:20,reply,6a255106000000003502c1f0,6a256f7b000000002a0263ab,complete,endpoint_exhausted,0,0,0,wuhan,local_broadband_wuhan,account_wuhan,9343,77,complete,GK2026D1,,
2026-08-23T02:43:20,reply,6a255106000000003502c1f0,6a25690a000000002a02dd8c,complete,endpoint_exhausted,0,0,0,wuhan,local_broadband_wuhan,account_wuhan,9343,77,complete,GK2026D1,,
2026-08-23T02:43:20,reply,6a255106000000003502c1f0,6a2572750000000029024c95,complete,endpoint_exhausted,0,0,0,wuhan,local_broadband_wuhan,account_wuhan,9343,77,complete,GK2026D1,,
2026-08-23T02:43:20,reply,6a255106000000003502c1f0,6a2559c0000000002701e834,complete,endpoint_exhausted,0,0,0,wuhan,local_broadband_wuhan,account_wuhan,9343,77,complete,GK2026D1,,
2026-08-23T02:43:20,reply,6a255106000000003502c1f0,6a281204000000002a02d47a,complete,endpoint_exhausted,0,0,0,wuhan,local_broadband_wuhan,account_wuhan,9343,77,complete,GK2026D1,,
2026-08-23T02:43:51,reply,6a255106000000003502c1f0,6a264bef000000002702a610,complete,endpoint_exhausted,0,0,0,wuhan,local_broadband_wuhan,account_wuhan,9343,77,complete,GK2026D1,,
2026-08-23T02:43:51,reply,6a255106000000003502c1f0,6a256ada000000002803c550,complete,endpoint_exhausted,0,0,0,wuhan,local_broadband_wuhan,account_wuhan,9343,77,complete,GK2026D1,,
2026-08-23T02:43:51,reply,6a255106000000003502c1f0,6a2558c00000000027016ee3,complete,endpoint_exhausted,0,0,0,wuhan,local_broadband_wuhan,account_wuhan,9343,77,complete,GK2026D1,,
2026-08-23T02:43:51,reply,6a255106000000003502c1f0,6a2664b5000000002803821e,complete,endpoint_exhausted,0,0,0,wuhan,local_broadband_wuhan,account_wuhan,9343,77,complete,GK2026D1,,
2026-08-23T02:43:51,reply,6a255106000000003502c1f0,6a2555b50000000027016f34,complete,endpoint_exhausted,0,0,0,wuhan,local_broadband_wuhan,account_wuhan,9343,77,complete,GK2026D1,,
2026-08-23T02:43:51,reply,6a255106000000003502c1f0,6a2563ad0000000029034103,complete,endpoint_exhausted,0,0,0,wuhan,local_broadband_wuhan,account_wuhan,9343,77,complete,GK2026D1,,
2026-08-23T02:43:51,reply,6a255106000000003502c1f0,6a257b6e000000002a03392f,complete,endpoint_exhausted,0,0,0,wuhan,local_broadband_wuhan,account_wuhan,9343,77,complete,GK2026D1,,
2026-08-23T02:43:51,reply,6a255106000000003502c1f0,6a27057600000000280339dc,complete,endpoint_exhausted,0,0,0,wuhan,local_broadband_wuhan,account_wuhan,9343,77,complete,GK2026D1,,
2026-08-23T02:43:51,reply,6a255106000000003502c1f0,6a257cf1000000002701c385,complete,endpoint_exhausted,0,0,0,wuhan,local_broadband_wuhan,account_wuhan,9343,77,complete,GK2026D1,,
2026-08-23T02:43:51,reply,6a255106000000003502c1f0,6a256339000000002701556d,complete,endpoint_exhausted,0,0,0,wuhan,local_broadband_wuhan,account_wuhan,9343,77,complete,GK2026D1,,
2026-08-23T02:44:21,reply,6a255106000000003502c1f0,6a25e09c000000002901bd8e,complete,endpoint_exhausted,0,0,0,wuhan,local_broadband_wuhan,account_wuhan,9343,77,complete,GK2026D1,,
2026-08-23T02:44:21,reply,6a255106000000003502c1f0,6a2552c2000000002a027097,complete,endpoint_exhausted,0,0,0,wuhan,local_broadband_wuhan,account_wuhan,9343,77,complete,GK2026D1,,
2026-08-23T02:44:21,reply,6a255106000000003502c1f0,6a25745c000000002702cbc1,complete,endpoint_exhausted,0,0,0,wuhan,local_broadband_wuhan,account_wuhan,9343,77,complete,GK2026D1,,
2026-08-23T02:44:21,reply,6a255106000000003502c1f0,6a255de2000000002800a334,complete,endpoint_exhausted,0,0,0,wuhan,local_broadband_wuhan,account_wuhan,9343,77,complete,GK2026D1,,
2026-08-23T02:44:21,reply,6a255106000000003502c1f0,6a25543d000000002701d61a,complete,endpoint_exhausted,0,0,0,wuhan,local_broadband_wuhan,account_wuhan,9343,77,complete,GK2026D1,,
2026-08-23T02:44:21,reply,6a255106000000003502c1f0,6a257d67000000002a031878,complete,endpoint_exhausted,0,0,0,wuhan,local_broadband_wuhan,account_wuhan,9343,77,complete,GK2026D1,,
2026-08-23T02:44:21,reply,6a255106000000003502c1f0,6a2579ec000000002803c98d,complete,endpoint_exhausted,0,0,0,wuhan,local_broadband_wuhan,account_wuhan,9343,77,complete,GK2026D1,,
2026-08-23T02:44:21,reply,6a255106000000003502c1f0,6a258f020000000027016500,complete,endpoint_exhausted,0,0,0,wuhan,local_broadband_wuhan,account_wuhan,9343,77,complete,GK2026D1,,
2026-08-23T02:44:21,reply,6a255106000000003502c1f0,6a257bf8000000002b00328d,complete,endpoint_exhausted,0,0,0,wuhan,local_broadband_wuhan,account_wuhan,9343,77,complete,GK2026D1,,
2026-08-23T02:44:21,reply,6a255106000000003502c1f0,6a255b7400000000270296ea,complete,endpoint_exhausted,0,0,0,wuhan,local_broadband_wuhan,account_wuhan,9343,77,complete,GK2026D1,,
2026-08-23T02:44:51,reply,6a255106000000003502c1f0,6a26403500000000270163b3,complete,endpoint_exhausted,0,0,0,wuhan,local_broadband_wuhan,account_wuhan,9343,77,complete,GK2026D1,,
2026-08-23T02:44:51,reply,6a255106000000003502c1f0,6a263aaa000000002702a809,complete,endpoint_exhausted,0,0,0,wuhan,local_broadband_wuhan,account_wuhan,9343,77,complete,GK2026D1,,
2026-08-23T02:44:51,reply,6a255106000000003502c1f0,6a26347c000000002803001c,complete,endpoint_exhausted,0,0,0,wuhan,local_broadband_wuhan,account_wuhan,9343,77,complete,GK2026D1,,
2026-08-23T02:44:51,reply,6a255106000000003502c1f0,6a256d6f000000002701e360,complete,endpoint_exhausted,0,0,0,wuhan,local_broadband_wuhan,account_wuhan,9343,77,complete,GK2026D1,,
2026-08-23T02:44:51,reply,6a255106000000003502c1f0,6a258552000000002b02bdb5,complete,endpoint_exhausted,0,0,0,wuhan,local_broadband_wuhan,account_wuhan,9343,77,complete,GK2026D1,,
2026-08-23T02:44:51,reply,6a255106000000003502c1f0,6a257b36000000002a004083,complete,endpoint_exhausted,0,0,0,wuhan,local_broadband_wuhan,account_wuhan,9343,77,complete,GK2026D1,,
2026-08-23T02:44:51,reply,6a255106000000003502c1f0,6a259dc90000000027015b83,complete,endpoint_exhausted,0,0,0,wuhan,local_broadband_wuhan,account_wuhan,9343,77,complete,GK2026D1,,
2026-08-23T02:44:51,reply,6a255106000000003502c1f0,6a2559740000000028030e74,complete,endpoint_exhausted,0,0,0,wuhan,local_broadband_wuhan,account_wuhan,9343,77,complete,GK2026D1,,
2026-08-23T02:44:51,reply,6a255106000000003502c1f0,6a256aef000000002803859d,complete,endpoint_exhausted,0,0,0,wuhan,local_broadband_wuhan,account_wuhan,9343,77,complete,GK2026D1,,
2026-08-23T02:44:51,reply,6a255106000000003502c1f0,6a25532c000000002b027654,complete,endpoint_exhausted,0,0,0,wuhan,local_broadband_wuhan,account_wuhan,9343,77,complete,GK2026D1,,
2026-08-23T02:45:22,reply,6a255106000000003502c1f0,6a258dfc000000002902dde9,complete,endpoint_exhausted,0,0,0,wuhan,local_broadband_wuhan,account_wuhan,9343,77,complete,GK2026D1,,
2026-08-23T02:45:22,reply,6a255106000000003502c1f0,6a259e16000000002701e4d6,complete,endpoint_exhausted,0,0,0,wuhan,local_broadband_wuhan,account_wuhan,9343,77,complete,GK2026D1,,
2026-08-23T02:45:22,reply,6a255106000000003502c1f0,6a2558b80000000029026c64,complete,endpoint_exhausted,0,0,0,wuhan,local_broadband_wuhan,account_wuhan,9343,77,complete,GK2026D1,,
2026-08-23T02:45:22,reply,6a255106000000003502c1f0,6a2552db000000002a00415b,complete,endpoint_exhausted,0,0,0,wuhan,local_broadband_wuhan,account_wuhan,9343,77,complete,GK2026D1,,
2026-08-23T02:45:22,reply,6a255106000000003502c1f0,6a2565fa0000000029012238,complete,endpoint_exhausted,0,0,0,wuhan,local_broadband_wuhan,account_wuhan,9343,77,complete,GK2026D1,,
2026-08-23T02:45:22,reply,6a255106000000003502c1f0,6a25bff9000000002a004d34,complete,endpoint_exhausted,0,0,0,wuhan,local_broadband_wuhan,account_wuhan,9343,77,complete,GK2026D1,,
2026-08-23T02:45:22,reply,6a255106000000003502c1f0,6a2551bb000000002b001318,complete,endpoint_exhausted,0,0,0,wuhan,local_broadband_wuhan,account_wuhan,9343,77,complete,GK2026D1,,
2026-08-23T02:45:22,reply,6a255106000000003502c1f0,6a2597a6000000002b001ee8,complete,endpoint_exhausted,0,0,0,wuhan,local_broadband_wuhan,account_wuhan,9343,77,complete,GK2026D1,,
2026-08-23T02:45:22,reply,6a255106000000003502c1f0,6a257f2a0000000029035338,complete,endpoint_exhausted,0,0,0,wuhan,local_broadband_wuhan,account_wuhan,9343,77,complete,GK2026D1,,
2026-08-23T02:45:22,reply,6a255106000000003502c1f0,6a264acf0000000027021768,complete,endpoint_exhausted,0,0,0,wuhan,local_broadband_wuhan,account_wuhan,9343,77,complete,GK2026D1,,
2026-08-23T02:45:52,reply,6a255106000000003502c1f0,6a2585eb000000002803f656,complete,endpoint_exhausted,0,0,0,wuhan,local_broadband_wuhan,account_wuhan,9343,77,complete,GK2026D1,,
2026-08-23T02:45:52,reply,6a255106000000003502c1f0,6a3156b80000000029037a27,complete,endpoint_exhausted,0,0,0,wuhan,local_broadband_wuhan,account_wuhan,9343,77,complete,GK2026D1,,
2026-08-23T02:45:52,reply,6a255106000000003502c1f0,6a257b20000000002b0259a3,complete,endpoint_exhausted,0,0,0,wuhan,local_broadband_wuhan,account_wuhan,9343,77,complete,GK2026D1,,
2026-08-23T02:45:52,reply,6a255106000000003502c1f0,6a257b12000000002a025abd,complete,endpoint_exhausted,0,0,0,wuhan,local_broadband_wuhan,account_wuhan,9343,77,complete,GK2026D1,,
2026-08-23T02:45:52,reply,6a255106000000003502c1f0,6a257ace000000002b028937,complete,endpoint_exhausted,0,0,0,wuhan,local_broadband_wuhan,account_wuhan,9343,77,complete,GK2026D1,,
2026-08-23T02:45:52,reply,6a255106000000003502c1f0,6a2578ea000000002702a290,complete,endpoint_exhausted,0,0,0,wuhan,local_broadband_wuhan,account_wuhan,9343,77,complete,GK2026D1,,
2026-08-23T02:45:52,reply,6a255106000000003502c1f0,6a257865000000002a02d974,complete,endpoint_exhausted,0,0,0,wuhan,local_broadband_wuhan,account_wuhan,9343,77,complete,GK2026D1,,
2026-08-23T02:45:52,reply,6a255106000000003502c1f0,6a25772100000000290119e6,complete,endpoint_exhausted,0,0,0,wuhan,local_broadband_wuhan,account_wuhan,9343,77,complete,GK2026D1,,
2026-08-23T02:45:52,reply,6a255106000000003502c1f0,6a257621000000002b001493,complete,endpoint_exhausted,0,0,0,wuhan,local_broadband_wuhan,account_wuhan,9343,77,complete,GK2026D1,,
2026-08-23T02:45:52,reply,6a255106000000003502c1f0,6a2574f20000000027015cb7,complete,endpoint_exhausted,0,0,0,wuhan,local_broadband_wuhan,account_wuhan,9343,77,complete,GK2026D1,,
2026-08-23T02:46:22,reply,6a255106000000003502c1f0,6a25711b0000000027020d45,complete,endpoint_exhausted,0,0,0,wuhan,local_broadband_wuhan,account_wuhan,9343,77,complete,GK2026D1,,
2026-08-23T02:46:22,reply,6a255106000000003502c1f0,6a2570f3000000002900d92e,complete,endpoint_exhausted,0,0,0,wuhan,local_broadband_wuhan,account_wuhan,9343,77,complete,GK2026D1,,
2026-08-23T02:46:22,reply,6a255106000000003502c1f0,6a2570eb000000002702e866,complete,endpoint_exhausted,0,0,0,wuhan,local_broadband_wuhan,account_wuhan,9343,77,complete,GK2026D1,,
2026-08-23T02:46:22,reply,6a255106000000003502c1f0,6a256ec1000000002803cb75,complete,endpoint_exhausted,0,0,0,wuhan,local_broadband_wuhan,account_wuhan,9343,77,complete,GK2026D1,,
2026-08-23T02:46:22,reply,6a255106000000003502c1f0,6a256e6a000000002a0070ae,complete,endpoint_exhausted,0,0,0,wuhan,local_broadband_wuhan,account_wuhan,9343,77,complete,GK2026D1,,
2026-08-23T02:46:22,reply,6a255106000000003502c1f0,6a256e05000000002a025de3,complete,endpoint_exhausted,0,0,0,wuhan,local_broadband_wuhan,account_wuhan,9343,77,complete,GK2026D1,,
2026-08-23T02:46:22,reply,6a255106000000003502c1f0,6a256dd4000000002803512d,complete,endpoint_exhausted,0,0,0,wuhan,local_broadband_wuhan,account_wuhan,9343,77,complete,GK2026D1,,
2026-08-23T02:46:22,reply,6a255106000000003502c1f0,6a256cc6000000002a02d86d,complete,endpoint_exhausted,0,0,0,wuhan,local_broadband_wuhan,account_wuhan,9343,77,complete,GK2026D1,,
2026-08-23T02:46:22,reply,6a255106000000003502c1f0,6a256c15000000002a033610,complete,endpoint_exhausted,0,0,0,wuhan,local_broadband_wuhan,account_wuhan,9343,77,complete,GK2026D1,,
2026-08-23T02:46:22,reply,6a255106000000003502c1f0,6a256be3000000002b029492,complete,endpoint_exhausted,0,0,0,wuhan,local_broadband_wuhan,account_wuhan,9343,77,complete,GK2026D1,,
2026-08-23T02:46:52,reply,6a255106000000003502c1f0,6a2566f5000000002803b230,complete,endpoint_exhausted,0,0,0,wuhan,local_broadband_wuhan,account_wuhan,9343,77,complete,GK2026D1,,
2026-08-23T02:46:52,reply,6a255106000000003502c1f0,6a25660d000000002702c4e6,complete,endpoint_exhausted,0,0,0,wuhan,local_broadband_wuhan,account_wuhan,9343,77,complete,GK2026D1,,
2026-08-23T02:46:52,reply,6a255106000000003502c1f0,6a2563b3000000002803c22c,complete,endpoint_exhausted,0,0,0,wuhan,local_broadband_wuhan,account_wuhan,9343,77,complete,GK2026D1,,
2026-08-23T02:46:52,reply,6a255106000000003502c1f0,6a256133000000002901b43a,complete,endpoint_exhausted,0,0,0,wuhan,local_broadband_wuhan,account_wuhan,9343,77,complete,GK2026D1,,
2026-08-23T02:46:52,reply,6a255106000000003502c1f0,6a256120000000002b02515d,complete,endpoint_exhausted,0,0,0,wuhan,local_broadband_wuhan,account_wuhan,9343,77,complete,GK2026D1,,
2026-08-23T02:46:52,reply,6a255106000000003502c1f0,6a25611d00000000290267b7,complete,endpoint_exhausted,0,0,0,wuhan,local_broadband_wuhan,account_wuhan,9343,77,complete,GK2026D1,,
2026-08-23T02:46:52,reply,6a255106000000003502c1f0,6a256119000000002901ae74,complete,endpoint_exhausted,0,0,0,wuhan,local_broadband_wuhan,account_wuhan,9343,77,complete,GK2026D1,,
2026-08-23T02:46:52,reply,6a255106000000003502c1f0,6a256113000000002b029e97,complete,endpoint_exhausted,0,0,0,wuhan,local_broadband_wuhan,account_wuhan,9343,77,complete,GK2026D1,,
2026-08-23T02:46:52,reply,6a255106000000003502c1f0,6a25610f0000000029026552,complete,endpoint_exhausted,0,0,0,wuhan,local_broadband_wuhan,account_wuhan,9343,77,complete,GK2026D1,,
2026-08-23T02:46:52,reply,6a255106000000003502c1f0,6a256105000000002a006aed,complete,endpoint_exhausted,0,0,0,wuhan,local_broadband_wuhan,account_wuhan,9343,77,complete,GK2026D1,,
2026-08-23T02:47:23,reply,6a255106000000003502c1f0,6a2560e2000000002803ca60,complete,endpoint_exhausted,0,0,0,wuhan,local_broadband_wuhan,account_wuhan,9343,77,complete,GK2026D1,,
2026-08-23T02:47:23,reply,6a255106000000003502c1f0,6a255fff000000002900e860,complete,endpoint_exhausted,0,0,0,wuhan,local_broadband_wuhan,account_wuhan,9343,77,complete,GK2026D1,,
2026-08-23T02:47:23,reply,6a255106000000003502c1f0,6a255ed3000000002803c60b,complete,endpoint_exhausted,0,0,0,wuhan,local_broadband_wuhan,account_wuhan,9343,77,complete,GK2026D1,,
2026-08-23T02:47:23,reply,6a255106000000003502c1f0,6a255ea600000000290105c1,complete,endpoint_exhausted,0,0,0,wuhan,local_broadband_wuhan,account_wuhan,9343,77,complete,GK2026D1,,
2026-08-23T02:47:23,reply,6a255106000000003502c1f0,6a255c9b0000000027023002,complete,endpoint_exhausted,0,0,0,wuhan,local_broadband_wuhan,account_wuhan,9343,77,complete,GK2026D1,,
2026-08-23T02:47:23,reply,6a255106000000003502c1f0,6a255c720000000027015675,complete,endpoint_exhausted,0,0,0,wuhan,local_broadband_wuhan,account_wuhan,9343,77,complete,GK2026D1,,
2026-08-23T02:47:23,reply,6a255106000000003502c1f0,6a255a9b000000002701e0eb,complete,endpoint_exhausted,0,0,0,wuhan,local_broadband_wuhan,account_wuhan,9343,77,complete,GK2026D1,,
2026-08-23T02:47:23,reply,6a255106000000003502c1f0,6a2559f1000000000d022000,complete,endpoint_exhausted,0,0,0,wuhan,local_broadband_wuhan,account_wuhan,9343,77,complete,GK2026D1,,
2026-08-23T02:47:23,reply,6a255106000000003502c1f0,6a2559c8000000002702a8f7,complete,endpoint_exhausted,0,0,0,wuhan,local_broadband_wuhan,account_wuhan,9343,77,complete,GK2026D1,,
2026-08-23T02:47:23,reply,6a255106000000003502c1f0,6a2559be000000002b02af4c,complete,endpoint_exhausted,0,0,0,wuhan,local_broadband_wuhan,account_wuhan,9343,77,complete,GK2026D1,,
2026-08-23T02:47:53,reply,6a255106000000003502c1f0,6a2559a1000000002b02aa09,complete,endpoint_exhausted,0,0,0,wuhan,local_broadband_wuhan,account_wuhan,9343,77,complete,GK2026D1,,
2026-08-23T02:47:53,reply,6a255106000000003502c1f0,6a25595b0000000028035f16,complete,endpoint_exhausted,0,0,0,wuhan,local_broadband_wuhan,account_wuhan,9343,77,complete,GK2026D1,,
2026-08-23T02:47:53,reply,6a255106000000003502c1f0,6a255917000000002a025831,complete,endpoint_exhausted,0,0,0,wuhan,local_broadband_wuhan,account_wuhan,9343,77,complete,GK2026D1,,
2026-08-23T02:47:53,reply,6a255106000000003502c1f0,6a2557ed000000002a007586,complete,endpoint_exhausted,0,0,0,wuhan,local_broadband_wuhan,account_wuhan,9343,77,complete,GK2026D1,,
2026-08-23T02:47:53,reply,6a255106000000003502c1f0,6a255788000000002a02dbe5,complete,endpoint_exhausted,0,0,0,wuhan,local_broadband_wuhan,account_wuhan,9343,77,complete,GK2026D1,,
2026-08-23T02:47:53,reply,6a255106000000003502c1f0,6a25572b000000002a033da2,complete,endpoint_exhausted,0,0,0,wuhan,local_broadband_wuhan,account_wuhan,9343,77,complete,GK2026D1,,
2026-08-23T02:47:53,reply,6a255106000000003502c1f0,6a2554fe000000002a00695f,complete,endpoint_exhausted,0,0,0,wuhan,local_broadband_wuhan,account_wuhan,9343,77,complete,GK2026D1,,
2026-08-23T02:47:53,reply,6a255106000000003502c1f0,6a2553f6000000002b025b74,complete,endpoint_exhausted,0,0,0,wuhan,local_broadband_wuhan,account_wuhan,9343,77,complete,GK2026D1,,
2026-08-23T02:47:53,reply,6a255106000000003502c1f0,6a255306000000002b026f18,complete,endpoint_exhausted,0,0,0,wuhan,local_broadband_wuhan,account_wuhan,9343,77,complete,GK2026D1,,
2026-08-23T02:47:53,reply,6a255106000000003502c1f0,6a255301000000002800b839,complete,endpoint_exhausted,0,0,0,wuhan,local_broadband_wuhan,account_wuhan,9343,77,complete,GK2026D1,,
2026-08-23T02:48:23,reply,6a255106000000003502c1f0,6a2552d50000000029035f28,complete,endpoint_exhausted,0,0,0,wuhan,local_broadband_wuhan,account_wuhan,9343,77,complete,GK2026D1,,
2026-08-23T02:48:23,reply,6a255106000000003502c1f0,6a2552d4000000002a02c66b,complete,endpoint_exhausted,0,0,0,wuhan,local_broadband_wuhan,account_wuhan,9343,77,complete,GK2026D1,,
2026-08-23T02:48:23,reply,6a255106000000003502c1f0,6a2552c8000000002901972c,complete,endpoint_exhausted,0,0,0,wuhan,local_broadband_wuhan,account_wuhan,9343,77,complete,GK2026D1,,
2026-08-23T02:48:23,reply,6a255106000000003502c1f0,6a2552c4000000002702be1c,complete,endpoint_exhausted,0,0,0,wuhan,local_broadband_wuhan,account_wuhan,9343,77,complete,GK2026D1,,
2026-08-23T02:48:23,reply,6a255106000000003502c1f0,6a25525c0000000028030ea6,complete,endpoint_exhausted,0,0,0,wuhan,local_broadband_wuhan,account_wuhan,9343,77,complete,GK2026D1,,
2026-08-23T02:48:23,reply,6a255106000000003502c1f0,6a25525b0000000029012ffd,complete,endpoint_exhausted,0,0,0,wuhan,local_broadband_wuhan,account_wuhan,9343,77,complete,GK2026D1,,
2026-08-23T02:48:23,reply,6a255106000000003502c1f0,6a255236000000002b00267b,complete,endpoint_exhausted,0,0,0,wuhan,local_broadband_wuhan,account_wuhan,9343,77,complete,GK2026D1,,
2026-08-23T02:48:23,reply,6a255106000000003502c1f0,6a255234000000002900f743,complete,endpoint_exhausted,0,0,0,wuhan,local_broadband_wuhan,account_wuhan,9343,77,complete,GK2026D1,,
2026-08-23T02:48:23,reply,6a255106000000003502c1f0,6a25521b000000002a02540d,complete,endpoint_exhausted,0,0,0,wuhan,local_broadband_wuhan,account_wuhan,9343,77,complete,GK2026D1,,
2026-08-23T02:48:23,reply,6a255106000000003502c1f0,6a2551f1000000002702f486,complete,endpoint_exhausted,0,0,0,wuhan,local_broadband_wuhan,account_wuhan,9343,77,complete,GK2026D1,,
2026-08-23T02:48:53,reply,6a255106000000003502c1f0,6a2551ee0000000029011268,complete,endpoint_exhausted,0,0,0,wuhan,local_broadband_wuhan,account_wuhan,9343,77,complete,GK2026D1,,
2026-08-23T02:48:53,reply,6a255106000000003502c1f0,6a2551e6000000002a031239,complete,endpoint_exhausted,0,0,0,wuhan,local_broadband_wuhan,account_wuhan,9343,77,complete,GK2026D1,,
2026-08-23T02:48:53,reply,6a255106000000003502c1f0,6a2551d7000000002a030f83,complete,endpoint_exhausted,0,0,0,wuhan,local_broadband_wuhan,account_wuhan,9343,77,complete,GK2026D1,,
2026-08-23T02:48:53,reply,6a255106000000003502c1f0,6a2551d1000000002b027312,complete,endpoint_exhausted,0,0,0,wuhan,local_broadband_wuhan,account_wuhan,9343,77,complete,GK2026D1,,
2026-08-23T02:48:53,reply,6a255106000000003502c1f0,6a2551c5000000000d022003,complete,endpoint_exhausted,0,0,0,wuhan,local_broadband_wuhan,account_wuhan,9343,77,complete,GK2026D1,,
2026-08-23T02:48:53,reply,6a255106000000003502c1f0,6a2551b9000000002800a405,complete,endpoint_exhausted,0,0,0,wuhan,local_broadband_wuhan,account_wuhan,9343,77,complete,GK2026D1,,
2026-08-23T02:48:53,reply,6a255106000000003502c1f0,6a2551a60000000028038593,complete,endpoint_exhausted,0,0,0,wuhan,local_broadband_wuhan,account_wuhan,9343,77,complete,GK2026D1,,
2026-08-23T02:48:53,reply,6a255106000000003502c1f0,6a2551a2000000002a0043a4,complete,endpoint_exhausted,0,0,0,wuhan,local_broadband_wuhan,account_wuhan,9343,77,complete,GK2026D1,,
2026-08-23T02:48:53,reply,6a255106000000003502c1f0,6a255198000000002a027d48,complete,endpoint_exhausted,0,0,0,wuhan,local_broadband_wuhan,account_wuhan,9343,77,complete,GK2026D1,,
2026-08-23T02:48:53,reply,6a255106000000003502c1f0,6a2551970000000027023fad,complete,endpoint_exhausted,0,0,0,wuhan,local_broadband_wuhan,account_wuhan,9343,77,complete,GK2026D1,,
2026-08-23T02:49:24,reply,6a255106000000003502c1f0,6a255196000000002b000cf0,complete,endpoint_exhausted,0,0,0,wuhan,local_broadband_wuhan,account_wuhan,9343,77,complete,GK2026D1,,
2026-08-23T02:49:24,reply,6a255106000000003502c1f0,6a2d3726000000002803fcce,complete,endpoint_exhausted,0,0,0,wuhan,local_broadband_wuhan,account_wuhan,9343,77,complete,GK2026D1,,
2026-08-23T02:49:24,reply,6a255106000000003502c1f0,6a27595d000000002803ee1e,complete,endpoint_exhausted,0,0,0,wuhan,local_broadband_wuhan,account_wuhan,9343,77,complete,GK2026D1,,
2026-08-23T02:49:24,reply,6a255106000000003502c1f0,6a26c4cc0000000029011404,complete,endpoint_exhausted,0,0,0,wuhan,local_broadband_wuhan,account_wuhan,9343,77,complete,GK2026D1,,
2026-08-23T02:49:24,reply,6a255106000000003502c1f0,6a25811f000000002701e27f,complete,endpoint_exhausted,0,0,0,wuhan,local_broadband_wuhan,account_wuhan,9343,77,complete,GK2026D1,,
2026-08-23T02:49:24,reply,6a255106000000003502c1f0,6a257ff8000000002901a347,complete,endpoint_exhausted,0,0,0,wuhan,local_broadband_wuhan,account_wuhan,9343,77,complete,GK2026D1,,
2026-08-23T02:49:24,reply,6a255106000000003502c1f0,6a2573d30000000029010674,complete,endpoint_exhausted,0,0,0,wuhan,local_broadband_wuhan,account_wuhan,9343,77,complete,GK2026D1,,
2026-08-23T02:49:24,reply,6a255106000000003502c1f0,6a256f420000000027021bbe,complete,endpoint_exhausted,0,0,0,wuhan,local_broadband_wuhan,account_wuhan,9343,77,complete,GK2026D1,,
2026-08-23T02:49:24,reply,6a255106000000003502c1f0,6a25691f00000000270214ac,complete,endpoint_exhausted,0,0,0,wuhan,local_broadband_wuhan,account_wuhan,9343,77,complete,GK2026D1,,
2026-08-23T02:49:24,reply,6a255106000000003502c1f0,6a256472000000002803845b,complete,endpoint_exhausted,0,0,0,wuhan,local_broadband_wuhan,account_wuhan,9343,77,complete,GK2026D1,,
2026-08-23T02:49:54,reply,6a255106000000003502c1f0,6a256166000000002a004064,complete,endpoint_exhausted,0,0,0,wuhan,local_broadband_wuhan,account_wuhan,9343,77,complete,GK2026D1,,
2026-08-23T02:49:54,reply,6a255106000000003502c1f0,6a256161000000002a02e9de,complete,endpoint_exhausted,0,0,0,wuhan,local_broadband_wuhan,account_wuhan,9343,77,complete,GK2026D1,,
2026-08-23T02:49:54,reply,6a255106000000003502c1f0,6a25615e000000002a032008,complete,endpoint_exhausted,0,0,0,wuhan,local_broadband_wuhan,account_wuhan,9343,77,complete,GK2026D1,,
2026-08-23T02:49:54,reply,6a255106000000003502c1f0,6a256158000000002a031ef1,complete,endpoint_exhausted,0,0,0,wuhan,local_broadband_wuhan,account_wuhan,9343,77,complete,GK2026D1,,
2026-08-23T02:49:54,reply,6a255106000000003502c1f0,6a256155000000002b025adc,complete,endpoint_exhausted,0,0,0,wuhan,local_broadband_wuhan,account_wuhan,9343,77,complete,GK2026D1,,
2026-08-23T02:49:54,reply,6a255106000000003502c1f0,6a256152000000002a0263b4,complete,endpoint_exhausted,0,0,0,wuhan,local_broadband_wuhan,account_wuhan,9343,77,complete,GK2026D1,,
2026-08-23T02:49:54,reply,6a255106000000003502c1f0,6a25614e000000002901b97e,complete,endpoint_exhausted,0,0,0,wuhan,local_broadband_wuhan,account_wuhan,9343,77,complete,GK2026D1,,
2026-08-23T02:49:54,reply,6a255106000000003502c1f0,6a25614b000000002902cad1,complete,endpoint_exhausted,0,0,0,wuhan,local_broadband_wuhan,account_wuhan,9343,77,complete,GK2026D1,,
2026-08-23T02:49:54,reply,6a255106000000003502c1f0,6a256148000000002a0079ad,complete,endpoint_exhausted,0,0,0,wuhan,local_broadband_wuhan,account_wuhan,9343,77,complete,GK2026D1,,
2026-08-23T02:49:54,reply,6a255106000000003502c1f0,6a256144000000002902c93e,complete,endpoint_exhausted,0,0,0,wuhan,local_broadband_wuhan,account_wuhan,9343,77,complete,GK2026D1,,
2026-08-23T02:50:24,reply,6a255106000000003502c1f0,6a25613a000000002b002c31,complete,endpoint_exhausted,0,0,0,wuhan,local_broadband_wuhan,account_wuhan,9343,77,complete,GK2026D1,,
2026-08-23T02:50:24,reply,6a255106000000003502c1f0,6a256137000000002b002b88,complete,endpoint_exhausted,0,0,0,wuhan,local_broadband_wuhan,account_wuhan,9343,77,complete,GK2026D1,,
2026-08-23T02:50:24,reply,6a255106000000003502c1f0,6a256130000000002a00747e,complete,endpoint_exhausted,0,0,0,wuhan,local_broadband_wuhan,account_wuhan,9343,77,complete,GK2026D1,,
2026-08-23T02:50:24,reply,6a255106000000003502c1f0,6a25612d000000002b0029a5,complete,endpoint_exhausted,0,0,0,wuhan,local_broadband_wuhan,account_wuhan,9343,77,complete,GK2026D1,,
2026-08-23T02:50:24,reply,6a255106000000003502c1f0,6a2561290000000029034b96,complete,endpoint_exhausted,0,0,0,wuhan,local_broadband_wuhan,account_wuhan,9343,77,complete,GK2026D1,,
2026-08-23T02:50:24,reply,6a255106000000003502c1f0,6a256124000000002901b103,complete,endpoint_exhausted,0,0,0,wuhan,local_broadband_wuhan,account_wuhan,9343,77,complete,GK2026D1,,
2026-08-23T02:50:24,reply,6a255106000000003502c1f0,6a25572a000000002900f0d1,complete,endpoint_exhausted,0,0,0,wuhan,local_broadband_wuhan,account_wuhan,9343,77,complete,GK2026D1,,
2026-08-23T02:50:24,reply,6a255106000000003502c1f0,6a255595000000002a02c72e,complete,endpoint_exhausted,0,0,0,wuhan,local_broadband_wuhan,account_wuhan,9343,77,complete,GK2026D1,,
2026-08-23T02:50:24,reply,6a255106000000003502c1f0,6a2551e0000000002701c802,complete,endpoint_exhausted,0,0,0,wuhan,local_broadband_wuhan,account_wuhan,9343,77,complete,GK2026D1,,
2026-08-23T02:50:24,reply,6a255106000000003502c1f0,6a255bc3000000002b029064,complete,endpoint_exhausted,0,0,0,wuhan,local_broadband_wuhan,account_wuhan,9343,77,complete,GK2026D1,,
2026-08-23T02:50:54,top_level,6a255106000000003502c1f0,,complete,endpoint_exhausted,17,160,,wuhan,local_broadband_wuhan,account_wuhan,9343,77,complete,GK2026D1,True,
2026-08-23T06:42:53,top_level,6a24d041000000002202bbf5,,complete,endpoint_exhausted,1,0,,wuhan,local_broadband_wuhan,account_wuhan,9343,78,complete,GK2026D1,True,
2026-08-23T07:24:30,reply,6a26a26c000000000702fe10,6a277aef0000000028008baa,complete,endpoint_exhausted,0,1,1,wuhan,local_broadband_wuhan,account_wuhan,9343,79,complete,GK2026D1,,
2026-08-23T07:24:30,reply,6a26a26c000000000702fe10,6a6ca10a000000000d023800,complete,endpoint_exhausted,0,1,1,wuhan,local_broadband_wuhan,account_wuhan,9343,79,complete,GK2026D1,,
2026-08-23T07:24:30,reply,6a26a26c000000000702fe10,6a2a2c5800000000270163f0,complete,endpoint_exhausted,0,1,1,wuhan,local_broadband_wuhan,account_wuhan,9343,79,complete,GK2026D1,,
2026-08-23T07:24:30,reply,6a26a26c000000000702fe10,6a26a923000000002b027e37,complete,endpoint_exhausted,0,0,0,wuhan,local_broadband_wuhan,account_wuhan,9343,79,complete,GK2026D1,,
2026-08-23T07:24:30,reply,6a26a26c000000000702fe10,6a2a2c6a0000000027016747,complete,endpoint_exhausted,0,0,0,wuhan,local_broadband_wuhan,account_wuhan,9343,79,complete,GK2026D1,,
2026-08-23T07:24:30,top_level,6a26a26c000000000702fe10,,complete,endpoint_exhausted,1,5,,wuhan,local_broadband_wuhan,account_wuhan,9343,79,complete,GK2026D1,True,
2026-08-23T07:36:04,reply,6a25069d0000000016025caa,6a26973f000000002803c7b8,complete,endpoint_exhausted,0,1,1,wuhan,local_broadband_wuhan,account_wuhan,9343,80,complete,GK2026D1,,
2026-08-23T07:36:04,reply,6a25069d0000000016025caa,6a26972e0000000028036d62,complete,endpoint_exhausted,0,1,1,wuhan,local_broadband_wuhan,account_wuhan,9343,80,complete,GK2026D1,,
2026-08-23T07:36:04,top_level,6a25069d0000000016025caa,,complete,endpoint_exhausted,1,2,,wuhan,local_broadband_wuhan,account_wuhan,9343,80,complete,GK2026D1,True,
2026-08-23T12:58:02,top_level,6a24f732000000001603c7c2,,complete,endpoint_exhausted,1,0,,wuhan,local_broadband_wuhan,account_wuhan,9343,81,complete,GK2026D1,True,
2026-08-23T13:00:29,reply,6a2637890000000006022df4,6a26c78e000000002b001089,complete,endpoint_exhausted,0,1,1,wuhan,local_broadband_wuhan,account_wuhan,9343,82,complete,GK2026D1,,
2026-08-23T13:00:29,reply,6a2637890000000006022df4,6a26b60600000000280380dc,complete,endpoint_exhausted,0,0,0,wuhan,local_broadband_wuhan,account_wuhan,9343,82,complete,GK2026D1,,
2026-08-23T13:00:29,reply,6a2637890000000006022df4,6a33d2e5000000002b02b96f,complete,endpoint_exhausted,0,0,0,wuhan,local_broadband_wuhan,account_wuhan,9343,82,complete,GK2026D1,,
2026-08-23T13:00:29,top_level,6a2637890000000006022df4,,complete,endpoint_exhausted,1,3,,wuhan,local_broadband_wuhan,account_wuhan,9343,82,complete,GK2026D1,True,
2026-08-23T13:06:22,top_level,6a250a85000000003501db44,,complete,endpoint_exhausted,1,0,,wuhan,local_broadband_wuhan,account_wuhan,9343,83,complete,GK2026D1,True,
2026-08-23T13:12:12,reply,6a2559440000000006033007,6a2627c5000000002902d3c5,complete,endpoint_exhausted,0,1,1,wuhan,local_broadband_wuhan,account_wuhan,9343,84,complete,GK2026D1,,
2026-08-23T13:12:12,top_level,6a2559440000000006033007,,complete,endpoint_exhausted,1,1,,wuhan,local_broadband_wuhan,account_wuhan,9343,84,complete,GK2026D1,True,
2026-08-23T13:23:17,reply,6a23dbc80000000035022982,6a23e511000000002b001e66,complete,endpoint_exhausted,1,3,3,wuhan,local_broadband_wuhan,account_wuhan,9343,85,complete,GK2026D1,,
2026-08-23T13:23:17,reply,6a23dbc80000000035022982,6a243676000000002702ee5f,complete,endpoint_exhausted,0,1,1,wuhan,local_broadband_wuhan,account_wuhan,9343,85,complete,GK2026D1,,
2026-08-23T13:23:17,top_level,6a23dbc80000000035022982,,complete,endpoint_exhausted,1,2,,wuhan,local_broadband_wuhan,account_wuhan,9343,85,complete,GK2026D1,True,
2026-08-23T13:29:08,reply,6a2534890000000007021a71,6a28c37d000000002a033341,complete,endpoint_exhausted,0,0,0,wuhan,local_broadband_wuhan,account_wuhan,9343,86,complete,GK2026D1,,
2026-08-23T13:29:08,reply,6a2534890000000007021a71,6a260bd30000000029035b17,complete,endpoint_exhausted,0,0,0,wuhan,local_broadband_wuhan,account_wuhan,9343,86,complete,GK2026D1,,
2026-08-23T13:29:08,top_level,6a2534890000000007021a71,,complete,endpoint_exhausted,1,2,,wuhan,local_broadband_wuhan,account_wuhan,9343,86,complete,GK2026D1,True,
2026-08-23T13:42:37,reply,6a23b3300000000022029965,6a24dd430000000028035b7c,complete,endpoint_exhausted,30,148,148,wuhan,local_broadband_wuhan,account_wuhan,9343,87,complete,GK2026D1,,
2026-08-23T13:46:25,reply,6a23b3300000000022029965,6a247b49000000002701e4c0,complete,endpoint_exhausted,15,75,75,wuhan,local_broadband_wuhan,account_wuhan,9343,87,complete,GK2026D1,,
2026-08-23T13:47:11,reply,6a23b3300000000022029965,6a28025b000000002a005243,complete,endpoint_exhausted,3,16,16,wuhan,local_broadband_wuhan,account_wuhan,9343,87,complete,GK2026D1,,
2026-08-23T13:47:41,reply,6a23b3300000000022029965,6a24cbb9000000002900c723,complete,endpoint_exhausted,2,7,7,wuhan,local_broadband_wuhan,account_wuhan,9343,87,complete,GK2026D1,,
2026-08-23T13:48:27,reply,6a23b3300000000022029965,6a2520e600000000290356f2,complete,endpoint_exhausted,3,13,13,wuhan,local_broadband_wuhan,account_wuhan,9343,87,complete,GK2026D1,,
2026-08-23T13:48:42,reply,6a23b3300000000022029965,6a250c1e000000002b024ab1,complete,endpoint_exhausted,1,5,5,wuhan,local_broadband_wuhan,account_wuhan,9343,87,complete,GK2026D1,,
2026-08-23T13:48:58,reply,6a23b3300000000022029965,6a24da68000000002a02e802,complete,endpoint_exhausted,1,3,3,wuhan,local_broadband_wuhan,account_wuhan,9343,87,complete,GK2026D1,,
2026-08-23T13:49:43,reply,6a23b3300000000022029965,6a24ecbc0000000027016c9b,complete,endpoint_exhausted,3,16,16,wuhan,local_broadband_wuhan,account_wuhan,9343,87,complete,GK2026D1,,
2026-08-23T13:49:59,reply,6a23b3300000000022029965,6a24f07500000000270213d6,complete,endpoint_exhausted,1,2,2,wuhan,local_broadband_wuhan,account_wuhan,9343,87,complete,GK2026D1,,
2026-08-23T13:50:29,reply,6a23b3300000000022029965,6a24df80000000002702ed6b,complete,endpoint_exhausted,2,7,7,wuhan,local_broadband_wuhan,account_wuhan,9343,87,complete,GK2026D1,,
2026-08-23T13:50:44,reply,6a23b3300000000022029965,6a24defe0000000028037e22,complete,endpoint_exhausted,0,0,0,wuhan,local_broadband_wuhan,account_wuhan,9343,87,complete,GK2026D1,,
2026-08-23T13:50:44,reply,6a23b3300000000022029965,6a24de05000000002b025edc,complete,endpoint_exhausted,0,0,0,wuhan,local_broadband_wuhan,account_wuhan,9343,87,complete,GK2026D1,,
2026-08-23T13:50:44,reply,6a23b3300000000022029965,6a24dc7e00000000280370a7,complete,endpoint_exhausted,0,0,0,wuhan,local_broadband_wuhan,account_wuhan,9343,87,complete,GK2026D1,,
2026-08-23T13:50:44,reply,6a23b3300000000022029965,6a24daaa0000000027029ccc,complete,endpoint_exhausted,0,0,0,wuhan,local_broadband_wuhan,account_wuhan,9343,87,complete,GK2026D1,,
2026-08-23T13:50:44,reply,6a23b3300000000022029965,6a24da7f000000002a02eba1,complete,endpoint_exhausted,0,0,0,wuhan,local_broadband_wuhan,account_wuhan,9343,87,complete,GK2026D1,,
2026-08-23T13:51:00,reply,6a23b3300000000022029965,6a24da68000000002a02e802,complete,endpoint_exhausted,1,3,3,wuhan,local_broadband_wuhan,account_wuhan,9343,87,complete,GK2026D1,,
2026-08-23T13:51:00,reply,6a23b3300000000022029965,6a24d9160000000029024318,complete,endpoint_exhausted,0,0,0,wuhan,local_broadband_wuhan,account_wuhan,9343,87,complete,GK2026D1,,
2026-08-23T13:51:00,reply,6a23b3300000000022029965,6a24d8a200000000290104b1,complete,endpoint_exhausted,0,0,0,wuhan,local_broadband_wuhan,account_wuhan,9343,87,complete,GK2026D1,,
2026-08-23T13:51:00,reply,6a23b3300000000022029965,6a24d7e50000000028032d07,complete,endpoint_exhausted,0,0,0,wuhan,local_broadband_wuhan,account_wuhan,9343,87,complete,GK2026D1,,
2026-08-23T13:51:00,reply,6a23b3300000000022029965,6a24d5c8000000002a02ef88,complete,endpoint_exhausted,0,0,0,wuhan,local_broadband_wuhan,account_wuhan,9343,87,complete,GK2026D1,,
2026-08-23T13:51:15,reply,6a23b3300000000022029965,6a24d43a000000002803d226,complete,endpoint_exhausted,0,0,0,wuhan,local_broadband_wuhan,account_wuhan,9343,87,complete,GK2026D1,,
2026-08-23T13:51:30,reply,6a23b3300000000022029965,6a24d3f8000000002a0055d5,complete,endpoint_exhausted,1,2,2,wuhan,local_broadband_wuhan,account_wuhan,9343,87,complete,GK2026D1,,
2026-08-23T13:51:30,reply,6a23b3300000000022029965,6a24d24f000000002a027ee2,complete,endpoint_exhausted,0,0,0,wuhan,local_broadband_wuhan,account_wuhan,9343,87,complete,GK2026D1,,
2026-08-23T13:51:30,reply,6a23b3300000000022029965,6a24d1c3000000002803d8ae,complete,endpoint_exhausted,0,0,0,wuhan,local_broadband_wuhan,account_wuhan,9343,87,complete,GK2026D1,,
2026-08-23T13:51:30,reply,6a23b3300000000022029965,6a24d1150000000028030e5a,complete,endpoint_exhausted,0,0,0,wuhan,local_broadband_wuhan,account_wuhan,9343,87,complete,GK2026D1,,
2026-08-23T13:51:30,reply,6a23b3300000000022029965,6a24c625000000002803bfca,complete,endpoint_exhausted,0,0,0,wuhan,local_broadband_wuhan,account_wuhan,9343,87,complete,GK2026D1,,
2026-08-23T13:51:30,reply,6a23b3300000000022029965,6a24c2b2000000002902fa70,complete,endpoint_exhausted,0,0,0,wuhan,local_broadband_wuhan,account_wuhan,9343,87,complete,GK2026D1,,
2026-08-23T13:51:30,reply,6a23b3300000000022029965,6a24c27b000000002702f604,complete,endpoint_exhausted,0,0,0,wuhan,local_broadband_wuhan,account_wuhan,9343,87,complete,GK2026D1,,
2026-08-23T13:51:30,reply,6a23b3300000000022029965,6a24c043000000002a0333f1,complete,endpoint_exhausted,0,0,0,wuhan,local_broadband_wuhan,account_wuhan,9343,87,complete,GK2026D1,,
2026-08-23T13:51:45,reply,6a23b3300000000022029965,6a24bd0400000000270220c3,complete,endpoint_exhausted,1,2,2,wuhan,local_broadband_wuhan,account_wuhan,9343,87,complete,GK2026D1,,
2026-08-23T13:52:01,reply,6a23b3300000000022029965,6a243df80000000028030a3b,complete,endpoint_exhausted,0,0,0,wuhan,local_broadband_wuhan,account_wuhan,9343,87,complete,GK2026D1,,
2026-08-23T13:52:01,reply,6a23b3300000000022029965,6a243300000000002803b3d3,complete,endpoint_exhausted,0,0,0,wuhan,local_broadband_wuhan,account_wuhan,9343,87,complete,GK2026D1,,
2026-08-23T13:52:01,reply,6a23b3300000000022029965,6a2420a3000000002a00482b,complete,endpoint_exhausted,0,0,0,wuhan,local_broadband_wuhan,account_wuhan,9343,87,complete,GK2026D1,,
2026-08-23T13:52:01,reply,6a23b3300000000022029965,6a241d9600000000290265c8,complete,endpoint_exhausted,0,0,0,wuhan,local_broadband_wuhan,account_wuhan,9343,87,complete,GK2026D1,,
2026-08-23T13:52:01,reply,6a23b3300000000022029965,6a2417a30000000028033645,complete,endpoint_exhausted,0,0,0,wuhan,local_broadband_wuhan,account_wuhan,9343,87,complete,GK2026D1,,
2026-08-23T13:52:01,reply,6a23b3300000000022029965,6a23c0ac0000000028008eb3,complete,endpoint_exhausted,0,0,0,wuhan,local_broadband_wuhan,account_wuhan,9343,87,complete,GK2026D1,,
2026-08-23T13:52:01,reply,6a23b3300000000022029965,6a23b527000000002902dbc8,complete,endpoint_exhausted,0,0,0,wuhan,local_broadband_wuhan,account_wuhan,9343,87,complete,GK2026D1,,
2026-08-23T13:52:01,reply,6a23b3300000000022029965,6a23b5260000000027015176,complete,endpoint_exhausted,0,1,1,wuhan,local_broadband_wuhan,account_wuhan,9343,87,complete,GK2026D1,,
2026-08-23T13:52:01,reply,6a23b3300000000022029965,6a23b4ce0000000029012b82,complete,endpoint_exhausted,0,0,0,wuhan,local_broadband_wuhan,account_wuhan,9343,87,complete,GK2026D1,,
2026-08-23T13:52:46,reply,6a23b3300000000022029965,6a2493990000000027022a06,complete,endpoint_exhausted,3,13,13,wuhan,local_broadband_wuhan,account_wuhan,9343,87,complete,GK2026D1,,
2026-08-23T13:53:32,reply,6a23b3300000000022029965,6a27f213000000002b0010fd,complete,endpoint_exhausted,2,9,9,wuhan,local_broadband_wuhan,account_wuhan,9343,87,complete,GK2026D1,,
2026-08-23T13:53:32,reply,6a23b3300000000022029965,6a292c91000000002a02eaa7,complete,endpoint_exhausted,0,0,0,wuhan,local_broadband_wuhan,account_wuhan,9343,87,complete,GK2026D1,,
2026-08-23T13:53:32,reply,6a23b3300000000022029965,6a28f8d700000000270146a3,complete,endpoint_exhausted,0,0,0,wuhan,local_broadband_wuhan,account_wuhan,9343,87,complete,GK2026D1,,
2026-08-23T13:53:32,reply,6a23b3300000000022029965,6a28eb62000000002b0299d6,complete,endpoint_exhausted,0,0,0,wuhan,local_broadband_wuhan,account_wuhan,9343,87,complete,GK2026D1,,
2026-08-23T13:53:32,reply,6a23b3300000000022029965,6a28e2ab000000002b026761,complete,endpoint_exhausted,0,1,1,wuhan,local_broadband_wuhan,account_wuhan,9343,87,complete,GK2026D1,,
2026-08-23T13:53:32,reply,6a23b3300000000022029965,6a28e1240000000028009254,complete,endpoint_exhausted,0,0,0,wuhan,local_broadband_wuhan,account_wuhan,9343,87,complete,GK2026D1,,
2026-08-23T13:53:32,reply,6a23b3300000000022029965,6a285324000000002902ca4c,complete,endpoint_exhausted,0,0,0,wuhan,local_broadband_wuhan,account_wuhan,9343,87,complete,GK2026D1,,
2026-08-23T13:53:32,reply,6a23b3300000000022029965,6a2814d4000000002a02eb37,complete,endpoint_exhausted,0,0,0,wuhan,local_broadband_wuhan,account_wuhan,9343,87,complete,GK2026D1,,
2026-08-23T13:53:32,reply,6a23b3300000000022029965,6a27f1d1000000002702f46d,complete,endpoint_exhausted,0,0,0,wuhan,local_broadband_wuhan,account_wuhan,9343,87,complete,GK2026D1,,
2026-08-23T13:53:32,reply,6a23b3300000000022029965,6a27be85000000002701c515,complete,endpoint_exhausted,0,0,0,wuhan,local_broadband_wuhan,account_wuhan,9343,87,complete,GK2026D1,,
2026-08-23T13:54:33,reply,6a23b3300000000022029965,6a27be43000000002803636a,complete,endpoint_exhausted,3,12,12,wuhan,local_broadband_wuhan,account_wuhan,9343,87,complete,GK2026D1,,
2026-08-23T13:54:33,reply,6a23b3300000000022029965,6a27b269000000002902ce3e,complete,endpoint_exhausted,0,0,0,wuhan,local_broadband_wuhan,account_wuhan,9343,87,complete,GK2026D1,,
2026-08-23T13:54:33,reply,6a23b3300000000022029965,6a27a7be000000002701da13,complete,endpoint_exhausted,0,0,0,wuhan,local_broadband_wuhan,account_wuhan,9343,87,complete,GK2026D1,,
2026-08-23T13:54:33,reply,6a23b3300000000022029965,6a277b1f000000002b0251a0,complete,endpoint_exhausted,0,0,0,wuhan,local_broadband_wuhan,account_wuhan,9343,87,complete,GK2026D1,,
2026-08-23T13:54:33,reply,6a23b3300000000022029965,6a277a2d000000002701e85f,complete,endpoint_exhausted,0,0,0,wuhan,local_broadband_wuhan,account_wuhan,9343,87,complete,GK2026D1,,
2026-08-23T13:54:33,reply,6a23b3300000000022029965,6a276240000000002b02690f,complete,endpoint_exhausted,0,0,0,wuhan,local_broadband_wuhan,account_wuhan,9343,87,complete,GK2026D1,,
2026-08-23T13:54:33,reply,6a23b3300000000022029965,6a275c3f000000002b0010b6,complete,endpoint_exhausted,0,0,0,wuhan,local_broadband_wuhan,account_wuhan,9343,87,complete,GK2026D1,,
2026-08-23T13:54:48,reply,6a23b3300000000022029965,6a26bd94000000002803d888,complete,endpoint_exhausted,1,2,2,wuhan,local_broadband_wuhan,account_wuhan,9343,87,complete,GK2026D1,,
2026-08-23T13:54:48,reply,6a23b3300000000022029965,6a25765200000000280081b1,complete,endpoint_exhausted,0,0,0,wuhan,local_broadband_wuhan,account_wuhan,9343,87,complete,GK2026D1,,
2026-08-23T13:54:48,reply,6a23b3300000000022029965,6a2518fe0000000027016768,complete,endpoint_exhausted,0,0,0,wuhan,local_broadband_wuhan,account_wuhan,9343,87,complete,GK2026D1,,
2026-08-23T13:55:04,reply,6a23b3300000000022029965,6a2512af0000000029011c10,complete,endpoint_exhausted,0,0,0,wuhan,local_broadband_wuhan,account_wuhan,9343,87,complete,GK2026D1,,
2026-08-23T13:55:04,reply,6a23b3300000000022029965,6a250cc40000000029026d38,complete,endpoint_exhausted,0,0,0,wuhan,local_broadband_wuhan,account_wuhan,9343,87,complete,GK2026D1,,
2026-08-23T13:55:04,reply,6a23b3300000000022029965,6a2503f1000000002900cc9c,complete,endpoint_exhausted,0,0,0,wuhan,local_broadband_wuhan,account_wuhan,9343,87,complete,GK2026D1,,
2026-08-23T13:55:04,reply,6a23b3300000000022029965,6a25032e000000002b02bb54,complete,endpoint_exhausted,0,1,1,wuhan,local_broadband_wuhan,account_wuhan,9343,87,complete,GK2026D1,,
2026-08-23T13:55:04,reply,6a23b3300000000022029965,6a24fda0000000002900c790,complete,endpoint_exhausted,0,0,0,wuhan,local_broadband_wuhan,account_wuhan,9343,87,complete,GK2026D1,,
2026-08-23T13:55:04,reply,6a23b3300000000022029965,6a24f8c40000000027020fdd,complete,endpoint_exhausted,0,0,0,wuhan,local_broadband_wuhan,account_wuhan,9343,87,complete,GK2026D1,,
2026-08-23T13:55:04,reply,6a23b3300000000022029965,6a24f777000000002901356d,complete,endpoint_exhausted,0,0,0,wuhan,local_broadband_wuhan,account_wuhan,9343,87,complete,GK2026D1,,
2026-08-23T13:55:04,reply,6a23b3300000000022029965,6a296eb600000000280375c3,complete,endpoint_exhausted,0,0,0,wuhan,local_broadband_wuhan,account_wuhan,9343,87,complete,GK2026D1,,
2026-08-23T13:55:04,reply,6a23b3300000000022029965,6a29394c000000002900c23f,complete,endpoint_exhausted,0,0,0,wuhan,local_broadband_wuhan,account_wuhan,9343,87,complete,GK2026D1,,
2026-08-23T13:55:19,reply,6a23b3300000000022029965,6a28eab0000000002b0280ad,complete,endpoint_exhausted,1,2,2,wuhan,local_broadband_wuhan,account_wuhan,9343,87,complete,GK2026D1,,
2026-08-23T13:55:34,reply,6a23b3300000000022029965,6a28e4a3000000002702f716,complete,endpoint_exhausted,0,0,0,wuhan,local_broadband_wuhan,account_wuhan,9343,87,complete,GK2026D1,,
2026-08-23T13:55:34,reply,6a23b3300000000022029965,6a28df5b0000000028039e89,complete,endpoint_exhausted,0,0,0,wuhan,local_broadband_wuhan,account_wuhan,9343,87,complete,GK2026D1,,
2026-08-23T13:55:34,reply,6a23b3300000000022029965,6a28d5cf000000002b029142,complete,endpoint_exhausted,0,0,0,wuhan,local_broadband_wuhan,account_wuhan,9343,87,complete,GK2026D1,,
2026-08-23T13:55:34,reply,6a23b3300000000022029965,6a28a054000000002b02986b,complete,endpoint_exhausted,0,1,1,wuhan,local_broadband_wuhan,account_wuhan,9343,87,complete,GK2026D1,,
2026-08-23T13:55:34,reply,6a23b3300000000022029965,6a2833cf000000002901b6d0,complete,endpoint_exhausted,0,1,1,wuhan,local_broadband_wuhan,account_wuhan,9343,87,complete,GK2026D1,,
2026-08-23T13:55:34,reply,6a23b3300000000022029965,6a2830e6000000002902f82c,complete,endpoint_exhausted,0,0,0,wuhan,local_broadband_wuhan,account_wuhan,9343,87,complete,GK2026D1,,
2026-08-23T13:55:34,reply,6a23b3300000000022029965,6a28302b000000002800851c,complete,endpoint_exhausted,0,0,0,wuhan,local_broadband_wuhan,account_wuhan,9343,87,complete,GK2026D1,,
2026-08-23T13:55:34,reply,6a23b3300000000022029965,6a282e8300000000270299ea,complete,endpoint_exhausted,0,0,0,wuhan,local_broadband_wuhan,account_wuhan,9343,87,complete,GK2026D1,,
2026-08-23T13:55:34,reply,6a23b3300000000022029965,6a2827440000000027020463,complete,endpoint_exhausted,0,1,1,wuhan,local_broadband_wuhan,account_wuhan,9343,87,complete,GK2026D1,,
2026-08-23T13:55:34,reply,6a23b3300000000022029965,6a281bd4000000002701eb12,complete,endpoint_exhausted,0,0,0,wuhan,local_broadband_wuhan,account_wuhan,9343,87,complete,GK2026D1,,
2026-08-23T13:55:49,reply,6a23b3300000000022029965,6a2808dd000000002900f3af,complete,endpoint_exhausted,0,1,1,wuhan,local_broadband_wuhan,account_wuhan,9343,87,complete,GK2026D1,,
2026-08-23T13:55:49,reply,6a23b3300000000022029965,6a27fcec000000002a02c02a,complete,endpoint_exhausted,0,1,1,wuhan,local_broadband_wuhan,account_wuhan,9343,87,complete,GK2026D1,,
2026-08-23T13:55:49,reply,6a23b3300000000022029965,6a27f75a00000000290249ec,complete,endpoint_exhausted,0,0,0,wuhan,local_broadband_wuhan,account_wuhan,9343,87,complete,GK2026D1,,
2026-08-23T13:55:49,reply,6a23b3300000000022029965,6a27ae0b000000002901bc12,complete,endpoint_exhausted,0,0,0,wuhan,local_broadband_wuhan,account_wuhan,9343,87,complete,GK2026D1,,
2026-08-23T13:56:05,reply,6a23b3300000000022029965,6a27a09c000000002900eb10,complete,endpoint_exhausted,1,2,2,wuhan,local_broadband_wuhan,account_wuhan,9343,87,complete,GK2026D1,,
2026-08-23T13:56:05,reply,6a23b3300000000022029965,6a27a075000000002803fe27,complete,endpoint_exhausted,0,0,0,wuhan,local_broadband_wuhan,account_wuhan,9343,87,complete,GK2026D1,,
2026-08-23T13:56:05,reply,6a23b3300000000022029965,6a27896a0000000029037c7f,complete,endpoint_exhausted,0,0,0,wuhan,local_broadband_wuhan,account_wuhan,9343,87,complete,GK2026D1,,
2026-08-23T13:56:05,reply,6a23b3300000000022029965,6a26b502000000002902546b,complete,endpoint_exhausted,0,0,0,wuhan,local_broadband_wuhan,account_wuhan,9343,87,complete,GK2026D1,,
2026-08-23T13:56:05,reply,6a23b3300000000022029965,6a2664d0000000002b02465e,complete,endpoint_exhausted,0,0,0,wuhan,local_broadband_wuhan,account_wuhan,9343,87,complete,GK2026D1,,
2026-08-23T13:56:05,reply,6a23b3300000000022029965,6a2658df0000000028033d1c,complete,endpoint_exhausted,0,0,0,wuhan,local_broadband_wuhan,account_wuhan,9343,87,complete,GK2026D1,,
2026-08-23T13:56:20,reply,6a23b3300000000022029965,6a264ba8000000002a005a97,complete,endpoint_exhausted,0,1,1,wuhan,local_broadband_wuhan,account_wuhan,9343,87,complete,GK2026D1,,
2026-08-23T13:56:20,reply,6a23b3300000000022029965,6a264a5d000000002901b7b9,complete,endpoint_exhausted,0,0,0,wuhan,local_broadband_wuhan,account_wuhan,9343,87,complete,GK2026D1,,
2026-08-23T13:56:20,reply,6a23b3300000000022029965,6a2634920000000028009161,complete,endpoint_exhausted,0,0,0,wuhan,local_broadband_wuhan,account_wuhan,9343,87,complete,GK2026D1,,
2026-08-23T13:56:20,reply,6a23b3300000000022029965,6a257fe3000000002900fd32,complete,endpoint_exhausted,0,0,0,wuhan,local_broadband_wuhan,account_wuhan,9343,87,complete,GK2026D1,,
2026-08-23T13:56:20,reply,6a23b3300000000022029965,6a254576000000002a005c1b,complete,endpoint_exhausted,0,0,0,wuhan,local_broadband_wuhan,account_wuhan,9343,87,complete,GK2026D1,,
2026-08-23T13:56:20,reply,6a23b3300000000022029965,6a2527ca00000000270177bb,complete,endpoint_exhausted,0,0,0,wuhan,local_broadband_wuhan,account_wuhan,9343,87,complete,GK2026D1,,
2026-08-23T13:56:35,reply,6a23b3300000000022029965,6a252644000000002a006382,complete,endpoint_exhausted,1,2,2,wuhan,local_broadband_wuhan,account_wuhan,9343,87,complete,GK2026D1,,
2026-08-23T13:56:35,reply,6a23b3300000000022029965,6a2525be000000002803d0c8,complete,endpoint_exhausted,0,0,0,wuhan,local_broadband_wuhan,account_wuhan,9343,87,complete,GK2026D1,,
2026-08-23T13:56:35,reply,6a23b3300000000022029965,6a251b3a00000000280383b0,complete,endpoint_exhausted,0,0,0,wuhan,local_broadband_wuhan,account_wuhan,9343,87,complete,GK2026D1,,
2026-08-23T13:56:35,reply,6a23b3300000000022029965,6a250681000000002a02ea57,complete,endpoint_exhausted,0,0,0,wuhan,local_broadband_wuhan,account_wuhan,9343,87,complete,GK2026D1,,
2026-08-23T13:56:50,reply,6a23b3300000000022029965,6a24ffdc000000002b026ced,complete,endpoint_exhausted,0,0,0,wuhan,local_broadband_wuhan,account_wuhan,9343,87,complete,GK2026D1,,
2026-08-23T13:56:50,reply,6a23b3300000000022029965,6a24fc0400000000280328b7,complete,endpoint_exhausted,0,0,0,wuhan,local_broadband_wuhan,account_wuhan,9343,87,complete,GK2026D1,,
2026-08-23T13:56:50,reply,6a23b3300000000022029965,6a24fb5900000000270236df,complete,endpoint_exhausted,0,0,0,wuhan,local_broadband_wuhan,account_wuhan,9343,87,complete,GK2026D1,,
2026-08-23T13:56:50,reply,6a23b3300000000022029965,6a24fa450000000028033a11,complete,endpoint_exhausted,0,0,0,wuhan,local_broadband_wuhan,account_wuhan,9343,87,complete,GK2026D1,,
2026-08-23T13:56:50,reply,6a23b3300000000022029965,6a24f864000000002902761b,complete,endpoint_exhausted,0,0,0,wuhan,local_broadband_wuhan,account_wuhan,9343,87,complete,GK2026D1,,
2026-08-23T13:56:50,reply,6a23b3300000000022029965,6a24f5810000000028030839,complete,endpoint_exhausted,0,0,0,wuhan,local_broadband_wuhan,account_wuhan,9343,87,complete,GK2026D1,,
2026-08-23T13:56:50,reply,6a23b3300000000022029965,6a24f4d400000000270216f8,complete,endpoint_exhausted,0,0,0,wuhan,local_broadband_wuhan,account_wuhan,9343,87,complete,GK2026D1,,
2026-08-23T13:56:50,reply,6a23b3300000000022029965,6a24f353000000002702b3e2,complete,endpoint_exhausted,0,0,0,wuhan,local_broadband_wuhan,account_wuhan,9343,87,complete,GK2026D1,,
2026-08-23T13:56:50,reply,6a23b3300000000022029965,6a24ed150000000027023c15,complete,endpoint_exhausted,0,1,1,wuhan,local_broadband_wuhan,account_wuhan,9343,87,complete,GK2026D1,,
2026-08-23T13:56:50,reply,6a23b3300000000022029965,6a24e9b30000000029011f2a,complete,endpoint_exhausted,0,0,0,wuhan,local_broadband_wuhan,account_wuhan,9343,87,complete,GK2026D1,,
2026-08-23T13:57:06,reply,6a23b3300000000022029965,6a24e6a30000000029035527,complete,endpoint_exhausted,0,0,0,wuhan,local_broadband_wuhan,account_wuhan,9343,87,complete,GK2026D1,,
2026-08-23T13:57:06,reply,6a23b3300000000022029965,6a24e482000000002b002687,complete,endpoint_exhausted,0,1,1,wuhan,local_broadband_wuhan,account_wuhan,9343,87,complete,GK2026D1,,
2026-08-23T13:57:06,reply,6a23b3300000000022029965,6a24e053000000002a030a38,complete,endpoint_exhausted,0,0,0,wuhan,local_broadband_wuhan,account_wuhan,9343,87,complete,GK2026D1,,
2026-08-23T13:57:06,reply,6a23b3300000000022029965,6a24d8330000000028034c44,complete,endpoint_exhausted,0,0,0,wuhan,local_broadband_wuhan,account_wuhan,9343,87,complete,GK2026D1,,
2026-08-23T13:57:06,top_level,6a23b3300000000022029965,,complete,endpoint_exhausted,12,114,,wuhan,local_broadband_wuhan,account_wuhan,9343,87,complete,GK2026D1,True,
2026-08-23T14:02:56,reply,6a24bb6d000000002100914c,6a25f01f000000000d023c00,complete,endpoint_exhausted,0,1,1,wuhan,local_broadband_wuhan,account_wuhan,9343,88,complete,GK2026D1,,
2026-08-23T14:02:56,reply,6a24bb6d000000002100914c,6a24bba0000000002b026acd,complete,endpoint_exhausted,0,0,0,wuhan,local_broadband_wuhan,account_wuhan,9343,88,complete,GK2026D1,,
2026-08-23T14:02:56,reply,6a24bb6d000000002100914c,6a77e246000000002b02b504,complete,endpoint_exhausted,0,0,0,wuhan,local_broadband_wuhan,account_wuhan,9343,88,complete,GK2026D1,,
2026-08-23T14:02:56,top_level,6a24bb6d000000002100914c,,complete,endpoint_exhausted,1,3,,wuhan,local_broadband_wuhan,account_wuhan,9343,88,complete,GK2026D1,True,
2026-08-23T14:08:46,top_level,6a2515340000000035039eb1,,complete,endpoint_exhausted,1,0,,wuhan,local_broadband_wuhan,account_wuhan,9343,89,complete,GK2026D1,True,
2026-08-23T14:14:35,top_level,6a267ce3000000001c027785,,complete,endpoint_exhausted,1,0,,wuhan,local_broadband_wuhan,account_wuhan,9343,90,complete,GK2026D1,True,
2026-08-23T14:25:39,reply,6a2568ea0000000015024b57,6a256c04000000002803d240,complete,endpoint_exhausted,1,5,5,wuhan,local_broadband_wuhan,account_wuhan,9343,91,complete,GK2026D1,,
2026-08-23T14:25:55,reply,6a2568ea0000000015024b57,6a256dd40000000028038363,complete,endpoint_exhausted,1,2,2,wuhan,local_broadband_wuhan,account_wuhan,9343,91,complete,GK2026D1,,
2026-08-23T14:25:55,reply,6a2568ea0000000015024b57,6a279f18000000002902f265,complete,endpoint_exhausted,0,1,1,wuhan,local_broadband_wuhan,account_wuhan,9343,91,complete,GK2026D1,,
2026-08-23T14:25:55,reply,6a2568ea0000000015024b57,6a25846b000000002900e23c,complete,endpoint_exhausted,0,1,1,wuhan,local_broadband_wuhan,account_wuhan,9343,91,complete,GK2026D1,,
2026-08-23T14:25:55,reply,6a2568ea0000000015024b57,6a2655b1000000002a025995,complete,endpoint_exhausted,0,0,0,wuhan,local_broadband_wuhan,account_wuhan,9343,91,complete,GK2026D1,,
2026-08-23T14:25:55,reply,6a2568ea0000000015024b57,6a2573d6000000002a005295,complete,endpoint_exhausted,0,0,0,wuhan,local_broadband_wuhan,account_wuhan,9343,91,complete,GK2026D1,,
2026-08-23T14:25:55,reply,6a2568ea0000000015024b57,6a2abc90000000002a004cdd,complete,endpoint_exhausted,0,1,1,wuhan,local_broadband_wuhan,account_wuhan,9343,91,complete,GK2026D1,,
2026-08-23T14:25:55,reply,6a2568ea0000000015024b57,6a263818000000002701f3fc,complete,endpoint_exhausted,0,0,0,wuhan,local_broadband_wuhan,account_wuhan,9343,91,complete,GK2026D1,,
2026-08-23T14:25:55,reply,6a2568ea0000000015024b57,6a29649d000000002b02643b,complete,endpoint_exhausted,0,0,0,wuhan,local_broadband_wuhan,account_wuhan,9343,91,complete,GK2026D1,,
2026-08-23T14:25:55,reply,6a2568ea0000000015024b57,6a26030c000000002b029bb5,complete,endpoint_exhausted,0,0,0,wuhan,local_broadband_wuhan,account_wuhan,9343,91,complete,GK2026D1,,
2026-08-23T14:26:10,reply,6a2568ea0000000015024b57,6a256fbe00000000280098a8,complete,endpoint_exhausted,0,0,0,wuhan,local_broadband_wuhan,account_wuhan,9343,91,complete,GK2026D1,,
2026-08-23T14:26:10,top_level,6a2568ea0000000015024b57,,complete,endpoint_exhausted,2,11,,wuhan,local_broadband_wuhan,account_wuhan,9343,91,complete,GK2026D1,True,
2026-08-23T14:31:59,reply,6a24e14800000000160255d2,6a24f289000000002b027a2a,complete,endpoint_exhausted,0,0,0,wuhan,local_broadband_wuhan,account_wuhan,9343,92,complete,GK2026D1,,
2026-08-23T14:31:59,top_level,6a24e14800000000160255d2,,complete,endpoint_exhausted,1,1,,wuhan,local_broadband_wuhan,account_wuhan,9343,92,complete,GK2026D1,True,
2026-08-23T14:40:36,reply,6a268faa00000000150244db,6a26c4df000000002701d1e8,complete,endpoint_exhausted,11,52,52,wuhan,local_broadband_wuhan,account_wuhan,9343,93,complete,GK2026D1,,
2026-08-23T14:42:23,reply,6a268faa00000000150244db,6a279f7d0000000029034342,complete,endpoint_exhausted,7,36,36,wuhan,local_broadband_wuhan,account_wuhan,9343,93,complete,GK2026D1,,
2026-08-23T14:43:09,reply,6a268faa00000000150244db,6a279a700000000028035658,complete,endpoint_exhausted,3,15,15,wuhan,local_broadband_wuhan,account_wuhan,9343,93,complete,GK2026D1,,
2026-08-23T14:43:24,reply,6a268faa00000000150244db,6a26af4d000000002900f19d,complete,endpoint_exhausted,1,5,5,wuhan,local_broadband_wuhan,account_wuhan,9343,93,complete,GK2026D1,,
2026-08-23T14:43:39,reply,6a268faa00000000150244db,6a28bc7e000000002300e320,complete,endpoint_exhausted,1,4,4,wuhan,local_broadband_wuhan,account_wuhan,9343,93,complete,GK2026D1,,
2026-08-23T14:43:39,reply,6a268faa00000000150244db,6a274100000000002a02755a,complete,endpoint_exhausted,0,1,1,wuhan,local_broadband_wuhan,account_wuhan,9343,93,complete,GK2026D1,,
2026-08-23T14:43:54,reply,6a268faa00000000150244db,6a26dfd2000000002b02b09c,complete,endpoint_exhausted,1,3,3,wuhan,local_broadband_wuhan,account_wuhan,9343,93,complete,GK2026D1,,
2026-08-23T14:44:09,reply,6a268faa00000000150244db,6a26baea000000002b028948,complete,endpoint_exhausted,1,5,5,wuhan,local_broadband_wuhan,account_wuhan,9343,93,complete,GK2026D1,,
2026-08-23T14:44:25,reply,6a268faa00000000150244db,6a277639000000000d022801,complete,endpoint_exhausted,1,3,3,wuhan,local_broadband_wuhan,account_wuhan,9343,93,complete,GK2026D1,,
2026-08-23T14:44:25,reply,6a268faa00000000150244db,6a26b9eb000000002901a4d7,complete,endpoint_exhausted,0,0,0,wuhan,local_broadband_wuhan,account_wuhan,9343,93,complete,GK2026D1,,
2026-08-23T14:44:55,reply,6a268faa00000000150244db,6a27bf650000000028036027,complete,endpoint_exhausted,1,3,3,wuhan,local_broadband_wuhan,account_wuhan,9343,93,complete,GK2026D1,,
2026-08-23T14:44:55,reply,6a268faa00000000150244db,6a2794f1000000002702d77a,complete,endpoint_exhausted,0,1,1,wuhan,local_broadband_wuhan,account_wuhan,9343,93,complete,GK2026D1,,
2026-08-23T14:45:11,reply,6a268faa00000000150244db,6a26a2dd000000002702dd68,complete,endpoint_exhausted,1,2,2,wuhan,local_broadband_wuhan,account_wuhan,9343,93,complete,GK2026D1,,
2026-08-23T14:45:11,reply,6a268faa00000000150244db,6a28334f000000002702a34c,complete,endpoint_exhausted,0,1,1,wuhan,local_broadband_wuhan,account_wuhan,9343,93,complete,GK2026D1,,
2026-08-23T14:45:11,reply,6a268faa00000000150244db,6a287ff2000000002a02d4c6,complete,endpoint_exhausted,0,0,0,wuhan,local_broadband_wuhan,account_wuhan,9343,93,complete,GK2026D1,,
2026-08-23T14:45:26,reply,6a268faa00000000150244db,6a2784c00000000028033d68,complete,endpoint_exhausted,1,2,2,wuhan,local_broadband_wuhan,account_wuhan,9343,93,complete,GK2026D1,,
2026-08-23T14:45:26,reply,6a268faa00000000150244db,6a2792690000000029035c99,complete,endpoint_exhausted,0,1,1,wuhan,local_broadband_wuhan,account_wuhan,9343,93,complete,GK2026D1,,
2026-08-23T14:45:26,reply,6a268faa00000000150244db,6a28207900000000290121c0,complete,endpoint_exhausted,0,1,1,wuhan,local_broadband_wuhan,account_wuhan,9343,93,complete,GK2026D1,,
2026-08-23T14:45:26,reply,6a268faa00000000150244db,6a26c5c1000000000d021402,complete,endpoint_exhausted,0,0,0,wuhan,local_broadband_wuhan,account_wuhan,9343,93,complete,GK2026D1,,
2026-08-23T14:45:26,reply,6a268faa00000000150244db,6a26c7e0000000002803cf82,complete,endpoint_exhausted,0,0,0,wuhan,local_broadband_wuhan,account_wuhan,9343,93,complete,GK2026D1,,
2026-08-23T14:45:41,reply,6a268faa00000000150244db,6a26e29b00000000270173c4,complete,endpoint_exhausted,0,0,0,wuhan,local_broadband_wuhan,account_wuhan,9343,93,complete,GK2026D1,,
2026-08-23T14:45:41,reply,6a268faa00000000150244db,6a26a9150000000027029541,complete,endpoint_exhausted,0,0,0,wuhan,local_broadband_wuhan,account_wuhan,9343,93,complete,GK2026D1,,
2026-08-23T14:45:41,reply,6a268faa00000000150244db,6a29071c000000002803423e,complete,endpoint_exhausted,0,0,0,wuhan,local_broadband_wuhan,account_wuhan,9343,93,complete,GK2026D1,,
2026-08-23T14:45:41,reply,6a268faa00000000150244db,6a27f0d8000000002702f67b,complete,endpoint_exhausted,0,0,0,wuhan,local_broadband_wuhan,account_wuhan,9343,93,complete,GK2026D1,,
2026-08-23T14:45:41,reply,6a268faa00000000150244db,6a2791ad000000002903401e,complete,endpoint_exhausted,0,1,1,wuhan,local_broadband_wuhan,account_wuhan,9343,93,complete,GK2026D1,,
2026-08-23T14:45:41,reply,6a268faa00000000150244db,6a275b3b000000002901aca8,complete,endpoint_exhausted,0,0,0,wuhan,local_broadband_wuhan,account_wuhan,9343,93,complete,GK2026D1,,
2026-08-23T14:45:41,reply,6a268faa00000000150244db,6a29c321000000002a0066cb,complete,endpoint_exhausted,0,0,0,wuhan,local_broadband_wuhan,account_wuhan,9343,93,complete,GK2026D1,,
2026-08-23T14:45:41,reply,6a268faa00000000150244db,6a321877000000002803b820,complete,endpoint_exhausted,0,0,0,wuhan,local_broadband_wuhan,account_wuhan,9343,93,complete,GK2026D1,,
2026-08-23T14:45:41,reply,6a268faa00000000150244db,6a4093620000000029024db5,complete,endpoint_exhausted,0,0,0,wuhan,local_broadband_wuhan,account_wuhan,9343,93,complete,GK2026D1,,
2026-08-23T14:45:41,reply,6a268faa00000000150244db,6a2ab12c000000002701f0bd,complete,endpoint_exhausted,0,0,0,wuhan,local_broadband_wuhan,account_wuhan,9343,93,complete,GK2026D1,,
2026-08-23T14:45:57,reply,6a268faa00000000150244db,6a32b98e0000000027021e9d,complete,endpoint_exhausted,0,0,0,wuhan,local_broadband_wuhan,account_wuhan,9343,93,complete,GK2026D1,,
2026-08-23T14:45:57,reply,6a268faa00000000150244db,6a290581000000002a00723f,complete,endpoint_exhausted,0,0,0,wuhan,local_broadband_wuhan,account_wuhan,9343,93,complete,GK2026D1,,
2026-08-23T14:45:57,reply,6a268faa00000000150244db,6a2904f3000000002900c84c,complete,endpoint_exhausted,0,0,0,wuhan,local_broadband_wuhan,account_wuhan,9343,93,complete,GK2026D1,,
2026-08-23T14:45:57,reply,6a268faa00000000150244db,6a2739d400000000280329f3,complete,endpoint_exhausted,0,0,0,wuhan,local_broadband_wuhan,account_wuhan,9343,93,complete,GK2026D1,,
2026-08-23T14:45:57,reply,6a268faa00000000150244db,6a28a022000000002a026939,complete,endpoint_exhausted,0,0,0,wuhan,local_broadband_wuhan,account_wuhan,9343,93,complete,GK2026D1,,
2026-08-23T14:46:12,reply,6a268faa00000000150244db,6a26d510000000002702facb,complete,endpoint_exhausted,1,2,2,wuhan,local_broadband_wuhan,account_wuhan,9343,93,complete,GK2026D1,,
2026-08-23T14:46:12,reply,6a268faa00000000150244db,6a28d80c00000000290181c7,complete,endpoint_exhausted,0,0,0,wuhan,local_broadband_wuhan,account_wuhan,9343,93,complete,GK2026D1,,
2026-08-23T14:46:12,reply,6a268faa00000000150244db,6a2bafb5000000002803cca7,complete,endpoint_exhausted,0,0,0,wuhan,local_broadband_wuhan,account_wuhan,9343,93,complete,GK2026D1,,
2026-08-23T14:46:12,reply,6a268faa00000000150244db,6a43a4c9000000000500b33a,complete,endpoint_exhausted,0,0,0,wuhan,local_broadband_wuhan,account_wuhan,9343,93,complete,GK2026D1,,
2026-08-23T14:46:12,reply,6a268faa00000000150244db,6a29907b000000002a0041d5,complete,endpoint_exhausted,0,0,0,wuhan,local_broadband_wuhan,account_wuhan,9343,93,complete,GK2026D1,,
2026-08-23T14:46:27,reply,6a268faa00000000150244db,6a2970dd000000002b0011db,complete,endpoint_exhausted,0,0,0,wuhan,local_broadband_wuhan,account_wuhan,9343,93,complete,GK2026D1,,
2026-08-23T14:46:27,reply,6a268faa00000000150244db,6a283b26000000002803ed2e,complete,endpoint_exhausted,0,0,0,wuhan,local_broadband_wuhan,account_wuhan,9343,93,complete,GK2026D1,,
2026-08-23T14:46:27,reply,6a268faa00000000150244db,6a28145e000000002702b58a,complete,endpoint_exhausted,0,0,0,wuhan,local_broadband_wuhan,account_wuhan,9343,93,complete,GK2026D1,,
2026-08-23T14:46:27,reply,6a268faa00000000150244db,6a2c8315000000002a0075bc,complete,endpoint_exhausted,0,0,0,wuhan,local_broadband_wuhan,account_wuhan,9343,93,complete,GK2026D1,,
2026-08-23T14:46:27,reply,6a268faa00000000150244db,6a296c2b000000002a02ddc7,complete,endpoint_exhausted,0,0,0,wuhan,local_broadband_wuhan,account_wuhan,9343,93,complete,GK2026D1,,
2026-08-23T14:46:27,reply,6a268faa00000000150244db,6a294477000000002b02b9d5,complete,endpoint_exhausted,0,0,0,wuhan,local_broadband_wuhan,account_wuhan,9343,93,complete,GK2026D1,,
2026-08-23T14:46:27,reply,6a268faa00000000150244db,6a2a7f19000000002702c253,complete,endpoint_exhausted,0,0,0,wuhan,local_broadband_wuhan,account_wuhan,9343,93,complete,GK2026D1,,
2026-08-23T14:46:27,reply,6a268faa00000000150244db,6a2c2174000000002a02e3e3,complete,endpoint_exhausted,0,0,0,wuhan,local_broadband_wuhan,account_wuhan,9343,93,complete,GK2026D1,,
2026-08-23T14:46:27,reply,6a268faa00000000150244db,6a322ebd000000002701d48b,complete,endpoint_exhausted,0,0,0,wuhan,local_broadband_wuhan,account_wuhan,9343,93,complete,GK2026D1,,
2026-08-23T14:46:27,reply,6a268faa00000000150244db,6a2abf720000000028030eed,complete,endpoint_exhausted,0,0,0,wuhan,local_broadband_wuhan,account_wuhan,9343,93,complete,GK2026D1,,
2026-08-23T14:46:42,reply,6a268faa00000000150244db,6a28ec630000000028030700,complete,endpoint_exhausted,0,0,0,wuhan,local_broadband_wuhan,account_wuhan,9343,93,complete,GK2026D1,,
2026-08-23T14:46:42,reply,6a268faa00000000150244db,6a28bfae000000002b0274c4,complete,endpoint_exhausted,0,0,0,wuhan,local_broadband_wuhan,account_wuhan,9343,93,complete,GK2026D1,,
2026-08-23T14:46:42,reply,6a268faa00000000150244db,6a3ce72e0000000029036840,complete,endpoint_exhausted,0,0,0,wuhan,local_broadband_wuhan,account_wuhan,9343,93,complete,GK2026D1,,
2026-08-23T14:46:42,reply,6a268faa00000000150244db,6a2913c4000000002901314d,complete,endpoint_exhausted,0,0,0,wuhan,local_broadband_wuhan,account_wuhan,9343,93,complete,GK2026D1,,
2026-08-23T14:46:42,reply,6a268faa00000000150244db,6a294abc000000002701cd22,complete,endpoint_exhausted,0,0,0,wuhan,local_broadband_wuhan,account_wuhan,9343,93,complete,GK2026D1,,
2026-08-23T14:46:42,reply,6a268faa00000000150244db,6a38ecbe0000000015014bf2,complete,endpoint_exhausted,0,0,0,wuhan,local_broadband_wuhan,account_wuhan,9343,93,complete,GK2026D1,,
2026-08-23T14:46:42,reply,6a268faa00000000150244db,6a2bb60d000000002300d01a,complete,endpoint_exhausted,0,0,0,wuhan,local_broadband_wuhan,account_wuhan,9343,93,complete,GK2026D1,,
2026-08-23T14:46:42,reply,6a268faa00000000150244db,6a26c1da00000000270171e4,complete,endpoint_exhausted,0,1,1,wuhan,local_broadband_wuhan,account_wuhan,9343,93,complete,GK2026D1,,
2026-08-23T14:46:42,reply,6a268faa00000000150244db,6a411f46000000002b02a1da,complete,endpoint_exhausted,0,0,0,wuhan,local_broadband_wuhan,account_wuhan,9343,93,complete,GK2026D1,,
2026-08-23T14:46:42,reply,6a268faa00000000150244db,6a294432000000002800b869,complete,endpoint_exhausted,0,0,0,wuhan,local_broadband_wuhan,account_wuhan,9343,93,complete,GK2026D1,,
2026-08-23T14:46:58,reply,6a268faa00000000150244db,6a30e6040000000028035cde,complete,endpoint_exhausted,0,0,0,wuhan,local_broadband_wuhan,account_wuhan,9343,93,complete,GK2026D1,,
2026-08-23T14:46:58,reply,6a268faa00000000150244db,6a28b240000000002b02718d,complete,endpoint_exhausted,0,0,0,wuhan,local_broadband_wuhan,account_wuhan,9343,93,complete,GK2026D1,,
2026-08-23T14:46:58,reply,6a268faa00000000150244db,6a27d132000000002b02b1c5,complete,endpoint_exhausted,0,0,0,wuhan,local_broadband_wuhan,account_wuhan,9343,93,complete,GK2026D1,,
2026-08-23T14:46:58,reply,6a268faa00000000150244db,6a279ff0000000002b0250cd,complete,endpoint_exhausted,0,0,0,wuhan,local_broadband_wuhan,account_wuhan,9343,93,complete,GK2026D1,,
2026-08-23T14:46:58,reply,6a268faa00000000150244db,6a279f610000000029012024,complete,endpoint_exhausted,0,0,0,wuhan,local_broadband_wuhan,account_wuhan,9343,93,complete,GK2026D1,,
2026-08-23T14:46:58,reply,6a268faa00000000150244db,6a2798540000000028032411,complete,endpoint_exhausted,0,0,0,wuhan,local_broadband_wuhan,account_wuhan,9343,93,complete,GK2026D1,,
2026-08-23T14:46:58,reply,6a268faa00000000150244db,6a27872e000000002702a84e,complete,endpoint_exhausted,0,0,0,wuhan,local_broadband_wuhan,account_wuhan,9343,93,complete,GK2026D1,,
2026-08-23T14:46:58,reply,6a268faa00000000150244db,6a277b3e000000002b02563b,complete,endpoint_exhausted,0,0,0,wuhan,local_broadband_wuhan,account_wuhan,9343,93,complete,GK2026D1,,
2026-08-23T14:46:58,reply,6a268faa00000000150244db,6a277557000000002702fcbb,complete,endpoint_exhausted,0,0,0,wuhan,local_broadband_wuhan,account_wuhan,9343,93,complete,GK2026D1,,
2026-08-23T14:46:58,reply,6a268faa00000000150244db,6a276e6c00000000290353f7,complete,endpoint_exhausted,0,0,0,wuhan,local_broadband_wuhan,account_wuhan,9343,93,complete,GK2026D1,,
2026-08-23T14:47:13,reply,6a268faa00000000150244db,6a2768fc000000002900c63e,complete,endpoint_exhausted,0,0,0,wuhan,local_broadband_wuhan,account_wuhan,9343,93,complete,GK2026D1,,
2026-08-23T14:47:13,reply,6a268faa00000000150244db,6a27486c000000002702a140,complete,endpoint_exhausted,0,0,0,wuhan,local_broadband_wuhan,account_wuhan,9343,93,complete,GK2026D1,,
2026-08-23T14:47:13,reply,6a268faa00000000150244db,6a26f692000000002a030f1a,complete,endpoint_exhausted,0,0,0,wuhan,local_broadband_wuhan,account_wuhan,9343,93,complete,GK2026D1,,
2026-08-23T14:47:13,reply,6a268faa00000000150244db,6a26ea5b000000002803699e,complete,endpoint_exhausted,0,1,1,wuhan,local_broadband_wuhan,account_wuhan,9343,93,complete,GK2026D1,,
2026-08-23T14:47:13,reply,6a268faa00000000150244db,6a26df95000000002903489e,complete,endpoint_exhausted,0,0,0,wuhan,local_broadband_wuhan,account_wuhan,9343,93,complete,GK2026D1,,
2026-08-23T14:47:13,reply,6a268faa00000000150244db,6a26dd490000000029036632,complete,endpoint_exhausted,0,0,0,wuhan,local_broadband_wuhan,account_wuhan,9343,93,complete,GK2026D1,,
2026-08-23T14:47:13,reply,6a268faa00000000150244db,6a26dcaf0000000027023c00,complete,endpoint_exhausted,0,0,0,wuhan,local_broadband_wuhan,account_wuhan,9343,93,complete,GK2026D1,,
2026-08-23T14:47:13,reply,6a268faa00000000150244db,6a26d81e00000000270228c2,complete,endpoint_exhausted,0,0,0,wuhan,local_broadband_wuhan,account_wuhan,9343,93,complete,GK2026D1,,
2026-08-23T14:47:13,reply,6a268faa00000000150244db,6a26d56b000000002b000ce5,complete,endpoint_exhausted,0,0,0,wuhan,local_broadband_wuhan,account_wuhan,9343,93,complete,GK2026D1,,
2026-08-23T14:47:13,reply,6a268faa00000000150244db,6a26cc8c0000000027022fea,complete,endpoint_exhausted,0,0,0,wuhan,local_broadband_wuhan,account_wuhan,9343,93,complete,GK2026D1,,
2026-08-23T14:47:28,reply,6a268faa00000000150244db,6a26cb31000000002701fad7,complete,endpoint_exhausted,0,0,0,wuhan,local_broadband_wuhan,account_wuhan,9343,93,complete,GK2026D1,,
2026-08-23T14:47:28,reply,6a268faa00000000150244db,6a26c84300000000290370f7,complete,endpoint_exhausted,0,0,0,wuhan,local_broadband_wuhan,account_wuhan,9343,93,complete,GK2026D1,,
2026-08-23T14:47:28,reply,6a268faa00000000150244db,6a26c2ed0000000028036947,complete,endpoint_exhausted,0,0,0,wuhan,local_broadband_wuhan,account_wuhan,9343,93,complete,GK2026D1,,
2026-08-23T14:47:28,reply,6a268faa00000000150244db,6a26c13a000000002a02cf09,complete,endpoint_exhausted,0,0,0,wuhan,local_broadband_wuhan,account_wuhan,9343,93,complete,GK2026D1,,
2026-08-23T14:47:28,reply,6a268faa00000000150244db,6a26b085000000002900c3aa,complete,endpoint_exhausted,0,0,0,wuhan,local_broadband_wuhan,account_wuhan,9343,93,complete,GK2026D1,,
2026-08-23T14:47:28,reply,6a268faa00000000150244db,6a26afdc000000002b024ad6,complete,endpoint_exhausted,0,0,0,wuhan,local_broadband_wuhan,account_wuhan,9343,93,complete,GK2026D1,,
2026-08-23T14:47:28,reply,6a268faa00000000150244db,6a26af45000000002b028b5e,complete,endpoint_exhausted,0,0,0,wuhan,local_broadband_wuhan,account_wuhan,9343,93,complete,GK2026D1,,
2026-08-23T14:47:28,reply,6a268faa00000000150244db,6a269051000000002b02af8a,complete,endpoint_exhausted,0,0,0,wuhan,local_broadband_wuhan,account_wuhan,9343,93,complete,GK2026D1,,
2026-08-23T14:47:28,reply,6a268faa00000000150244db,6a26c829000000002803620f,complete,endpoint_exhausted,0,0,0,wuhan,local_broadband_wuhan,account_wuhan,9343,93,complete,GK2026D1,,
2026-08-23T14:47:59,reply,6a268faa00000000150244db,6a2691f2000000002702f57a,complete,endpoint_exhausted,2,9,9,wuhan,local_broadband_wuhan,account_wuhan,9343,93,complete,GK2026D1,,
2026-08-23T14:48:29,reply,6a268faa00000000150244db,6a27aabc000000002701e844,complete,endpoint_exhausted,1,5,5,wuhan,local_broadband_wuhan,account_wuhan,9343,93,complete,GK2026D1,,
2026-08-23T14:48:29,reply,6a268faa00000000150244db,6a28d44100000000290347d6,complete,endpoint_exhausted,0,0,0,wuhan,local_broadband_wuhan,account_wuhan,9343,93,complete,GK2026D1,,
2026-08-23T14:48:29,reply,6a268faa00000000150244db,6a279586000000002701ce63,complete,endpoint_exhausted,0,0,0,wuhan,local_broadband_wuhan,account_wuhan,9343,93,complete,GK2026D1,,
2026-08-23T14:48:29,reply,6a268faa00000000150244db,6a270ccf0000000029019ebf,complete,endpoint_exhausted,0,0,0,wuhan,local_broadband_wuhan,account_wuhan,9343,93,complete,GK2026D1,,
2026-08-23T14:48:29,reply,6a268faa00000000150244db,6a2917c7000000002701febc,complete,endpoint_exhausted,0,0,0,wuhan,local_broadband_wuhan,account_wuhan,9343,93,complete,GK2026D1,,
2026-08-23T14:48:29,reply,6a268faa00000000150244db,6a278a5a000000002900c16a,complete,endpoint_exhausted,0,0,0,wuhan,local_broadband_wuhan,account_wuhan,9343,93,complete,GK2026D1,,
2026-08-23T14:48:45,reply,6a268faa00000000150244db,6a27823200000000280336fc,complete,endpoint_exhausted,1,3,3,wuhan,local_broadband_wuhan,account_wuhan,9343,93,complete,GK2026D1,,
2026-08-23T14:48:45,reply,6a268faa00000000150244db,6a26f07a000000002a02d82c,complete,endpoint_exhausted,0,0,0,wuhan,local_broadband_wuhan,account_wuhan,9343,93,complete,GK2026D1,,
2026-08-23T14:48:45,reply,6a268faa00000000150244db,6a26e8b7000000002a027565,complete,endpoint_exhausted,0,1,1,wuhan,local_broadband_wuhan,account_wuhan,9343,93,complete,GK2026D1,,
2026-08-23T14:48:45,reply,6a268faa00000000150244db,6a26e7b20000000029011186,complete,endpoint_exhausted,0,0,0,wuhan,local_broadband_wuhan,account_wuhan,9343,93,complete,GK2026D1,,
2026-08-23T14:49:00,reply,6a268faa00000000150244db,6a27dbc7000000002701ddc6,complete,endpoint_exhausted,0,0,0,wuhan,local_broadband_wuhan,account_wuhan,9343,93,complete,GK2026D1,,
2026-08-23T14:49:00,reply,6a268faa00000000150244db,6a2777b6000000002903597a,complete,endpoint_exhausted,0,0,0,wuhan,local_broadband_wuhan,account_wuhan,9343,93,complete,GK2026D1,,
2026-08-23T14:49:31,reply,6a268faa00000000150244db,6a276281000000002800b6d5,complete,endpoint_exhausted,2,11,11,wuhan,local_broadband_wuhan,account_wuhan,9343,93,complete,GK2026D1,,
2026-08-23T14:49:31,reply,6a268faa00000000150244db,6a27624e000000002701c09e,complete,endpoint_exhausted,0,0,0,wuhan,local_broadband_wuhan,account_wuhan,9343,93,complete,GK2026D1,,
2026-08-23T14:49:31,reply,6a268faa00000000150244db,6a2740ad000000002902f70f,complete,endpoint_exhausted,0,0,0,wuhan,local_broadband_wuhan,account_wuhan,9343,93,complete,GK2026D1,,
2026-08-23T14:49:31,reply,6a268faa00000000150244db,6a4c841600000000150168ec,complete,endpoint_exhausted,0,0,0,wuhan,local_broadband_wuhan,account_wuhan,9343,93,complete,GK2026D1,,
2026-08-23T14:49:31,reply,6a268faa00000000150244db,6a2a8c24000000002a027242,complete,endpoint_exhausted,0,0,0,wuhan,local_broadband_wuhan,account_wuhan,9343,93,complete,GK2026D1,,
2026-08-23T14:49:31,reply,6a268faa00000000150244db,6a2a5e96000000002a033f86,complete,endpoint_exhausted,0,0,0,wuhan,local_broadband_wuhan,account_wuhan,9343,93,complete,GK2026D1,,
2026-08-23T14:49:31,reply,6a268faa00000000150244db,6a294b1a000000002702b3ac,complete,endpoint_exhausted,0,0,0,wuhan,local_broadband_wuhan,account_wuhan,9343,93,complete,GK2026D1,,
2026-08-23T14:49:31,reply,6a268faa00000000150244db,6a292b72000000002900ef68,complete,endpoint_exhausted,0,0,0,wuhan,local_broadband_wuhan,account_wuhan,9343,93,complete,GK2026D1,,
2026-08-23T14:49:46,reply,6a268faa00000000150244db,6a292b620000000029013111,complete,endpoint_exhausted,0,0,0,wuhan,local_broadband_wuhan,account_wuhan,9343,93,complete,GK2026D1,,
2026-08-23T14:49:46,reply,6a268faa00000000150244db,6a2905ac000000002800b807,complete,endpoint_exhausted,0,0,0,wuhan,local_broadband_wuhan,account_wuhan,9343,93,complete,GK2026D1,,
2026-08-23T14:49:46,reply,6a268faa00000000150244db,6a281dd5000000002b00276d,complete,endpoint_exhausted,0,0,0,wuhan,local_broadband_wuhan,account_wuhan,9343,93,complete,GK2026D1,,
2026-08-23T14:49:46,reply,6a268faa00000000150244db,6a28157f0000000029018d2e,complete,endpoint_exhausted,0,1,1,wuhan,local_broadband_wuhan,account_wuhan,9343,93,complete,GK2026D1,,
2026-08-23T14:49:46,reply,6a268faa00000000150244db,6a27ad590000000029035571,complete,endpoint_exhausted,0,0,0,wuhan,local_broadband_wuhan,account_wuhan,9343,93,complete,GK2026D1,,
2026-08-23T14:49:46,reply,6a268faa00000000150244db,6a275fef0000000029019f72,complete,endpoint_exhausted,0,0,0,wuhan,local_broadband_wuhan,account_wuhan,9343,93,complete,GK2026D1,,
2026-08-23T14:49:46,reply,6a268faa00000000150244db,6a26ec7a000000002b02a5a0,complete,endpoint_exhausted,0,0,0,wuhan,local_broadband_wuhan,account_wuhan,9343,93,complete,GK2026D1,,
2026-08-23T14:49:46,reply,6a268faa00000000150244db,6a27b8d000000000230015dd,complete,endpoint_exhausted,0,1,1,wuhan,local_broadband_wuhan,account_wuhan,9343,93,complete,GK2026D1,,
2026-08-23T14:49:46,reply,6a268faa00000000150244db,6a289376000000002a02599a,complete,endpoint_exhausted,0,0,0,wuhan,local_broadband_wuhan,account_wuhan,9343,93,complete,GK2026D1,,
2026-08-23T14:49:46,reply,6a268faa00000000150244db,6a2841de0000000028036edf,complete,endpoint_exhausted,0,0,0,wuhan,local_broadband_wuhan,account_wuhan,9343,93,complete,GK2026D1,,
2026-08-23T14:50:01,reply,6a268faa00000000150244db,6a280cba000000002b024722,complete,endpoint_exhausted,0,1,1,wuhan,local_broadband_wuhan,account_wuhan,9343,93,complete,GK2026D1,,
2026-08-23T14:50:01,top_level,6a268faa00000000150244db,,complete,endpoint_exhausted,13,121,,wuhan,local_broadband_wuhan,account_wuhan,9343,93,complete,GK2026D1,True,
2026-08-23T14:56:06,reply,6a2400f80000000021023d53,6a24047c0000000028035200,complete,endpoint_exhausted,1,2,2,wuhan,local_broadband_wuhan,account_wuhan,9343,94,complete,GK2026D1,,
2026-08-23T14:56:06,reply,6a2400f80000000021023d53,6a24089a0000000029018928,complete,endpoint_exhausted,0,0,0,wuhan,local_broadband_wuhan,account_wuhan,9343,94,complete,GK2026D1,,
2026-08-23T14:56:06,top_level,6a2400f80000000021023d53,,complete,endpoint_exhausted,1,2,,wuhan,local_broadband_wuhan,account_wuhan,9343,94,complete,GK2026D1,True,
2026-08-23T15:01:55,reply,6a254373000000001702e504,6a2577b1000000002803414f,complete,endpoint_exhausted,0,0,0,wuhan,local_broadband_wuhan,account_wuhan,9343,95,complete,GK2026D1,,
2026-08-23T15:01:55,top_level,6a254373000000001702e504,,complete,endpoint_exhausted,1,1,,wuhan,local_broadband_wuhan,account_wuhan,9343,95,complete,GK2026D1,True,
2026-08-23T15:07:45,reply,6a24c1a30000000015027b6c,6a24c27e000000002a032b93,complete,endpoint_exhausted,0,1,1,wuhan,local_broadband_wuhan,account_wuhan,9343,96,complete,GK2026D1,,
2026-08-23T15:07:45,reply,6a24c1a30000000015027b6c,6a27fbd1000000002702ab7f,complete,endpoint_exhausted,0,1,1,wuhan,local_broadband_wuhan,account_wuhan,9343,96,complete,GK2026D1,,
2026-08-23T15:07:45,reply,6a24c1a30000000015027b6c,6a258d7f000000002800b5d0,complete,endpoint_exhausted,0,0,0,wuhan,local_broadband_wuhan,account_wuhan,9343,96,complete,GK2026D1,,
2026-08-23T15:07:45,top_level,6a24c1a30000000015027b6c,,complete,endpoint_exhausted,1,3,,wuhan,local_broadband_wuhan,account_wuhan,9343,96,complete,GK2026D1,True,
2026-08-23T15:21:08,reply,6a26b86a000000003501da98,6a27b48400000000270298bb,complete,endpoint_exhausted,10,51,51,wuhan,local_broadband_wuhan,account_wuhan,9343,97,partial,GK2026D1,,
2026-08-23T15:21:54,reply,6a26b86a000000003501da98,6a27d9140000000027023c92,complete,endpoint_exhausted,3,12,12,wuhan,local_broadband_wuhan,account_wuhan,9343,97,partial,GK2026D1,,
2026-08-23T15:22:55,reply,6a26b86a000000003501da98,6a2772e80000000029019af9,complete,endpoint_exhausted,4,21,21,wuhan,local_broadband_wuhan,account_wuhan,9343,97,partial,GK2026D1,,
2026-08-23T15:24:12,reply,6a26b86a000000003501da98,6a27f79e0000000029019324,complete,endpoint_exhausted,5,24,24,wuhan,local_broadband_wuhan,account_wuhan,9343,97,partial,GK2026D1,,
2026-08-23T15:24:27,reply,6a26b86a000000003501da98,6a279b81000000002a025377,complete,endpoint_exhausted,1,3,3,wuhan,local_broadband_wuhan,account_wuhan,9343,97,partial,GK2026D1,,
2026-08-23T15:24:57,reply,6a26b86a000000003501da98,6a27d70e00000000280084c1,complete,endpoint_exhausted,2,7,7,wuhan,local_broadband_wuhan,account_wuhan,9343,97,partial,GK2026D1,,
2026-08-23T15:25:44,reply,6a26b86a000000003501da98,6a28b37e0000000027014429,complete,endpoint_exhausted,3,12,12,wuhan,local_broadband_wuhan,account_wuhan,9343,97,partial,GK2026D1,,
2026-08-23T15:26:00,reply,6a26b86a000000003501da98,6a27cd7c000000002902c751,complete,endpoint_exhausted,1,2,2,wuhan,local_broadband_wuhan,account_wuhan,9343,97,partial,GK2026D1,,
2026-08-23T15:26:15,reply,6a26b86a000000003501da98,6a27bc8a000000002a00737d,complete,endpoint_exhausted,1,2,2,wuhan,local_broadband_wuhan,account_wuhan,9343,97,partial,GK2026D1,,
2026-08-23T15:26:30,reply,6a26b86a000000003501da98,6a2a2d6b00000000280313dd,complete,endpoint_exhausted,1,6,6,wuhan,local_broadband_wuhan,account_wuhan,9343,97,partial,GK2026D1,,
2026-08-23T15:27:01,reply,6a26b86a000000003501da98,6a2a562d000000002a03081d,complete,endpoint_exhausted,1,4,4,wuhan,local_broadband_wuhan,account_wuhan,9343,97,partial,GK2026D1,,
2026-08-23T15:27:01,reply,6a26b86a000000003501da98,6a27d14d000000002800b119,complete,endpoint_exhausted,0,1,1,wuhan,local_broadband_wuhan,account_wuhan,9343,97,partial,GK2026D1,,
2026-08-23T15:27:16,reply,6a26b86a000000003501da98,6a27c75f000000002900ca0c,complete,endpoint_exhausted,1,4,4,wuhan,local_broadband_wuhan,account_wuhan,9343,97,partial,GK2026D1,,
2026-08-23T15:27:32,reply,6a26b86a000000003501da98,6a27f3c600000000280308fc,complete,endpoint_exhausted,1,6,6,wuhan,local_broadband_wuhan,account_wuhan,9343,97,partial,GK2026D1,,
2026-08-23T15:27:47,reply,6a26b86a000000003501da98,6a2836570000000029010cdf,complete,endpoint_exhausted,1,5,5,wuhan,local_broadband_wuhan,account_wuhan,9343,97,partial,GK2026D1,,
2026-08-23T15:27:47,reply,6a26b86a000000003501da98,6a27e34e00000000290278f6,complete,endpoint_exhausted,0,1,1,wuhan,local_broadband_wuhan,account_wuhan,9343,97,partial,GK2026D1,,
2026-08-23T15:27:47,reply,6a26b86a000000003501da98,6a27bc9200000000280343f6,complete,endpoint_exhausted,0,1,1,wuhan,local_broadband_wuhan,account_wuhan,9343,97,partial,GK2026D1,,
2026-08-23T15:28:02,reply,6a26b86a000000003501da98,6a2ba386000000002b02b122,complete,endpoint_exhausted,1,2,2,wuhan,local_broadband_wuhan,account_wuhan,9343,97,partial,GK2026D1,,
2026-08-23T15:28:17,reply,6a26b86a000000003501da98,6a27b3d8000000002b024195,complete,endpoint_exhausted,1,2,2,wuhan,local_broadband_wuhan,account_wuhan,9343,97,partial,GK2026D1,,
2026-08-23T15:28:17,reply,6a26b86a000000003501da98,6a27af910000000028030046,complete,endpoint_exhausted,0,0,0,wuhan,local_broadband_wuhan,account_wuhan,9343,97,partial,GK2026D1,,
2026-08-23T15:28:48,reply,6a26b86a000000003501da98,6a2798be000000002900fe38,complete,endpoint_exhausted,1,3,3,wuhan,local_broadband_wuhan,account_wuhan,9343,97,partial,GK2026D1,,
2026-08-23T15:28:48,reply,6a26b86a000000003501da98,6a2817310000000029036a31,complete,endpoint_exhausted,0,1,1,wuhan,local_broadband_wuhan,account_wuhan,9343,97,partial,GK2026D1,,
2026-08-23T15:28:48,reply,6a26b86a000000003501da98,6a27affc000000002b02a141,complete,endpoint_exhausted,0,1,1,wuhan,local_broadband_wuhan,account_wuhan,9343,97,partial,GK2026D1,,
2026-08-23T15:29:03,reply,6a26b86a000000003501da98,6a2961f70000000028035c43,complete,endpoint_exhausted,1,2,2,wuhan,local_broadband_wuhan,account_wuhan,9343,97,partial,GK2026D1,,
2026-08-23T15:29:18,reply,6a26b86a000000003501da98,6a27f90e000000002b026422,complete,endpoint_exhausted,1,2,2,wuhan,local_broadband_wuhan,account_wuhan,9343,97,partial,GK2026D1,,
2026-08-23T15:29:18,reply,6a26b86a000000003501da98,6a27eac300000000290136d3,complete,endpoint_exhausted,0,0,0,wuhan,local_broadband_wuhan,account_wuhan,9343,97,partial,GK2026D1,,
2026-08-23T15:29:18,reply,6a26b86a000000003501da98,6a2c6448000000002b02767c,complete,endpoint_exhausted,0,0,0,wuhan,local_broadband_wuhan,account_wuhan,9343,97,partial,GK2026D1,,
2026-08-23T15:29:34,reply,6a26b86a000000003501da98,6a28b4e8000000002702ea30,complete,endpoint_exhausted,1,2,2,wuhan,local_broadband_wuhan,account_wuhan,9343,97,partial,GK2026D1,,
2026-08-23T15:29:34,reply,6a26b86a000000003501da98,6a2be0ad000000002a02e738,complete,endpoint_exhausted,0,0,0,wuhan,local_broadband_wuhan,account_wuhan,9343,97,partial,GK2026D1,,
2026-08-23T15:29:34,reply,6a26b86a000000003501da98,6a2cfa4d000000002803ce56,complete,endpoint_exhausted,0,0,0,wuhan,local_broadband_wuhan,account_wuhan,9343,97,partial,GK2026D1,,
2026-08-23T15:29:49,reply,6a26b86a000000003501da98,6a2bcac900000000280322f7,complete,endpoint_exhausted,0,0,0,wuhan,local_broadband_wuhan,account_wuhan,9343,97,partial,GK2026D1,,
2026-08-23T15:29:49,reply,6a26b86a000000003501da98,6a2e295d000000002702a2c3,complete,endpoint_exhausted,0,0,0,wuhan,local_broadband_wuhan,account_wuhan,9343,97,partial,GK2026D1,,
2026-08-23T15:29:49,reply,6a26b86a000000003501da98,6a2bbd35000000002a031cfc,complete,endpoint_exhausted,0,0,0,wuhan,local_broadband_wuhan,account_wuhan,9343,97,partial,GK2026D1,,
2026-08-23T15:29:49,reply,6a26b86a000000003501da98,6a4dd8440000000029034870,complete,endpoint_exhausted,0,0,0,wuhan,local_broadband_wuhan,account_wuhan,9343,97,partial,GK2026D1,,
2026-08-23T15:29:49,reply,6a26b86a000000003501da98,6a293a8c000000002a006808,complete,endpoint_exhausted,0,0,0,wuhan,local_broadband_wuhan,account_wuhan,9343,97,partial,GK2026D1,,
2026-08-23T15:29:49,reply,6a26b86a000000003501da98,6a2915b50000000027022edd,complete,endpoint_exhausted,0,0,0,wuhan,local_broadband_wuhan,account_wuhan,9343,97,partial,GK2026D1,,
2026-08-23T15:29:49,reply,6a26b86a000000003501da98,6a2c30e80000000028008cf8,complete,endpoint_exhausted,0,0,0,wuhan,local_broadband_wuhan,account_wuhan,9343,97,partial,GK2026D1,,
2026-08-23T15:29:49,reply,6a26b86a000000003501da98,6a2b968e0000000028032fad,complete,endpoint_exhausted,0,0,0,wuhan,local_broadband_wuhan,account_wuhan,9343,97,partial,GK2026D1,,
2026-08-23T15:29:49,reply,6a26b86a000000003501da98,6a2c3c8c000000002900e9ba,complete,endpoint_exhausted,0,0,0,wuhan,local_broadband_wuhan,account_wuhan,9343,97,partial,GK2026D1,,
2026-08-23T15:29:49,reply,6a26b86a000000003501da98,6a2c01e9000000002701e993,complete,endpoint_exhausted,0,0,0,wuhan,local_broadband_wuhan,account_wuhan,9343,97,partial,GK2026D1,,
2026-08-23T15:30:04,reply,6a26b86a000000003501da98,6a2b909a0000000028038384,complete,endpoint_exhausted,0,0,0,wuhan,local_broadband_wuhan,account_wuhan,9343,97,partial,GK2026D1,,
2026-08-23T15:30:04,reply,6a26b86a000000003501da98,6a2def5e000000000d021c02,complete,endpoint_exhausted,0,0,0,wuhan,local_broadband_wuhan,account_wuhan,9343,97,partial,GK2026D1,,
2026-08-23T15:30:04,reply,6a26b86a000000003501da98,6a2e1116000000002b02a8e2,complete,endpoint_exhausted,0,0,0,wuhan,local_broadband_wuhan,account_wuhan,9343,97,partial,GK2026D1,,
2026-08-23T15:30:04,reply,6a26b86a000000003501da98,6a27e24c0000000028031ecd,complete,endpoint_exhausted,0,0,0,wuhan,local_broadband_wuhan,account_wuhan,9343,97,partial,GK2026D1,,
2026-08-23T15:30:04,reply,6a26b86a000000003501da98,6a2bf908000000002902df9e,complete,endpoint_exhausted,0,0,0,wuhan,local_broadband_wuhan,account_wuhan,9343,97,partial,GK2026D1,,
2026-08-23T15:30:04,reply,6a26b86a000000003501da98,6a2981dc0000000029027c14,complete,endpoint_exhausted,0,0,0,wuhan,local_broadband_wuhan,account_wuhan,9343,97,partial,GK2026D1,,
2026-08-23T15:30:04,reply,6a26b86a000000003501da98,6a2e46850000000028037325,complete,endpoint_exhausted,0,0,0,wuhan,local_broadband_wuhan,account_wuhan,9343,97,partial,GK2026D1,,
2026-08-23T15:30:04,reply,6a26b86a000000003501da98,6a2b8ea9000000002a027813,complete,endpoint_exhausted,0,0,0,wuhan,local_broadband_wuhan,account_wuhan,9343,97,partial,GK2026D1,,
2026-08-23T15:30:04,reply,6a26b86a000000003501da98,6a2b9adf000000002702af77,complete,endpoint_exhausted,0,0,0,wuhan,local_broadband_wuhan,account_wuhan,9343,97,partial,GK2026D1,,
2026-08-23T15:30:04,reply,6a26b86a000000003501da98,6a2cbba1000000002902478d,complete,endpoint_exhausted,0,0,0,wuhan,local_broadband_wuhan,account_wuhan,9343,97,partial,GK2026D1,,
2026-08-23T15:30:20,reply,6a26b86a000000003501da98,6a28b8e2000000002903524a,complete,endpoint_exhausted,0,0,0,wuhan,local_broadband_wuhan,account_wuhan,9343,97,partial,GK2026D1,,
2026-08-23T15:30:20,reply,6a26b86a000000003501da98,6a2d25080000000028030f8c,complete,endpoint_exhausted,0,0,0,wuhan,local_broadband_wuhan,account_wuhan,9343,97,partial,GK2026D1,,
2026-08-23T15:30:20,reply,6a26b86a000000003501da98,6a2ca91f0000000028035cda,complete,endpoint_exhausted,0,0,0,wuhan,local_broadband_wuhan,account_wuhan,9343,97,partial,GK2026D1,,
2026-08-23T15:30:20,reply,6a26b86a000000003501da98,6a282f11000000002902e91d,complete,endpoint_exhausted,0,1,1,wuhan,local_broadband_wuhan,account_wuhan,9343,97,partial,GK2026D1,,
2026-08-23T15:30:20,reply,6a26b86a000000003501da98,6a2bded6000000002900d7b8,complete,endpoint_exhausted,0,0,0,wuhan,local_broadband_wuhan,account_wuhan,9343,97,partial,GK2026D1,,
2026-08-23T15:30:20,reply,6a26b86a000000003501da98,6a2ba252000000002702dd99,complete,endpoint_exhausted,0,0,0,wuhan,local_broadband_wuhan,account_wuhan,9343,97,partial,GK2026D1,,
2026-08-23T15:30:20,reply,6a26b86a000000003501da98,6a2b8bd4000000002901956c,complete,endpoint_exhausted,0,0,0,wuhan,local_broadband_wuhan,account_wuhan,9343,97,partial,GK2026D1,,
2026-08-23T15:30:20,reply,6a26b86a000000003501da98,6a2bb8a6000000002a0272be,complete,endpoint_exhausted,0,0,0,wuhan,local_broadband_wuhan,account_wuhan,9343,97,partial,GK2026D1,,
2026-08-23T15:30:20,reply,6a26b86a000000003501da98,6a2b647f0000000028035438,complete,endpoint_exhausted,0,0,0,wuhan,local_broadband_wuhan,account_wuhan,9343,97,partial,GK2026D1,,
2026-08-23T15:30:20,reply,6a26b86a000000003501da98,6a309d4f000000002b024d36,complete,endpoint_exhausted,0,0,0,wuhan,local_broadband_wuhan,account_wuhan,9343,97,partial,GK2026D1,,
2026-08-23T15:30:35,reply,6a26b86a000000003501da98,6a2e15d1000000002803d81a,complete,endpoint_exhausted,0,0,0,wuhan,local_broadband_wuhan,account_wuhan,9343,97,partial,GK2026D1,,
2026-08-23T15:30:35,reply,6a26b86a000000003501da98,6a27c13b000000002902d24a,complete,endpoint_exhausted,0,1,1,wuhan,local_broadband_wuhan,account_wuhan,9343,97,partial,GK2026D1,,
2026-08-23T15:30:35,reply,6a26b86a000000003501da98,6a2c93c40000000029025662,complete,endpoint_exhausted,0,0,0,wuhan,local_broadband_wuhan,account_wuhan,9343,97,partial,GK2026D1,,
2026-08-23T15:30:35,reply,6a26b86a000000003501da98,6a28c7ad000000002a00674f,complete,endpoint_exhausted,0,0,0,wuhan,local_broadband_wuhan,account_wuhan,9343,97,partial,GK2026D1,,
2026-08-23T15:30:35,reply,6a26b86a000000003501da98,6a2b5fba0000000027015adb,complete,endpoint_exhausted,0,0,0,wuhan,local_broadband_wuhan,account_wuhan,9343,97,partial,GK2026D1,,
2026-08-23T15:30:35,reply,6a26b86a000000003501da98,6a2b57e70000000028038a92,complete,endpoint_exhausted,0,0,0,wuhan,local_broadband_wuhan,account_wuhan,9343,97,partial,GK2026D1,,
2026-08-23T15:30:35,reply,6a26b86a000000003501da98,6a2b411d000000002b02a20c,complete,endpoint_exhausted,0,0,0,wuhan,local_broadband_wuhan,account_wuhan,9343,97,partial,GK2026D1,,
2026-08-23T15:30:35,reply,6a26b86a000000003501da98,6a2ac879000000002702de09,complete,endpoint_exhausted,0,0,0,wuhan,local_broadband_wuhan,account_wuhan,9343,97,partial,GK2026D1,,
2026-08-23T15:30:35,reply,6a26b86a000000003501da98,6a2a8c09000000002702e2eb,complete,endpoint_exhausted,0,0,0,wuhan,local_broadband_wuhan,account_wuhan,9343,97,partial,GK2026D1,,
2026-08-23T15:30:35,reply,6a26b86a000000003501da98,6a2a8acd0000000027016858,complete,endpoint_exhausted,0,0,0,wuhan,local_broadband_wuhan,account_wuhan,9343,97,partial,GK2026D1,,
2026-08-23T15:30:50,reply,6a26b86a000000003501da98,6a2a83c8000000002a03087c,complete,endpoint_exhausted,0,0,0,wuhan,local_broadband_wuhan,account_wuhan,9343,97,partial,GK2026D1,,
2026-08-23T15:30:50,reply,6a26b86a000000003501da98,6a2a82ee000000002803878b,complete,endpoint_exhausted,0,0,0,wuhan,local_broadband_wuhan,account_wuhan,9343,97,partial,GK2026D1,,
2026-08-23T15:30:50,reply,6a26b86a000000003501da98,6a2a4145000000002902ea9d,complete,endpoint_exhausted,0,0,0,wuhan,local_broadband_wuhan,account_wuhan,9343,97,partial,GK2026D1,,
2026-08-23T15:30:50,reply,6a26b86a000000003501da98,6a2a3cfa000000002702bbbd,complete,endpoint_exhausted,0,0,0,wuhan,local_broadband_wuhan,account_wuhan,9343,97,partial,GK2026D1,,
2026-08-23T15:30:50,reply,6a26b86a000000003501da98,6a2a3887000000002900e215,complete,endpoint_exhausted,0,0,0,wuhan,local_broadband_wuhan,account_wuhan,9343,97,partial,GK2026D1,,
2026-08-23T15:30:50,reply,6a26b86a000000003501da98,6a2a3743000000002b024e3a,complete,endpoint_exhausted,0,0,0,wuhan,local_broadband_wuhan,account_wuhan,9343,97,partial,GK2026D1,,
2026-08-23T15:30:50,reply,6a26b86a000000003501da98,6a2a3648000000002a02f622,complete,endpoint_exhausted,0,0,0,wuhan,local_broadband_wuhan,account_wuhan,9343,97,partial,GK2026D1,,
2026-08-23T15:30:50,reply,6a26b86a000000003501da98,6a2a354e0000000027029b41,complete,endpoint_exhausted,0,0,0,wuhan,local_broadband_wuhan,account_wuhan,9343,97,partial,GK2026D1,,
2026-08-23T15:30:50,reply,6a26b86a000000003501da98,6a2a3101000000002701e356,complete,endpoint_exhausted,0,0,0,wuhan,local_broadband_wuhan,account_wuhan,9343,97,partial,GK2026D1,,
2026-08-23T15:30:50,reply,6a26b86a000000003501da98,6a2a29b6000000002901aea6,complete,endpoint_exhausted,0,0,0,wuhan,local_broadband_wuhan,account_wuhan,9343,97,partial,GK2026D1,,
2026-08-23T15:31:06,reply,6a26b86a000000003501da98,6a2a2003000000002a0077b0,complete,endpoint_exhausted,0,0,0,wuhan,local_broadband_wuhan,account_wuhan,9343,97,partial,GK2026D1,,
2026-08-23T15:31:06,reply,6a26b86a000000003501da98,6a2a1a69000000000d023000,complete,endpoint_exhausted,0,0,0,wuhan,local_broadband_wuhan,account_wuhan,9343,97,partial,GK2026D1,,
2026-08-23T15:31:06,reply,6a26b86a000000003501da98,6a2a1990000000002a02d0e5,complete,endpoint_exhausted,0,0,0,wuhan,local_broadband_wuhan,account_wuhan,9343,97,partial,GK2026D1,,
2026-08-23T15:31:06,reply,6a26b86a000000003501da98,6a2a1851000000002803b155,complete,endpoint_exhausted,0,0,0,wuhan,local_broadband_wuhan,account_wuhan,9343,97,partial,GK2026D1,,
2026-08-23T15:31:06,reply,6a26b86a000000003501da98,6a2a00ff000000002701dc0f,complete,endpoint_exhausted,0,0,0,wuhan,local_broadband_wuhan,account_wuhan,9343,97,partial,GK2026D1,,
2026-08-23T15:31:06,reply,6a26b86a000000003501da98,6a29ff8a000000000d022802,complete,endpoint_exhausted,0,0,0,wuhan,local_broadband_wuhan,account_wuhan,9343,97,partial,GK2026D1,,
2026-08-23T15:31:06,reply,6a26b86a000000003501da98,6a29fcec0000000028034956,complete,endpoint_exhausted,0,0,0,wuhan,local_broadband_wuhan,account_wuhan,9343,97,partial,GK2026D1,,
2026-08-23T15:31:06,reply,6a26b86a000000003501da98,6a29f89d000000002702f78a,complete,endpoint_exhausted,0,0,0,wuhan,local_broadband_wuhan,account_wuhan,9343,97,partial,GK2026D1,,
2026-08-23T15:31:06,reply,6a26b86a000000003501da98,6a29ea5a000000002901adfc,complete,endpoint_exhausted,0,0,0,wuhan,local_broadband_wuhan,account_wuhan,9343,97,partial,GK2026D1,,
2026-08-23T15:31:06,reply,6a26b86a000000003501da98,6a29e6cb0000000029025369,complete,endpoint_exhausted,0,0,0,wuhan,local_broadband_wuhan,account_wuhan,9343,97,partial,GK2026D1,,
2026-08-23T15:31:21,reply,6a26b86a000000003501da98,6a29e48e0000000028037c56,complete,endpoint_exhausted,0,0,0,wuhan,local_broadband_wuhan,account_wuhan,9343,97,partial,GK2026D1,,
2026-08-23T15:31:21,reply,6a26b86a000000003501da98,6a29dd6d0000000029025a59,complete,endpoint_exhausted,0,0,0,wuhan,local_broadband_wuhan,account_wuhan,9343,97,partial,GK2026D1,,
2026-08-23T15:31:21,reply,6a26b86a000000003501da98,6a29a84a000000002a030f0a,complete,endpoint_exhausted,0,0,0,wuhan,local_broadband_wuhan,account_wuhan,9343,97,partial,GK2026D1,,
2026-08-23T15:31:21,reply,6a26b86a000000003501da98,6a29926e000000002803969c,complete,endpoint_exhausted,0,0,0,wuhan,local_broadband_wuhan,account_wuhan,9343,97,partial,GK2026D1,,
2026-08-23T15:31:21,reply,6a26b86a000000003501da98,6a298a09000000002803154b,complete,endpoint_exhausted,0,0,0,wuhan,local_broadband_wuhan,account_wuhan,9343,97,partial,GK2026D1,,
2026-08-23T15:31:36,reply,6a26b86a000000003501da98,6a297df6000000002b02b9aa,complete,endpoint_exhausted,1,3,3,wuhan,local_broadband_wuhan,account_wuhan,9343,97,partial,GK2026D1,,
2026-08-23T15:31:36,reply,6a26b86a000000003501da98,6a2978f70000000028038f0a,complete,endpoint_exhausted,0,0,0,wuhan,local_broadband_wuhan,account_wuhan,9343,97,partial,GK2026D1,,
2026-08-23T15:31:36,reply,6a26b86a000000003501da98,6a29750a000000002701f9db,complete,endpoint_exhausted,0,0,0,wuhan,local_broadband_wuhan,account_wuhan,9343,97,partial,GK2026D1,,
2026-08-23T15:31:36,reply,6a26b86a000000003501da98,6a29690a000000002b024031,complete,endpoint_exhausted,0,0,0,wuhan,local_broadband_wuhan,account_wuhan,9343,97,partial,GK2026D1,,
2026-08-23T15:31:36,reply,6a26b86a000000003501da98,6a2966cd000000000d021401,complete,endpoint_exhausted,0,0,0,wuhan,local_broadband_wuhan,account_wuhan,9343,97,partial,GK2026D1,,
2026-08-23T15:31:52,reply,6a26b86a000000003501da98,6a2964030000000029036b87,complete,endpoint_exhausted,0,0,0,wuhan,local_broadband_wuhan,account_wuhan,9343,97,partial,GK2026D1,,
2026-08-23T15:31:52,reply,6a26b86a000000003501da98,6a2960be000000002b001dd4,complete,endpoint_exhausted,0,0,0,wuhan,local_broadband_wuhan,account_wuhan,9343,97,partial,GK2026D1,,
2026-08-23T15:31:52,reply,6a26b86a000000003501da98,6a295c1d0000000027021728,complete,endpoint_exhausted,0,0,0,wuhan,local_broadband_wuhan,account_wuhan,9343,97,partial,GK2026D1,,
2026-08-23T15:31:52,reply,6a26b86a000000003501da98,6a295b2800000000270143c8,complete,endpoint_exhausted,0,0,0,wuhan,local_broadband_wuhan,account_wuhan,9343,97,partial,GK2026D1,,
2026-08-23T15:31:52,reply,6a26b86a000000003501da98,6a29544b000000002701c07e,complete,endpoint_exhausted,0,0,0,wuhan,local_broadband_wuhan,account_wuhan,9343,97,partial,GK2026D1,,
2026-08-23T15:31:52,reply,6a26b86a000000003501da98,6a295129000000002a02f6fb,complete,endpoint_exhausted,0,0,0,wuhan,local_broadband_wuhan,account_wuhan,9343,97,partial,GK2026D1,,
2026-08-23T15:31:52,reply,6a26b86a000000003501da98,6a294e7a000000002702bfaa,complete,endpoint_exhausted,0,0,0,wuhan,local_broadband_wuhan,account_wuhan,9343,97,partial,GK2026D1,,
2026-08-23T15:31:52,reply,6a26b86a000000003501da98,6a294e3e000000002a033d69,complete,endpoint_exhausted,0,0,0,wuhan,local_broadband_wuhan,account_wuhan,9343,97,partial,GK2026D1,,
2026-08-23T15:31:52,reply,6a26b86a000000003501da98,6a294d6e0000000028009471,complete,endpoint_exhausted,0,0,0,wuhan,local_broadband_wuhan,account_wuhan,9343,97,partial,GK2026D1,,
2026-08-23T15:31:52,reply,6a26b86a000000003501da98,6a294cf8000000002900c608,complete,endpoint_exhausted,0,0,0,wuhan,local_broadband_wuhan,account_wuhan,9343,97,partial,GK2026D1,,
2026-08-23T15:32:07,reply,6a26b86a000000003501da98,6a294cb8000000002a00479f,complete,endpoint_exhausted,0,0,0,wuhan,local_broadband_wuhan,account_wuhan,9343,97,partial,GK2026D1,,
2026-08-23T15:32:07,reply,6a26b86a000000003501da98,6a2949cf000000002902ddc6,complete,endpoint_exhausted,0,0,0,wuhan,local_broadband_wuhan,account_wuhan,9343,97,partial,GK2026D1,,
2026-08-23T15:32:07,reply,6a26b86a000000003501da98,6a2947f70000000028033a44,complete,endpoint_exhausted,0,0,0,wuhan,local_broadband_wuhan,account_wuhan,9343,97,partial,GK2026D1,,
2026-08-23T15:32:07,reply,6a26b86a000000003501da98,6a29442a000000002b02ad18,complete,endpoint_exhausted,0,0,0,wuhan,local_broadband_wuhan,account_wuhan,9343,97,partial,GK2026D1,,
2026-08-23T15:32:07,reply,6a26b86a000000003501da98,6a293c3a00000000270206e0,complete,endpoint_exhausted,0,0,0,wuhan,local_broadband_wuhan,account_wuhan,9343,97,partial,GK2026D1,,
2026-08-23T15:32:07,reply,6a26b86a000000003501da98,6a293bdc000000002803b451,complete,endpoint_exhausted,0,0,0,wuhan,local_broadband_wuhan,account_wuhan,9343,97,partial,GK2026D1,,
2026-08-23T15:32:07,reply,6a26b86a000000003501da98,6a2937f0000000002b02b1a6,complete,endpoint_exhausted,0,0,0,wuhan,local_broadband_wuhan,account_wuhan,9343,97,partial,GK2026D1,,
2026-08-23T15:32:07,reply,6a26b86a000000003501da98,6a2933c9000000002803a5cc,complete,endpoint_exhausted,0,0,0,wuhan,local_broadband_wuhan,account_wuhan,9343,97,partial,GK2026D1,,
2026-08-23T15:32:07,reply,6a26b86a000000003501da98,6a292bc80000000027017571,complete,endpoint_exhausted,0,0,0,wuhan,local_broadband_wuhan,account_wuhan,9343,97,partial,GK2026D1,,
2026-08-23T15:32:07,reply,6a26b86a000000003501da98,6a2927ff000000002803d595,complete,endpoint_exhausted,0,0,0,wuhan,local_broadband_wuhan,account_wuhan,9343,97,partial,GK2026D1,,
2026-08-23T15:32:22,reply,6a26b86a000000003501da98,6a2927cf000000002b0029a8,complete,endpoint_exhausted,0,0,0,wuhan,local_broadband_wuhan,account_wuhan,9343,97,partial,GK2026D1,,
2026-08-23T15:32:22,reply,6a26b86a000000003501da98,6a292134000000002a00762f,complete,endpoint_exhausted,0,0,0,wuhan,local_broadband_wuhan,account_wuhan,9343,97,partial,GK2026D1,,
2026-08-23T15:32:22,reply,6a26b86a000000003501da98,6a290fd4000000002b025c9e,complete,endpoint_exhausted,0,0,0,wuhan,local_broadband_wuhan,account_wuhan,9343,97,partial,GK2026D1,,
2026-08-23T15:32:22,reply,6a26b86a000000003501da98,6a290dfb000000000d022003,complete,endpoint_exhausted,0,0,0,wuhan,local_broadband_wuhan,account_wuhan,9343,97,partial,GK2026D1,,
2026-08-23T15:32:22,reply,6a26b86a000000003501da98,6a290d64000000002803f821,complete,endpoint_exhausted,0,0,0,wuhan,local_broadband_wuhan,account_wuhan,9343,97,partial,GK2026D1,,
2026-08-23T15:32:22,reply,6a26b86a000000003501da98,6a290b96000000000d022c01,complete,endpoint_exhausted,0,0,0,wuhan,local_broadband_wuhan,account_wuhan,9343,97,partial,GK2026D1,,
2026-08-23T15:32:22,reply,6a26b86a000000003501da98,6a29064c000000002803aa77,complete,endpoint_exhausted,0,0,0,wuhan,local_broadband_wuhan,account_wuhan,9343,97,partial,GK2026D1,,
2026-08-23T15:32:22,reply,6a26b86a000000003501da98,6a29055d0000000029036ebb,complete,endpoint_exhausted,0,0,0,wuhan,local_broadband_wuhan,account_wuhan,9343,97,partial,GK2026D1,,
2026-08-23T15:32:22,reply,6a26b86a000000003501da98,6a29053c000000002b02823a,complete,endpoint_exhausted,0,0,0,wuhan,local_broadband_wuhan,account_wuhan,9343,97,partial,GK2026D1,,
2026-08-23T15:32:22,reply,6a26b86a000000003501da98,6a28feae000000002a02c848,complete,endpoint_exhausted,0,0,0,wuhan,local_broadband_wuhan,account_wuhan,9343,97,partial,GK2026D1,,
2026-08-23T15:32:38,reply,6a26b86a000000003501da98,6a28fdf000000000290358d3,complete,endpoint_exhausted,0,0,0,wuhan,local_broadband_wuhan,account_wuhan,9343,97,partial,GK2026D1,,
2026-08-23T15:32:38,reply,6a26b86a000000003501da98,6a28fcc3000000002901222f,complete,endpoint_exhausted,0,0,0,wuhan,local_broadband_wuhan,account_wuhan,9343,97,partial,GK2026D1,,
2026-08-23T15:32:38,reply,6a26b86a000000003501da98,6a28f9130000000027015364,complete,endpoint_exhausted,0,0,0,wuhan,local_broadband_wuhan,account_wuhan,9343,97,partial,GK2026D1,,
2026-08-23T15:32:38,reply,6a26b86a000000003501da98,6a28f5bc000000002702c3e3,complete,endpoint_exhausted,0,0,0,wuhan,local_broadband_wuhan,account_wuhan,9343,97,partial,GK2026D1,,
2026-08-23T15:32:38,reply,6a26b86a000000003501da98,6a28eff700000000290354b0,complete,endpoint_exhausted,0,0,0,wuhan,local_broadband_wuhan,account_wuhan,9343,97,partial,GK2026D1,,
2026-08-23T15:32:38,reply,6a26b86a000000003501da98,6a28ede30000000027020d72,complete,endpoint_exhausted,0,0,0,wuhan,local_broadband_wuhan,account_wuhan,9343,97,partial,GK2026D1,,
2026-08-23T15:32:38,reply,6a26b86a000000003501da98,6a28ed980000000027017c56,complete,endpoint_exhausted,0,0,0,wuhan,local_broadband_wuhan,account_wuhan,9343,97,partial,GK2026D1,,
2026-08-23T15:32:38,reply,6a26b86a000000003501da98,6a28ebfa0000000029026f85,complete,endpoint_exhausted,0,0,0,wuhan,local_broadband_wuhan,account_wuhan,9343,97,partial,GK2026D1,,
2026-08-23T15:32:38,reply,6a26b86a000000003501da98,6a28e5f80000000029027858,complete,endpoint_exhausted,0,0,0,wuhan,local_broadband_wuhan,account_wuhan,9343,97,partial,GK2026D1,,
2026-08-23T15:32:38,reply,6a26b86a000000003501da98,6a28e49f000000002b027265,complete,endpoint_exhausted,0,0,0,wuhan,local_broadband_wuhan,account_wuhan,9343,97,partial,GK2026D1,,
2026-08-23T15:32:53,reply,6a26b86a000000003501da98,6a28e3ff00000000290191b5,complete,endpoint_exhausted,0,0,0,wuhan,local_broadband_wuhan,account_wuhan,9343,97,partial,GK2026D1,,
2026-08-23T15:32:53,reply,6a26b86a000000003501da98,6a28ded2000000002702aec8,complete,endpoint_exhausted,0,0,0,wuhan,local_broadband_wuhan,account_wuhan,9343,97,partial,GK2026D1,,
2026-08-23T15:32:53,reply,6a26b86a000000003501da98,6a28dd6f0000000027021ee8,complete,endpoint_exhausted,0,0,0,wuhan,local_broadband_wuhan,account_wuhan,9343,97,partial,GK2026D1,,
2026-08-23T15:32:53,reply,6a26b86a000000003501da98,6a28dd26000000002b003400,complete,endpoint_exhausted,0,0,0,wuhan,local_broadband_wuhan,account_wuhan,9343,97,partial,GK2026D1,,
2026-08-23T15:32:53,reply,6a26b86a000000003501da98,6a28dcd0000000002702e351,complete,endpoint_exhausted,0,0,0,wuhan,local_broadband_wuhan,account_wuhan,9343,97,partial,GK2026D1,,
2026-08-23T15:32:53,reply,6a26b86a000000003501da98,6a28d4d50000000029035dcd,complete,endpoint_exhausted,0,0,0,wuhan,local_broadband_wuhan,account_wuhan,9343,97,partial,GK2026D1,,
2026-08-23T15:32:53,reply,6a26b86a000000003501da98,6a28d441000000002901054c,complete,endpoint_exhausted,0,0,0,wuhan,local_broadband_wuhan,account_wuhan,9343,97,partial,GK2026D1,,
2026-08-23T15:32:53,reply,6a26b86a000000003501da98,6a28d0ee000000002b002618,complete,endpoint_exhausted,0,0,0,wuhan,local_broadband_wuhan,account_wuhan,9343,97,partial,GK2026D1,,
2026-08-23T15:32:53,reply,6a26b86a000000003501da98,6a28c4ce000000002a031f8b,complete,endpoint_exhausted,0,0,0,wuhan,local_broadband_wuhan,account_wuhan,9343,97,partial,GK2026D1,,
2026-08-23T15:32:53,reply,6a26b86a000000003501da98,6a28c0f0000000002702e086,complete,endpoint_exhausted,0,0,0,wuhan,local_broadband_wuhan,account_wuhan,9343,97,partial,GK2026D1,,
2026-08-23T15:33:09,reply,6a26b86a000000003501da98,6a28bfc3000000002901003d,complete,endpoint_exhausted,0,1,1,wuhan,local_broadband_wuhan,account_wuhan,9343,97,partial,GK2026D1,,
2026-08-23T15:33:09,reply,6a26b86a000000003501da98,6a28bcd00000000028037a85,complete,endpoint_exhausted,0,0,0,wuhan,local_broadband_wuhan,account_wuhan,9343,97,partial,GK2026D1,,
2026-08-23T15:33:09,reply,6a26b86a000000003501da98,6a28bc1f000000002a02e82f,complete,endpoint_exhausted,0,0,0,wuhan,local_broadband_wuhan,account_wuhan,9343,97,partial,GK2026D1,,
2026-08-23T15:33:09,reply,6a26b86a000000003501da98,6a28b9eb0000000029010dc4,complete,endpoint_exhausted,0,0,0,wuhan,local_broadband_wuhan,account_wuhan,9343,97,partial,GK2026D1,,
2026-08-23T15:33:09,reply,6a26b86a000000003501da98,6a28b757000000002702115b,complete,endpoint_exhausted,0,0,0,wuhan,local_broadband_wuhan,account_wuhan,9343,97,partial,GK2026D1,,
2026-08-23T15:33:09,reply,6a26b86a000000003501da98,6a28b5130000000029019dc6,complete,endpoint_exhausted,0,0,0,wuhan,local_broadband_wuhan,account_wuhan,9343,97,partial,GK2026D1,,
2026-08-23T15:33:09,reply,6a26b86a000000003501da98,6a28b29a0000000029013f5d,complete,endpoint_exhausted,0,0,0,wuhan,local_broadband_wuhan,account_wuhan,9343,97,partial,GK2026D1,,
2026-08-23T15:33:09,reply,6a26b86a000000003501da98,6a28b1f9000000000d021c02,complete,endpoint_exhausted,0,0,0,wuhan,local_broadband_wuhan,account_wuhan,9343,97,partial,GK2026D1,,
2026-08-23T15:33:09,reply,6a26b86a000000003501da98,6a28b0d1000000002901ada7,complete,endpoint_exhausted,0,0,0,wuhan,local_broadband_wuhan,account_wuhan,9343,97,partial,GK2026D1,,
2026-08-23T15:33:09,reply,6a26b86a000000003501da98,6a28b063000000002702c416,complete,endpoint_exhausted,0,0,0,wuhan,local_broadband_wuhan,account_wuhan,9343,97,partial,GK2026D1,,
2026-08-23T15:33:24,reply,6a26b86a000000003501da98,6a28a94400000000290128a0,complete,endpoint_exhausted,0,0,0,wuhan,local_broadband_wuhan,account_wuhan,9343,97,partial,GK2026D1,,
2026-08-23T15:33:24,reply,6a26b86a000000003501da98,6a28a0ef000000002702f429,complete,endpoint_exhausted,0,0,0,wuhan,local_broadband_wuhan,account_wuhan,9343,97,partial,GK2026D1,,
2026-08-23T15:33:24,reply,6a26b86a000000003501da98,6a2897b800000000280346c6,complete,endpoint_exhausted,0,0,0,wuhan,local_broadband_wuhan,account_wuhan,9343,97,partial,GK2026D1,,
2026-08-23T15:33:24,reply,6a26b86a000000003501da98,6a28946a0000000029012b7a,complete,endpoint_exhausted,0,0,0,wuhan,local_broadband_wuhan,account_wuhan,9343,97,partial,GK2026D1,,
2026-08-23T15:33:24,reply,6a26b86a000000003501da98,6a2893be000000002a00786f,complete,endpoint_exhausted,0,0,0,wuhan,local_broadband_wuhan,account_wuhan,9343,97,partial,GK2026D1,,
2026-08-23T15:33:24,reply,6a26b86a000000003501da98,6a288343000000000d023c00,complete,endpoint_exhausted,0,0,0,wuhan,local_broadband_wuhan,account_wuhan,9343,97,partial,GK2026D1,,
2026-08-23T15:33:24,reply,6a26b86a000000003501da98,6a287c46000000002803d3b1,complete,endpoint_exhausted,0,0,0,wuhan,local_broadband_wuhan,account_wuhan,9343,97,partial,GK2026D1,,
2026-08-23T15:33:24,reply,6a26b86a000000003501da98,6a28700a000000002803d581,complete,endpoint_exhausted,0,0,0,wuhan,local_broadband_wuhan,account_wuhan,9343,97,partial,GK2026D1,,
2026-08-23T15:33:24,reply,6a26b86a000000003501da98,6a28570f000000000d021401,complete,endpoint_exhausted,0,0,0,wuhan,local_broadband_wuhan,account_wuhan,9343,97,partial,GK2026D1,,
2026-08-23T15:33:24,reply,6a26b86a000000003501da98,6a285318000000002a032a60,complete,endpoint_exhausted,0,0,0,wuhan,local_broadband_wuhan,account_wuhan,9343,97,partial,GK2026D1,,
2026-08-23T15:33:39,reply,6a26b86a000000003501da98,6a284fe8000000002803913a,complete,endpoint_exhausted,0,0,0,wuhan,local_broadband_wuhan,account_wuhan,9343,97,partial,GK2026D1,,
2026-08-23T15:33:39,reply,6a26b86a000000003501da98,6a284b48000000002b003e77,complete,endpoint_exhausted,0,0,0,wuhan,local_broadband_wuhan,account_wuhan,9343,97,partial,GK2026D1,,
2026-08-23T15:33:39,reply,6a26b86a000000003501da98,6a283c2e000000002803628b,complete,endpoint_exhausted,0,0,0,wuhan,local_broadband_wuhan,account_wuhan,9343,97,partial,GK2026D1,,
2026-08-23T15:33:39,reply,6a26b86a000000003501da98,6a2837b90000000028033f4f,complete,endpoint_exhausted,0,0,0,wuhan,local_broadband_wuhan,account_wuhan,9343,97,partial,GK2026D1,,
2026-08-23T15:33:39,reply,6a26b86a000000003501da98,6a2837700000000027015ccb,complete,endpoint_exhausted,0,0,0,wuhan,local_broadband_wuhan,account_wuhan,9343,97,partial,GK2026D1,,
2026-08-23T15:33:39,reply,6a26b86a000000003501da98,6a2835150000000027016e8a,complete,endpoint_exhausted,0,0,0,wuhan,local_broadband_wuhan,account_wuhan,9343,97,partial,GK2026D1,,
2026-08-23T15:33:39,reply,6a26b86a000000003501da98,6a2833e50000000027021995,complete,endpoint_exhausted,0,0,0,wuhan,local_broadband_wuhan,account_wuhan,9343,97,partial,GK2026D1,,
2026-08-23T15:33:39,reply,6a26b86a000000003501da98,6a282e71000000002902539a,complete,endpoint_exhausted,0,0,0,wuhan,local_broadband_wuhan,account_wuhan,9343,97,partial,GK2026D1,,
2026-08-23T15:33:39,reply,6a26b86a000000003501da98,6a282c15000000002803e864,complete,endpoint_exhausted,0,0,0,wuhan,local_broadband_wuhan,account_wuhan,9343,97,partial,GK2026D1,,
2026-08-23T15:33:39,reply,6a26b86a000000003501da98,6a282b120000000028035703,complete,endpoint_exhausted,0,0,0,wuhan,local_broadband_wuhan,account_wuhan,9343,97,partial,GK2026D1,,
2026-08-23T15:33:55,reply,6a26b86a000000003501da98,6a282969000000002a026560,complete,endpoint_exhausted,0,0,0,wuhan,local_broadband_wuhan,account_wuhan,9343,97,partial,GK2026D1,,
2026-08-23T15:33:55,reply,6a26b86a000000003501da98,6a28257f0000000028036a12,complete,endpoint_exhausted,0,0,0,wuhan,local_broadband_wuhan,account_wuhan,9343,97,partial,GK2026D1,,
2026-08-23T15:33:55,reply,6a26b86a000000003501da98,6a2823cc000000002a02578c,complete,endpoint_exhausted,0,0,0,wuhan,local_broadband_wuhan,account_wuhan,9343,97,partial,GK2026D1,,
2026-08-23T15:33:55,reply,6a26b86a000000003501da98,6a282380000000002803a6cc,complete,endpoint_exhausted,0,0,0,wuhan,local_broadband_wuhan,account_wuhan,9343,97,partial,GK2026D1,,
2026-08-23T15:33:55,reply,6a26b86a000000003501da98,6a2822ff000000002a004acf,complete,endpoint_exhausted,0,0,0,wuhan,local_broadband_wuhan,account_wuhan,9343,97,partial,GK2026D1,,
2026-08-23T15:33:55,reply,6a26b86a000000003501da98,6a28218a000000002800887b,complete,endpoint_exhausted,0,0,0,wuhan,local_broadband_wuhan,account_wuhan,9343,97,partial,GK2026D1,,
2026-08-23T15:33:55,reply,6a26b86a000000003501da98,6a281ffc000000002702a356,complete,endpoint_exhausted,0,0,0,wuhan,local_broadband_wuhan,account_wuhan,9343,97,partial,GK2026D1,,
2026-08-23T15:33:55,reply,6a26b86a000000003501da98,6a281c78000000002803baf9,complete,endpoint_exhausted,0,0,0,wuhan,local_broadband_wuhan,account_wuhan,9343,97,partial,GK2026D1,,
2026-08-23T15:33:55,reply,6a26b86a000000003501da98,6a281c5a000000002702f53f,complete,endpoint_exhausted,0,0,0,wuhan,local_broadband_wuhan,account_wuhan,9343,97,partial,GK2026D1,,
2026-08-23T15:33:55,reply,6a26b86a000000003501da98,6a281bc8000000002b027dd2,complete,endpoint_exhausted,0,0,0,wuhan,local_broadband_wuhan,account_wuhan,9343,97,partial,GK2026D1,,
2026-08-23T15:34:10,reply,6a26b86a000000003501da98,6a281b9e000000002900fa5c,complete,endpoint_exhausted,0,0,0,wuhan,local_broadband_wuhan,account_wuhan,9343,97,partial,GK2026D1,,
2026-08-23T15:34:10,reply,6a26b86a000000003501da98,6a281b82000000002902dc7e,complete,endpoint_exhausted,0,0,0,wuhan,local_broadband_wuhan,account_wuhan,9343,97,partial,GK2026D1,,
2026-08-23T15:34:10,reply,6a26b86a000000003501da98,6a281a6e000000002702efbd,complete,endpoint_exhausted,0,0,0,wuhan,local_broadband_wuhan,account_wuhan,9343,97,partial,GK2026D1,,
2026-08-23T15:34:10,reply,6a26b86a000000003501da98,6a281a56000000002902dec7,complete,endpoint_exhausted,0,0,0,wuhan,local_broadband_wuhan,account_wuhan,9343,97,partial,GK2026D1,,
2026-08-23T15:34:10,reply,6a26b86a000000003501da98,6a2818db000000002702aef9,complete,endpoint_exhausted,0,0,0,wuhan,local_broadband_wuhan,account_wuhan,9343,97,partial,GK2026D1,,
2026-08-23T15:34:10,reply,6a26b86a000000003501da98,6a281859000000002a005973,complete,endpoint_exhausted,0,0,0,wuhan,local_broadband_wuhan,account_wuhan,9343,97,partial,GK2026D1,,
2026-08-23T15:34:10,reply,6a26b86a000000003501da98,6a281845000000002900cc94,complete,endpoint_exhausted,0,0,0,wuhan,local_broadband_wuhan,account_wuhan,9343,97,partial,GK2026D1,,
2026-08-23T15:34:10,reply,6a26b86a000000003501da98,6a2817df000000002701e22f,complete,endpoint_exhausted,0,0,0,wuhan,local_broadband_wuhan,account_wuhan,9343,97,partial,GK2026D1,,
2026-08-23T15:34:10,reply,6a26b86a000000003501da98,6a281751000000002900cbfd,complete,endpoint_exhausted,0,0,0,wuhan,local_broadband_wuhan,account_wuhan,9343,97,partial,GK2026D1,,
2026-08-23T15:34:10,reply,6a26b86a000000003501da98,6a281728000000002900c1bf,complete,endpoint_exhausted,0,0,0,wuhan,local_broadband_wuhan,account_wuhan,9343,97,partial,GK2026D1,,
2026-08-23T15:34:25,reply,6a26b86a000000003501da98,6a2814cd0000000029013f83,complete,endpoint_exhausted,0,0,0,wuhan,local_broadband_wuhan,account_wuhan,9343,97,partial,GK2026D1,,
2026-08-23T15:34:25,reply,6a26b86a000000003501da98,6a2814b20000000027014ac9,complete,endpoint_exhausted,0,0,0,wuhan,local_broadband_wuhan,account_wuhan,9343,97,partial,GK2026D1,,
2026-08-23T15:34:25,reply,6a26b86a000000003501da98,6a28139a000000002702d89b,complete,endpoint_exhausted,0,0,0,wuhan,local_broadband_wuhan,account_wuhan,9343,97,partial,GK2026D1,,
2026-08-23T15:34:25,reply,6a26b86a000000003501da98,6a281384000000002701cc51,complete,endpoint_exhausted,0,0,0,wuhan,local_broadband_wuhan,account_wuhan,9343,97,partial,GK2026D1,,
2026-08-23T15:34:25,reply,6a26b86a000000003501da98,6a28137e000000002b02576d,complete,endpoint_exhausted,0,0,0,wuhan,local_broadband_wuhan,account_wuhan,9343,97,partial,GK2026D1,,
2026-08-23T15:34:25,reply,6a26b86a000000003501da98,6a281335000000002a025163,complete,endpoint_exhausted,0,0,0,wuhan,local_broadband_wuhan,account_wuhan,9343,97,partial,GK2026D1,,
2026-08-23T15:34:25,reply,6a26b86a000000003501da98,6a2812df0000000029018b5d,complete,endpoint_exhausted,0,0,0,wuhan,local_broadband_wuhan,account_wuhan,9343,97,partial,GK2026D1,,
2026-08-23T15:34:25,reply,6a26b86a000000003501da98,6a28114f000000002b0265ea,complete,endpoint_exhausted,0,0,0,wuhan,local_broadband_wuhan,account_wuhan,9343,97,partial,GK2026D1,,
2026-08-23T15:34:25,reply,6a26b86a000000003501da98,6a28105c000000002900e85a,complete,endpoint_exhausted,0,0,0,wuhan,local_broadband_wuhan,account_wuhan,9343,97,partial,GK2026D1,,
2026-08-23T15:34:25,reply,6a26b86a000000003501da98,6a280fd10000000028038b3d,complete,endpoint_exhausted,0,0,0,wuhan,local_broadband_wuhan,account_wuhan,9343,97,partial,GK2026D1,,
2026-08-23T15:34:41,reply,6a26b86a000000003501da98,6a280eb0000000002900f587,complete,endpoint_exhausted,0,0,0,wuhan,local_broadband_wuhan,account_wuhan,9343,97,partial,GK2026D1,,
2026-08-23T15:34:41,reply,6a26b86a000000003501da98,6a280e8f000000002901ad0d,complete,endpoint_exhausted,0,0,0,wuhan,local_broadband_wuhan,account_wuhan,9343,97,partial,GK2026D1,,
2026-08-23T15:34:41,reply,6a26b86a000000003501da98,6a280dd2000000002a02fc99,complete,endpoint_exhausted,0,0,0,wuhan,local_broadband_wuhan,account_wuhan,9343,97,partial,GK2026D1,,
2026-08-23T15:34:41,reply,6a26b86a000000003501da98,6a280b3c000000002901bdae,complete,endpoint_exhausted,0,1,1,wuhan,local_broadband_wuhan,account_wuhan,9343,97,partial,GK2026D1,,
2026-08-23T15:34:41,reply,6a26b86a000000003501da98,6a280a44000000002a032cf2,complete,endpoint_exhausted,0,0,0,wuhan,local_broadband_wuhan,account_wuhan,9343,97,partial,GK2026D1,,
2026-08-23T15:34:41,reply,6a26b86a000000003501da98,6a280a1e000000002a02c2a9,complete,endpoint_exhausted,0,0,0,wuhan,local_broadband_wuhan,account_wuhan,9343,97,partial,GK2026D1,,
2026-08-23T15:34:41,reply,6a26b86a000000003501da98,6a280a0f00000000280395e2,complete,endpoint_exhausted,0,0,0,wuhan,local_broadband_wuhan,account_wuhan,9343,97,partial,GK2026D1,,
2026-08-23T15:34:41,reply,6a26b86a000000003501da98,6a2809430000000027028145,complete,endpoint_exhausted,0,0,0,wuhan,local_broadband_wuhan,account_wuhan,9343,97,partial,GK2026D1,,
2026-08-23T15:34:41,reply,6a26b86a000000003501da98,6a28086800000000270228a3,complete,endpoint_exhausted,0,0,0,wuhan,local_broadband_wuhan,account_wuhan,9343,97,partial,GK2026D1,,
2026-08-23T15:34:41,reply,6a26b86a000000003501da98,6a2807420000000028035672,complete,endpoint_exhausted,0,0,0,wuhan,local_broadband_wuhan,account_wuhan,9343,97,partial,GK2026D1,,
2026-08-23T15:34:56,reply,6a26b86a000000003501da98,6a2805d2000000002702a247,complete,endpoint_exhausted,0,0,0,wuhan,local_broadband_wuhan,account_wuhan,9343,97,partial,GK2026D1,,
2026-08-23T15:34:56,reply,6a26b86a000000003501da98,6a27ffcd000000002b02583c,complete,endpoint_exhausted,0,0,0,wuhan,local_broadband_wuhan,account_wuhan,9343,97,partial,GK2026D1,,
2026-08-23T15:34:56,reply,6a26b86a000000003501da98,6a27ff97000000002900db47,complete,endpoint_exhausted,0,0,0,wuhan,local_broadband_wuhan,account_wuhan,9343,97,partial,GK2026D1,,
2026-08-23T15:34:56,reply,6a26b86a000000003501da98,6a27fef8000000002b00343c,complete,endpoint_exhausted,0,0,0,wuhan,local_broadband_wuhan,account_wuhan,9343,97,partial,GK2026D1,,
2026-08-23T15:34:56,reply,6a26b86a000000003501da98,6a27fdf1000000002803081d,complete,endpoint_exhausted,0,0,0,wuhan,local_broadband_wuhan,account_wuhan,9343,97,partial,GK2026D1,,
2026-08-23T15:34:56,reply,6a26b86a000000003501da98,6a27fd60000000002a02d716,complete,endpoint_exhausted,0,0,0,wuhan,local_broadband_wuhan,account_wuhan,9343,97,partial,GK2026D1,,
2026-08-23T15:34:56,reply,6a26b86a000000003501da98,6a27f9e5000000002a0046d0,complete,endpoint_exhausted,0,0,0,wuhan,local_broadband_wuhan,account_wuhan,9343,97,partial,GK2026D1,,
2026-08-23T15:34:56,reply,6a26b86a000000003501da98,6a27f9bc0000000028039268,complete,endpoint_exhausted,0,0,0,wuhan,local_broadband_wuhan,account_wuhan,9343,97,partial,GK2026D1,,
2026-08-23T15:34:56,reply,6a26b86a000000003501da98,6a27f8480000000029010e11,complete,endpoint_exhausted,0,0,0,wuhan,local_broadband_wuhan,account_wuhan,9343,97,partial,GK2026D1,,
2026-08-23T15:34:56,reply,6a26b86a000000003501da98,6a27f82d000000002900c464,complete,endpoint_exhausted,0,0,0,wuhan,local_broadband_wuhan,account_wuhan,9343,97,partial,GK2026D1,,
2026-08-23T15:35:11,reply,6a26b86a000000003501da98,6a27f803000000002a033b06,complete,endpoint_exhausted,0,0,0,wuhan,local_broadband_wuhan,account_wuhan,9343,97,partial,GK2026D1,,
2026-08-23T15:35:11,reply,6a26b86a000000003501da98,6a27f5cd000000002a024d75,complete,endpoint_exhausted,0,0,0,wuhan,local_broadband_wuhan,account_wuhan,9343,97,partial,GK2026D1,,
2026-08-23T15:35:11,reply,6a26b86a000000003501da98,6a27f49d000000002702eee6,complete,endpoint_exhausted,0,0,0,wuhan,local_broadband_wuhan,account_wuhan,9343,97,partial,GK2026D1,,
2026-08-23T15:35:11,reply,6a26b86a000000003501da98,6a27f46d000000002900d4ae,complete,endpoint_exhausted,0,0,0,wuhan,local_broadband_wuhan,account_wuhan,9343,97,partial,GK2026D1,,
2026-08-23T15:35:11,reply,6a26b86a000000003501da98,6a27f3590000000028038fa2,complete,endpoint_exhausted,0,0,0,wuhan,local_broadband_wuhan,account_wuhan,9343,97,partial,GK2026D1,,
2026-08-23T15:35:11,reply,6a26b86a000000003501da98,6a27f2e3000000002a02420c,complete,endpoint_exhausted,0,0,0,wuhan,local_broadband_wuhan,account_wuhan,9343,97,partial,GK2026D1,,
2026-08-23T15:35:11,reply,6a26b86a000000003501da98,6a27f2280000000027022aa1,complete,endpoint_exhausted,0,0,0,wuhan,local_broadband_wuhan,account_wuhan,9343,97,partial,GK2026D1,,
2026-08-23T15:35:11,reply,6a26b86a000000003501da98,6a27effb000000002b0244c2,complete,endpoint_exhausted,0,0,0,wuhan,local_broadband_wuhan,account_wuhan,9343,97,partial,GK2026D1,,
2026-08-23T15:35:11,reply,6a26b86a000000003501da98,6a27efbf000000002902cef3,complete,endpoint_exhausted,0,0,0,wuhan,local_broadband_wuhan,account_wuhan,9343,97,partial,GK2026D1,,
2026-08-23T15:35:11,reply,6a26b86a000000003501da98,6a27ee6a000000002701e97f,complete,endpoint_exhausted,0,0,0,wuhan,local_broadband_wuhan,account_wuhan,9343,97,partial,GK2026D1,,
2026-08-23T15:35:27,reply,6a26b86a000000003501da98,6a27ed5e0000000028034063,complete,endpoint_exhausted,0,0,0,wuhan,local_broadband_wuhan,account_wuhan,9343,97,partial,GK2026D1,,
2026-08-23T15:35:27,reply,6a26b86a000000003501da98,6a27ec3900000000280394b5,complete,endpoint_exhausted,0,0,0,wuhan,local_broadband_wuhan,account_wuhan,9343,97,partial,GK2026D1,,
2026-08-23T15:35:27,reply,6a26b86a000000003501da98,6a27e5e9000000002701fa98,complete,endpoint_exhausted,0,0,0,wuhan,local_broadband_wuhan,account_wuhan,9343,97,partial,GK2026D1,,
2026-08-23T15:35:27,reply,6a26b86a000000003501da98,6a27e52f0000000028009e63,complete,endpoint_exhausted,0,0,0,wuhan,local_broadband_wuhan,account_wuhan,9343,97,partial,GK2026D1,,
2026-08-23T15:35:27,reply,6a26b86a000000003501da98,6a27e4400000000027021e9e,complete,endpoint_exhausted,0,0,0,wuhan,local_broadband_wuhan,account_wuhan,9343,97,partial,GK2026D1,,
2026-08-23T15:35:27,reply,6a26b86a000000003501da98,6a27e4110000000029011acc,complete,endpoint_exhausted,0,0,0,wuhan,local_broadband_wuhan,account_wuhan,9343,97,partial,GK2026D1,,
2026-08-23T15:35:27,reply,6a26b86a000000003501da98,6a27e12d000000002b02b624,complete,endpoint_exhausted,0,0,0,wuhan,local_broadband_wuhan,account_wuhan,9343,97,partial,GK2026D1,,
2026-08-23T15:35:27,reply,6a26b86a000000003501da98,6a27def600000000290199ba,complete,endpoint_exhausted,0,0,0,wuhan,local_broadband_wuhan,account_wuhan,9343,97,partial,GK2026D1,,
2026-08-23T15:35:27,reply,6a26b86a000000003501da98,6a27dc60000000002702997a,complete,endpoint_exhausted,0,0,0,wuhan,local_broadband_wuhan,account_wuhan,9343,97,partial,GK2026D1,,
2026-08-23T15:35:27,reply,6a26b86a000000003501da98,6a27db95000000002701d258,complete,endpoint_exhausted,0,0,0,wuhan,local_broadband_wuhan,account_wuhan,9343,97,partial,GK2026D1,,
2026-08-23T15:35:42,reply,6a26b86a000000003501da98,6a27db3e00000000280087cb,complete,endpoint_exhausted,0,0,0,wuhan,local_broadband_wuhan,account_wuhan,9343,97,partial,GK2026D1,,
2026-08-23T15:35:42,reply,6a26b86a000000003501da98,6a27d194000000002701ce64,complete,endpoint_exhausted,0,0,0,wuhan,local_broadband_wuhan,account_wuhan,9343,97,partial,GK2026D1,,
2026-08-23T15:35:42,reply,6a26b86a000000003501da98,6a27d113000000002803e638,complete,endpoint_exhausted,0,0,0,wuhan,local_broadband_wuhan,account_wuhan,9343,97,partial,GK2026D1,,
2026-08-23T15:35:42,reply,6a26b86a000000003501da98,6a27cf8f000000002a006fe4,complete,endpoint_exhausted,0,0,0,wuhan,local_broadband_wuhan,account_wuhan,9343,97,partial,GK2026D1,,
2026-08-23T15:35:42,reply,6a26b86a000000003501da98,6a27cb7900000000280375a8,complete,endpoint_exhausted,0,0,0,wuhan,local_broadband_wuhan,account_wuhan,9343,97,partial,GK2026D1,,
2026-08-23T15:35:42,reply,6a26b86a000000003501da98,6a27ca210000000028036e83,complete,endpoint_exhausted,0,0,0,wuhan,local_broadband_wuhan,account_wuhan,9343,97,partial,GK2026D1,,
2026-08-23T15:35:42,reply,6a26b86a000000003501da98,6a27c8e50000000029013d75,complete,endpoint_exhausted,0,0,0,wuhan,local_broadband_wuhan,account_wuhan,9343,97,partial,GK2026D1,,
2026-08-23T15:35:42,reply,6a26b86a000000003501da98,6a27c778000000002901ac7f,complete,endpoint_exhausted,0,0,0,wuhan,local_broadband_wuhan,account_wuhan,9343,97,partial,GK2026D1,,
2026-08-23T15:35:42,reply,6a26b86a000000003501da98,6a27c464000000002702a98d,complete,endpoint_exhausted,0,0,0,wuhan,local_broadband_wuhan,account_wuhan,9343,97,partial,GK2026D1,,
2026-08-23T15:35:42,reply,6a26b86a000000003501da98,6a27bdf1000000002a02c596,complete,endpoint_exhausted,0,0,0,wuhan,local_broadband_wuhan,account_wuhan,9343,97,partial,GK2026D1,,
2026-08-23T15:35:57,reply,6a26b86a000000003501da98,6a27badb000000002a006e42,complete,endpoint_exhausted,0,0,0,wuhan,local_broadband_wuhan,account_wuhan,9343,97,partial,GK2026D1,,
2026-08-23T15:35:57,reply,6a26b86a000000003501da98,6a27b90e00000000290263d8,complete,endpoint_exhausted,0,0,0,wuhan,local_broadband_wuhan,account_wuhan,9343,97,partial,GK2026D1,,
2026-08-23T15:35:57,reply,6a26b86a000000003501da98,6a27b808000000002800b3df,complete,endpoint_exhausted,0,0,0,wuhan,local_broadband_wuhan,account_wuhan,9343,97,partial,GK2026D1,,
2026-08-23T15:35:57,reply,6a26b86a000000003501da98,6a27b5a3000000002a025419,complete,endpoint_exhausted,0,0,0,wuhan,local_broadband_wuhan,account_wuhan,9343,97,partial,GK2026D1,,
2026-08-23T15:35:57,reply,6a26b86a000000003501da98,6a27aed7000000002900f5dd,complete,endpoint_exhausted,0,0,0,wuhan,local_broadband_wuhan,account_wuhan,9343,97,partial,GK2026D1,,
2026-08-23T15:35:57,reply,6a26b86a000000003501da98,6a27ae9b000000002900ea07,complete,endpoint_exhausted,0,0,0,wuhan,local_broadband_wuhan,account_wuhan,9343,97,partial,GK2026D1,,
2026-08-23T15:35:57,reply,6a26b86a000000003501da98,6a27adf00000000028038f91,complete,endpoint_exhausted,0,0,0,wuhan,local_broadband_wuhan,account_wuhan,9343,97,partial,GK2026D1,,
2026-08-23T15:35:57,reply,6a26b86a000000003501da98,6a27aaea000000002702b501,complete,endpoint_exhausted,0,0,0,wuhan,local_broadband_wuhan,account_wuhan,9343,97,partial,GK2026D1,,
2026-08-23T15:35:57,reply,6a26b86a000000003501da98,6a27aab5000000002803569c,complete,endpoint_exhausted,0,0,0,wuhan,local_broadband_wuhan,account_wuhan,9343,97,partial,GK2026D1,,
2026-08-23T15:35:57,reply,6a26b86a000000003501da98,6a279893000000002800b942,complete,endpoint_exhausted,0,0,0,wuhan,local_broadband_wuhan,account_wuhan,9343,97,partial,GK2026D1,,
2026-08-23T15:39:31,reply,6a26b86a000000003501da98,6a279bce00000000290366eb,complete,endpoint_exhausted,13,63,63,wuhan,local_broadband_wuhan,account_wuhan,9343,97,partial,GK2026D1,,
2026-08-23T15:40:33,reply,6a26b86a000000003501da98,6a27d487000000002a004cd8,complete,endpoint_exhausted,4,21,21,wuhan,local_broadband_wuhan,account_wuhan,9343,97,partial,GK2026D1,,
2026-08-23T15:41:03,reply,6a26b86a000000003501da98,6a292c990000000027029d51,complete,endpoint_exhausted,2,10,10,wuhan,local_broadband_wuhan,account_wuhan,9343,97,partial,GK2026D1,,
2026-08-23T15:41:19,reply,6a26b86a000000003501da98,6a279594000000002702272d,complete,endpoint_exhausted,1,3,3,wuhan,local_broadband_wuhan,account_wuhan,9343,97,partial,GK2026D1,,
2026-08-23T15:41:34,reply,6a26b86a000000003501da98,6a2803ee000000002a02689c,complete,endpoint_exhausted,1,4,4,wuhan,local_broadband_wuhan,account_wuhan,9343,97,partial,GK2026D1,,
2026-08-23T15:42:04,reply,6a26b86a000000003501da98,6a27e0f40000000027017736,complete,endpoint_exhausted,2,11,11,wuhan,local_broadband_wuhan,account_wuhan,9343,97,partial,GK2026D1,,
2026-08-23T15:42:20,reply,6a26b86a000000003501da98,6a27b6e10000000029024f04,complete,endpoint_exhausted,1,4,4,wuhan,local_broadband_wuhan,account_wuhan,9343,97,partial,GK2026D1,,
2026-08-23T15:42:50,reply,6a26b86a000000003501da98,6a28e79300000000280378ca,complete,endpoint_exhausted,2,10,10,wuhan,local_broadband_wuhan,account_wuhan,9343,97,partial,GK2026D1,,
2026-08-23T15:43:51,reply,6a26b86a000000003501da98,6a27f022000000002a007cb5,complete,endpoint_exhausted,4,17,17,wuhan,local_broadband_wuhan,account_wuhan,9343,97,partial,GK2026D1,,
2026-08-23T15:44:37,reply,6a26b86a000000003501da98,6a2926300000000027020281,complete,endpoint_exhausted,3,13,13,wuhan,local_broadband_wuhan,account_wuhan,9343,97,partial,GK2026D1,,
2026-08-23T15:44:53,reply,6a26b86a000000003501da98,6a27b1b4000000002902f50e,complete,endpoint_exhausted,0,0,0,wuhan,local_broadband_wuhan,account_wuhan,9343,97,partial,GK2026D1,,
2026-08-23T15:45:08,reply,6a26b86a000000003501da98,6a27cf1b000000002702db14,complete,endpoint_exhausted,1,4,4,wuhan,local_broadband_wuhan,account_wuhan,9343,97,partial,GK2026D1,,
