chunk_index,collection_status,event_id,note_id,comment_id,parent_comment_id,create_time,content,creator_hash,nickname,like_count,sub_comment_count,pictures,public_ip_location,last_modify_ts
97,partial,GK2026D1,6a26b86a000000003501da98,6a27b48400000000270298bb,,1780987013000,她很怕冷吗,86e924b6c609a356,願***心,106,51,,广东,1787469500271
97,partial,GK2026D1,6a26b86a000000003501da98,6a27d9140000000027023c92,,1780996372000,一看就是有钱人的娃，,398e67cfa4a56a6d,G*,285,12,,广东,1787469500274
97,partial,GK2026D1,6a26b86a000000003501da98,6a2772e80000000029019af9,,1780970217000,去体验高考的，所以没有人送考陪考[笑哭R]哈哈哈哈哈，这很广东[笑哭R],c9f6760255e3dadd,M***ǒ,67,21,,上海,1787469500284
97,partial,GK2026D1,6a26b86a000000003501da98,6a27f79e0000000029019324,,1781004190000,她虽然参加了高考，但她没真正体验到高考的气氛,2af78b10968f28a4,卡***吉,629,24,,广东,1787469500286
97,partial,GK2026D1,6a26b86a000000003501da98,6a279b81000000002a025377,,1780980609000,这款校服非常好看[点赞R][点赞R][点赞R]，同学也长得青春漂亮,b444d28ed623310b,小***7,38,3,,广东,1787469500288
97,partial,GK2026D1,6a26b86a000000003501da98,6a27d70e00000000280084c1,,1780995854000,家底这么厚吗[石化R],32c31dae5ed30d7b,大***),13,7,,内蒙古,1787469500291
97,partial,GK2026D1,6a26b86a000000003501da98,6a28b37e0000000027014429,,1781052287000,试卷作废，涉嫌作弊,f814dfad9e129005,m***o,18,12,,北京,1787469500294
97,partial,GK2026D1,6a26b86a000000003501da98,6a27cd7c000000002902c751,,1780993404000,普通考生不要学我这样[笑哭R],81db913a76efcd98,椰***长,38,2,,广东,1787469500296
97,partial,GK2026D1,6a26b86a000000003501da98,6a27bc8a000000002a00737d,,1780989066000,富贵人家。准备出国留学的,db2626f897cff202,m***o,24,2,,广东,1787469500299
97,partial,GK2026D1,6a26b86a000000003501da98,6a2a2d6b00000000280313dd,,1781149035000,感觉像是考国外大学的,ab721187cebfdf2f,暮***雪,23,6,,上海,1787469500300
97,partial,GK2026D1,6a26b86a000000003501da98,6a27b4cf0000000028035f44,6a27b48400000000270298bb,1780987087000,估计考场空调冷。我10几年前高考也穿长袖[笑哭R],c86b2f6d8cbf1145,m***o,355,0,,广东,1787469515315
97,partial,GK2026D1,6a26b86a000000003501da98,6a27b93a000000002701ebbb,6a27b48400000000270298bb,1780988218000,学生的外套校服是恒温的。,f38ce68b9e20ef09,m***o,137,0,,广东,1787469515560
97,partial,GK2026D1,6a26b86a000000003501da98,6a27bce80000000028035895,6a27b93a000000002701ebbb,1780989161000,哈哈哈,f56ec9557a1bed89,爱***🍑,8,0,,广西,1787469515564
97,partial,GK2026D1,6a26b86a000000003501da98,6a27c21e000000002901056d,6a27b48400000000270298bb,1780990495000,考场空调非常冷，不穿外套不行[捂脸R],675e22399c609f1c,棒***🍭,37,0,,北京,1787469515566
97,partial,GK2026D1,6a26b86a000000003501da98,6a27cf130000000027023b40,6a27cae40000000027029972,1780993812000,大家一样,86e924b6c609a356,願***心,3,0,,广东,1787469515568
97,partial,GK2026D1,6a26b86a000000003501da98,6a27d2010000000027017b45,6a27b48400000000270298bb,1780994562000,空调,654dedf9d72a6cc0,谜*,0,0,,江苏,1787469515570
97,partial,GK2026D1,6a26b86a000000003501da98,6a27d578000000002803ae41,6a27b48400000000270298bb,1780995448000,我们办公室穿薄羽绒服[笑哭R],f4b5cdab9e256b2e,非***常,0,0,,广东,1787469530858
97,partial,GK2026D1,6a26b86a000000003501da98,6a27dbf2000000002803dd9c,6a27b48400000000270298bb,1780997107000,考场开很冷[笑哭R]因为以前试过吹飞高考试卷，以前没空调的年代[笑哭R][笑哭R][笑哭R][笑哭R],48bb6b677ebf977b,小***o,0,0,,广东,1787469530862
97,partial,GK2026D1,6a26b86a000000003501da98,6a27e167000000002702892b,6a27b93a000000002701ebbb,1780998503000,冬天不冷夏天不热,8da99e52a1a6967a,1***8,1,0,,北京,1787469530865
97,partial,GK2026D1,6a26b86a000000003501da98,6a27e98900000000280358ae,6a27b4cf0000000028035f44,1781000585000,有没有可能今天本身就有点冷，尤其是早上,0f1553d9560ede8e,社***8,1,0,,广东,1787469530867
97,partial,GK2026D1,6a26b86a000000003501da98,6a27ed5400000000270210dd,6a27b48400000000270298bb,1781001557000,真光空调挺冷的[笑哭R],89a356d1c67e5447,会***猫,0,0,,广东,1787469530869
97,partial,GK2026D1,6a26b86a000000003501da98,6a27f08b000000002803f0a6,6a27b48400000000270298bb,1781002379000,今天早上22°,95ef78bfcd020079,五***旬,1,0,,广东,1787469546143
97,partial,GK2026D1,6a26b86a000000003501da98,6a27f1ba000000002803f8af,6a27b48400000000270298bb,1781002682000,我今天也让女儿多带一件～不一定是女孩子冷，也可以是妈妈觉得冷[害羞R][害羞R][害羞R],a82025e5c64422e0,小***g,1,0,,广东,1787469546147
97,partial,GK2026D1,6a26b86a000000003501da98,6a27f5a6000000002a030d8b,6a27b48400000000270298bb,1781003687000,今日是有点凉，早上才22度。考场又有空调，我娃夏天都会穿长裤，有时还要加校服外套的，课室空调太冷了。,485786ec871e9857,m***o,0,0,,广东,1787469546149
97,partial,GK2026D1,6a26b86a000000003501da98,6a27f8e8000000002803f850,6a27b48400000000270298bb,1781004520000,今天真的挺凉,16e91303b25a3ab4,m***o,0,0,,广东,1787469546152
97,partial,GK2026D1,6a26b86a000000003501da98,6a27f983000000002701d7e2,6a27b4cf0000000028035f44,1781004676000,我08年高考无空调 热到嗨咁 都系真光中学[笑哭R],132003b97e625244,自***断,0,0,,广东,1787469546153
97,partial,GK2026D1,6a26b86a000000003501da98,6a27fdc2000000002901324b,6a27b48400000000270298bb,1781005762000,现在课室基本开空调…真的会冷,d6f43689e8a2e572,阿*,0,0,,广东,1787469561427
97,partial,GK2026D1,6a26b86a000000003501da98,6a28015a0000000028031d67,6a27b48400000000270298bb,1781006683000,今天降温，我们这20来度，还开空调，有点起鸡皮疙瘩,a81ec3fe9e9cda80,咸***人,0,0,,广东,1787469561429
97,partial,GK2026D1,6a26b86a000000003501da98,6a28042b000000002803aae3,6a27b48400000000270298bb,1781007403000,今天确实冷，我出门也穿了外套,df27014b8bf78d30,s***ā,0,0,,广东,1787469561431
97,partial,GK2026D1,6a26b86a000000003501da98,6a28051d000000002b024e94,6a27b48400000000270298bb,1781007646000,这几天挺冷的吧,660a0acab4bb3c27,鹿*,0,0,,广西,1787469561434
97,partial,GK2026D1,6a26b86a000000003501da98,6a28068d0000000028032c9f,6a27b48400000000270298bb,1781008014000,今天确实有点凉,9d7dfe9724bc8794,R***2,0,0,,广东,1787469561436
97,partial,GK2026D1,6a26b86a000000003501da98,6a280beb000000002701c93e,6a27b48400000000270298bb,1781009387000,我女儿也这样穿，都热死了非要穿外套[捂脸R],b6ca5d7e01ba3ebb,天***鱼,0,0,,广东,1787469576744
97,partial,GK2026D1,6a26b86a000000003501da98,6a280fc4000000002a030293,6a27b48400000000270298bb,1781010373000,考场空调啊。。,1c00f40e5dd5b1b4,叫***黑,0,0,,广东,1787469576747
97,partial,GK2026D1,6a26b86a000000003501da98,6a2810d20000000029012a3b,6a27f983000000002701d7e2,1781010643000,我12年高考的，我地系自己高中考有空调[笑哭R][笑哭R][笑哭R]平时上课都会开，然后整个高中落来我鼻炎了[失望R][失望R][失望R],c86b2f6d8cbf1145,m***o,0,0,,广东,1787469576750
97,partial,GK2026D1,6a26b86a000000003501da98,6a2815ab0000000028039de4,6a27b4cf0000000028035f44,1781011884000,那你也很怕冷,fac5b113b4fc02d6,c***r,0,0,,福建,1787469576752
97,partial,GK2026D1,6a26b86a000000003501da98,6a281838000000002900c97b,6a2815ab0000000028039de4,1781012536000,本来就怕冷体寒，高中三年一到夏天天天对着空调吹到感冒[失望R][失望R][失望R],c86b2f6d8cbf1145,m***o,0,0,,广东,1787469576755
97,partial,GK2026D1,6a26b86a000000003501da98,6a281b3b00000000270229fe,6a2810d20000000029012a3b,1781013307000,空调我们买的[笑哭R]当时每人凑钱买空调，但是高考个几日没开空调,132003b97e625244,自***断,0,0,,广东,1787469592051
97,partial,GK2026D1,6a26b86a000000003501da98,6a281b5b000000002803dfc5,6a27b48400000000270298bb,1781013339000,高中生都这么穿[笑哭R],11dbb690de5cbffd,我***火,0,0,,北京,1787469592054
97,partial,GK2026D1,6a26b86a000000003501da98,6a281e44000000002b0251da,6a27b48400000000270298bb,1781014084000,今天大降温啊，我们这最低14度,0524a35cc9a21914,夹***存,0,0,,云南,1787469592055
97,partial,GK2026D1,6a26b86a000000003501da98,6a2822d0000000002901a5bc,6a27b48400000000270298bb,1781015248000,广东的习惯：宁愿热（不会打那个字）亲d唔好冻亲。宁愿挪衫d唔好无衫着[doge],960ad24e349553e2,提***金,0,0,,广东,1787469592057
97,partial,GK2026D1,6a26b86a000000003501da98,6a2825a0000000002b002abc,6a27b48400000000270298bb,1781015968000,这几天下雨了，温度降了，考场空调一开，冷啊[鄙视R],2b6ac859b3ab17ad,凉***凉,0,0,,广东,1787469592059
97,partial,GK2026D1,6a26b86a000000003501da98,6a282984000000002900ce06,6a281b3b00000000270229fe,1781016964000,[石化R]我们入学学校就有空调了，我们是新校区的第二届[笑哭R][笑哭R],c86b2f6d8cbf1145,m***o,0,0,,广东,1787469607338
97,partial,GK2026D1,6a26b86a000000003501da98,6a282e310000000029034866,6a27b48400000000270298bb,1781018161000,今早23度呢,3e8d199fa0771fed,藤***腿,0,0,,广东,1787469607342
97,partial,GK2026D1,6a26b86a000000003501da98,6a282f170000000029010c71,6a27b48400000000270298bb,1781018391000,我可以温暖她[偷笑R],7044fa47f6526079,起***吧,0,0,,重庆,1787469607345
97,partial,GK2026D1,6a26b86a000000003501da98,6a28303b0000000029036003,6a27b93a000000002701ebbb,1781018683000,[笑哭R][笑哭R]也是非常有生活了,f815904165f123a0,m***o,0,0,,广东,1787469607347
97,partial,GK2026D1,6a26b86a000000003501da98,6a28475c000000002902dc3a,6a27b48400000000270298bb,1781024604000,广州最近降温了,22ca146a9d0cf167,比***霸,0,0,,广东,1787469607349
97,partial,GK2026D1,6a26b86a000000003501da98,6a28cf5f0000000029027a48,6a27b93a000000002701ebbb,1781059423000,哈哈，很能理解这句话，不管多热的天，学生崽的外套都焊在身上[笑哭R],3e300a9dfe964bb9,Q*,0,0,,湖北,1787469622623
97,partial,GK2026D1,6a26b86a000000003501da98,6a29004a000000002a02c455,6a27b48400000000270298bb,1781071946000,考场很冷，空调开的很足[笑哭R],a11dd1b048d96dd5,用***销,0,0,,广东,1787469622626
97,partial,GK2026D1,6a26b86a000000003501da98,6a29052b0000000029010272,6a27b48400000000270298bb,1781073196000,课室的空调开的很低，特别是坐在风口附近很冷的,596d7e0466e1d3fa,手***晨,0,0,,广东,1787469622629
97,partial,GK2026D1,6a26b86a000000003501da98,6a290fee0000000028033cb5,6a27b48400000000270298bb,1781075951000,教室里都有空调，冷的要死,3bf65d677cd4645a,小***侠,0,0,,江西,1787469622631
97,partial,GK2026D1,6a26b86a000000003501da98,6a2912e7000000002701660f,6a27b48400000000270298bb,1781076712000,这2天冷,67f2470cd3e8debd,S***n,0,0,,广东,1787469622633
97,partial,GK2026D1,6a26b86a000000003501da98,6a298f0d000000002803e95d,6a27b48400000000270298bb,1781108493000,现在中学生都这样，大夏天外套都不脱,bc44e666ca880189,大***厨,0,0,,广东,1787469637905
97,partial,GK2026D1,6a26b86a000000003501da98,6a29b2080000000027015cdd,6a27b93a000000002701ebbb,1781117449000,[捂脸R],5ad355317e277dd7,m***o,0,0,,广东,1787469637907
97,partial,GK2026D1,6a26b86a000000003501da98,6a2a504e000000002900f105,6a27b48400000000270298bb,1781157966000,学生的外套，黄总的皮衣,d1b2b8cd92fb484b,金***馆,0,0,,江苏,1787469637909
97,partial,GK2026D1,6a26b86a000000003501da98,6a2ab2d2000000002a024d85,6a27b48400000000270298bb,1781183187000,我们班有三分之二都怕冷,6bcd1c46029e7dbc,行***河,0,0,,广东,1787469637911
97,partial,GK2026D1,6a26b86a000000003501da98,6a2b3ea9000000002702387d,6a27b48400000000270298bb,1781218985000,学校空调很冷，前几天很闷热那几天我去开家长会，冷死了，空调加几个风扇在吹,9f1141de9a60921f,耀*,0,0,,广东,1787469637913
97,partial,GK2026D1,6a26b86a000000003501da98,6a2b8f7c00000000280351e5,6a27dbf2000000002803dd9c,1781239676000,那应该不叫冷，单纯风大,9cec8717e18a6bdf,天***了,0,0,,北京,1787469653192
97,partial,GK2026D1,6a26b86a000000003501da98,6a2c14d10000000027017050,6a27b93a000000002701ebbb,1781273810000,[点赞R]我突然就明白了为啥我女儿一年四季都把外套焊在身上！,b2ed3b496b9bace5,小***4,0,0,,广东,1787469653195
97,partial,GK2026D1,6a26b86a000000003501da98,6a621b6b00000000290252c9,6a27b48400000000270298bb,1784814443000,我女天天都带外套去学校[偷笑R],150c79c5526887d9,m***o,0,0,,广东,1787469653198
97,partial,GK2026D1,6a26b86a000000003501da98,6a27cae40000000027029972,6a27b48400000000270298bb,1780992741000,谁知道考场空调冷不冷啊，当然带多一件外套啊，出来后不想拿就穿在身上啊，这有什么好问的，你是没东西问了吗,5918462a82632a3c,忍***气,6,0,,广东,1787469653200
97,partial,GK2026D1,6a26b86a000000003501da98,6a27f7da0000000027020d6d,6a27b48400000000270298bb,1781004251000,这也能审判啊,7a43d8cac4239f06,你***啊,0,0,,陕西,1787469653202
97,partial,GK2026D1,6a26b86a000000003501da98,6a280c1f000000002b002e35,6a27d9140000000027023c92,1781009440000,现在00后都很有钱，不过10后更有钱很多家庭都带保姆司机[失望R],10f1072a673ad7dc,房***子,20,0,,广东,1787469668206
97,partial,GK2026D1,6a26b86a000000003501da98,6a28eec80000000027017c17,6a280c1f000000002b002e35,1781067464000,这个“都”是怎么来的[笑哭R],b538a1d0b53692da,S***a,34,0,,广东,1787469668472
97,partial,GK2026D1,6a26b86a000000003501da98,6a28eeee0000000029019644,6a28eec80000000027017c17,1781067503000,10后最幸福,10f1072a673ad7dc,房***子,2,0,,广东,1787469668476
97,partial,GK2026D1,6a26b86a000000003501da98,6a28f2c7000000002b0268bb,6a27d9140000000027023c92,1781068489000,看视频要抓重点,a2f15177ba4147ef,w***r,8,0,http://sns-webpic-qc.xhscdn.com/202608231521/a441ac84c9f866884499a08cf8e1f946/comment/1040g2h03217lrhr4na605q7f2s8ckhmqse9v8bg!nd_whgt34_webp_wm_1,广东,1787469668478
97,partial,GK2026D1,6a26b86a000000003501da98,6a2ac89000000000270295c3,6a28eeee0000000029019644,1781188752000,每个时代都有每个时代的不如意[微笑R],c7ab1fc32b4edc79,尼***斯,1,0,,甘肃,1787469668480
97,partial,GK2026D1,6a26b86a000000003501da98,6a2b9b24000000002a02ca1c,6a280c1f000000002b002e35,1781242661000,我打了儿子一天他就是不说他有多少钱[笑哭R],c8f6f79e258a7b33,小***D,0,0,,福建,1787469668482
97,partial,GK2026D1,6a26b86a000000003501da98,6a2c9a18000000002a0268e3,6a280c1f000000002b002e35,1781307929000,我女儿20后更有钱，2岁半就飞去三亚了[doge],51649a40b93ee9e5,秦***爷,0,0,,陕西,1787469683800
97,partial,GK2026D1,6a26b86a000000003501da98,6a35352c0000000029027d18,6a28eec80000000027017c17,1781871917000,广州人都是房东收租的，有钱,5cf04219093fbc24,吴***西,0,0,,广东,1787469683804
97,partial,GK2026D1,6a26b86a000000003501da98,6a28dc9b000000002800ac3d,6a280c1f000000002b002e35,1781062812000,把都字取掉，先别说我的ip，就你们的ip也不能用都吧[微笑R],c7ab1fc32b4edc79,尼***斯,8,0,,甘肃,1787469683806
97,partial,GK2026D1,6a26b86a000000003501da98,6a290481000000002702d6b0,6a28f2c7000000002b0268bb,1781073026000,关你啥事,398e67cfa4a56a6d,G*,1,0,,广东,1787469683808
97,partial,GK2026D1,6a26b86a000000003501da98,6a29f4b2000000002901aef8,6a27d9140000000027023c92,1781134514000,国情不同,44d6548eb8590c71,盖***南,0,0,,山东,1787469683810
97,partial,GK2026D1,6a26b86a000000003501da98,6a2cb3fa000000002a004dbd,6a280c1f000000002b002e35,1781314554000,保姆司机的孩子也都很有钱？[doge],9a3fe668d54e3648,m***o,0,0,,浙江,1787469699397
97,partial,GK2026D1,6a26b86a000000003501da98,6a27a8dd000000002901bd81,6a2772e80000000029019af9,1780984029000,广东的体不体验都没有人陪考的,e9b85d4260759a1d,同***气,63,0,,广东,1787469714412
97,partial,GK2026D1,6a26b86a000000003501da98,6a27af3b00000000280394e7,6a2772e80000000029019af9,1780985659000,外面马路边快40℃高温，且随时来一场过云雨，下完雨又暴晒，人在路上就像煎焗一样[捂脸R]很难陪考[笑哭R],ad95a805f19e2c4c,闪***波,12,0,,广东,1787469714722
97,partial,GK2026D1,6a26b86a000000003501da98,6a27b9c5000000002702c4d6,6a2772e80000000029019af9,1780988358000,估计是要出国留学的，所以不在意[笑哭R],eff6413c75a8256e,啊***哈,5,0,,广东,1787469714724
97,partial,GK2026D1,6a26b86a000000003501da98,6a27ba45000000002901979b,6a2772e80000000029019af9,1780988485000,是陪烤，下雨又焖又烤[笑哭R],25b963a38b1f8d44,圆***子,7,0,,广东,1787469714726
97,partial,GK2026D1,6a26b86a000000003501da98,6a27c59c000000002702c7eb,6a2772e80000000029019af9,1780991388000,广东的考生都是学校直接去考场,f7f113cbbf8cc20a,洋***7,1,0,,广东,1787469714728
97,partial,GK2026D1,6a26b86a000000003501da98,6a27c5e6000000002a006c09,6a27c59c000000002702c7eb,1780991463000,我记得中考的时候我妈还是送我的[笑哭R]那时候深圳的家长还是会送一下的[笑哭R][笑哭R],c9f6760255e3dadd,M***ǒ,0,0,,上海,1787469714731
97,partial,GK2026D1,6a26b86a000000003501da98,6a27d29f000000002701cd41,6a27cc94000000002b02aba3,1780994719000,可能会来接 但考试期间不会等,96cbcd74d4cdee33,肥***露,1,0,,广东,1787469730038
97,partial,GK2026D1,6a26b86a000000003501da98,6a27ea15000000002902c9b0,6a27cc94000000002b02aba3,1781000725000,这是已经考完了，顺便去吃个饭,e9b85d4260759a1d,同***气,0,0,,广东,1787469730041
97,partial,GK2026D1,6a26b86a000000003501da98,6a27ebf5000000002b003247,6a27ea15000000002902c9b0,1781001206000,我们这边都是陪考，考完都不吃饭的[笑哭R][笑哭R],e797dec679ba59f4,听***),0,0,,山东,1787469730043
97,partial,GK2026D1,6a26b86a000000003501da98,6a27ec2e000000002a02eef3,6a27ebf5000000002b003247,1781001263000,这边家长长辈都是各忙各的，考完最后一天顺便吃个饭当“庆功”[笑哭R],e9b85d4260759a1d,同***气,0,0,,广东,1787469730044
97,partial,GK2026D1,6a26b86a000000003501da98,6a27fd46000000002900c5de,6a27cc94000000002b02aba3,1781005639000,考完了接人啊[汗颜R],02b89f512d1f6e52,m***o,0,0,,广东,1787469730047
97,partial,GK2026D1,6a26b86a000000003501da98,6a28107c000000002a02c33b,6a27b9c5000000002702c4d6,1781010557000,这是在国外读书了，回来体验下的。,1c00f40e5dd5b1b4,叫***黑,1,0,,广东,1787469745338
97,partial,GK2026D1,6a26b86a000000003501da98,6a281193000000002800859b,6a2772e80000000029019af9,1781010836000,有可能到路口就上豪车了，怕冷穿个外套[笑哭R],183860f2e05010ad,小***F,0,0,,广东,1787469745342
97,partial,GK2026D1,6a26b86a000000003501da98,6a28d1ab000000002803d80e,6a2772e80000000029019af9,1781060012000,广东只会全考完后来接，因为要把宿舍的所有东西都带回家，不来接就拿不了,4fe86b3bb4db1337,s***n,0,0,,广东,1787469745344
97,partial,GK2026D1,6a26b86a000000003501da98,6a28ed030000000028009552,6a27cc94000000002b02aba3,1781067012000,那些是来接的 一般都不会等着陪考一整天的 之前我高考那会儿也是这样基本都是送到就走 最多考完了来接一下[笑哭R][笑哭R][笑哭R],fd358b11e8fb7a79,ㅤ*,0,0,,广东,1787469745346
97,partial,GK2026D1,6a26b86a000000003501da98,6a2958260000000027028173,6a2772e80000000029019af9,1781094438000,一直没搞懂为啥陪考[笑哭R],4256e36acd980945,涟*,0,0,,广东,1787469745348
97,partial,GK2026D1,6a26b86a000000003501da98,6a27af92000000002800b41a,6a2772e80000000029019af9,1780985746000,陪考什麼東東？廣東人不懂[笑哭R],be53032308e339e8,K***g,0,0,,广东,1787469760645
97,partial,GK2026D1,6a26b86a000000003501da98,6a27cc94000000002b02aba3,6a27a8dd000000002901bd81,1780993173000,后边那些家长都是假人吗？,e797dec679ba59f4,听***),0,0,,山东,1787469760649
97,partial,GK2026D1,6a26b86a000000003501da98,6a27fd080000000028037656,6a2772e80000000029019af9,1781005577000,有什么好陪的啊，考完去接就行了啊，陪了又怎样了陪了她在里面就能发挥超群吗？[捂脸R][捂脸R][捂脸R]搞不懂为啥在外面等，不热吗？,02b89f512d1f6e52,m***o,1,0,,广东,1787469760651
97,partial,GK2026D1,6a26b86a000000003501da98,6a28f1ed000000002b0009e2,6a28ed030000000028009552,1781068269000,想说的就是这个，哪里都不绝对，闭着眼搞地域黑太无聊了。北方家长也不傻天热了也知道回家，南方家长也不是不疼爱孩子，该陪同也会去。,e797dec679ba59f4,听***),0,0,,山东,1787469760653
97,partial,GK2026D1,6a26b86a000000003501da98,6a2914e9000000002702d740,6a28f1ed000000002b0009e2,1781077226000,对呀 没人地域黑啊 只是说大环境如此罢了，有些地方大环境就是全程不管多热都在外面一直等着，有些地方就是送到走 到点来接 ，这有啥好黑的？只不过是每个地方的习惯不一样，大家在说的都是自己省的大部分情况啊,fd358b11e8fb7a79,ㅤ*,0,0,,广东,1787469760654
97,partial,GK2026D1,6a26b86a000000003501da98,6a280c00000000002701ceb4,6a27f79e0000000029019324,1781009408000,是的，没有奋战的过程,b6ca5d7e01ba3ebb,天***鱼,125,0,,广东,1787469775667
97,partial,GK2026D1,6a26b86a000000003501da98,6a27f7ea000000002701660b,6a27f79e0000000029019324,1781004267000,额[doge],7a43d8cac4239f06,你***啊,21,0,,陕西,1787469775934
97,partial,GK2026D1,6a26b86a000000003501da98,6a27f82d000000002a0302c3,6a27f79e0000000029019324,1781004334000,对啊,f6886ba4e5a3e420,你***吧,3,0,,广东,1787469775938
97,partial,GK2026D1,6a26b86a000000003501da98,6a280fd4000000002a02e0e6,6a27f79e0000000029019324,1781010388000,体验到了。。,1c00f40e5dd5b1b4,叫***黑,2,0,,广东,1787469775940
97,partial,GK2026D1,6a26b86a000000003501da98,6a2817ad000000002901bfd1,6a280fd4000000002a02e0e6,1781012398000,就好像只是的变形计，富人家的小孩去穷人家体验生活的道理差不多,2af78b10968f28a4,卡***吉,68,0,,广东,1787469775942
97,partial,GK2026D1,6a26b86a000000003501da98,6a281863000000002a005b5a,6a2817ad000000002901bfd1,1781012579000,变形计是什么？,1c00f40e5dd5b1b4,叫***黑,0,0,,广东,1787469775945
97,partial,GK2026D1,6a26b86a000000003501da98,6a2841400000000027020e36,6a27f79e0000000029019324,1781023041000,可惜了[暗中观察R],6188f09529951a33,L***e,0,0,,陕西,1787469791192
97,partial,GK2026D1,6a26b86a000000003501da98,6a2906ed00000000270203af,6a27f79e0000000029019324,1781073645000,她说了啊，就是来体验的。,4a8e34a8a885d290,天***鱼,5,0,,中国香港,1787469791194
97,partial,GK2026D1,6a26b86a000000003501da98,6a293542000000002701403f,6a27f79e0000000029019324,1781085506000,字里行间感觉到酸，不知道是不是错觉，人家本来计划出国，人生就这样，比我再选我都不想感受了,221bc60ea2248d20,圆***噜,11,0,,广东,1787469791196
97,partial,GK2026D1,6a26b86a000000003501da98,6a296428000000002b00015f,6a27f79e0000000029019324,1781097512000,富贵家庭女孩子  安排溜学了,743f45ab1069a586,振***回,0,0,,浙江,1787469791200
97,partial,GK2026D1,6a26b86a000000003501da98,6a2a270c000000002a007831,6a27f79e0000000029019324,1781147405000,赞同你说的，人生有苦有乐，高考努力准备，考完了特别放松是很爽的，当然，这个女孩子肯定也有自己的人生高考了，双引号版,51ed417731c37a5e,今***M,0,0,,湖南,1787469791201
97,partial,GK2026D1,6a26b86a000000003501da98,6a2ad84d0000000029024959,6a27f79e0000000029019324,1781192781000,是因为人家有选择啊，人家有底气不孤注一掷走接下来的路,01b02046ebfbe6f7,M***l,0,0,,天津,1787469806470
97,partial,GK2026D1,6a26b86a000000003501da98,6a2e15fb000000002901129d,6a280c00000000002701ceb4,1781405179000,省点力 送外卖快递 女的…做直播吧 不插边就好[失望R][失望R],0b4fbe6a2d24a921,米***奇,0,0,,广东,1787469806473
97,partial,GK2026D1,6a26b86a000000003501da98,6a2e5472000000002900d2b7,6a27f79e0000000029019324,1781421170000,没必要体验[捂脸R],4c1367e0d327ec1c,J***y,0,0,,广东,1787469806475
97,partial,GK2026D1,6a26b86a000000003501da98,6a27f944000000002701c658,6a27f79e0000000029019324,1781004613000,她很遗憾 没有体会过贫穷,48dd38402f6e2b61,呜***哩,63,0,,浙江,1787469806478
97,partial,GK2026D1,6a26b86a000000003501da98,6a2800da0000000029034a1f,6a27f944000000002701c658,1781006555000,这是需要体验的吗,a516e753873d43b3,☃***e,11,0,,广东,1787469806480
97,partial,GK2026D1,6a26b86a000000003501da98,6a2808600000000028036aac,6a2800da0000000029034a1f,1781008480000,他在反讽楼主,09b18e18fc00484c,狗***进,7,0,,湖南,1787469821781
97,partial,GK2026D1,6a26b86a000000003501da98,6a28175f000000002900cf97,6a27f79e0000000029019324,1781012320000,为啥要体验 人家爸妈有钱,56596865ff67b9dc,大*,3,0,,浙江,1787469821783
97,partial,GK2026D1,6a26b86a000000003501da98,6a2817720000000028034180,6a280c00000000002701ceb4,1781012338000,你自己怎么不去体验奋战的过程 太搞笑了,56596865ff67b9dc,大*,0,0,,浙江,1787469821785
97,partial,GK2026D1,6a26b86a000000003501da98,6a2817810000000028039eb4,6a280c00000000002701ceb4,1781012354000,看来你没高考过不体验不了,56596865ff67b9dc,大*,0,0,,浙江,1787469821788
97,partial,GK2026D1,6a26b86a000000003501da98,6a2818a1000000002a030ba3,6a2817ad000000002901bfd1,1781012642000,你也知道富人人家了，富人家孩子体验就行，未来都是穷人家娃娃帮他们打工。,1c00f40e5dd5b1b4,叫***黑,1,0,,广东,1787469821790
97,partial,GK2026D1,6a26b86a000000003501da98,6a281dfb0000000028009bd3,6a2817720000000028034180,1781014012000,你🧠naozi没事吧！！,b6ca5d7e01ba3ebb,天***鱼,1,0,,广东,1787469837099
97,partial,GK2026D1,6a26b86a000000003501da98,6a292c25000000002a02dace,6a27f79e0000000029019324,1781083174000,没苦硬吃吗？,0a7132023d75c9e5,人***窦,1,0,,广东,1787469837103
97,partial,GK2026D1,6a26b86a000000003501da98,6a294dcd000000002701c33c,6a2817ad000000002901bfd1,1781091789000,难道要人家没苦硬吃   [doge],d6b217e141bb975c,弎***🏝,0,0,,海南,1787469837105
97,partial,GK2026D1,6a26b86a000000003501da98,6a2be8bb000000002702964d,6a279b81000000002a025377,1781262524000,她不用高考[笑哭R]状态好多了,4f166a83f2fcd548,落***～,14,0,,山东,1787469852113
97,partial,GK2026D1,6a26b86a000000003501da98,6a27b203000000002702e8e4,6a279b81000000002a025377,1780986372000,真光中学[doge],f7b63e1a16286ef5,广***D,1,0,,广东,1787469852351
97,partial,GK2026D1,6a26b86a000000003501da98,6a2d4efb000000002b001cbf,6a279b81000000002a025377,1781354236000,主要是人漂亮,7b9a71dcc45735a0,C***m,1,0,,广西,1787469852354
97,partial,GK2026D1,6a26b86a000000003501da98,6a28115b000000002a0310a7,6a27d70e00000000280084c1,1781010780000,哈哈。。[偷笑R][偷笑R]广东有钱的真对高考不感兴趣的，高二基本就出国了。,1c00f40e5dd5b1b4,叫***黑,39,0,,广东,1787469867369
97,partial,GK2026D1,6a26b86a000000003501da98,6a28ceb0000000000d022001,6a28115b000000002a0310a7,1781059248000,是的，有点家底基本早早就开始计划出国留学了，更有家底的房子都买好了，只是为了不用找监护人才等到成年才出国,1b271d2ba300cb84,🐳*,10,0,,加拿大,1787469867625
97,partial,GK2026D1,6a26b86a000000003501da98,6a29635e0000000027021dac,6a27d70e00000000280084c1,1781097310000,很多有钱人+成绩一般，都会考虑这个路线。有钱人+成绩好，一般会走高考路线国内本科+出国深造,5ba580ea08484789,悟***缘,9,0,,广东,1787469867628
97,partial,GK2026D1,6a26b86a000000003501da98,6a2e60310000000027017902,6a28ceb0000000000d022001,1781424178000,确实是，我家外甥现在读初二国际学校，已经拟定在高3就去英国留学了[捂脸R][捂脸R][捂脸R],dfccbd2b8eed0deb,M***i,0,0,,广东,1787469867630
97,partial,GK2026D1,6a26b86a000000003501da98,6a2eb5c4000000000d022802,6a2e60310000000027017902,1781446085000,是的，因为找监护人要住寄宿家庭挺不自在的，所以一般都等高三再出,1b271d2ba300cb84,🐳*,0,0,,加拿大,1787469867632
97,partial,GK2026D1,6a26b86a000000003501da98,6a31d6870000000027017a66,6a28115b000000002a0310a7,1781651080000,感觉广东那边不太重视教育，比较看重经商,ff4fd973debbaf64,美*,0,0,,山东,1787469867634
97,partial,GK2026D1,6a26b86a000000003501da98,6a2b86740000000028036940,6a27d70e00000000280084c1,1781237365000,厚有什么用，中国人不懂基本的中国历史,a3c270108fae9688,局***埃,2,0,,广东,1787469882907
97,partial,GK2026D1,6a26b86a000000003501da98,6a28c6ba000000002a0045c3,6a28b37e0000000027014429,1781057211000,反正不在国内玩，随吧玩,51670871b288f9a7,A***G,3,0,,中国香港,1787469897913
97,partial,GK2026D1,6a26b86a000000003501da98,6a28efad000000002702ef6e,6a28c6ba000000002a0045c3,1781067693000,就是嘛，人家是体验生活，我们是奋力一搏[暗中观察R],30ffc13e5c58da18,S***n,3,0,,广东,1787469898161
97,partial,GK2026D1,6a26b86a000000003501da98,6a291221000000002800b522,6a2910d90000000029011333,1781076513000,大哥我绝对没那意思啊，我只是提醒其他孩子,f814dfad9e129005,m***o,0,0,,北京,1787469898164
97,partial,GK2026D1,6a26b86a000000003501da98,6a2acc3e00000000290107d3,6a2a41a1000000002902f87f,1781189694000,不是，她说的“我没绷住”名字不是答题内容，而是重复概率极小，会被认为是给试卷做“特殊记号”，就好像你写作文也不能透露自己真实姓名等身份信息一样。,2e85f1a187d46a6e,小***F,3,0,,安徽,1787469898166
97,partial,GK2026D1,6a26b86a000000003501da98,6a2ad00a000000002a02e17a,6a2acc3e00000000290107d3,1781190667000,明白了，谢谢！,1c6a66f491e6d47a,我***^,0,0,,广西,1787469898168
97,partial,GK2026D1,6a26b86a000000003501da98,6a2c3c3900000000280327a0,6a2acc3e00000000290107d3,1781283898000,而且还在网上说,dc71865f3c2e9b09,鼠***儿,0,0,,云南,1787469898170
97,partial,GK2026D1,6a26b86a000000003501da98,6a2c3c7d000000002900e800,6a2a41a1000000002902f87f,1781283965000,他说的不是漏卷纸，是漏答题内容她的特殊答案算是标记了，改卷老师可以通过此识别。,dc71865f3c2e9b09,鼠***儿,0,0,,云南,1787469913431
97,partial,GK2026D1,6a26b86a000000003501da98,6a2c3ed4000000002b000925,6a2c3c7d000000002900e800,1781284564000,好滴，我已经知道了，谢谢,1c6a66f491e6d47a,我***^,0,0,,广西,1787469913434
97,partial,GK2026D1,6a26b86a000000003501da98,6a2910d90000000029011333,6a28b37e0000000027014429,1781076186000,人家做啥弊了？？？你咋对家境好的小姑娘恶意这么大啊，好恶毒[笑哭R],cb9154b4659031c0,番***🐣,0,0,,北京,1787469913436
97,partial,GK2026D1,6a26b86a000000003501da98,6a293a57000000002902f05b,6a28b37e0000000027014429,1781086807000,为啥，这视频也不是她发出来的,501fb5861b47f435,小***3,0,0,,北京,1787469913439
97,partial,GK2026D1,6a26b86a000000003501da98,6a299754000000002900cad0,6a293a57000000002902f05b,1781110612000,还没改试卷呢，自己泄漏答题内容了吧,7e27ed7da3f43adb,小***D,1,0,,安徽,1787469913441
97,partial,GK2026D1,6a26b86a000000003501da98,6a2a41a1000000002902f87f,6a299754000000002900cad0,1781154210000,啥。那网上已经有卷子出来了，这个算吗,1c6a66f491e6d47a,我***^,0,0,,广西,1787469929797
97,partial,GK2026D1,6a26b86a000000003501da98,6a28054d00000000280318a8,6a27cd7c000000002902c751,1781007693000,普通人不要学富二代[笑哭R],3a15c090120cf410,喵***咪,40,0,,广东,1787469944814
97,partial,GK2026D1,6a26b86a000000003501da98,6a281f540000000029011022,6a27cd7c000000002902c751,1781014356000,人家出生就在罗马了…[笑哭R],5de8ef35e14a7117,请***洁,8,0,,广东,1787469945033
97,partial,GK2026D1,6a26b86a000000003501da98,6a27fc88000000002702ffa7,6a27bc8a000000002a00737d,1781005448000,主要还是要有规划，不要怕吃苦，去国外一个人独自生活也很困难的,8d8bdbe43f4049b7,m***o,3,0,,广东,1787469960050
97,partial,GK2026D1,6a26b86a000000003501da98,6a28109d000000002a02ca03,6a27bc8a000000002a00737d,1781010590000,已经在国外了。,1c00f40e5dd5b1b4,叫***黑,1,0,,广东,1787469960448
97,partial,GK2026D1,6a26b86a000000003501da98,6a2bbdea000000002901a0e5,6a2a2d6b00000000280313dd,1781251563000,她应该是拿了国外学校的录取了，只是体验一下高考，分数无所谓,bdd61a4dbe70d69e,晴***g,82,0,,加拿大,1787469975462
97,partial,GK2026D1,6a26b86a000000003501da98,6a2b9214000000002a033970,6a2a2d6b00000000280313dd,1781240340000,大概率拿其他籍然后1岁回国，等着选大学就好了,0de06afa3c26dfad,亲***迪,24,0,,江苏,1787469975743
97,partial,GK2026D1,6a26b86a000000003501da98,6a2ba5b30000000029026cc5,6a2b9aa10000000028039117,1781245363000,其他籍，1岁回来是因为人家本来就习惯这里的生活,0de06afa3c26dfad,亲***迪,1,0,,江苏,1787469975747
97,partial,GK2026D1,6a26b86a000000003501da98,6a2b9aa10000000028039117,6a2b9214000000002a033970,1781242530000,这都啥时代了一岁回来就能随便选大学了吗[捂脸R][捂脸R][捂脸R],08868a23f7f61449,v***h,0,0,,北京,1787469975750
97,partial,GK2026D1,6a26b86a000000003501da98,6a2bd89b000000002803ee6c,6a2b9aa10000000028039117,1781258396000,她这种高中还在国内读得不行，教育部规定大学前2年不在国内读才能随便选[doge]”,3945a41e614aa6c8,A***工,2,0,,爱尔兰,1787469975753
97,partial,GK2026D1,6a26b86a000000003501da98,6a2d2d25000000002902dc9d,6a2b9214000000002a033970,1781345574000,大啥概率，这种分明就是已拿到国外大学offer，轻松体验一下高考罢了,a2f6fc0e9fb14800,5***0,0,0,,北京,1787469975756
97,partial,GK2026D1,6a26b86a000000003501da98,6a2a562d000000002a03081d,,1781159469000,感觉她在暗示改卷老师，看到最后一题答题有我没绷住四个字，那就是我了，你看着给点分吧,62c7abd65e630e55,哈*,4,4,,云南,1787469991154
97,partial,GK2026D1,6a26b86a000000003501da98,6a27d14d000000002800b119,,1780994381000,这女生估计有1米八,627db2c23b01371b,叫***啊,2,1,,海南,1787469991156
97,partial,GK2026D1,6a26b86a000000003501da98,6a27c75f000000002900ca0c,,1780991839000,这样的孩子阳光落落大方，挺好,7ed145ccfefa4c06,A***n,9,4,,澳大利亚,1787469991158
97,partial,GK2026D1,6a26b86a000000003501da98,6a27f3c600000000280308fc,,1781003206000,这就是湖南人在广东二代呀 哈哈哈哈哈,8c3406f4f7378fde,南***七,9,6,,江苏,1787469991160
97,partial,GK2026D1,6a26b86a000000003501da98,6a2836570000000029010cdf,,1781020248000,出去水学历了，回来就是个水硕，靠它老爹的关系，进国企管理层。[飞吻R],51adaa853fe2d7d5,小***5,3,5,,辽宁,1787469991162
97,partial,GK2026D1,6a26b86a000000003501da98,6a27e34e00000000290278f6,,1780998991000,有钱人的赛道不一样，高考就是体验一下[笑哭R],94d76eb49872ae72,M***o,65,1,,山东,1787469991163
97,partial,GK2026D1,6a26b86a000000003501da98,6a27bc9200000000280343f6,,1780989074000,校服最后远渡重洋运往非洲[笑哭R],c4e30ae3af1845ed,盖***作,1,1,,吉林,1787469991166
97,partial,GK2026D1,6a26b86a000000003501da98,6a2ba386000000002b02b122,,1781244806000,外籍可以中国高考吗？我没说视频里女生，只是问问，想感受一下,630d143d06926c1a,富***国,4,2,,英国,1787469991167
97,partial,GK2026D1,6a26b86a000000003501da98,6a27b3d8000000002b024195,,1780986840000,要么有钱要么有实力,c4356d90e707005f,乡***鼠,1,2,,北京,1787469991169
97,partial,GK2026D1,6a26b86a000000003501da98,6a27af910000000028030046,,1780985746000,“我不在国内那个...”[吧唧R],63b7d324419477b7,一***涯,14,0,,广东,1787469991171
97,partial,GK2026D1,6a26b86a000000003501da98,6a2ccab4000000002a033469,6a2a562d000000002a03081d,1781320372000,暗不暗示已经无所谓了，人家都不需要高考成绩，只是体验[笑哭R],5947505d61e1e36b,悦*,2,0,,广东,1787470006178
97,partial,GK2026D1,6a26b86a000000003501da98,6a2d8ed50000000028009de6,6a2a562d000000002a03081d,1781370581000,放心，都是封闭式改卷,4ff55c2e16338099,月***师,1,0,,广东,1787470006421
97,partial,GK2026D1,6a26b86a000000003501da98,6a2da4bf000000002701dba3,6a2a562d000000002a03081d,1781376191000,出国留学（已经拿offer了），就只是体验一下高考，跟国内那些高考前已经保送了但依然参加高考的一样，分数已经不重要了这时候,f12cc2405571a0ca,S***Q,0,0,,广西,1787470006423
97,partial,GK2026D1,6a26b86a000000003501da98,6a2d35cc000000002900c7cd,6a2a562d000000002a03081d,1781347789000,想太多了吧,9d157e8bfb8c1eb6,n***o,1,0,,广东,1787470006424
97,partial,GK2026D1,6a26b86a000000003501da98,6a280366000000002803b852,6a27d14d000000002800b119,1781007207000,感觉差不多,d195af4951def18c,小***2,1,0,,北京,1787470021430
97,partial,GK2026D1,6a26b86a000000003501da98,6a29ebba000000002803dcec,6a29ddb1000000002a0272a1,1781132218000,国外简单极了啊,7ed145ccfefa4c06,A***n,0,0,,澳大利亚,1787470021433
97,partial,GK2026D1,6a26b86a000000003501da98,6a2dd9f4000000002803bf96,6a27c75f000000002900ca0c,1781389812000,这种阳光自信随意需要家底为她垫着,8c0d049b2eb69884,一***畅,0,0,,上海,1787470021668
97,partial,GK2026D1,6a26b86a000000003501da98,6a2e358800000000280386f3,6a2dd9f4000000002803bf96,1781413257000,所以要好好赚钱努力让娃们这么阳光,7ed145ccfefa4c06,A***n,0,0,,澳大利亚,1787470021671
97,partial,GK2026D1,6a26b86a000000003501da98,6a29ddb1000000002a0272a1,6a27c75f000000002900ca0c,1781128626000,到国外能保护好自己吗，心大不适合去复杂的环境,4aece7bf8d243e19,卡*,0,0,,海南,1787470021674
97,partial,GK2026D1,6a26b86a000000003501da98,6a27ffd4000000002800bcff,6a27f3c600000000280308fc,1781006293000,我也觉得有湖南口音[偷笑R],385f3e11529c503d,咖***糖,3,0,,广东,1787470036693
97,partial,GK2026D1,6a26b86a000000003501da98,6a28213b0000000027023d09,6a27f3c600000000280308fc,1781014843000,应该是客家人,6e3e6739a3983bd8,生***醋,0,0,,西藏,1787470037006
97,partial,GK2026D1,6a26b86a000000003501da98,6a2823cf0000000029013eda,6a2823680000000028031ebb,1781015503000,但她长相 确实唔系甘广东feel 家长应该唔系广州本地,c62406c6b2988d27,哒***🐰,1,0,,广东,1787470037008
97,partial,GK2026D1,6a26b86a000000003501da98,6a2823d1000000002803c96d,6a2823680000000028031ebb,1781015506000,湖南人很白很水灵的呀,8c3406f4f7378fde,南***七,0,0,,江苏,1787470037010
97,partial,GK2026D1,6a26b86a000000003501da98,6a2a279d000000002b028cad,6a2823680000000028031ebb,1781147550000,看着不像广东人,51ed417731c37a5e,今***M,0,0,,湖南,1787470037011
97,partial,GK2026D1,6a26b86a000000003501da98,6a2823680000000028031ebb,6a27f3c600000000280308fc,1781015401000,湖南人有这么白得通透的？,81a590c82d92c695,간***）,1,0,,广东,1787470037014
97,partial,GK2026D1,6a26b86a000000003501da98,6a296078000000002a0307e7,6a2836570000000029010cdf,1781096569000,那不是挺爽的[笑哭R]我也想哈哈哈哈就是没这个能力,0dd23c73d4c6da46,哒***～,0,0,,江西,1787470052029
97,partial,GK2026D1,6a26b86a000000003501da98,6a2c021f0000000027015509,6a2836570000000029010cdf,1781269023000,这个已经行不通了,14c21819c6a098ba,追***活,0,0,,江苏,1787470052284
97,partial,GK2026D1,6a26b86a000000003501da98,6a2c7485000000002900c670,6a2836570000000029010cdf,1781298310000,[坏笑R][坏笑R],3712aa3e7ddbd0b4,南***舍,0,0,,广西,1787470052287
97,partial,GK2026D1,6a26b86a000000003501da98,6a2eaf2e00000000280333c7,6a2c021f0000000027015509,1781444399000,这个相当行得通,51adaa853fe2d7d5,小***5,0,0,,辽宁,1787470052289
97,partial,GK2026D1,6a26b86a000000003501da98,6a286ef9000000002701dac3,6a2836570000000029010cdf,1781034746000,知道你忮忌得不行了，又不是你那，我们这边做生意家境好的大部分都送孩子出国。这么普通的事情都要给人家造谣[失望R],3aab8fc7a53f157a,G***n,3,0,,广东,1787470052292
97,partial,GK2026D1,6a26b86a000000003501da98,6a2ac92b000000002800931c,6a27e34e00000000290278f6,1781188907000,不光是高考，她的工作也是体验一下，早早就安排好了，人生都是体验一吧[微笑R],c7ab1fc32b4edc79,尼***斯,3,0,,甘肃,1787470067309
97,partial,GK2026D1,6a26b86a000000003501da98,6a28120c000000002b028323,6a27bc9200000000280343f6,1781010956000,广东沿海有钱的对高考根本不感兴趣，高二基本就出国了。,1c00f40e5dd5b1b4,叫***黑,0,0,,广东,1787470067313
97,partial,GK2026D1,6a26b86a000000003501da98,6a2cb2d60000000028030fbe,6a2ba386000000002b02b122,1781314262000,不可以,dc71865f3c2e9b09,鼠***儿,0,0,,云南,1787470067316
97,partial,GK2026D1,6a26b86a000000003501da98,6a2cec01000000002701ecd9,6a2ba386000000002b02b122,1781328897000,不一定是外籍，读高中的国际部就可以，现在这个时候应该已经决定去哪个大学了,deb1191ecf33c9d7,r***y,1,0,,浙江,1787470067566
97,partial,GK2026D1,6a26b86a000000003501da98,6a28124b000000002a033ff5,6a27b3d8000000002b024195,1781011020000,有钱。。没其他地方。,1c00f40e5dd5b1b4,叫***黑,0,0,,广东,1787470082581
97,partial,GK2026D1,6a26b86a000000003501da98,6a2879520000000027023ce5,6a28124b000000002a033ff5,1781037395000,可是不知道为什么她手上拿的手机看起来有点破破旧旧[捂脸R]可能是不追求物质吧,c4cef452075814ad,脏***狗,2,0,,广东,1787470082849
97,partial,GK2026D1,6a26b86a000000003501da98,6a2798be000000002900fe38,,1780979903000,还是发达地区的不一样,fb69b6e69dbac38a,横***王,1,3,,日本,1787470098177
97,partial,GK2026D1,6a26b86a000000003501da98,6a2817310000000029036a31,,1781012274000,香港不需要高考,310816b7209ad1a4,爱***贝,0,1,,广西,1787470098180
97,partial,GK2026D1,6a26b86a000000003501da98,6a27affc000000002b02a141,,1780985854000,真可爱,54caa4373c2d05bd,烤***薯,16,1,http://sns-webpic-qc.xhscdn.com/202608231528/6ab9ab4d1499c82c2e8737169a8971eb/comment/1040g2h03216ef9il7e605prnoafm3ve4hrfq3g0!nd_whgt34_webp_wm_1,江苏,1787470098182
97,partial,GK2026D1,6a26b86a000000003501da98,6a2961f70000000028035c43,,1781096951000,东传chuan？不是东传zhuan嘛？,20b9dfd293c031ed,么***成,0,2,,安徽,1787470098183
97,partial,GK2026D1,6a26b86a000000003501da98,6a27f90e000000002b026422,,1781004558000,打算出国留学的,7155e2beaab62014,嘀*,2,2,,山东,1787470098186
97,partial,GK2026D1,6a26b86a000000003501da98,6a27eac300000000290136d3,,1781000900000,当初看见像横线本的生物高考试卷时我脑海也是这样想的→这合理吗？让人很难绷得住！,eeb310f7c8297d75,一***迩,2,0,,广东,1787470098188
97,partial,GK2026D1,6a26b86a000000003501da98,6a2c6448000000002b02767c,,1781294152000,这样的学生难怪国内企业不要，以为花钱出国买个学位回来就能忽悠到人，可惜现在企业都不傻！,f99c4acce8d39f99,啊***啊,3,0,,江苏,1787470098190
97,partial,GK2026D1,6a26b86a000000003501da98,6a28b4e8000000002702ea30,,1781052648000,人家就是体验一下而已,579415477e7e169c,祝***岸,0,2,,四川,1787470098192
97,partial,GK2026D1,6a26b86a000000003501da98,6a2be0ad000000002a02e738,,1781260462000,有钱人才有能在高考里玩梗的松弛感,fa6bc61378de33ae,想***）,1,0,,广东,1787470098194
97,partial,GK2026D1,6a26b86a000000003501da98,6a2cfa4d000000002803ce56,,1781332557000,这小姑娘好可爱。[飞吻R],9d123cd7314b01c7,小***B,0,0,,浙江,1787470098196
97,partial,GK2026D1,6a26b86a000000003501da98,6a27c7c3000000002803a5ce,6a2798be000000002900fe38,1780991939000,怎么了？,dc545cbf8e1b1349,琪***咪,0,0,,广东,1787470113206
97,partial,GK2026D1,6a26b86a000000003501da98,6a280cbc000000002a02c506,6a2798be000000002900fe38,1781009596000,错，是家底丰厚的就不一样,f5029581792d3086,M***o,0,0,,广东,1787470113447
97,partial,GK2026D1,6a26b86a000000003501da98,6a2810b8000000002b02bd10,6a2798be000000002900fe38,1781010616000,[偷笑R][偷笑R],1c00f40e5dd5b1b4,叫***黑,0,0,,广东,1787470113451
97,partial,GK2026D1,6a26b86a000000003501da98,6a282732000000002a0309f9,6a2817310000000029036a31,1781016370000,考DSE,b542e6d3106e6d55,過***友,0,0,,广东,1787470128465
97,partial,GK2026D1,6a26b86a000000003501da98,6a292198000000002902c3cb,6a27affc000000002b02a141,1781080472000,超可爱[笑哭R],1abea587ff056ec7,长***居,0,0,,北京,1787470128468
97,partial,GK2026D1,6a26b86a000000003501da98,6a2b9a420000000027028feb,6a2961f70000000028035c43,1781242435000,东传chuan，没毛病。唐朝汉文化传播到日本、朝鲜等国。,43a43e6adc373d11,无***山,4,0,,加拿大,1787470128470
97,partial,GK2026D1,6a26b86a000000003501da98,6a2ce065000000002902f40b,6a2961f70000000028035c43,1781325925000,传(z)记，传(c)播,887c87623d0ec5e6,云***心,2,0,,湖南,1787470128697
97,partial,GK2026D1,6a26b86a000000003501da98,6a28112d000000002a03084a,6a27f90e000000002b026422,1781010734000,这是已经在国外读书一年多两年了。,1c00f40e5dd5b1b4,叫***黑,6,0,,广东,1787470143706
97,partial,GK2026D1,6a26b86a000000003501da98,6a2884670000000028036c5d,6a27f90e000000002b026422,1781040231000,也可能港澳台联考,7f5d0a52473ef7cd,南***抚,0,0,,江苏,1787470143939
97,partial,GK2026D1,6a26b86a000000003501da98,6a28d0ff000000002b0240a1,6a28b4e8000000002702ea30,1781059839000,起码20好几了吧,020d93804a43732c,包*,0,0,,重庆,1787470158959
97,partial,GK2026D1,6a26b86a000000003501da98,6a292b05000000002b003786,6a28d0ff000000002b0240a1,1781082885000,不是，就是高一高二的时候一早已经安排出国留学了，参加高考只是为了留个回忆而已，成绩根本不在乎多少分,e5358dc19d93dad6,W***n,0,0,,广东,1787470159235
97,partial,GK2026D1,6a26b86a000000003501da98,6a2bcac900000000280322f7,,1781254858000,她好可爱哎[偷笑R],5adb4ff831e32998,怪***姨,0,0,,上海,1787470174494
97,partial,GK2026D1,6a26b86a000000003501da98,6a2e295d000000002702a2c3,,1781410142000,绣家底,a5f6ebc9581d15b9,茜*,0,0,,四川,1787470174496
97,partial,GK2026D1,6a26b86a000000003501da98,6a2bbd35000000002a031cfc,,1781251382000,体验一下[玫瑰R]怪不得眼睛有光,b6d009a97df6ee01,骑***®,1,0,,广东,1787470174499
97,partial,GK2026D1,6a26b86a000000003501da98,6a4dd8440000000029034870,,1783486532000,这个演员,6a022cd5ad21025a,福*,0,0,,广东,1787470174501
97,partial,GK2026D1,6a26b86a000000003501da98,6a293a8c000000002a006808,,1781086860000,这才是年轻人的朝气，情商很高,7c66ac3399aa6205,S***e,1,0,,广东,1787470174504
97,partial,GK2026D1,6a26b86a000000003501da98,6a2915b50000000027022edd,,1781077430000,唐朝文化主要是东渡扶桑，几个日本僧人回访东土大唐，体现颂圣的主题,c51bed194dd7cbf7,云***雪,0,0,,贵州,1787470174507
97,partial,GK2026D1,6a26b86a000000003501da98,6a2c30e80000000028008cf8,,1781281000000,唐朝东chuan还是唐朝东传zhuan？,15f86b906f920901,R***a,0,0,,重庆,1787470174508
97,partial,GK2026D1,6a26b86a000000003501da98,6a2b968e0000000028032fad,,1781241487000,普通考生,c4dc9b88adeb8ed2,S***n,0,0,,广东,1787470174509
97,partial,GK2026D1,6a26b86a000000003501da98,6a2c3c8c000000002900e9ba,,1781283981000,这个人的试卷应该作废！！,dc71865f3c2e9b09,鼠***儿,0,0,,云南,1787470174512
97,partial,GK2026D1,6a26b86a000000003501da98,6a2c01e9000000002701e993,,1781268969000,国内你也不行,14c21819c6a098ba,追***活,0,0,,江苏,1787470174514
97,partial,GK2026D1,6a26b86a000000003501da98,6a2b909a0000000028038384,,1781239962000,确定是高中生吗？,3f01a847e79bd61f,小*,0,0,,浙江,1787470189793
97,partial,GK2026D1,6a26b86a000000003501da98,6a2def5e000000000d021c02,,1781395295000,我觉得这样挺好，有些苦恼能避免就避免。,9aa4b4727709f503,吃*,0,0,,美国,1787470189797
97,partial,GK2026D1,6a26b86a000000003501da98,6a2e1116000000002b02a8e2,,1781403926000,我高考都是自己去自己回～为啥要接[笑哭R],afc92485331221af,猪***喵,0,0,,广东,1787470189799
97,partial,GK2026D1,6a26b86a000000003501da98,6a27e24c0000000028031ecd,,1780998732000,这才是正常女生啊，比某大附的那个国际生顺眼多了,e5659c6e2979baf3,S***✨,2,0,,北京,1787470189801
97,partial,GK2026D1,6a26b86a000000003501da98,6a2bf908000000002902df9e,,1781266697000,体验派,a9a85710c60b54ac,听*,0,0,,新疆,1787470189803
97,partial,GK2026D1,6a26b86a000000003501da98,6a2981dc0000000029027c14,,1781105117000,意思是你高考随便玩，你就是玩不到我，绷不住了[doge][doge][doge],c8060ba18bfee253,暗*,0,0,,河南,1787470189805
97,partial,GK2026D1,6a26b86a000000003501da98,6a2e46850000000028037325,,1781417606000,啊，母校,1dd6420dca6ec53c,福***丝,0,0,,广东,1787470189808
97,partial,GK2026D1,6a26b86a000000003501da98,6a2b8ea9000000002a027813,,1781239465000,非常好,22fb34c8b510a5ce,嘘*,0,0,,安徽,1787470189809
97,partial,GK2026D1,6a26b86a000000003501da98,6a2b9adf000000002702af77,,1781242591000,好可爱啊,6d42bf12528bf474,天***儿,0,0,,贵州,1787470189811
97,partial,GK2026D1,6a26b86a000000003501da98,6a2cbba1000000002902478d,,1781316513000,当年我也是从这个门出来的，但学妹真松弛，成绩无所谓，反正都要出国了,8ae4a8e03381790a,B***n,0,0,,广东,1787470189814
97,partial,GK2026D1,6a26b86a000000003501da98,6a28b8e2000000002903524a,,1781053666000,这个姑娘像是大学毕业后采访的样子[doge],398be1be67295fdc,L***e,0,0,,广西,1787470205147
97,partial,GK2026D1,6a26b86a000000003501da98,6a2d25080000000028030f8c,,1781343496000,這個狀態加入商k剛剛好,800584dbac0eedb8,D***y,0,0,,中国香港,1787470205150
97,partial,GK2026D1,6a26b86a000000003501da98,6a2ca91f0000000028035cda,,1781311776000,我倒觉得这个采访的重点是问她试卷难度比去年的怎么样？他的回答很牛逼，没参加去年的高考[微笑R],f063c6c3839af881,飞*,0,0,,广西,1787470205153
97,partial,GK2026D1,6a26b86a000000003501da98,6a282f11000000002902e91d,,1781018385000,为啥有钱人都送小孩出国读书？？？就为了一张绿皮卡？？？,42376ef73161663a,狮***园,0,1,,广东,1787470205155
97,partial,GK2026D1,6a26b86a000000003501da98,6a2bded6000000002900d7b8,,1781259990000,性格好 未来错不了,b31a5db1301940f5,N*,0,0,,北京,1787470205157
97,partial,GK2026D1,6a26b86a000000003501da98,6a2ba252000000002702dd99,,1781244499000,这闺女今年有28了吧,dcd71cd018e3852c,A***o,1,0,,上海,1787470205157
97,partial,GK2026D1,6a26b86a000000003501da98,6a2b8bd4000000002901956c,,1781238741000,有人把高考当做唯一的机会，有人把在考场上玩梗，真是起点不同啊！,c14479a61bb3e88a,斯***莫,1,0,,宁夏,1787470205161
97,partial,GK2026D1,6a26b86a000000003501da98,6a2bb8a6000000002a0272be,,1781250214000,落落大方的样儿,f5090aa7318cfaaa,G***3,0,0,,浙江,1787470205163
97,partial,GK2026D1,6a26b86a000000003501da98,6a2b647f0000000028035438,,1781228672000,人家高考是来体验的[偷笑R],8dc7d530b1cfa211,飞*,0,0,,浙江,1787470205165
97,partial,GK2026D1,6a26b86a000000003501da98,6a309d4f000000002b024d36,,1781570896000,家里有钱,f099863042ed51f9,消***我,0,0,,河南,1787470205166
97,partial,GK2026D1,6a26b86a000000003501da98,6a2994ce000000002b028409,6a282f11000000002902e91d,1781109966000,因为有条件的家庭都会送孩子出国教育，和国内完全不一样。我也是高考体验了300多分，考前一天还玩魔兽世界呢,f68912f815b692cd,修***家,0,0,,北京,1787470220173
97,partial,GK2026D1,6a26b86a000000003501da98,6a2e15d1000000002803d81a,,1781405137000,哦 有些会不会是送外卖快递前 体验一下[失望R][失望R],0b4fbe6a2d24a921,米***奇,0,0,,广东,1787470220488
97,partial,GK2026D1,6a26b86a000000003501da98,6a27c13b000000002902d24a,,1780990268000,@二十六天 这个女生动作和你有点像[失望R],9f1ac8f1291a376c,徐***沫,0,1,,广东,1787470220490
97,partial,GK2026D1,6a26b86a000000003501da98,6a2c93c40000000029025662,,1781306308000,2,60a4602f4d511886,快***勾,0,0,,广东,1787470220493
97,partial,GK2026D1,6a26b86a000000003501da98,6a28c7ad000000002a00674f,,1781057454000,多阳光快乐的孩子，这才是从小在人权平等的环境中长大,61eab12b4f8925c0,测*,0,0,,广东,1787470220495
97,partial,GK2026D1,6a26b86a000000003501da98,6a2b5fba0000000027015adb,,1781227450000,和我20几年前一样 知道要出国就是走个过场 几场都是第一个出来的 时间过太快了[哭惹R],6d5b5412c79886e7,*,0,0,,四川,1787470220497
97,partial,GK2026D1,6a26b86a000000003501da98,6a2b57e70000000028038a92,,1781225448000,家里有矿,fc4835b59b53f6d4,顽***桶,0,0,,安徽,1787470220500
97,partial,GK2026D1,6a26b86a000000003501da98,6a2b411d000000002b02a20c,,1781219614000,哈哈哈 一看就是有趣的灵魂啊 预祝小姑娘生活学业一帆风顺[飞吻R],fca8b994e131b8fd,T***o,0,0,,浙江,1787470220502
97,partial,GK2026D1,6a26b86a000000003501da98,6a2ac879000000002702de09,,1781188729000,哎，朱门酒肉臭，什么来着[偷笑R],6b5e88259dca37fd,大***鹅,0,0,,广东,1787470220504
97,partial,GK2026D1,6a26b86a000000003501da98,6a2a8c09000000002702e2eb,,1781173258000,普通考生……呵,0288ad5642b097dd,阿***佛,0,0,,湖南,1787470220506
97,partial,GK2026D1,6a26b86a000000003501da98,6a2a8acd0000000027016858,,1781172941000,美女别笑，有点猥琐[doge],d73a62d39dd47e4c,后*,0,0,,广东,1787470220507
97,partial,GK2026D1,6a26b86a000000003501da98,6a27c3d4000000002b02b3cc,6a27c13b000000002902d24a,1780990932000,前面还在想到底哪里像，看到那个摸下巴突然释怀的笑,1bce300a586fb278,二***天,1,0,,湖北,1787470235523
97,partial,GK2026D1,6a26b86a000000003501da98,6a2a83c8000000002a03087c,,1781171144000,好成熟,72485c6e79b6755d,m***o,0,0,,山东,1787470235945
97,partial,GK2026D1,6a26b86a000000003501da98,6a2a82ee000000002803878b,,1781170927000,好漂亮,9d75a856d5ef7939,九*,0,0,,陕西,1787470235947
97,partial,GK2026D1,6a26b86a000000003501da98,6a2a4145000000002902ea9d,,1781154117000,挺好的，至少证明了家长很努力,4089a5d3b49526fb,以***了,0,0,,广东,1787470235950
97,partial,GK2026D1,6a26b86a000000003501da98,6a2a3cfa000000002702bbbd,,1781153018000,出国后有谁不是三通一达,dda1d85dc700916d,小***8,0,0,,广东,1787470235951
97,partial,GK2026D1,6a26b86a000000003501da98,6a2a3887000000002900e215,,1781151880000,她为何不怕！因为她托福及格？,980ac7d823cd3e5d,成*,0,0,,广西,1787470235954
97,partial,GK2026D1,6a26b86a000000003501da98,6a2a3743000000002b024e3a,,1781151556000,[飞吻R],0c46b20f6a063df3,臭***仔,0,0,,北京,1787470235956
97,partial,GK2026D1,6a26b86a000000003501da98,6a2a3648000000002a02f622,,1781151304000,怎么感觉不在国内升学好像弄的不是中国人了似的,42ff07cd11033897,L***g,7,0,,辽宁,1787470235958
97,partial,GK2026D1,6a26b86a000000003501da98,6a2a354e0000000027029b41,,1781151054000,还是没体验到，高考是指至少从高三开始的过程,8765153ee3274619,心***站,0,0,,重庆,1787470235961
97,partial,GK2026D1,6a26b86a000000003501da98,6a2a3101000000002701e356,,1781149953000,高考必胜[玫瑰R],73b53c45c6f775c8,小***6,0,0,,广东,1787470235963
97,partial,GK2026D1,6a26b86a000000003501da98,6a2a29b6000000002901aea6,,1781148087000,普通考生不要像我这样[捂脸R],6c3e9eca92f6913b,快***袋,1,0,,湖北,1787470235965
97,partial,GK2026D1,6a26b86a000000003501da98,6a2a2003000000002a0077b0,,1781145604000,能体验到几岁 当年没高考 也想体验一下,2ae7ed134c2f0167,欢***索,0,0,,日本,1787470251236
97,partial,GK2026D1,6a26b86a000000003501da98,6a2a1a69000000000d023000,,1781144169000,30岁 还在复读吗,479a18b521eb7c37,W***s,0,0,,澳大利亚,1787470251239
97,partial,GK2026D1,6a26b86a000000003501da98,6a2a1990000000002a02d0e5,,1781143953000,拜访了个学渣,172a7a6c9af463e7,巴***n,0,0,,湖北,1787470251241
97,partial,GK2026D1,6a26b86a000000003501da98,6a2a1851000000002803b155,,1781143634000,这么成熟么[笑哭R],300f06b635bc5475,油***叔,0,0,,江西,1787470251242
97,partial,GK2026D1,6a26b86a000000003501da98,6a2a00ff000000002701dc0f,,1781137664000,高妹,b940682335e8013d,m***o,0,0,,浙江,1787470251244
97,partial,GK2026D1,6a26b86a000000003501da98,6a29ff8a000000000d022802,,1781137291000,背景真光中学 感觉和p上去的一样[偷笑R],f4488d09c8aec37f,L***活,0,0,,澳大利亚,1787470251246
97,partial,GK2026D1,6a26b86a000000003501da98,6a29fcec0000000028034956,,1781136620000,有点谢顶,958113c626ff97d9,小***A,0,0,,山东,1787470251248
97,partial,GK2026D1,6a26b86a000000003501da98,6a29f89d000000002702f78a,,1781135518000,估计已经拿了欧佛了，我同事女儿就这样。去考场就是为了体验一下。国外一年五十万起的学费。,939bac66ff7cb851,J***y,0,0,,江苏,1787470251250
97,partial,GK2026D1,6a26b86a000000003501da98,6a29ea5a000000002901adfc,,1781131867000,家境很好,da5517fec2bd2539,大***舅,0,0,,爱尔兰,1787470251252
97,partial,GK2026D1,6a26b86a000000003501da98,6a29e6cb0000000029025369,,1781130956000,让普通家庭孩子情何以堪，不过短暂的优越感，轻松感代表不了个人能力，只是继承的优越性，最终走向名媛的道路。,587ff97f9b1eda5d,躺***猫,0,0,,辽宁,1787470251254
97,partial,GK2026D1,6a26b86a000000003501da98,6a29e48e0000000028037c56,,1781130382000,人美心善丈人丈母娘好,b1d081a2b6971e1d,阿***鲁,0,0,,澳大利亚,1787470266560
97,partial,GK2026D1,6a26b86a000000003501da98,6a29dd6d0000000029025a59,,1781128558000,去国外要注意保护好自己，外面可没有国内那么安全，天真烂漫的性格不要到外面被人骗的渣都不剩。,4aece7bf8d243e19,卡*,0,0,,海南,1787470266562
97,partial,GK2026D1,6a26b86a000000003501da98,6a29a84a000000002a030f0a,,1781114955000,这就是广东人，只不过普通话而已,b6dacae7bdde2c4a,小***F,0,0,,北京,1787470266566
97,partial,GK2026D1,6a26b86a000000003501da98,6a29926e000000002803969c,,1781109358000,搞笑女[大笑R],112b789fd3799c7f,*,0,0,,海南,1787470266568
97,partial,GK2026D1,6a26b86a000000003501da98,6a298a09000000002803154b,,1781107210000,这种应该不用送外卖,08133af8196ba681,来***间,0,0,,广东,1787470266571
97,partial,GK2026D1,6a26b86a000000003501da98,6a297df6000000002b02b9aa,,1781104119000,如果是官二代已经准备好出国留学，体验高考而已就应查查收入是否合法,aa04587a19e25958,大***哥,1,3,,广东,1787470266574
97,partial,GK2026D1,6a26b86a000000003501da98,6a2978f70000000028038f0a,,1781102840000,画质好差,6c5bb0a5883b12b6,无***泥,0,0,,福建,1787470266576
97,partial,GK2026D1,6a26b86a000000003501da98,6a29750a000000002701f9db,,1781101835000,明显是富养的，即将国外留学回来空降就可以做高管的[doge],b7db4f7cb27f62a5,我***康,0,0,,广东,1787470266578
97,partial,GK2026D1,6a26b86a000000003501da98,6a29690a000000002b024031,,1781098762000,这是校服吗？好好看啊[萌萌哒R],9ee75b673cabe675,m***o,0,0,,广东,1787470266580
97,partial,GK2026D1,6a26b86a000000003501da98,6a2966cd000000000d021401,,1781098192000,明白！[doge][doge],1e550071ab7037b1,D***3,0,0,http://sns-webpic-qc.xhscdn.com/202608231531/456a4e6f170ec09ee7efee3f66ab9a0a/oss-sg/comment/1040g3no321841ddinc005p4cgoinonufumvmn28!nd_whlt34_webp_wm_1,加拿大,1787470266582
97,partial,GK2026D1,6a26b86a000000003501da98,6a297f01000000002901be22,6a297df6000000002b02b9aa,1781104386000,？？出个国读个书还需要不合法收入 穿越回来的,a86c16861e02032c,滴*,38,0,,湖北,1787470281599
97,partial,GK2026D1,6a26b86a000000003501da98,6a2a2864000000002a026a43,6a297df6000000002b02b9aa,1781147748000,你是有多穷多酸才会这样小心眼啊,a2f15177ba4147ef,w***r,3,0,,广东,1787470281853
97,partial,GK2026D1,6a26b86a000000003501da98,6a2ab8f8000000002701472e,6a297df6000000002b02b9aa,1781184760000,你有病吧,3768f7b9fbcf0e69,低***露,0,0,,上海,1787470281856
97,partial,GK2026D1,6a26b86a000000003501da98,6a2964030000000029036b87,,1781097475000,女孩子有实力  国外留学去了,743f45ab1069a586,振***回,0,0,,浙江,1787470297149
97,partial,GK2026D1,6a26b86a000000003501da98,6a2960be000000002b001dd4,,1781096639000,建议采访正常考生，高考不是玩梗的秀场,e210c17e2e149430,笙***阳,6,0,,广东,1787470297151
97,partial,GK2026D1,6a26b86a000000003501da98,6a295c1d0000000027021728,,1781095453000,[捂脸R][捂脸R]人家是来体验高考氛围的，内心及其轻松。但是对于大部分普通家庭来说高考还是非常重要的。,988b37c0006c4aba,閙*,0,0,,四川,1787470297153
97,partial,GK2026D1,6a26b86a000000003501da98,6a295b2800000000270143c8,,1781095208000,太嚣张[doge]实力派,813e38b13cabff67,一***尘,0,0,,福建,1787470297154
97,partial,GK2026D1,6a26b86a000000003501da98,6a29544b000000002701c07e,,1781093452000,湖南口音,cdd965e8888d438d,小***8,0,0,,湖南,1787470297157
97,partial,GK2026D1,6a26b86a000000003501da98,6a295129000000002a02f6fb,,1781092649000,階層不一樣,cc6c73b9a15f9047,A***N,2,0,,中国香港,1787470297160
97,partial,GK2026D1,6a26b86a000000003501da98,6a294e7a000000002702bfaa,,1781091963000,姑娘好清秀啊,deaf2d069e9612e9,c***n,2,0,,四川,1787470297162
97,partial,GK2026D1,6a26b86a000000003501da98,6a294e3e000000002a033d69,,1781091903000,她好活泼 哈哈哈,66b9de994eea27a9,M***i,0,0,,广东,1787470297164
97,partial,GK2026D1,6a26b86a000000003501da98,6a294d6e0000000028009471,,1781091694000,她这个哈哈哈哈哈 能上表情包了,5c75528ea27f4a7f,A***～,0,0,,北京,1787470297166
97,partial,GK2026D1,6a26b86a000000003501da98,6a294cf8000000002900c608,,1781091576000,漂亮大方,0c2b275e3afe2a15,小***o,0,0,,广东,1787470297169
97,partial,GK2026D1,6a26b86a000000003501da98,6a294cb8000000002a00479f,,1781091512000,竟然还有母校的事,d1da2ca70a5e873b,N***N,0,0,,澳大利亚,1787470312491
97,partial,GK2026D1,6a26b86a000000003501da98,6a2949cf000000002902ddc6,,1781090767000,家长也要考？,c548ab37a83a8789,熟*,0,0,,广东,1787470312493
97,partial,GK2026D1,6a26b86a000000003501da98,6a2947f70000000028033a44,,1781090295000,就是考不了国内，家里有点小钱提前规划好的。中等生,a70e4e8076574240,★***淡,0,0,,江苏,1787470312496
97,partial,GK2026D1,6a26b86a000000003501da98,6a29442a000000002b02ad18,,1781089322000,敢问广东现在不热吗,338dec872e6b7328,M***®,0,0,,河南,1787470312497
97,partial,GK2026D1,6a26b86a000000003501da98,6a293c3a00000000270206e0,,1781087291000,人家來體驗的，估計去留學或者通過華僑生聯考升學,e18936c6e102651b,丹*,0,0,,中国香港,1787470312499
97,partial,GK2026D1,6a26b86a000000003501da98,6a293bdc000000002803b451,,1781087197000,希望各位家长的孩子以后都是来体验高考，而不是备战高考[偷笑R],1fe31aefc7b7dd0d,淋***红,0,0,,福建,1787470312503
97,partial,GK2026D1,6a26b86a000000003501da98,6a2937f0000000002b02b1a6,,1781086192000,看那个大拇指肯定游戏玩的很溜[偷笑R],f72d0f2154a9e83f,👘***修,0,0,,福建,1787470312505
97,partial,GK2026D1,6a26b86a000000003501da98,6a2933c9000000002803a5cc,,1781085129000,有钱真能保持开心,94da58459bb643e7,天***成,0,0,,黑龙江,1787470312507
97,partial,GK2026D1,6a26b86a000000003501da98,6a292bc80000000027017571,,1781083081000,没发现她很高吗？,1a6c79dda2717cf1,张***V,0,0,,广东,1787470312509
97,partial,GK2026D1,6a26b86a000000003501da98,6a2927ff000000002803d595,,1781082112000,对于普通家庭孩子高考是决定命运，对于有选择的家庭孩子只是一种体验而已。,7250b90da77d3131,海***川,0,0,,广东,1787470312511
97,partial,GK2026D1,6a26b86a000000003501da98,6a2927cf000000002b0029a8,,1781082064000,在法国的那帮留学生叫什么来着？[吃瓜R],30c9053b484df9fe,溫***戀,0,0,,湖北,1787470327863
97,partial,GK2026D1,6a26b86a000000003501da98,6a292134000000002a00762f,,1781080373000,这里面是穿了中通的工服吗,2595b0d18153400d,酸*,0,0,,福建,1787470327866
97,partial,GK2026D1,6a26b86a000000003501da98,6a290fd4000000002b025c9e,,1781075925000,果然不是凡品,f79a915197a2441b,m***o,0,0,,新加坡,1787470327868
97,partial,GK2026D1,6a26b86a000000003501da98,6a290dfb000000000d022003,,1781075452000,啊 我的母校[赞R],72df040f7578321d,🐰***🌸,0,0,,美国,1787470327869
97,partial,GK2026D1,6a26b86a000000003501da98,6a290d64000000002803f821,,1781075301000,这妹子好漂亮,262d3fce2fd148e2,士***🍐,0,0,,广东,1787470327872
97,partial,GK2026D1,6a26b86a000000003501da98,6a290b96000000000d022c01,,1781074838000,真光？,44d082b1cf8c6de7,菇*,0,0,,中国香港,1787470327874
97,partial,GK2026D1,6a26b86a000000003501da98,6a29064c000000002803aa77,,1781073485000,笑得这么开心，点北大了[黄金薯R],a874cb509a843f64,会***狗,0,0,,广西,1787470327875
97,partial,GK2026D1,6a26b86a000000003501da98,6a29055d0000000029036ebb,,1781073246000,我外甥女10后普通话很标准，土生土长的广东。但是家里人普通话都不咋地,f4c55931128c9881,A***温,0,0,,广东,1787470327877
97,partial,GK2026D1,6a26b86a000000003501da98,6a29053c000000002b02823a,,1781073213000,我们家的也是 当年过了本科线后再考上东工大,27676299a78ed7e7,最***裔,0,0,,上海,1787470327879
97,partial,GK2026D1,6a26b86a000000003501da98,6a28feae000000002a02c848,,1781071534000,好漂亮啊,4af651e8eb0539fe,E***n,0,0,,中国香港,1787470327882
97,partial,GK2026D1,6a26b86a000000003501da98,6a28fdf000000000290358d3,,1781071345000,有钱有颜,de7ecc0733e135a5,山***之,0,0,,北京,1787470343388
97,partial,GK2026D1,6a26b86a000000003501da98,6a28fcc3000000002901222f,,1781071044000,不在国内升学！多松弛,10418018547a64ab,粤***妈,0,0,,广东,1787470343391
97,partial,GK2026D1,6a26b86a000000003501da98,6a28f9130000000027015364,,1781070100000,万一很随便考到清华了[失望R],4115fb04e08a84da,A***e,1,0,,中国香港,1787470343393
97,partial,GK2026D1,6a26b86a000000003501da98,6a28f5bc000000002702c3e3,,1781069245000,家境很好的女孩面相是绝对能体现的,74681a13e22db254,m***运,0,0,,四川,1787470343395
97,partial,GK2026D1,6a26b86a000000003501da98,6a28eff700000000290354b0,,1781067768000,真是有实力，高考我是来快乐的,a0012e53787b4c3c,琪***馆,1,0,,吉林,1787470343397
97,partial,GK2026D1,6a26b86a000000003501da98,6a28ede30000000027020d72,,1781067235000,好看啊,bb7c8217c8b99a29,努***运,0,0,,北京,1787470343398
97,partial,GK2026D1,6a26b86a000000003501da98,6a28ed980000000027017c56,,1781067161000,采访人真厉害，一下就碰到了特殊人物。,dd9e96a595a06bf0,颜***的,0,0,,安徽,1787470343401
97,partial,GK2026D1,6a26b86a000000003501da98,6a28ebfa0000000029026f85,,1781066746000,这是高中生？？？,588ce5d921f5b831,大*,0,0,,河南,1787470343404
97,partial,GK2026D1,6a26b86a000000003501da98,6a28e5f80000000029027858,,1781065209000,采访这样的人,8ea9827ac384b2d6,c***o,1,0,,河北,1787470343406
97,partial,GK2026D1,6a26b86a000000003501da98,6a28e49f000000002b027265,,1781064863000,这个就不在国内读大学的，家里有矿型,b2611f0a130c20a8,中***材,0,0,,广东,1787470343408
97,partial,GK2026D1,6a26b86a000000003501da98,6a28e3ff00000000290191b5,,1781064704000,讲什么普通话…,ae402b48679cd987,L***x,1,0,,中国香港,1787470358692
97,partial,GK2026D1,6a26b86a000000003501da98,6a28ded2000000002702aec8,,1781063379000,非高三生可以参加高考吗？,c6dd711cfd7f9541,啊***🤔,0,0,,广东,1787470358694
97,partial,GK2026D1,6a26b86a000000003501da98,6a28dd6f0000000027021ee8,,1781063024000,这个精神状态，明显准备走体制外，不然摧残三年，孩子们的状态不会这么松弛[偷笑R],637cbb49f0aaa66a,闲***鹤,1,0,,上海,1787470358696
97,partial,GK2026D1,6a26b86a000000003501da98,6a28dd26000000002b003400,,1781062951000,散发出来，很浓的钱味，,be7d00fd12099d02,小***意,0,0,,广东,1787470358698
97,partial,GK2026D1,6a26b86a000000003501da98,6a28dcd0000000002702e351,,1781062864000,他的人生都是用来体验的，不用考虑太多[微笑R],c7ab1fc32b4edc79,尼***斯,0,0,,甘肃,1787470358700
97,partial,GK2026D1,6a26b86a000000003501da98,6a28d4d50000000029035dcd,,1781060822000,她是怎么拿到双学籍的？,a726de8b2ee063a5,阿***木,0,0,,上海,1787470358702
97,partial,GK2026D1,6a26b86a000000003501da98,6a28d441000000002901054c,,1781060674000,有钱人的生活,51835175844ae908,J*,0,0,,广东,1787470358704
97,partial,GK2026D1,6a26b86a000000003501da98,6a28d0ee000000002b002618,,1781059823000,这是00后吧,020d93804a43732c,包*,0,0,,重庆,1787470358707
97,partial,GK2026D1,6a26b86a000000003501da98,6a28c4ce000000002a031f8b,,1781056719000,就是说不占高考名额还是？,8bda01398933678d,小***7,0,0,,广东,1787470358709
97,partial,GK2026D1,6a26b86a000000003501da98,6a28c0f0000000002702e086,,1781055729000,“普通考生别学我”[doge]实力在这里,b059e8824f40b13b,小***7,2,0,,广东,1787470358710
97,partial,GK2026D1,6a26b86a000000003501da98,6a28bfc3000000002901003d,,1781055428000,这孩子很可爱[玫瑰R][玫瑰R],eb80ddff44f9c8a6,小***2,0,1,,北京,1787470374065
97,partial,GK2026D1,6a26b86a000000003501da98,6a28bcd00000000028037a85,,1781054672000,长得太成熟了！换件衣服就是人妻了,cef70ea06cf88440,情*,2,0,,广东,1787470374067
97,partial,GK2026D1,6a26b86a000000003501da98,6a28bc1f000000002a02e82f,,1781054495000,前面的，人家都说了只是体验一下高考而已，人家已经出国留学了[笑哭R],a11dd1b048d96dd5,用***销,7,0,,广东,1787470374070
97,partial,GK2026D1,6a26b86a000000003501da98,6a28b9eb0000000029010dc4,,1781053931000,港澳生，考400多分就能上一本,b5fa8baa8759b1de,正*,0,0,,广东,1787470374073
97,partial,GK2026D1,6a26b86a000000003501da98,6a28b757000000002702115b,,1781053272000,这女的面相很好[点赞R],228c6685d0a78a0c,万***己,1,0,,海南,1787470374074
97,partial,GK2026D1,6a26b86a000000003501da98,6a28b5130000000029019dc6,,1781052691000,这种典型成绩不好家里有钱,85a1012d33c5984d,W***u,0,0,,上海,1787470374076
97,partial,GK2026D1,6a26b86a000000003501da98,6a28b29a0000000029013f5d,,1781052059000,好漂亮,e3fa7499764f4de7,山*,0,0,,广东,1787470374078
97,partial,GK2026D1,6a26b86a000000003501da98,6a28b1f9000000000d021c02,,1781051898000,天啊 我的高中 好难忘的街道,5ce2e4a13083e2be,小***4,0,0,,美国,1787470374080
97,partial,GK2026D1,6a26b86a000000003501da98,6a28b0d1000000002901ada7,,1781051602000,阳光自信，谈吐自然，大大方方的大女孩,d6d609b19e9e875d,留*,0,0,,山东,1787470374083
97,partial,GK2026D1,6a26b86a000000003501da98,6a28b063000000002702c416,,1781051492000,真光都没有短发光环了[笑哭R]培英的同学还住司徒“新”楼吗,88ad3f6eee70ec94,高***厚,1,0,,广东,1787470374086
97,partial,GK2026D1,6a26b86a000000003501da98,6a2a3040000000002701745a,6a28bfc3000000002901003d,1781149760000,不知道哪里可爱了,3519bcad3c75bd81,默***o,0,0,,湖南,1787470389092
97,partial,GK2026D1,6a26b86a000000003501da98,6a28a94400000000290128a0,,1781049669000,一看气质谈吐和脸上的光，就不是千军万马去挤独木桥的版型,27f58ec1e74fd892,A***x,2,0,,江苏,1787470389392
97,partial,GK2026D1,6a26b86a000000003501da98,6a28a0ef000000002702f429,,1781047535000,唐朝文化，洛阳三日[偷笑R],e427b0bba438de3e,小***鱼,0,0,,北京,1787470389396
97,partial,GK2026D1,6a26b86a000000003501da98,6a2897b800000000280346c6,,1781045176000,应该是河北人吧？个别字眼带有河北发音的特点,d184a834f44aaac5,秋*,1,0,,北京,1787470389397
97,partial,GK2026D1,6a26b86a000000003501da98,6a28946a0000000029012b7a,,1781044331000,底气是父母给的,04d034aa3402b7f6,吃***众,0,0,,广东,1787470389399
97,partial,GK2026D1,6a26b86a000000003501da98,6a2893be000000002a00786f,,1781044158000,东Chuan,3b466bc0fd976aa6,小***9,0,0,,山东,1787470389403
97,partial,GK2026D1,6a26b86a000000003501da98,6a288343000000000d023c00,,1781039940000,我就是来玩一下，这种放松心态是家庭实力给的,8c58c0ec7fa881c3,向*,0,0,,黑龙江,1787470389404
97,partial,GK2026D1,6a26b86a000000003501da98,6a287c46000000002803d3b1,,1781038151000,有钱可以任性,23cb82797fd5508f,二*,0,0,,湖南,1787470389406
97,partial,GK2026D1,6a26b86a000000003501da98,6a28700a000000002803d581,,1781035019000,喂  高考考历史的吗？,9ae504d71f2181bd,金***💬,0,0,,广西,1787470389408
97,partial,GK2026D1,6a26b86a000000003501da98,6a28570f000000000d021401,,1781028623000,这眼睛长得很奇怪,fa1ae0079d09216f,V***s,0,0,,美国,1787470389410
97,partial,GK2026D1,6a26b86a000000003501da98,6a285318000000002a032a60,,1781027608000,可以穿校服？,42038e52249a3b2f,岁***浅,0,0,,浙江,1787470389412
97,partial,GK2026D1,6a26b86a000000003501da98,6a284fe8000000002803913a,,1781026792000,这高中生长得有点着急啊，像二十多岁的[笑哭R],45139ff56b2a5927,B***d,0,0,,广东,1787470404761
97,partial,GK2026D1,6a26b86a000000003501da98,6a284b48000000002b003e77,,1781025610000,,9d3118d1d3b96d2e,塞***窿,0,0,http://sns-webpic-qc.xhscdn.com/202608231533/5c7d9b712a27a8e684084e53eb966bc7/comment/1040g4b83216uq8de7k7g5ot9l7api9vjil197s0!nd_whgt34_webp_wm_1,法国,1787470404764
97,partial,GK2026D1,6a26b86a000000003501da98,6a283c2e000000002803628b,,1781021743000,塑料普通话,f034ef885955c42c,月***风,0,0,,湖南,1787470404765
97,partial,GK2026D1,6a26b86a000000003501da98,6a2837b90000000028033f4f,,1781020602000,历史[鼓掌R],2f8817217fcf280c,九***！,0,0,,浙江,1787470404768
97,partial,GK2026D1,6a26b86a000000003501da98,6a2837700000000027015ccb,,1781020528000,这颜值，不高考，一样混的好,b3291fe104b9f8f5,N***u,0,0,,上海,1787470404770
97,partial,GK2026D1,6a26b86a000000003501da98,6a2835150000000027016e8a,,1781019925000,要么不参加，要么尊重[失望R],0b1ff67d1aea1575,m***o,0,0,,湖南,1787470404772
97,partial,GK2026D1,6a26b86a000000003501da98,6a2833e50000000027021995,,1781019622000,[偷笑R][偷笑R],e352f12b6d99b06b,张***月,0,0,,广西,1787470404773
97,partial,GK2026D1,6a26b86a000000003501da98,6a282e71000000002902539a,,1781018226000,一天时间，我要这个女孩的联系方式[捂嘴笑R][捂嘴笑R]谁能给我。必有重谢,1e6044f57f563390,幽***ƪ,0,0,http://sns-webpic-qc.xhscdn.com/202608231533/840dd2461160736e64ed7932bc677457/comment/1040g2h03216tl28jnejg5p1kktl528ei1je60e0!nd_whlt34_webp_wm_1,广东,1787470404776
97,partial,GK2026D1,6a26b86a000000003501da98,6a282c15000000002803e864,,1781017622000,这么优秀的富家女哪里找,5c5a2bcb219e5dcc,海***川,0,0,,广东,1787470404777
97,partial,GK2026D1,6a26b86a000000003501da98,6a282b120000000028035703,,1781017362000,富二代,d649658cf288d4fd,一***孩,0,0,,广东,1787470404780
97,partial,GK2026D1,6a26b86a000000003501da98,6a282969000000002a026560,,1781016937000,说体验，家庭肯定不是一般厚实,50a0731eb4abad61,*,1,0,,广东,1787470420069
97,partial,GK2026D1,6a26b86a000000003501da98,6a28257f0000000028036a12,,1781015936000,碰到一个来体验高考的,67c172f5a0a4f3de,P***y,1,0,,北京,1787470420071
97,partial,GK2026D1,6a26b86a000000003501da98,6a2823cc000000002a02578c,,1781015500000,父母早就规划好了，不上国内大学的,bd62fb8748ba461d,东***包,0,0,,重庆,1787470420073
97,partial,GK2026D1,6a26b86a000000003501da98,6a282380000000002803a6cc,,1781015425000,有钱孩子随便玩梗吧[捂脸R],fdf93f7f62771a29,冬***户,0,0,,北京,1787470420076
97,partial,GK2026D1,6a26b86a000000003501da98,6a2822ff000000002a004acf,,1781015295000,一个字：浪！,cf532b3585d0c009,清***月,0,0,,福建,1787470420078
97,partial,GK2026D1,6a26b86a000000003501da98,6a28218a000000002800887b,,1781014923000,好可爱[点赞R][点赞R][点赞R],2dc2f2adf1ebb981,达***桃,0,0,,河北,1787470420079
97,partial,GK2026D1,6a26b86a000000003501da98,6a281ffc000000002702a356,,1781014524000,高考对她无所谓的所有人家才这样,fc5d9e09cf2e5037,拿***漠,3,0,,陕西,1787470420081
97,partial,GK2026D1,6a26b86a000000003501da98,6a281c78000000002803baf9,,1781013625000,松弛感,2018f79a1391032d,V***d,0,0,,广东,1787470420083
97,partial,GK2026D1,6a26b86a000000003501da98,6a281c5a000000002702f53f,,1781013595000,答应我，别精通三通一达[哭惹R],8b51384b07645378,牛***辣,0,0,,安徽,1787470420085
97,partial,GK2026D1,6a26b86a000000003501da98,6a281bc8000000002b027dd2,,1781013448000,以后就是外国友人了吗[哭惹R],11830c1879153478,m***o,1,0,,河南,1787470420087
97,partial,GK2026D1,6a26b86a000000003501da98,6a281b9e000000002900fa5c,,1781013407000,牛閪啊,c5dbeb08eb4f8768,小***D,0,0,,广东,1787470435418
97,partial,GK2026D1,6a26b86a000000003501da98,6a281b82000000002902dc7e,,1781013379000,她的校服跟我初中时候的一样 我80后[笑哭R],45155b205f085ed3,小***🙆,0,0,,辽宁,1787470435420
97,partial,GK2026D1,6a26b86a000000003501da98,6a281a6e000000002702efbd,,1781013103000,她应该不是土生土长的广东妹子,03c52c49e298ea68,老*,0,0,,广西,1787470435422
97,partial,GK2026D1,6a26b86a000000003501da98,6a281a56000000002902dec7,,1781013079000,这就是家庭的撑腰，让孩子自信大方，放的开，不怕,30cf97f45ee4e749,越***华,1,0,,广东,1787470435424
97,partial,GK2026D1,6a26b86a000000003501da98,6a2818db000000002702aef9,,1781012700000,高中生这么成熟吗,11405fcb94a209ad,N***1,0,0,,广东,1787470435426
97,partial,GK2026D1,6a26b86a000000003501da98,6a281859000000002a005973,,1781012570000,反贼,84c2a48334ae859a,s***a,0,0,,上海,1787470435428
97,partial,GK2026D1,6a26b86a000000003501da98,6a281845000000002900cc94,,1781012549000,我高中同学，语文试卷最后一道作文，他画了个乌龟在试卷上。,96f6026b198e2af9,臭***兄,0,0,,江苏,1787470435430
97,partial,GK2026D1,6a26b86a000000003501da98,6a2817df000000002701e22f,,1781012448000,说句难听的，高考只是普通家庭在卷，有钱的家庭直接换赛道了。,354d1d49bde1b4da,小***8,2,0,,广东,1787470435432
97,partial,GK2026D1,6a26b86a000000003501da98,6a281751000000002900cbfd,,1781012305000,有钱人把高考当体验 没钱人拼了命高考 这就是有钱和没钱的差距[捂脸R],56596865ff67b9dc,大*,2,0,,浙江,1787470435434
97,partial,GK2026D1,6a26b86a000000003501da98,6a281728000000002900c1bf,,1781012264000,美,4c688ce847028d1a,顺***佳,0,0,,湖北,1787470435435
97,partial,GK2026D1,6a26b86a000000003501da98,6a2814cd0000000029013f83,,1781011662000,牙需要整一下,f13693bdba9f55c4,看***看,0,0,,北京,1787470450733
97,partial,GK2026D1,6a26b86a000000003501da98,6a2814b20000000027014ac9,,1781011635000,“普通考生不要学我”记住没有？？体验一下记住没有？？？,dd3e3ffcdb5f3d1a,不*,1,0,,河南,1787470450736
97,partial,GK2026D1,6a26b86a000000003501da98,6a28139a000000002702d89b,,1781011355000,这一看就是有家底的，人也漂亮。,5939f52f66259e4a,G***7,0,0,,四川,1787470450737
97,partial,GK2026D1,6a26b86a000000003501da98,6a281384000000002701cc51,,1781011333000,要个分数而已,4c5b690ae863f360,一***民,0,0,,广西,1787470450739
97,partial,GK2026D1,6a26b86a000000003501da98,6a28137e000000002b02576d,,1781011327000,好可爱啊[色色R],c30a4d3cc9fef429,t***g,0,0,,广东,1787470450740
97,partial,GK2026D1,6a26b86a000000003501da98,6a281335000000002a025163,,1781011254000,我母校。。唉。。爾乃世之光 變 爾乃世之撈了,73cd7ebad4ec0444,我***！,0,0,,广东,1787470450741
97,partial,GK2026D1,6a26b86a000000003501da98,6a2812df0000000029018b5d,,1781011168000,真光,bc522a754224ff4f,B***g,0,0,,广东,1787470450744
97,partial,GK2026D1,6a26b86a000000003501da98,6a28114f000000002b0265ea,,1781010767000,羡慕这些敢进考场的孩子！[点赞R][点赞R][点赞R]当年我真的是既害怕又讨厌考试，所以我选择了免试，可考可不考我就没去考。,d208fdcebbb0e02e,狠*,0,0,,广东,1787470450746
97,partial,GK2026D1,6a26b86a000000003501da98,6a28105c000000002900e85a,,1781010525000,好高傲啊,78778c3be44d4cee,H***饭,0,0,,广东,1787470450748
97,partial,GK2026D1,6a26b86a000000003501da98,6a280fd10000000028038b3d,,1781010385000,小心牵连出父母,c1b5b534c49f0b6b,西***日,1,0,,北京,1787470450749
97,partial,GK2026D1,6a26b86a000000003501da98,6a280eb0000000002900f587,,1781010097000,一脸富贵相,54c03021e22f43dc,金***师,0,0,,天津,1787470466127
97,partial,GK2026D1,6a26b86a000000003501da98,6a280e8f000000002901ad0d,,1781010063000,下辈子，这个剧本给我拿好吗[哭惹R],8f718367eb4daedd,*,0,0,,广西,1787470466131
97,partial,GK2026D1,6a26b86a000000003501da98,6a280dd2000000002a02fc99,,1781009875000,客家人吧,3a80b68cd3ce679b,普***活,0,0,,广东,1787470466134
97,partial,GK2026D1,6a26b86a000000003501da98,6a280b3c000000002901bdae,,1781009212000,海龟多了去了,feec4f6cbb3f88a7,荔***香,1,1,,江苏,1787470466136
97,partial,GK2026D1,6a26b86a000000003501da98,6a280a44000000002a032cf2,,1781008965000,后台很硬,aa76c6049f60f2cc,海***川,0,0,,河北,1787470466138
97,partial,GK2026D1,6a26b86a000000003501da98,6a280a1e000000002a02c2a9,,1781008927000,不是，你得尊重一下高考，尊重一下。,20376a01e66a4380,小***夏,1,0,,广东,1787470466140
97,partial,GK2026D1,6a26b86a000000003501da98,6a280a0f00000000280395e2,,1781008912000,好漂亮的孩子[点赞R],61662d3626e324fd,m***o,1,0,,广东,1787470466143
97,partial,GK2026D1,6a26b86a000000003501da98,6a2809430000000027028145,,1781008708000,,06a56913f2a78d18,风***月,0,0,,四川,1787470466146
97,partial,GK2026D1,6a26b86a000000003501da98,6a28086800000000270228a3,,1781008489000,不在国内升学[偷笑R],c2c7371fea30c47b,打***版,0,0,,广东,1787470466147
97,partial,GK2026D1,6a26b86a000000003501da98,6a2807420000000028035672,,1781008194000,听口音有点像湖南的,5ed7c1fd9baf221f,四***茶,0,0,,广东,1787470466149
97,partial,GK2026D1,6a26b86a000000003501da98,6a28dcb8000000002702ddf5,6a280b3c000000002901bdae,1781062841000,有没有可能她人生就是体验体验[微笑R],c7ab1fc32b4edc79,尼***斯,0,0,,甘肃,1787470481162
97,partial,GK2026D1,6a26b86a000000003501da98,6a2805d2000000002702a247,,1781007826000,讲话像黄灿灿,98d210510eb596cf,蛮***的,0,0,,浙江,1787470481456
97,partial,GK2026D1,6a26b86a000000003501da98,6a27ffcd000000002b02583c,,1781006285000,你看看，父母有出息孩子就不用参加高考,9338d7af8fdefd60,朱***诺,0,0,,广东,1787470481459
97,partial,GK2026D1,6a26b86a000000003501da98,6a27ff97000000002900db47,,1781006232000,一脸的傲娇[捂脸R][捂脸R][捂脸R][捂脸R],abd75fb6fe9dc033,忧***芽,0,0,,广东,1787470481460
97,partial,GK2026D1,6a26b86a000000003501da98,6a27fef8000000002b00343c,,1781006072000,又幾靚女啵，可以參加香港小姐,d3cc9077de5b4655,💋***💋,0,0,,广东,1787470481462
97,partial,GK2026D1,6a26b86a000000003501da98,6a27fdf1000000002803081d,,1781005810000,留学真好，学业周期短,d6f43689e8a2e572,阿*,0,0,,广东,1787470481465
97,partial,GK2026D1,6a26b86a000000003501da98,6a27fd60000000002a02d716,,1781005665000,不穿校服怕空调吹多了肚子疼,079572342e202b11,m***o,0,0,,江苏,1787470481466
97,partial,GK2026D1,6a26b86a000000003501da98,6a27f9e5000000002a0046d0,,1781004773000,就是来体验一下，普通人可别学我这样[doge],63d3e0aab5cd4f2e,摸***猫,2,0,,山东,1787470481467
97,partial,GK2026D1,6a26b86a000000003501da98,6a27f9bc0000000028039268,,1781004732000,可能国内这些学的不好、提前准备出国了[笑哭R],f2d09b3c6c187a14,蹦***🐒,0,0,,北京,1787470481469
97,partial,GK2026D1,6a26b86a000000003501da98,6a27f8480000000029010e11,,1781004361000,文科生？麻烦了,b5d22acd4efb6cd2,小***1,0,0,,广东,1787470481470
97,partial,GK2026D1,6a26b86a000000003501da98,6a27f82d000000002900c464,,1781004334000,好成熟了,b5d22acd4efb6cd2,小***1,0,0,,广东,1787470481471
97,partial,GK2026D1,6a26b86a000000003501da98,6a27f803000000002a033b06,,1781004292000,很漂亮,c26c17d61600a0e1,松*,0,0,,江西,1787470496784
97,partial,GK2026D1,6a26b86a000000003501da98,6a27f5cd000000002a024d75,,1781003725000,像办公室主任的感觉,10627fea0ca8f3ee,蛋***家,0,0,,浙江,1787470496787
97,partial,GK2026D1,6a26b86a000000003501da98,6a27f49d000000002702eee6,,1781003422000,这么风韵犹存的 高三学生？,fb4d92d46e5af279,网***手,1,0,http://sns-webpic-qc.xhscdn.com/202608231534/ff94498662cc6f76e8ad58fc08352f99/comment/1040g2h03216hgkjk70205opg6h5ovuth2okn640!nd_whgt34_webp_wm_1,广东,1787470496790
97,partial,GK2026D1,6a26b86a000000003501da98,6a27f46d000000002900d4ae,,1781003373000,文科不适合老百姓的子女,2419322efb3a1754,s***k,0,0,,云南,1787470496792
97,partial,GK2026D1,6a26b86a000000003501da98,6a27f3590000000028038fa2,,1781003097000,我不是普通人,17ea64897bae7038,小***D,1,0,,广东,1787470496794
97,partial,GK2026D1,6a26b86a000000003501da98,6a27f2e3000000002a02420c,,1781002980000,普通话真好,1fc72fbdbe2f666f,小*,0,0,,北京,1787470496795
97,partial,GK2026D1,6a26b86a000000003501da98,6a27f2280000000027022aa1,,1781002793000,“普通考生，不要学我这样”，听话要听重点啊，普通考生们,bcac3c66373d55a3,B***o,1,0,,福建,1787470496797
97,partial,GK2026D1,6a26b86a000000003501da98,6a27effb000000002b0244c2,,1781002236000,家里没1个小目标不可能这么放松。,5a9a97cfbd179ab5,霓*,0,0,,四川,1787470496800
97,partial,GK2026D1,6a26b86a000000003501da98,6a27efbf000000002902cef3,,1781002175000,应该是网红,8f51b22b1564cc17,小***C,0,0,,中国香港,1787470496801
97,partial,GK2026D1,6a26b86a000000003501da98,6a27ee6a000000002701e97f,,1781001834000,挺好看的,3f377413c0e76726,小***2,0,0,,北京,1787470496804
97,partial,GK2026D1,6a26b86a000000003501da98,6a27ed5e0000000028034063,,1781001566000,一看就是不用吃高考苦的孩子[哭惹R][哭惹R][哭惹R]羡慕了,2db0d3074bf77555,爱***）,1,0,,上海,1787470512143
97,partial,GK2026D1,6a26b86a000000003501da98,6a27ec3900000000280394b5,,1781001273000,人家随心所欲底气来自于家里至少可以拿出二三百万送到国外读大学。,d3759a542e01f71f,随***安,0,0,,天津,1787470512145
97,partial,GK2026D1,6a26b86a000000003501da98,6a27e5e9000000002701fa98,,1780999657000,其实有offer了以后再去高考也挺关种的，虽然能帮把赋分降一降是好事[捂脸R],9d966c988a6a597b,凉***茶,0,0,,江苏,1787470512148
97,partial,GK2026D1,6a26b86a000000003501da98,6a27e52f0000000028009e63,,1780999471000,少年老成啊[笑哭R],fb36c6cbb8bcbec9,m***o,0,0,,江苏,1787470512149
97,partial,GK2026D1,6a26b86a000000003501da98,6a27e4400000000027021e9e,,1780999233000,世界对于这种人来说就是个游乐场,a6a856d8ff99d69d,火***🚀,4,0,,湖北,1787470512151
97,partial,GK2026D1,6a26b86a000000003501da98,6a27e4110000000029011acc,,1780999186000,就是玩！,7ee7938aae39a9f5,E***r,0,0,,黑龙江,1787470512152
97,partial,GK2026D1,6a26b86a000000003501da98,6a27e12d000000002b02b624,,1780998445000,人家出国了体验生活,1e7d57e871a2fe63,卢***旌,0,0,,广东,1787470512155
97,partial,GK2026D1,6a26b86a000000003501da98,6a27def600000000290199ba,,1780997879000,太自信阳光了,8868da405e488eff,m***o,0,0,,河北,1787470512157
97,partial,GK2026D1,6a26b86a000000003501da98,6a27dc60000000002702997a,,1780997217000,她是来玩的，开心就好[doge],111b5ed0eeca44d8,藏*,0,0,,甘肃,1787470512159
97,partial,GK2026D1,6a26b86a000000003501da98,6a27db95000000002701d258,,1780997014000,嘻哈妹子,ebcecef45d8ce877,刚*,0,0,,广西,1787470512162
97,partial,GK2026D1,6a26b86a000000003501da98,6a27db3e00000000280087cb,,1780996927000,成人高考吗？,631b6ca918a85660,达*,0,0,,黑龙江,1787470527478
97,partial,GK2026D1,6a26b86a000000003501da98,6a27d194000000002701ce64,,1780994453000,看得出来她以后在社会混的好,ecd2a6a30e385885,旺***头,1,0,,广东,1787470527481
97,partial,GK2026D1,6a26b86a000000003501da98,6a27d113000000002803e638,,1780994323000,到现在还在宣传种植唐朝盛世啊[汗颜R],d1c457021a8e2a25,大***飞,0,0,,上海,1787470527483
97,partial,GK2026D1,6a26b86a000000003501da98,6a27cf8f000000002a006fe4,,1780993935000,有钱人家的小孩学习好长得好看,6d10e22976cb2bf5,。*,0,0,,广东,1787470527486
97,partial,GK2026D1,6a26b86a000000003501da98,6a27cb7900000000280375a8,,1780992890000,上牙床感觉弧度有点别扭,99a09e563eb83d83,呵***哒,0,0,,北京,1787470527489
97,partial,GK2026D1,6a26b86a000000003501da98,6a27ca210000000028036e83,,1780992545000,家里有矿,5f934ef8f36138b2,B***e,0,0,,广东,1787470527491
97,partial,GK2026D1,6a26b86a000000003501da98,6a27c8e50000000029013d75,,1780992230000,看看，高考只是你们的独木桥,302654885bf38e66,保***会,1,0,,广东,1787470527493
97,partial,GK2026D1,6a26b86a000000003501da98,6a27c778000000002901ac7f,,1780991864000,低端人群才会卷国内高考，高端人群都是出口转内销了,e93b4b603a7f30b2,塔*,1,0,,广东,1787470527494
97,partial,GK2026D1,6a26b86a000000003501da98,6a27c464000000002702a98d,,1780991077000,哈哈哈，好可爱,6c03d511cab6bdf8,美***6,0,0,,陕西,1787470527496
97,partial,GK2026D1,6a26b86a000000003501da98,6a27bdf1000000002a02c596,,1780989426000,都保送了,2dc98988c822e97e,小***粑,0,0,,广东,1787470527497
97,partial,GK2026D1,6a26b86a000000003501da98,6a27badb000000002a006e42,,1780988636000,孩子受的苦都是父母给的,2ad1da159eca7654,真***天,0,0,,广东,1787470542801
97,partial,GK2026D1,6a26b86a000000003501da98,6a27b90e00000000290263d8,,1780988175000,体验一下，然后花钱去国外读大学,33ec71bbd9a927a0,搔***蹰,2,0,,山东,1787470542805
97,partial,GK2026D1,6a26b86a000000003501da98,6a27b808000000002800b3df,,1780987912000,这个是高三学生？？？？？[石化R][石化R],adacdf2d4380ad7c,刚***亿,2,0,,广东,1787470542807
97,partial,GK2026D1,6a26b86a000000003501da98,6a27b5a3000000002a025419,,1780987300000,这看着不像18呀[失望R],9688b06e77fb330e,小***年,0,0,,广西,1787470542810
97,partial,GK2026D1,6a26b86a000000003501da98,6a27aed7000000002900f5dd,,1780985560000,这就是有家庭背书的底气,a76ade78287b6adf,卡***特,2,0,,安徽,1787470542812
97,partial,GK2026D1,6a26b86a000000003501da98,6a27ae9b000000002900ea07,,1780985500000,喜欢这个，青春洋溢[气球R],a55453718e8fcfb4,艾***y,3,0,,菲律宾,1787470542813
97,partial,GK2026D1,6a26b86a000000003501da98,6a27adf00000000028038f91,,1780985329000,这姑娘性格挺开朗，做朋友应该是很靠谱的,bbbd020ccd76f688,怪***诚,2,0,,辽宁,1787470542816
97,partial,GK2026D1,6a26b86a000000003501da98,6a27aaea000000002702b501,,1780984554000,你笑起来的表情觉得 活力四射,da300f701dcfddf3,小***子,2,0,,广东,1787470542818
97,partial,GK2026D1,6a26b86a000000003501da98,6a27aab5000000002803569c,,1780984501000,好乐观啊，阳光大气[偷笑R][偷笑R][偷笑R],64ac4a9ce288fe03,陈***峰,3,0,,湖北,1787470542819
97,partial,GK2026D1,6a26b86a000000003501da98,6a279893000000002800b942,,1780979860000,历史还没考啊,9c26aa6bb7504b5d,S***m,1,0,,浙江,1787470542822
97,partial,GK2026D1,6a26b86a000000003501da98,6a279bce00000000290366eb,,1780980687000,出去搞个什么澳洲的，新西兰的，爱尔兰的文凭，回来照样进国企,f9a157f259cded2f,D***i,247,63,,广东,1787470558155
97,partial,GK2026D1,6a26b86a000000003501da98,6a27d487000000002a004cd8,,1780995207000,这个女生还倡议了未成年去看痛经医院不要说生个孩子就好了,162a5fd458417d03,猪***子,225,21,,广东,1787470558156
97,partial,GK2026D1,6a26b86a000000003501da98,6a292c990000000027029d51,,1781083290000,所以本科留子真不能要 不是干活的人,5cd15ec6c6f004c0,小***叭,35,10,,中国香港,1787470558159
97,partial,GK2026D1,6a26b86a000000003501da98,6a279594000000002702272d,,1780979093000,这个颜值真高(👍ᐛ)，不过略显成熟，不像高三学生,2df602ef1da386dd,e***c,25,3,,江苏,1787470558162
97,partial,GK2026D1,6a26b86a000000003501da98,6a2803ee000000002a02689c,,1781007342000,可是她好漂亮呀,c7009fe4f87f7285,我***呀,18,4,,广东,1787470558163
97,partial,GK2026D1,6a26b86a000000003501da98,6a27e0f40000000027017736,,1780998388000,现在的高中生，咋看都像阿姨一样的成熟。[失望R],8735186c3b5a80e4,R***y,14,11,,浙江,1787470558165
97,partial,GK2026D1,6a26b86a000000003501da98,6a27b6e10000000029024f04,,1780987618000,我不喜欢这样的态度 可以体验 但是我真的觉得这个女生的态度有种游戏高考的感觉 高考应该是严肃认真的 很多人只有高考这一条路 但是在她眼里是觉得可以随便在卷子上写的 不知道这是否属于标记试卷,4e197efd857dfed1,*,14,4,,陕西,1787470558167
97,partial,GK2026D1,6a26b86a000000003501da98,6a28e79300000000280378ca,,1781065619000,暴露了答题内容，试卷就 0 分处理了[捂脸R],d57c1f4d203b05dd,麦*,9,10,,广东,1787470558169
97,partial,GK2026D1,6a26b86a000000003501da98,6a27f022000000002a007cb5,,1781002275000,既然不在国内读大学，干嘛不早些去读国外高中！浪费自己的青春[偷笑R]。,c17ad8c511b73b09,黑***K,8,17,,黑龙江,1787470558171
97,partial,GK2026D1,6a26b86a000000003501da98,6a2926300000000027020281,,1781081648000,你不是普通考生，那是属于什么考生呢？切,1a65bdc77fcef785,蝴***袖,6,13,,湖南,1787470558173
97,partial,GK2026D1,6a26b86a000000003501da98,6a27a62a0000000029025378,6a279bce00000000290366eb,1780983338000,进国企就很低等了,a5420ae86b4d8a2f,j***e,120,0,,广东,1787470573179
97,partial,GK2026D1,6a26b86a000000003501da98,6a27a13c000000002800a220,6a279bce00000000290366eb,1780982077000,这叫做泡过海水,e3c08ac9eb2ca6de,芯***📿,18,0,,广东,1787470573438
97,partial,GK2026D1,6a26b86a000000003501da98,6a27ac6f000000002b029895,6a279bce00000000290366eb,1780984944000,人家说不定有家族企业接管,4ae64d8c66409e19,S***a,56,0,,广东,1787470573441
97,partial,GK2026D1,6a26b86a000000003501da98,6a27aeee00000000280370b6,6a279bce00000000290366eb,1780985582000,我国企拒收所有海外留学经历的,c4f20b6bbeb361cc,暗*,14,0,,江苏,1787470573442
97,partial,GK2026D1,6a26b86a000000003501da98,6a27b257000000002b0000e2,6a27a13c000000002800a220,1780986455000,这是浸过咸水,c09ed3de3dabfd83,安***分,6,0,,广东,1787470573444
97,partial,GK2026D1,6a26b86a000000003501da98,6a27b5a0000000002a02c8a0,6a279bce00000000290366eb,1780987296000,现在国企，公务员都要求必须参加过国内高考！,c65601ff3ff442cd,桃*,8,0,,黑龙江,1787470573446
97,partial,GK2026D1,6a26b86a000000003501da98,6a27b5a9000000002902cbd1,6a279bce00000000290366eb,1780987305000,感觉外出留学回来都是接手家族企业的多[笑哭R],839badfa4073ce7d,土***腩,3,0,,广东,1787470588699
97,partial,GK2026D1,6a26b86a000000003501da98,6a27b83a0000000027017f5b,6a279bce00000000290366eb,1780987963000,外国的文凭现在已经不吃香了,e6f563d2dccf4c25,湛***记,5,0,,广东,1787470588702
97,partial,GK2026D1,6a26b86a000000003501da98,6a27bc5d0000000028037820,6a279bce00000000290366eb,1780989021000,前单位就很多留子[笑哭R],1a6dca62e325e588,小***0,2,0,,广东,1787470588704
97,partial,GK2026D1,6a26b86a000000003501da98,6a27bfbf000000002b0289e1,6a279bce00000000290366eb,1780989887000,现在这个路子还香吗？纯好奇,57b0398a9df10250,用***销,0,0,,广东,1787470588706
97,partial,GK2026D1,6a26b86a000000003501da98,6a27c0c1000000002a005ff6,6a27bfbf000000002b0289e1,1780990145000,人家有一整套关系网闭环、早都有关系安排好了就香，家里没有后手只是盲目出去就没用，,f9a157f259cded2f,D***i,5,0,,广东,1787470588708
97,partial,GK2026D1,6a26b86a000000003501da98,6a27c0ec000000002b0031a5,6a27a62a0000000029025378,1780990189000,公务员要考，去留学没用，国企现在是旋转门了，就给这些开后门了,f9a157f259cded2f,D***i,0,0,,广东,1787470603944
97,partial,GK2026D1,6a26b86a000000003501da98,6a27c7ce000000002800ae44,6a27bfbf000000002b0289e1,1780991950000,香，现在仍招,a42d99f9b24dfc6b,男***o,1,0,,广东,1787470603948
97,partial,GK2026D1,6a26b86a000000003501da98,6a27c81a00000000290185db,6a27c7ce000000002800ae44,1780992026000,GUO企吗？,57b0398a9df10250,用***销,0,0,,广东,1787470603951
97,partial,GK2026D1,6a26b86a000000003501da98,6a27c858000000002a0247c0,6a27aeee00000000280370b6,1780992089000,有关系随便进[坏笑R],5b8f658eda7b3ae3,w***2,1,0,,云南,1787470603953
97,partial,GK2026D1,6a26b86a000000003501da98,6a27e3c3000000002701fd80,6a27aeee00000000280370b6,1780999108000,我央企，在世界500强里的。。。照样收留子，我们办公室去年进了两个留子,8e06c11d33d81539,m***o,0,0,,四川,1787470603954
97,partial,GK2026D1,6a26b86a000000003501da98,6a27f21b000000002702bfd9,6a279bce00000000290366eb,1781002779000,最主要上面有人就可以安排安排,26ffb1ca46912134,黄***虎,0,0,,广东,1787470619209
97,partial,GK2026D1,6a26b86a000000003501da98,6a280a810000000029013452,6a27aeee00000000280370b6,1781009026000,没有这规定,a29e3b39d5c70bad,小***农,0,0,,广东,1787470619212
97,partial,GK2026D1,6a26b86a000000003501da98,6a280af2000000002902f6c5,6a279bce00000000290366eb,1781009138000,现在不一定能进去了,2b25851590b96da4,🍀***拌,0,0,,浙江,1787470619214
97,partial,GK2026D1,6a26b86a000000003501da98,6a280aff0000000028036242,6a27b5a0000000002a02c8a0,1781009151000,并非全部，海本很多进的甚至有的免笔试,82e5c7f3096d9b04,i***a,1,0,,安徽,1787470619216
97,partial,GK2026D1,6a26b86a000000003501da98,6a280d67000000002803ee69,6a279bce00000000290366eb,1781009767000,那她的人生照样精彩[害羞R],dd65036db9cbb8f7,B***w,2,0,,陕西,1787470619218
97,partial,GK2026D1,6a26b86a000000003501da98,6a281039000000002b02a374,6a279bce00000000290366eb,1781010490000,这种看心情了，海外身份考清华只要400多分。还有生活补贴。基本毕业不会进公务员，不会进国企。,1c00f40e5dd5b1b4,叫***黑,1,0,,广东,1787470634479
97,partial,GK2026D1,6a26b86a000000003501da98,6a2812e4000000002900e1ed,6a279bce00000000290366eb,1781011173000,现在很难了,c5acf2ebb84b92bc,y***y,0,0,,福建,1787470634483
97,partial,GK2026D1,6a26b86a000000003501da98,6a281437000000002803f3ae,6a27a62a0000000029025378,1781011511000,每年大把留学生挤破头进央国企,ae9614643466815b,s***t,0,0,,广东,1787470634486
97,partial,GK2026D1,6a26b86a000000003501da98,6a281891000000002a0307c2,6a280d33000000002b02933e,1781012625000,有些事情你知我知大家知，但不能明說,2cc1aa574afe36f5,乂***乂,0,0,,中国台湾,1787470634488
97,partial,GK2026D1,6a26b86a000000003501da98,6a282309000000002701d5a5,6a279bce00000000290366eb,1781015305000,人家能负担得起的家庭，让孩子出去也不是要主要解决就业问题[笑哭R]，丰富人生体验为主,bbe6afdd73f77ce0,m***n,0,0,,福建,1787470634490
97,partial,GK2026D1,6a26b86a000000003501da98,6a282a47000000002a03158d,6a27a62a0000000029025378,1781017160000,代际传承有递减的，特别是体制内的，成绩一般般的二三代能混个国企都不错了,f9a157f259cded2f,D***i,0,0,,广东,1787470649773
97,partial,GK2026D1,6a26b86a000000003501da98,6a282eb300000000270237c3,6a279bce00000000290366eb,1781018291000,没人想进国企,fec2353c7c6a16b5,🍰*,0,0,,福建,1787470649776
97,partial,GK2026D1,6a26b86a000000003501da98,6a28383d00000000270291aa,6a279bce00000000290366eb,1781020734000,进不了了,bb291989d0f6723b,八*,0,0,,北京,1787470649778
97,partial,GK2026D1,6a26b86a000000003501da98,6a28976f000000002900f5ac,6a279bce00000000290366eb,1781045104000,现在大国企央企已经不认国外的文凭了，学渣出去混一圈拿个国外的文凭回来骗人的把戏已经玩不下去了，国内大国企的HR也不是傻子,d184a834f44aaac5,秋*,0,0,,北京,1787470649779
97,partial,GK2026D1,6a26b86a000000003501da98,6a28ac140000000027015702,6a27aeee00000000280370b6,1781050388000,你太年轻了[偷笑R][偷笑R][偷笑R],5807f2124c5802fc,多***多,0,0,,广东,1787470649783
97,partial,GK2026D1,6a26b86a000000003501da98,6a28b050000000002803f5be,6a279bce00000000290366eb,1781051473000,留子经历是国企HR必刷掉,fd12b36b406f169e,西***著,0,0,,广东,1787470665099
97,partial,GK2026D1,6a26b86a000000003501da98,6a28db2500000000270229d7,6a279bce00000000290366eb,1781062437000,现在有些国企开始拒绝有海外留学背景的了,e68d8d5644de2e1d,m***o,0,0,,广西,1787470665102
97,partial,GK2026D1,6a26b86a000000003501da98,6a28f54e000000002900f6b7,6a27aeee00000000280370b6,1781069134000,这边要,cf371cfd19904193,我***咩,0,0,,广东,1787470665104
97,partial,GK2026D1,6a26b86a000000003501da98,6a2920860000000029011715,6a279bce00000000290366eb,1781080199000,现在国外学历不能考编吧,8364b0b3c35a02a6,大***车,0,0,,广东,1787470665107
97,partial,GK2026D1,6a26b86a000000003501da98,6a2965570000000028033218,6a27aeee00000000280370b6,1781097816000,我朋友国企超多留学回来的，关系户80%,358be39687b0c59d,西***手,0,0,,广东,1787470665110
97,partial,GK2026D1,6a26b86a000000003501da98,6a297319000000002b0000f0,6a279bce00000000290366eb,1781101337000,留子那几年会很快乐啊,10d086e2a0373d0d,酸***烫,0,0,,北京,1787470680350
97,partial,GK2026D1,6a26b86a000000003501da98,6a29756800000000290250ab,6a27b5a9000000002902cbd1,1781101929000,这样先例都容易出事，不如职业经理人，比较典型的李兆会，山西首富都能败没,4e9706393fb09c97,来***春,0,0,,天津,1787470680352
97,partial,GK2026D1,6a26b86a000000003501da98,6a2978dc000000002701de3c,6a27a62a0000000029025378,1781102813000,我体制内的人的感受，好的国企好于事业和gwy，因为钱多，事业和gwy收入太低了,412a9aa0dff2a95b,m***o,0,0,,上海,1787470680355
97,partial,GK2026D1,6a26b86a000000003501da98,6a29946d000000002902734d,6a279bce00000000290366eb,1781109870000,我就高考在300多分，家里给我送到澳洲上的金融，回国社招的银行，在批发部。后来升到副总经理。现在想想干了15年了  一路还挺顺的，银行就喜欢要海外留学经历的,f68912f815b692cd,修***家,0,0,,北京,1787470680358
97,partial,GK2026D1,6a26b86a000000003501da98,6a29e644000000002803367e,6a279bce00000000290366eb,1781130820000,真的是这样，就图个稳定，工资啥的根本无所谓，然后找个门当户对的人结婚了………,f6a202e48a2bd3e9,m***o,0,0,,浙江,1787470680360
97,partial,GK2026D1,6a26b86a000000003501da98,6a2a7363000000002b029968,6a2a5a95000000002a032e2a,1781166948000,省属市属二三级国企啊，多如牛毛。当然贵ip都是总部为主，看不上这些,f9a157f259cded2f,D***i,0,0,,广东,1787470695665
97,partial,GK2026D1,6a26b86a000000003501da98,6a27c7ac0000000027029eb3,6a27aeee00000000280370b6,1780991917000,谁说的？我旧公司就是国企还专门通知下级企业可招聘海外留学毕业职工子女,a42d99f9b24dfc6b,男***o,0,0,,广东,1787470695669
97,partial,GK2026D1,6a26b86a000000003501da98,6a27d5ee000000002803c5cf,6a27aeee00000000280370b6,1780995567000,谁说的？,f4b5cdab9e256b2e,非***常,0,0,,广东,1787470695671
97,partial,GK2026D1,6a26b86a000000003501da98,6a27e75d000000002a030546,6a279bce00000000290366eb,1781000030000,国企月入几万以上？,8aa10573c3c409a6,每***呀,0,0,,广东,1787470695674
97,partial,GK2026D1,6a26b86a000000003501da98,6a27fbf3000000002702d434,6a279bce00000000290366eb,1781005300000,出去了還用考慮進國企嗎[笑哭R],30052b02158af24f,鱼***汤,0,0,,美国,1787470695675
97,partial,GK2026D1,6a26b86a000000003501da98,6a27fd33000000002803a40e,6a279bce00000000290366eb,1781005620000,没路子来上海。试试国企央企门坎，野鸡海归根本没机会，什么时代了hr都会上网的,1a973d74a5044bf4,阿***鲁,0,0,,上海,1787470710950
97,partial,GK2026D1,6a26b86a000000003501da98,6a2806a6000000002800b5c4,6a27b5a0000000002a02c8a0,1781008039000,想peach,4f5265327cc8f85e,故*,0,0,,山东,1787470710952
97,partial,GK2026D1,6a26b86a000000003501da98,6a280d33000000002b02933e,6a279bce00000000290366eb,1781009716000,见过世界为啥还非得回来[笑哭R]除非有亿万家产继承,ca73b7cc7b3c88bb,C***a,0,0,,广东,1787470710954
97,partial,GK2026D1,6a26b86a000000003501da98,6a28101c000000002902d509,6a279bce00000000290366eb,1781010460000,贫穷限制了你的想象力,f2cc6ea425b25d73,小***9,0,0,,山东,1787470710956
97,partial,GK2026D1,6a26b86a000000003501da98,6a281df2000000002a0330c6,6a27aeee00000000280370b6,1781014002000,扯,2b2a590f1af43ed5,D***师,0,0,,浙江,1787470710958
97,partial,GK2026D1,6a26b86a000000003501da98,6a2828ed000000002901b448,6a27fd33000000002803a40e,1781016814000,国央企，还hr，还上网查学校？小红书招聘吗,f9a157f259cded2f,D***i,1,0,,广东,1787470726216
97,partial,GK2026D1,6a26b86a000000003501da98,6a2829fb0000000029024bd1,6a279bce00000000290366eb,1781017083000,你有钱你也这样，谁不想让自己和孩子轻松点,63649af282ad800a,轻***王,0,0,,四川,1787470726218
97,partial,GK2026D1,6a26b86a000000003501da98,6a283ebd00000000270149d3,6a279bce00000000290366eb,1781022397000,国外本科博士是什么见不得人的是吗，你先考个雅思[doge]且硕士也多的是985本科出来的，进国企是什么很难的事吗。而且很多地方qs前50还能免笔试，,701ef1ea5ad69a8d,m***o,0,0,,澳大利亚,1787470726221
97,partial,GK2026D1,6a26b86a000000003501da98,6a284408000000002900fc6a,6a279bce00000000290366eb,1781023753000,人家出去见见外面的发展和事情，你知不知道淘宝 QQ都是抄国外的,951f48b0e1ed2578,小***学,0,0,,广东,1787470726224
97,partial,GK2026D1,6a26b86a000000003501da98,6a28934e000000002a02ed83,6a27b83a0000000027017f5b,1781044046000,每年高考成绩最好的都去了北京大学和清华大学，毕业后大部分出国留学了，如果外国文凭不香了，难道他们去外国吃屎吗,19669fb47f41f2ac,木***森,0,0,,广东,1787470726227
97,partial,GK2026D1,6a26b86a000000003501da98,6a28b283000000002a02cee7,6a27aeee00000000280370b6,1781052036000,什么国企不要留学生？,33f7176d9ebbb7c7,m***o,0,0,,四川,1787470741490
97,partial,GK2026D1,6a26b86a000000003501da98,6a28b7e9000000002902e65a,6a279bce00000000290366eb,1781053417000,国企。。是什么好玩意儿,bbe276f6692fdc7e,o***n,0,0,,广东,1787470741492
97,partial,GK2026D1,6a26b86a000000003501da98,6a28d8d8000000002803dac8,6a279bce00000000290366eb,1781061849000,出去还回来干嘛,8a15a0ec7027b728,小***7,0,0,,广东,1787470741495
97,partial,GK2026D1,6a26b86a000000003501da98,6a291012000000002803540e,6a279bce00000000290366eb,1781075987000,恶意真大，你咋知道人家不是常青藤。而且她说了只是来体验下高考，足以说明人家学习还不错，不然谁没事闲的参加考试找虐啊,cb9154b4659031c0,番***🐣,0,0,,北京,1787470741497
97,partial,GK2026D1,6a26b86a000000003501da98,6a29197a000000002a0043f1,6a27aeee00000000280370b6,1781078394000,开始编了,208fef978d7cd612,U***o,0,0,,湖北,1787470741499
97,partial,GK2026D1,6a26b86a000000003501da98,6a291dbc000000002803ef2b,6a27aeee00000000280370b6,1781079485000,想多了[暗中观察R],4c39d0e99386cfb6,J***t,0,0,,广东,1787470756787
97,partial,GK2026D1,6a26b86a000000003501da98,6a2a5a95000000002a032e2a,6a279bce00000000290366eb,1781160598000,你以为国企那么高进？是不是你们广东国企本来就不多？,8976f27a3d4cf555,一***潘,0,0,,上海,1787470756790
97,partial,GK2026D1,6a26b86a000000003501da98,6a27d6f30000000027028d83,6a27d487000000002a004cd8,1780995828000,那个视频已经没了,3106feac90dfd0f8,别***子,17,0,,河南,1787470771801
97,partial,GK2026D1,6a26b86a000000003501da98,6a27d682000000002a024dfd,6a27d487000000002a004cd8,1780995715000,这个怎么知道的,87139e086df209d0,l***h,1,0,,广西,1787470772108
97,partial,GK2026D1,6a26b86a000000003501da98,6a27d6e2000000002b02a349,6a27d682000000002a024dfd,1780995810000,另一个采访,162a5fd458417d03,猪***子,1,0,,广东,1787470772111
97,partial,GK2026D1,6a26b86a000000003501da98,6a27d920000000002b0021a0,6a27d6f30000000027028d83,1780996385000,所以我要说,162a5fd458417d03,猪***子,4,0,,广东,1787470772114
97,partial,GK2026D1,6a26b86a000000003501da98,6a27dc91000000002803138b,6a27d487000000002a004cd8,1780997265000,要是生个孩子有用，我妈就不会痛得死去活来了，最后是绝经后才不痛的[微笑R],7b32a4aeda1ee498,z*,2,0,,广东,1787470772116
97,partial,GK2026D1,6a26b86a000000003501da98,6a27dcde000000002701e253,6a27d920000000002b0021a0,1780997343000,没事，我已经把那个视频全录屏了，必要我可以发出来,3106feac90dfd0f8,别***子,1,0,,河南,1787470772118
97,partial,GK2026D1,6a26b86a000000003501da98,6a27de7300000000290259f5,6a27dcde000000002701e253,1780997748000,优秀,162a5fd458417d03,猪***子,0,0,http://sns-webpic-qc.xhscdn.com/202608231539/107a1933d9ec712ec21aabdadcf372a3/comment/1040g2h03216k4pk6na0049frcme124lt332f7dg!nd_whlt34_webp_wm_1,广东,1787470787421
97,partial,GK2026D1,6a26b86a000000003501da98,6a27dff6000000002702abfa,6a27d487000000002a004cd8,1780998135000,没看懂你说的这句话,37ea407098c91aa4,风***长,0,0,,广东,1787470787424
97,partial,GK2026D1,6a26b86a000000003501da98,6a27e0ab000000002900c1e0,6a27dff6000000002702abfa,1780998315000,就是有的医生在未成年去看痛经的时候说生个孩子就好了，然后这个女生就提倡医生别这样什么的,991b2ca4bb57fce0,h*,7,0,,广东,1787470787426
97,partial,GK2026D1,6a26b86a000000003501da98,6a27e448000000002a027c7b,6a27d487000000002a004cd8,1780999241000,现在的高中生好成熟,bee32ae8907d362b,力***兮,0,0,,重庆,1787470787429
97,partial,GK2026D1,6a26b86a000000003501da98,6a27e48f000000002b0027fb,6a27e448000000002a027c7b,1780999311000,这是她的亲身经历,162a5fd458417d03,猪***子,0,0,,广东,1787470787432
97,partial,GK2026D1,6a26b86a000000003501da98,6a27e4d5000000002a02dab0,6a27e245000000002701e0b8,1780999382000,是这个女生的亲身经历,162a5fd458417d03,猪***子,0,0,,广东,1787470802787
97,partial,GK2026D1,6a26b86a000000003501da98,6a27e739000000002a027abf,6a27e0ab000000002900c1e0,1780999994000,我之前也在其他评论区看到有些痛经的人说生完孩子之后不痛经了[栗子R],882efc3cfb5adfc2,是***在,0,0,,广东,1787470802790
97,partial,GK2026D1,6a26b86a000000003501da98,6a27e775000000002901b20c,6a27e63c000000002701ce69,1781000054000,"无论是不是未成年，去看痛经说生孩子就好了的都不像医院，像邪教，但却是普遍存在且投诉无门的情况
，不讲治疗不开药替你规划出一定结婚生子的道路，并在没有任何治疗干预和数据证明的情况下欺骗患者：在经历0.02%死亡率的分娩后痛经就会奇迹自愈，而且说得生孩子像拉屎一样简单生出来不用养一样",162a5fd458417d03,猪***子,0,0,,广东,1787470802792
97,partial,GK2026D1,6a26b86a000000003501da98,6a27e7e90000000027020254,6a27e448000000002a027c7b,1781000169000,昨天刷到一个女生说上调性同意年龄的[笑哭R]我35岁了，还得看评论才知道什么意思,bf44cbcfd8281629,m***o,0,0,,广东,1787470802794
97,partial,GK2026D1,6a26b86a000000003501da98,6a27e868000000002902f916,6a27e7e90000000027020254,1781000297000,你知道了，她的发声就有意义，什么时候都不晚,162a5fd458417d03,猪***子,0,0,,广东,1787470802795
97,partial,GK2026D1,6a26b86a000000003501da98,6a27e870000000002a005f56,6a27d487000000002a004cd8,1781000304000,我还看到了一个女生想当律师，前面说了啥被剪了,8bd42659eef02a83,孟***啥,0,0,,辽宁,1787470818086
97,partial,GK2026D1,6a26b86a000000003501da98,6a27f2c1000000002702f3c7,6a27dcde000000002701e253,1781002945000,"在这                                                                                        补档 原帖出自@湾区教育圈 http://xhslink.com/o/7PLuqcbnRFD 
复制文字，打开【小红书】，笔记立刻呈现~",3106feac90dfd0f8,别***子,0,0,,河南,1787470818089
97,partial,GK2026D1,6a26b86a000000003501da98,6a2800e000000000290247d1,6a27e870000000002a005f56,1781006560000,对的，说女生读法很有必要，被剪的很明显,162a5fd458417d03,猪***子,0,0,,广东,1787470818091
97,partial,GK2026D1,6a26b86a000000003501da98,6a27e245000000002701e0b8,6a27e0ab000000002900c1e0,1780998726000,哪个医生会给未成年说这个？[汗颜R],276ed584abd9a140,燕***倍,0,0,,新疆,1787470818092
97,partial,GK2026D1,6a26b86a000000003501da98,6a27e63c000000002701ce69,6a27e4d5000000002a02dab0,1780999741000,？我靠哪个医院这不得举报[笑哭R],276ed584abd9a140,燕***倍,0,0,,新疆,1787470818094
97,partial,GK2026D1,6a26b86a000000003501da98,6a292d6200000000290362b0,6a292c990000000027029d51,1781083490000,[汗颜R],80540d2c679b5cee,s***e,4,0,,德国,1787470833111
97,partial,GK2026D1,6a26b86a000000003501da98,6a29488c0000000028036ee8,6a292c990000000027029d51,1781090444000,好的你要不到 人不回,2d8645f023e55e6e,小***1,12,0,,法国,1787470833417
97,partial,GK2026D1,6a26b86a000000003501da98,6a29bfc70000000029010ece,6a292c990000000027029d51,1781120967000,666,76ad86bd7b168cb6,m***o,0,0,,西班牙,1787470833419
97,partial,GK2026D1,6a26b86a000000003501da98,6a2a842e00000000280312be,6a295937000000002702241b,1781171247000,因果关系当然一回事,2d8645f023e55e6e,小***1,0,0,,法国,1787470833421
97,partial,GK2026D1,6a26b86a000000003501da98,6a295937000000002702241b,6a29488c0000000028036ee8,1781094711000,我说留子质量差的比例高 你说好留子不回中国[笑哭R] 这是一回事吗,5cd15ec6c6f004c0,小***叭,1,0,,中国香港,1787470833422
97,partial,GK2026D1,6a26b86a000000003501da98,6a2a17f9000000002902cd63,6a295937000000002702241b,1781143546000,留学生的质量与工作地去留就是一回事。比例是数量反应。你说一下留学生在外面过得很好的，为什么特地回来？主打情怀，建设祖国么,61a618443464fa5a,C***s,2,0,,广东,1787470833425
97,partial,GK2026D1,6a26b86a000000003501da98,6a2b93ba000000002b002465,6a292c990000000027029d51,1781240763000,这里哪里体现出来干活能力了,74329b1ab55b1daf,云***笔,0,0,,广东,1787470848705
97,partial,GK2026D1,6a26b86a000000003501da98,6a2c7fa2000000002701c0dc,6a292c990000000027029d51,1781301154000,当然，干活的人要服从和基本的执行力就够了，所以干不了大事，做不了领导，也承担不了风险。而人家是靠智商情商解决问题，拿出思路的人，首先脑子要灵活，见的要多，要会表达，还要自信。。。你看看你够啥？只够牛马被洗脑,afef5b93c9f8f14d,X***i,1,0,,山东,1787470848710
97,partial,GK2026D1,6a26b86a000000003501da98,6a2c883e000000000d022000,6a292c990000000027029d51,1781303358000,留子也不屑给你打工[偷笑R],bd05a358709e5f5f,草***奶,0,0,,美国,1787470848712
97,partial,GK2026D1,6a26b86a000000003501da98,6a2c9aa50000000027028a91,6a295937000000002702241b,1781308070000,他可能就是那类留子，所以逻辑也乱,7505d753941370ac,m***m,0,0,,福建,1787470848714
97,partial,GK2026D1,6a26b86a000000003501da98,6a27ee5d000000002800b42b,6a27e5e9000000002803981f,1781001822000,你是这个人？每个都回复,da3f40a500586e66,滴***机,0,0,,广东,1787470863732
97,partial,GK2026D1,6a26b86a000000003501da98,6a27e5e9000000002803981f,6a279594000000002702272d,1780999657000,bro选妃来了,a22bbde5183dc884,庭***许,2,0,,广东,1787470864043
97,partial,GK2026D1,6a26b86a000000003501da98,6a27f58d000000002803999f,6a27ee5d000000002800b42b,1781003661000,看不惯垃圾人而已,a22bbde5183dc884,庭***许,0,0,,广东,1787470864046
97,partial,GK2026D1,6a26b86a000000003501da98,6a282d64000000002b000eb1,6a2803ee000000002a02689c,1781017956000,中等而已，寝室四个女生排第二,fde7856342e20eee,梵***空,5,0,,浙江,1787470879060
97,partial,GK2026D1,6a26b86a000000003501da98,6a2844940000000029012ff1,6a282d64000000002b000eb1,1781023892000,你认识她？,99fae993bf7a3f8e,H***6,3,0,,广东,1787470879323
97,partial,GK2026D1,6a26b86a000000003501da98,6a286db600000000270168ea,6a282d64000000002b000eb1,1781034423000,好搞笑，啥年代啊，还在搞外貌排名那套[失望R]而且每个人审美不一样，你排名的标准是什么啊。她就是很漂亮啊。,3aab8fc7a53f157a,G***n,13,0,,广东,1787470879327
97,partial,GK2026D1,6a26b86a000000003501da98,6a28f8c2000000002a032d0a,6a286db600000000270168ea,1781070018000,你长得丑，所以很反感选美，漂亮女孩的世界你不懂，活在自己的世界就好[偷笑R],fde7856342e20eee,梵***空,0,0,,浙江,1787470879329
97,partial,GK2026D1,6a26b86a000000003501da98,6a280d8e000000002b002d10,6a27e0f40000000027017736,1781009806000,这种一看就是家里条件好，从小营养跟上了,56319991cff8a042,L***e,3,0,,广东,1787470894335
97,partial,GK2026D1,6a26b86a000000003501da98,6a27ebf7000000002702f258,6a27e6180000000028030c39,1781001208000,有见地[点赞R][大笑R],8735186c3b5a80e4,R***y,0,0,,浙江,1787470894618
97,partial,GK2026D1,6a26b86a000000003501da98,6a28147c0000000028038e04,6a27e0f40000000027017736,1781011581000,高三学生，扎起来不弄到眼睛就好。,1301c9499def039b,脉***语,0,0,,广东,1787470894621
97,partial,GK2026D1,6a26b86a000000003501da98,6a27e6180000000028030c39,6a27e0f40000000027017736,1780999705000,因为你小小的所以看谁都老老的呀[飞吻R],a22bbde5183dc884,庭***许,0,0,,广东,1787470894624
97,partial,GK2026D1,6a26b86a000000003501da98,6a27eedf00000000290242b0,6a27e0f40000000027017736,1781001952000,去体验的你没看吗,4606c74e9f87aa37,心***！,1,0,,河南,1787470894626
97,partial,GK2026D1,6a26b86a000000003501da98,6a27f03600000000280334d5,6a27e0f40000000027017736,1781002294000,如果你跟你的头像一样 那爷爷你就不要说这种话了,922739b686581785,s***t,8,0,,重庆,1787470894627
97,partial,GK2026D1,6a26b86a000000003501da98,6a27f170000000002800ae34,6a27e0f40000000027017736,1781002608000,眼睛不好可以捐了,e9a69bf96c5fe639,言*,0,0,,上海,1787470909922
97,partial,GK2026D1,6a26b86a000000003501da98,6a27f73b000000002902e00a,6a27e0f40000000027017736,1781004092000,不要审美畸形了,e4c625b0ddea5e82,无***境,0,0,,江苏,1787470909925
97,partial,GK2026D1,6a26b86a000000003501da98,6a28100e000000002701d9b9,6a27e0f40000000027017736,1781010447000,没觉得，可能是你自己已经是阿姨了看谁都像阿姨,a822190dcf6b873d,-***-,1,0,,广东,1787470909927
97,partial,GK2026D1,6a26b86a000000003501da98,6a2819bb000000002b0282a4,6a27e0f40000000027017736,1781012923000,这哪成熟了[笑哭R]而且高三十八岁了，也算是奔二十的人了，肯定成熟啊,ee106345473358f3,Z***Q,0,0,,北京,1787470909929
97,partial,GK2026D1,6a26b86a000000003501da98,6a281e8a000000002701e679,6a27e0f40000000027017736,1781014154000,成熟咋了？你是不熟的小鸡仔吗[偷笑R],87441132b646464c,知***了,0,0,,山东,1787470909932
97,partial,GK2026D1,6a26b86a000000003501da98,6a27be39000000002803e033,6a27b6e10000000029024f04,1780989497000,最后加的那句“普通考生不要学我这样”也让人感到不适,363608644c012ea1,廷***美,4,0,,湖南,1787470924948
97,partial,GK2026D1,6a26b86a000000003501da98,6a27bdf2000000002803d152,6a27b6e10000000029024f04,1780989426000,同感，有一点点不适,363608644c012ea1,廷***美,1,0,,湖南,1787470925226
97,partial,GK2026D1,6a26b86a000000003501da98,6a27bf4f000000002a02fa57,6a27be39000000002803e033,1780989775000,是的 我还以为是我包容度低了,4e197efd857dfed1,*,1,0,,陕西,1787470925228
97,partial,GK2026D1,6a26b86a000000003501da98,6a27bf79000000002902cb2c,6a27be39000000002803e033,1780989818000,我甚至不知道博主把这样的视频发出来 想要引导什么 对于大多数孩子来说唯一的机会 是可以这样游戏的吗,4e197efd857dfed1,*,2,0,,陕西,1787470925231
97,partial,GK2026D1,6a26b86a000000003501da98,6a292b7e000000002b02a6a1,6a28e79300000000280378ca,1781083006000,0分也无所谓的感觉[笑哭R] 又不用高考成绩继续读书,e5358dc19d93dad6,W***n,43,0,,广东,1787470940238
97,partial,GK2026D1,6a26b86a000000003501da98,6a29356800000000280305aa,6a292b7e000000002b02a6a1,1781085545000,也是哦～,d57c1f4d203b05dd,麦*,0,0,,广东,1787470940499
97,partial,GK2026D1,6a26b86a000000003501da98,6a29fee1000000002b002d3e,6a28e79300000000280378ca,1781137121000,人家说是来体验的，都不在乎成绩了[笑哭R]但是对比下苦读12年的孩子，真的挺心酸的,b9b60af4e63ade3b,m***o,9,0,,湖南,1787470940501
97,partial,GK2026D1,6a26b86a000000003501da98,6a2a0a7d0000000029011b5b,6a28e79300000000280378ca,1781140093000,怎么会，那么多人估题出来就对答案的多的是，改卷老师早就被关起来了，没有影响,31d90ac58e819565,是***～,8,0,,江苏,1787470940504
97,partial,GK2026D1,6a26b86a000000003501da98,6a2b8eca000000002b028a33,6a28e79300000000280378ca,1781239499000,人家说不在国内升学，只是体验高考,28eb00c0ca77911e,零***枣,2,0,,广东,1787470940505
97,partial,GK2026D1,6a26b86a000000003501da98,6a2bbe20000000002a02d9e9,6a28e79300000000280378ca,1781251617000,人家已经考完出来了。,bdd61a4dbe70d69e,晴***g,0,0,,加拿大,1787470940508
97,partial,GK2026D1,6a26b86a000000003501da98,6a2af5780000000028034890,6a28e79300000000280378ca,1781200249000,能不能有点知识啊,8aff9d03cc789573,🥕***🥕,0,0,,上海,1787470955773
97,partial,GK2026D1,6a26b86a000000003501da98,6a2b8e7d00000000290270cc,6a28e79300000000280378ca,1781239422000,考完也不能说吗,d5478687f75574f6,好***啦,0,0,,广西,1787470955776
97,partial,GK2026D1,6a26b86a000000003501da98,6a2bae6b000000002803c8f0,6a28e79300000000280378ca,1781247595000,考完不能说题目吗？,70728029283b4267,起***啊,0,0,,北京,1787470955778
97,partial,GK2026D1,6a26b86a000000003501da98,6a2bd5f00000000028030c72,6a28e79300000000280378ca,1781257713000,我乱说一段文字，害别人也O分么？,80d46624ac2e190a,外***众,0,0,,上海,1787470955780
97,partial,GK2026D1,6a26b86a000000003501da98,6a2801e0000000002b02aefd,6a27f022000000002a007cb5,1781006817000,国外的基础教育拿头和国内比,5abb3c33c690885f,椒***颂,0,0,,江苏,1787470970785
97,partial,GK2026D1,6a26b86a000000003501da98,6a281396000000002903748d,6a27f022000000002a007cb5,1781011351000,这些娃娃在高一就已经送出去读书了。。其次，读不读大学都无所谓，广东家长只希望娃娃出门涨见识。我身边太多家长从小就请私教，人家不去读什么9年义务教育。太多了。,1c00f40e5dd5b1b4,叫***黑,0,0,,广东,1787470971068
97,partial,GK2026D1,6a26b86a000000003501da98,6a282b140000000027017ec8,6a27f442000000002a024313,1781017365000,等我年纪到了可能也不记得什么事了，毕竟我高考完了两年了，很多事情都已经记得了[失望R]而且假如你现在是四五十岁的话，你高中的时候是二三十年以前，跟我们现在的肯定不一样，我们现在可以说真的就是一个苦字，没什么回忆，就我那个班没啥感情，现在就只剩下几个同班同学的微信，两只手都能数过来,9711cecc43ebfba5,🥚*,0,0,,广东,1787470971071
97,partial,GK2026D1,6a26b86a000000003501da98,6a282d9e000000002a032ab9,6a282b140000000027017ec8,1781018015000,说明你太年轻了，我当年的高三压力也相当大，当时能考上大学的是20%出头，我在的高中是全市最好的高中，考上本科以上的超85%，最差的的都是大专，你可以问一下你父母（估计你父母的时间已经容易一些了）他们上的是什么？在差的学校或者成绩差的当然是压力不大了，但是全市最好的高中就不一样了。过了三十多年我都记得当时的苦，7:15到学校，晚上9:30放学，但是基本10点才走，因为10点关灯。每同只有半天假。你以为你现在的苦才是苦呀？上下课都是自己骑单车，因为在市里上学，寄住在亲戚家，家里在小镇上，交通不方便，一个学期回家一次。[doge],38ae0619ccac5a2b,M***&,0,0,,芬兰,1787470971073
97,partial,GK2026D1,6a26b86a000000003501da98,6a28437d000000002702cf65,6a282d9e000000002a032ab9,1781023613000,七点多才到校，我们住宿的六点半就到课室早读了，晚上十点才打下课铃，而且还是集体生活，适应不了集体生活的人睡觉可能是有睡眠障碍的，我就有，几点睡着的都不知道，一天能睡几个小时，还恋家，哪怕我高中离家只有五六公里周末每回一次，但是是单休啊一月只有一次双休，学校又很恶心，谁还会想这段时间啊[哭惹R]何况现在能上本科的有几个不是本科率超过85%的重点高中，我的父辈上的都是重点高中，都是本科生，他们在我中学时代总说他们的中学时代有多好多好，但我毕业了之后的感受就是不咋滴，毕业了都没什么联系了，不像他们现在都还有同学聚会，还时不时出去小聚一下，我那个班，别说同学聚会了，小聚都不会有,9711cecc43ebfba5,🥚*,0,0,,广东,1787470971075
97,partial,GK2026D1,6a26b86a000000003501da98,6a284878000000002901a05a,6a28437d000000002702cf65,1781024889000,高三那年父母给我们在市区买了房子，我和弟一起住，有时候还要买菜做饭，还记得弟弟拉肚子我骑着单车连晚送他去医院，他170几我160，这些你需要不，当时的交通和通讯条件和现在差远了，就是两个十几岁的孩子互相照顾，学习也非常繁重。你现在的生活硬件好太多了。学习的苦和生活的苦并存。,38ae0619ccac5a2b,M***&,0,0,,芬兰,1787470971077
97,partial,GK2026D1,6a26b86a000000003501da98,6a27f103000000002a026f64,6a27f022000000002a007cb5,1781002500000,有什么浪费的，虽然国内的高中和高考都十分辛苦，但是等你多年以后回想一下这是一种不错的经历，并且国内的基础教育比很多国外高中扎实。,38ae0619ccac5a2b,M***&,23,0,,芬兰,1787470986340
97,partial,GK2026D1,6a26b86a000000003501da98,6a27f361000000002701d74a,6a27f103000000002a026f64,1781003105000,读过国内高中和经历过高考的，并不觉得这个经历多么美好[哭惹R],9711cecc43ebfba5,🥚*,0,0,,广东,1787470986343
97,partial,GK2026D1,6a26b86a000000003501da98,6a27f442000000002a024313,6a27f361000000002701d74a,1781003331000,我也经历过，过程当然不美好，但是等你四五十岁时经历过人生的各种考验，才懂得上学是人一生中最宝贵时间，会觉得虽苦但是我也经历过并杠了过来；你还没感觉到只能说明你年纪还没到。,38ae0619ccac5a2b,M***&,1,0,,芬兰,1787470986345
97,partial,GK2026D1,6a26b86a000000003501da98,6a27f7de000000002701f4d5,6a27f022000000002a007cb5,1781004255000,好好送外卖吧，人家拿完offer来考着玩儿的,7d67eef34436ef7f,J***）,2,0,,北京,1787470986346
97,partial,GK2026D1,6a26b86a000000003501da98,6a27f81e000000002803c6ba,6a27f022000000002a007cb5,1781004318000,你怎么不叫人家早移民呢[捂脸R],8bb9ca2ad4f0e184,晚***😴,0,0,,辽宁,1787470986348
97,partial,GK2026D1,6a26b86a000000003501da98,6a27f929000000002803770b,6a27f022000000002a007cb5,1781004585000,你说反了，在国内才是不浪费青春,3091d6b8bed4970c,F***g,0,0,,英国,1787471001613
97,partial,GK2026D1,6a26b86a000000003501da98,6a27fbf3000000002901970d,6a27f022000000002a007cb5,1781005300000,关鸠理嗨漆事,e605ab4dfedc3b0d,你***？,0,0,,广东,1787471001617
97,partial,GK2026D1,6a26b86a000000003501da98,6a2804820000000028032417,6a2801e0000000002b02aefd,1781007491000,确实，身边很多人都是读完高中或者大学才出去[笑哭R]因为普通鬼佬的数学其实蛮差,2d3d803503c2f910,l***c,0,0,,广东,1787471001619
97,partial,GK2026D1,6a26b86a000000003501da98,6a28088a000000002901ba57,6a27f022000000002a007cb5,1781008523000,跟你有什么关系？,e9eb565d06c36c65,♣***）,0,0,,江苏,1787471001620
97,partial,GK2026D1,6a26b86a000000003501da98,6a2846cc000000002a033067,6a28437d000000002702cf65,1781024461000,7:15到学校，我从家出发到学校骑单车半小时，到学校前还得自己去买早饭吃早饭，六点得起床，住宿比住别人家好多了，知道寄人篱下的感觉是什么吗？你每周回一家没觉的什么，十二岁开始每学期只能放长假回家见到父母的感受就是象现为的留守儿童的，你才上大二，估计你父母不够50吧，你可以上网查一下90年代初的大学比例，与90年代中后期都不一样，从十二岁开始自已手洗衣服，学习什么都自己管自己，亲戚就管你一顿饭，中午家太远回不了家只能在课室睡一下，并且当时没空调，广东的夏天多热知识不，生病发烧拉肚子都是自己医院看病。,38ae0619ccac5a2b,M***&,0,0,,芬兰,1787471001623
97,partial,GK2026D1,6a26b86a000000003501da98,6a284967000000002a02f7da,6a28437d000000002702cf65,1781025128000,你别用现在的重点高中升本科率和当年比，当年全国计算能上本科的才20%出头，你现在能上本科的比率是多少？能上本科的含金量好比现在上的985。,38ae0619ccac5a2b,M***&,0,0,,芬兰,1787471016921
97,partial,GK2026D1,6a26b86a000000003501da98,6a292b3900000000290344d6,6a2926300000000027020281,1781082937000,考出国的学生[笑哭R] 不读国内学府,e5358dc19d93dad6,W***n,23,0,,广东,1787471031934
97,partial,GK2026D1,6a26b86a000000003501da98,6a293197000000002702bce6,6a292b3900000000290344d6,1781084567000,我的意思是进了这里的考场，你就是一个普通的考生，和别的考生相比，你没有什么不普通,1a65bdc77fcef785,蝴***袖,1,0,,湖南,1787471032206
97,partial,GK2026D1,6a26b86a000000003501da98,6a295703000000002a0268b6,6a2926300000000027020281,1781094148000,国际部,3ffb3520aa411b56,小***现,0,0,,北京,1787471032209
97,partial,GK2026D1,6a26b86a000000003501da98,6a295fae000000002b02925e,6a2926300000000027020281,1781096367000,她这里“普通”的意思是非常规考试途径考生 [睡觉R],1808d919cbd6b299,k***本,2,0,,广东,1787471032213
97,partial,GK2026D1,6a26b86a000000003501da98,6a296769000000002b001391,6a294dc40000000028036f8e,1781098345000,肯定啊，一般学霸即使是出国留学，他高考也会好好的去考，因为他到时候跟人家说起来都可以说自己过多少多少分这样子,e5358dc19d93dad6,W***n,0,0,,广东,1787471032215
97,partial,GK2026D1,6a26b86a000000003501da98,6a2ab0cd000000002702dd8d,6a295b91000000002702c2a4,1781182670000,哈哈哈哈哈，确实，都是鸟,1a65bdc77fcef785,蝴***袖,0,0,,湖南,1787471032217
97,partial,GK2026D1,6a26b86a000000003501da98,6a2944e4000000002701e8c7,6a2926300000000027020281,1781089508000,她高考就是考着玩的的 确实不算普通考生啊,c1d3cb1da4c93f91,m***o,18,0,,福建,1787471047567
97,partial,GK2026D1,6a26b86a000000003501da98,6a294d1f000000002702c3c3,6a293197000000002702bce6,1781091615000,人家不在乎成绩，就是来玩的，你个二百五[偷笑R]这种出国了不会回来的了。,2b8761b8fe8eebd0,独***雪,2,0,,广东,1787471047569
97,partial,GK2026D1,6a26b86a000000003501da98,6a294dc40000000028036f8e,6a292b3900000000290344d6,1781091780000,这个不就是学渣嘛！！！,6749491a050ebf4f,无*,0,0,,广东,1787471047570
97,partial,GK2026D1,6a26b86a000000003501da98,6a294feb000000002b02bb9a,6a294dc40000000028036f8e,1781092331000,好酸，出国的都是学渣？那不出国的都是学霸而不是因为穷是吧？,9dc939847ba735c7,A***新,9,0,,江苏,1787471047573
97,partial,GK2026D1,6a26b86a000000003501da98,6a295b91000000002702c2a4,6a2926300000000027020281,1781095314000,把鹤放在鸡窝里就是鸡了吗？,ff101296c66056ab,L***s,1,0,,湖北,1787471047575
97,partial,GK2026D1,6a26b86a000000003501da98,6a295c84000000002a005ca9,6a293197000000002702bce6,1781095556000,纠结这个你就落了下乘,4c13aca337b5f344,风***线,1,0,,吉林,1787471062863
97,partial,GK2026D1,6a26b86a000000003501da98,6a2960a6000000002a0050b6,6a2926300000000027020281,1781096614000,这么刻薄很累吧,3ce9f37c9f1e49de,饱***碗,0,0,,广东,1787471062865
97,partial,GK2026D1,6a26b86a000000003501da98,6a27b1b4000000002902f50e,,1780986292000,这种就没必要采访了吧，又不是真正来高考的,02ef7f2ccc600d37,学***盘,6,0,,山东,1787471078146
97,partial,GK2026D1,6a26b86a000000003501da98,6a27cf1b000000002702db14,,1780993820000,怎么感觉像30岁生个娃的,22ea1e67de89c272,点***银,4,4,,广西,1787471078148
97,partial,GK2026D1,6a26b86a000000003501da98,6a27da0d000000002701f845,,1780996621000,文科呀[捂脸R][捂脸R][捂脸R],d48001754ecb25c3,月***枫,3,5,,美国,1787471078149
97,partial,GK2026D1,6a26b86a000000003501da98,6a27af33000000002701c52a,,1780985651000,最后一句涉嫌标记试卷啊😫,36e0421f11c26484,任***遥,3,0,,福建,1787471078151
97,partial,GK2026D1,6a26b86a000000003501da98,6a27d587000000002900e0bc,,1780995463000,斗鸡眼[偷笑R],3edffccc121804b4,m***o,2,10,,广东,1787471078152
97,partial,GK2026D1,6a26b86a000000003501da98,6a27c2380000000029010a04,,1780990521000,[doge]满满的优越感了，意思就是走个流程,0cc21d74b5383117,阿***斯,2,3,,广东,1787471078152
97,partial,GK2026D1,6a26b86a000000003501da98,6a27ac700000000028038aad,,1780984945000,妥妥的自信优越感[玫瑰R],3065e2dc332e93d8,找***己,2,0,,广东,1787471078154
97,partial,GK2026D1,6a26b86a000000003501da98,6a2eaead00000000270175fc,,1781444270000,浪费资源,0b22ee741333ddc3,宽*,0,0,,江苏,1787471078155
97,partial,GK2026D1,6a26b86a000000003501da98,6a2e3fa30000000027029b3a,,1781415843000,这个年纪像研究生，老得很,0f6565a0444bc97a,x***v,0,0,,浙江,1787471078156
97,partial,GK2026D1,6a26b86a000000003501da98,6a2e3833000000002a02f0d7,,1781413940000,每次采访都有她，确定不是摆拍？,ef695a48a24ac024,回***理,0,0,http://sns-webpic-qc.xhscdn.com/202608231544/e7685c7eee98628d1a90efcd340eb801/comment/1040g4b8321cqjc2u7odg5pdduqujg3l7cuo7mjo!nd_whgt34_webp_wm_1,广东,1787471078157
97,partial,GK2026D1,6a26b86a000000003501da98,6a27e4e5000000002803f01a,6a27de0a000000002900e733,1780999398000,笑飞了姐妹这个攻击力,a22bbde5183dc884,庭***许,0,0,,广东,1787471093164
97,partial,GK2026D1,6a26b86a000000003501da98,6a27de0a000000002900e733,6a27cf1b000000002702db14,1780997643000,你女儿像18生四个娃的[doge],00878f5497a94dba,空***学,23,0,,宁夏,1787471093410
97,partial,GK2026D1,6a26b86a000000003501da98,6a27e473000000002702dfdd,6a27cf1b000000002702db14,1780999284000,你像80生10胞胎了的,da897d0bce2e4d00,🍂*,4,0,,广东,1787471093412
97,partial,GK2026D1,6a26b86a000000003501da98,6a27e7e4000000002800bcc0,6a27cf1b000000002702db14,1781000164000,明明就很朝气蓬勃！！！一点都没有经历过生活的摧残!!!多好的年纪你瞎说八道,03d2078dbe8fc9d7,喜*,0,0,,江苏,1787471093414
97,partial,GK2026D1,6a26b86a000000003501da98,6a27da5400000000280307f8,6a27da0d000000002701f845,1780996694000,,6ee94b914389710b,陈***生,49,0,http://sns-webpic-qc.xhscdn.com/202608231544/daa401f3ea23161986943ea22056811a/comment/1040g4b83216jkmcine705nj5pi1g85155jg8c0o!nd_whlt34_webp_wm_1,辽宁,1787471108419
97,partial,GK2026D1,6a26b86a000000003501da98,6a27daf7000000002803df64,6a27da0d000000002701f845,1780996855000,咋了,ba886791e9b56bb4,m***1,0,0,,四川,1787471108667
97,partial,GK2026D1,6a26b86a000000003501da98,6a27de02000000002b02a1f3,6a27da0d000000002701f845,1780997634000,不是所有人都会担心找工作的问题[呃R],a89ae502157eb774,心*,10,0,,江苏,1787471108670
97,partial,GK2026D1,6a26b86a000000003501da98,6a27e52600000000280310b7,6a27da0d000000002701f845,1780999463000,,a22bbde5183dc884,庭***许,2,0,http://sns-webpic-qc.xhscdn.com/202608231545/eac70e466366dce90d4cfe263c8a51df/comment/1040g2h03216kuum47k605nl3t05080mfbmaabeo!nd_whlt34_webp_wm_1,广东,1787471108672
97,partial,GK2026D1,6a26b86a000000003501da98,6a2806980000000027022ad0,6a27da0d000000002701f845,1781008025000,脑子给洗坏了[偷笑R],5ae4ba1e0ab47a21,雲*,0,0,,安徽,1787471108674
