recorded_at,kind,note_id,root_comment_id,status,stop_reason,pages,observed_comments,declared_comments,collection_egress_region,collection_egress_id,collection_account_id,collection_cdp_port,chunk_index,collection_status,event_id,unlimited,error
2026-08-25T00:19:04,top_level,6a23c0c400000000220200cf,,complete,endpoint_exhausted,1,0,,shanghai,ssh_eip_shanghai,deep_shanghai,9341,1,complete,GK2026D1,True,
2026-08-25T00:30:14,reply,6a26157f0000000020038ff4,6a26a9e7000000002a033a50,complete,endpoint_exhausted,1,5,5,shanghai,ssh_eip_shanghai,deep_shanghai,9341,2,complete,GK2026D1,,
2026-08-25T00:30:30,reply,6a26157f0000000020038ff4,6a266a5a000000002701ea61,complete,endpoint_exhausted,1,3,3,shanghai,ssh_eip_shanghai,deep_shanghai,9341,2,complete,GK2026D1,,
2026-08-25T00:30:47,reply,6a26157f0000000020038ff4,6a264288000000002701d0d4,complete,endpoint_exhausted,1,6,6,shanghai,ssh_eip_shanghai,deep_shanghai,9341,2,complete,GK2026D1,,
2026-08-25T00:31:03,reply,6a26157f0000000020038ff4,6a265b8100000000290189d5,complete,endpoint_exhausted,1,5,5,shanghai,ssh_eip_shanghai,deep_shanghai,9341,2,complete,GK2026D1,,
2026-08-25T00:31:20,reply,6a26157f0000000020038ff4,6a264fa60000000029012c4d,complete,endpoint_exhausted,1,2,2,shanghai,ssh_eip_shanghai,deep_shanghai,9341,2,complete,GK2026D1,,
2026-08-25T00:31:37,reply,6a26157f0000000020038ff4,6a26a7e500000000280352ed,complete,endpoint_exhausted,1,4,4,shanghai,ssh_eip_shanghai,deep_shanghai,9341,2,complete,GK2026D1,,
2026-08-25T00:31:54,reply,6a26157f0000000020038ff4,6a2656fa000000002702aaac,complete,endpoint_exhausted,1,4,4,shanghai,ssh_eip_shanghai,deep_shanghai,9341,2,complete,GK2026D1,,
2026-08-25T00:32:10,reply,6a26157f0000000020038ff4,6a26cc2e000000002b028f84,complete,endpoint_exhausted,1,2,2,shanghai,ssh_eip_shanghai,deep_shanghai,9341,2,complete,GK2026D1,,
2026-08-25T00:32:10,reply,6a26157f0000000020038ff4,6a2672ac000000002900f08d,complete,endpoint_exhausted,0,0,0,shanghai,ssh_eip_shanghai,deep_shanghai,9341,2,complete,GK2026D1,,
2026-08-25T00:32:10,reply,6a26157f0000000020038ff4,6a264bd5000000002b0258a3,complete,endpoint_exhausted,0,0,0,shanghai,ssh_eip_shanghai,deep_shanghai,9341,2,complete,GK2026D1,,
2026-08-25T00:32:27,reply,6a26157f0000000020038ff4,6a2648c4000000002702ac13,complete,endpoint_exhausted,0,0,0,shanghai,ssh_eip_shanghai,deep_shanghai,9341,2,complete,GK2026D1,,
2026-08-25T00:32:27,reply,6a26157f0000000020038ff4,6a268fe1000000002a030053,complete,endpoint_exhausted,0,1,1,shanghai,ssh_eip_shanghai,deep_shanghai,9341,2,complete,GK2026D1,,
2026-08-25T00:32:27,reply,6a26157f0000000020038ff4,6a264fdc00000000290136f9,complete,endpoint_exhausted,0,0,0,shanghai,ssh_eip_shanghai,deep_shanghai,9341,2,complete,GK2026D1,,
2026-08-25T00:32:27,reply,6a26157f0000000020038ff4,6a26a05c0000000029019624,complete,endpoint_exhausted,0,0,0,shanghai,ssh_eip_shanghai,deep_shanghai,9341,2,complete,GK2026D1,,
2026-08-25T00:32:27,reply,6a26157f0000000020038ff4,6a27e423000000002902efc0,complete,endpoint_exhausted,0,0,0,shanghai,ssh_eip_shanghai,deep_shanghai,9341,2,complete,GK2026D1,,
2026-08-25T00:32:27,reply,6a26157f0000000020038ff4,6a27948d000000002b028915,complete,endpoint_exhausted,0,0,0,shanghai,ssh_eip_shanghai,deep_shanghai,9341,2,complete,GK2026D1,,
2026-08-25T00:32:27,reply,6a26157f0000000020038ff4,6a26507b000000002a031d10,complete,endpoint_exhausted,0,0,0,shanghai,ssh_eip_shanghai,deep_shanghai,9341,2,complete,GK2026D1,,
2026-08-25T00:32:27,reply,6a26157f0000000020038ff4,6a268671000000002a007ef2,complete,endpoint_exhausted,0,0,0,shanghai,ssh_eip_shanghai,deep_shanghai,9341,2,complete,GK2026D1,,
2026-08-25T00:32:27,reply,6a26157f0000000020038ff4,6a28f2fe000000000d021800,complete,endpoint_exhausted,0,0,0,shanghai,ssh_eip_shanghai,deep_shanghai,9341,2,complete,GK2026D1,,
2026-08-25T00:32:27,reply,6a26157f0000000020038ff4,6a28e840000000002702c48b,complete,endpoint_exhausted,0,0,0,shanghai,ssh_eip_shanghai,deep_shanghai,9341,2,complete,GK2026D1,,
2026-08-25T00:32:44,reply,6a26157f0000000020038ff4,6a2666c2000000002803a792,complete,endpoint_exhausted,0,0,0,shanghai,ssh_eip_shanghai,deep_shanghai,9341,2,complete,GK2026D1,,
2026-08-25T00:32:44,reply,6a26157f0000000020038ff4,6a269d2e0000000028009cf5,complete,endpoint_exhausted,0,0,0,shanghai,ssh_eip_shanghai,deep_shanghai,9341,2,complete,GK2026D1,,
2026-08-25T00:32:44,reply,6a26157f0000000020038ff4,6a26a75c000000002702c225,complete,endpoint_exhausted,0,0,0,shanghai,ssh_eip_shanghai,deep_shanghai,9341,2,complete,GK2026D1,,
2026-08-25T00:32:44,reply,6a26157f0000000020038ff4,6a26de7b0000000027021c20,complete,endpoint_exhausted,0,0,0,shanghai,ssh_eip_shanghai,deep_shanghai,9341,2,complete,GK2026D1,,
2026-08-25T00:32:44,reply,6a26157f0000000020038ff4,6a2657f6000000002702e83e,complete,endpoint_exhausted,0,0,0,shanghai,ssh_eip_shanghai,deep_shanghai,9341,2,complete,GK2026D1,,
2026-08-25T00:32:44,reply,6a26157f0000000020038ff4,6a26b0a20000000027016790,complete,endpoint_exhausted,0,0,0,shanghai,ssh_eip_shanghai,deep_shanghai,9341,2,complete,GK2026D1,,
2026-08-25T00:32:44,reply,6a26157f0000000020038ff4,6a266ca7000000002701de2a,complete,endpoint_exhausted,0,0,0,shanghai,ssh_eip_shanghai,deep_shanghai,9341,2,complete,GK2026D1,,
2026-08-25T00:32:44,reply,6a26157f0000000020038ff4,6a26afdf000000002702ecef,complete,endpoint_exhausted,0,0,0,shanghai,ssh_eip_shanghai,deep_shanghai,9341,2,complete,GK2026D1,,
2026-08-25T00:32:44,reply,6a26157f0000000020038ff4,6a276c6f0000000028008552,complete,endpoint_exhausted,0,0,0,shanghai,ssh_eip_shanghai,deep_shanghai,9341,2,complete,GK2026D1,,
2026-08-25T00:32:44,reply,6a26157f0000000020038ff4,6a269e83000000002a02f1d1,complete,endpoint_exhausted,0,0,0,shanghai,ssh_eip_shanghai,deep_shanghai,9341,2,complete,GK2026D1,,
2026-08-25T00:33:01,reply,6a26157f0000000020038ff4,6a2910560000000028030ea2,complete,endpoint_exhausted,0,0,0,shanghai,ssh_eip_shanghai,deep_shanghai,9341,2,complete,GK2026D1,,
2026-08-25T00:33:01,reply,6a26157f0000000020038ff4,6a277cf7000000002803d370,complete,endpoint_exhausted,0,0,0,shanghai,ssh_eip_shanghai,deep_shanghai,9341,2,complete,GK2026D1,,
2026-08-25T00:33:01,reply,6a26157f0000000020038ff4,6a268fb6000000002803c215,complete,endpoint_exhausted,0,0,0,shanghai,ssh_eip_shanghai,deep_shanghai,9341,2,complete,GK2026D1,,
2026-08-25T00:33:01,reply,6a26157f0000000020038ff4,6a28ea05000000000d021402,complete,endpoint_exhausted,0,0,0,shanghai,ssh_eip_shanghai,deep_shanghai,9341,2,complete,GK2026D1,,
2026-08-25T00:33:01,reply,6a26157f0000000020038ff4,6a268fee000000002803cfc7,complete,endpoint_exhausted,0,0,0,shanghai,ssh_eip_shanghai,deep_shanghai,9341,2,complete,GK2026D1,,
2026-08-25T00:33:01,reply,6a26157f0000000020038ff4,6a268353000000002702ebbd,complete,endpoint_exhausted,0,0,0,shanghai,ssh_eip_shanghai,deep_shanghai,9341,2,complete,GK2026D1,,
2026-08-25T00:33:01,reply,6a26157f0000000020038ff4,6a28128a000000002900c928,complete,endpoint_exhausted,0,0,0,shanghai,ssh_eip_shanghai,deep_shanghai,9341,2,complete,GK2026D1,,
2026-08-25T00:33:01,reply,6a26157f0000000020038ff4,6a27908400000000290277d8,complete,endpoint_exhausted,0,0,0,shanghai,ssh_eip_shanghai,deep_shanghai,9341,2,complete,GK2026D1,,
2026-08-25T00:33:01,reply,6a26157f0000000020038ff4,6a28a4d5000000002702abb3,complete,endpoint_exhausted,0,0,0,shanghai,ssh_eip_shanghai,deep_shanghai,9341,2,complete,GK2026D1,,
2026-08-25T00:33:01,reply,6a26157f0000000020038ff4,6a26d930000000002803ba51,complete,endpoint_exhausted,0,0,0,shanghai,ssh_eip_shanghai,deep_shanghai,9341,2,complete,GK2026D1,,
2026-08-25T00:33:19,reply,6a26157f0000000020038ff4,6a26b5c60000000028031744,complete,endpoint_exhausted,0,0,0,shanghai,ssh_eip_shanghai,deep_shanghai,9341,2,complete,GK2026D1,,
2026-08-25T00:33:19,reply,6a26157f0000000020038ff4,6a269d88000000002701421d,complete,endpoint_exhausted,0,0,0,shanghai,ssh_eip_shanghai,deep_shanghai,9341,2,complete,GK2026D1,,
2026-08-25T00:33:19,reply,6a26157f0000000020038ff4,6a26c5e10000000028036fd9,complete,endpoint_exhausted,0,1,1,shanghai,ssh_eip_shanghai,deep_shanghai,9341,2,complete,GK2026D1,,
2026-08-25T00:33:19,reply,6a26157f0000000020038ff4,6a26a1e400000000280084de,complete,endpoint_exhausted,0,0,0,shanghai,ssh_eip_shanghai,deep_shanghai,9341,2,complete,GK2026D1,,
2026-08-25T00:33:35,reply,6a26157f0000000020038ff4,6a27723f000000002803689a,complete,endpoint_exhausted,1,2,2,shanghai,ssh_eip_shanghai,deep_shanghai,9341,2,complete,GK2026D1,,
2026-08-25T00:33:35,reply,6a26157f0000000020038ff4,6a2640ae000000002a004b5a,complete,endpoint_exhausted,0,0,0,shanghai,ssh_eip_shanghai,deep_shanghai,9341,2,complete,GK2026D1,,
2026-08-25T00:33:35,reply,6a26157f0000000020038ff4,6a26852d000000002901af85,complete,endpoint_exhausted,0,0,0,shanghai,ssh_eip_shanghai,deep_shanghai,9341,2,complete,GK2026D1,,
2026-08-25T00:33:35,reply,6a26157f0000000020038ff4,6a2685090000000029035bd2,complete,endpoint_exhausted,0,0,0,shanghai,ssh_eip_shanghai,deep_shanghai,9341,2,complete,GK2026D1,,
2026-08-25T00:33:35,reply,6a26157f0000000020038ff4,6a2682da00000000290120d3,complete,endpoint_exhausted,0,0,0,shanghai,ssh_eip_shanghai,deep_shanghai,9341,2,complete,GK2026D1,,
2026-08-25T00:33:35,reply,6a26157f0000000020038ff4,6a268110000000002b001743,complete,endpoint_exhausted,0,0,0,shanghai,ssh_eip_shanghai,deep_shanghai,9341,2,complete,GK2026D1,,
2026-08-25T00:33:52,reply,6a26157f0000000020038ff4,6a267860000000002803cb4d,complete,endpoint_exhausted,0,0,0,shanghai,ssh_eip_shanghai,deep_shanghai,9341,2,complete,GK2026D1,,
2026-08-25T00:34:09,reply,6a26157f0000000020038ff4,6a2672ce0000000028039fe2,complete,endpoint_exhausted,1,2,2,shanghai,ssh_eip_shanghai,deep_shanghai,9341,2,complete,GK2026D1,,
2026-08-25T00:34:09,reply,6a26157f0000000020038ff4,6a2671630000000029034b82,complete,endpoint_exhausted,0,0,0,shanghai,ssh_eip_shanghai,deep_shanghai,9341,2,complete,GK2026D1,,
2026-08-25T00:34:09,reply,6a26157f0000000020038ff4,6a26646e000000002b002a9f,complete,endpoint_exhausted,0,0,0,shanghai,ssh_eip_shanghai,deep_shanghai,9341,2,complete,GK2026D1,,
2026-08-25T00:34:09,reply,6a26157f0000000020038ff4,6a265c50000000002702c85a,complete,endpoint_exhausted,0,0,0,shanghai,ssh_eip_shanghai,deep_shanghai,9341,2,complete,GK2026D1,,
2026-08-25T00:34:09,reply,6a26157f0000000020038ff4,6a265720000000002901004f,complete,endpoint_exhausted,0,0,0,shanghai,ssh_eip_shanghai,deep_shanghai,9341,2,complete,GK2026D1,,
2026-08-25T00:34:09,reply,6a26157f0000000020038ff4,6a2654730000000027014bbf,complete,endpoint_exhausted,0,1,1,shanghai,ssh_eip_shanghai,deep_shanghai,9341,2,complete,GK2026D1,,
2026-08-25T00:34:09,reply,6a26157f0000000020038ff4,6a264173000000002702e85f,complete,endpoint_exhausted,0,0,0,shanghai,ssh_eip_shanghai,deep_shanghai,9341,2,complete,GK2026D1,,
2026-08-25T00:34:26,reply,6a26157f0000000020038ff4,6a2656b5000000002b00287b,complete,endpoint_exhausted,1,2,2,shanghai,ssh_eip_shanghai,deep_shanghai,9341,2,complete,GK2026D1,,
2026-08-25T00:34:26,reply,6a26157f0000000020038ff4,6a264fa40000000029012bda,complete,endpoint_exhausted,0,0,0,shanghai,ssh_eip_shanghai,deep_shanghai,9341,2,complete,GK2026D1,,
2026-08-25T00:34:43,reply,6a26157f0000000020038ff4,6a2778ad0000000027020c65,complete,endpoint_exhausted,0,0,0,shanghai,ssh_eip_shanghai,deep_shanghai,9341,2,complete,GK2026D1,,
2026-08-25T00:34:43,reply,6a26157f0000000020038ff4,6a26e98c000000002701c744,complete,endpoint_exhausted,0,0,0,shanghai,ssh_eip_shanghai,deep_shanghai,9341,2,complete,GK2026D1,,
2026-08-25T00:34:43,reply,6a26157f0000000020038ff4,6a2665e90000000028008c9c,complete,endpoint_exhausted,0,0,0,shanghai,ssh_eip_shanghai,deep_shanghai,9341,2,complete,GK2026D1,,
2026-08-25T00:34:43,reply,6a26157f0000000020038ff4,6a2678c0000000002a0051bd,complete,endpoint_exhausted,0,0,0,shanghai,ssh_eip_shanghai,deep_shanghai,9341,2,complete,GK2026D1,,
2026-08-25T00:34:43,reply,6a26157f0000000020038ff4,6a2678ba0000000029037428,complete,endpoint_exhausted,0,0,0,shanghai,ssh_eip_shanghai,deep_shanghai,9341,2,complete,GK2026D1,,
2026-08-25T00:34:43,top_level,6a26157f0000000020038ff4,,complete,endpoint_exhausted,7,65,,shanghai,ssh_eip_shanghai,deep_shanghai,9341,2,complete,GK2026D1,True,
2026-08-25T00:45:36,reply,6a268c6e000000002201af7a,6a276e37000000002a0273ab,complete,endpoint_exhausted,0,1,1,shanghai,ssh_eip_shanghai,deep_shanghai,9341,3,complete,GK2026D1,,
2026-08-25T00:45:52,reply,6a268c6e000000002201af7a,6a268d0e0000000029024049,complete,endpoint_exhausted,1,2,2,shanghai,ssh_eip_shanghai,deep_shanghai,9341,3,complete,GK2026D1,,
2026-08-25T00:45:52,reply,6a268c6e000000002201af7a,6a26bfa20000000028037ba4,complete,endpoint_exhausted,0,1,1,shanghai,ssh_eip_shanghai,deep_shanghai,9341,3,complete,GK2026D1,,
2026-08-25T00:45:52,reply,6a268c6e000000002201af7a,6a268e79000000002a033d9e,complete,endpoint_exhausted,0,0,0,shanghai,ssh_eip_shanghai,deep_shanghai,9341,3,complete,GK2026D1,,
2026-08-25T00:45:52,reply,6a268c6e000000002201af7a,6a27a2db000000002a005b36,complete,endpoint_exhausted,0,0,0,shanghai,ssh_eip_shanghai,deep_shanghai,9341,3,complete,GK2026D1,,
2026-08-25T00:45:52,reply,6a268c6e000000002201af7a,6a276a96000000002702def4,complete,endpoint_exhausted,0,0,0,shanghai,ssh_eip_shanghai,deep_shanghai,9341,3,complete,GK2026D1,,
2026-08-25T00:45:52,reply,6a268c6e000000002201af7a,6a26bc35000000002702c11b,complete,endpoint_exhausted,0,0,0,shanghai,ssh_eip_shanghai,deep_shanghai,9341,3,complete,GK2026D1,,
2026-08-25T00:45:52,reply,6a268c6e000000002201af7a,6a26c9d9000000002a025cab,complete,endpoint_exhausted,0,0,0,shanghai,ssh_eip_shanghai,deep_shanghai,9341,3,complete,GK2026D1,,
2026-08-25T00:45:52,reply,6a268c6e000000002201af7a,6a269e44000000002b000c6c,complete,endpoint_exhausted,0,0,0,shanghai,ssh_eip_shanghai,deep_shanghai,9341,3,complete,GK2026D1,,
2026-08-25T00:45:52,reply,6a268c6e000000002201af7a,6a2d3a3100000000280399ee,complete,endpoint_exhausted,0,0,0,shanghai,ssh_eip_shanghai,deep_shanghai,9341,3,complete,GK2026D1,,
2026-08-25T00:46:09,reply,6a268c6e000000002201af7a,6a27de7a000000002b026699,complete,endpoint_exhausted,0,0,0,shanghai,ssh_eip_shanghai,deep_shanghai,9341,3,complete,GK2026D1,,
2026-08-25T00:46:09,reply,6a268c6e000000002201af7a,6a27d7a60000000028037aaa,complete,endpoint_exhausted,0,0,0,shanghai,ssh_eip_shanghai,deep_shanghai,9341,3,complete,GK2026D1,,
2026-08-25T00:46:09,reply,6a268c6e000000002201af7a,6a27d337000000002a02d6f1,complete,endpoint_exhausted,0,0,0,shanghai,ssh_eip_shanghai,deep_shanghai,9341,3,complete,GK2026D1,,
2026-08-25T00:46:09,reply,6a268c6e000000002201af7a,6a27ca22000000002701f3ca,complete,endpoint_exhausted,0,0,0,shanghai,ssh_eip_shanghai,deep_shanghai,9341,3,complete,GK2026D1,,
2026-08-25T00:46:09,reply,6a268c6e000000002201af7a,6a27acb1000000002b027351,complete,endpoint_exhausted,0,0,0,shanghai,ssh_eip_shanghai,deep_shanghai,9341,3,complete,GK2026D1,,
2026-08-25T00:46:09,reply,6a268c6e000000002201af7a,6a2799410000000028039db8,complete,endpoint_exhausted,0,0,0,shanghai,ssh_eip_shanghai,deep_shanghai,9341,3,complete,GK2026D1,,
2026-08-25T00:46:09,reply,6a268c6e000000002201af7a,6a2795b10000000028031c47,complete,endpoint_exhausted,0,0,0,shanghai,ssh_eip_shanghai,deep_shanghai,9341,3,complete,GK2026D1,,
2026-08-25T00:46:09,reply,6a268c6e000000002201af7a,6a274aed0000000029025406,complete,endpoint_exhausted,0,0,0,shanghai,ssh_eip_shanghai,deep_shanghai,9341,3,complete,GK2026D1,,
2026-08-25T00:46:09,reply,6a268c6e000000002201af7a,6a2742a500000000270158e9,complete,endpoint_exhausted,0,0,0,shanghai,ssh_eip_shanghai,deep_shanghai,9341,3,complete,GK2026D1,,
2026-08-25T00:46:09,reply,6a268c6e000000002201af7a,6a26e1140000000027016097,complete,endpoint_exhausted,0,0,0,shanghai,ssh_eip_shanghai,deep_shanghai,9341,3,complete,GK2026D1,,
2026-08-25T00:46:26,reply,6a268c6e000000002201af7a,6a26c1010000000029010add,complete,endpoint_exhausted,0,0,0,shanghai,ssh_eip_shanghai,deep_shanghai,9341,3,complete,GK2026D1,,
2026-08-25T00:46:26,reply,6a268c6e000000002201af7a,6a26a445000000002902faf6,complete,endpoint_exhausted,0,0,0,shanghai,ssh_eip_shanghai,deep_shanghai,9341,3,complete,GK2026D1,,
2026-08-25T00:46:26,reply,6a268c6e000000002201af7a,6a413d8b000000002b0010be,complete,endpoint_exhausted,0,0,0,shanghai,ssh_eip_shanghai,deep_shanghai,9341,3,complete,GK2026D1,,
2026-08-25T00:46:26,reply,6a268c6e000000002201af7a,6a3786e50000000015006692,complete,endpoint_exhausted,0,0,0,shanghai,ssh_eip_shanghai,deep_shanghai,9341,3,complete,GK2026D1,,
2026-08-25T00:46:26,reply,6a268c6e000000002201af7a,6a28d772000000002a030181,complete,endpoint_exhausted,0,0,0,shanghai,ssh_eip_shanghai,deep_shanghai,9341,3,complete,GK2026D1,,
2026-08-25T00:46:26,reply,6a268c6e000000002201af7a,6a27f41d0000000028031d84,complete,endpoint_exhausted,0,0,0,shanghai,ssh_eip_shanghai,deep_shanghai,9341,3,complete,GK2026D1,,
2026-08-25T00:46:26,reply,6a268c6e000000002201af7a,6a27dbaf000000002803ce35,complete,endpoint_exhausted,0,0,0,shanghai,ssh_eip_shanghai,deep_shanghai,9341,3,complete,GK2026D1,,
2026-08-25T00:46:26,reply,6a268c6e000000002201af7a,6a27d5370000000028039f8c,complete,endpoint_exhausted,0,0,0,shanghai,ssh_eip_shanghai,deep_shanghai,9341,3,complete,GK2026D1,,
2026-08-25T00:46:26,reply,6a268c6e000000002201af7a,6a27c0a2000000002902f903,complete,endpoint_exhausted,0,0,0,shanghai,ssh_eip_shanghai,deep_shanghai,9341,3,complete,GK2026D1,,
2026-08-25T00:46:26,reply,6a268c6e000000002201af7a,6a27b8d10000000028009a60,complete,endpoint_exhausted,0,0,0,shanghai,ssh_eip_shanghai,deep_shanghai,9341,3,complete,GK2026D1,,
2026-08-25T00:46:43,reply,6a268c6e000000002201af7a,6a27b23e000000002a00658f,complete,endpoint_exhausted,0,0,0,shanghai,ssh_eip_shanghai,deep_shanghai,9341,3,complete,GK2026D1,,
2026-08-25T00:46:43,reply,6a268c6e000000002201af7a,6a27ab0d0000000029025527,complete,endpoint_exhausted,0,0,0,shanghai,ssh_eip_shanghai,deep_shanghai,9341,3,complete,GK2026D1,,
2026-08-25T00:46:43,reply,6a268c6e000000002201af7a,6a27947e0000000028031c58,complete,endpoint_exhausted,0,1,1,shanghai,ssh_eip_shanghai,deep_shanghai,9341,3,complete,GK2026D1,,
2026-08-25T00:46:43,reply,6a268c6e000000002201af7a,6a274c59000000002b024b96,complete,endpoint_exhausted,0,0,0,shanghai,ssh_eip_shanghai,deep_shanghai,9341,3,complete,GK2026D1,,
2026-08-25T00:46:43,reply,6a268c6e000000002201af7a,6a26ebab0000000028035cd1,complete,endpoint_exhausted,0,0,0,shanghai,ssh_eip_shanghai,deep_shanghai,9341,3,complete,GK2026D1,,
2026-08-25T00:46:43,reply,6a268c6e000000002201af7a,6a26b745000000002b027f07,complete,endpoint_exhausted,0,0,0,shanghai,ssh_eip_shanghai,deep_shanghai,9341,3,complete,GK2026D1,,
2026-08-25T00:46:43,reply,6a268c6e000000002201af7a,6a26af26000000002902e5a4,complete,endpoint_exhausted,0,1,1,shanghai,ssh_eip_shanghai,deep_shanghai,9341,3,complete,GK2026D1,,
2026-08-25T00:46:43,reply,6a268c6e000000002201af7a,6a26aacf000000002803aed6,complete,endpoint_exhausted,0,1,1,shanghai,ssh_eip_shanghai,deep_shanghai,9341,3,complete,GK2026D1,,
2026-08-25T00:46:43,reply,6a268c6e000000002201af7a,6a269d13000000002a02ed8b,complete,endpoint_exhausted,0,0,0,shanghai,ssh_eip_shanghai,deep_shanghai,9341,3,complete,GK2026D1,,
2026-08-25T00:46:43,reply,6a268c6e000000002201af7a,6a2693800000000029026bf3,complete,endpoint_exhausted,0,0,0,shanghai,ssh_eip_shanghai,deep_shanghai,9341,3,complete,GK2026D1,,
2026-08-25T00:47:01,reply,6a268c6e000000002201af7a,6a268e7b000000002800b1e8,complete,endpoint_exhausted,0,0,0,shanghai,ssh_eip_shanghai,deep_shanghai,9341,3,complete,GK2026D1,,
2026-08-25T00:47:01,reply,6a268c6e000000002201af7a,6a268d5b000000002b026dd6,complete,endpoint_exhausted,0,1,1,shanghai,ssh_eip_shanghai,deep_shanghai,9341,3,complete,GK2026D1,,
2026-08-25T00:47:01,reply,6a268c6e000000002201af7a,6a279d8f0000000028035409,complete,endpoint_exhausted,0,0,0,shanghai,ssh_eip_shanghai,deep_shanghai,9341,3,complete,GK2026D1,,
2026-08-25T00:47:01,top_level,6a268c6e000000002201af7a,,complete,endpoint_exhausted,5,43,,shanghai,ssh_eip_shanghai,deep_shanghai,9341,3,complete,GK2026D1,True,
2026-08-25T00:57:53,top_level,6a2398f0000000001702c2a4,,complete,endpoint_exhausted,1,0,,shanghai,ssh_eip_shanghai,deep_shanghai,9341,4,complete,GK2026D1,True,
2026-08-25T01:13:28,reply,6a25248300000000350207f4,6a25980a000000002803cc78,complete,endpoint_exhausted,17,86,86,shanghai,ssh_eip_shanghai,deep_shanghai,9341,5,complete,GK2026D1,,
2026-08-25T01:43:42,reply,6a25248300000000350207f4,6a25aed2000000002900f34b,complete,endpoint_exhausted,109,544,544,shanghai,ssh_eip_shanghai,deep_shanghai,9341,5,complete,GK2026D1,,
2026-08-25T01:53:05,reply,6a25248300000000350207f4,6a260e1d000000002a0303ca,complete,endpoint_exhausted,34,167,167,shanghai,ssh_eip_shanghai,deep_shanghai,9341,5,complete,GK2026D1,,
2026-08-25T01:57:30,reply,6a25248300000000350207f4,6a262473000000002803e558,complete,endpoint_exhausted,16,81,81,shanghai,ssh_eip_shanghai,deep_shanghai,9341,5,complete,GK2026D1,,
2026-08-25T02:02:45,reply,6a25248300000000350207f4,6a25c1bd0000000027014a35,complete,endpoint_exhausted,19,92,92,shanghai,ssh_eip_shanghai,deep_shanghai,9341,5,complete,GK2026D1,,
2026-08-25T02:04:57,reply,6a25248300000000350207f4,6a264413000000002b02ba76,complete,endpoint_exhausted,8,40,40,shanghai,ssh_eip_shanghai,deep_shanghai,9341,5,complete,GK2026D1,,
2026-08-25T02:05:13,reply,6a25248300000000350207f4,6a259a4f00000000290352e7,complete,endpoint_exhausted,1,2,2,shanghai,ssh_eip_shanghai,deep_shanghai,9341,5,complete,GK2026D1,,
2026-08-25T02:05:46,reply,6a25248300000000350207f4,6a25ae77000000002900ec2f,complete,endpoint_exhausted,2,10,10,shanghai,ssh_eip_shanghai,deep_shanghai,9341,5,complete,GK2026D1,,
2026-08-25T02:08:31,reply,6a25248300000000350207f4,6a25b1a40000000028033a71,complete,endpoint_exhausted,10,47,47,shanghai,ssh_eip_shanghai,deep_shanghai,9341,5,complete,GK2026D1,,
2026-08-25T02:09:04,reply,6a25248300000000350207f4,6a259148000000002902d166,complete,endpoint_exhausted,2,11,11,shanghai,ssh_eip_shanghai,deep_shanghai,9341,5,complete,GK2026D1,,
2026-08-25T02:09:21,reply,6a25248300000000350207f4,6a2590a0000000002901b7f9,complete,endpoint_exhausted,0,0,0,shanghai,ssh_eip_shanghai,deep_shanghai,9341,5,complete,GK2026D1,,
2026-08-25T02:09:37,reply,6a25248300000000350207f4,6a25901f0000000027015e92,complete,endpoint_exhausted,1,3,3,shanghai,ssh_eip_shanghai,deep_shanghai,9341,5,complete,GK2026D1,,
2026-08-25T02:09:37,reply,6a25248300000000350207f4,6a258e5200000000270284ee,complete,endpoint_exhausted,0,0,0,shanghai,ssh_eip_shanghai,deep_shanghai,9341,5,complete,GK2026D1,,
2026-08-25T02:09:54,reply,6a25248300000000350207f4,6a258e16000000002803baa1,complete,endpoint_exhausted,1,3,3,shanghai,ssh_eip_shanghai,deep_shanghai,9341,5,complete,GK2026D1,,
2026-08-25T02:09:54,reply,6a25248300000000350207f4,6a258d1e000000002701df9d,complete,endpoint_exhausted,0,0,0,shanghai,ssh_eip_shanghai,deep_shanghai,9341,5,complete,GK2026D1,,
2026-08-25T02:09:54,reply,6a25248300000000350207f4,6a258bf70000000029035bb8,complete,endpoint_exhausted,0,0,0,shanghai,ssh_eip_shanghai,deep_shanghai,9341,5,complete,GK2026D1,,
2026-08-25T02:09:54,reply,6a25248300000000350207f4,6a258b54000000002900c289,complete,endpoint_exhausted,0,1,1,shanghai,ssh_eip_shanghai,deep_shanghai,9341,5,complete,GK2026D1,,
2026-08-25T02:09:54,reply,6a25248300000000350207f4,6a258800000000002800914a,complete,endpoint_exhausted,0,0,0,shanghai,ssh_eip_shanghai,deep_shanghai,9341,5,complete,GK2026D1,,
2026-08-25T02:10:10,reply,6a25248300000000350207f4,6a25864d000000002a033583,complete,endpoint_exhausted,1,2,2,shanghai,ssh_eip_shanghai,deep_shanghai,9341,5,complete,GK2026D1,,
2026-08-25T02:10:10,reply,6a25248300000000350207f4,6a258593000000002a031669,complete,endpoint_exhausted,0,0,0,shanghai,ssh_eip_shanghai,deep_shanghai,9341,5,complete,GK2026D1,,
2026-08-25T02:10:27,reply,6a25248300000000350207f4,6a25853d00000000270148b8,complete,endpoint_exhausted,0,0,0,shanghai,ssh_eip_shanghai,deep_shanghai,9341,5,complete,GK2026D1,,
2026-08-25T02:10:27,reply,6a25248300000000350207f4,6a2584d4000000002b0016ef,complete,endpoint_exhausted,0,0,0,shanghai,ssh_eip_shanghai,deep_shanghai,9341,5,complete,GK2026D1,,
2026-08-25T02:10:27,reply,6a25248300000000350207f4,6a258417000000002901a199,complete,endpoint_exhausted,0,0,0,shanghai,ssh_eip_shanghai,deep_shanghai,9341,5,complete,GK2026D1,,
2026-08-25T02:10:27,reply,6a25248300000000350207f4,6a25817d0000000027023c79,complete,endpoint_exhausted,0,0,0,shanghai,ssh_eip_shanghai,deep_shanghai,9341,5,complete,GK2026D1,,
2026-08-25T02:10:27,reply,6a25248300000000350207f4,6a2580e7000000002902f9d5,complete,endpoint_exhausted,0,0,0,shanghai,ssh_eip_shanghai,deep_shanghai,9341,5,complete,GK2026D1,,
2026-08-25T02:10:27,reply,6a25248300000000350207f4,6a257f44000000002701e82f,complete,endpoint_exhausted,0,0,0,shanghai,ssh_eip_shanghai,deep_shanghai,9341,5,complete,GK2026D1,,
2026-08-25T02:10:27,reply,6a25248300000000350207f4,6a2579da000000002900e7f3,complete,endpoint_exhausted,0,0,0,shanghai,ssh_eip_shanghai,deep_shanghai,9341,5,complete,GK2026D1,,
2026-08-25T02:10:27,reply,6a25248300000000350207f4,6a257898000000002b026096,complete,endpoint_exhausted,0,0,0,shanghai,ssh_eip_shanghai,deep_shanghai,9341,5,complete,GK2026D1,,
2026-08-25T02:10:44,reply,6a25248300000000350207f4,6a2576760000000027014189,complete,endpoint_exhausted,1,6,6,shanghai,ssh_eip_shanghai,deep_shanghai,9341,5,complete,GK2026D1,,
2026-08-25T02:10:44,reply,6a25248300000000350207f4,6a2572d30000000029025c19,complete,endpoint_exhausted,0,0,0,shanghai,ssh_eip_shanghai,deep_shanghai,9341,5,complete,GK2026D1,,
2026-08-25T02:11:01,reply,6a25248300000000350207f4,6a25711400000000290111f2,complete,endpoint_exhausted,0,0,0,shanghai,ssh_eip_shanghai,deep_shanghai,9341,5,complete,GK2026D1,,
2026-08-25T02:11:02,reply,6a25248300000000350207f4,6a256e09000000002701cb30,complete,endpoint_exhausted,0,0,0,shanghai,ssh_eip_shanghai,deep_shanghai,9341,5,complete,GK2026D1,,
2026-08-25T02:11:02,reply,6a25248300000000350207f4,6a256c34000000002a033d11,complete,endpoint_exhausted,0,0,0,shanghai,ssh_eip_shanghai,deep_shanghai,9341,5,complete,GK2026D1,,
2026-08-25T02:11:02,reply,6a25248300000000350207f4,6a256b490000000028039da5,complete,endpoint_exhausted,0,0,0,shanghai,ssh_eip_shanghai,deep_shanghai,9341,5,complete,GK2026D1,,
2026-08-25T02:11:02,reply,6a25248300000000350207f4,6a256ad20000000028031380,complete,endpoint_exhausted,0,1,1,shanghai,ssh_eip_shanghai,deep_shanghai,9341,5,complete,GK2026D1,,
2026-08-25T02:11:35,reply,6a25248300000000350207f4,6a25507000000000290262a2,complete,endpoint_exhausted,2,7,7,shanghai,ssh_eip_shanghai,deep_shanghai,9341,5,complete,GK2026D1,,
2026-08-25T02:11:51,reply,6a25248300000000350207f4,6a2536780000000028039a47,complete,endpoint_exhausted,1,2,2,shanghai,ssh_eip_shanghai,deep_shanghai,9341,5,complete,GK2026D1,,
2026-08-25T02:12:25,reply,6a25248300000000350207f4,6a258ed7000000002803de59,complete,endpoint_exhausted,2,9,9,shanghai,ssh_eip_shanghai,deep_shanghai,9341,5,complete,GK2026D1,,
2026-08-25T02:14:20,reply,6a25248300000000350207f4,6a25833c000000002903600e,complete,endpoint_exhausted,7,36,36,shanghai,ssh_eip_shanghai,deep_shanghai,9341,5,complete,GK2026D1,,
2026-08-25T02:15:59,reply,6a25248300000000350207f4,6a26088d000000002b02b8f0,complete,endpoint_exhausted,6,27,27,shanghai,ssh_eip_shanghai,deep_shanghai,9341,5,complete,GK2026D1,,
2026-08-25T02:16:49,reply,6a25248300000000350207f4,6a267da9000000002803740c,complete,endpoint_exhausted,2,10,10,shanghai,ssh_eip_shanghai,deep_shanghai,9341,5,complete,GK2026D1,,
2026-08-25T02:17:39,reply,6a25248300000000350207f4,6a258577000000002702388d,complete,endpoint_exhausted,3,16,16,shanghai,ssh_eip_shanghai,deep_shanghai,9341,5,complete,GK2026D1,,
2026-08-25T02:17:39,reply,6a25248300000000350207f4,6a258afe000000002701eacd,complete,endpoint_exhausted,0,1,1,shanghai,ssh_eip_shanghai,deep_shanghai,9341,5,complete,GK2026D1,,
2026-08-25T02:19:02,reply,6a25248300000000350207f4,6a2613de000000002702988a,complete,endpoint_exhausted,5,24,24,shanghai,ssh_eip_shanghai,deep_shanghai,9341,5,complete,GK2026D1,,
2026-08-25T02:19:51,reply,6a25248300000000350207f4,6a26429f000000002b0007d0,complete,endpoint_exhausted,3,13,13,shanghai,ssh_eip_shanghai,deep_shanghai,9341,5,complete,GK2026D1,,
2026-08-25T02:20:24,reply,6a25248300000000350207f4,6a2575560000000029012c00,complete,endpoint_exhausted,2,11,11,shanghai,ssh_eip_shanghai,deep_shanghai,9341,5,complete,GK2026D1,,
2026-08-25T02:20:24,reply,6a25248300000000350207f4,6a3e1f6a000000000802cc23,complete,endpoint_exhausted,0,0,0,shanghai,ssh_eip_shanghai,deep_shanghai,9341,5,complete,GK2026D1,,
2026-08-25T02:20:24,reply,6a25248300000000350207f4,6a3df145000000002902e9b6,complete,endpoint_exhausted,0,0,0,shanghai,ssh_eip_shanghai,deep_shanghai,9341,5,complete,GK2026D1,,
2026-08-25T02:20:24,reply,6a25248300000000350207f4,6a3c580b000000002a0324a7,complete,endpoint_exhausted,0,0,0,shanghai,ssh_eip_shanghai,deep_shanghai,9341,5,complete,GK2026D1,,
2026-08-25T02:20:24,reply,6a25248300000000350207f4,6a3bbb81000000002a03131a,complete,endpoint_exhausted,0,0,0,shanghai,ssh_eip_shanghai,deep_shanghai,9341,5,complete,GK2026D1,,
2026-08-25T02:20:41,reply,6a25248300000000350207f4,6a36a27b000000002901a4ff,complete,endpoint_exhausted,0,0,0,shanghai,ssh_eip_shanghai,deep_shanghai,9341,5,complete,GK2026D1,,
2026-08-25T02:20:41,reply,6a25248300000000350207f4,6a35f40600000000150107a7,complete,endpoint_exhausted,0,0,0,shanghai,ssh_eip_shanghai,deep_shanghai,9341,5,complete,GK2026D1,,
2026-08-25T02:20:41,reply,6a25248300000000350207f4,6a2e3f560000000028032aed,complete,endpoint_exhausted,0,0,0,shanghai,ssh_eip_shanghai,deep_shanghai,9341,5,complete,GK2026D1,,
2026-08-25T02:20:41,reply,6a25248300000000350207f4,6a2aa5b3000000002702da5f,complete,endpoint_exhausted,0,0,0,shanghai,ssh_eip_shanghai,deep_shanghai,9341,5,complete,GK2026D1,,
2026-08-25T02:20:41,reply,6a25248300000000350207f4,6a2a3c3f000000000d022800,complete,endpoint_exhausted,0,0,0,shanghai,ssh_eip_shanghai,deep_shanghai,9341,5,complete,GK2026D1,,
2026-08-25T02:20:41,reply,6a25248300000000350207f4,6a299bf1000000002800bdcd,complete,endpoint_exhausted,0,0,0,shanghai,ssh_eip_shanghai,deep_shanghai,9341,5,complete,GK2026D1,,
2026-08-25T02:20:41,reply,6a25248300000000350207f4,6a2950d80000000027020dc7,complete,endpoint_exhausted,0,0,0,shanghai,ssh_eip_shanghai,deep_shanghai,9341,5,complete,GK2026D1,,
2026-08-25T02:20:41,reply,6a25248300000000350207f4,6a293de9000000002803c6e6,complete,endpoint_exhausted,0,0,0,shanghai,ssh_eip_shanghai,deep_shanghai,9341,5,complete,GK2026D1,,
2026-08-25T02:20:41,reply,6a25248300000000350207f4,6a290c05000000002803950d,complete,endpoint_exhausted,0,0,0,shanghai,ssh_eip_shanghai,deep_shanghai,9341,5,complete,GK2026D1,,
2026-08-25T02:20:41,reply,6a25248300000000350207f4,6a28fc0900000000270161aa,complete,endpoint_exhausted,0,0,0,shanghai,ssh_eip_shanghai,deep_shanghai,9341,5,complete,GK2026D1,,
2026-08-25T02:20:57,reply,6a25248300000000350207f4,6a28fa57000000002a025358,complete,endpoint_exhausted,0,0,0,shanghai,ssh_eip_shanghai,deep_shanghai,9341,5,complete,GK2026D1,,
2026-08-25T02:20:57,reply,6a25248300000000350207f4,6a28f73e000000002a0332e3,complete,endpoint_exhausted,0,0,0,shanghai,ssh_eip_shanghai,deep_shanghai,9341,5,complete,GK2026D1,,
2026-08-25T02:20:57,reply,6a25248300000000350207f4,6a28eb37000000002800af38,complete,endpoint_exhausted,0,0,0,shanghai,ssh_eip_shanghai,deep_shanghai,9341,5,complete,GK2026D1,,
2026-08-25T02:20:57,reply,6a25248300000000350207f4,6a28d4d6000000002702f2be,complete,endpoint_exhausted,0,0,0,shanghai,ssh_eip_shanghai,deep_shanghai,9341,5,complete,GK2026D1,,
2026-08-25T02:20:57,reply,6a25248300000000350207f4,6a28d33f000000000d023002,complete,endpoint_exhausted,0,0,0,shanghai,ssh_eip_shanghai,deep_shanghai,9341,5,complete,GK2026D1,,
2026-08-25T02:20:57,reply,6a25248300000000350207f4,6a28c572000000002a02e0dd,complete,endpoint_exhausted,0,0,0,shanghai,ssh_eip_shanghai,deep_shanghai,9341,5,complete,GK2026D1,,
2026-08-25T02:20:57,reply,6a25248300000000350207f4,6a28b608000000002b00268a,complete,endpoint_exhausted,0,0,0,shanghai,ssh_eip_shanghai,deep_shanghai,9341,5,complete,GK2026D1,,
2026-08-25T02:20:57,reply,6a25248300000000350207f4,6a28b4ac00000000280341e9,complete,endpoint_exhausted,0,0,0,shanghai,ssh_eip_shanghai,deep_shanghai,9341,5,complete,GK2026D1,,
2026-08-25T02:20:57,reply,6a25248300000000350207f4,6a28b49000000000280319de,complete,endpoint_exhausted,0,0,0,shanghai,ssh_eip_shanghai,deep_shanghai,9341,5,complete,GK2026D1,,
2026-08-25T02:20:57,reply,6a25248300000000350207f4,6a28b1f2000000002902cbda,complete,endpoint_exhausted,0,0,0,shanghai,ssh_eip_shanghai,deep_shanghai,9341,5,complete,GK2026D1,,
2026-08-25T02:21:14,reply,6a25248300000000350207f4,6a28aeec0000000028031a6a,complete,endpoint_exhausted,0,0,0,shanghai,ssh_eip_shanghai,deep_shanghai,9341,5,complete,GK2026D1,,
2026-08-25T02:21:14,reply,6a25248300000000350207f4,6a28ac7500000000280373bb,complete,endpoint_exhausted,0,0,0,shanghai,ssh_eip_shanghai,deep_shanghai,9341,5,complete,GK2026D1,,
2026-08-25T02:21:14,reply,6a25248300000000350207f4,6a288cea000000002b0265bf,complete,endpoint_exhausted,0,0,0,shanghai,ssh_eip_shanghai,deep_shanghai,9341,5,complete,GK2026D1,,
2026-08-25T02:21:14,reply,6a25248300000000350207f4,6a2842b50000000029013ac0,complete,endpoint_exhausted,0,0,0,shanghai,ssh_eip_shanghai,deep_shanghai,9341,5,complete,GK2026D1,,
2026-08-25T02:21:14,reply,6a25248300000000350207f4,6a283e4f000000000d021c01,complete,endpoint_exhausted,0,0,0,shanghai,ssh_eip_shanghai,deep_shanghai,9341,5,complete,GK2026D1,,
2026-08-25T02:21:14,reply,6a25248300000000350207f4,6a28166c000000002903447e,complete,endpoint_exhausted,0,0,0,shanghai,ssh_eip_shanghai,deep_shanghai,9341,5,complete,GK2026D1,,
2026-08-25T02:21:14,reply,6a25248300000000350207f4,6a28141800000000290110d5,complete,endpoint_exhausted,0,0,0,shanghai,ssh_eip_shanghai,deep_shanghai,9341,5,complete,GK2026D1,,
2026-08-25T02:21:14,reply,6a25248300000000350207f4,6a281119000000002701e127,complete,endpoint_exhausted,0,0,0,shanghai,ssh_eip_shanghai,deep_shanghai,9341,5,complete,GK2026D1,,
2026-08-25T02:21:14,reply,6a25248300000000350207f4,6a281107000000002900d7ef,complete,endpoint_exhausted,0,0,0,shanghai,ssh_eip_shanghai,deep_shanghai,9341,5,complete,GK2026D1,,
2026-08-25T02:21:14,reply,6a25248300000000350207f4,6a27ff50000000002900c81a,complete,endpoint_exhausted,0,0,0,shanghai,ssh_eip_shanghai,deep_shanghai,9341,5,complete,GK2026D1,,
2026-08-25T02:21:30,reply,6a25248300000000350207f4,6a27fe44000000002803c121,complete,endpoint_exhausted,0,0,0,shanghai,ssh_eip_shanghai,deep_shanghai,9341,5,complete,GK2026D1,,
2026-08-25T02:21:30,reply,6a25248300000000350207f4,6a27f6140000000028036b94,complete,endpoint_exhausted,0,0,0,shanghai,ssh_eip_shanghai,deep_shanghai,9341,5,complete,GK2026D1,,
2026-08-25T02:21:30,reply,6a25248300000000350207f4,6a27e760000000002a0305b1,complete,endpoint_exhausted,0,0,0,shanghai,ssh_eip_shanghai,deep_shanghai,9341,5,complete,GK2026D1,,
2026-08-25T02:21:30,reply,6a25248300000000350207f4,6a27e462000000002a006833,complete,endpoint_exhausted,0,0,0,shanghai,ssh_eip_shanghai,deep_shanghai,9341,5,complete,GK2026D1,,
2026-08-25T02:21:30,reply,6a25248300000000350207f4,6a27e292000000002a026ff8,complete,endpoint_exhausted,0,0,0,shanghai,ssh_eip_shanghai,deep_shanghai,9341,5,complete,GK2026D1,,
2026-08-25T02:21:30,reply,6a25248300000000350207f4,6a27dedf000000002a006078,complete,endpoint_exhausted,0,0,0,shanghai,ssh_eip_shanghai,deep_shanghai,9341,5,complete,GK2026D1,,
2026-08-25T02:21:30,reply,6a25248300000000350207f4,6a27dc03000000002a006125,complete,endpoint_exhausted,0,0,0,shanghai,ssh_eip_shanghai,deep_shanghai,9341,5,complete,GK2026D1,,
2026-08-25T02:21:30,reply,6a25248300000000350207f4,6a27c25e000000002900ecc8,complete,endpoint_exhausted,0,0,0,shanghai,ssh_eip_shanghai,deep_shanghai,9341,5,complete,GK2026D1,,
2026-08-25T02:21:30,reply,6a25248300000000350207f4,6a27bf050000000027022400,complete,endpoint_exhausted,0,0,0,shanghai,ssh_eip_shanghai,deep_shanghai,9341,5,complete,GK2026D1,,
2026-08-25T02:21:30,reply,6a25248300000000350207f4,6a27af5d000000002902d94e,complete,endpoint_exhausted,0,0,0,shanghai,ssh_eip_shanghai,deep_shanghai,9341,5,complete,GK2026D1,,
2026-08-25T02:21:47,reply,6a25248300000000350207f4,6a279ede0000000028031961,complete,endpoint_exhausted,0,0,0,shanghai,ssh_eip_shanghai,deep_shanghai,9341,5,complete,GK2026D1,,
2026-08-25T02:21:47,reply,6a25248300000000350207f4,6a279764000000002702e8e8,complete,endpoint_exhausted,0,0,0,shanghai,ssh_eip_shanghai,deep_shanghai,9341,5,complete,GK2026D1,,
2026-08-25T02:21:47,reply,6a25248300000000350207f4,6a279158000000002b000444,complete,endpoint_exhausted,0,0,0,shanghai,ssh_eip_shanghai,deep_shanghai,9341,5,complete,GK2026D1,,
2026-08-25T02:21:47,reply,6a25248300000000350207f4,6a2785be000000002b0265c7,complete,endpoint_exhausted,0,0,0,shanghai,ssh_eip_shanghai,deep_shanghai,9341,5,complete,GK2026D1,,
2026-08-25T02:21:47,reply,6a25248300000000350207f4,6a27808a0000000027017a58,complete,endpoint_exhausted,0,0,0,shanghai,ssh_eip_shanghai,deep_shanghai,9341,5,complete,GK2026D1,,
2026-08-25T02:21:47,reply,6a25248300000000350207f4,6a278050000000002800946f,complete,endpoint_exhausted,0,0,0,shanghai,ssh_eip_shanghai,deep_shanghai,9341,5,complete,GK2026D1,,
2026-08-25T02:21:47,reply,6a25248300000000350207f4,6a277f9900000000270148d0,complete,endpoint_exhausted,0,0,0,shanghai,ssh_eip_shanghai,deep_shanghai,9341,5,complete,GK2026D1,,
2026-08-25T02:21:47,reply,6a25248300000000350207f4,6a27796a00000000270155a8,complete,endpoint_exhausted,0,0,0,shanghai,ssh_eip_shanghai,deep_shanghai,9341,5,complete,GK2026D1,,
2026-08-25T02:21:47,reply,6a25248300000000350207f4,6a27793c0000000027014c4b,complete,endpoint_exhausted,0,0,0,shanghai,ssh_eip_shanghai,deep_shanghai,9341,5,complete,GK2026D1,,
2026-08-25T02:21:47,reply,6a25248300000000350207f4,6a276ecb000000002b026834,complete,endpoint_exhausted,0,0,0,shanghai,ssh_eip_shanghai,deep_shanghai,9341,5,complete,GK2026D1,,
2026-08-25T02:22:03,reply,6a25248300000000350207f4,6a276989000000002702272c,complete,endpoint_exhausted,0,0,0,shanghai,ssh_eip_shanghai,deep_shanghai,9341,5,complete,GK2026D1,,
2026-08-25T02:22:03,reply,6a25248300000000350207f4,6a275d82000000002b02867b,complete,endpoint_exhausted,0,0,0,shanghai,ssh_eip_shanghai,deep_shanghai,9341,5,complete,GK2026D1,,
2026-08-25T02:22:03,reply,6a25248300000000350207f4,6a2759aa0000000029027762,complete,endpoint_exhausted,0,0,0,shanghai,ssh_eip_shanghai,deep_shanghai,9341,5,complete,GK2026D1,,
2026-08-25T02:22:03,reply,6a25248300000000350207f4,6a275220000000002a02d148,complete,endpoint_exhausted,0,0,0,shanghai,ssh_eip_shanghai,deep_shanghai,9341,5,complete,GK2026D1,,
2026-08-25T02:22:03,reply,6a25248300000000350207f4,6a2729ef000000002902d882,complete,endpoint_exhausted,0,0,0,shanghai,ssh_eip_shanghai,deep_shanghai,9341,5,complete,GK2026D1,,
2026-08-25T02:22:03,reply,6a25248300000000350207f4,6a26c902000000002900eefc,complete,endpoint_exhausted,0,0,0,shanghai,ssh_eip_shanghai,deep_shanghai,9341,5,complete,GK2026D1,,
2026-08-25T02:22:03,reply,6a25248300000000350207f4,6a26b1e4000000002a006185,complete,endpoint_exhausted,0,0,0,shanghai,ssh_eip_shanghai,deep_shanghai,9341,5,complete,GK2026D1,,
2026-08-25T02:22:03,reply,6a25248300000000350207f4,6a26b0de000000002702f13c,complete,endpoint_exhausted,0,0,0,shanghai,ssh_eip_shanghai,deep_shanghai,9341,5,complete,GK2026D1,,
2026-08-25T02:22:03,reply,6a25248300000000350207f4,6a26a445000000002803cd0a,complete,endpoint_exhausted,0,0,0,shanghai,ssh_eip_shanghai,deep_shanghai,9341,5,complete,GK2026D1,,
2026-08-25T02:22:03,reply,6a25248300000000350207f4,6a269392000000002900e4b1,complete,endpoint_exhausted,0,0,0,shanghai,ssh_eip_shanghai,deep_shanghai,9341,5,complete,GK2026D1,,
2026-08-25T02:22:20,reply,6a25248300000000350207f4,6a2692db000000002800ad74,complete,endpoint_exhausted,0,0,0,shanghai,ssh_eip_shanghai,deep_shanghai,9341,5,complete,GK2026D1,,
2026-08-25T02:22:20,reply,6a25248300000000350207f4,6a2688c8000000002902c611,complete,endpoint_exhausted,0,0,0,shanghai,ssh_eip_shanghai,deep_shanghai,9341,5,complete,GK2026D1,,
2026-08-25T02:22:20,reply,6a25248300000000350207f4,6a268727000000002901801a,complete,endpoint_exhausted,0,0,0,shanghai,ssh_eip_shanghai,deep_shanghai,9341,5,complete,GK2026D1,,
2026-08-25T02:22:20,reply,6a25248300000000350207f4,6a2683ae000000002902e2b9,complete,endpoint_exhausted,0,0,0,shanghai,ssh_eip_shanghai,deep_shanghai,9341,5,complete,GK2026D1,,
2026-08-25T02:22:20,reply,6a25248300000000350207f4,6a267fb2000000002701d5d0,complete,endpoint_exhausted,0,0,0,shanghai,ssh_eip_shanghai,deep_shanghai,9341,5,complete,GK2026D1,,
2026-08-25T02:22:20,reply,6a25248300000000350207f4,6a267f210000000029026533,complete,endpoint_exhausted,0,0,0,shanghai,ssh_eip_shanghai,deep_shanghai,9341,5,complete,GK2026D1,,
2026-08-25T02:22:20,reply,6a25248300000000350207f4,6a267dd2000000002a02de66,complete,endpoint_exhausted,0,0,0,shanghai,ssh_eip_shanghai,deep_shanghai,9341,5,complete,GK2026D1,,
2026-08-25T02:22:20,reply,6a25248300000000350207f4,6a267c4f0000000027028089,complete,endpoint_exhausted,0,0,0,shanghai,ssh_eip_shanghai,deep_shanghai,9341,5,complete,GK2026D1,,
2026-08-25T02:22:20,reply,6a25248300000000350207f4,6a267975000000002b028bec,complete,endpoint_exhausted,0,0,0,shanghai,ssh_eip_shanghai,deep_shanghai,9341,5,complete,GK2026D1,,
2026-08-25T02:22:20,reply,6a25248300000000350207f4,6a267700000000002702c10f,complete,endpoint_exhausted,0,0,0,shanghai,ssh_eip_shanghai,deep_shanghai,9341,5,complete,GK2026D1,,
2026-08-25T02:22:36,reply,6a25248300000000350207f4,6a26745900000000290139b7,complete,endpoint_exhausted,0,0,0,shanghai,ssh_eip_shanghai,deep_shanghai,9341,5,complete,GK2026D1,,
2026-08-25T02:22:36,reply,6a25248300000000350207f4,6a26734d000000002702269b,complete,endpoint_exhausted,0,0,0,shanghai,ssh_eip_shanghai,deep_shanghai,9341,5,complete,GK2026D1,,
2026-08-25T02:22:36,reply,6a25248300000000350207f4,6a266b9d0000000028034c96,complete,endpoint_exhausted,0,0,0,shanghai,ssh_eip_shanghai,deep_shanghai,9341,5,complete,GK2026D1,,
2026-08-25T02:22:36,reply,6a25248300000000350207f4,6a266a94000000002a0072e1,complete,endpoint_exhausted,0,0,0,shanghai,ssh_eip_shanghai,deep_shanghai,9341,5,complete,GK2026D1,,
2026-08-25T02:22:36,reply,6a25248300000000350207f4,6a266a41000000002203fa92,complete,endpoint_exhausted,0,0,0,shanghai,ssh_eip_shanghai,deep_shanghai,9341,5,complete,GK2026D1,,
2026-08-25T02:22:36,reply,6a25248300000000350207f4,6a2667df000000002a027893,complete,endpoint_exhausted,0,0,0,shanghai,ssh_eip_shanghai,deep_shanghai,9341,5,complete,GK2026D1,,
2026-08-25T02:22:36,reply,6a25248300000000350207f4,6a2666d8000000002803e661,complete,endpoint_exhausted,0,0,0,shanghai,ssh_eip_shanghai,deep_shanghai,9341,5,complete,GK2026D1,,
2026-08-25T02:22:36,reply,6a25248300000000350207f4,6a266672000000002701e93a,complete,endpoint_exhausted,0,0,0,shanghai,ssh_eip_shanghai,deep_shanghai,9341,5,complete,GK2026D1,,
2026-08-25T02:22:36,reply,6a25248300000000350207f4,6a26652c000000002b025557,complete,endpoint_exhausted,0,0,0,shanghai,ssh_eip_shanghai,deep_shanghai,9341,5,complete,GK2026D1,,
2026-08-25T02:22:36,reply,6a25248300000000350207f4,6a266520000000002803978d,complete,endpoint_exhausted,0,1,1,shanghai,ssh_eip_shanghai,deep_shanghai,9341,5,complete,GK2026D1,,
2026-08-25T02:22:53,reply,6a25248300000000350207f4,6a266495000000000d021800,complete,endpoint_exhausted,0,0,0,shanghai,ssh_eip_shanghai,deep_shanghai,9341,5,complete,GK2026D1,,
2026-08-25T02:22:53,reply,6a25248300000000350207f4,6a266428000000002b02ad63,complete,endpoint_exhausted,0,0,0,shanghai,ssh_eip_shanghai,deep_shanghai,9341,5,complete,GK2026D1,,
2026-08-25T02:22:53,reply,6a25248300000000350207f4,6a2662c8000000002702c17c,complete,endpoint_exhausted,0,0,0,shanghai,ssh_eip_shanghai,deep_shanghai,9341,5,complete,GK2026D1,,
2026-08-25T02:22:53,reply,6a25248300000000350207f4,6a26624d000000002900cbdb,complete,endpoint_exhausted,0,0,0,shanghai,ssh_eip_shanghai,deep_shanghai,9341,5,complete,GK2026D1,,
2026-08-25T02:22:53,reply,6a25248300000000350207f4,6a2661da000000002701c70f,complete,endpoint_exhausted,0,0,0,shanghai,ssh_eip_shanghai,deep_shanghai,9341,5,complete,GK2026D1,,
2026-08-25T02:22:53,reply,6a25248300000000350207f4,6a2660860000000027017715,complete,endpoint_exhausted,0,0,0,shanghai,ssh_eip_shanghai,deep_shanghai,9341,5,complete,GK2026D1,,
2026-08-25T02:22:53,reply,6a25248300000000350207f4,6a266012000000002702c5a4,complete,endpoint_exhausted,0,0,0,shanghai,ssh_eip_shanghai,deep_shanghai,9341,5,complete,GK2026D1,,
2026-08-25T02:22:53,reply,6a25248300000000350207f4,6a265efd0000000029019468,complete,endpoint_exhausted,0,0,0,shanghai,ssh_eip_shanghai,deep_shanghai,9341,5,complete,GK2026D1,,
2026-08-25T02:23:26,reply,6a25248300000000350207f4,6a265e2a0000000028035389,complete,endpoint_exhausted,2,9,9,shanghai,ssh_eip_shanghai,deep_shanghai,9341,5,complete,GK2026D1,,
2026-08-25T02:23:26,reply,6a25248300000000350207f4,6a26564b0000000027022c38,complete,endpoint_exhausted,0,0,0,shanghai,ssh_eip_shanghai,deep_shanghai,9341,5,complete,GK2026D1,,
2026-08-25T02:23:42,reply,6a25248300000000350207f4,6a2651b50000000029036a01,complete,endpoint_exhausted,0,0,0,shanghai,ssh_eip_shanghai,deep_shanghai,9341,5,complete,GK2026D1,,
2026-08-25T02:23:42,reply,6a25248300000000350207f4,6a265113000000002b026573,complete,endpoint_exhausted,0,0,0,shanghai,ssh_eip_shanghai,deep_shanghai,9341,5,complete,GK2026D1,,
2026-08-25T02:23:42,reply,6a25248300000000350207f4,6a2650c0000000002702fd7e,complete,endpoint_exhausted,0,0,0,shanghai,ssh_eip_shanghai,deep_shanghai,9341,5,complete,GK2026D1,,
2026-08-25T02:23:42,reply,6a25248300000000350207f4,6a265011000000000d022c00,complete,endpoint_exhausted,0,0,0,shanghai,ssh_eip_shanghai,deep_shanghai,9341,5,complete,GK2026D1,,
2026-08-25T02:23:42,reply,6a25248300000000350207f4,6a264f43000000002a032d22,complete,endpoint_exhausted,0,0,0,shanghai,ssh_eip_shanghai,deep_shanghai,9341,5,complete,GK2026D1,,
2026-08-25T02:23:42,reply,6a25248300000000350207f4,6a264e9c0000000028008b3a,complete,endpoint_exhausted,0,0,0,shanghai,ssh_eip_shanghai,deep_shanghai,9341,5,complete,GK2026D1,,
2026-08-25T02:23:42,reply,6a25248300000000350207f4,6a264e6b000000002a00476a,complete,endpoint_exhausted,0,0,0,shanghai,ssh_eip_shanghai,deep_shanghai,9341,5,complete,GK2026D1,,
2026-08-25T02:23:42,reply,6a25248300000000350207f4,6a264e590000000029036ee9,complete,endpoint_exhausted,0,0,0,shanghai,ssh_eip_shanghai,deep_shanghai,9341,5,complete,GK2026D1,,
2026-08-25T02:23:42,reply,6a25248300000000350207f4,6a264cb7000000002b02b65f,complete,endpoint_exhausted,0,0,0,shanghai,ssh_eip_shanghai,deep_shanghai,9341,5,complete,GK2026D1,,
2026-08-25T02:23:42,reply,6a25248300000000350207f4,6a264c81000000002902f02c,complete,endpoint_exhausted,0,0,0,shanghai,ssh_eip_shanghai,deep_shanghai,9341,5,complete,GK2026D1,,
2026-08-25T02:23:59,reply,6a25248300000000350207f4,6a264c560000000029012d61,complete,endpoint_exhausted,0,0,0,shanghai,ssh_eip_shanghai,deep_shanghai,9341,5,complete,GK2026D1,,
2026-08-25T02:23:59,reply,6a25248300000000350207f4,6a264c22000000002b029af0,complete,endpoint_exhausted,0,0,0,shanghai,ssh_eip_shanghai,deep_shanghai,9341,5,complete,GK2026D1,,
2026-08-25T02:23:59,reply,6a25248300000000350207f4,6a264bd90000000028035d39,complete,endpoint_exhausted,0,0,0,shanghai,ssh_eip_shanghai,deep_shanghai,9341,5,complete,GK2026D1,,
2026-08-25T02:23:59,reply,6a25248300000000350207f4,6a264aa9000000002b00151e,complete,endpoint_exhausted,0,0,0,shanghai,ssh_eip_shanghai,deep_shanghai,9341,5,complete,GK2026D1,,
2026-08-25T02:23:59,reply,6a25248300000000350207f4,6a264a20000000002b02858e,complete,endpoint_exhausted,0,0,0,shanghai,ssh_eip_shanghai,deep_shanghai,9341,5,complete,GK2026D1,,
2026-08-25T02:23:59,reply,6a25248300000000350207f4,6a2649b2000000002702a508,complete,endpoint_exhausted,0,0,0,shanghai,ssh_eip_shanghai,deep_shanghai,9341,5,complete,GK2026D1,,
2026-08-25T02:23:59,reply,6a25248300000000350207f4,6a2649a4000000002900ca9d,complete,endpoint_exhausted,0,0,0,shanghai,ssh_eip_shanghai,deep_shanghai,9341,5,complete,GK2026D1,,
2026-08-25T02:23:59,reply,6a25248300000000350207f4,6a26498a000000002b02aa5d,complete,endpoint_exhausted,0,0,0,shanghai,ssh_eip_shanghai,deep_shanghai,9341,5,complete,GK2026D1,,
2026-08-25T02:23:59,reply,6a25248300000000350207f4,6a2649540000000027028d5c,complete,endpoint_exhausted,0,0,0,shanghai,ssh_eip_shanghai,deep_shanghai,9341,5,complete,GK2026D1,,
2026-08-25T02:23:59,reply,6a25248300000000350207f4,6a264952000000002701d167,complete,endpoint_exhausted,0,1,1,shanghai,ssh_eip_shanghai,deep_shanghai,9341,5,complete,GK2026D1,,
2026-08-25T02:24:15,reply,6a25248300000000350207f4,6a2648850000000028032355,complete,endpoint_exhausted,0,0,0,shanghai,ssh_eip_shanghai,deep_shanghai,9341,5,complete,GK2026D1,,
2026-08-25T02:24:15,reply,6a25248300000000350207f4,6a2648510000000027028e59,complete,endpoint_exhausted,0,0,0,shanghai,ssh_eip_shanghai,deep_shanghai,9341,5,complete,GK2026D1,,
2026-08-25T02:24:15,reply,6a25248300000000350207f4,6a2647f0000000002702b6d5,complete,endpoint_exhausted,0,0,0,shanghai,ssh_eip_shanghai,deep_shanghai,9341,5,complete,GK2026D1,,
2026-08-25T02:24:15,reply,6a25248300000000350207f4,6a2647d200000000290126a5,complete,endpoint_exhausted,0,0,0,shanghai,ssh_eip_shanghai,deep_shanghai,9341,5,complete,GK2026D1,,
2026-08-25T02:24:15,reply,6a25248300000000350207f4,6a264792000000002a02e2d2,complete,endpoint_exhausted,0,0,0,shanghai,ssh_eip_shanghai,deep_shanghai,9341,5,complete,GK2026D1,,
2026-08-25T02:24:15,reply,6a25248300000000350207f4,6a2647700000000029025d35,complete,endpoint_exhausted,0,0,0,shanghai,ssh_eip_shanghai,deep_shanghai,9341,5,complete,GK2026D1,,
2026-08-25T02:24:15,reply,6a25248300000000350207f4,6a26475b0000000029010c2b,complete,endpoint_exhausted,0,0,0,shanghai,ssh_eip_shanghai,deep_shanghai,9341,5,complete,GK2026D1,,
2026-08-25T02:24:15,reply,6a25248300000000350207f4,6a2646ab00000000280098b3,complete,endpoint_exhausted,0,0,0,shanghai,ssh_eip_shanghai,deep_shanghai,9341,5,complete,GK2026D1,,
2026-08-25T02:24:15,reply,6a25248300000000350207f4,6a2646960000000027014b58,complete,endpoint_exhausted,0,0,0,shanghai,ssh_eip_shanghai,deep_shanghai,9341,5,complete,GK2026D1,,
2026-08-25T02:24:15,reply,6a25248300000000350207f4,6a26466a0000000029011380,complete,endpoint_exhausted,0,0,0,shanghai,ssh_eip_shanghai,deep_shanghai,9341,5,complete,GK2026D1,,
2026-08-25T02:24:32,reply,6a25248300000000350207f4,6a264662000000002b027b6b,complete,endpoint_exhausted,0,0,0,shanghai,ssh_eip_shanghai,deep_shanghai,9341,5,complete,GK2026D1,,
2026-08-25T02:24:32,reply,6a25248300000000350207f4,6a2645ea000000002901379f,complete,endpoint_exhausted,0,0,0,shanghai,ssh_eip_shanghai,deep_shanghai,9341,5,complete,GK2026D1,,
2026-08-25T02:24:32,reply,6a25248300000000350207f4,6a2643cf000000002902d14f,complete,endpoint_exhausted,0,0,0,shanghai,ssh_eip_shanghai,deep_shanghai,9341,5,complete,GK2026D1,,
2026-08-25T02:24:32,reply,6a25248300000000350207f4,6a2643560000000029012802,complete,endpoint_exhausted,0,0,0,shanghai,ssh_eip_shanghai,deep_shanghai,9341,5,complete,GK2026D1,,
2026-08-25T02:24:32,reply,6a25248300000000350207f4,6a264277000000002a030d1d,complete,endpoint_exhausted,0,0,0,shanghai,ssh_eip_shanghai,deep_shanghai,9341,5,complete,GK2026D1,,
2026-08-25T02:24:32,reply,6a25248300000000350207f4,6a2642330000000029024624,complete,endpoint_exhausted,0,0,0,shanghai,ssh_eip_shanghai,deep_shanghai,9341,5,complete,GK2026D1,,
2026-08-25T02:24:32,reply,6a25248300000000350207f4,6a2641ea000000002701ef9d,complete,endpoint_exhausted,0,0,0,shanghai,ssh_eip_shanghai,deep_shanghai,9341,5,complete,GK2026D1,,
2026-08-25T02:24:32,reply,6a25248300000000350207f4,6a2640d2000000002900dcd9,complete,endpoint_exhausted,0,0,0,shanghai,ssh_eip_shanghai,deep_shanghai,9341,5,complete,GK2026D1,,
2026-08-25T02:24:32,reply,6a25248300000000350207f4,6a263d4e000000002a030762,complete,endpoint_exhausted,0,0,0,shanghai,ssh_eip_shanghai,deep_shanghai,9341,5,complete,GK2026D1,,
2026-08-25T02:24:32,reply,6a25248300000000350207f4,6a263b0f0000000027015233,complete,endpoint_exhausted,0,0,0,shanghai,ssh_eip_shanghai,deep_shanghai,9341,5,complete,GK2026D1,,
2026-08-25T02:24:48,reply,6a25248300000000350207f4,6a263a5e000000002b0240f2,complete,endpoint_exhausted,0,0,0,shanghai,ssh_eip_shanghai,deep_shanghai,9341,5,complete,GK2026D1,,
2026-08-25T02:24:48,reply,6a25248300000000350207f4,6a263a45000000002b027cc5,complete,endpoint_exhausted,0,0,0,shanghai,ssh_eip_shanghai,deep_shanghai,9341,5,complete,GK2026D1,,
2026-08-25T02:24:48,reply,6a25248300000000350207f4,6a2639aa0000000029018dd5,complete,endpoint_exhausted,0,0,0,shanghai,ssh_eip_shanghai,deep_shanghai,9341,5,complete,GK2026D1,,
2026-08-25T02:24:48,reply,6a25248300000000350207f4,6a2638b2000000002901a741,complete,endpoint_exhausted,0,0,0,shanghai,ssh_eip_shanghai,deep_shanghai,9341,5,complete,GK2026D1,,
2026-08-25T02:24:48,reply,6a25248300000000350207f4,6a263888000000002901276a,complete,endpoint_exhausted,0,0,0,shanghai,ssh_eip_shanghai,deep_shanghai,9341,5,complete,GK2026D1,,
2026-08-25T02:24:48,reply,6a25248300000000350207f4,6a263852000000002701fea6,complete,endpoint_exhausted,0,0,0,shanghai,ssh_eip_shanghai,deep_shanghai,9341,5,complete,GK2026D1,,
2026-08-25T02:24:48,reply,6a25248300000000350207f4,6a26382f0000000029037734,complete,endpoint_exhausted,0,0,0,shanghai,ssh_eip_shanghai,deep_shanghai,9341,5,complete,GK2026D1,,
2026-08-25T02:24:48,reply,6a25248300000000350207f4,6a2637c9000000002a0334b8,complete,endpoint_exhausted,0,0,0,shanghai,ssh_eip_shanghai,deep_shanghai,9341,5,complete,GK2026D1,,
2026-08-25T02:24:48,reply,6a25248300000000350207f4,6a263759000000002a004579,complete,endpoint_exhausted,0,0,0,shanghai,ssh_eip_shanghai,deep_shanghai,9341,5,complete,GK2026D1,,
2026-08-25T02:24:48,reply,6a25248300000000350207f4,6a2636e9000000002a007475,complete,endpoint_exhausted,0,0,0,shanghai,ssh_eip_shanghai,deep_shanghai,9341,5,complete,GK2026D1,,
2026-08-25T02:25:05,reply,6a25248300000000350207f4,6a263671000000002b002c69,complete,endpoint_exhausted,0,0,0,shanghai,ssh_eip_shanghai,deep_shanghai,9341,5,complete,GK2026D1,,
2026-08-25T02:25:05,reply,6a25248300000000350207f4,6a26356c000000002803f5e9,complete,endpoint_exhausted,0,0,0,shanghai,ssh_eip_shanghai,deep_shanghai,9341,5,complete,GK2026D1,,
2026-08-25T02:25:05,reply,6a25248300000000350207f4,6a2634390000000029024a86,complete,endpoint_exhausted,0,0,0,shanghai,ssh_eip_shanghai,deep_shanghai,9341,5,complete,GK2026D1,,
2026-08-25T02:25:05,reply,6a25248300000000350207f4,6a2633130000000027028eb1,complete,endpoint_exhausted,0,0,0,shanghai,ssh_eip_shanghai,deep_shanghai,9341,5,complete,GK2026D1,,
2026-08-25T02:25:05,reply,6a25248300000000350207f4,6a2632f3000000002702871f,complete,endpoint_exhausted,0,0,0,shanghai,ssh_eip_shanghai,deep_shanghai,9341,5,complete,GK2026D1,,
2026-08-25T02:25:05,reply,6a25248300000000350207f4,6a2632980000000029035483,complete,endpoint_exhausted,0,0,0,shanghai,ssh_eip_shanghai,deep_shanghai,9341,5,complete,GK2026D1,,
2026-08-25T02:25:05,reply,6a25248300000000350207f4,6a263265000000002a02e45e,complete,endpoint_exhausted,0,0,0,shanghai,ssh_eip_shanghai,deep_shanghai,9341,5,complete,GK2026D1,,
2026-08-25T02:25:05,reply,6a25248300000000350207f4,6a263261000000002a0052ff,complete,endpoint_exhausted,0,0,0,shanghai,ssh_eip_shanghai,deep_shanghai,9341,5,complete,GK2026D1,,
2026-08-25T02:25:05,reply,6a25248300000000350207f4,6a263232000000002702c9a5,complete,endpoint_exhausted,0,0,0,shanghai,ssh_eip_shanghai,deep_shanghai,9341,5,complete,GK2026D1,,
2026-08-25T02:25:05,reply,6a25248300000000350207f4,6a2631fa0000000027016f0b,complete,endpoint_exhausted,0,0,0,shanghai,ssh_eip_shanghai,deep_shanghai,9341,5,complete,GK2026D1,,
2026-08-25T02:25:22,reply,6a25248300000000350207f4,6a26305100000000280345c9,complete,endpoint_exhausted,0,0,0,shanghai,ssh_eip_shanghai,deep_shanghai,9341,5,complete,GK2026D1,,
2026-08-25T02:25:38,reply,6a25248300000000350207f4,6a262f1200000000280342ee,complete,endpoint_exhausted,1,3,3,shanghai,ssh_eip_shanghai,deep_shanghai,9341,5,complete,GK2026D1,,
2026-08-25T02:25:38,reply,6a25248300000000350207f4,6a262dd8000000002702de33,complete,endpoint_exhausted,0,0,0,shanghai,ssh_eip_shanghai,deep_shanghai,9341,5,complete,GK2026D1,,
2026-08-25T02:25:38,reply,6a25248300000000350207f4,6a262d470000000029013969,complete,endpoint_exhausted,0,0,0,shanghai,ssh_eip_shanghai,deep_shanghai,9341,5,complete,GK2026D1,,
2026-08-25T02:25:38,reply,6a25248300000000350207f4,6a262cf5000000002701dc7c,complete,endpoint_exhausted,0,0,0,shanghai,ssh_eip_shanghai,deep_shanghai,9341,5,complete,GK2026D1,,
2026-08-25T02:25:38,reply,6a25248300000000350207f4,6a262ce6000000002701d941,complete,endpoint_exhausted,0,0,0,shanghai,ssh_eip_shanghai,deep_shanghai,9341,5,complete,GK2026D1,,
2026-08-25T02:25:38,reply,6a25248300000000350207f4,6a262ce300000000290341ce,complete,endpoint_exhausted,0,0,0,shanghai,ssh_eip_shanghai,deep_shanghai,9341,5,complete,GK2026D1,,
2026-08-25T02:25:38,reply,6a25248300000000350207f4,6a262bf2000000002902530f,complete,endpoint_exhausted,0,0,0,shanghai,ssh_eip_shanghai,deep_shanghai,9341,5,complete,GK2026D1,,
2026-08-25T02:25:38,reply,6a25248300000000350207f4,6a262bbc0000000029024a79,complete,endpoint_exhausted,0,0,0,shanghai,ssh_eip_shanghai,deep_shanghai,9341,5,complete,GK2026D1,,
2026-08-25T02:25:38,reply,6a25248300000000350207f4,6a262aa40000000028033be9,complete,endpoint_exhausted,0,0,0,shanghai,ssh_eip_shanghai,deep_shanghai,9341,5,complete,GK2026D1,,
2026-08-25T02:25:55,reply,6a25248300000000350207f4,6a26275c000000002a033975,complete,endpoint_exhausted,0,0,0,shanghai,ssh_eip_shanghai,deep_shanghai,9341,5,complete,GK2026D1,,
2026-08-25T02:25:55,reply,6a25248300000000350207f4,6a262578000000002800a092,complete,endpoint_exhausted,0,0,0,shanghai,ssh_eip_shanghai,deep_shanghai,9341,5,complete,GK2026D1,,
2026-08-25T02:25:55,reply,6a25248300000000350207f4,6a26256d000000002803bd0a,complete,endpoint_exhausted,0,0,0,shanghai,ssh_eip_shanghai,deep_shanghai,9341,5,complete,GK2026D1,,
2026-08-25T02:25:55,reply,6a25248300000000350207f4,6a262546000000002803b571,complete,endpoint_exhausted,0,0,0,shanghai,ssh_eip_shanghai,deep_shanghai,9341,5,complete,GK2026D1,,
2026-08-25T02:25:55,reply,6a25248300000000350207f4,6a26250e0000000029012ed9,complete,endpoint_exhausted,0,0,0,shanghai,ssh_eip_shanghai,deep_shanghai,9341,5,complete,GK2026D1,,
2026-08-25T02:25:55,reply,6a25248300000000350207f4,6a2624df000000002901880d,complete,endpoint_exhausted,0,0,0,shanghai,ssh_eip_shanghai,deep_shanghai,9341,5,complete,GK2026D1,,
2026-08-25T02:25:55,reply,6a25248300000000350207f4,6a26248a000000002900ec60,complete,endpoint_exhausted,0,0,0,shanghai,ssh_eip_shanghai,deep_shanghai,9341,5,complete,GK2026D1,,
2026-08-25T02:25:55,reply,6a25248300000000350207f4,6a26238a0000000028008b0d,complete,endpoint_exhausted,0,0,0,shanghai,ssh_eip_shanghai,deep_shanghai,9341,5,complete,GK2026D1,,
2026-08-25T02:25:55,reply,6a25248300000000350207f4,6a2621d6000000002702950f,complete,endpoint_exhausted,0,0,0,shanghai,ssh_eip_shanghai,deep_shanghai,9341,5,complete,GK2026D1,,
2026-08-25T02:25:55,reply,6a25248300000000350207f4,6a2621d000000000290116de,complete,endpoint_exhausted,0,0,0,shanghai,ssh_eip_shanghai,deep_shanghai,9341,5,complete,GK2026D1,,
2026-08-25T02:26:11,reply,6a25248300000000350207f4,6a261e56000000002100f60d,complete,endpoint_exhausted,0,0,0,shanghai,ssh_eip_shanghai,deep_shanghai,9341,5,complete,GK2026D1,,
2026-08-25T02:26:11,reply,6a25248300000000350207f4,6a261de5000000002a033487,complete,endpoint_exhausted,0,0,0,shanghai,ssh_eip_shanghai,deep_shanghai,9341,5,complete,GK2026D1,,
2026-08-25T02:26:11,reply,6a25248300000000350207f4,6a261d100000000028032639,complete,endpoint_exhausted,0,0,0,shanghai,ssh_eip_shanghai,deep_shanghai,9341,5,complete,GK2026D1,,
2026-08-25T02:26:11,reply,6a25248300000000350207f4,6a261ca6000000002701ef96,complete,endpoint_exhausted,0,0,0,shanghai,ssh_eip_shanghai,deep_shanghai,9341,5,complete,GK2026D1,,
2026-08-25T02:26:11,reply,6a25248300000000350207f4,6a261ba4000000002902c020,complete,endpoint_exhausted,0,0,0,shanghai,ssh_eip_shanghai,deep_shanghai,9341,5,complete,GK2026D1,,
2026-08-25T02:26:11,reply,6a25248300000000350207f4,6a261aae0000000028034f9f,complete,endpoint_exhausted,0,0,0,shanghai,ssh_eip_shanghai,deep_shanghai,9341,5,complete,GK2026D1,,
2026-08-25T02:26:11,reply,6a25248300000000350207f4,6a2619f4000000002b003792,complete,endpoint_exhausted,0,0,0,shanghai,ssh_eip_shanghai,deep_shanghai,9341,5,complete,GK2026D1,,
2026-08-25T02:26:11,reply,6a25248300000000350207f4,6a2619ca000000002901ad94,complete,endpoint_exhausted,0,0,0,shanghai,ssh_eip_shanghai,deep_shanghai,9341,5,complete,GK2026D1,,
2026-08-25T02:26:11,reply,6a25248300000000350207f4,6a26199e000000002702b115,complete,endpoint_exhausted,0,0,0,shanghai,ssh_eip_shanghai,deep_shanghai,9341,5,complete,GK2026D1,,
2026-08-25T02:26:44,reply,6a25248300000000350207f4,6a2618830000000027016891,complete,endpoint_exhausted,2,8,8,shanghai,ssh_eip_shanghai,deep_shanghai,9341,5,complete,GK2026D1,,
2026-08-25T02:27:01,reply,6a25248300000000350207f4,6a26162c000000002803d35f,complete,endpoint_exhausted,0,0,0,shanghai,ssh_eip_shanghai,deep_shanghai,9341,5,complete,GK2026D1,,
2026-08-25T02:27:01,reply,6a25248300000000350207f4,6a261564000000002803f502,complete,endpoint_exhausted,0,0,0,shanghai,ssh_eip_shanghai,deep_shanghai,9341,5,complete,GK2026D1,,
2026-08-25T02:27:01,reply,6a25248300000000350207f4,6a26154a00000000280370b4,complete,endpoint_exhausted,0,0,0,shanghai,ssh_eip_shanghai,deep_shanghai,9341,5,complete,GK2026D1,,
2026-08-25T02:27:01,reply,6a25248300000000350207f4,6a2614d900000000270157f1,complete,endpoint_exhausted,0,0,0,shanghai,ssh_eip_shanghai,deep_shanghai,9341,5,complete,GK2026D1,,
2026-08-25T02:27:01,reply,6a25248300000000350207f4,6a2614b1000000002702b2bc,complete,endpoint_exhausted,0,0,0,shanghai,ssh_eip_shanghai,deep_shanghai,9341,5,complete,GK2026D1,,
2026-08-25T02:27:01,reply,6a25248300000000350207f4,6a2613b200000000290111e8,complete,endpoint_exhausted,0,0,0,shanghai,ssh_eip_shanghai,deep_shanghai,9341,5,complete,GK2026D1,,
2026-08-25T02:27:01,reply,6a25248300000000350207f4,6a26135b000000000d022800,complete,endpoint_exhausted,0,0,0,shanghai,ssh_eip_shanghai,deep_shanghai,9341,5,complete,GK2026D1,,
2026-08-25T02:27:01,reply,6a25248300000000350207f4,6a2612b5000000002702ad58,complete,endpoint_exhausted,0,0,0,shanghai,ssh_eip_shanghai,deep_shanghai,9341,5,complete,GK2026D1,,
2026-08-25T02:27:01,reply,6a25248300000000350207f4,6a26129f000000002a007016,complete,endpoint_exhausted,0,0,0,shanghai,ssh_eip_shanghai,deep_shanghai,9341,5,complete,GK2026D1,,
2026-08-25T02:27:01,reply,6a25248300000000350207f4,6a26114a0000000029010046,complete,endpoint_exhausted,0,0,0,shanghai,ssh_eip_shanghai,deep_shanghai,9341,5,complete,GK2026D1,,
2026-08-25T02:27:17,reply,6a25248300000000350207f4,6a2610fa000000002803e0a9,complete,endpoint_exhausted,0,0,0,shanghai,ssh_eip_shanghai,deep_shanghai,9341,5,complete,GK2026D1,,
2026-08-25T02:27:17,reply,6a25248300000000350207f4,6a2610b80000000028031642,complete,endpoint_exhausted,0,0,0,shanghai,ssh_eip_shanghai,deep_shanghai,9341,5,complete,GK2026D1,,
2026-08-25T02:27:17,reply,6a25248300000000350207f4,6a2610a0000000002803bd13,complete,endpoint_exhausted,0,0,0,shanghai,ssh_eip_shanghai,deep_shanghai,9341,5,complete,GK2026D1,,
2026-08-25T02:27:17,reply,6a25248300000000350207f4,6a260fa50000000027016294,complete,endpoint_exhausted,0,0,0,shanghai,ssh_eip_shanghai,deep_shanghai,9341,5,complete,GK2026D1,,
2026-08-25T02:27:17,reply,6a25248300000000350207f4,6a260f410000000029025b66,complete,endpoint_exhausted,0,0,0,shanghai,ssh_eip_shanghai,deep_shanghai,9341,5,complete,GK2026D1,,
2026-08-25T02:27:17,reply,6a25248300000000350207f4,6a260ed3000000002702a7ec,complete,endpoint_exhausted,0,0,0,shanghai,ssh_eip_shanghai,deep_shanghai,9341,5,complete,GK2026D1,,
2026-08-25T02:27:17,reply,6a25248300000000350207f4,6a260ebd0000000027014379,complete,endpoint_exhausted,0,0,0,shanghai,ssh_eip_shanghai,deep_shanghai,9341,5,complete,GK2026D1,,
2026-08-25T02:27:17,reply,6a25248300000000350207f4,6a260cab000000002b024c60,complete,endpoint_exhausted,0,0,0,shanghai,ssh_eip_shanghai,deep_shanghai,9341,5,complete,GK2026D1,,
2026-08-25T02:27:17,reply,6a25248300000000350207f4,6a260bea000000002803c422,complete,endpoint_exhausted,0,0,0,shanghai,ssh_eip_shanghai,deep_shanghai,9341,5,complete,GK2026D1,,
2026-08-25T02:27:17,reply,6a25248300000000350207f4,6a260b3c0000000028036034,complete,endpoint_exhausted,0,0,0,shanghai,ssh_eip_shanghai,deep_shanghai,9341,5,complete,GK2026D1,,
2026-08-25T02:27:34,reply,6a25248300000000350207f4,6a260a440000000029019090,complete,endpoint_exhausted,0,0,0,shanghai,ssh_eip_shanghai,deep_shanghai,9341,5,complete,GK2026D1,,
2026-08-25T02:27:34,reply,6a25248300000000350207f4,6a2609d7000000002a032181,complete,endpoint_exhausted,0,0,0,shanghai,ssh_eip_shanghai,deep_shanghai,9341,5,complete,GK2026D1,,
2026-08-25T02:27:34,reply,6a25248300000000350207f4,6a26095600000000290369df,complete,endpoint_exhausted,0,0,0,shanghai,ssh_eip_shanghai,deep_shanghai,9341,5,complete,GK2026D1,,
2026-08-25T02:27:34,reply,6a25248300000000350207f4,6a2607e2000000002b0267a8,complete,endpoint_exhausted,0,0,0,shanghai,ssh_eip_shanghai,deep_shanghai,9341,5,complete,GK2026D1,,
2026-08-25T02:27:34,reply,6a25248300000000350207f4,6a2606ef0000000027021f1a,complete,endpoint_exhausted,0,0,0,shanghai,ssh_eip_shanghai,deep_shanghai,9341,5,complete,GK2026D1,,
2026-08-25T02:27:34,reply,6a25248300000000350207f4,6a2605bb000000002800a51d,complete,endpoint_exhausted,0,0,0,shanghai,ssh_eip_shanghai,deep_shanghai,9341,5,complete,GK2026D1,,
2026-08-25T02:27:34,reply,6a25248300000000350207f4,6a25ff17000000002b025a13,complete,endpoint_exhausted,0,0,0,shanghai,ssh_eip_shanghai,deep_shanghai,9341,5,complete,GK2026D1,,
2026-08-25T02:27:34,reply,6a25248300000000350207f4,6a25fda5000000002b02904e,complete,endpoint_exhausted,0,0,0,shanghai,ssh_eip_shanghai,deep_shanghai,9341,5,complete,GK2026D1,,
2026-08-25T02:27:34,reply,6a25248300000000350207f4,6a25fc75000000002b0282bd,complete,endpoint_exhausted,0,0,0,shanghai,ssh_eip_shanghai,deep_shanghai,9341,5,complete,GK2026D1,,
2026-08-25T02:27:34,reply,6a25248300000000350207f4,6a25fbd6000000002a004dd9,complete,endpoint_exhausted,0,0,0,shanghai,ssh_eip_shanghai,deep_shanghai,9341,5,complete,GK2026D1,,
2026-08-25T02:27:50,reply,6a25248300000000350207f4,6a25f8cc0000000027014828,complete,endpoint_exhausted,0,0,0,shanghai,ssh_eip_shanghai,deep_shanghai,9341,5,complete,GK2026D1,,
2026-08-25T02:27:50,reply,6a25248300000000350207f4,6a25f732000000002702e934,complete,endpoint_exhausted,0,0,0,shanghai,ssh_eip_shanghai,deep_shanghai,9341,5,complete,GK2026D1,,
2026-08-25T02:27:50,reply,6a25248300000000350207f4,6a25f50b000000002b002c62,complete,endpoint_exhausted,0,0,0,shanghai,ssh_eip_shanghai,deep_shanghai,9341,5,complete,GK2026D1,,
2026-08-25T02:27:50,reply,6a25248300000000350207f4,6a25ef3a000000002b0287da,complete,endpoint_exhausted,0,0,0,shanghai,ssh_eip_shanghai,deep_shanghai,9341,5,complete,GK2026D1,,
2026-08-25T02:27:50,reply,6a25248300000000350207f4,6a25ebe9000000000d022800,complete,endpoint_exhausted,0,0,0,shanghai,ssh_eip_shanghai,deep_shanghai,9341,5,complete,GK2026D1,,
2026-08-25T02:27:50,reply,6a25248300000000350207f4,6a25e8c0000000000d021c00,complete,endpoint_exhausted,0,0,0,shanghai,ssh_eip_shanghai,deep_shanghai,9341,5,complete,GK2026D1,,
2026-08-25T02:27:50,reply,6a25248300000000350207f4,6a25e047000000002b000507,complete,endpoint_exhausted,0,0,0,shanghai,ssh_eip_shanghai,deep_shanghai,9341,5,complete,GK2026D1,,
2026-08-25T02:27:50,reply,6a25248300000000350207f4,6a25ca36000000000d022c00,complete,endpoint_exhausted,0,0,0,shanghai,ssh_eip_shanghai,deep_shanghai,9341,5,complete,GK2026D1,,
2026-08-25T02:27:50,reply,6a25248300000000350207f4,6a25c4c2000000002701630b,complete,endpoint_exhausted,0,0,0,shanghai,ssh_eip_shanghai,deep_shanghai,9341,5,complete,GK2026D1,,
2026-08-25T02:27:50,reply,6a25248300000000350207f4,6a25c09f0000000029024f9f,complete,endpoint_exhausted,0,0,0,shanghai,ssh_eip_shanghai,deep_shanghai,9341,5,complete,GK2026D1,,
2026-08-25T02:28:07,reply,6a25248300000000350207f4,6a25bdd700000000280357dc,complete,endpoint_exhausted,0,0,0,shanghai,ssh_eip_shanghai,deep_shanghai,9341,5,complete,GK2026D1,,
2026-08-25T02:28:07,reply,6a25248300000000350207f4,6a25bc07000000002803b548,complete,endpoint_exhausted,0,0,0,shanghai,ssh_eip_shanghai,deep_shanghai,9341,5,complete,GK2026D1,,
2026-08-25T02:28:07,reply,6a25248300000000350207f4,6a25b5e7000000002800bcbe,complete,endpoint_exhausted,0,0,0,shanghai,ssh_eip_shanghai,deep_shanghai,9341,5,complete,GK2026D1,,
2026-08-25T02:28:07,reply,6a25248300000000350207f4,6a25b0e7000000002803ea8e,complete,endpoint_exhausted,0,0,0,shanghai,ssh_eip_shanghai,deep_shanghai,9341,5,complete,GK2026D1,,
2026-08-25T02:28:07,reply,6a25248300000000350207f4,6a25b0a7000000002803e680,complete,endpoint_exhausted,0,0,0,shanghai,ssh_eip_shanghai,deep_shanghai,9341,5,complete,GK2026D1,,
2026-08-25T02:28:07,reply,6a25248300000000350207f4,6a25ab30000000002702823a,complete,endpoint_exhausted,0,0,0,shanghai,ssh_eip_shanghai,deep_shanghai,9341,5,complete,GK2026D1,,
2026-08-25T02:28:07,reply,6a25248300000000350207f4,6a25a08b000000000d021402,complete,endpoint_exhausted,0,0,0,shanghai,ssh_eip_shanghai,deep_shanghai,9341,5,complete,GK2026D1,,
2026-08-25T02:28:07,reply,6a25248300000000350207f4,6a259fa3000000002a02df6b,complete,endpoint_exhausted,0,0,0,shanghai,ssh_eip_shanghai,deep_shanghai,9341,5,complete,GK2026D1,,
2026-08-25T02:28:07,reply,6a25248300000000350207f4,6a25935e000000002900dc4a,complete,endpoint_exhausted,0,0,0,shanghai,ssh_eip_shanghai,deep_shanghai,9341,5,complete,GK2026D1,,
2026-08-25T02:28:07,reply,6a25248300000000350207f4,6a259218000000002a0254b5,complete,endpoint_exhausted,0,1,1,shanghai,ssh_eip_shanghai,deep_shanghai,9341,5,complete,GK2026D1,,
2026-08-25T02:28:23,reply,6a25248300000000350207f4,6a258e20000000002901008a,complete,endpoint_exhausted,0,0,0,shanghai,ssh_eip_shanghai,deep_shanghai,9341,5,complete,GK2026D1,,
2026-08-25T02:28:23,reply,6a25248300000000350207f4,6a258b560000000028033977,complete,endpoint_exhausted,0,0,0,shanghai,ssh_eip_shanghai,deep_shanghai,9341,5,complete,GK2026D1,,
2026-08-25T02:28:23,reply,6a25248300000000350207f4,6a258923000000002a02f67c,complete,endpoint_exhausted,0,0,0,shanghai,ssh_eip_shanghai,deep_shanghai,9341,5,complete,GK2026D1,,
2026-08-25T02:28:23,reply,6a25248300000000350207f4,6a3df113000000002b00071f,complete,endpoint_exhausted,0,0,0,shanghai,ssh_eip_shanghai,deep_shanghai,9341,5,complete,GK2026D1,,
2026-08-25T02:28:23,reply,6a25248300000000350207f4,6a27d2150000000028032984,complete,endpoint_exhausted,0,1,1,shanghai,ssh_eip_shanghai,deep_shanghai,9341,5,complete,GK2026D1,,
2026-08-25T02:28:23,reply,6a25248300000000350207f4,6a27c564000000002701f750,complete,endpoint_exhausted,0,0,0,shanghai,ssh_eip_shanghai,deep_shanghai,9341,5,complete,GK2026D1,,
2026-08-25T02:28:23,reply,6a25248300000000350207f4,6a27956b0000000029013f18,complete,endpoint_exhausted,0,0,0,shanghai,ssh_eip_shanghai,deep_shanghai,9341,5,complete,GK2026D1,,
2026-08-25T02:28:23,reply,6a25248300000000350207f4,6a2693c3000000002702127f,complete,endpoint_exhausted,0,1,1,shanghai,ssh_eip_shanghai,deep_shanghai,9341,5,complete,GK2026D1,,
2026-08-25T02:28:23,reply,6a25248300000000350207f4,6a266c50000000002701cb64,complete,endpoint_exhausted,0,0,0,shanghai,ssh_eip_shanghai,deep_shanghai,9341,5,complete,GK2026D1,,
2026-08-25T02:28:23,reply,6a25248300000000350207f4,6a265118000000002b02ad51,complete,endpoint_exhausted,0,0,0,shanghai,ssh_eip_shanghai,deep_shanghai,9341,5,complete,GK2026D1,,
2026-08-25T02:28:40,reply,6a25248300000000350207f4,6a264ccb000000002b00302b,complete,endpoint_exhausted,0,0,0,shanghai,ssh_eip_shanghai,deep_shanghai,9341,5,complete,GK2026D1,,
2026-08-25T02:28:40,reply,6a25248300000000350207f4,6a264b78000000002902c655,complete,endpoint_exhausted,0,0,0,shanghai,ssh_eip_shanghai,deep_shanghai,9341,5,complete,GK2026D1,,
2026-08-25T02:28:40,reply,6a25248300000000350207f4,6a2649b90000000028032798,complete,endpoint_exhausted,0,0,0,shanghai,ssh_eip_shanghai,deep_shanghai,9341,5,complete,GK2026D1,,
2026-08-25T02:28:40,reply,6a25248300000000350207f4,6a2649520000000028034538,complete,endpoint_exhausted,0,0,0,shanghai,ssh_eip_shanghai,deep_shanghai,9341,5,complete,GK2026D1,,
2026-08-25T02:28:40,reply,6a25248300000000350207f4,6a263fcb000000002a03281e,complete,endpoint_exhausted,0,0,0,shanghai,ssh_eip_shanghai,deep_shanghai,9341,5,complete,GK2026D1,,
2026-08-25T02:28:40,reply,6a25248300000000350207f4,6a262f69000000002a0062c8,complete,endpoint_exhausted,0,0,0,shanghai,ssh_eip_shanghai,deep_shanghai,9341,5,complete,GK2026D1,,
2026-08-25T02:28:40,reply,6a25248300000000350207f4,6a262c5c000000002803e02e,complete,endpoint_exhausted,0,0,0,shanghai,ssh_eip_shanghai,deep_shanghai,9341,5,complete,GK2026D1,,
2026-08-25T02:28:40,reply,6a25248300000000350207f4,6a26213e000000002a0062fe,complete,endpoint_exhausted,0,0,0,shanghai,ssh_eip_shanghai,deep_shanghai,9341,5,complete,GK2026D1,,
2026-08-25T02:28:40,reply,6a25248300000000350207f4,6a261ac1000000002a02f88b,complete,endpoint_exhausted,0,0,0,shanghai,ssh_eip_shanghai,deep_shanghai,9341,5,complete,GK2026D1,,
2026-08-25T02:28:40,reply,6a25248300000000350207f4,6a26156e000000002b003572,complete,endpoint_exhausted,0,0,0,shanghai,ssh_eip_shanghai,deep_shanghai,9341,5,complete,GK2026D1,,
2026-08-25T02:28:56,reply,6a25248300000000350207f4,6a25f9d3000000002901955b,complete,endpoint_exhausted,0,0,0,shanghai,ssh_eip_shanghai,deep_shanghai,9341,5,complete,GK2026D1,,
2026-08-25T02:28:56,reply,6a25248300000000350207f4,6a25f4fd000000002701f672,complete,endpoint_exhausted,0,0,0,shanghai,ssh_eip_shanghai,deep_shanghai,9341,5,complete,GK2026D1,,
2026-08-25T02:28:56,reply,6a25248300000000350207f4,6a25a842000000002902da4d,complete,endpoint_exhausted,0,0,0,shanghai,ssh_eip_shanghai,deep_shanghai,9341,5,complete,GK2026D1,,
2026-08-25T02:28:56,reply,6a25248300000000350207f4,6a25a7a1000000002902d03c,complete,endpoint_exhausted,0,0,0,shanghai,ssh_eip_shanghai,deep_shanghai,9341,5,complete,GK2026D1,,
2026-08-25T02:28:56,reply,6a25248300000000350207f4,6a2539b8000000002a0249ab,complete,endpoint_exhausted,0,0,0,shanghai,ssh_eip_shanghai,deep_shanghai,9341,5,complete,GK2026D1,,
2026-08-25T02:28:56,top_level,6a25248300000000350207f4,,complete,endpoint_exhausted,31,305,,shanghai,ssh_eip_shanghai,deep_shanghai,9341,5,complete,GK2026D1,True,
2026-08-25T02:39:49,reply,6a25003a000000001503c8ce,6a2648c5000000002901b58f,complete,endpoint_exhausted,0,1,1,shanghai,ssh_eip_shanghai,deep_shanghai,9341,6,complete,GK2026D1,,
2026-08-25T02:39:49,reply,6a25003a000000001503c8ce,6a263549000000002b02af41,complete,endpoint_exhausted,0,1,1,shanghai,ssh_eip_shanghai,deep_shanghai,9341,6,complete,GK2026D1,,
2026-08-25T02:39:49,reply,6a25003a000000001503c8ce,6a2632e3000000002b001db4,complete,endpoint_exhausted,0,1,1,shanghai,ssh_eip_shanghai,deep_shanghai,9341,6,complete,GK2026D1,,
2026-08-25T02:39:49,reply,6a25003a000000001503c8ce,6a2632b1000000002900ea0c,complete,endpoint_exhausted,0,1,1,shanghai,ssh_eip_shanghai,deep_shanghai,9341,6,complete,GK2026D1,,
2026-08-25T02:39:49,reply,6a25003a000000001503c8ce,6a261f1d00000000270174aa,complete,endpoint_exhausted,0,1,1,shanghai,ssh_eip_shanghai,deep_shanghai,9341,6,complete,GK2026D1,,
2026-08-25T02:39:49,reply,6a25003a000000001503c8ce,6a261695000000002a02fc26,complete,endpoint_exhausted,0,1,1,shanghai,ssh_eip_shanghai,deep_shanghai,9341,6,complete,GK2026D1,,
2026-08-25T02:39:49,reply,6a25003a000000001503c8ce,6a261634000000002a0314fe,complete,endpoint_exhausted,0,1,1,shanghai,ssh_eip_shanghai,deep_shanghai,9341,6,complete,GK2026D1,,
2026-08-25T02:39:49,reply,6a25003a000000001503c8ce,6a260df50000000028033dfb,complete,endpoint_exhausted,0,1,1,shanghai,ssh_eip_shanghai,deep_shanghai,9341,6,complete,GK2026D1,,
2026-08-25T02:39:49,reply,6a25003a000000001503c8ce,6a25ffdc0000000029012dfb,complete,endpoint_exhausted,0,1,1,shanghai,ssh_eip_shanghai,deep_shanghai,9341,6,complete,GK2026D1,,
2026-08-25T02:39:49,reply,6a25003a000000001503c8ce,6a25f556000000002900eade,complete,endpoint_exhausted,0,1,1,shanghai,ssh_eip_shanghai,deep_shanghai,9341,6,complete,GK2026D1,,
2026-08-25T02:40:06,reply,6a25003a000000001503c8ce,6a2797dd000000002a02df72,complete,endpoint_exhausted,0,0,0,shanghai,ssh_eip_shanghai,deep_shanghai,9341,6,complete,GK2026D1,,
2026-08-25T02:40:06,reply,6a25003a000000001503c8ce,6a277d9300000000290198bc,complete,endpoint_exhausted,0,0,0,shanghai,ssh_eip_shanghai,deep_shanghai,9341,6,complete,GK2026D1,,
2026-08-25T02:40:06,reply,6a25003a000000001503c8ce,6a275c5400000000290118b1,complete,endpoint_exhausted,0,0,0,shanghai,ssh_eip_shanghai,deep_shanghai,9341,6,complete,GK2026D1,,
2026-08-25T02:40:06,reply,6a25003a000000001503c8ce,6a26e8b1000000002a005972,complete,endpoint_exhausted,0,0,0,shanghai,ssh_eip_shanghai,deep_shanghai,9341,6,complete,GK2026D1,,
2026-08-25T02:40:06,reply,6a25003a000000001503c8ce,6a26e836000000002803cdad,complete,endpoint_exhausted,0,0,0,shanghai,ssh_eip_shanghai,deep_shanghai,9341,6,complete,GK2026D1,,
2026-08-25T02:40:06,reply,6a25003a000000001503c8ce,6a26e4a2000000002a03325d,complete,endpoint_exhausted,0,0,0,shanghai,ssh_eip_shanghai,deep_shanghai,9341,6,complete,GK2026D1,,
2026-08-25T02:40:06,reply,6a25003a000000001503c8ce,6a26e2ae000000002701775d,complete,endpoint_exhausted,0,0,0,shanghai,ssh_eip_shanghai,deep_shanghai,9341,6,complete,GK2026D1,,
2026-08-25T02:40:06,reply,6a25003a000000001503c8ce,6a26e2080000000029013e75,complete,endpoint_exhausted,0,0,0,shanghai,ssh_eip_shanghai,deep_shanghai,9341,6,complete,GK2026D1,,
2026-08-25T02:40:06,reply,6a25003a000000001503c8ce,6a26e0cc000000002701e915,complete,endpoint_exhausted,0,0,0,shanghai,ssh_eip_shanghai,deep_shanghai,9341,6,complete,GK2026D1,,
2026-08-25T02:40:06,reply,6a25003a000000001503c8ce,6a26dfb1000000002702a437,complete,endpoint_exhausted,0,0,0,shanghai,ssh_eip_shanghai,deep_shanghai,9341,6,complete,GK2026D1,,
2026-08-25T02:40:22,reply,6a25003a000000001503c8ce,6a26dcc3000000002900d82b,complete,endpoint_exhausted,0,0,0,shanghai,ssh_eip_shanghai,deep_shanghai,9341,6,complete,GK2026D1,,
2026-08-25T02:40:22,reply,6a25003a000000001503c8ce,6a26d64300000000280389d6,complete,endpoint_exhausted,0,0,0,shanghai,ssh_eip_shanghai,deep_shanghai,9341,6,complete,GK2026D1,,
2026-08-25T02:40:22,reply,6a25003a000000001503c8ce,6a26af31000000002901130f,complete,endpoint_exhausted,0,0,0,shanghai,ssh_eip_shanghai,deep_shanghai,9341,6,complete,GK2026D1,,
2026-08-25T02:40:22,reply,6a25003a000000001503c8ce,6a26a7e6000000002803531e,complete,endpoint_exhausted,0,0,0,shanghai,ssh_eip_shanghai,deep_shanghai,9341,6,complete,GK2026D1,,
2026-08-25T02:40:22,reply,6a25003a000000001503c8ce,6a2693c1000000002702be3b,complete,endpoint_exhausted,0,0,0,shanghai,ssh_eip_shanghai,deep_shanghai,9341,6,complete,GK2026D1,,
2026-08-25T02:40:22,reply,6a25003a000000001503c8ce,6a267e2e000000002803ca17,complete,endpoint_exhausted,0,0,0,shanghai,ssh_eip_shanghai,deep_shanghai,9341,6,complete,GK2026D1,,
2026-08-25T02:40:22,reply,6a25003a000000001503c8ce,6a25f3fb000000002803f9e3,complete,endpoint_exhausted,0,1,1,shanghai,ssh_eip_shanghai,deep_shanghai,9341,6,complete,GK2026D1,,
2026-08-25T02:40:22,reply,6a25003a000000001503c8ce,6a25f24a000000002701d8ae,complete,endpoint_exhausted,0,1,1,shanghai,ssh_eip_shanghai,deep_shanghai,9341,6,complete,GK2026D1,,
2026-08-25T02:40:22,reply,6a25003a000000001503c8ce,6a2573bb000000002803711d,complete,endpoint_exhausted,0,1,1,shanghai,ssh_eip_shanghai,deep_shanghai,9341,6,complete,GK2026D1,,
2026-08-25T02:40:22,reply,6a25003a000000001503c8ce,6a257289000000002900c479,complete,endpoint_exhausted,0,1,1,shanghai,ssh_eip_shanghai,deep_shanghai,9341,6,complete,GK2026D1,,
2026-08-25T02:40:39,reply,6a25003a000000001503c8ce,6a255e73000000002803befb,complete,endpoint_exhausted,0,1,1,shanghai,ssh_eip_shanghai,deep_shanghai,9341,6,complete,GK2026D1,,
2026-08-25T02:40:39,reply,6a25003a000000001503c8ce,6a2501db000000002803d071,complete,endpoint_exhausted,0,0,0,shanghai,ssh_eip_shanghai,deep_shanghai,9341,6,complete,GK2026D1,,
2026-08-25T02:40:39,reply,6a25003a000000001503c8ce,6a2500c20000000027017b78,complete,endpoint_exhausted,0,1,1,shanghai,ssh_eip_shanghai,deep_shanghai,9341,6,complete,GK2026D1,,
2026-08-25T02:40:39,reply,6a25003a000000001503c8ce,6a2500be0000000029027954,complete,endpoint_exhausted,0,1,1,shanghai,ssh_eip_shanghai,deep_shanghai,9341,6,complete,GK2026D1,,
2026-08-25T02:40:39,reply,6a25003a000000001503c8ce,6a26e0fb000000002702e554,complete,endpoint_exhausted,0,0,0,shanghai,ssh_eip_shanghai,deep_shanghai,9341,6,complete,GK2026D1,,
2026-08-25T02:40:39,reply,6a25003a000000001503c8ce,6a26d3c40000000028031144,complete,endpoint_exhausted,0,0,0,shanghai,ssh_eip_shanghai,deep_shanghai,9341,6,complete,GK2026D1,,
2026-08-25T02:40:39,top_level,6a25003a000000001503c8ce,,complete,endpoint_exhausted,4,36,,shanghai,ssh_eip_shanghai,deep_shanghai,9341,6,complete,GK2026D1,True,
2026-08-25T03:21:31,top_level,6a2397e700000000070280e1,,complete,endpoint_exhausted,1,0,,shanghai,ssh_eip_shanghai,deep_shanghai,9341,7,complete,GK2026D1,True,
2026-08-25T03:32:23,reply,6a2541b6000000002202f9c3,6a2547d4000000002a004a38,complete,endpoint_exhausted,0,0,0,shanghai,ssh_eip_shanghai,deep_shanghai,9341,8,complete,GK2026D1,,
2026-08-25T03:32:23,top_level,6a2541b6000000002202f9c3,,complete,endpoint_exhausted,1,1,,shanghai,ssh_eip_shanghai,deep_shanghai,9341,8,complete,GK2026D1,True,
2026-08-25T03:43:16,top_level,6a23cc8e0000000021020a54,,complete,endpoint_exhausted,1,0,,shanghai,ssh_eip_shanghai,deep_shanghai,9341,9,complete,GK2026D1,True,
2026-08-25T03:54:08,top_level,6a24ca5a000000001702d07a,,complete,endpoint_exhausted,1,0,,shanghai,ssh_eip_shanghai,deep_shanghai,9341,10,complete,GK2026D1,True,
2026-08-25T04:04:59,reply,6a236f51000000002202c100,6a26043d000000002a033bee,complete,endpoint_exhausted,0,0,0,shanghai,ssh_eip_shanghai,deep_shanghai,9341,11,complete,GK2026D1,,
2026-08-25T04:04:59,top_level,6a236f51000000002202c100,,complete,endpoint_exhausted,1,1,,shanghai,ssh_eip_shanghai,deep_shanghai,9341,11,complete,GK2026D1,True,
2026-08-25T04:17:27,reply,6a251d38000000001503e78a,6a256859000000002902e47c,complete,endpoint_exhausted,6,29,29,shanghai,ssh_eip_shanghai,deep_shanghai,9341,12,complete,GK2026D1,,
2026-08-25T04:17:59,reply,6a251d38000000001503e78a,6a254f630000000029027001,complete,endpoint_exhausted,2,8,8,shanghai,ssh_eip_shanghai,deep_shanghai,9341,12,complete,GK2026D1,,
2026-08-25T04:18:31,reply,6a251d38000000001503e78a,6a257ca6000000002b02a852,complete,endpoint_exhausted,2,7,7,shanghai,ssh_eip_shanghai,deep_shanghai,9341,12,complete,GK2026D1,,
2026-08-25T04:19:04,reply,6a251d38000000001503e78a,6a260f7e000000002800b3f3,complete,endpoint_exhausted,2,8,8,shanghai,ssh_eip_shanghai,deep_shanghai,9341,12,complete,GK2026D1,,
2026-08-25T04:19:04,reply,6a251d38000000001503e78a,6a2572650000000029012650,complete,endpoint_exhausted,0,1,1,shanghai,ssh_eip_shanghai,deep_shanghai,9341,12,complete,GK2026D1,,
2026-08-25T04:19:04,reply,6a251d38000000001503e78a,6a257e9b000000002702ea42,complete,endpoint_exhausted,0,0,0,shanghai,ssh_eip_shanghai,deep_shanghai,9341,12,complete,GK2026D1,,
2026-08-25T04:19:20,reply,6a251d38000000001503e78a,6a258e98000000000d023002,complete,endpoint_exhausted,1,2,2,shanghai,ssh_eip_shanghai,deep_shanghai,9341,12,complete,GK2026D1,,
2026-08-25T04:19:20,reply,6a251d38000000001503e78a,6a294ce2000000002b02761f,complete,endpoint_exhausted,0,0,0,shanghai,ssh_eip_shanghai,deep_shanghai,9341,12,complete,GK2026D1,,
2026-08-25T04:19:20,reply,6a251d38000000001503e78a,6a25568c0000000028036355,complete,endpoint_exhausted,0,0,0,shanghai,ssh_eip_shanghai,deep_shanghai,9341,12,complete,GK2026D1,,
2026-08-25T04:19:20,reply,6a251d38000000001503e78a,6a258668000000002a0059f3,complete,endpoint_exhausted,0,0,0,shanghai,ssh_eip_shanghai,deep_shanghai,9341,12,complete,GK2026D1,,
2026-08-25T04:19:36,reply,6a251d38000000001503e78a,6a3e8cba000000000802f0ea,complete,endpoint_exhausted,0,0,0,shanghai,ssh_eip_shanghai,deep_shanghai,9341,12,complete,GK2026D1,,
2026-08-25T04:19:36,reply,6a251d38000000001503e78a,6a25ba9c000000002803a4a4,complete,endpoint_exhausted,0,0,0,shanghai,ssh_eip_shanghai,deep_shanghai,9341,12,complete,GK2026D1,,
2026-08-25T04:19:36,reply,6a251d38000000001503e78a,6a25e64d000000002900f34a,complete,endpoint_exhausted,0,1,1,shanghai,ssh_eip_shanghai,deep_shanghai,9341,12,complete,GK2026D1,,
2026-08-25T04:19:52,reply,6a251d38000000001503e78a,6a26124c000000002803466e,complete,endpoint_exhausted,1,2,2,shanghai,ssh_eip_shanghai,deep_shanghai,9341,12,complete,GK2026D1,,
2026-08-25T04:19:52,reply,6a251d38000000001503e78a,6a2572170000000029027ccb,complete,endpoint_exhausted,0,0,0,shanghai,ssh_eip_shanghai,deep_shanghai,9341,12,complete,GK2026D1,,
2026-08-25T04:19:52,reply,6a251d38000000001503e78a,6a5b1ad20000000015008f0b,complete,endpoint_exhausted,0,0,0,shanghai,ssh_eip_shanghai,deep_shanghai,9341,12,complete,GK2026D1,,
2026-08-25T04:19:52,reply,6a251d38000000001503e78a,6a251df1000000002900d946,complete,endpoint_exhausted,0,0,0,shanghai,ssh_eip_shanghai,deep_shanghai,9341,12,complete,GK2026D1,,
2026-08-25T04:19:52,reply,6a251d38000000001503e78a,6a25a8b20000000028009264,complete,endpoint_exhausted,0,0,0,shanghai,ssh_eip_shanghai,deep_shanghai,9341,12,complete,GK2026D1,,
2026-08-25T04:19:52,reply,6a251d38000000001503e78a,6a2576f1000000002a02cda2,complete,endpoint_exhausted,0,0,0,shanghai,ssh_eip_shanghai,deep_shanghai,9341,12,complete,GK2026D1,,
2026-08-25T04:19:52,reply,6a251d38000000001503e78a,6a26143c000000002b0011ff,complete,endpoint_exhausted,0,0,0,shanghai,ssh_eip_shanghai,deep_shanghai,9341,12,complete,GK2026D1,,
2026-08-25T04:20:08,reply,6a251d38000000001503e78a,6a258897000000002a0317f3,complete,endpoint_exhausted,0,0,0,shanghai,ssh_eip_shanghai,deep_shanghai,9341,12,complete,GK2026D1,,
2026-08-25T04:20:08,reply,6a251d38000000001503e78a,6a26bae5000000002a0049c7,complete,endpoint_exhausted,0,0,0,shanghai,ssh_eip_shanghai,deep_shanghai,9341,12,complete,GK2026D1,,
2026-08-25T04:20:08,reply,6a251d38000000001503e78a,6a255cf6000000002901220b,complete,endpoint_exhausted,0,0,0,shanghai,ssh_eip_shanghai,deep_shanghai,9341,12,complete,GK2026D1,,
2026-08-25T04:20:08,reply,6a251d38000000001503e78a,6a256f90000000002902c8d8,complete,endpoint_exhausted,0,1,1,shanghai,ssh_eip_shanghai,deep_shanghai,9341,12,complete,GK2026D1,,
2026-08-25T04:20:08,reply,6a251d38000000001503e78a,6a256ac90000000027028ce2,complete,endpoint_exhausted,0,0,0,shanghai,ssh_eip_shanghai,deep_shanghai,9341,12,complete,GK2026D1,,
2026-08-25T04:20:08,reply,6a251d38000000001503e78a,6a256af4000000002901347e,complete,endpoint_exhausted,0,0,0,shanghai,ssh_eip_shanghai,deep_shanghai,9341,12,complete,GK2026D1,,
2026-08-25T04:20:08,reply,6a251d38000000001503e78a,6a2a14d5000000002902e5bc,complete,endpoint_exhausted,0,0,0,shanghai,ssh_eip_shanghai,deep_shanghai,9341,12,complete,GK2026D1,,
2026-08-25T04:20:08,reply,6a251d38000000001503e78a,6a262485000000002702d3f5,complete,endpoint_exhausted,0,0,0,shanghai,ssh_eip_shanghai,deep_shanghai,9341,12,complete,GK2026D1,,
2026-08-25T04:20:08,reply,6a251d38000000001503e78a,6a28ba60000000002902ea2a,complete,endpoint_exhausted,0,0,0,shanghai,ssh_eip_shanghai,deep_shanghai,9341,12,complete,GK2026D1,,
2026-08-25T04:20:08,reply,6a251d38000000001503e78a,6a25ae750000000028030426,complete,endpoint_exhausted,0,1,1,shanghai,ssh_eip_shanghai,deep_shanghai,9341,12,complete,GK2026D1,,
2026-08-25T04:20:24,reply,6a251d38000000001503e78a,6a256c46000000000d023c00,complete,endpoint_exhausted,0,0,0,shanghai,ssh_eip_shanghai,deep_shanghai,9341,12,complete,GK2026D1,,
2026-08-25T04:20:24,reply,6a251d38000000001503e78a,6a2625d90000000028037a6f,complete,endpoint_exhausted,0,0,0,shanghai,ssh_eip_shanghai,deep_shanghai,9341,12,complete,GK2026D1,,
2026-08-25T04:20:24,reply,6a251d38000000001503e78a,6a2f94f8000000002a026021,complete,endpoint_exhausted,0,0,0,shanghai,ssh_eip_shanghai,deep_shanghai,9341,12,complete,GK2026D1,,
2026-08-25T04:20:24,reply,6a251d38000000001503e78a,6a2793a8000000002803a1dc,complete,endpoint_exhausted,0,0,0,shanghai,ssh_eip_shanghai,deep_shanghai,9341,12,complete,GK2026D1,,
2026-08-25T04:20:24,reply,6a251d38000000001503e78a,6a256741000000002702a63d,complete,endpoint_exhausted,0,0,0,shanghai,ssh_eip_shanghai,deep_shanghai,9341,12,complete,GK2026D1,,
2026-08-25T04:20:24,reply,6a251d38000000001503e78a,6a42627a00000000150172c6,complete,endpoint_exhausted,0,0,0,shanghai,ssh_eip_shanghai,deep_shanghai,9341,12,complete,GK2026D1,,
2026-08-25T04:20:24,reply,6a251d38000000001503e78a,6a2beb94000000002900c83e,complete,endpoint_exhausted,0,0,0,shanghai,ssh_eip_shanghai,deep_shanghai,9341,12,complete,GK2026D1,,
2026-08-25T04:20:24,reply,6a251d38000000001503e78a,6a27d370000000002701500e,complete,endpoint_exhausted,0,0,0,shanghai,ssh_eip_shanghai,deep_shanghai,9341,12,complete,GK2026D1,,
2026-08-25T04:20:24,reply,6a251d38000000001503e78a,6a26215e000000002800a7d7,complete,endpoint_exhausted,0,0,0,shanghai,ssh_eip_shanghai,deep_shanghai,9341,12,complete,GK2026D1,,
2026-08-25T04:20:24,reply,6a251d38000000001503e78a,6a261620000000002702ea8e,complete,endpoint_exhausted,0,0,0,shanghai,ssh_eip_shanghai,deep_shanghai,9341,12,complete,GK2026D1,,
2026-08-25T04:20:41,reply,6a251d38000000001503e78a,6a2614a1000000000d022800,complete,endpoint_exhausted,0,0,0,shanghai,ssh_eip_shanghai,deep_shanghai,9341,12,complete,GK2026D1,,
2026-08-25T04:20:41,reply,6a251d38000000001503e78a,6a25b2de000000002702cd6c,complete,endpoint_exhausted,0,0,0,shanghai,ssh_eip_shanghai,deep_shanghai,9341,12,complete,GK2026D1,,
2026-08-25T04:20:41,reply,6a251d38000000001503e78a,6a25acdc0000000027020b86,complete,endpoint_exhausted,0,0,0,shanghai,ssh_eip_shanghai,deep_shanghai,9341,12,complete,GK2026D1,,
2026-08-25T04:20:41,reply,6a251d38000000001503e78a,6a2584cd0000000029012891,complete,endpoint_exhausted,0,0,0,shanghai,ssh_eip_shanghai,deep_shanghai,9341,12,complete,GK2026D1,,
2026-08-25T04:20:41,reply,6a251d38000000001503e78a,6a258454000000002701ed87,complete,endpoint_exhausted,0,0,0,shanghai,ssh_eip_shanghai,deep_shanghai,9341,12,complete,GK2026D1,,
2026-08-25T04:20:41,reply,6a251d38000000001503e78a,6a256f72000000002803b003,complete,endpoint_exhausted,0,0,0,shanghai,ssh_eip_shanghai,deep_shanghai,9341,12,complete,GK2026D1,,
2026-08-25T04:20:41,reply,6a251d38000000001503e78a,6a256f35000000002702ac2e,complete,endpoint_exhausted,0,0,0,shanghai,ssh_eip_shanghai,deep_shanghai,9341,12,complete,GK2026D1,,
2026-08-25T04:20:41,reply,6a251d38000000001503e78a,6a2560df000000002900e028,complete,endpoint_exhausted,0,0,0,shanghai,ssh_eip_shanghai,deep_shanghai,9341,12,complete,GK2026D1,,
2026-08-25T04:21:29,reply,6a251d38000000001503e78a,6a252485000000002b002206,complete,endpoint_exhausted,3,16,16,shanghai,ssh_eip_shanghai,deep_shanghai,9341,12,complete,GK2026D1,,
2026-08-25T04:23:54,reply,6a251d38000000001503e78a,6a254a6d000000002902da01,complete,endpoint_exhausted,9,43,43,shanghai,ssh_eip_shanghai,deep_shanghai,9341,12,complete,GK2026D1,,
2026-08-25T04:24:26,reply,6a251d38000000001503e78a,6a255c4b0000000028033b2b,complete,endpoint_exhausted,1,2,2,shanghai,ssh_eip_shanghai,deep_shanghai,9341,12,complete,GK2026D1,,
2026-08-25T04:24:42,reply,6a251d38000000001503e78a,6a255a66000000002702d794,complete,endpoint_exhausted,1,4,4,shanghai,ssh_eip_shanghai,deep_shanghai,9341,12,complete,GK2026D1,,
2026-08-25T04:24:42,reply,6a251d38000000001503e78a,6a257ff2000000002701d5c3,complete,endpoint_exhausted,0,1,1,shanghai,ssh_eip_shanghai,deep_shanghai,9341,12,complete,GK2026D1,,
2026-08-25T04:24:42,reply,6a251d38000000001503e78a,6a2561a7000000002902dbf5,complete,endpoint_exhausted,0,0,0,shanghai,ssh_eip_shanghai,deep_shanghai,9341,12,complete,GK2026D1,,
2026-08-25T04:24:42,reply,6a251d38000000001503e78a,6a2ab74200000000290244ee,complete,endpoint_exhausted,0,0,0,shanghai,ssh_eip_shanghai,deep_shanghai,9341,12,complete,GK2026D1,,
2026-08-25T04:24:42,reply,6a251d38000000001503e78a,6a2a5eac000000002701d761,complete,endpoint_exhausted,0,0,0,shanghai,ssh_eip_shanghai,deep_shanghai,9341,12,complete,GK2026D1,,
2026-08-25T04:24:42,reply,6a251d38000000001503e78a,6a26bc6f000000002902fbb5,complete,endpoint_exhausted,0,0,0,shanghai,ssh_eip_shanghai,deep_shanghai,9341,12,complete,GK2026D1,,
2026-08-25T04:24:42,reply,6a251d38000000001503e78a,6a260e49000000002901aa75,complete,endpoint_exhausted,0,0,0,shanghai,ssh_eip_shanghai,deep_shanghai,9341,12,complete,GK2026D1,,
2026-08-25T04:24:42,reply,6a251d38000000001503e78a,6a2605a80000000028038554,complete,endpoint_exhausted,0,0,0,shanghai,ssh_eip_shanghai,deep_shanghai,9341,12,complete,GK2026D1,,
2026-08-25T04:24:42,reply,6a251d38000000001503e78a,6a25fbd200000000280387cb,complete,endpoint_exhausted,0,0,0,shanghai,ssh_eip_shanghai,deep_shanghai,9341,12,complete,GK2026D1,,
2026-08-25T04:24:59,reply,6a251d38000000001503e78a,6a25bc8b000000002a0073d6,complete,endpoint_exhausted,0,0,0,shanghai,ssh_eip_shanghai,deep_shanghai,9341,12,complete,GK2026D1,,
2026-08-25T04:24:59,reply,6a251d38000000001503e78a,6a258798000000002701efc2,complete,endpoint_exhausted,0,0,0,shanghai,ssh_eip_shanghai,deep_shanghai,9341,12,complete,GK2026D1,,
2026-08-25T04:24:59,reply,6a251d38000000001503e78a,6a257c8b000000002a02eaa7,complete,endpoint_exhausted,0,0,0,shanghai,ssh_eip_shanghai,deep_shanghai,9341,12,complete,GK2026D1,,
2026-08-25T04:24:59,reply,6a251d38000000001503e78a,6a25725f000000002803020f,complete,endpoint_exhausted,0,0,0,shanghai,ssh_eip_shanghai,deep_shanghai,9341,12,complete,GK2026D1,,
2026-08-25T04:24:59,reply,6a251d38000000001503e78a,6a256f61000000002803ab64,complete,endpoint_exhausted,0,0,0,shanghai,ssh_eip_shanghai,deep_shanghai,9341,12,complete,GK2026D1,,
2026-08-25T04:24:59,reply,6a251d38000000001503e78a,6a25627c0000000028034ba0,complete,endpoint_exhausted,0,0,0,shanghai,ssh_eip_shanghai,deep_shanghai,9341,12,complete,GK2026D1,,
2026-08-25T04:24:59,reply,6a251d38000000001503e78a,6a256185000000002800bd7d,complete,endpoint_exhausted,0,1,1,shanghai,ssh_eip_shanghai,deep_shanghai,9341,12,complete,GK2026D1,,
2026-08-25T04:24:59,reply,6a251d38000000001503e78a,6a2527620000000027015e56,complete,endpoint_exhausted,0,0,0,shanghai,ssh_eip_shanghai,deep_shanghai,9341,12,complete,GK2026D1,,
2026-08-25T04:24:59,reply,6a251d38000000001503e78a,6a26da1f0000000029035803,complete,endpoint_exhausted,0,0,0,shanghai,ssh_eip_shanghai,deep_shanghai,9341,12,complete,GK2026D1,,
2026-08-25T04:24:59,reply,6a251d38000000001503e78a,6a266520000000002b000591,complete,endpoint_exhausted,0,0,0,shanghai,ssh_eip_shanghai,deep_shanghai,9341,12,complete,GK2026D1,,
2026-08-25T04:25:15,reply,6a251d38000000001503e78a,6a258a840000000029025efb,complete,endpoint_exhausted,0,0,0,shanghai,ssh_eip_shanghai,deep_shanghai,9341,12,complete,GK2026D1,,
2026-08-25T04:25:15,top_level,6a251d38000000001503e78a,,complete,endpoint_exhausted,8,71,,shanghai,ssh_eip_shanghai,deep_shanghai,9341,12,complete,GK2026D1,True,
2026-08-25T05:06:05,reply,6a2697070000000020038e20,6a27e65e000000002b003bd9,complete,endpoint_exhausted,0,0,0,shanghai,ssh_eip_shanghai,deep_shanghai,9341,13,complete,GK2026D1,,
2026-08-25T05:06:05,reply,6a2697070000000020038e20,6a26982e0000000029010f50,complete,endpoint_exhausted,0,0,0,shanghai,ssh_eip_shanghai,deep_shanghai,9341,13,complete,GK2026D1,,
2026-08-25T05:06:05,top_level,6a2697070000000020038e20,,complete,endpoint_exhausted,1,2,,shanghai,ssh_eip_shanghai,deep_shanghai,9341,13,complete,GK2026D1,True,
2026-08-25T05:16:57,top_level,6a2425a6000000001503c357,,complete,endpoint_exhausted,1,0,,shanghai,ssh_eip_shanghai,deep_shanghai,9341,14,complete,GK2026D1,True,
2026-08-25T05:27:48,top_level,6a2392500000000008030077,,complete,endpoint_exhausted,1,0,,shanghai,ssh_eip_shanghai,deep_shanghai,9341,15,complete,GK2026D1,True,
2026-08-25T05:45:21,reply,6a26b710000000001503cf9f,6a26cabf000000002702b298,complete,endpoint_exhausted,25,123,123,shanghai,ssh_eip_shanghai,deep_shanghai,9341,16,complete,GK2026D1,,
2026-08-25T05:47:30,reply,6a26b710000000001503cf9f,6a274b880000000028008271,complete,endpoint_exhausted,8,41,41,shanghai,ssh_eip_shanghai,deep_shanghai,9341,16,complete,GK2026D1,,
2026-08-25T05:52:52,reply,6a26b710000000001503cf9f,6a275ee4000000002900c8fc,complete,endpoint_exhausted,20,99,99,shanghai,ssh_eip_shanghai,deep_shanghai,9341,16,complete,GK2026D1,,
2026-08-25T05:53:40,reply,6a26b710000000001503cf9f,6a2795d4000000002701de09,complete,endpoint_exhausted,3,16,16,shanghai,ssh_eip_shanghai,deep_shanghai,9341,16,complete,GK2026D1,,
2026-08-25T05:54:12,reply,6a26b710000000001503cf9f,6a26db7d000000002900ca81,complete,endpoint_exhausted,2,11,11,shanghai,ssh_eip_shanghai,deep_shanghai,9341,16,complete,GK2026D1,,
2026-08-25T05:55:01,reply,6a26b710000000001503cf9f,6a2796a9000000002b0249ce,complete,endpoint_exhausted,3,13,13,shanghai,ssh_eip_shanghai,deep_shanghai,9341,16,complete,GK2026D1,,
2026-08-25T05:55:17,reply,6a26b710000000001503cf9f,6a26be7d000000002803719a,complete,endpoint_exhausted,1,4,4,shanghai,ssh_eip_shanghai,deep_shanghai,9341,16,complete,GK2026D1,,
2026-08-25T05:55:33,reply,6a26b710000000001503cf9f,6a27a4190000000029037e08,complete,endpoint_exhausted,1,3,3,shanghai,ssh_eip_shanghai,deep_shanghai,9341,16,complete,GK2026D1,,
2026-08-25T05:56:05,reply,6a26b710000000001503cf9f,6a276fc1000000002803a7aa,complete,endpoint_exhausted,2,8,8,shanghai,ssh_eip_shanghai,deep_shanghai,9341,16,complete,GK2026D1,,
2026-08-25T05:56:21,reply,6a26b710000000001503cf9f,6a27733e000000002b02bfd5,complete,endpoint_exhausted,1,4,4,shanghai,ssh_eip_shanghai,deep_shanghai,9341,16,complete,GK2026D1,,
2026-08-25T05:56:37,reply,6a26b710000000001503cf9f,6a27733c000000002803c3bb,complete,endpoint_exhausted,0,0,0,shanghai,ssh_eip_shanghai,deep_shanghai,9341,16,complete,GK2026D1,,
2026-08-25T05:56:37,reply,6a26b710000000001503cf9f,6a2772ed000000002800981d,complete,endpoint_exhausted,0,0,0,shanghai,ssh_eip_shanghai,deep_shanghai,9341,16,complete,GK2026D1,,
2026-08-25T05:56:37,reply,6a26b710000000001503cf9f,6a2772a0000000002803ad5d,complete,endpoint_exhausted,0,0,0,shanghai,ssh_eip_shanghai,deep_shanghai,9341,16,complete,GK2026D1,,
2026-08-25T05:56:37,reply,6a26b710000000001503cf9f,6a277285000000002803a879,complete,endpoint_exhausted,0,0,0,shanghai,ssh_eip_shanghai,deep_shanghai,9341,16,complete,GK2026D1,,
2026-08-25T05:56:37,reply,6a26b710000000001503cf9f,6a27727b0000000029035a64,complete,endpoint_exhausted,0,0,0,shanghai,ssh_eip_shanghai,deep_shanghai,9341,16,complete,GK2026D1,,
2026-08-25T05:56:37,reply,6a26b710000000001503cf9f,6a27721e000000002a033c60,complete,endpoint_exhausted,0,0,0,shanghai,ssh_eip_shanghai,deep_shanghai,9341,16,complete,GK2026D1,,
2026-08-25T05:56:37,reply,6a26b710000000001503cf9f,6a277213000000002902de93,complete,endpoint_exhausted,0,0,0,shanghai,ssh_eip_shanghai,deep_shanghai,9341,16,complete,GK2026D1,,
2026-08-25T05:56:37,reply,6a26b710000000001503cf9f,6a27720f0000000028039209,complete,endpoint_exhausted,0,0,0,shanghai,ssh_eip_shanghai,deep_shanghai,9341,16,complete,GK2026D1,,
2026-08-25T05:56:37,reply,6a26b710000000001503cf9f,6a2771ef0000000027020b92,complete,endpoint_exhausted,0,0,0,shanghai,ssh_eip_shanghai,deep_shanghai,9341,16,complete,GK2026D1,,
2026-08-25T05:56:37,reply,6a26b710000000001503cf9f,6a2771e5000000002701695f,complete,endpoint_exhausted,0,0,0,shanghai,ssh_eip_shanghai,deep_shanghai,9341,16,complete,GK2026D1,,
2026-08-25T05:56:54,reply,6a26b710000000001503cf9f,6a27717f000000002a004c7a,complete,endpoint_exhausted,0,0,0,shanghai,ssh_eip_shanghai,deep_shanghai,9341,16,complete,GK2026D1,,
2026-08-25T05:56:54,reply,6a26b710000000001503cf9f,6a277157000000002803ec7a,complete,endpoint_exhausted,0,0,0,shanghai,ssh_eip_shanghai,deep_shanghai,9341,16,complete,GK2026D1,,
2026-08-25T05:56:54,reply,6a26b710000000001503cf9f,6a277143000000002a025738,complete,endpoint_exhausted,0,0,0,shanghai,ssh_eip_shanghai,deep_shanghai,9341,16,complete,GK2026D1,,
2026-08-25T05:56:54,reply,6a26b710000000001503cf9f,6a277132000000002902c185,complete,endpoint_exhausted,0,0,0,shanghai,ssh_eip_shanghai,deep_shanghai,9341,16,complete,GK2026D1,,
2026-08-25T05:56:54,reply,6a26b710000000001503cf9f,6a2771010000000028039f9a,complete,endpoint_exhausted,0,0,0,shanghai,ssh_eip_shanghai,deep_shanghai,9341,16,complete,GK2026D1,,
2026-08-25T05:56:54,reply,6a26b710000000001503cf9f,6a2770ff000000002a02f7b0,complete,endpoint_exhausted,0,1,1,shanghai,ssh_eip_shanghai,deep_shanghai,9341,16,complete,GK2026D1,,
2026-08-25T05:56:54,reply,6a26b710000000001503cf9f,6a2770ed00000000280082d0,complete,endpoint_exhausted,0,0,0,shanghai,ssh_eip_shanghai,deep_shanghai,9341,16,complete,GK2026D1,,
2026-08-25T05:56:54,reply,6a26b710000000001503cf9f,6a2770e9000000002902f897,complete,endpoint_exhausted,0,0,0,shanghai,ssh_eip_shanghai,deep_shanghai,9341,16,complete,GK2026D1,,
2026-08-25T05:56:54,reply,6a26b710000000001503cf9f,6a2770cf000000002900ce80,complete,endpoint_exhausted,0,0,0,shanghai,ssh_eip_shanghai,deep_shanghai,9341,16,complete,GK2026D1,,
2026-08-25T05:56:54,reply,6a26b710000000001503cf9f,6a2770b5000000002702e616,complete,endpoint_exhausted,0,0,0,shanghai,ssh_eip_shanghai,deep_shanghai,9341,16,complete,GK2026D1,,
2026-08-25T05:57:42,reply,6a26b710000000001503cf9f,6a277090000000002803cafd,complete,endpoint_exhausted,2,9,9,shanghai,ssh_eip_shanghai,deep_shanghai,9341,16,complete,GK2026D1,,
2026-08-25T05:57:42,reply,6a26b710000000001503cf9f,6a277065000000002a03053f,complete,endpoint_exhausted,0,0,0,shanghai,ssh_eip_shanghai,deep_shanghai,9341,16,complete,GK2026D1,,
2026-08-25T05:57:42,reply,6a26b710000000001503cf9f,6a27704e000000000d023000,complete,endpoint_exhausted,0,0,0,shanghai,ssh_eip_shanghai,deep_shanghai,9341,16,complete,GK2026D1,,
2026-08-25T05:57:42,reply,6a26b710000000001503cf9f,6a27703b000000002b029da6,complete,endpoint_exhausted,0,0,0,shanghai,ssh_eip_shanghai,deep_shanghai,9341,16,complete,GK2026D1,,
2026-08-25T05:57:42,reply,6a26b710000000001503cf9f,6a277021000000002a005f4b,complete,endpoint_exhausted,0,0,0,shanghai,ssh_eip_shanghai,deep_shanghai,9341,16,complete,GK2026D1,,
2026-08-25T05:57:42,reply,6a26b710000000001503cf9f,6a276ff30000000028030e0e,complete,endpoint_exhausted,0,0,0,shanghai,ssh_eip_shanghai,deep_shanghai,9341,16,complete,GK2026D1,,
2026-08-25T05:57:42,reply,6a26b710000000001503cf9f,6a276feb000000002702b057,complete,endpoint_exhausted,0,0,0,shanghai,ssh_eip_shanghai,deep_shanghai,9341,16,complete,GK2026D1,,
2026-08-25T05:58:14,reply,6a26b710000000001503cf9f,6a276fc1000000002803a7aa,complete,endpoint_exhausted,2,8,8,shanghai,ssh_eip_shanghai,deep_shanghai,9341,16,complete,GK2026D1,,
2026-08-25T05:58:14,reply,6a26b710000000001503cf9f,6a276fb8000000002a0263ad,complete,endpoint_exhausted,0,0,0,shanghai,ssh_eip_shanghai,deep_shanghai,9341,16,complete,GK2026D1,,
2026-08-25T05:58:14,reply,6a26b710000000001503cf9f,6a276f9000000000290278d5,complete,endpoint_exhausted,0,0,0,shanghai,ssh_eip_shanghai,deep_shanghai,9341,16,complete,GK2026D1,,
2026-08-25T05:58:30,reply,6a26b710000000001503cf9f,6a276f8f00000000280087bc,complete,endpoint_exhausted,0,0,0,shanghai,ssh_eip_shanghai,deep_shanghai,9341,16,complete,GK2026D1,,
2026-08-25T05:58:30,reply,6a26b710000000001503cf9f,6a276f51000000000d022801,complete,endpoint_exhausted,0,0,0,shanghai,ssh_eip_shanghai,deep_shanghai,9341,16,complete,GK2026D1,,
2026-08-25T05:58:30,reply,6a26b710000000001503cf9f,6a276ee40000000028031e86,complete,endpoint_exhausted,0,0,0,shanghai,ssh_eip_shanghai,deep_shanghai,9341,16,complete,GK2026D1,,
2026-08-25T05:58:30,reply,6a26b710000000001503cf9f,6a276ea000000000280312f1,complete,endpoint_exhausted,0,0,0,shanghai,ssh_eip_shanghai,deep_shanghai,9341,16,complete,GK2026D1,,
2026-08-25T05:58:30,reply,6a26b710000000001503cf9f,6a276e6e000000002a030554,complete,endpoint_exhausted,0,0,0,shanghai,ssh_eip_shanghai,deep_shanghai,9341,16,complete,GK2026D1,,
2026-08-25T05:58:30,reply,6a26b710000000001503cf9f,6a276e640000000029011117,complete,endpoint_exhausted,0,0,0,shanghai,ssh_eip_shanghai,deep_shanghai,9341,16,complete,GK2026D1,,
2026-08-25T05:58:30,reply,6a26b710000000001503cf9f,6a276dfb000000002b0297f0,complete,endpoint_exhausted,0,0,0,shanghai,ssh_eip_shanghai,deep_shanghai,9341,16,complete,GK2026D1,,
2026-08-25T05:58:30,reply,6a26b710000000001503cf9f,6a276dec00000000290343f8,complete,endpoint_exhausted,0,0,0,shanghai,ssh_eip_shanghai,deep_shanghai,9341,16,complete,GK2026D1,,
2026-08-25T05:58:30,reply,6a26b710000000001503cf9f,6a276dca0000000028032efd,complete,endpoint_exhausted,0,0,0,shanghai,ssh_eip_shanghai,deep_shanghai,9341,16,complete,GK2026D1,,
2026-08-25T05:58:30,reply,6a26b710000000001503cf9f,6a276c9d000000002701404e,complete,endpoint_exhausted,0,0,0,shanghai,ssh_eip_shanghai,deep_shanghai,9341,16,complete,GK2026D1,,
2026-08-25T05:58:46,reply,6a26b710000000001503cf9f,6a276c38000000002b003e30,complete,endpoint_exhausted,0,0,0,shanghai,ssh_eip_shanghai,deep_shanghai,9341,16,complete,GK2026D1,,
2026-08-25T05:58:46,reply,6a26b710000000001503cf9f,6a276ad80000000028008241,complete,endpoint_exhausted,0,1,1,shanghai,ssh_eip_shanghai,deep_shanghai,9341,16,complete,GK2026D1,,
2026-08-25T05:58:46,reply,6a26b710000000001503cf9f,6a276a92000000002b02ac70,complete,endpoint_exhausted,0,0,0,shanghai,ssh_eip_shanghai,deep_shanghai,9341,16,complete,GK2026D1,,
2026-08-25T05:58:46,reply,6a26b710000000001503cf9f,6a276926000000002701c009,complete,endpoint_exhausted,0,0,0,shanghai,ssh_eip_shanghai,deep_shanghai,9341,16,complete,GK2026D1,,
2026-08-25T05:58:46,reply,6a26b710000000001503cf9f,6a2768d1000000002803b6c6,complete,endpoint_exhausted,0,0,0,shanghai,ssh_eip_shanghai,deep_shanghai,9341,16,complete,GK2026D1,,
2026-08-25T05:58:46,reply,6a26b710000000001503cf9f,6a27686d000000002803f753,complete,endpoint_exhausted,0,0,0,shanghai,ssh_eip_shanghai,deep_shanghai,9341,16,complete,GK2026D1,,
2026-08-25T05:58:46,reply,6a26b710000000001503cf9f,6a2766830000000029035bc9,complete,endpoint_exhausted,0,0,0,shanghai,ssh_eip_shanghai,deep_shanghai,9341,16,complete,GK2026D1,,
2026-08-25T05:58:46,reply,6a26b710000000001503cf9f,6a276614000000002b0254bf,complete,endpoint_exhausted,0,0,0,shanghai,ssh_eip_shanghai,deep_shanghai,9341,16,complete,GK2026D1,,
2026-08-25T05:58:46,reply,6a26b710000000001503cf9f,6a27644d000000002902f65e,complete,endpoint_exhausted,0,0,0,shanghai,ssh_eip_shanghai,deep_shanghai,9341,16,complete,GK2026D1,,
2026-08-25T05:58:46,reply,6a26b710000000001503cf9f,6a2764220000000027015b18,complete,endpoint_exhausted,0,0,0,shanghai,ssh_eip_shanghai,deep_shanghai,9341,16,complete,GK2026D1,,
2026-08-25T05:59:03,reply,6a26b710000000001503cf9f,6a2763640000000027023758,complete,endpoint_exhausted,0,0,0,shanghai,ssh_eip_shanghai,deep_shanghai,9341,16,complete,GK2026D1,,
2026-08-25T05:59:03,reply,6a26b710000000001503cf9f,6a276329000000002803eaf4,complete,endpoint_exhausted,0,0,0,shanghai,ssh_eip_shanghai,deep_shanghai,9341,16,complete,GK2026D1,,
2026-08-25T05:59:03,reply,6a26b710000000001503cf9f,6a2762b0000000002702a004,complete,endpoint_exhausted,0,0,0,shanghai,ssh_eip_shanghai,deep_shanghai,9341,16,complete,GK2026D1,,
2026-08-25T05:59:03,reply,6a26b710000000001503cf9f,6a2762ac000000002b02850e,complete,endpoint_exhausted,0,0,0,shanghai,ssh_eip_shanghai,deep_shanghai,9341,16,complete,GK2026D1,,
2026-08-25T05:59:03,reply,6a26b710000000001503cf9f,6a27625f000000002a031d40,complete,endpoint_exhausted,0,0,0,shanghai,ssh_eip_shanghai,deep_shanghai,9341,16,complete,GK2026D1,,
2026-08-25T05:59:03,reply,6a26b710000000001503cf9f,6a27625a00000000270292b5,complete,endpoint_exhausted,0,0,0,shanghai,ssh_eip_shanghai,deep_shanghai,9341,16,complete,GK2026D1,,
2026-08-25T05:59:03,reply,6a26b710000000001503cf9f,6a2760cc0000000029012b03,complete,endpoint_exhausted,0,0,0,shanghai,ssh_eip_shanghai,deep_shanghai,9341,16,complete,GK2026D1,,
2026-08-25T05:59:03,reply,6a26b710000000001503cf9f,6a275fe3000000002702cb3e,complete,endpoint_exhausted,0,0,0,shanghai,ssh_eip_shanghai,deep_shanghai,9341,16,complete,GK2026D1,,
2026-08-25T05:59:03,reply,6a26b710000000001503cf9f,6a275f36000000002900d4bf,complete,endpoint_exhausted,0,0,0,shanghai,ssh_eip_shanghai,deep_shanghai,9341,16,complete,GK2026D1,,
2026-08-25T05:59:03,reply,6a26b710000000001503cf9f,6a275edb00000000280330dc,complete,endpoint_exhausted,0,0,0,shanghai,ssh_eip_shanghai,deep_shanghai,9341,16,complete,GK2026D1,,
2026-08-25T05:59:19,reply,6a26b710000000001503cf9f,6a275ed7000000002900c758,complete,endpoint_exhausted,0,0,0,shanghai,ssh_eip_shanghai,deep_shanghai,9341,16,complete,GK2026D1,,
2026-08-25T05:59:19,reply,6a26b710000000001503cf9f,6a275de600000000280369d1,complete,endpoint_exhausted,0,0,0,shanghai,ssh_eip_shanghai,deep_shanghai,9341,16,complete,GK2026D1,,
2026-08-25T05:59:19,reply,6a26b710000000001503cf9f,6a275dcd000000002702c6eb,complete,endpoint_exhausted,0,0,0,shanghai,ssh_eip_shanghai,deep_shanghai,9341,16,complete,GK2026D1,,
2026-08-25T05:59:19,reply,6a26b710000000001503cf9f,6a275c9d0000000028032686,complete,endpoint_exhausted,0,0,0,shanghai,ssh_eip_shanghai,deep_shanghai,9341,16,complete,GK2026D1,,
2026-08-25T05:59:19,reply,6a26b710000000001503cf9f,6a275bcd000000002a03013f,complete,endpoint_exhausted,0,0,0,shanghai,ssh_eip_shanghai,deep_shanghai,9341,16,complete,GK2026D1,,
2026-08-25T05:59:19,reply,6a26b710000000001503cf9f,6a2759f3000000002a027e7b,complete,endpoint_exhausted,0,0,0,shanghai,ssh_eip_shanghai,deep_shanghai,9341,16,complete,GK2026D1,,
2026-08-25T05:59:19,reply,6a26b710000000001503cf9f,6a2759b800000000290350bc,complete,endpoint_exhausted,0,0,0,shanghai,ssh_eip_shanghai,deep_shanghai,9341,16,complete,GK2026D1,,
2026-08-25T05:59:19,reply,6a26b710000000001503cf9f,6a2759ab000000002803f79c,complete,endpoint_exhausted,0,0,0,shanghai,ssh_eip_shanghai,deep_shanghai,9341,16,complete,GK2026D1,,
2026-08-25T05:59:19,reply,6a26b710000000001503cf9f,6a2758820000000028034c73,complete,endpoint_exhausted,0,0,0,shanghai,ssh_eip_shanghai,deep_shanghai,9341,16,complete,GK2026D1,,
2026-08-25T05:59:35,reply,6a26b710000000001503cf9f,6a2757ef000000002803c792,complete,endpoint_exhausted,1,5,5,shanghai,ssh_eip_shanghai,deep_shanghai,9341,16,complete,GK2026D1,,
2026-08-25T05:59:51,reply,6a26b710000000001503cf9f,6a2757580000000027023c81,complete,endpoint_exhausted,0,0,0,shanghai,ssh_eip_shanghai,deep_shanghai,9341,16,complete,GK2026D1,,
2026-08-25T05:59:51,reply,6a26b710000000001503cf9f,6a27574d00000000290110f5,complete,endpoint_exhausted,0,0,0,shanghai,ssh_eip_shanghai,deep_shanghai,9341,16,complete,GK2026D1,,
2026-08-25T05:59:51,reply,6a26b710000000001503cf9f,6a275731000000002803f465,complete,endpoint_exhausted,0,0,0,shanghai,ssh_eip_shanghai,deep_shanghai,9341,16,complete,GK2026D1,,
2026-08-25T05:59:51,reply,6a26b710000000001503cf9f,6a2756ca000000002900df29,complete,endpoint_exhausted,0,0,0,shanghai,ssh_eip_shanghai,deep_shanghai,9341,16,complete,GK2026D1,,
2026-08-25T05:59:51,reply,6a26b710000000001503cf9f,6a2755f4000000002a03081a,complete,endpoint_exhausted,0,0,0,shanghai,ssh_eip_shanghai,deep_shanghai,9341,16,complete,GK2026D1,,
2026-08-25T05:59:51,reply,6a26b710000000001503cf9f,6a27524600000000270209c3,complete,endpoint_exhausted,0,0,0,shanghai,ssh_eip_shanghai,deep_shanghai,9341,16,complete,GK2026D1,,
2026-08-25T05:59:51,reply,6a26b710000000001503cf9f,6a2751940000000028036f86,complete,endpoint_exhausted,0,0,0,shanghai,ssh_eip_shanghai,deep_shanghai,9341,16,complete,GK2026D1,,
2026-08-25T05:59:51,reply,6a26b710000000001503cf9f,6a2750d3000000002900db65,complete,endpoint_exhausted,0,0,0,shanghai,ssh_eip_shanghai,deep_shanghai,9341,16,complete,GK2026D1,,
2026-08-25T05:59:51,reply,6a26b710000000001503cf9f,6a274f740000000029025137,complete,endpoint_exhausted,0,0,0,shanghai,ssh_eip_shanghai,deep_shanghai,9341,16,complete,GK2026D1,,
2026-08-25T05:59:51,reply,6a26b710000000001503cf9f,6a274e92000000002702cc09,complete,endpoint_exhausted,0,0,0,shanghai,ssh_eip_shanghai,deep_shanghai,9341,16,complete,GK2026D1,,
2026-08-25T06:00:07,reply,6a26b710000000001503cf9f,6a274e8e000000002a007b3a,complete,endpoint_exhausted,0,0,0,shanghai,ssh_eip_shanghai,deep_shanghai,9341,16,complete,GK2026D1,,
2026-08-25T06:00:07,reply,6a26b710000000001503cf9f,6a274dd4000000002a007112,complete,endpoint_exhausted,0,0,0,shanghai,ssh_eip_shanghai,deep_shanghai,9341,16,complete,GK2026D1,,
2026-08-25T06:00:07,reply,6a26b710000000001503cf9f,6a274dc1000000002803ef15,complete,endpoint_exhausted,0,1,1,shanghai,ssh_eip_shanghai,deep_shanghai,9341,16,complete,GK2026D1,,
2026-08-25T06:00:07,reply,6a26b710000000001503cf9f,6a274d41000000002900d770,complete,endpoint_exhausted,0,0,0,shanghai,ssh_eip_shanghai,deep_shanghai,9341,16,complete,GK2026D1,,
2026-08-25T06:00:07,reply,6a26b710000000001503cf9f,6a274bc900000000280340ca,complete,endpoint_exhausted,0,0,0,shanghai,ssh_eip_shanghai,deep_shanghai,9341,16,complete,GK2026D1,,
2026-08-25T06:00:07,reply,6a26b710000000001503cf9f,6a274a1a000000002800ac93,complete,endpoint_exhausted,0,0,0,shanghai,ssh_eip_shanghai,deep_shanghai,9341,16,complete,GK2026D1,,
2026-08-25T06:00:07,reply,6a26b710000000001503cf9f,6a274877000000000d021401,complete,endpoint_exhausted,0,0,0,shanghai,ssh_eip_shanghai,deep_shanghai,9341,16,complete,GK2026D1,,
2026-08-25T06:00:07,reply,6a26b710000000001503cf9f,6a274730000000002803bd05,complete,endpoint_exhausted,0,0,0,shanghai,ssh_eip_shanghai,deep_shanghai,9341,16,complete,GK2026D1,,
2026-08-25T06:00:07,reply,6a26b710000000001503cf9f,6a274689000000002800bc8c,complete,endpoint_exhausted,0,0,0,shanghai,ssh_eip_shanghai,deep_shanghai,9341,16,complete,GK2026D1,,
2026-08-25T06:00:07,reply,6a26b710000000001503cf9f,6a274620000000002a025b98,complete,endpoint_exhausted,0,1,1,shanghai,ssh_eip_shanghai,deep_shanghai,9341,16,complete,GK2026D1,,
2026-08-25T06:00:23,reply,6a26b710000000001503cf9f,6a27460a000000002b000557,complete,endpoint_exhausted,0,0,0,shanghai,ssh_eip_shanghai,deep_shanghai,9341,16,complete,GK2026D1,,
2026-08-25T06:00:23,reply,6a26b710000000001503cf9f,6a274481000000002b0291a2,complete,endpoint_exhausted,0,0,0,shanghai,ssh_eip_shanghai,deep_shanghai,9341,16,complete,GK2026D1,,
2026-08-25T06:00:23,reply,6a26b710000000001503cf9f,6a2741780000000027014d52,complete,endpoint_exhausted,0,0,0,shanghai,ssh_eip_shanghai,deep_shanghai,9341,16,complete,GK2026D1,,
2026-08-25T06:00:23,reply,6a26b710000000001503cf9f,6a273f840000000029018bad,complete,endpoint_exhausted,0,0,0,shanghai,ssh_eip_shanghai,deep_shanghai,9341,16,complete,GK2026D1,,
2026-08-25T06:00:23,reply,6a26b710000000001503cf9f,6a273ea0000000002800af92,complete,endpoint_exhausted,0,0,0,shanghai,ssh_eip_shanghai,deep_shanghai,9341,16,complete,GK2026D1,,
2026-08-25T06:00:23,reply,6a26b710000000001503cf9f,6a273bfc0000000028034bee,complete,endpoint_exhausted,0,0,0,shanghai,ssh_eip_shanghai,deep_shanghai,9341,16,complete,GK2026D1,,
2026-08-25T06:00:39,reply,6a26b710000000001503cf9f,6a273bbb0000000029013792,complete,endpoint_exhausted,1,2,2,shanghai,ssh_eip_shanghai,deep_shanghai,9341,16,complete,GK2026D1,,
2026-08-25T06:00:39,reply,6a26b710000000001503cf9f,6a273b7c000000002a033344,complete,endpoint_exhausted,0,0,0,shanghai,ssh_eip_shanghai,deep_shanghai,9341,16,complete,GK2026D1,,
2026-08-25T06:00:39,reply,6a26b710000000001503cf9f,6a273a39000000002a032d70,complete,endpoint_exhausted,0,0,0,shanghai,ssh_eip_shanghai,deep_shanghai,9341,16,complete,GK2026D1,,
2026-08-25T06:00:39,reply,6a26b710000000001503cf9f,6a273015000000002902ed10,complete,endpoint_exhausted,0,0,0,shanghai,ssh_eip_shanghai,deep_shanghai,9341,16,complete,GK2026D1,,
2026-08-25T06:00:56,reply,6a26b710000000001503cf9f,6a272fc9000000000d023000,complete,endpoint_exhausted,0,0,0,shanghai,ssh_eip_shanghai,deep_shanghai,9341,16,complete,GK2026D1,,
2026-08-25T06:00:56,reply,6a26b710000000001503cf9f,6a272ded000000002a02c760,complete,endpoint_exhausted,0,0,0,shanghai,ssh_eip_shanghai,deep_shanghai,9341,16,complete,GK2026D1,,
2026-08-25T06:00:56,reply,6a26b710000000001503cf9f,6a272c30000000002b000706,complete,endpoint_exhausted,0,0,0,shanghai,ssh_eip_shanghai,deep_shanghai,9341,16,complete,GK2026D1,,
2026-08-25T06:00:56,reply,6a26b710000000001503cf9f,6a272a020000000028036f47,complete,endpoint_exhausted,0,0,0,shanghai,ssh_eip_shanghai,deep_shanghai,9341,16,complete,GK2026D1,,
2026-08-25T06:00:56,reply,6a26b710000000001503cf9f,6a2728f60000000027028334,complete,endpoint_exhausted,0,0,0,shanghai,ssh_eip_shanghai,deep_shanghai,9341,16,complete,GK2026D1,,
2026-08-25T06:00:56,reply,6a26b710000000001503cf9f,6a2728b7000000002b0293ae,complete,endpoint_exhausted,0,0,0,shanghai,ssh_eip_shanghai,deep_shanghai,9341,16,complete,GK2026D1,,
2026-08-25T06:00:56,reply,6a26b710000000001503cf9f,6a27278a0000000028030d51,complete,endpoint_exhausted,0,0,0,shanghai,ssh_eip_shanghai,deep_shanghai,9341,16,complete,GK2026D1,,
2026-08-25T06:00:56,reply,6a26b710000000001503cf9f,6a2725a00000000028030393,complete,endpoint_exhausted,0,0,0,shanghai,ssh_eip_shanghai,deep_shanghai,9341,16,complete,GK2026D1,,
2026-08-25T06:00:56,reply,6a26b710000000001503cf9f,6a272593000000002803a5d0,complete,endpoint_exhausted,0,0,0,shanghai,ssh_eip_shanghai,deep_shanghai,9341,16,complete,GK2026D1,,
2026-08-25T06:00:56,reply,6a26b710000000001503cf9f,6a27203e000000002a006e88,complete,endpoint_exhausted,0,0,0,shanghai,ssh_eip_shanghai,deep_shanghai,9341,16,complete,GK2026D1,,
2026-08-25T06:01:12,reply,6a26b710000000001503cf9f,6a271ea2000000002a02ce5a,complete,endpoint_exhausted,0,0,0,shanghai,ssh_eip_shanghai,deep_shanghai,9341,16,complete,GK2026D1,,
2026-08-25T06:01:12,reply,6a26b710000000001503cf9f,6a271e2a000000000d022800,complete,endpoint_exhausted,0,0,0,shanghai,ssh_eip_shanghai,deep_shanghai,9341,16,complete,GK2026D1,,
2026-08-25T06:01:12,reply,6a26b710000000001503cf9f,6a271df9000000002902ec1f,complete,endpoint_exhausted,0,0,0,shanghai,ssh_eip_shanghai,deep_shanghai,9341,16,complete,GK2026D1,,
2026-08-25T06:01:12,reply,6a26b710000000001503cf9f,6a271dd30000000028036f27,complete,endpoint_exhausted,0,0,0,shanghai,ssh_eip_shanghai,deep_shanghai,9341,16,complete,GK2026D1,,
2026-08-25T06:01:12,reply,6a26b710000000001503cf9f,6a2716d00000000028009353,complete,endpoint_exhausted,0,0,0,shanghai,ssh_eip_shanghai,deep_shanghai,9341,16,complete,GK2026D1,,
2026-08-25T06:01:12,reply,6a26b710000000001503cf9f,6a2712ad000000000d021401,complete,endpoint_exhausted,0,0,0,shanghai,ssh_eip_shanghai,deep_shanghai,9341,16,complete,GK2026D1,,
2026-08-25T06:01:12,reply,6a26b710000000001503cf9f,6a2703c8000000002a0271d2,complete,endpoint_exhausted,0,0,0,shanghai,ssh_eip_shanghai,deep_shanghai,9341,16,complete,GK2026D1,,
2026-08-25T06:01:12,reply,6a26b710000000001503cf9f,6a27017d000000000d021401,complete,endpoint_exhausted,0,0,0,shanghai,ssh_eip_shanghai,deep_shanghai,9341,16,complete,GK2026D1,,
2026-08-25T06:01:12,reply,6a26b710000000001503cf9f,6a26ffff000000002b0286c3,complete,endpoint_exhausted,0,0,0,shanghai,ssh_eip_shanghai,deep_shanghai,9341,16,complete,GK2026D1,,
2026-08-25T06:01:12,reply,6a26b710000000001503cf9f,6a26f747000000002b002b34,complete,endpoint_exhausted,0,0,0,shanghai,ssh_eip_shanghai,deep_shanghai,9341,16,complete,GK2026D1,,
2026-08-25T06:01:28,reply,6a26b710000000001503cf9f,6a26f73d000000002702a4bb,complete,endpoint_exhausted,0,0,0,shanghai,ssh_eip_shanghai,deep_shanghai,9341,16,complete,GK2026D1,,
2026-08-25T06:01:28,reply,6a26b710000000001503cf9f,6a26f6f1000000002a027ddd,complete,endpoint_exhausted,0,0,0,shanghai,ssh_eip_shanghai,deep_shanghai,9341,16,complete,GK2026D1,,
2026-08-25T06:01:28,reply,6a26b710000000001503cf9f,6a26f67b0000000027020940,complete,endpoint_exhausted,0,0,0,shanghai,ssh_eip_shanghai,deep_shanghai,9341,16,complete,GK2026D1,,
2026-08-25T06:01:28,reply,6a26b710000000001503cf9f,6a26f62d000000002902faa0,complete,endpoint_exhausted,0,0,0,shanghai,ssh_eip_shanghai,deep_shanghai,9341,16,complete,GK2026D1,,
2026-08-25T06:01:28,reply,6a26b710000000001503cf9f,6a26ee050000000027029a28,complete,endpoint_exhausted,0,0,0,shanghai,ssh_eip_shanghai,deep_shanghai,9341,16,complete,GK2026D1,,
2026-08-25T06:01:28,reply,6a26b710000000001503cf9f,6a26ed6e0000000028009019,complete,endpoint_exhausted,0,0,0,shanghai,ssh_eip_shanghai,deep_shanghai,9341,16,complete,GK2026D1,,
2026-08-25T06:01:28,reply,6a26b710000000001503cf9f,6a26eb7100000000280353c4,complete,endpoint_exhausted,0,0,0,shanghai,ssh_eip_shanghai,deep_shanghai,9341,16,complete,GK2026D1,,
2026-08-25T06:01:28,reply,6a26b710000000001503cf9f,6a26e97d000000002702e87a,complete,endpoint_exhausted,0,0,0,shanghai,ssh_eip_shanghai,deep_shanghai,9341,16,complete,GK2026D1,,
2026-08-25T06:01:28,reply,6a26b710000000001503cf9f,6a26e73f000000000d021c00,complete,endpoint_exhausted,0,0,0,shanghai,ssh_eip_shanghai,deep_shanghai,9341,16,complete,GK2026D1,,
2026-08-25T06:01:28,reply,6a26b710000000001503cf9f,6a26e70a000000002901384d,complete,endpoint_exhausted,0,0,0,shanghai,ssh_eip_shanghai,deep_shanghai,9341,16,complete,GK2026D1,,
2026-08-25T06:01:44,reply,6a26b710000000001503cf9f,6a26e6b200000000290184ab,complete,endpoint_exhausted,0,0,0,shanghai,ssh_eip_shanghai,deep_shanghai,9341,16,complete,GK2026D1,,
2026-08-25T06:01:44,reply,6a26b710000000001503cf9f,6a26e624000000000d021404,complete,endpoint_exhausted,0,0,0,shanghai,ssh_eip_shanghai,deep_shanghai,9341,16,complete,GK2026D1,,
2026-08-25T06:01:44,reply,6a26b710000000001503cf9f,6a26e568000000002803c7a0,complete,endpoint_exhausted,0,0,0,shanghai,ssh_eip_shanghai,deep_shanghai,9341,16,complete,GK2026D1,,
2026-08-25T06:01:44,reply,6a26b710000000001503cf9f,6a26e537000000002701731e,complete,endpoint_exhausted,0,0,0,shanghai,ssh_eip_shanghai,deep_shanghai,9341,16,complete,GK2026D1,,
2026-08-25T06:01:44,reply,6a26b710000000001503cf9f,6a26e2c2000000002a02f814,complete,endpoint_exhausted,0,0,0,shanghai,ssh_eip_shanghai,deep_shanghai,9341,16,complete,GK2026D1,,
2026-08-25T06:01:44,reply,6a26b710000000001503cf9f,6a26e23f000000002800823f,complete,endpoint_exhausted,0,0,0,shanghai,ssh_eip_shanghai,deep_shanghai,9341,16,complete,GK2026D1,,
2026-08-25T06:01:44,reply,6a26b710000000001503cf9f,6a26e0a50000000027029944,complete,endpoint_exhausted,0,0,0,shanghai,ssh_eip_shanghai,deep_shanghai,9341,16,complete,GK2026D1,,
2026-08-25T06:01:44,reply,6a26b710000000001503cf9f,6a26decb000000002702b39e,complete,endpoint_exhausted,0,0,0,shanghai,ssh_eip_shanghai,deep_shanghai,9341,16,complete,GK2026D1,,
2026-08-25T06:01:44,reply,6a26b710000000001503cf9f,6a26de44000000002803a064,complete,endpoint_exhausted,0,0,0,shanghai,ssh_eip_shanghai,deep_shanghai,9341,16,complete,GK2026D1,,
2026-08-25T06:02:00,reply,6a26b710000000001503cf9f,6a26de2c0000000029012e8d,complete,endpoint_exhausted,1,6,6,shanghai,ssh_eip_shanghai,deep_shanghai,9341,16,complete,GK2026D1,,
2026-08-25T06:02:16,reply,6a26b710000000001503cf9f,6a26dd1c000000000d023003,complete,endpoint_exhausted,0,0,0,shanghai,ssh_eip_shanghai,deep_shanghai,9341,16,complete,GK2026D1,,
2026-08-25T06:02:16,reply,6a26b710000000001503cf9f,6a26dc58000000002701f121,complete,endpoint_exhausted,0,0,0,shanghai,ssh_eip_shanghai,deep_shanghai,9341,16,complete,GK2026D1,,
2026-08-25T06:02:16,reply,6a26b710000000001503cf9f,6a26dc52000000002b02a284,complete,endpoint_exhausted,0,0,0,shanghai,ssh_eip_shanghai,deep_shanghai,9341,16,complete,GK2026D1,,
2026-08-25T06:02:16,reply,6a26b710000000001503cf9f,6a26dc40000000000d022c03,complete,endpoint_exhausted,0,0,0,shanghai,ssh_eip_shanghai,deep_shanghai,9341,16,complete,GK2026D1,,
2026-08-25T06:02:16,reply,6a26b710000000001503cf9f,6a26db330000000028035766,complete,endpoint_exhausted,0,0,0,shanghai,ssh_eip_shanghai,deep_shanghai,9341,16,complete,GK2026D1,,
2026-08-25T06:02:16,reply,6a26b710000000001503cf9f,6a26dacb000000002701d7b3,complete,endpoint_exhausted,0,0,0,shanghai,ssh_eip_shanghai,deep_shanghai,9341,16,complete,GK2026D1,,
2026-08-25T06:02:16,reply,6a26b710000000001503cf9f,6a26da93000000002803cdda,complete,endpoint_exhausted,0,0,0,shanghai,ssh_eip_shanghai,deep_shanghai,9341,16,complete,GK2026D1,,
2026-08-25T06:02:16,reply,6a26b710000000001503cf9f,6a26da6b000000002a02e873,complete,endpoint_exhausted,0,0,0,shanghai,ssh_eip_shanghai,deep_shanghai,9341,16,complete,GK2026D1,,
2026-08-25T06:02:16,reply,6a26b710000000001503cf9f,6a26da28000000002900f843,complete,endpoint_exhausted,0,0,0,shanghai,ssh_eip_shanghai,deep_shanghai,9341,16,complete,GK2026D1,,
2026-08-25T06:02:16,reply,6a26b710000000001503cf9f,6a26d9a50000000028037dd7,complete,endpoint_exhausted,0,0,0,shanghai,ssh_eip_shanghai,deep_shanghai,9341,16,complete,GK2026D1,,
2026-08-25T06:02:32,reply,6a26b710000000001503cf9f,6a26d8f1000000002901ae80,complete,endpoint_exhausted,0,0,0,shanghai,ssh_eip_shanghai,deep_shanghai,9341,16,complete,GK2026D1,,
2026-08-25T06:02:32,reply,6a26b710000000001503cf9f,6a26d8ea000000002803519e,complete,endpoint_exhausted,0,1,1,shanghai,ssh_eip_shanghai,deep_shanghai,9341,16,complete,GK2026D1,,
2026-08-25T06:02:32,reply,6a26b710000000001503cf9f,6a26d8e80000000027021d94,complete,endpoint_exhausted,0,0,0,shanghai,ssh_eip_shanghai,deep_shanghai,9341,16,complete,GK2026D1,,
2026-08-25T06:02:32,reply,6a26b710000000001503cf9f,6a26d8c700000000280348f5,complete,endpoint_exhausted,0,0,0,shanghai,ssh_eip_shanghai,deep_shanghai,9341,16,complete,GK2026D1,,
2026-08-25T06:02:32,reply,6a26b710000000001503cf9f,6a26d711000000002701fb01,complete,endpoint_exhausted,0,0,0,shanghai,ssh_eip_shanghai,deep_shanghai,9341,16,complete,GK2026D1,,
2026-08-25T06:02:32,reply,6a26b710000000001503cf9f,6a26d67a0000000027028f01,complete,endpoint_exhausted,0,0,0,shanghai,ssh_eip_shanghai,deep_shanghai,9341,16,complete,GK2026D1,,
2026-08-25T06:02:49,reply,6a26b710000000001503cf9f,6a26d654000000002702857e,complete,endpoint_exhausted,1,5,5,shanghai,ssh_eip_shanghai,deep_shanghai,9341,16,complete,GK2026D1,,
2026-08-25T06:02:49,reply,6a26b710000000001503cf9f,6a26d5dd0000000028031913,complete,endpoint_exhausted,0,0,0,shanghai,ssh_eip_shanghai,deep_shanghai,9341,16,complete,GK2026D1,,
2026-08-25T06:02:49,reply,6a26b710000000001503cf9f,6a26d461000000002800a86e,complete,endpoint_exhausted,0,1,1,shanghai,ssh_eip_shanghai,deep_shanghai,9341,16,complete,GK2026D1,,
2026-08-25T06:02:49,reply,6a26b710000000001503cf9f,6a26d3e0000000002803b526,complete,endpoint_exhausted,0,1,1,shanghai,ssh_eip_shanghai,deep_shanghai,9341,16,complete,GK2026D1,,
2026-08-25T06:03:05,reply,6a26b710000000001503cf9f,6a26d3dc000000002a0246fb,complete,endpoint_exhausted,0,0,0,shanghai,ssh_eip_shanghai,deep_shanghai,9341,16,complete,GK2026D1,,
2026-08-25T06:03:05,reply,6a26b710000000001503cf9f,6a26d3dc0000000028034509,complete,endpoint_exhausted,0,0,0,shanghai,ssh_eip_shanghai,deep_shanghai,9341,16,complete,GK2026D1,,
2026-08-25T06:03:05,reply,6a26b710000000001503cf9f,6a26d3130000000028034eae,complete,endpoint_exhausted,0,0,0,shanghai,ssh_eip_shanghai,deep_shanghai,9341,16,complete,GK2026D1,,
2026-08-25T06:03:05,reply,6a26b710000000001503cf9f,6a26d2b90000000029019786,complete,endpoint_exhausted,0,0,0,shanghai,ssh_eip_shanghai,deep_shanghai,9341,16,complete,GK2026D1,,
2026-08-25T06:03:05,reply,6a26b710000000001503cf9f,6a26d296000000002701e633,complete,endpoint_exhausted,0,0,0,shanghai,ssh_eip_shanghai,deep_shanghai,9341,16,complete,GK2026D1,,
2026-08-25T06:03:05,reply,6a26b710000000001503cf9f,6a26d1400000000027022d0f,complete,endpoint_exhausted,0,0,0,shanghai,ssh_eip_shanghai,deep_shanghai,9341,16,complete,GK2026D1,,
2026-08-25T06:03:05,reply,6a26b710000000001503cf9f,6a26d135000000002900f523,complete,endpoint_exhausted,0,0,0,shanghai,ssh_eip_shanghai,deep_shanghai,9341,16,complete,GK2026D1,,
2026-08-25T06:03:05,reply,6a26b710000000001503cf9f,6a26cf96000000002b002642,complete,endpoint_exhausted,0,1,1,shanghai,ssh_eip_shanghai,deep_shanghai,9341,16,complete,GK2026D1,,
2026-08-25T06:03:05,reply,6a26b710000000001503cf9f,6a26ce91000000002900f753,complete,endpoint_exhausted,0,0,0,shanghai,ssh_eip_shanghai,deep_shanghai,9341,16,complete,GK2026D1,,
2026-08-25T06:03:21,reply,6a26b710000000001503cf9f,6a26ce02000000002702ee34,complete,endpoint_exhausted,1,4,4,shanghai,ssh_eip_shanghai,deep_shanghai,9341,16,complete,GK2026D1,,
2026-08-25T06:03:37,reply,6a26b710000000001503cf9f,6a26cddb0000000028039f22,complete,endpoint_exhausted,0,0,0,shanghai,ssh_eip_shanghai,deep_shanghai,9341,16,complete,GK2026D1,,
2026-08-25T06:04:25,reply,6a26b710000000001503cf9f,6a26cd600000000029018e3a,complete,endpoint_exhausted,3,12,12,shanghai,ssh_eip_shanghai,deep_shanghai,9341,16,complete,GK2026D1,,
2026-08-25T06:04:25,reply,6a26b710000000001503cf9f,6a26ccfb000000002a02df2b,complete,endpoint_exhausted,0,0,0,shanghai,ssh_eip_shanghai,deep_shanghai,9341,16,complete,GK2026D1,,
2026-08-25T06:04:25,reply,6a26b710000000001503cf9f,6a26ca060000000028008030,complete,endpoint_exhausted,0,0,0,shanghai,ssh_eip_shanghai,deep_shanghai,9341,16,complete,GK2026D1,,
2026-08-25T06:04:42,reply,6a26b710000000001503cf9f,6a26c8fb0000000028038959,complete,endpoint_exhausted,1,5,5,shanghai,ssh_eip_shanghai,deep_shanghai,9341,16,complete,GK2026D1,,
2026-08-25T06:04:42,reply,6a26b710000000001503cf9f,6a26c848000000002803372f,complete,endpoint_exhausted,0,0,0,shanghai,ssh_eip_shanghai,deep_shanghai,9341,16,complete,GK2026D1,,
2026-08-25T06:04:42,reply,6a26b710000000001503cf9f,6a26c7b1000000002903543d,complete,endpoint_exhausted,0,0,0,shanghai,ssh_eip_shanghai,deep_shanghai,9341,16,complete,GK2026D1,,
2026-08-25T06:04:42,reply,6a26b710000000001503cf9f,6a26c77600000000270283bd,complete,endpoint_exhausted,0,0,0,shanghai,ssh_eip_shanghai,deep_shanghai,9341,16,complete,GK2026D1,,
2026-08-25T06:04:42,reply,6a26b710000000001503cf9f,6a26c72a000000002901399c,complete,endpoint_exhausted,0,0,0,shanghai,ssh_eip_shanghai,deep_shanghai,9341,16,complete,GK2026D1,,
2026-08-25T06:04:58,reply,6a26b710000000001503cf9f,6a26c67b000000002702236c,complete,endpoint_exhausted,1,2,2,shanghai,ssh_eip_shanghai,deep_shanghai,9341,16,complete,GK2026D1,,
2026-08-25T06:05:14,reply,6a26b710000000001503cf9f,6a26c538000000002b024802,complete,endpoint_exhausted,0,0,0,shanghai,ssh_eip_shanghai,deep_shanghai,9341,16,complete,GK2026D1,,
2026-08-25T06:05:14,reply,6a26b710000000001503cf9f,6a26c4ca000000002a02fd53,complete,endpoint_exhausted,0,0,0,shanghai,ssh_eip_shanghai,deep_shanghai,9341,16,complete,GK2026D1,,
2026-08-25T06:05:14,reply,6a26b710000000001503cf9f,6a26c059000000002a02e14e,complete,endpoint_exhausted,0,0,0,shanghai,ssh_eip_shanghai,deep_shanghai,9341,16,complete,GK2026D1,,
2026-08-25T06:05:14,reply,6a26b710000000001503cf9f,6a26c035000000002a02d9b9,complete,endpoint_exhausted,0,0,0,shanghai,ssh_eip_shanghai,deep_shanghai,9341,16,complete,GK2026D1,,
2026-08-25T06:05:30,reply,6a26b710000000001503cf9f,6a26be7d000000002803719a,complete,endpoint_exhausted,1,4,4,shanghai,ssh_eip_shanghai,deep_shanghai,9341,16,complete,GK2026D1,,
2026-08-25T06:05:30,reply,6a26b710000000001503cf9f,6a26be2d000000002902d499,complete,endpoint_exhausted,0,0,0,shanghai,ssh_eip_shanghai,deep_shanghai,9341,16,complete,GK2026D1,,
2026-08-25T06:05:30,reply,6a26b710000000001503cf9f,6a26bd9a0000000029011e2f,complete,endpoint_exhausted,0,0,0,shanghai,ssh_eip_shanghai,deep_shanghai,9341,16,complete,GK2026D1,,
2026-08-25T06:05:30,reply,6a26b710000000001503cf9f,6a26b8fa000000002a027719,complete,endpoint_exhausted,0,0,0,shanghai,ssh_eip_shanghai,deep_shanghai,9341,16,complete,GK2026D1,,
2026-08-25T06:05:30,reply,6a26b710000000001503cf9f,6a26b85b00000000280394eb,complete,endpoint_exhausted,0,0,0,shanghai,ssh_eip_shanghai,deep_shanghai,9341,16,complete,GK2026D1,,
2026-08-25T06:06:18,reply,6a26b710000000001503cf9f,6a275013000000002702e890,complete,endpoint_exhausted,3,15,15,shanghai,ssh_eip_shanghai,deep_shanghai,9341,16,complete,GK2026D1,,
2026-08-25T06:06:51,reply,6a26b710000000001503cf9f,6a277145000000002803e957,complete,endpoint_exhausted,1,5,5,shanghai,ssh_eip_shanghai,deep_shanghai,9341,16,complete,GK2026D1,,
2026-08-25T06:07:23,reply,6a26b710000000001503cf9f,6a279afd000000002702f092,complete,endpoint_exhausted,2,9,9,shanghai,ssh_eip_shanghai,deep_shanghai,9341,16,complete,GK2026D1,,
2026-08-25T06:07:23,reply,6a26b710000000001503cf9f,6a26c8ce00000000280358e0,complete,endpoint_exhausted,0,1,1,shanghai,ssh_eip_shanghai,deep_shanghai,9341,16,complete,GK2026D1,,
2026-08-25T06:07:39,reply,6a26b710000000001503cf9f,6a281d8c000000002a0264f9,complete,endpoint_exhausted,1,2,2,shanghai,ssh_eip_shanghai,deep_shanghai,9341,16,complete,GK2026D1,,
2026-08-25T06:07:39,reply,6a26b710000000001503cf9f,6a26cd99000000002902fa30,complete,endpoint_exhausted,0,0,0,shanghai,ssh_eip_shanghai,deep_shanghai,9341,16,complete,GK2026D1,,
2026-08-25T06:07:39,reply,6a26b710000000001503cf9f,6a2973f0000000002803f03d,complete,endpoint_exhausted,0,0,0,shanghai,ssh_eip_shanghai,deep_shanghai,9341,16,complete,GK2026D1,,
2026-08-25T06:07:39,reply,6a26b710000000001503cf9f,6a29639e000000002a0056c8,complete,endpoint_exhausted,0,0,0,shanghai,ssh_eip_shanghai,deep_shanghai,9341,16,complete,GK2026D1,,
2026-08-25T06:07:39,reply,6a26b710000000001503cf9f,6a29274a000000002803bd6b,complete,endpoint_exhausted,0,0,0,shanghai,ssh_eip_shanghai,deep_shanghai,9341,16,complete,GK2026D1,,
2026-08-25T06:07:39,reply,6a26b710000000001503cf9f,6a28d1a5000000002a02d25a,complete,endpoint_exhausted,0,0,0,shanghai,ssh_eip_shanghai,deep_shanghai,9341,16,complete,GK2026D1,,
2026-08-25T06:07:39,reply,6a26b710000000001503cf9f,6a28477c0000000029018f08,complete,endpoint_exhausted,0,0,0,shanghai,ssh_eip_shanghai,deep_shanghai,9341,16,complete,GK2026D1,,
2026-08-25T06:07:55,reply,6a26b710000000001503cf9f,6a28213a0000000028038ba3,complete,endpoint_exhausted,0,0,0,shanghai,ssh_eip_shanghai,deep_shanghai,9341,16,complete,GK2026D1,,
2026-08-25T06:07:55,reply,6a26b710000000001503cf9f,6a281d86000000002b026383,complete,endpoint_exhausted,0,0,0,shanghai,ssh_eip_shanghai,deep_shanghai,9341,16,complete,GK2026D1,,
2026-08-25T06:07:55,reply,6a26b710000000001503cf9f,6a2819da00000000290377ff,complete,endpoint_exhausted,0,0,0,shanghai,ssh_eip_shanghai,deep_shanghai,9341,16,complete,GK2026D1,,
2026-08-25T06:07:55,reply,6a26b710000000001503cf9f,6a2813540000000029011b59,complete,endpoint_exhausted,0,0,0,shanghai,ssh_eip_shanghai,deep_shanghai,9341,16,complete,GK2026D1,,
2026-08-25T06:07:55,reply,6a26b710000000001503cf9f,6a28022b000000002803ac29,complete,endpoint_exhausted,0,0,0,shanghai,ssh_eip_shanghai,deep_shanghai,9341,16,complete,GK2026D1,,
2026-08-25T06:07:55,reply,6a26b710000000001503cf9f,6a27fc2a00000000270282c6,complete,endpoint_exhausted,0,0,0,shanghai,ssh_eip_shanghai,deep_shanghai,9341,16,complete,GK2026D1,,
2026-08-25T06:07:55,reply,6a26b710000000001503cf9f,6a27f99a000000002803e03a,complete,endpoint_exhausted,0,0,0,shanghai,ssh_eip_shanghai,deep_shanghai,9341,16,complete,GK2026D1,,
2026-08-25T06:07:55,reply,6a26b710000000001503cf9f,6a27f7890000000029011f10,complete,endpoint_exhausted,0,0,0,shanghai,ssh_eip_shanghai,deep_shanghai,9341,16,complete,GK2026D1,,
2026-08-25T06:07:55,reply,6a26b710000000001503cf9f,6a27f506000000002902faf9,complete,endpoint_exhausted,0,0,0,shanghai,ssh_eip_shanghai,deep_shanghai,9341,16,complete,GK2026D1,,
2026-08-25T06:07:55,reply,6a26b710000000001503cf9f,6a27f1b2000000002a004877,complete,endpoint_exhausted,0,0,0,shanghai,ssh_eip_shanghai,deep_shanghai,9341,16,complete,GK2026D1,,
2026-08-25T06:08:11,reply,6a26b710000000001503cf9f,6a27efa4000000002b0276ab,complete,endpoint_exhausted,0,0,0,shanghai,ssh_eip_shanghai,deep_shanghai,9341,16,complete,GK2026D1,,
2026-08-25T06:08:11,reply,6a26b710000000001503cf9f,6a27ee1d0000000028038604,complete,endpoint_exhausted,0,0,0,shanghai,ssh_eip_shanghai,deep_shanghai,9341,16,complete,GK2026D1,,
2026-08-25T06:08:11,reply,6a26b710000000001503cf9f,6a27e158000000002b02bebc,complete,endpoint_exhausted,0,0,0,shanghai,ssh_eip_shanghai,deep_shanghai,9341,16,complete,GK2026D1,,
2026-08-25T06:08:11,reply,6a26b710000000001503cf9f,6a27e0b1000000002a00796b,complete,endpoint_exhausted,0,0,0,shanghai,ssh_eip_shanghai,deep_shanghai,9341,16,complete,GK2026D1,,
2026-08-25T06:08:11,reply,6a26b710000000001503cf9f,6a27dfb5000000002a02eb05,complete,endpoint_exhausted,0,0,0,shanghai,ssh_eip_shanghai,deep_shanghai,9341,16,complete,GK2026D1,,
2026-08-25T06:08:11,reply,6a26b710000000001503cf9f,6a27dba1000000002702ac3c,complete,endpoint_exhausted,0,0,0,shanghai,ssh_eip_shanghai,deep_shanghai,9341,16,complete,GK2026D1,,
2026-08-25T06:08:11,reply,6a26b710000000001503cf9f,6a27c97000000000270285d1,complete,endpoint_exhausted,0,0,0,shanghai,ssh_eip_shanghai,deep_shanghai,9341,16,complete,GK2026D1,,
2026-08-25T06:08:11,reply,6a26b710000000001503cf9f,6a27c9510000000028037fbe,complete,endpoint_exhausted,0,0,0,shanghai,ssh_eip_shanghai,deep_shanghai,9341,16,complete,GK2026D1,,
2026-08-25T06:08:11,reply,6a26b710000000001503cf9f,6a27c7b3000000002300cfbf,complete,endpoint_exhausted,0,0,0,shanghai,ssh_eip_shanghai,deep_shanghai,9341,16,complete,GK2026D1,,
2026-08-25T06:08:11,reply,6a26b710000000001503cf9f,6a27c5a1000000002b02bf20,complete,endpoint_exhausted,0,0,0,shanghai,ssh_eip_shanghai,deep_shanghai,9341,16,complete,GK2026D1,,
2026-08-25T06:08:27,reply,6a26b710000000001503cf9f,6a27bc9b000000002702da85,complete,endpoint_exhausted,0,0,0,shanghai,ssh_eip_shanghai,deep_shanghai,9341,16,complete,GK2026D1,,
2026-08-25T06:08:27,reply,6a26b710000000001503cf9f,6a27bc09000000002900d5e8,complete,endpoint_exhausted,0,0,0,shanghai,ssh_eip_shanghai,deep_shanghai,9341,16,complete,GK2026D1,,
2026-08-25T06:08:27,reply,6a26b710000000001503cf9f,6a27b9fb000000002a027b92,complete,endpoint_exhausted,0,0,0,shanghai,ssh_eip_shanghai,deep_shanghai,9341,16,complete,GK2026D1,,
2026-08-25T06:08:27,reply,6a26b710000000001503cf9f,6a27b902000000002a02c65a,complete,endpoint_exhausted,0,0,0,shanghai,ssh_eip_shanghai,deep_shanghai,9341,16,complete,GK2026D1,,
2026-08-25T06:08:27,reply,6a26b710000000001503cf9f,6a27adad00000000280375b9,complete,endpoint_exhausted,0,0,0,shanghai,ssh_eip_shanghai,deep_shanghai,9341,16,complete,GK2026D1,,
2026-08-25T06:08:27,reply,6a26b710000000001503cf9f,6a27aa910000000027017dd8,complete,endpoint_exhausted,0,0,0,shanghai,ssh_eip_shanghai,deep_shanghai,9341,16,complete,GK2026D1,,
2026-08-25T06:08:27,reply,6a26b710000000001503cf9f,6a27a8f0000000002702cffe,complete,endpoint_exhausted,0,1,1,shanghai,ssh_eip_shanghai,deep_shanghai,9341,16,complete,GK2026D1,,
2026-08-25T06:08:27,reply,6a26b710000000001503cf9f,6a27a89600000000280325ee,complete,endpoint_exhausted,0,0,0,shanghai,ssh_eip_shanghai,deep_shanghai,9341,16,complete,GK2026D1,,
2026-08-25T06:08:27,reply,6a26b710000000001503cf9f,6a27a2d600000000270235ad,complete,endpoint_exhausted,0,0,0,shanghai,ssh_eip_shanghai,deep_shanghai,9341,16,complete,GK2026D1,,
2026-08-25T06:08:27,reply,6a26b710000000001503cf9f,6a27a295000000002803952b,complete,endpoint_exhausted,0,0,0,shanghai,ssh_eip_shanghai,deep_shanghai,9341,16,complete,GK2026D1,,
2026-08-25T06:08:44,reply,6a26b710000000001503cf9f,6a279c890000000028039113,complete,endpoint_exhausted,0,0,0,shanghai,ssh_eip_shanghai,deep_shanghai,9341,16,complete,GK2026D1,,
2026-08-25T06:08:44,reply,6a26b710000000001503cf9f,6a279b40000000002803120d,complete,endpoint_exhausted,0,0,0,shanghai,ssh_eip_shanghai,deep_shanghai,9341,16,complete,GK2026D1,,
2026-08-25T06:08:44,reply,6a26b710000000001503cf9f,6a27973500000000280325c8,complete,endpoint_exhausted,0,0,0,shanghai,ssh_eip_shanghai,deep_shanghai,9341,16,complete,GK2026D1,,
2026-08-25T06:08:44,reply,6a26b710000000001503cf9f,6a2794ce0000000028032cc4,complete,endpoint_exhausted,0,0,0,shanghai,ssh_eip_shanghai,deep_shanghai,9341,16,complete,GK2026D1,,
2026-08-25T06:08:44,reply,6a26b710000000001503cf9f,6a2791840000000028033c67,complete,endpoint_exhausted,0,0,0,shanghai,ssh_eip_shanghai,deep_shanghai,9341,16,complete,GK2026D1,,
2026-08-25T06:08:44,reply,6a26b710000000001503cf9f,6a278f5a0000000029010720,complete,endpoint_exhausted,0,0,0,shanghai,ssh_eip_shanghai,deep_shanghai,9341,16,complete,GK2026D1,,
2026-08-25T06:08:44,reply,6a26b710000000001503cf9f,6a278ecb0000000028032fd7,complete,endpoint_exhausted,0,0,0,shanghai,ssh_eip_shanghai,deep_shanghai,9341,16,complete,GK2026D1,,
2026-08-25T06:08:44,reply,6a26b710000000001503cf9f,6a278e2d000000002a02e57f,complete,endpoint_exhausted,0,0,0,shanghai,ssh_eip_shanghai,deep_shanghai,9341,16,complete,GK2026D1,,
2026-08-25T06:08:44,reply,6a26b710000000001503cf9f,6a278d7c0000000027016b40,complete,endpoint_exhausted,0,0,0,shanghai,ssh_eip_shanghai,deep_shanghai,9341,16,complete,GK2026D1,,
2026-08-25T06:08:44,reply,6a26b710000000001503cf9f,6a278af6000000002900df4c,complete,endpoint_exhausted,0,0,0,shanghai,ssh_eip_shanghai,deep_shanghai,9341,16,complete,GK2026D1,,
2026-08-25T06:09:00,reply,6a26b710000000001503cf9f,6a278aa1000000002803ec9e,complete,endpoint_exhausted,0,0,0,shanghai,ssh_eip_shanghai,deep_shanghai,9341,16,complete,GK2026D1,,
2026-08-25T06:09:00,reply,6a26b710000000001503cf9f,6a27831b00000000280328d6,complete,endpoint_exhausted,0,0,0,shanghai,ssh_eip_shanghai,deep_shanghai,9341,16,complete,GK2026D1,,
2026-08-25T06:09:00,reply,6a26b710000000001503cf9f,6a278298000000002a030f21,complete,endpoint_exhausted,0,0,0,shanghai,ssh_eip_shanghai,deep_shanghai,9341,16,complete,GK2026D1,,
2026-08-25T06:09:00,reply,6a26b710000000001503cf9f,6a27828f000000002b029ccc,complete,endpoint_exhausted,0,0,0,shanghai,ssh_eip_shanghai,deep_shanghai,9341,16,complete,GK2026D1,,
2026-08-25T06:09:00,reply,6a26b710000000001503cf9f,6a27819b0000000028008dc4,complete,endpoint_exhausted,0,0,0,shanghai,ssh_eip_shanghai,deep_shanghai,9341,16,complete,GK2026D1,,
2026-08-25T06:09:00,reply,6a26b710000000001503cf9f,6a277e9c000000002803e169,complete,endpoint_exhausted,0,0,0,shanghai,ssh_eip_shanghai,deep_shanghai,9341,16,complete,GK2026D1,,
2026-08-25T06:09:00,reply,6a26b710000000001503cf9f,6a277e5d000000002b028407,complete,endpoint_exhausted,0,0,0,shanghai,ssh_eip_shanghai,deep_shanghai,9341,16,complete,GK2026D1,,
2026-08-25T06:09:00,reply,6a26b710000000001503cf9f,6a277daf0000000029019c8d,complete,endpoint_exhausted,0,0,0,shanghai,ssh_eip_shanghai,deep_shanghai,9341,16,complete,GK2026D1,,
2026-08-25T06:09:00,reply,6a26b710000000001503cf9f,6a277a8a000000002b002968,complete,endpoint_exhausted,0,0,0,shanghai,ssh_eip_shanghai,deep_shanghai,9341,16,complete,GK2026D1,,
2026-08-25T06:09:00,reply,6a26b710000000001503cf9f,6a277a41000000002b001dea,complete,endpoint_exhausted,0,0,0,shanghai,ssh_eip_shanghai,deep_shanghai,9341,16,complete,GK2026D1,,
2026-08-25T06:09:16,reply,6a26b710000000001503cf9f,6a2779f3000000002900fe71,complete,endpoint_exhausted,0,0,0,shanghai,ssh_eip_shanghai,deep_shanghai,9341,16,complete,GK2026D1,,
2026-08-25T06:09:16,reply,6a26b710000000001503cf9f,6a2776ad000000002a031985,complete,endpoint_exhausted,0,0,0,shanghai,ssh_eip_shanghai,deep_shanghai,9341,16,complete,GK2026D1,,
2026-08-25T06:09:16,reply,6a26b710000000001503cf9f,6a2773bd0000000027021fa3,complete,endpoint_exhausted,0,0,0,shanghai,ssh_eip_shanghai,deep_shanghai,9341,16,complete,GK2026D1,,
2026-08-25T06:09:16,reply,6a26b710000000001503cf9f,6a27731b000000002800a0bf,complete,endpoint_exhausted,0,0,0,shanghai,ssh_eip_shanghai,deep_shanghai,9341,16,complete,GK2026D1,,
2026-08-25T06:09:16,reply,6a26b710000000001503cf9f,6a2772ea000000002a0319f7,complete,endpoint_exhausted,0,0,0,shanghai,ssh_eip_shanghai,deep_shanghai,9341,16,complete,GK2026D1,,
2026-08-25T06:09:16,reply,6a26b710000000001503cf9f,6a27720b0000000027017189,complete,endpoint_exhausted,0,0,0,shanghai,ssh_eip_shanghai,deep_shanghai,9341,16,complete,GK2026D1,,
2026-08-25T06:09:16,reply,6a26b710000000001503cf9f,6a27718d0000000029037854,complete,endpoint_exhausted,0,0,0,shanghai,ssh_eip_shanghai,deep_shanghai,9341,16,complete,GK2026D1,,
2026-08-25T06:09:16,reply,6a26b710000000001503cf9f,6a2770b90000000029025da7,complete,endpoint_exhausted,0,0,0,shanghai,ssh_eip_shanghai,deep_shanghai,9341,16,complete,GK2026D1,,
2026-08-25T06:09:16,reply,6a26b710000000001503cf9f,6a276f71000000002b027ee8,complete,endpoint_exhausted,0,0,0,shanghai,ssh_eip_shanghai,deep_shanghai,9341,16,complete,GK2026D1,,
2026-08-25T06:09:16,reply,6a26b710000000001503cf9f,6a27656d000000002a02c6bc,complete,endpoint_exhausted,0,0,0,shanghai,ssh_eip_shanghai,deep_shanghai,9341,16,complete,GK2026D1,,
2026-08-25T06:09:32,reply,6a26b710000000001503cf9f,6a275e4a000000002b029a11,complete,endpoint_exhausted,0,0,0,shanghai,ssh_eip_shanghai,deep_shanghai,9341,16,complete,GK2026D1,,
2026-08-25T06:09:32,reply,6a26b710000000001503cf9f,6a27552a000000002a033969,complete,endpoint_exhausted,0,1,1,shanghai,ssh_eip_shanghai,deep_shanghai,9341,16,complete,GK2026D1,,
2026-08-25T06:09:32,reply,6a26b710000000001503cf9f,6a275330000000002902c4fd,complete,endpoint_exhausted,0,0,0,shanghai,ssh_eip_shanghai,deep_shanghai,9341,16,complete,GK2026D1,,
2026-08-25T06:09:32,reply,6a26b710000000001503cf9f,6a2749a700000000270171ee,complete,endpoint_exhausted,0,0,0,shanghai,ssh_eip_shanghai,deep_shanghai,9341,16,complete,GK2026D1,,
2026-08-25T06:09:32,reply,6a26b710000000001503cf9f,6a27432c000000002702a20f,complete,endpoint_exhausted,0,0,0,shanghai,ssh_eip_shanghai,deep_shanghai,9341,16,complete,GK2026D1,,
2026-08-25T06:09:32,reply,6a26b710000000001503cf9f,6a2742710000000029019df2,complete,endpoint_exhausted,0,0,0,shanghai,ssh_eip_shanghai,deep_shanghai,9341,16,complete,GK2026D1,,
2026-08-25T06:10:37,reply,6a26b710000000001503cf9f,6a272a71000000002803c778,complete,endpoint_exhausted,4,21,21,shanghai,ssh_eip_shanghai,deep_shanghai,9341,16,complete,GK2026D1,,
2026-08-25T06:10:37,reply,6a26b710000000001503cf9f,6a27274f000000002803f8d3,complete,endpoint_exhausted,0,0,0,shanghai,ssh_eip_shanghai,deep_shanghai,9341,16,complete,GK2026D1,,
2026-08-25T06:10:37,reply,6a26b710000000001503cf9f,6a2723d4000000002a02429c,complete,endpoint_exhausted,0,0,0,shanghai,ssh_eip_shanghai,deep_shanghai,9341,16,complete,GK2026D1,,
2026-08-25T06:10:53,reply,6a26b710000000001503cf9f,6a2721fd000000002901351e,complete,endpoint_exhausted,1,2,2,shanghai,ssh_eip_shanghai,deep_shanghai,9341,16,complete,GK2026D1,,
2026-08-25T06:11:09,reply,6a26b710000000001503cf9f,6a2720b8000000002a027634,complete,endpoint_exhausted,0,0,0,shanghai,ssh_eip_shanghai,deep_shanghai,9341,16,complete,GK2026D1,,
2026-08-25T06:11:09,reply,6a26b710000000001503cf9f,6a26e225000000002901a78e,complete,endpoint_exhausted,0,0,0,shanghai,ssh_eip_shanghai,deep_shanghai,9341,16,complete,GK2026D1,,
2026-08-25T06:11:09,reply,6a26b710000000001503cf9f,6a26dd8b000000002a02f120,complete,endpoint_exhausted,0,0,0,shanghai,ssh_eip_shanghai,deep_shanghai,9341,16,complete,GK2026D1,,
2026-08-25T06:11:09,reply,6a26b710000000001503cf9f,6a26dd770000000027015cc8,complete,endpoint_exhausted,0,0,0,shanghai,ssh_eip_shanghai,deep_shanghai,9341,16,complete,GK2026D1,,
2026-08-25T06:11:09,reply,6a26b710000000001503cf9f,6a26d7b6000000002701e3ed,complete,endpoint_exhausted,0,0,0,shanghai,ssh_eip_shanghai,deep_shanghai,9341,16,complete,GK2026D1,,
2026-08-25T06:11:09,reply,6a26b710000000001503cf9f,6a26d75a000000002800a2ae,complete,endpoint_exhausted,0,0,0,shanghai,ssh_eip_shanghai,deep_shanghai,9341,16,complete,GK2026D1,,
2026-08-25T06:11:09,reply,6a26b710000000001503cf9f,6a26ce1f000000002803ff6d,complete,endpoint_exhausted,0,0,0,shanghai,ssh_eip_shanghai,deep_shanghai,9341,16,complete,GK2026D1,,
2026-08-25T06:11:09,reply,6a26b710000000001503cf9f,6a26ca91000000002902e6dd,complete,endpoint_exhausted,0,0,0,shanghai,ssh_eip_shanghai,deep_shanghai,9341,16,complete,GK2026D1,,
2026-08-25T06:11:09,reply,6a26b710000000001503cf9f,6a333d91000000002a026c55,complete,endpoint_exhausted,0,0,0,shanghai,ssh_eip_shanghai,deep_shanghai,9341,16,complete,GK2026D1,,
2026-08-25T06:11:09,reply,6a26b710000000001503cf9f,6a29ab72000000002702f019,complete,endpoint_exhausted,0,0,0,shanghai,ssh_eip_shanghai,deep_shanghai,9341,16,complete,GK2026D1,,
2026-08-25T06:11:25,reply,6a26b710000000001503cf9f,6a28da8f0000000027020cfa,complete,endpoint_exhausted,0,0,0,shanghai,ssh_eip_shanghai,deep_shanghai,9341,16,complete,GK2026D1,,
2026-08-25T06:11:25,reply,6a26b710000000001503cf9f,6a281185000000002803842b,complete,endpoint_exhausted,0,0,0,shanghai,ssh_eip_shanghai,deep_shanghai,9341,16,complete,GK2026D1,,
2026-08-25T06:11:25,reply,6a26b710000000001503cf9f,6a280fcf000000002902c553,complete,endpoint_exhausted,0,0,0,shanghai,ssh_eip_shanghai,deep_shanghai,9341,16,complete,GK2026D1,,
2026-08-25T06:11:41,reply,6a26b710000000001503cf9f,6a27ee820000000028030c84,complete,endpoint_exhausted,1,2,2,shanghai,ssh_eip_shanghai,deep_shanghai,9341,16,complete,GK2026D1,,
2026-08-25T06:11:41,reply,6a26b710000000001503cf9f,6a27ec8f000000002803530e,complete,endpoint_exhausted,0,0,0,shanghai,ssh_eip_shanghai,deep_shanghai,9341,16,complete,GK2026D1,,
2026-08-25T06:11:41,reply,6a26b710000000001503cf9f,6a27e359000000002b0030ad,complete,endpoint_exhausted,0,0,0,shanghai,ssh_eip_shanghai,deep_shanghai,9341,16,complete,GK2026D1,,
2026-08-25T06:11:41,reply,6a26b710000000001503cf9f,6a27aef60000000029034dfb,complete,endpoint_exhausted,0,0,0,shanghai,ssh_eip_shanghai,deep_shanghai,9341,16,complete,GK2026D1,,
2026-08-25T06:11:41,reply,6a26b710000000001503cf9f,6a27a783000000002702cbd1,complete,endpoint_exhausted,0,0,0,shanghai,ssh_eip_shanghai,deep_shanghai,9341,16,complete,GK2026D1,,
2026-08-25T06:11:41,reply,6a26b710000000001503cf9f,6a27a32a000000002803b33c,complete,endpoint_exhausted,0,0,0,shanghai,ssh_eip_shanghai,deep_shanghai,9341,16,complete,GK2026D1,,
2026-08-25T06:11:41,reply,6a26b710000000001503cf9f,6a279fc4000000002702f79d,complete,endpoint_exhausted,0,0,0,shanghai,ssh_eip_shanghai,deep_shanghai,9341,16,complete,GK2026D1,,
2026-08-25T06:11:58,reply,6a26b710000000001503cf9f,6a2782fc000000002900c95f,complete,endpoint_exhausted,0,0,0,shanghai,ssh_eip_shanghai,deep_shanghai,9341,16,complete,GK2026D1,,
2026-08-25T06:11:58,reply,6a26b710000000001503cf9f,6a277add000000002900ed8c,complete,endpoint_exhausted,0,0,0,shanghai,ssh_eip_shanghai,deep_shanghai,9341,16,complete,GK2026D1,,
2026-08-25T06:11:58,reply,6a26b710000000001503cf9f,6a277ad300000000280306dc,complete,endpoint_exhausted,0,0,0,shanghai,ssh_eip_shanghai,deep_shanghai,9341,16,complete,GK2026D1,,
2026-08-25T06:11:58,reply,6a26b710000000001503cf9f,6a2776ad000000002803422a,complete,endpoint_exhausted,0,0,0,shanghai,ssh_eip_shanghai,deep_shanghai,9341,16,complete,GK2026D1,,
2026-08-25T06:11:58,reply,6a26b710000000001503cf9f,6a277406000000002701c043,complete,endpoint_exhausted,0,0,0,shanghai,ssh_eip_shanghai,deep_shanghai,9341,16,complete,GK2026D1,,
2026-08-25T06:11:58,reply,6a26b710000000001503cf9f,6a277189000000002702cdba,complete,endpoint_exhausted,0,0,0,shanghai,ssh_eip_shanghai,deep_shanghai,9341,16,complete,GK2026D1,,
2026-08-25T06:11:58,reply,6a26b710000000001503cf9f,6a277141000000002902c378,complete,endpoint_exhausted,0,0,0,shanghai,ssh_eip_shanghai,deep_shanghai,9341,16,complete,GK2026D1,,
2026-08-25T06:11:58,reply,6a26b710000000001503cf9f,6a276fba000000002702a7ae,complete,endpoint_exhausted,0,0,0,shanghai,ssh_eip_shanghai,deep_shanghai,9341,16,complete,GK2026D1,,
2026-08-25T06:11:58,reply,6a26b710000000001503cf9f,6a2762560000000027020f1d,complete,endpoint_exhausted,0,0,0,shanghai,ssh_eip_shanghai,deep_shanghai,9341,16,complete,GK2026D1,,
2026-08-25T06:11:58,reply,6a26b710000000001503cf9f,6a2750e30000000029010746,complete,endpoint_exhausted,0,0,0,shanghai,ssh_eip_shanghai,deep_shanghai,9341,16,complete,GK2026D1,,
2026-08-25T06:12:14,reply,6a26b710000000001503cf9f,6a27490d000000002702aa2e,complete,endpoint_exhausted,0,0,0,shanghai,ssh_eip_shanghai,deep_shanghai,9341,16,complete,GK2026D1,,
2026-08-25T06:12:14,top_level,6a26b710000000001503cf9f,,complete,endpoint_exhausted,32,311,,shanghai,ssh_eip_shanghai,deep_shanghai,9341,16,complete,GK2026D1,True,
2026-08-25T06:25:14,reply,6a24dd2f000000002200acc3,6a24f34b000000002803ad80,complete,endpoint_exhausted,8,40,40,shanghai,ssh_eip_shanghai,deep_shanghai,9341,17,complete,GK2026D1,,
2026-08-25T06:26:51,reply,6a24dd2f000000002200acc3,6a2505410000000028008259,complete,endpoint_exhausted,6,30,30,shanghai,ssh_eip_shanghai,deep_shanghai,9341,17,complete,GK2026D1,,
2026-08-25T06:29:00,reply,6a24dd2f000000002200acc3,6a24edb4000000002701681b,complete,endpoint_exhausted,8,38,38,shanghai,ssh_eip_shanghai,deep_shanghai,9341,17,complete,GK2026D1,,
2026-08-25T06:29:32,reply,6a24dd2f000000002200acc3,6a24f99e000000002902740e,complete,endpoint_exhausted,2,7,7,shanghai,ssh_eip_shanghai,deep_shanghai,9341,17,complete,GK2026D1,,
2026-08-25T06:29:48,reply,6a24dd2f000000002200acc3,6a26a126000000002900ec58,complete,endpoint_exhausted,1,4,4,shanghai,ssh_eip_shanghai,deep_shanghai,9341,17,complete,GK2026D1,,
2026-08-25T06:30:21,reply,6a24dd2f000000002200acc3,6a264e9f000000002a0312c0,complete,endpoint_exhausted,2,9,9,shanghai,ssh_eip_shanghai,deep_shanghai,9341,17,complete,GK2026D1,,
2026-08-25T06:30:53,reply,6a24dd2f000000002200acc3,6a25f6730000000027023718,complete,endpoint_exhausted,2,7,7,shanghai,ssh_eip_shanghai,deep_shanghai,9341,17,complete,GK2026D1,,
2026-08-25T06:31:09,reply,6a24dd2f000000002200acc3,6a25a672000000002702cbac,complete,endpoint_exhausted,1,3,3,shanghai,ssh_eip_shanghai,deep_shanghai,9341,17,complete,GK2026D1,,
2026-08-25T06:31:09,reply,6a24dd2f000000002200acc3,6a269fdb0000000029025d1a,complete,endpoint_exhausted,0,1,1,shanghai,ssh_eip_shanghai,deep_shanghai,9341,17,complete,GK2026D1,,
2026-08-25T06:31:09,reply,6a24dd2f000000002200acc3,6a258438000000002902d012,complete,endpoint_exhausted,0,1,1,shanghai,ssh_eip_shanghai,deep_shanghai,9341,17,complete,GK2026D1,,
2026-08-25T06:31:25,reply,6a24dd2f000000002200acc3,6a28c0d2000000002702db74,complete,endpoint_exhausted,0,1,1,shanghai,ssh_eip_shanghai,deep_shanghai,9341,17,complete,GK2026D1,,
2026-08-25T06:31:25,reply,6a24dd2f000000002200acc3,6a28190b000000002a0323b3,complete,endpoint_exhausted,0,0,0,shanghai,ssh_eip_shanghai,deep_shanghai,9341,17,complete,GK2026D1,,
2026-08-25T06:31:25,reply,6a24dd2f000000002200acc3,6a2805e5000000002b0007ff,complete,endpoint_exhausted,0,0,0,shanghai,ssh_eip_shanghai,deep_shanghai,9341,17,complete,GK2026D1,,
2026-08-25T06:31:25,reply,6a24dd2f000000002200acc3,6a27f922000000002900c999,complete,endpoint_exhausted,0,0,0,shanghai,ssh_eip_shanghai,deep_shanghai,9341,17,complete,GK2026D1,,
2026-08-25T06:31:25,reply,6a24dd2f000000002200acc3,6a27f142000000002702d0e3,complete,endpoint_exhausted,0,0,0,shanghai,ssh_eip_shanghai,deep_shanghai,9341,17,complete,GK2026D1,,
2026-08-25T06:31:25,reply,6a24dd2f000000002200acc3,6a27c4c1000000002901187c,complete,endpoint_exhausted,0,0,0,shanghai,ssh_eip_shanghai,deep_shanghai,9341,17,complete,GK2026D1,,
2026-08-25T06:31:25,reply,6a24dd2f000000002200acc3,6a27ba4d00000000270224a9,complete,endpoint_exhausted,0,0,0,shanghai,ssh_eip_shanghai,deep_shanghai,9341,17,complete,GK2026D1,,
2026-08-25T06:31:25,reply,6a24dd2f000000002200acc3,6a27b11c0000000027020777,complete,endpoint_exhausted,0,1,1,shanghai,ssh_eip_shanghai,deep_shanghai,9341,17,complete,GK2026D1,,
2026-08-25T06:31:25,reply,6a24dd2f000000002200acc3,6a278e920000000029011c94,complete,endpoint_exhausted,0,0,0,shanghai,ssh_eip_shanghai,deep_shanghai,9341,17,complete,GK2026D1,,
2026-08-25T06:31:25,reply,6a24dd2f000000002200acc3,6a278960000000002701e266,complete,endpoint_exhausted,0,0,0,shanghai,ssh_eip_shanghai,deep_shanghai,9341,17,complete,GK2026D1,,
2026-08-25T06:31:41,reply,6a24dd2f000000002200acc3,6a27882b000000002a02fcce,complete,endpoint_exhausted,0,0,0,shanghai,ssh_eip_shanghai,deep_shanghai,9341,17,complete,GK2026D1,,
2026-08-25T06:31:41,reply,6a24dd2f000000002200acc3,6a2782730000000028035371,complete,endpoint_exhausted,0,0,0,shanghai,ssh_eip_shanghai,deep_shanghai,9341,17,complete,GK2026D1,,
2026-08-25T06:31:41,reply,6a24dd2f000000002200acc3,6a278014000000000d021803,complete,endpoint_exhausted,0,0,0,shanghai,ssh_eip_shanghai,deep_shanghai,9341,17,complete,GK2026D1,,
2026-08-25T06:31:41,reply,6a24dd2f000000002200acc3,6a277ca0000000002900cad1,complete,endpoint_exhausted,0,0,0,shanghai,ssh_eip_shanghai,deep_shanghai,9341,17,complete,GK2026D1,,
2026-08-25T06:31:41,reply,6a24dd2f000000002200acc3,6a276a280000000029025b45,complete,endpoint_exhausted,0,0,0,shanghai,ssh_eip_shanghai,deep_shanghai,9341,17,complete,GK2026D1,,
2026-08-25T06:31:41,reply,6a24dd2f000000002200acc3,6a2767c2000000002b003c03,complete,endpoint_exhausted,0,0,0,shanghai,ssh_eip_shanghai,deep_shanghai,9341,17,complete,GK2026D1,,
2026-08-25T06:31:41,reply,6a24dd2f000000002200acc3,6a276649000000002b02ae38,complete,endpoint_exhausted,0,0,0,shanghai,ssh_eip_shanghai,deep_shanghai,9341,17,complete,GK2026D1,,
2026-08-25T06:31:41,reply,6a24dd2f000000002200acc3,6a2756ec000000002b026cfa,complete,endpoint_exhausted,0,0,0,shanghai,ssh_eip_shanghai,deep_shanghai,9341,17,complete,GK2026D1,,
2026-08-25T06:31:41,reply,6a24dd2f000000002200acc3,6a275350000000002b026d78,complete,endpoint_exhausted,0,0,0,shanghai,ssh_eip_shanghai,deep_shanghai,9341,17,complete,GK2026D1,,
2026-08-25T06:31:41,reply,6a24dd2f000000002200acc3,6a26cd5c000000002902ed99,complete,endpoint_exhausted,0,0,0,shanghai,ssh_eip_shanghai,deep_shanghai,9341,17,complete,GK2026D1,,
2026-08-25T06:31:57,reply,6a24dd2f000000002200acc3,6a26c7d8000000002b02b1b7,complete,endpoint_exhausted,0,0,0,shanghai,ssh_eip_shanghai,deep_shanghai,9341,17,complete,GK2026D1,,
2026-08-25T06:31:57,reply,6a24dd2f000000002200acc3,6a26befe000000002b001e07,complete,endpoint_exhausted,0,0,0,shanghai,ssh_eip_shanghai,deep_shanghai,9341,17,complete,GK2026D1,,
2026-08-25T06:31:57,reply,6a24dd2f000000002200acc3,6a26a8a1000000002803e5d6,complete,endpoint_exhausted,0,0,0,shanghai,ssh_eip_shanghai,deep_shanghai,9341,17,complete,GK2026D1,,
2026-08-25T06:31:57,reply,6a24dd2f000000002200acc3,6a26a7e3000000002b024adc,complete,endpoint_exhausted,0,0,0,shanghai,ssh_eip_shanghai,deep_shanghai,9341,17,complete,GK2026D1,,
2026-08-25T06:31:57,reply,6a24dd2f000000002200acc3,6a26a652000000002b027c74,complete,endpoint_exhausted,0,0,0,shanghai,ssh_eip_shanghai,deep_shanghai,9341,17,complete,GK2026D1,,
2026-08-25T06:31:57,reply,6a24dd2f000000002200acc3,6a26a293000000002702b935,complete,endpoint_exhausted,0,0,0,shanghai,ssh_eip_shanghai,deep_shanghai,9341,17,complete,GK2026D1,,
2026-08-25T06:31:57,reply,6a24dd2f000000002200acc3,6a269d270000000028035e1f,complete,endpoint_exhausted,0,0,0,shanghai,ssh_eip_shanghai,deep_shanghai,9341,17,complete,GK2026D1,,
2026-08-25T06:31:57,reply,6a24dd2f000000002200acc3,6a269a82000000002702c381,complete,endpoint_exhausted,0,0,0,shanghai,ssh_eip_shanghai,deep_shanghai,9341,17,complete,GK2026D1,,
2026-08-25T06:31:57,reply,6a24dd2f000000002200acc3,6a26928e000000002901369a,complete,endpoint_exhausted,0,0,0,shanghai,ssh_eip_shanghai,deep_shanghai,9341,17,complete,GK2026D1,,
2026-08-25T06:31:57,reply,6a24dd2f000000002200acc3,6a268432000000002b0298d3,complete,endpoint_exhausted,0,1,1,shanghai,ssh_eip_shanghai,deep_shanghai,9341,17,complete,GK2026D1,,
2026-08-25T06:32:14,reply,6a24dd2f000000002200acc3,6a2683560000000028037415,complete,endpoint_exhausted,0,0,0,shanghai,ssh_eip_shanghai,deep_shanghai,9341,17,complete,GK2026D1,,
2026-08-25T06:32:14,reply,6a24dd2f000000002200acc3,6a267bc00000000029019d0f,complete,endpoint_exhausted,0,1,1,shanghai,ssh_eip_shanghai,deep_shanghai,9341,17,complete,GK2026D1,,
2026-08-25T06:32:14,reply,6a24dd2f000000002200acc3,6a267a120000000029019efb,complete,endpoint_exhausted,0,0,0,shanghai,ssh_eip_shanghai,deep_shanghai,9341,17,complete,GK2026D1,,
2026-08-25T06:32:14,reply,6a24dd2f000000002200acc3,6a26750000000000270140e5,complete,endpoint_exhausted,0,0,0,shanghai,ssh_eip_shanghai,deep_shanghai,9341,17,complete,GK2026D1,,
2026-08-25T06:32:14,reply,6a24dd2f000000002200acc3,6a26735b000000002a027e35,complete,endpoint_exhausted,0,0,0,shanghai,ssh_eip_shanghai,deep_shanghai,9341,17,complete,GK2026D1,,
2026-08-25T06:32:14,reply,6a24dd2f000000002200acc3,6a266467000000002a02f964,complete,endpoint_exhausted,0,0,0,shanghai,ssh_eip_shanghai,deep_shanghai,9341,17,complete,GK2026D1,,
2026-08-25T06:32:14,reply,6a24dd2f000000002200acc3,6a26632c000000002902de40,complete,endpoint_exhausted,0,0,0,shanghai,ssh_eip_shanghai,deep_shanghai,9341,17,complete,GK2026D1,,
2026-08-25T06:32:14,reply,6a24dd2f000000002200acc3,6a2662be000000002a027fa8,complete,endpoint_exhausted,0,0,0,shanghai,ssh_eip_shanghai,deep_shanghai,9341,17,complete,GK2026D1,,
2026-08-25T06:32:14,reply,6a24dd2f000000002200acc3,6a2661dd0000000027017d14,complete,endpoint_exhausted,0,0,0,shanghai,ssh_eip_shanghai,deep_shanghai,9341,17,complete,GK2026D1,,
2026-08-25T06:32:14,reply,6a24dd2f000000002200acc3,6a26609400000000290343f5,complete,endpoint_exhausted,0,0,0,shanghai,ssh_eip_shanghai,deep_shanghai,9341,17,complete,GK2026D1,,
2026-08-25T06:32:30,reply,6a24dd2f000000002200acc3,6a265dbd0000000029010987,complete,endpoint_exhausted,0,0,0,shanghai,ssh_eip_shanghai,deep_shanghai,9341,17,complete,GK2026D1,,
2026-08-25T06:32:30,reply,6a24dd2f000000002200acc3,6a265aa2000000002900c65f,complete,endpoint_exhausted,0,0,0,shanghai,ssh_eip_shanghai,deep_shanghai,9341,17,complete,GK2026D1,,
2026-08-25T06:32:30,reply,6a24dd2f000000002200acc3,6a265688000000002a030b7f,complete,endpoint_exhausted,0,0,0,shanghai,ssh_eip_shanghai,deep_shanghai,9341,17,complete,GK2026D1,,
2026-08-25T06:32:30,reply,6a24dd2f000000002200acc3,6a264814000000002702047f,complete,endpoint_exhausted,0,0,0,shanghai,ssh_eip_shanghai,deep_shanghai,9341,17,complete,GK2026D1,,
2026-08-25T06:32:30,reply,6a24dd2f000000002200acc3,6a2647da000000002b029edf,complete,endpoint_exhausted,0,1,1,shanghai,ssh_eip_shanghai,deep_shanghai,9341,17,complete,GK2026D1,,
2026-08-25T06:32:30,reply,6a24dd2f000000002200acc3,6a26469c00000000280095d9,complete,endpoint_exhausted,0,0,0,shanghai,ssh_eip_shanghai,deep_shanghai,9341,17,complete,GK2026D1,,
2026-08-25T06:32:30,reply,6a24dd2f000000002200acc3,6a263fe2000000002a02f0a6,complete,endpoint_exhausted,0,0,0,shanghai,ssh_eip_shanghai,deep_shanghai,9341,17,complete,GK2026D1,,
2026-08-25T06:32:30,reply,6a24dd2f000000002200acc3,6a263de6000000002902ee60,complete,endpoint_exhausted,0,0,0,shanghai,ssh_eip_shanghai,deep_shanghai,9341,17,complete,GK2026D1,,
2026-08-25T06:32:30,reply,6a24dd2f000000002200acc3,6a263d2c000000002702008c,complete,endpoint_exhausted,0,0,0,shanghai,ssh_eip_shanghai,deep_shanghai,9341,17,complete,GK2026D1,,
2026-08-25T06:32:30,reply,6a24dd2f000000002200acc3,6a263bf7000000002701f76a,complete,endpoint_exhausted,0,0,0,shanghai,ssh_eip_shanghai,deep_shanghai,9341,17,complete,GK2026D1,,
2026-08-25T06:32:46,reply,6a24dd2f000000002200acc3,6a263705000000002702a613,complete,endpoint_exhausted,0,0,0,shanghai,ssh_eip_shanghai,deep_shanghai,9341,17,complete,GK2026D1,,
2026-08-25T06:32:46,reply,6a24dd2f000000002200acc3,6a263297000000002a0258c6,complete,endpoint_exhausted,0,1,1,shanghai,ssh_eip_shanghai,deep_shanghai,9341,17,complete,GK2026D1,,
2026-08-25T06:32:46,reply,6a24dd2f000000002200acc3,6a263066000000002b02a1b1,complete,endpoint_exhausted,0,0,0,shanghai,ssh_eip_shanghai,deep_shanghai,9341,17,complete,GK2026D1,,
2026-08-25T06:32:46,reply,6a24dd2f000000002200acc3,6a26305b00000000280324d8,complete,endpoint_exhausted,0,0,0,shanghai,ssh_eip_shanghai,deep_shanghai,9341,17,complete,GK2026D1,,
2026-08-25T06:32:46,reply,6a24dd2f000000002200acc3,6a2628c6000000002701cd7f,complete,endpoint_exhausted,0,1,1,shanghai,ssh_eip_shanghai,deep_shanghai,9341,17,complete,GK2026D1,,
2026-08-25T06:32:46,reply,6a24dd2f000000002200acc3,6a262800000000002a031190,complete,endpoint_exhausted,0,0,0,shanghai,ssh_eip_shanghai,deep_shanghai,9341,17,complete,GK2026D1,,
2026-08-25T06:32:46,reply,6a24dd2f000000002200acc3,6a2625a80000000029010c99,complete,endpoint_exhausted,0,0,0,shanghai,ssh_eip_shanghai,deep_shanghai,9341,17,complete,GK2026D1,,
2026-08-25T06:32:46,reply,6a24dd2f000000002200acc3,6a26216a00000000270202ec,complete,endpoint_exhausted,0,0,0,shanghai,ssh_eip_shanghai,deep_shanghai,9341,17,complete,GK2026D1,,
2026-08-25T06:32:46,reply,6a24dd2f000000002200acc3,6a261bbe000000002803a1c0,complete,endpoint_exhausted,0,0,0,shanghai,ssh_eip_shanghai,deep_shanghai,9341,17,complete,GK2026D1,,
2026-08-25T06:32:46,reply,6a24dd2f000000002200acc3,6a261afa0000000027023479,complete,endpoint_exhausted,0,0,0,shanghai,ssh_eip_shanghai,deep_shanghai,9341,17,complete,GK2026D1,,
2026-08-25T06:33:02,reply,6a24dd2f000000002200acc3,6a261ace000000002a02f9f8,complete,endpoint_exhausted,0,0,0,shanghai,ssh_eip_shanghai,deep_shanghai,9341,17,complete,GK2026D1,,
2026-08-25T06:33:02,reply,6a24dd2f000000002200acc3,6a261a98000000002b024d28,complete,endpoint_exhausted,0,1,1,shanghai,ssh_eip_shanghai,deep_shanghai,9341,17,complete,GK2026D1,,
2026-08-25T06:33:02,reply,6a24dd2f000000002200acc3,6a261a8d0000000029018792,complete,endpoint_exhausted,0,0,0,shanghai,ssh_eip_shanghai,deep_shanghai,9341,17,complete,GK2026D1,,
2026-08-25T06:33:02,reply,6a24dd2f000000002200acc3,6a2618080000000029013be8,complete,endpoint_exhausted,0,0,0,shanghai,ssh_eip_shanghai,deep_shanghai,9341,17,complete,GK2026D1,,
2026-08-25T06:33:02,reply,6a24dd2f000000002200acc3,6a26171d000000002803f5ce,complete,endpoint_exhausted,0,0,0,shanghai,ssh_eip_shanghai,deep_shanghai,9341,17,complete,GK2026D1,,
2026-08-25T06:33:02,reply,6a24dd2f000000002200acc3,6a261693000000002a02fc04,complete,endpoint_exhausted,0,0,0,shanghai,ssh_eip_shanghai,deep_shanghai,9341,17,complete,GK2026D1,,
2026-08-25T06:33:02,reply,6a24dd2f000000002200acc3,6a26148f000000002701c0bc,complete,endpoint_exhausted,0,0,0,shanghai,ssh_eip_shanghai,deep_shanghai,9341,17,complete,GK2026D1,,
2026-08-25T06:33:02,reply,6a24dd2f000000002200acc3,6a260fb8000000002900e511,complete,endpoint_exhausted,0,0,0,shanghai,ssh_eip_shanghai,deep_shanghai,9341,17,complete,GK2026D1,,
2026-08-25T06:33:02,reply,6a24dd2f000000002200acc3,6a260f7a0000000029025ff6,complete,endpoint_exhausted,0,0,0,shanghai,ssh_eip_shanghai,deep_shanghai,9341,17,complete,GK2026D1,,
2026-08-25T06:33:02,reply,6a24dd2f000000002200acc3,6a260c76000000002900fe7e,complete,endpoint_exhausted,0,0,0,shanghai,ssh_eip_shanghai,deep_shanghai,9341,17,complete,GK2026D1,,
2026-08-25T06:33:18,reply,6a24dd2f000000002200acc3,6a260c2a000000002b000f2d,complete,endpoint_exhausted,0,1,1,shanghai,ssh_eip_shanghai,deep_shanghai,9341,17,complete,GK2026D1,,
2026-08-25T06:33:18,reply,6a24dd2f000000002200acc3,6a260c26000000002701f04b,complete,endpoint_exhausted,0,0,0,shanghai,ssh_eip_shanghai,deep_shanghai,9341,17,complete,GK2026D1,,
2026-08-25T06:33:18,reply,6a24dd2f000000002200acc3,6a260b1f0000000028035c6b,complete,endpoint_exhausted,0,0,0,shanghai,ssh_eip_shanghai,deep_shanghai,9341,17,complete,GK2026D1,,
2026-08-25T06:33:18,reply,6a24dd2f000000002200acc3,6a2608a4000000002701d1ec,complete,endpoint_exhausted,0,0,0,shanghai,ssh_eip_shanghai,deep_shanghai,9341,17,complete,GK2026D1,,
2026-08-25T06:33:18,reply,6a24dd2f000000002200acc3,6a26074a000000002a0076cd,complete,endpoint_exhausted,0,0,0,shanghai,ssh_eip_shanghai,deep_shanghai,9341,17,complete,GK2026D1,,
2026-08-25T06:33:18,reply,6a24dd2f000000002200acc3,6a2606c700000000290103fa,complete,endpoint_exhausted,0,0,0,shanghai,ssh_eip_shanghai,deep_shanghai,9341,17,complete,GK2026D1,,
2026-08-25T06:33:18,reply,6a24dd2f000000002200acc3,6a260670000000002a006990,complete,endpoint_exhausted,0,0,0,shanghai,ssh_eip_shanghai,deep_shanghai,9341,17,complete,GK2026D1,,
2026-08-25T06:33:18,reply,6a24dd2f000000002200acc3,6a260570000000002901b538,complete,endpoint_exhausted,0,0,0,shanghai,ssh_eip_shanghai,deep_shanghai,9341,17,complete,GK2026D1,,
2026-08-25T06:33:18,reply,6a24dd2f000000002200acc3,6a26044b000000002b02b073,complete,endpoint_exhausted,0,0,0,shanghai,ssh_eip_shanghai,deep_shanghai,9341,17,complete,GK2026D1,,
2026-08-25T06:33:18,reply,6a24dd2f000000002200acc3,6a2603eb000000002701e7c4,complete,endpoint_exhausted,0,0,0,shanghai,ssh_eip_shanghai,deep_shanghai,9341,17,complete,GK2026D1,,
2026-08-25T06:33:34,reply,6a24dd2f000000002200acc3,6a2602d50000000027017fa9,complete,endpoint_exhausted,0,0,0,shanghai,ssh_eip_shanghai,deep_shanghai,9341,17,complete,GK2026D1,,
2026-08-25T06:33:34,reply,6a24dd2f000000002200acc3,6a25fa15000000002901983c,complete,endpoint_exhausted,0,0,0,shanghai,ssh_eip_shanghai,deep_shanghai,9341,17,complete,GK2026D1,,
2026-08-25T06:33:34,reply,6a24dd2f000000002200acc3,6a258a29000000002a02e17f,complete,endpoint_exhausted,0,0,0,shanghai,ssh_eip_shanghai,deep_shanghai,9341,17,complete,GK2026D1,,
2026-08-25T06:33:34,reply,6a24dd2f000000002200acc3,6a2586a3000000002b0274f4,complete,endpoint_exhausted,0,0,0,shanghai,ssh_eip_shanghai,deep_shanghai,9341,17,complete,GK2026D1,,
2026-08-25T06:33:34,reply,6a24dd2f000000002200acc3,6a257fe8000000002803be4f,complete,endpoint_exhausted,0,0,0,shanghai,ssh_eip_shanghai,deep_shanghai,9341,17,complete,GK2026D1,,
2026-08-25T06:33:34,reply,6a24dd2f000000002200acc3,6a257de1000000002803c3c6,complete,endpoint_exhausted,0,0,0,shanghai,ssh_eip_shanghai,deep_shanghai,9341,17,complete,GK2026D1,,
2026-08-25T06:33:34,reply,6a24dd2f000000002200acc3,6a257c0a000000002902d358,complete,endpoint_exhausted,0,0,0,shanghai,ssh_eip_shanghai,deep_shanghai,9341,17,complete,GK2026D1,,
2026-08-25T06:33:34,reply,6a24dd2f000000002200acc3,6a257a83000000002702318a,complete,endpoint_exhausted,0,0,0,shanghai,ssh_eip_shanghai,deep_shanghai,9341,17,complete,GK2026D1,,
2026-08-25T06:33:34,reply,6a24dd2f000000002200acc3,6a2576ac0000000029036101,complete,endpoint_exhausted,0,0,0,shanghai,ssh_eip_shanghai,deep_shanghai,9341,17,complete,GK2026D1,,
2026-08-25T06:33:34,reply,6a24dd2f000000002200acc3,6a25759f00000000280375a4,complete,endpoint_exhausted,0,1,1,shanghai,ssh_eip_shanghai,deep_shanghai,9341,17,complete,GK2026D1,,
2026-08-25T06:33:50,reply,6a24dd2f000000002200acc3,6a257537000000002b027562,complete,endpoint_exhausted,0,0,0,shanghai,ssh_eip_shanghai,deep_shanghai,9341,17,complete,GK2026D1,,
2026-08-25T06:33:50,reply,6a24dd2f000000002200acc3,6a25714b0000000027021a11,complete,endpoint_exhausted,0,0,0,shanghai,ssh_eip_shanghai,deep_shanghai,9341,17,complete,GK2026D1,,
2026-08-25T06:34:07,reply,6a24dd2f000000002200acc3,6a256f1d0000000029019fb2,complete,endpoint_exhausted,1,2,2,shanghai,ssh_eip_shanghai,deep_shanghai,9341,17,complete,GK2026D1,,
2026-08-25T06:34:07,reply,6a24dd2f000000002200acc3,6a256d110000000028035ca8,complete,endpoint_exhausted,0,0,0,shanghai,ssh_eip_shanghai,deep_shanghai,9341,17,complete,GK2026D1,,
2026-08-25T06:34:07,reply,6a24dd2f000000002200acc3,6a256ca2000000002702fdf6,complete,endpoint_exhausted,0,0,0,shanghai,ssh_eip_shanghai,deep_shanghai,9341,17,complete,GK2026D1,,
2026-08-25T06:34:07,reply,6a24dd2f000000002200acc3,6a256a70000000002b025092,complete,endpoint_exhausted,0,0,0,shanghai,ssh_eip_shanghai,deep_shanghai,9341,17,complete,GK2026D1,,
2026-08-25T06:34:07,reply,6a24dd2f000000002200acc3,6a2567b2000000002803a23a,complete,endpoint_exhausted,0,0,0,shanghai,ssh_eip_shanghai,deep_shanghai,9341,17,complete,GK2026D1,,
2026-08-25T06:34:07,reply,6a24dd2f000000002200acc3,6a25662700000000290260d4,complete,endpoint_exhausted,0,0,0,shanghai,ssh_eip_shanghai,deep_shanghai,9341,17,complete,GK2026D1,,
2026-08-25T06:34:07,reply,6a24dd2f000000002200acc3,6a2565fe000000000d022002,complete,endpoint_exhausted,0,0,0,shanghai,ssh_eip_shanghai,deep_shanghai,9341,17,complete,GK2026D1,,
2026-08-25T06:34:07,reply,6a24dd2f000000002200acc3,6a25654b000000002b002d6c,complete,endpoint_exhausted,0,0,0,shanghai,ssh_eip_shanghai,deep_shanghai,9341,17,complete,GK2026D1,,
2026-08-25T06:34:23,reply,6a24dd2f000000002200acc3,6a256359000000002701c952,complete,endpoint_exhausted,0,0,0,shanghai,ssh_eip_shanghai,deep_shanghai,9341,17,complete,GK2026D1,,
2026-08-25T06:34:23,reply,6a24dd2f000000002200acc3,6a2560840000000027022fff,complete,endpoint_exhausted,0,0,0,shanghai,ssh_eip_shanghai,deep_shanghai,9341,17,complete,GK2026D1,,
2026-08-25T06:34:23,reply,6a24dd2f000000002200acc3,6a255fc20000000028009a65,complete,endpoint_exhausted,0,0,0,shanghai,ssh_eip_shanghai,deep_shanghai,9341,17,complete,GK2026D1,,
2026-08-25T06:34:23,reply,6a24dd2f000000002200acc3,6a255e360000000029012c5c,complete,endpoint_exhausted,0,0,0,shanghai,ssh_eip_shanghai,deep_shanghai,9341,17,complete,GK2026D1,,
2026-08-25T06:34:23,reply,6a24dd2f000000002200acc3,6a2559c60000000027016f81,complete,endpoint_exhausted,0,0,0,shanghai,ssh_eip_shanghai,deep_shanghai,9341,17,complete,GK2026D1,,
2026-08-25T06:34:23,reply,6a24dd2f000000002200acc3,6a255831000000000d021800,complete,endpoint_exhausted,0,0,0,shanghai,ssh_eip_shanghai,deep_shanghai,9341,17,complete,GK2026D1,,
2026-08-25T06:34:23,reply,6a24dd2f000000002200acc3,6a255799000000002702ee64,complete,endpoint_exhausted,0,0,0,shanghai,ssh_eip_shanghai,deep_shanghai,9341,17,complete,GK2026D1,,
2026-08-25T06:34:23,reply,6a24dd2f000000002200acc3,6a255536000000002702d937,complete,endpoint_exhausted,0,1,1,shanghai,ssh_eip_shanghai,deep_shanghai,9341,17,complete,GK2026D1,,
2026-08-25T06:34:39,reply,6a24dd2f000000002200acc3,6a255373000000002803b534,complete,endpoint_exhausted,1,2,2,shanghai,ssh_eip_shanghai,deep_shanghai,9341,17,complete,GK2026D1,,
2026-08-25T06:34:39,reply,6a24dd2f000000002200acc3,6a255037000000002701e592,complete,endpoint_exhausted,0,0,0,shanghai,ssh_eip_shanghai,deep_shanghai,9341,17,complete,GK2026D1,,
2026-08-25T06:34:55,reply,6a24dd2f000000002200acc3,6a254893000000002901140c,complete,endpoint_exhausted,0,0,0,shanghai,ssh_eip_shanghai,deep_shanghai,9341,17,complete,GK2026D1,,
2026-08-25T06:34:55,reply,6a24dd2f000000002200acc3,6a2543f2000000002900f289,complete,endpoint_exhausted,0,0,0,shanghai,ssh_eip_shanghai,deep_shanghai,9341,17,complete,GK2026D1,,
2026-08-25T06:34:55,reply,6a24dd2f000000002200acc3,6a254274000000002b000bc0,complete,endpoint_exhausted,0,0,0,shanghai,ssh_eip_shanghai,deep_shanghai,9341,17,complete,GK2026D1,,
2026-08-25T06:34:55,reply,6a24dd2f000000002200acc3,6a253f5b00000000270168a8,complete,endpoint_exhausted,0,0,0,shanghai,ssh_eip_shanghai,deep_shanghai,9341,17,complete,GK2026D1,,
2026-08-25T06:34:55,reply,6a24dd2f000000002200acc3,6a2538bf000000002702ec3d,complete,endpoint_exhausted,0,0,0,shanghai,ssh_eip_shanghai,deep_shanghai,9341,17,complete,GK2026D1,,
2026-08-25T06:34:55,reply,6a24dd2f000000002200acc3,6a25387b000000002b0297f4,complete,endpoint_exhausted,0,0,0,shanghai,ssh_eip_shanghai,deep_shanghai,9341,17,complete,GK2026D1,,
2026-08-25T06:34:55,reply,6a24dd2f000000002200acc3,6a25368b00000000290276f9,complete,endpoint_exhausted,0,0,0,shanghai,ssh_eip_shanghai,deep_shanghai,9341,17,complete,GK2026D1,,
2026-08-25T06:34:55,reply,6a24dd2f000000002200acc3,6a2535de000000002701de17,complete,endpoint_exhausted,0,0,0,shanghai,ssh_eip_shanghai,deep_shanghai,9341,17,complete,GK2026D1,,
2026-08-25T06:34:55,reply,6a24dd2f000000002200acc3,6a25346c0000000027017911,complete,endpoint_exhausted,0,0,0,shanghai,ssh_eip_shanghai,deep_shanghai,9341,17,complete,GK2026D1,,
2026-08-25T06:34:55,reply,6a24dd2f000000002200acc3,6a2531cc000000002803b08f,complete,endpoint_exhausted,0,0,0,shanghai,ssh_eip_shanghai,deep_shanghai,9341,17,complete,GK2026D1,,
2026-08-25T06:35:11,reply,6a24dd2f000000002200acc3,6a25315b00000000290350e7,complete,endpoint_exhausted,0,0,0,shanghai,ssh_eip_shanghai,deep_shanghai,9341,17,complete,GK2026D1,,
2026-08-25T06:35:11,reply,6a24dd2f000000002200acc3,6a25313c000000002900e126,complete,endpoint_exhausted,0,1,1,shanghai,ssh_eip_shanghai,deep_shanghai,9341,17,complete,GK2026D1,,
2026-08-25T06:35:11,reply,6a24dd2f000000002200acc3,6a253105000000002b001c42,complete,endpoint_exhausted,0,0,0,shanghai,ssh_eip_shanghai,deep_shanghai,9341,17,complete,GK2026D1,,
2026-08-25T06:35:11,reply,6a24dd2f000000002200acc3,6a252fa70000000029034974,complete,endpoint_exhausted,0,0,0,shanghai,ssh_eip_shanghai,deep_shanghai,9341,17,complete,GK2026D1,,
2026-08-25T06:35:11,reply,6a24dd2f000000002200acc3,6a252e3f000000002701777d,complete,endpoint_exhausted,0,0,0,shanghai,ssh_eip_shanghai,deep_shanghai,9341,17,complete,GK2026D1,,
2026-08-25T06:35:11,reply,6a24dd2f000000002200acc3,6a252e040000000028035861,complete,endpoint_exhausted,0,0,0,shanghai,ssh_eip_shanghai,deep_shanghai,9341,17,complete,GK2026D1,,
2026-08-25T06:35:11,reply,6a24dd2f000000002200acc3,6a252b00000000002a0250ab,complete,endpoint_exhausted,0,0,0,shanghai,ssh_eip_shanghai,deep_shanghai,9341,17,complete,GK2026D1,,
2026-08-25T06:35:11,reply,6a24dd2f000000002200acc3,6a25286b000000002b025e7e,complete,endpoint_exhausted,0,0,0,shanghai,ssh_eip_shanghai,deep_shanghai,9341,17,complete,GK2026D1,,
2026-08-25T06:35:27,reply,6a24dd2f000000002200acc3,6a252725000000002800ab80,complete,endpoint_exhausted,1,4,4,shanghai,ssh_eip_shanghai,deep_shanghai,9341,17,complete,GK2026D1,,
2026-08-25T06:35:27,reply,6a24dd2f000000002200acc3,6a2526f4000000002803b8d0,complete,endpoint_exhausted,0,0,0,shanghai,ssh_eip_shanghai,deep_shanghai,9341,17,complete,GK2026D1,,
2026-08-25T06:35:44,reply,6a24dd2f000000002200acc3,6a2526f2000000002803d645,complete,endpoint_exhausted,0,0,0,shanghai,ssh_eip_shanghai,deep_shanghai,9341,17,complete,GK2026D1,,
2026-08-25T06:35:44,reply,6a24dd2f000000002200acc3,6a2525d40000000028035613,complete,endpoint_exhausted,0,0,0,shanghai,ssh_eip_shanghai,deep_shanghai,9341,17,complete,GK2026D1,,
2026-08-25T06:35:44,reply,6a24dd2f000000002200acc3,6a2524d8000000002803bbcd,complete,endpoint_exhausted,0,0,0,shanghai,ssh_eip_shanghai,deep_shanghai,9341,17,complete,GK2026D1,,
2026-08-25T06:35:44,reply,6a24dd2f000000002200acc3,6a2524ba000000002b027668,complete,endpoint_exhausted,0,0,0,shanghai,ssh_eip_shanghai,deep_shanghai,9341,17,complete,GK2026D1,,
2026-08-25T06:35:44,reply,6a24dd2f000000002200acc3,6a252058000000002803b180,complete,endpoint_exhausted,0,0,0,shanghai,ssh_eip_shanghai,deep_shanghai,9341,17,complete,GK2026D1,,
2026-08-25T06:35:44,reply,6a24dd2f000000002200acc3,6a251a830000000029012c68,complete,endpoint_exhausted,0,0,0,shanghai,ssh_eip_shanghai,deep_shanghai,9341,17,complete,GK2026D1,,
2026-08-25T06:35:44,reply,6a24dd2f000000002200acc3,6a2519e2000000002900eabc,complete,endpoint_exhausted,0,0,0,shanghai,ssh_eip_shanghai,deep_shanghai,9341,17,complete,GK2026D1,,
2026-08-25T06:35:44,reply,6a24dd2f000000002200acc3,6a2519a10000000027029639,complete,endpoint_exhausted,0,0,0,shanghai,ssh_eip_shanghai,deep_shanghai,9341,17,complete,GK2026D1,,
2026-08-25T06:35:44,reply,6a24dd2f000000002200acc3,6a2518f30000000029027137,complete,endpoint_exhausted,0,0,0,shanghai,ssh_eip_shanghai,deep_shanghai,9341,17,complete,GK2026D1,,
2026-08-25T06:36:48,reply,6a24dd2f000000002200acc3,6a251790000000002803aea7,complete,endpoint_exhausted,4,17,17,shanghai,ssh_eip_shanghai,deep_shanghai,9341,17,complete,GK2026D1,,
2026-08-25T06:37:04,reply,6a24dd2f000000002200acc3,6a2515a2000000002702af52,complete,endpoint_exhausted,0,0,0,shanghai,ssh_eip_shanghai,deep_shanghai,9341,17,complete,GK2026D1,,
2026-08-25T06:37:04,reply,6a24dd2f000000002200acc3,6a251579000000002803ba32,complete,endpoint_exhausted,0,0,0,shanghai,ssh_eip_shanghai,deep_shanghai,9341,17,complete,GK2026D1,,
2026-08-25T06:37:04,reply,6a24dd2f000000002200acc3,6a251553000000002a02eb78,complete,endpoint_exhausted,0,0,0,shanghai,ssh_eip_shanghai,deep_shanghai,9341,17,complete,GK2026D1,,
2026-08-25T06:37:04,reply,6a24dd2f000000002200acc3,6a2514d0000000002803972e,complete,endpoint_exhausted,0,0,0,shanghai,ssh_eip_shanghai,deep_shanghai,9341,17,complete,GK2026D1,,
2026-08-25T06:37:20,reply,6a24dd2f000000002200acc3,6a25145e000000002b02685f,complete,endpoint_exhausted,1,3,3,shanghai,ssh_eip_shanghai,deep_shanghai,9341,17,complete,GK2026D1,,
2026-08-25T06:37:20,reply,6a24dd2f000000002200acc3,6a2514540000000029036c74,complete,endpoint_exhausted,0,0,0,shanghai,ssh_eip_shanghai,deep_shanghai,9341,17,complete,GK2026D1,,
2026-08-25T06:37:20,reply,6a24dd2f000000002200acc3,6a2513e4000000002900d329,complete,endpoint_exhausted,0,0,0,shanghai,ssh_eip_shanghai,deep_shanghai,9341,17,complete,GK2026D1,,
2026-08-25T06:37:20,reply,6a24dd2f000000002200acc3,6a2512ef000000002b026c3c,complete,endpoint_exhausted,0,0,0,shanghai,ssh_eip_shanghai,deep_shanghai,9341,17,complete,GK2026D1,,
2026-08-25T06:37:20,reply,6a24dd2f000000002200acc3,6a2512de0000000029027399,complete,endpoint_exhausted,0,0,0,shanghai,ssh_eip_shanghai,deep_shanghai,9341,17,complete,GK2026D1,,
2026-08-25T06:37:20,reply,6a24dd2f000000002200acc3,6a251290000000002803377d,complete,endpoint_exhausted,0,0,0,shanghai,ssh_eip_shanghai,deep_shanghai,9341,17,complete,GK2026D1,,
2026-08-25T06:37:37,reply,6a24dd2f000000002200acc3,6a251216000000002803c9d7,complete,endpoint_exhausted,0,0,0,shanghai,ssh_eip_shanghai,deep_shanghai,9341,17,complete,GK2026D1,,
2026-08-25T06:37:37,reply,6a24dd2f000000002200acc3,6a2511ff00000000280314c7,complete,endpoint_exhausted,0,0,0,shanghai,ssh_eip_shanghai,deep_shanghai,9341,17,complete,GK2026D1,,
2026-08-25T06:37:37,reply,6a24dd2f000000002200acc3,6a251097000000002900cf43,complete,endpoint_exhausted,0,0,0,shanghai,ssh_eip_shanghai,deep_shanghai,9341,17,complete,GK2026D1,,
2026-08-25T06:37:53,reply,6a24dd2f000000002200acc3,6a25107a0000000029018164,complete,endpoint_exhausted,1,4,4,shanghai,ssh_eip_shanghai,deep_shanghai,9341,17,complete,GK2026D1,,
2026-08-25T06:37:53,reply,6a24dd2f000000002200acc3,6a251068000000002a026531,complete,endpoint_exhausted,0,0,0,shanghai,ssh_eip_shanghai,deep_shanghai,9341,17,complete,GK2026D1,,
2026-08-25T06:37:53,reply,6a24dd2f000000002200acc3,6a250f9b00000000270290f9,complete,endpoint_exhausted,0,0,0,shanghai,ssh_eip_shanghai,deep_shanghai,9341,17,complete,GK2026D1,,
2026-08-25T06:37:53,reply,6a24dd2f000000002200acc3,6a250ef80000000029010bdb,complete,endpoint_exhausted,0,0,0,shanghai,ssh_eip_shanghai,deep_shanghai,9341,17,complete,GK2026D1,,
2026-08-25T06:37:53,reply,6a24dd2f000000002200acc3,6a250e8a000000002b0270e6,complete,endpoint_exhausted,0,0,0,shanghai,ssh_eip_shanghai,deep_shanghai,9341,17,complete,GK2026D1,,
2026-08-25T06:37:53,reply,6a24dd2f000000002200acc3,6a250e43000000002902cadd,complete,endpoint_exhausted,0,0,0,shanghai,ssh_eip_shanghai,deep_shanghai,9341,17,complete,GK2026D1,,
2026-08-25T06:37:53,reply,6a24dd2f000000002200acc3,6a250e3d000000002a0245d8,complete,endpoint_exhausted,0,0,0,shanghai,ssh_eip_shanghai,deep_shanghai,9341,17,complete,GK2026D1,,
2026-08-25T06:38:09,reply,6a24dd2f000000002200acc3,6a250db80000000028032025,complete,endpoint_exhausted,0,0,0,shanghai,ssh_eip_shanghai,deep_shanghai,9341,17,complete,GK2026D1,,
2026-08-25T06:38:09,reply,6a24dd2f000000002200acc3,6a250d6d000000002a007a4f,complete,endpoint_exhausted,0,0,0,shanghai,ssh_eip_shanghai,deep_shanghai,9341,17,complete,GK2026D1,,
2026-08-25T06:38:09,reply,6a24dd2f000000002200acc3,6a250d3e000000002701e1bc,complete,endpoint_exhausted,0,0,0,shanghai,ssh_eip_shanghai,deep_shanghai,9341,17,complete,GK2026D1,,
2026-08-25T06:38:09,reply,6a24dd2f000000002200acc3,6a250d21000000002803ef37,complete,endpoint_exhausted,0,0,0,shanghai,ssh_eip_shanghai,deep_shanghai,9341,17,complete,GK2026D1,,
2026-08-25T06:38:09,reply,6a24dd2f000000002200acc3,6a250c9e000000002701faad,complete,endpoint_exhausted,0,0,0,shanghai,ssh_eip_shanghai,deep_shanghai,9341,17,complete,GK2026D1,,
2026-08-25T06:38:09,reply,6a24dd2f000000002200acc3,6a250c70000000002803106d,complete,endpoint_exhausted,0,0,0,shanghai,ssh_eip_shanghai,deep_shanghai,9341,17,complete,GK2026D1,,
2026-08-25T06:38:09,reply,6a24dd2f000000002200acc3,6a250c150000000027023cd6,complete,endpoint_exhausted,0,0,0,shanghai,ssh_eip_shanghai,deep_shanghai,9341,17,complete,GK2026D1,,
2026-08-25T06:38:09,reply,6a24dd2f000000002200acc3,6a250b87000000002702a458,complete,endpoint_exhausted,0,0,0,shanghai,ssh_eip_shanghai,deep_shanghai,9341,17,complete,GK2026D1,,
2026-08-25T06:38:09,reply,6a24dd2f000000002200acc3,6a250b7e000000002702a265,complete,endpoint_exhausted,0,0,0,shanghai,ssh_eip_shanghai,deep_shanghai,9341,17,complete,GK2026D1,,
2026-08-25T06:38:09,reply,6a24dd2f000000002200acc3,6a250b310000000028030a96,complete,endpoint_exhausted,0,0,0,shanghai,ssh_eip_shanghai,deep_shanghai,9341,17,complete,GK2026D1,,
2026-08-25T06:38:25,reply,6a24dd2f000000002200acc3,6a250b03000000000d023005,complete,endpoint_exhausted,0,0,0,shanghai,ssh_eip_shanghai,deep_shanghai,9341,17,complete,GK2026D1,,
2026-08-25T06:38:25,reply,6a24dd2f000000002200acc3,6a25097a0000000029018f60,complete,endpoint_exhausted,0,1,1,shanghai,ssh_eip_shanghai,deep_shanghai,9341,17,complete,GK2026D1,,
2026-08-25T06:38:25,reply,6a24dd2f000000002200acc3,6a250957000000000d022802,complete,endpoint_exhausted,0,0,0,shanghai,ssh_eip_shanghai,deep_shanghai,9341,17,complete,GK2026D1,,
2026-08-25T06:38:25,reply,6a24dd2f000000002200acc3,6a25087d0000000027015403,complete,endpoint_exhausted,0,0,0,shanghai,ssh_eip_shanghai,deep_shanghai,9341,17,complete,GK2026D1,,
2026-08-25T06:38:25,reply,6a24dd2f000000002200acc3,6a2508550000000029037332,complete,endpoint_exhausted,0,0,0,shanghai,ssh_eip_shanghai,deep_shanghai,9341,17,complete,GK2026D1,,
2026-08-25T06:38:25,reply,6a24dd2f000000002200acc3,6a25083f000000000d022801,complete,endpoint_exhausted,0,0,0,shanghai,ssh_eip_shanghai,deep_shanghai,9341,17,complete,GK2026D1,,
2026-08-25T06:38:25,reply,6a24dd2f000000002200acc3,6a2507ab0000000027016199,complete,endpoint_exhausted,0,0,0,shanghai,ssh_eip_shanghai,deep_shanghai,9341,17,complete,GK2026D1,,
2026-08-25T06:38:25,reply,6a24dd2f000000002200acc3,6a25079c000000002900ea88,complete,endpoint_exhausted,0,0,0,shanghai,ssh_eip_shanghai,deep_shanghai,9341,17,complete,GK2026D1,,
2026-08-25T06:38:25,reply,6a24dd2f000000002200acc3,6a25074d000000002803dd8a,complete,endpoint_exhausted,0,0,0,shanghai,ssh_eip_shanghai,deep_shanghai,9341,17,complete,GK2026D1,,
2026-08-25T06:38:25,reply,6a24dd2f000000002200acc3,6a250734000000002901a1fa,complete,endpoint_exhausted,0,1,1,shanghai,ssh_eip_shanghai,deep_shanghai,9341,17,complete,GK2026D1,,
2026-08-25T06:38:41,reply,6a24dd2f000000002200acc3,6a25072e0000000027021672,complete,endpoint_exhausted,0,0,0,shanghai,ssh_eip_shanghai,deep_shanghai,9341,17,complete,GK2026D1,,
2026-08-25T06:38:41,reply,6a24dd2f000000002200acc3,6a250700000000002702c7bc,complete,endpoint_exhausted,0,1,1,shanghai,ssh_eip_shanghai,deep_shanghai,9341,17,complete,GK2026D1,,
2026-08-25T06:38:41,reply,6a24dd2f000000002200acc3,6a25067f0000000028039c6f,complete,endpoint_exhausted,0,0,0,shanghai,ssh_eip_shanghai,deep_shanghai,9341,17,complete,GK2026D1,,
2026-08-25T06:38:41,reply,6a24dd2f000000002200acc3,6a250661000000002701c955,complete,endpoint_exhausted,0,0,0,shanghai,ssh_eip_shanghai,deep_shanghai,9341,17,complete,GK2026D1,,
2026-08-25T06:38:41,reply,6a24dd2f000000002200acc3,6a2506260000000027021c36,complete,endpoint_exhausted,0,0,0,shanghai,ssh_eip_shanghai,deep_shanghai,9341,17,complete,GK2026D1,,
2026-08-25T06:38:41,reply,6a24dd2f000000002200acc3,6a25058b00000000290100ad,complete,endpoint_exhausted,0,0,0,shanghai,ssh_eip_shanghai,deep_shanghai,9341,17,complete,GK2026D1,,
2026-08-25T06:38:41,reply,6a24dd2f000000002200acc3,6a250585000000002902c610,complete,endpoint_exhausted,0,0,0,shanghai,ssh_eip_shanghai,deep_shanghai,9341,17,complete,GK2026D1,,
2026-08-25T06:38:41,reply,6a24dd2f000000002200acc3,6a250536000000002a02589c,complete,endpoint_exhausted,0,0,0,shanghai,ssh_eip_shanghai,deep_shanghai,9341,17,complete,GK2026D1,,
2026-08-25T06:38:41,reply,6a24dd2f000000002200acc3,6a2504e5000000002702c624,complete,endpoint_exhausted,0,1,1,shanghai,ssh_eip_shanghai,deep_shanghai,9341,17,complete,GK2026D1,,
2026-08-25T06:38:41,reply,6a24dd2f000000002200acc3,6a250419000000002a005d67,complete,endpoint_exhausted,0,0,0,shanghai,ssh_eip_shanghai,deep_shanghai,9341,17,complete,GK2026D1,,
2026-08-25T06:38:57,reply,6a24dd2f000000002200acc3,6a250410000000002a005c24,complete,endpoint_exhausted,0,0,0,shanghai,ssh_eip_shanghai,deep_shanghai,9341,17,complete,GK2026D1,,
2026-08-25T06:38:57,reply,6a24dd2f000000002200acc3,6a250401000000002900d0b4,complete,endpoint_exhausted,0,0,0,shanghai,ssh_eip_shanghai,deep_shanghai,9341,17,complete,GK2026D1,,
2026-08-25T06:38:57,reply,6a24dd2f000000002200acc3,6a2503f0000000002702989f,complete,endpoint_exhausted,0,0,0,shanghai,ssh_eip_shanghai,deep_shanghai,9341,17,complete,GK2026D1,,
2026-08-25T06:38:57,reply,6a24dd2f000000002200acc3,6a2503b50000000029018039,complete,endpoint_exhausted,0,1,1,shanghai,ssh_eip_shanghai,deep_shanghai,9341,17,complete,GK2026D1,,
2026-08-25T06:38:57,reply,6a24dd2f000000002200acc3,6a25034c00000000280324a2,complete,endpoint_exhausted,0,0,0,shanghai,ssh_eip_shanghai,deep_shanghai,9341,17,complete,GK2026D1,,
2026-08-25T06:38:57,reply,6a24dd2f000000002200acc3,6a250317000000002702a23c,complete,endpoint_exhausted,0,0,0,shanghai,ssh_eip_shanghai,deep_shanghai,9341,17,complete,GK2026D1,,
2026-08-25T06:38:57,reply,6a24dd2f000000002200acc3,6a250313000000002b027bb1,complete,endpoint_exhausted,0,0,0,shanghai,ssh_eip_shanghai,deep_shanghai,9341,17,complete,GK2026D1,,
2026-08-25T06:38:57,reply,6a24dd2f000000002200acc3,6a25030900000000280315b2,complete,endpoint_exhausted,0,1,1,shanghai,ssh_eip_shanghai,deep_shanghai,9341,17,complete,GK2026D1,,
2026-08-25T06:38:57,reply,6a24dd2f000000002200acc3,6a250236000000000d022001,complete,endpoint_exhausted,0,0,0,shanghai,ssh_eip_shanghai,deep_shanghai,9341,17,complete,GK2026D1,,
2026-08-25T06:38:57,reply,6a24dd2f000000002200acc3,6a250181000000002702bb96,complete,endpoint_exhausted,0,0,0,shanghai,ssh_eip_shanghai,deep_shanghai,9341,17,complete,GK2026D1,,
2026-08-25T06:39:13,reply,6a24dd2f000000002200acc3,6a250149000000002701e4a1,complete,endpoint_exhausted,0,0,0,shanghai,ssh_eip_shanghai,deep_shanghai,9341,17,complete,GK2026D1,,
2026-08-25T06:39:13,reply,6a24dd2f000000002200acc3,6a2500d60000000029018b15,complete,endpoint_exhausted,0,0,0,shanghai,ssh_eip_shanghai,deep_shanghai,9341,17,complete,GK2026D1,,
2026-08-25T06:39:13,reply,6a24dd2f000000002200acc3,6a250037000000002701ea9d,complete,endpoint_exhausted,0,0,0,shanghai,ssh_eip_shanghai,deep_shanghai,9341,17,complete,GK2026D1,,
2026-08-25T06:39:13,reply,6a24dd2f000000002200acc3,6a25002f000000002900e761,complete,endpoint_exhausted,0,0,0,shanghai,ssh_eip_shanghai,deep_shanghai,9341,17,complete,GK2026D1,,
2026-08-25T06:39:13,reply,6a24dd2f000000002200acc3,6a25000400000000280085fb,complete,endpoint_exhausted,0,0,0,shanghai,ssh_eip_shanghai,deep_shanghai,9341,17,complete,GK2026D1,,
2026-08-25T06:39:13,reply,6a24dd2f000000002200acc3,6a24ffec0000000028037875,complete,endpoint_exhausted,0,0,0,shanghai,ssh_eip_shanghai,deep_shanghai,9341,17,complete,GK2026D1,,
2026-08-25T06:39:13,reply,6a24dd2f000000002200acc3,6a24ffe6000000002900d5fb,complete,endpoint_exhausted,0,0,0,shanghai,ssh_eip_shanghai,deep_shanghai,9341,17,complete,GK2026D1,,
2026-08-25T06:39:13,reply,6a24dd2f000000002200acc3,6a24ffc0000000002900cd8e,complete,endpoint_exhausted,0,0,0,shanghai,ssh_eip_shanghai,deep_shanghai,9341,17,complete,GK2026D1,,
2026-08-25T06:39:13,reply,6a24dd2f000000002200acc3,6a24ff9f000000002803c859,complete,endpoint_exhausted,0,0,0,shanghai,ssh_eip_shanghai,deep_shanghai,9341,17,complete,GK2026D1,,
2026-08-25T06:39:13,reply,6a24dd2f000000002200acc3,6a24ff7b000000002b025a99,complete,endpoint_exhausted,0,0,0,shanghai,ssh_eip_shanghai,deep_shanghai,9341,17,complete,GK2026D1,,
2026-08-25T06:39:30,reply,6a24dd2f000000002200acc3,6a24ff27000000002702d9c4,complete,endpoint_exhausted,0,0,0,shanghai,ssh_eip_shanghai,deep_shanghai,9341,17,complete,GK2026D1,,
2026-08-25T06:39:30,reply,6a24dd2f000000002200acc3,6a24ff110000000029035bbc,complete,endpoint_exhausted,0,0,0,shanghai,ssh_eip_shanghai,deep_shanghai,9341,17,complete,GK2026D1,,
2026-08-25T06:39:30,reply,6a24dd2f000000002200acc3,6a24fee2000000002902d66e,complete,endpoint_exhausted,0,0,0,shanghai,ssh_eip_shanghai,deep_shanghai,9341,17,complete,GK2026D1,,
2026-08-25T06:39:30,reply,6a24dd2f000000002200acc3,6a24fe4d00000000290198b8,complete,endpoint_exhausted,0,0,0,shanghai,ssh_eip_shanghai,deep_shanghai,9341,17,complete,GK2026D1,,
2026-08-25T06:39:30,reply,6a24dd2f000000002200acc3,6a24fe1f000000002a02e3d3,complete,endpoint_exhausted,0,0,0,shanghai,ssh_eip_shanghai,deep_shanghai,9341,17,complete,GK2026D1,,
2026-08-25T06:39:30,reply,6a24dd2f000000002200acc3,6a24fe15000000002a004937,complete,endpoint_exhausted,0,0,0,shanghai,ssh_eip_shanghai,deep_shanghai,9341,17,complete,GK2026D1,,
2026-08-25T06:39:30,reply,6a24dd2f000000002200acc3,6a24fdf8000000002a0303a0,complete,endpoint_exhausted,0,0,0,shanghai,ssh_eip_shanghai,deep_shanghai,9341,17,complete,GK2026D1,,
2026-08-25T06:39:30,reply,6a24dd2f000000002200acc3,6a24fd9a000000002702f09f,complete,endpoint_exhausted,0,0,0,shanghai,ssh_eip_shanghai,deep_shanghai,9341,17,complete,GK2026D1,,
2026-08-25T06:39:30,reply,6a24dd2f000000002200acc3,6a24fd920000000028035f4b,complete,endpoint_exhausted,0,0,0,shanghai,ssh_eip_shanghai,deep_shanghai,9341,17,complete,GK2026D1,,
2026-08-25T06:39:30,reply,6a24dd2f000000002200acc3,6a24fd72000000002b027cc2,complete,endpoint_exhausted,0,0,0,shanghai,ssh_eip_shanghai,deep_shanghai,9341,17,complete,GK2026D1,,
2026-08-25T06:39:46,reply,6a24dd2f000000002200acc3,6a24fd64000000002701c53d,complete,endpoint_exhausted,0,0,0,shanghai,ssh_eip_shanghai,deep_shanghai,9341,17,complete,GK2026D1,,
2026-08-25T06:39:46,reply,6a24dd2f000000002200acc3,6a24fd61000000002b001751,complete,endpoint_exhausted,0,0,0,shanghai,ssh_eip_shanghai,deep_shanghai,9341,17,complete,GK2026D1,,
2026-08-25T06:39:46,reply,6a24dd2f000000002200acc3,6a24fd37000000002702ab69,complete,endpoint_exhausted,0,0,0,shanghai,ssh_eip_shanghai,deep_shanghai,9341,17,complete,GK2026D1,,
2026-08-25T06:39:46,reply,6a24dd2f000000002200acc3,6a24fd2e000000002701f8a9,complete,endpoint_exhausted,0,0,0,shanghai,ssh_eip_shanghai,deep_shanghai,9341,17,complete,GK2026D1,,
2026-08-25T06:39:46,reply,6a24dd2f000000002200acc3,6a24fd2d000000002901acbe,complete,endpoint_exhausted,0,0,0,shanghai,ssh_eip_shanghai,deep_shanghai,9341,17,complete,GK2026D1,,
2026-08-25T06:39:46,reply,6a24dd2f000000002200acc3,6a24fd25000000002702d24d,complete,endpoint_exhausted,0,0,0,shanghai,ssh_eip_shanghai,deep_shanghai,9341,17,complete,GK2026D1,,
2026-08-25T06:39:46,reply,6a24dd2f000000002200acc3,6a24fd19000000002b02aa86,complete,endpoint_exhausted,0,0,0,shanghai,ssh_eip_shanghai,deep_shanghai,9341,17,complete,GK2026D1,,
2026-08-25T06:39:46,reply,6a24dd2f000000002200acc3,6a24fd14000000002a005bba,complete,endpoint_exhausted,0,0,0,shanghai,ssh_eip_shanghai,deep_shanghai,9341,17,complete,GK2026D1,,
2026-08-25T06:39:46,reply,6a24dd2f000000002200acc3,6a24fcf60000000027017e6d,complete,endpoint_exhausted,0,0,0,shanghai,ssh_eip_shanghai,deep_shanghai,9341,17,complete,GK2026D1,,
2026-08-25T06:39:46,reply,6a24dd2f000000002200acc3,6a24fcf400000000270299bd,complete,endpoint_exhausted,0,0,0,shanghai,ssh_eip_shanghai,deep_shanghai,9341,17,complete,GK2026D1,,
2026-08-25T06:40:18,reply,6a24dd2f000000002200acc3,6a24fcd50000000027029182,complete,endpoint_exhausted,1,2,2,shanghai,ssh_eip_shanghai,deep_shanghai,9341,17,complete,GK2026D1,,
2026-08-25T06:40:18,reply,6a24dd2f000000002200acc3,6a24fc94000000002a024357,complete,endpoint_exhausted,0,1,1,shanghai,ssh_eip_shanghai,deep_shanghai,9341,17,complete,GK2026D1,,
2026-08-25T06:40:18,reply,6a24dd2f000000002200acc3,6a24fc62000000002b002882,complete,endpoint_exhausted,0,0,0,shanghai,ssh_eip_shanghai,deep_shanghai,9341,17,complete,GK2026D1,,
2026-08-25T06:40:18,reply,6a24dd2f000000002200acc3,6a24fc420000000028039b17,complete,endpoint_exhausted,0,0,0,shanghai,ssh_eip_shanghai,deep_shanghai,9341,17,complete,GK2026D1,,
2026-08-25T06:40:18,reply,6a24dd2f000000002200acc3,6a24fc37000000002701feac,complete,endpoint_exhausted,0,0,0,shanghai,ssh_eip_shanghai,deep_shanghai,9341,17,complete,GK2026D1,,
2026-08-25T06:40:18,reply,6a24dd2f000000002200acc3,6a24fc2b0000000029012a0f,complete,endpoint_exhausted,0,1,1,shanghai,ssh_eip_shanghai,deep_shanghai,9341,17,complete,GK2026D1,,
2026-08-25T06:40:18,reply,6a24dd2f000000002200acc3,6a24fc2b0000000028033183,complete,endpoint_exhausted,0,0,0,shanghai,ssh_eip_shanghai,deep_shanghai,9341,17,complete,GK2026D1,,
2026-08-25T06:40:18,reply,6a24dd2f000000002200acc3,6a24fbf900000000280095d3,complete,endpoint_exhausted,0,0,0,shanghai,ssh_eip_shanghai,deep_shanghai,9341,17,complete,GK2026D1,,
2026-08-25T06:40:18,reply,6a24dd2f000000002200acc3,6a24fbe80000000029025938,complete,endpoint_exhausted,0,0,0,shanghai,ssh_eip_shanghai,deep_shanghai,9341,17,complete,GK2026D1,,
2026-08-25T06:40:18,reply,6a24dd2f000000002200acc3,6a24fbc7000000002803d605,complete,endpoint_exhausted,0,0,0,shanghai,ssh_eip_shanghai,deep_shanghai,9341,17,complete,GK2026D1,,
2026-08-25T06:40:34,reply,6a24dd2f000000002200acc3,6a24fb88000000002a02e776,complete,endpoint_exhausted,0,0,0,shanghai,ssh_eip_shanghai,deep_shanghai,9341,17,complete,GK2026D1,,
2026-08-25T06:40:34,reply,6a24dd2f000000002200acc3,6a24fb7d000000002702b61b,complete,endpoint_exhausted,0,0,0,shanghai,ssh_eip_shanghai,deep_shanghai,9341,17,complete,GK2026D1,,
2026-08-25T06:40:34,reply,6a24dd2f000000002200acc3,6a24fb220000000028033305,complete,endpoint_exhausted,0,0,0,shanghai,ssh_eip_shanghai,deep_shanghai,9341,17,complete,GK2026D1,,
2026-08-25T06:40:34,reply,6a24dd2f000000002200acc3,6a24fb200000000029011fe9,complete,endpoint_exhausted,0,0,0,shanghai,ssh_eip_shanghai,deep_shanghai,9341,17,complete,GK2026D1,,
2026-08-25T06:40:34,reply,6a24dd2f000000002200acc3,6a24fb14000000002902754a,complete,endpoint_exhausted,0,0,0,shanghai,ssh_eip_shanghai,deep_shanghai,9341,17,complete,GK2026D1,,
2026-08-25T06:40:34,reply,6a24dd2f000000002200acc3,6a24fad5000000002701e67e,complete,endpoint_exhausted,0,0,0,shanghai,ssh_eip_shanghai,deep_shanghai,9341,17,complete,GK2026D1,,
2026-08-25T06:40:34,reply,6a24dd2f000000002200acc3,6a24fac3000000002a032cd4,complete,endpoint_exhausted,0,0,0,shanghai,ssh_eip_shanghai,deep_shanghai,9341,17,complete,GK2026D1,,
2026-08-25T06:40:34,reply,6a24dd2f000000002200acc3,6a24fab200000000270171a1,complete,endpoint_exhausted,0,0,0,shanghai,ssh_eip_shanghai,deep_shanghai,9341,17,complete,GK2026D1,,
2026-08-25T06:40:34,reply,6a24dd2f000000002200acc3,6a24fa8f000000002702059c,complete,endpoint_exhausted,0,0,0,shanghai,ssh_eip_shanghai,deep_shanghai,9341,17,complete,GK2026D1,,
2026-08-25T06:40:34,reply,6a24dd2f000000002200acc3,6a24fa760000000028034e8a,complete,endpoint_exhausted,0,0,0,shanghai,ssh_eip_shanghai,deep_shanghai,9341,17,complete,GK2026D1,,
2026-08-25T06:40:50,reply,6a24dd2f000000002200acc3,6a24fa640000000027015e6d,complete,endpoint_exhausted,0,0,0,shanghai,ssh_eip_shanghai,deep_shanghai,9341,17,complete,GK2026D1,,
2026-08-25T06:40:50,reply,6a24dd2f000000002200acc3,6a24fa5d000000002901302a,complete,endpoint_exhausted,0,0,0,shanghai,ssh_eip_shanghai,deep_shanghai,9341,17,complete,GK2026D1,,
2026-08-25T06:40:50,reply,6a24dd2f000000002200acc3,6a24fa34000000002b003ca2,complete,endpoint_exhausted,0,0,0,shanghai,ssh_eip_shanghai,deep_shanghai,9341,17,complete,GK2026D1,,
2026-08-25T06:40:50,reply,6a24dd2f000000002200acc3,6a24fa28000000002a00537f,complete,endpoint_exhausted,0,0,0,shanghai,ssh_eip_shanghai,deep_shanghai,9341,17,complete,GK2026D1,,
2026-08-25T06:40:50,reply,6a24dd2f000000002200acc3,6a24fa1400000000270227a2,complete,endpoint_exhausted,0,0,0,shanghai,ssh_eip_shanghai,deep_shanghai,9341,17,complete,GK2026D1,,
2026-08-25T06:40:50,reply,6a24dd2f000000002200acc3,6a24fa0d000000002a004ef8,complete,endpoint_exhausted,0,0,0,shanghai,ssh_eip_shanghai,deep_shanghai,9341,17,complete,GK2026D1,,
2026-08-25T06:40:50,reply,6a24dd2f000000002200acc3,6a24f9de000000002a03027c,complete,endpoint_exhausted,0,0,0,shanghai,ssh_eip_shanghai,deep_shanghai,9341,17,complete,GK2026D1,,
2026-08-25T06:40:50,reply,6a24dd2f000000002200acc3,6a24f9c7000000002b028f9a,complete,endpoint_exhausted,0,0,0,shanghai,ssh_eip_shanghai,deep_shanghai,9341,17,complete,GK2026D1,,
2026-08-25T06:40:50,reply,6a24dd2f000000002200acc3,6a24f9a9000000002a027111,complete,endpoint_exhausted,0,0,0,shanghai,ssh_eip_shanghai,deep_shanghai,9341,17,complete,GK2026D1,,
2026-08-25T06:40:50,reply,6a24dd2f000000002200acc3,6a24f980000000002800b936,complete,endpoint_exhausted,0,0,0,shanghai,ssh_eip_shanghai,deep_shanghai,9341,17,complete,GK2026D1,,
2026-08-25T06:41:07,reply,6a24dd2f000000002200acc3,6a24f959000000002803ff6f,complete,endpoint_exhausted,0,0,0,shanghai,ssh_eip_shanghai,deep_shanghai,9341,17,complete,GK2026D1,,
2026-08-25T06:41:07,reply,6a24dd2f000000002200acc3,6a24f93a000000002a00658b,complete,endpoint_exhausted,0,0,0,shanghai,ssh_eip_shanghai,deep_shanghai,9341,17,complete,GK2026D1,,
2026-08-25T06:41:07,reply,6a24dd2f000000002200acc3,6a24f8fb000000002902ef21,complete,endpoint_exhausted,0,0,0,shanghai,ssh_eip_shanghai,deep_shanghai,9341,17,complete,GK2026D1,,
2026-08-25T06:41:07,reply,6a24dd2f000000002200acc3,6a24f8dc000000002b02a413,complete,endpoint_exhausted,0,0,0,shanghai,ssh_eip_shanghai,deep_shanghai,9341,17,complete,GK2026D1,,
2026-08-25T06:41:07,reply,6a24dd2f000000002200acc3,6a24f8c700000000270284a9,complete,endpoint_exhausted,0,0,0,shanghai,ssh_eip_shanghai,deep_shanghai,9341,17,complete,GK2026D1,,
2026-08-25T06:41:07,reply,6a24dd2f000000002200acc3,6a24f858000000002a02d9f0,complete,endpoint_exhausted,0,0,0,shanghai,ssh_eip_shanghai,deep_shanghai,9341,17,complete,GK2026D1,,
2026-08-25T06:41:07,reply,6a24dd2f000000002200acc3,6a24f85800000000270158a1,complete,endpoint_exhausted,0,0,0,shanghai,ssh_eip_shanghai,deep_shanghai,9341,17,complete,GK2026D1,,
2026-08-25T06:41:07,reply,6a24dd2f000000002200acc3,6a24f846000000002701c96d,complete,endpoint_exhausted,0,0,0,shanghai,ssh_eip_shanghai,deep_shanghai,9341,17,complete,GK2026D1,,
2026-08-25T06:41:07,reply,6a24dd2f000000002200acc3,6a24f842000000002701c846,complete,endpoint_exhausted,0,0,0,shanghai,ssh_eip_shanghai,deep_shanghai,9341,17,complete,GK2026D1,,
2026-08-25T06:41:07,reply,6a24dd2f000000002200acc3,6a24f814000000002800a3b5,complete,endpoint_exhausted,0,0,0,shanghai,ssh_eip_shanghai,deep_shanghai,9341,17,complete,GK2026D1,,
2026-08-25T06:41:23,reply,6a24dd2f000000002200acc3,6a24f788000000002800818d,complete,endpoint_exhausted,0,0,0,shanghai,ssh_eip_shanghai,deep_shanghai,9341,17,complete,GK2026D1,,
2026-08-25T06:41:23,reply,6a24dd2f000000002200acc3,6a24f760000000002803a9f4,complete,endpoint_exhausted,0,0,0,shanghai,ssh_eip_shanghai,deep_shanghai,9341,17,complete,GK2026D1,,
2026-08-25T06:41:23,reply,6a24dd2f000000002200acc3,6a24f754000000002a024923,complete,endpoint_exhausted,0,0,0,shanghai,ssh_eip_shanghai,deep_shanghai,9341,17,complete,GK2026D1,,
2026-08-25T06:41:23,reply,6a24dd2f000000002200acc3,6a24f7530000000027022eaf,complete,endpoint_exhausted,0,0,0,shanghai,ssh_eip_shanghai,deep_shanghai,9341,17,complete,GK2026D1,,
2026-08-25T06:41:23,reply,6a24dd2f000000002200acc3,6a24f74e0000000029012ac5,complete,endpoint_exhausted,0,0,0,shanghai,ssh_eip_shanghai,deep_shanghai,9341,17,complete,GK2026D1,,
2026-08-25T06:41:23,reply,6a24dd2f000000002200acc3,6a24f6740000000027023967,complete,endpoint_exhausted,0,0,0,shanghai,ssh_eip_shanghai,deep_shanghai,9341,17,complete,GK2026D1,,
2026-08-25T06:41:23,reply,6a24dd2f000000002200acc3,6a24f65a000000000d022802,complete,endpoint_exhausted,0,0,0,shanghai,ssh_eip_shanghai,deep_shanghai,9341,17,complete,GK2026D1,,
2026-08-25T06:41:23,reply,6a24dd2f000000002200acc3,6a24f6270000000028039fb2,complete,endpoint_exhausted,0,0,0,shanghai,ssh_eip_shanghai,deep_shanghai,9341,17,complete,GK2026D1,,
2026-08-25T06:41:23,reply,6a24dd2f000000002200acc3,6a24f565000000002900fb72,complete,endpoint_exhausted,0,0,0,shanghai,ssh_eip_shanghai,deep_shanghai,9341,17,complete,GK2026D1,,
2026-08-25T06:41:39,reply,6a24dd2f000000002200acc3,6a24f559000000002b001bd5,complete,endpoint_exhausted,1,6,6,shanghai,ssh_eip_shanghai,deep_shanghai,9341,17,complete,GK2026D1,,
2026-08-25T06:41:55,reply,6a24dd2f000000002200acc3,6a24f5100000000028032e58,complete,endpoint_exhausted,0,0,0,shanghai,ssh_eip_shanghai,deep_shanghai,9341,17,complete,GK2026D1,,
2026-08-25T06:41:55,reply,6a24dd2f000000002200acc3,6a24f4f5000000002a031995,complete,endpoint_exhausted,0,0,0,shanghai,ssh_eip_shanghai,deep_shanghai,9341,17,complete,GK2026D1,,
2026-08-25T06:41:55,reply,6a24dd2f000000002200acc3,6a24f4d2000000002701f97b,complete,endpoint_exhausted,0,0,0,shanghai,ssh_eip_shanghai,deep_shanghai,9341,17,complete,GK2026D1,,
2026-08-25T06:41:55,reply,6a24dd2f000000002200acc3,6a24f4d0000000002a0312c3,complete,endpoint_exhausted,0,0,0,shanghai,ssh_eip_shanghai,deep_shanghai,9341,17,complete,GK2026D1,,
2026-08-25T06:41:55,reply,6a24dd2f000000002200acc3,6a24f4b3000000002803d2e4,complete,endpoint_exhausted,0,0,0,shanghai,ssh_eip_shanghai,deep_shanghai,9341,17,complete,GK2026D1,,
2026-08-25T06:41:55,reply,6a24dd2f000000002200acc3,6a24f4770000000029035142,complete,endpoint_exhausted,0,0,0,shanghai,ssh_eip_shanghai,deep_shanghai,9341,17,complete,GK2026D1,,
2026-08-25T06:41:55,reply,6a24dd2f000000002200acc3,6a24f3d20000000027021cee,complete,endpoint_exhausted,0,0,0,shanghai,ssh_eip_shanghai,deep_shanghai,9341,17,complete,GK2026D1,,
2026-08-25T06:41:55,reply,6a24dd2f000000002200acc3,6a24f39a00000000270210b5,complete,endpoint_exhausted,0,0,0,shanghai,ssh_eip_shanghai,deep_shanghai,9341,17,complete,GK2026D1,,
2026-08-25T06:41:55,reply,6a24dd2f000000002200acc3,6a24f30c000000002900ded1,complete,endpoint_exhausted,0,0,0,shanghai,ssh_eip_shanghai,deep_shanghai,9341,17,complete,GK2026D1,,
2026-08-25T06:41:55,reply,6a24dd2f000000002200acc3,6a24f2e9000000002a033b20,complete,endpoint_exhausted,0,0,0,shanghai,ssh_eip_shanghai,deep_shanghai,9341,17,complete,GK2026D1,,
2026-08-25T06:42:11,reply,6a24dd2f000000002200acc3,6a24f201000000002b026014,complete,endpoint_exhausted,0,0,0,shanghai,ssh_eip_shanghai,deep_shanghai,9341,17,complete,GK2026D1,,
2026-08-25T06:42:11,reply,6a24dd2f000000002200acc3,6a24f17300000000270156d4,complete,endpoint_exhausted,0,0,0,shanghai,ssh_eip_shanghai,deep_shanghai,9341,17,complete,GK2026D1,,
2026-08-25T06:42:11,reply,6a24dd2f000000002200acc3,6a24f0ec000000002b000b55,complete,endpoint_exhausted,0,0,0,shanghai,ssh_eip_shanghai,deep_shanghai,9341,17,complete,GK2026D1,,
2026-08-25T06:42:44,reply,6a24dd2f000000002200acc3,6a24f0aa000000002b000192,complete,endpoint_exhausted,2,7,7,shanghai,ssh_eip_shanghai,deep_shanghai,9341,17,complete,GK2026D1,,
2026-08-25T06:43:00,reply,6a24dd2f000000002200acc3,6a24f093000000002a0245d9,complete,endpoint_exhausted,1,4,4,shanghai,ssh_eip_shanghai,deep_shanghai,9341,17,complete,GK2026D1,,
2026-08-25T06:43:00,reply,6a24dd2f000000002200acc3,6a24f03d000000002b0291c8,complete,endpoint_exhausted,0,0,0,shanghai,ssh_eip_shanghai,deep_shanghai,9341,17,complete,GK2026D1,,
2026-08-25T06:43:00,reply,6a24dd2f000000002200acc3,6a24f032000000002702dba4,complete,endpoint_exhausted,0,0,0,shanghai,ssh_eip_shanghai,deep_shanghai,9341,17,complete,GK2026D1,,
2026-08-25T06:43:00,reply,6a24dd2f000000002200acc3,6a24efd90000000029012421,complete,endpoint_exhausted,0,0,0,shanghai,ssh_eip_shanghai,deep_shanghai,9341,17,complete,GK2026D1,,
2026-08-25T06:43:00,reply,6a24dd2f000000002200acc3,6a24ef850000000027015f86,complete,endpoint_exhausted,0,0,0,shanghai,ssh_eip_shanghai,deep_shanghai,9341,17,complete,GK2026D1,,
2026-08-25T06:43:00,reply,6a24dd2f000000002200acc3,6a24eec70000000028037f31,complete,endpoint_exhausted,0,0,0,shanghai,ssh_eip_shanghai,deep_shanghai,9341,17,complete,GK2026D1,,
2026-08-25T06:43:32,reply,6a24dd2f000000002200acc3,6a24ed53000000002803376e,complete,endpoint_exhausted,1,2,2,shanghai,ssh_eip_shanghai,deep_shanghai,9341,17,complete,GK2026D1,,
2026-08-25T06:43:32,reply,6a24dd2f000000002200acc3,6a24e8ad0000000028031e42,complete,endpoint_exhausted,0,0,0,shanghai,ssh_eip_shanghai,deep_shanghai,9341,17,complete,GK2026D1,,
2026-08-25T06:43:32,reply,6a24dd2f000000002200acc3,6a24e8540000000027028735,complete,endpoint_exhausted,0,0,0,shanghai,ssh_eip_shanghai,deep_shanghai,9341,17,complete,GK2026D1,,
2026-08-25T06:43:32,reply,6a24dd2f000000002200acc3,6a24e3ed000000002803671d,complete,endpoint_exhausted,0,0,0,shanghai,ssh_eip_shanghai,deep_shanghai,9341,17,complete,GK2026D1,,
2026-08-25T06:43:32,reply,6a24dd2f000000002200acc3,6a24dd9f000000002b000935,complete,endpoint_exhausted,0,0,0,shanghai,ssh_eip_shanghai,deep_shanghai,9341,17,complete,GK2026D1,,
2026-08-25T06:44:20,reply,6a24dd2f000000002200acc3,6a24ee19000000002a02c08b,complete,endpoint_exhausted,3,16,16,shanghai,ssh_eip_shanghai,deep_shanghai,9341,17,complete,GK2026D1,,
2026-08-25T06:45:25,reply,6a24dd2f000000002200acc3,6a251bc0000000002b025dc4,complete,endpoint_exhausted,4,17,17,shanghai,ssh_eip_shanghai,deep_shanghai,9341,17,complete,GK2026D1,,
2026-08-25T06:45:41,reply,6a24dd2f000000002200acc3,6a24de9a000000002701cc7c,complete,endpoint_exhausted,1,5,5,shanghai,ssh_eip_shanghai,deep_shanghai,9341,17,complete,GK2026D1,,
2026-08-25T06:45:41,reply,6a24dd2f000000002200acc3,6a24f78d000000002a005647,complete,endpoint_exhausted,0,0,0,shanghai,ssh_eip_shanghai,deep_shanghai,9341,17,complete,GK2026D1,,
2026-08-25T06:45:41,reply,6a24dd2f000000002200acc3,6a24f2a5000000002803d6b3,complete,endpoint_exhausted,0,0,0,shanghai,ssh_eip_shanghai,deep_shanghai,9341,17,complete,GK2026D1,,
2026-08-25T06:46:29,reply,6a24dd2f000000002200acc3,6a24ea9a000000002a00420d,complete,endpoint_exhausted,2,9,9,shanghai,ssh_eip_shanghai,deep_shanghai,9341,17,complete,GK2026D1,,
2026-08-25T06:47:01,reply,6a24dd2f000000002200acc3,6a24f7c4000000002901afee,complete,endpoint_exhausted,2,8,8,shanghai,ssh_eip_shanghai,deep_shanghai,9341,17,complete,GK2026D1,,
2026-08-25T06:47:01,reply,6a24dd2f000000002200acc3,6a24f7af000000002803d4c1,complete,endpoint_exhausted,0,0,0,shanghai,ssh_eip_shanghai,deep_shanghai,9341,17,complete,GK2026D1,,
2026-08-25T06:47:01,reply,6a24dd2f000000002200acc3,6a294f9e0000000029019bf3,complete,endpoint_exhausted,0,0,0,shanghai,ssh_eip_shanghai,deep_shanghai,9341,17,complete,GK2026D1,,
2026-08-25T06:47:01,reply,6a24dd2f000000002200acc3,6a292e2f000000002701dcea,complete,endpoint_exhausted,0,0,0,shanghai,ssh_eip_shanghai,deep_shanghai,9341,17,complete,GK2026D1,,
2026-08-25T06:47:01,reply,6a24dd2f000000002200acc3,6a28b10f000000002701cbb2,complete,endpoint_exhausted,0,0,0,shanghai,ssh_eip_shanghai,deep_shanghai,9341,17,complete,GK2026D1,,
2026-08-25T06:47:01,reply,6a24dd2f000000002200acc3,6a28a03c00000000270286b5,complete,endpoint_exhausted,0,0,0,shanghai,ssh_eip_shanghai,deep_shanghai,9341,17,complete,GK2026D1,,
2026-08-25T06:47:01,reply,6a24dd2f000000002200acc3,6a27c81c000000002702114f,complete,endpoint_exhausted,0,0,0,shanghai,ssh_eip_shanghai,deep_shanghai,9341,17,complete,GK2026D1,,
2026-08-25T06:47:01,reply,6a24dd2f000000002200acc3,6a279fbc0000000028008f7b,complete,endpoint_exhausted,0,0,0,shanghai,ssh_eip_shanghai,deep_shanghai,9341,17,complete,GK2026D1,,
2026-08-25T06:47:01,reply,6a24dd2f000000002200acc3,6a279fad0000000027029947,complete,endpoint_exhausted,0,0,0,shanghai,ssh_eip_shanghai,deep_shanghai,9341,17,complete,GK2026D1,,
2026-08-25T06:47:17,reply,6a24dd2f000000002200acc3,6a2795b7000000002803e83c,complete,endpoint_exhausted,0,0,0,shanghai,ssh_eip_shanghai,deep_shanghai,9341,17,complete,GK2026D1,,
2026-08-25T06:47:17,reply,6a24dd2f000000002200acc3,6a2780cc000000002a0071dd,complete,endpoint_exhausted,0,0,0,shanghai,ssh_eip_shanghai,deep_shanghai,9341,17,complete,GK2026D1,,
2026-08-25T06:47:17,reply,6a24dd2f000000002200acc3,6a2766d6000000002300ddfd,complete,endpoint_exhausted,0,0,0,shanghai,ssh_eip_shanghai,deep_shanghai,9341,17,complete,GK2026D1,,
2026-08-25T06:47:17,reply,6a24dd2f000000002200acc3,6a26b634000000002803e0ea,complete,endpoint_exhausted,0,0,0,shanghai,ssh_eip_shanghai,deep_shanghai,9341,17,complete,GK2026D1,,
2026-08-25T06:47:17,reply,6a24dd2f000000002200acc3,6a2684a70000000028030431,complete,endpoint_exhausted,0,0,0,shanghai,ssh_eip_shanghai,deep_shanghai,9341,17,complete,GK2026D1,,
2026-08-25T06:47:17,reply,6a24dd2f000000002200acc3,6a26663c0000000027023a60,complete,endpoint_exhausted,0,0,0,shanghai,ssh_eip_shanghai,deep_shanghai,9341,17,complete,GK2026D1,,
2026-08-25T06:47:17,reply,6a24dd2f000000002200acc3,6a265cc0000000002701743d,complete,endpoint_exhausted,0,0,0,shanghai,ssh_eip_shanghai,deep_shanghai,9341,17,complete,GK2026D1,,
2026-08-25T06:47:17,reply,6a24dd2f000000002200acc3,6a265c50000000002901a799,complete,endpoint_exhausted,0,0,0,shanghai,ssh_eip_shanghai,deep_shanghai,9341,17,complete,GK2026D1,,
2026-08-25T06:47:17,reply,6a24dd2f000000002200acc3,6a2645b1000000002a02d5a6,complete,endpoint_exhausted,0,0,0,shanghai,ssh_eip_shanghai,deep_shanghai,9341,17,complete,GK2026D1,,
2026-08-25T06:47:17,reply,6a24dd2f000000002200acc3,6a262b9a000000002100de2a,complete,endpoint_exhausted,0,0,0,shanghai,ssh_eip_shanghai,deep_shanghai,9341,17,complete,GK2026D1,,
2026-08-25T06:47:34,reply,6a24dd2f000000002200acc3,6a26249500000000290361ae,complete,endpoint_exhausted,0,0,0,shanghai,ssh_eip_shanghai,deep_shanghai,9341,17,complete,GK2026D1,,
2026-08-25T06:47:34,reply,6a24dd2f000000002200acc3,6a26239200000000280351b2,complete,endpoint_exhausted,0,0,0,shanghai,ssh_eip_shanghai,deep_shanghai,9341,17,complete,GK2026D1,,
2026-08-25T06:47:34,reply,6a24dd2f000000002200acc3,6a26208f0000000028034660,complete,endpoint_exhausted,0,0,0,shanghai,ssh_eip_shanghai,deep_shanghai,9341,17,complete,GK2026D1,,
2026-08-25T06:47:34,reply,6a24dd2f000000002200acc3,6a261bc3000000002902710c,complete,endpoint_exhausted,0,0,0,shanghai,ssh_eip_shanghai,deep_shanghai,9341,17,complete,GK2026D1,,
2026-08-25T06:47:34,reply,6a24dd2f000000002200acc3,6a2616d3000000002a02771e,complete,endpoint_exhausted,0,0,0,shanghai,ssh_eip_shanghai,deep_shanghai,9341,17,complete,GK2026D1,,
2026-08-25T06:47:34,reply,6a24dd2f000000002200acc3,6a26133600000000270157f9,complete,endpoint_exhausted,0,0,0,shanghai,ssh_eip_shanghai,deep_shanghai,9341,17,complete,GK2026D1,,
2026-08-25T06:47:34,reply,6a24dd2f000000002200acc3,6a26123d0000000027017507,complete,endpoint_exhausted,0,0,0,shanghai,ssh_eip_shanghai,deep_shanghai,9341,17,complete,GK2026D1,,
2026-08-25T06:47:34,reply,6a24dd2f000000002200acc3,6a260f2b0000000028038e51,complete,endpoint_exhausted,0,0,0,shanghai,ssh_eip_shanghai,deep_shanghai,9341,17,complete,GK2026D1,,
2026-08-25T06:47:34,reply,6a24dd2f000000002200acc3,6a26042d0000000029019fea,complete,endpoint_exhausted,0,0,0,shanghai,ssh_eip_shanghai,deep_shanghai,9341,17,complete,GK2026D1,,
2026-08-25T06:47:34,reply,6a24dd2f000000002200acc3,6a25a6d2000000002800a63b,complete,endpoint_exhausted,0,0,0,shanghai,ssh_eip_shanghai,deep_shanghai,9341,17,complete,GK2026D1,,
2026-08-25T06:47:50,reply,6a24dd2f000000002200acc3,6a259b4b000000002803c8a2,complete,endpoint_exhausted,0,0,0,shanghai,ssh_eip_shanghai,deep_shanghai,9341,17,complete,GK2026D1,,
2026-08-25T06:47:50,reply,6a24dd2f000000002200acc3,6a258b6a000000002b002a77,complete,endpoint_exhausted,0,0,0,shanghai,ssh_eip_shanghai,deep_shanghai,9341,17,complete,GK2026D1,,
2026-08-25T06:47:50,reply,6a24dd2f000000002200acc3,6a25722e000000002702b20f,complete,endpoint_exhausted,0,0,0,shanghai,ssh_eip_shanghai,deep_shanghai,9341,17,complete,GK2026D1,,
2026-08-25T06:47:50,reply,6a24dd2f000000002200acc3,6a257188000000002b003129,complete,endpoint_exhausted,0,0,0,shanghai,ssh_eip_shanghai,deep_shanghai,9341,17,complete,GK2026D1,,
2026-08-25T06:47:50,reply,6a24dd2f000000002200acc3,6a256ed9000000002903768a,complete,endpoint_exhausted,0,0,0,shanghai,ssh_eip_shanghai,deep_shanghai,9341,17,complete,GK2026D1,,
2026-08-25T06:47:50,reply,6a24dd2f000000002200acc3,6a256db5000000002b027370,complete,endpoint_exhausted,0,0,0,shanghai,ssh_eip_shanghai,deep_shanghai,9341,17,complete,GK2026D1,,
2026-08-25T06:47:50,reply,6a24dd2f000000002200acc3,6a256045000000002803e1fa,complete,endpoint_exhausted,0,0,0,shanghai,ssh_eip_shanghai,deep_shanghai,9341,17,complete,GK2026D1,,
2026-08-25T06:47:50,reply,6a24dd2f000000002200acc3,6a255ce8000000002b0018c7,complete,endpoint_exhausted,0,0,0,shanghai,ssh_eip_shanghai,deep_shanghai,9341,17,complete,GK2026D1,,
2026-08-25T06:47:50,reply,6a24dd2f000000002200acc3,6a25534d000000002b02899c,complete,endpoint_exhausted,0,0,0,shanghai,ssh_eip_shanghai,deep_shanghai,9341,17,complete,GK2026D1,,
2026-08-25T06:47:50,reply,6a24dd2f000000002200acc3,6a254766000000002a027500,complete,endpoint_exhausted,0,0,0,shanghai,ssh_eip_shanghai,deep_shanghai,9341,17,complete,GK2026D1,,
2026-08-25T06:48:06,reply,6a24dd2f000000002200acc3,6a25373c000000002702bf20,complete,endpoint_exhausted,0,0,0,shanghai,ssh_eip_shanghai,deep_shanghai,9341,17,complete,GK2026D1,,
2026-08-25T06:48:06,reply,6a24dd2f000000002200acc3,6a253606000000002a007f4a,complete,endpoint_exhausted,0,0,0,shanghai,ssh_eip_shanghai,deep_shanghai,9341,17,complete,GK2026D1,,
2026-08-25T06:48:06,reply,6a24dd2f000000002200acc3,6a2533950000000028039e33,complete,endpoint_exhausted,0,0,0,shanghai,ssh_eip_shanghai,deep_shanghai,9341,17,complete,GK2026D1,,
2026-08-25T06:48:06,reply,6a24dd2f000000002200acc3,6a253218000000002900d687,complete,endpoint_exhausted,0,0,0,shanghai,ssh_eip_shanghai,deep_shanghai,9341,17,complete,GK2026D1,,
2026-08-25T06:48:06,reply,6a24dd2f000000002200acc3,6a252a5e000000002900fcda,complete,endpoint_exhausted,0,0,0,shanghai,ssh_eip_shanghai,deep_shanghai,9341,17,complete,GK2026D1,,
2026-08-25T06:48:06,reply,6a24dd2f000000002200acc3,6a2527c7000000002702313e,complete,endpoint_exhausted,0,1,1,shanghai,ssh_eip_shanghai,deep_shanghai,9341,17,complete,GK2026D1,,
2026-08-25T06:48:06,reply,6a24dd2f000000002200acc3,6a2523f0000000002900f7c3,complete,endpoint_exhausted,0,0,0,shanghai,ssh_eip_shanghai,deep_shanghai,9341,17,complete,GK2026D1,,
2026-08-25T06:48:06,reply,6a24dd2f000000002200acc3,6a251e7a000000002702b3cf,complete,endpoint_exhausted,0,0,0,shanghai,ssh_eip_shanghai,deep_shanghai,9341,17,complete,GK2026D1,,
2026-08-25T06:48:06,reply,6a24dd2f000000002200acc3,6a2519f40000000029011015,complete,endpoint_exhausted,0,0,0,shanghai,ssh_eip_shanghai,deep_shanghai,9341,17,complete,GK2026D1,,
2026-08-25T06:48:06,reply,6a24dd2f000000002200acc3,6a25162e000000002701f70b,complete,endpoint_exhausted,0,0,0,shanghai,ssh_eip_shanghai,deep_shanghai,9341,17,complete,GK2026D1,,
2026-08-25T06:48:23,reply,6a24dd2f000000002200acc3,6a25130a00000000280313ac,complete,endpoint_exhausted,0,0,0,shanghai,ssh_eip_shanghai,deep_shanghai,9341,17,complete,GK2026D1,,
2026-08-25T06:48:23,reply,6a24dd2f000000002200acc3,6a2512ec0000000028035c13,complete,endpoint_exhausted,0,0,0,shanghai,ssh_eip_shanghai,deep_shanghai,9341,17,complete,GK2026D1,,
2026-08-25T06:48:23,reply,6a24dd2f000000002200acc3,6a251227000000002a02e33f,complete,endpoint_exhausted,0,0,0,shanghai,ssh_eip_shanghai,deep_shanghai,9341,17,complete,GK2026D1,,
2026-08-25T06:48:23,reply,6a24dd2f000000002200acc3,6a2511f9000000002b00330a,complete,endpoint_exhausted,0,0,0,shanghai,ssh_eip_shanghai,deep_shanghai,9341,17,complete,GK2026D1,,
2026-08-25T06:48:23,reply,6a24dd2f000000002200acc3,6a251105000000002a005540,complete,endpoint_exhausted,0,0,0,shanghai,ssh_eip_shanghai,deep_shanghai,9341,17,complete,GK2026D1,,
2026-08-25T06:48:23,reply,6a24dd2f000000002200acc3,6a250eb50000000027014a3f,complete,endpoint_exhausted,0,0,0,shanghai,ssh_eip_shanghai,deep_shanghai,9341,17,complete,GK2026D1,,
2026-08-25T06:48:23,reply,6a24dd2f000000002200acc3,6a250c960000000029019e86,complete,endpoint_exhausted,0,0,0,shanghai,ssh_eip_shanghai,deep_shanghai,9341,17,complete,GK2026D1,,
2026-08-25T06:48:23,reply,6a24dd2f000000002200acc3,6a250a18000000002803b0cd,complete,endpoint_exhausted,0,0,0,shanghai,ssh_eip_shanghai,deep_shanghai,9341,17,complete,GK2026D1,,
2026-08-25T06:48:23,reply,6a24dd2f000000002200acc3,6a2509590000000028035273,complete,endpoint_exhausted,0,0,0,shanghai,ssh_eip_shanghai,deep_shanghai,9341,17,complete,GK2026D1,,
2026-08-25T06:48:23,reply,6a24dd2f000000002200acc3,6a2505e40000000027020c92,complete,endpoint_exhausted,0,0,0,shanghai,ssh_eip_shanghai,deep_shanghai,9341,17,complete,GK2026D1,,
2026-08-25T06:48:39,reply,6a24dd2f000000002200acc3,6a250559000000002702e30e,complete,endpoint_exhausted,0,0,0,shanghai,ssh_eip_shanghai,deep_shanghai,9341,17,complete,GK2026D1,,
2026-08-25T06:48:39,reply,6a24dd2f000000002200acc3,6a2504e3000000002800ae34,complete,endpoint_exhausted,0,0,0,shanghai,ssh_eip_shanghai,deep_shanghai,9341,17,complete,GK2026D1,,
2026-08-25T06:48:39,reply,6a24dd2f000000002200acc3,6a2504940000000029013e9b,complete,endpoint_exhausted,0,0,0,shanghai,ssh_eip_shanghai,deep_shanghai,9341,17,complete,GK2026D1,,
2026-08-25T06:48:39,reply,6a24dd2f000000002200acc3,6a25039f000000002900f882,complete,endpoint_exhausted,0,0,0,shanghai,ssh_eip_shanghai,deep_shanghai,9341,17,complete,GK2026D1,,
2026-08-25T06:48:39,reply,6a24dd2f000000002200acc3,6a250145000000002900ed31,complete,endpoint_exhausted,0,0,0,shanghai,ssh_eip_shanghai,deep_shanghai,9341,17,complete,GK2026D1,,
2026-08-25T06:48:39,reply,6a24dd2f000000002200acc3,6a24ffeb000000002702cc13,complete,endpoint_exhausted,0,0,0,shanghai,ssh_eip_shanghai,deep_shanghai,9341,17,complete,GK2026D1,,
2026-08-25T06:48:39,reply,6a24dd2f000000002200acc3,6a24ff5c0000000029018666,complete,endpoint_exhausted,0,0,0,shanghai,ssh_eip_shanghai,deep_shanghai,9341,17,complete,GK2026D1,,
2026-08-25T06:48:39,reply,6a24dd2f000000002200acc3,6a24ff09000000002702d172,complete,endpoint_exhausted,0,0,0,shanghai,ssh_eip_shanghai,deep_shanghai,9341,17,complete,GK2026D1,,
2026-08-25T06:48:39,reply,6a24dd2f000000002200acc3,6a24fdb6000000002a02d0ba,complete,endpoint_exhausted,0,0,0,shanghai,ssh_eip_shanghai,deep_shanghai,9341,17,complete,GK2026D1,,
2026-08-25T06:48:39,reply,6a24dd2f000000002200acc3,6a24fcf700000000280383ba,complete,endpoint_exhausted,0,0,0,shanghai,ssh_eip_shanghai,deep_shanghai,9341,17,complete,GK2026D1,,
2026-08-25T06:48:55,reply,6a24dd2f000000002200acc3,6a24fca70000000028030f02,complete,endpoint_exhausted,0,0,0,shanghai,ssh_eip_shanghai,deep_shanghai,9341,17,complete,GK2026D1,,
2026-08-25T06:48:55,reply,6a24dd2f000000002200acc3,6a24fc65000000002701c9b6,complete,endpoint_exhausted,0,0,0,shanghai,ssh_eip_shanghai,deep_shanghai,9341,17,complete,GK2026D1,,
2026-08-25T06:48:55,reply,6a24dd2f000000002200acc3,6a24fc4b00000000270153dc,complete,endpoint_exhausted,0,0,0,shanghai,ssh_eip_shanghai,deep_shanghai,9341,17,complete,GK2026D1,,
2026-08-25T06:48:55,reply,6a24dd2f000000002200acc3,6a24fc3500000000280341c3,complete,endpoint_exhausted,0,0,0,shanghai,ssh_eip_shanghai,deep_shanghai,9341,17,complete,GK2026D1,,
2026-08-25T06:48:55,reply,6a24dd2f000000002200acc3,6a24fc260000000028037e4b,complete,endpoint_exhausted,0,0,0,shanghai,ssh_eip_shanghai,deep_shanghai,9341,17,complete,GK2026D1,,
2026-08-25T06:48:55,reply,6a24dd2f000000002200acc3,6a24fbcc0000000027028bef,complete,endpoint_exhausted,0,0,0,shanghai,ssh_eip_shanghai,deep_shanghai,9341,17,complete,GK2026D1,,
2026-08-25T06:48:55,reply,6a24dd2f000000002200acc3,6a24fb88000000002a005484,complete,endpoint_exhausted,0,0,0,shanghai,ssh_eip_shanghai,deep_shanghai,9341,17,complete,GK2026D1,,
2026-08-25T06:48:55,reply,6a24dd2f000000002200acc3,6a24fa6b000000002803abd2,complete,endpoint_exhausted,0,0,0,shanghai,ssh_eip_shanghai,deep_shanghai,9341,17,complete,GK2026D1,,
2026-08-25T06:48:55,reply,6a24dd2f000000002200acc3,6a24f858000000002a0338ef,complete,endpoint_exhausted,0,0,0,shanghai,ssh_eip_shanghai,deep_shanghai,9341,17,complete,GK2026D1,,
2026-08-25T06:48:55,reply,6a24dd2f000000002200acc3,6a24f83e000000002a00741a,complete,endpoint_exhausted,0,0,0,shanghai,ssh_eip_shanghai,deep_shanghai,9341,17,complete,GK2026D1,,
2026-08-25T06:49:11,reply,6a24dd2f000000002200acc3,6a24f83a000000002803a44a,complete,endpoint_exhausted,0,0,0,shanghai,ssh_eip_shanghai,deep_shanghai,9341,17,complete,GK2026D1,,
2026-08-25T06:49:11,reply,6a24dd2f000000002200acc3,6a24f7c70000000028030fb9,complete,endpoint_exhausted,0,0,0,shanghai,ssh_eip_shanghai,deep_shanghai,9341,17,complete,GK2026D1,,
2026-08-25T06:49:11,reply,6a24dd2f000000002200acc3,6a24f6fe0000000028032036,complete,endpoint_exhausted,0,0,0,shanghai,ssh_eip_shanghai,deep_shanghai,9341,17,complete,GK2026D1,,
2026-08-25T06:49:11,reply,6a24dd2f000000002200acc3,6a24f63600000000290366ed,complete,endpoint_exhausted,0,0,0,shanghai,ssh_eip_shanghai,deep_shanghai,9341,17,complete,GK2026D1,,
2026-08-25T06:49:11,reply,6a24dd2f000000002200acc3,6a24f61d000000002900e894,complete,endpoint_exhausted,0,0,0,shanghai,ssh_eip_shanghai,deep_shanghai,9341,17,complete,GK2026D1,,
2026-08-25T06:49:11,reply,6a24dd2f000000002200acc3,6a24f59b000000002701612f,complete,endpoint_exhausted,0,0,0,shanghai,ssh_eip_shanghai,deep_shanghai,9341,17,complete,GK2026D1,,
2026-08-25T06:49:11,reply,6a24dd2f000000002200acc3,6a24f50d000000002a025efb,complete,endpoint_exhausted,0,0,0,shanghai,ssh_eip_shanghai,deep_shanghai,9341,17,complete,GK2026D1,,
2026-08-25T06:49:11,reply,6a24dd2f000000002200acc3,6a24f45f00000000290272dc,complete,endpoint_exhausted,0,0,0,shanghai,ssh_eip_shanghai,deep_shanghai,9341,17,complete,GK2026D1,,
2026-08-25T06:49:11,reply,6a24dd2f000000002200acc3,6a24f3ae000000002b0271ff,complete,endpoint_exhausted,0,0,0,shanghai,ssh_eip_shanghai,deep_shanghai,9341,17,complete,GK2026D1,,
2026-08-25T06:49:11,reply,6a24dd2f000000002200acc3,6a24f2ca000000002803dfb7,complete,endpoint_exhausted,0,0,0,shanghai,ssh_eip_shanghai,deep_shanghai,9341,17,complete,GK2026D1,,
2026-08-25T06:49:27,reply,6a24dd2f000000002200acc3,6a24f2b8000000002900c8c4,complete,endpoint_exhausted,0,0,0,shanghai,ssh_eip_shanghai,deep_shanghai,9341,17,complete,GK2026D1,,
2026-08-25T06:49:43,reply,6a24dd2f000000002200acc3,6a24efd900000000270174fd,complete,endpoint_exhausted,1,2,2,shanghai,ssh_eip_shanghai,deep_shanghai,9341,17,complete,GK2026D1,,
2026-08-25T06:49:43,reply,6a24dd2f000000002200acc3,6a24ed95000000002702f364,complete,endpoint_exhausted,0,0,0,shanghai,ssh_eip_shanghai,deep_shanghai,9341,17,complete,GK2026D1,,
2026-08-25T06:49:43,reply,6a24dd2f000000002200acc3,6a24ec740000000029010d1f,complete,endpoint_exhausted,0,0,0,shanghai,ssh_eip_shanghai,deep_shanghai,9341,17,complete,GK2026D1,,
2026-08-25T06:49:43,reply,6a24dd2f000000002200acc3,6a24ec0f000000002803a799,complete,endpoint_exhausted,0,0,0,shanghai,ssh_eip_shanghai,deep_shanghai,9341,17,complete,GK2026D1,,
2026-08-25T06:49:43,reply,6a24dd2f000000002200acc3,6a2783dc0000000028035e4b,complete,endpoint_exhausted,0,0,0,shanghai,ssh_eip_shanghai,deep_shanghai,9341,17,complete,GK2026D1,,
2026-08-25T06:49:43,reply,6a24dd2f000000002200acc3,6a271410000000002902f7ff,complete,endpoint_exhausted,0,0,0,shanghai,ssh_eip_shanghai,deep_shanghai,9341,17,complete,GK2026D1,,
2026-08-25T06:49:43,reply,6a24dd2f000000002200acc3,6a263b81000000002b02a374,complete,endpoint_exhausted,0,0,0,shanghai,ssh_eip_shanghai,deep_shanghai,9341,17,complete,GK2026D1,,
2026-08-25T06:49:43,reply,6a24dd2f000000002200acc3,6a25fdb800000000280306b9,complete,endpoint_exhausted,0,0,0,shanghai,ssh_eip_shanghai,deep_shanghai,9341,17,complete,GK2026D1,,
2026-08-25T06:49:43,reply,6a24dd2f000000002200acc3,6a24fbee000000002a02fa82,complete,endpoint_exhausted,0,0,0,shanghai,ssh_eip_shanghai,deep_shanghai,9341,17,complete,GK2026D1,,
2026-08-25T06:49:59,reply,6a24dd2f000000002200acc3,6a24f5e8000000002803dffd,complete,endpoint_exhausted,0,0,0,shanghai,ssh_eip_shanghai,deep_shanghai,9341,17,complete,GK2026D1,,
2026-08-25T06:49:59,reply,6a24dd2f000000002200acc3,6a24f0c70000000029011e04,complete,endpoint_exhausted,0,0,0,shanghai,ssh_eip_shanghai,deep_shanghai,9341,17,complete,GK2026D1,,
2026-08-25T06:49:59,top_level,6a24dd2f000000002200acc3,,complete,endpoint_exhausted,43,422,,shanghai,ssh_eip_shanghai,deep_shanghai,9341,17,complete,GK2026D1,True,
2026-08-25T07:07:50,reply,6a266bee0000000007020fd3,6a267ba4000000002b02a4e1,complete,endpoint_exhausted,26,129,129,shanghai,ssh_eip_shanghai,deep_shanghai,9341,18,complete,GK2026D1,,
2026-08-25T07:22:20,reply,6a266bee0000000007020fd3,6a26a7f2000000002900dbdb,complete,endpoint_exhausted,54,269,269,shanghai,ssh_eip_shanghai,deep_shanghai,9341,18,complete,GK2026D1,,
2026-08-25T07:25:49,reply,6a266bee0000000007020fd3,6a26c401000000002a0054fb,complete,endpoint_exhausted,13,63,63,shanghai,ssh_eip_shanghai,deep_shanghai,9341,18,complete,GK2026D1,,
2026-08-25T07:29:19,reply,6a266bee0000000007020fd3,6a2768050000000029034c4e,complete,endpoint_exhausted,13,63,63,shanghai,ssh_eip_shanghai,deep_shanghai,9341,18,complete,GK2026D1,,
2026-08-25T07:30:55,reply,6a266bee0000000007020fd3,6a2774a5000000002702dade,complete,endpoint_exhausted,6,31,31,shanghai,ssh_eip_shanghai,deep_shanghai,9341,18,complete,GK2026D1,,
2026-08-25T07:31:27,reply,6a266bee0000000007020fd3,6a2aaf97000000002b027393,complete,endpoint_exhausted,2,9,9,shanghai,ssh_eip_shanghai,deep_shanghai,9341,18,complete,GK2026D1,,
2026-08-25T07:31:43,reply,6a266bee0000000007020fd3,6a2824d90000000029025c45,complete,endpoint_exhausted,1,4,4,shanghai,ssh_eip_shanghai,deep_shanghai,9341,18,complete,GK2026D1,,
2026-08-25T07:32:00,reply,6a266bee0000000007020fd3,6a282340000000002a030ae4,complete,endpoint_exhausted,1,3,3,shanghai,ssh_eip_shanghai,deep_shanghai,9341,18,complete,GK2026D1,,
2026-08-25T07:32:16,reply,6a266bee0000000007020fd3,6a2a2c6b000000002701f421,complete,endpoint_exhausted,1,3,3,shanghai,ssh_eip_shanghai,deep_shanghai,9341,18,complete,GK2026D1,,
2026-08-25T07:32:16,reply,6a266bee0000000007020fd3,6a28c8be00000000280083fc,complete,endpoint_exhausted,0,1,1,shanghai,ssh_eip_shanghai,deep_shanghai,9341,18,complete,GK2026D1,,
2026-08-25T07:32:32,reply,6a266bee0000000007020fd3,6a28c73600000000280323e8,complete,endpoint_exhausted,0,0,0,shanghai,ssh_eip_shanghai,deep_shanghai,9341,18,complete,GK2026D1,,
2026-08-25T07:32:32,reply,6a266bee0000000007020fd3,6a28c6ad0000000027029ece,complete,endpoint_exhausted,0,0,0,shanghai,ssh_eip_shanghai,deep_shanghai,9341,18,complete,GK2026D1,,
2026-08-25T07:32:32,reply,6a266bee0000000007020fd3,6a28c463000000002800b03b,complete,endpoint_exhausted,0,1,1,shanghai,ssh_eip_shanghai,deep_shanghai,9341,18,complete,GK2026D1,,
2026-08-25T07:32:32,reply,6a266bee0000000007020fd3,6a28c411000000002701f514,complete,endpoint_exhausted,0,0,0,shanghai,ssh_eip_shanghai,deep_shanghai,9341,18,complete,GK2026D1,,
2026-08-25T07:32:48,reply,6a266bee0000000007020fd3,6a28c00c000000002a02e7d9,complete,endpoint_exhausted,1,2,2,shanghai,ssh_eip_shanghai,deep_shanghai,9341,18,complete,GK2026D1,,
2026-08-25T07:32:48,reply,6a266bee0000000007020fd3,6a28bee60000000027028904,complete,endpoint_exhausted,0,1,1,shanghai,ssh_eip_shanghai,deep_shanghai,9341,18,complete,GK2026D1,,
2026-08-25T07:32:48,reply,6a266bee0000000007020fd3,6a28be9e000000002803e616,complete,endpoint_exhausted,0,1,1,shanghai,ssh_eip_shanghai,deep_shanghai,9341,18,complete,GK2026D1,,
2026-08-25T07:32:48,reply,6a266bee0000000007020fd3,6a28bd7400000000270205d9,complete,endpoint_exhausted,0,0,0,shanghai,ssh_eip_shanghai,deep_shanghai,9341,18,complete,GK2026D1,,
2026-08-25T07:32:48,reply,6a266bee0000000007020fd3,6a28bcd7000000002a02fe37,complete,endpoint_exhausted,0,0,0,shanghai,ssh_eip_shanghai,deep_shanghai,9341,18,complete,GK2026D1,,
2026-08-25T07:32:48,reply,6a266bee0000000007020fd3,6a28bb07000000002901018f,complete,endpoint_exhausted,0,0,0,shanghai,ssh_eip_shanghai,deep_shanghai,9341,18,complete,GK2026D1,,
2026-08-25T07:33:04,reply,6a266bee0000000007020fd3,6a28ba1c000000002702f721,complete,endpoint_exhausted,0,1,1,shanghai,ssh_eip_shanghai,deep_shanghai,9341,18,complete,GK2026D1,,
2026-08-25T07:33:04,reply,6a266bee0000000007020fd3,6a28b687000000002900c6e7,complete,endpoint_exhausted,0,0,0,shanghai,ssh_eip_shanghai,deep_shanghai,9341,18,complete,GK2026D1,,
2026-08-25T07:33:04,reply,6a266bee0000000007020fd3,6a28b4e1000000002702e91d,complete,endpoint_exhausted,0,0,0,shanghai,ssh_eip_shanghai,deep_shanghai,9341,18,complete,GK2026D1,,
2026-08-25T07:33:04,reply,6a266bee0000000007020fd3,6a28b49f000000002100c63f,complete,endpoint_exhausted,0,0,0,shanghai,ssh_eip_shanghai,deep_shanghai,9341,18,complete,GK2026D1,,
2026-08-25T07:33:04,reply,6a266bee0000000007020fd3,6a28b484000000002702dab7,complete,endpoint_exhausted,0,0,0,shanghai,ssh_eip_shanghai,deep_shanghai,9341,18,complete,GK2026D1,,
2026-08-25T07:33:04,reply,6a266bee0000000007020fd3,6a28b425000000002803fc72,complete,endpoint_exhausted,0,0,0,shanghai,ssh_eip_shanghai,deep_shanghai,9341,18,complete,GK2026D1,,
2026-08-25T07:33:04,reply,6a266bee0000000007020fd3,6a28b3ca000000002702c040,complete,endpoint_exhausted,0,0,0,shanghai,ssh_eip_shanghai,deep_shanghai,9341,18,complete,GK2026D1,,
2026-08-25T07:33:04,reply,6a266bee0000000007020fd3,6a28b164000000002902c0ba,complete,endpoint_exhausted,0,0,0,shanghai,ssh_eip_shanghai,deep_shanghai,9341,18,complete,GK2026D1,,
2026-08-25T07:33:04,reply,6a266bee0000000007020fd3,6a28aece000000002800975e,complete,endpoint_exhausted,0,0,0,shanghai,ssh_eip_shanghai,deep_shanghai,9341,18,complete,GK2026D1,,
2026-08-25T07:33:04,reply,6a266bee0000000007020fd3,6a28ae5b0000000027021dd4,complete,endpoint_exhausted,0,0,0,shanghai,ssh_eip_shanghai,deep_shanghai,9341,18,complete,GK2026D1,,
2026-08-25T07:33:20,reply,6a266bee0000000007020fd3,6a28ad90000000002800b2a5,complete,endpoint_exhausted,0,0,0,shanghai,ssh_eip_shanghai,deep_shanghai,9341,18,complete,GK2026D1,,
2026-08-25T07:33:36,reply,6a266bee0000000007020fd3,6a28ac7b000000002a02c60f,complete,endpoint_exhausted,1,2,2,shanghai,ssh_eip_shanghai,deep_shanghai,9341,18,complete,GK2026D1,,
2026-08-25T07:33:36,reply,6a266bee0000000007020fd3,6a28ac4f0000000029034ff6,complete,endpoint_exhausted,0,0,0,shanghai,ssh_eip_shanghai,deep_shanghai,9341,18,complete,GK2026D1,,
2026-08-25T07:33:36,reply,6a266bee0000000007020fd3,6a28a909000000002a033058,complete,endpoint_exhausted,0,0,0,shanghai,ssh_eip_shanghai,deep_shanghai,9341,18,complete,GK2026D1,,
2026-08-25T07:33:36,reply,6a266bee0000000007020fd3,6a28a8da000000002a02c212,complete,endpoint_exhausted,0,0,0,shanghai,ssh_eip_shanghai,deep_shanghai,9341,18,complete,GK2026D1,,
2026-08-25T07:33:36,reply,6a266bee0000000007020fd3,6a28a74a00000000290139ba,complete,endpoint_exhausted,0,0,0,shanghai,ssh_eip_shanghai,deep_shanghai,9341,18,complete,GK2026D1,,
2026-08-25T07:33:36,reply,6a266bee0000000007020fd3,6a28a10d000000002803bf75,complete,endpoint_exhausted,0,0,0,shanghai,ssh_eip_shanghai,deep_shanghai,9341,18,complete,GK2026D1,,
2026-08-25T07:33:36,reply,6a266bee0000000007020fd3,6a289eed000000002901a448,complete,endpoint_exhausted,0,0,0,shanghai,ssh_eip_shanghai,deep_shanghai,9341,18,complete,GK2026D1,,
2026-08-25T07:33:36,reply,6a266bee0000000007020fd3,6a289731000000002900f2f6,complete,endpoint_exhausted,0,0,0,shanghai,ssh_eip_shanghai,deep_shanghai,9341,18,complete,GK2026D1,,
2026-08-25T07:33:36,reply,6a266bee0000000007020fd3,6a288be4000000002900c987,complete,endpoint_exhausted,0,0,0,shanghai,ssh_eip_shanghai,deep_shanghai,9341,18,complete,GK2026D1,,
2026-08-25T07:33:52,reply,6a266bee0000000007020fd3,6a2859fa000000002a02d007,complete,endpoint_exhausted,0,0,0,shanghai,ssh_eip_shanghai,deep_shanghai,9341,18,complete,GK2026D1,,
2026-08-25T07:33:52,reply,6a266bee0000000007020fd3,6a284c9a000000002900dc48,complete,endpoint_exhausted,0,1,1,shanghai,ssh_eip_shanghai,deep_shanghai,9341,18,complete,GK2026D1,,
2026-08-25T07:33:52,reply,6a266bee0000000007020fd3,6a284a850000000027020d36,complete,endpoint_exhausted,0,0,0,shanghai,ssh_eip_shanghai,deep_shanghai,9341,18,complete,GK2026D1,,
2026-08-25T07:33:52,reply,6a266bee0000000007020fd3,6a284632000000002803e1e4,complete,endpoint_exhausted,0,0,0,shanghai,ssh_eip_shanghai,deep_shanghai,9341,18,complete,GK2026D1,,
2026-08-25T07:33:52,reply,6a266bee0000000007020fd3,6a283f73000000002a0242b2,complete,endpoint_exhausted,0,1,1,shanghai,ssh_eip_shanghai,deep_shanghai,9341,18,complete,GK2026D1,,
2026-08-25T07:33:52,reply,6a266bee0000000007020fd3,6a283bc0000000002702fc87,complete,endpoint_exhausted,0,0,0,shanghai,ssh_eip_shanghai,deep_shanghai,9341,18,complete,GK2026D1,,
2026-08-25T07:33:52,reply,6a266bee0000000007020fd3,6a2838f20000000028033a68,complete,endpoint_exhausted,0,0,0,shanghai,ssh_eip_shanghai,deep_shanghai,9341,18,complete,GK2026D1,,
2026-08-25T07:33:52,reply,6a266bee0000000007020fd3,6a283361000000002900d17c,complete,endpoint_exhausted,0,0,0,shanghai,ssh_eip_shanghai,deep_shanghai,9341,18,complete,GK2026D1,,
2026-08-25T07:33:52,reply,6a266bee0000000007020fd3,6a282be2000000002701f011,complete,endpoint_exhausted,0,1,1,shanghai,ssh_eip_shanghai,deep_shanghai,9341,18,complete,GK2026D1,,
2026-08-25T07:33:52,reply,6a266bee0000000007020fd3,6a282bb50000000028008d1e,complete,endpoint_exhausted,0,0,0,shanghai,ssh_eip_shanghai,deep_shanghai,9341,18,complete,GK2026D1,,
2026-08-25T07:34:09,reply,6a266bee0000000007020fd3,6a282b2e0000000027014504,complete,endpoint_exhausted,0,0,0,shanghai,ssh_eip_shanghai,deep_shanghai,9341,18,complete,GK2026D1,,
2026-08-25T07:34:09,reply,6a266bee0000000007020fd3,6a2828da000000002902da8f,complete,endpoint_exhausted,0,0,0,shanghai,ssh_eip_shanghai,deep_shanghai,9341,18,complete,GK2026D1,,
2026-08-25T07:34:25,reply,6a266bee0000000007020fd3,6a2824d90000000029025c45,complete,endpoint_exhausted,1,4,4,shanghai,ssh_eip_shanghai,deep_shanghai,9341,18,complete,GK2026D1,,
2026-08-25T07:34:25,reply,6a266bee0000000007020fd3,6a2824c2000000002a031582,complete,endpoint_exhausted,0,0,0,shanghai,ssh_eip_shanghai,deep_shanghai,9341,18,complete,GK2026D1,,
2026-08-25T07:34:25,reply,6a266bee0000000007020fd3,6a28243a000000002702d8e8,complete,endpoint_exhausted,0,0,0,shanghai,ssh_eip_shanghai,deep_shanghai,9341,18,complete,GK2026D1,,
2026-08-25T07:34:41,reply,6a266bee0000000007020fd3,6a282340000000002a030ae4,complete,endpoint_exhausted,1,3,3,shanghai,ssh_eip_shanghai,deep_shanghai,9341,18,complete,GK2026D1,,
2026-08-25T07:34:41,reply,6a266bee0000000007020fd3,6a2820460000000027017ee3,complete,endpoint_exhausted,0,1,1,shanghai,ssh_eip_shanghai,deep_shanghai,9341,18,complete,GK2026D1,,
2026-08-25T07:34:41,reply,6a266bee0000000007020fd3,6a281f7f0000000029026292,complete,endpoint_exhausted,0,0,0,shanghai,ssh_eip_shanghai,deep_shanghai,9341,18,complete,GK2026D1,,
2026-08-25T07:34:41,reply,6a266bee0000000007020fd3,6a281f53000000002a0278ef,complete,endpoint_exhausted,0,0,0,shanghai,ssh_eip_shanghai,deep_shanghai,9341,18,complete,GK2026D1,,
2026-08-25T07:34:41,reply,6a266bee0000000007020fd3,6a281dad00000000280391fb,complete,endpoint_exhausted,0,0,0,shanghai,ssh_eip_shanghai,deep_shanghai,9341,18,complete,GK2026D1,,
2026-08-25T07:34:57,reply,6a266bee0000000007020fd3,6a281d93000000002702ba23,complete,endpoint_exhausted,0,0,0,shanghai,ssh_eip_shanghai,deep_shanghai,9341,18,complete,GK2026D1,,
2026-08-25T07:34:57,reply,6a266bee0000000007020fd3,6a281a0f000000002b0290b6,complete,endpoint_exhausted,0,0,0,shanghai,ssh_eip_shanghai,deep_shanghai,9341,18,complete,GK2026D1,,
2026-08-25T07:34:57,reply,6a266bee0000000007020fd3,6a28161b000000002902c217,complete,endpoint_exhausted,0,0,0,shanghai,ssh_eip_shanghai,deep_shanghai,9341,18,complete,GK2026D1,,
2026-08-25T07:34:57,reply,6a266bee0000000007020fd3,6a280f3f000000002701dff4,complete,endpoint_exhausted,0,0,0,shanghai,ssh_eip_shanghai,deep_shanghai,9341,18,complete,GK2026D1,,
2026-08-25T07:34:57,reply,6a266bee0000000007020fd3,6a280e88000000002b0262ae,complete,endpoint_exhausted,0,0,0,shanghai,ssh_eip_shanghai,deep_shanghai,9341,18,complete,GK2026D1,,
2026-08-25T07:34:57,reply,6a266bee0000000007020fd3,6a280db600000000280301eb,complete,endpoint_exhausted,0,0,0,shanghai,ssh_eip_shanghai,deep_shanghai,9341,18,complete,GK2026D1,,
2026-08-25T07:34:57,reply,6a266bee0000000007020fd3,6a280c3a000000002b02a219,complete,endpoint_exhausted,0,1,1,shanghai,ssh_eip_shanghai,deep_shanghai,9341,18,complete,GK2026D1,,
2026-08-25T07:34:57,reply,6a266bee0000000007020fd3,6a280b63000000002800aaed,complete,endpoint_exhausted,0,0,0,shanghai,ssh_eip_shanghai,deep_shanghai,9341,18,complete,GK2026D1,,
2026-08-25T07:34:57,reply,6a266bee0000000007020fd3,6a280b0c000000002b02a609,complete,endpoint_exhausted,0,0,0,shanghai,ssh_eip_shanghai,deep_shanghai,9341,18,complete,GK2026D1,,
2026-08-25T07:34:57,reply,6a266bee0000000007020fd3,6a280ad5000000002900f5d3,complete,endpoint_exhausted,0,1,1,shanghai,ssh_eip_shanghai,deep_shanghai,9341,18,complete,GK2026D1,,
2026-08-25T07:35:13,reply,6a266bee0000000007020fd3,6a280647000000002803c8d1,complete,endpoint_exhausted,0,1,1,shanghai,ssh_eip_shanghai,deep_shanghai,9341,18,complete,GK2026D1,,
2026-08-25T07:35:29,reply,6a266bee0000000007020fd3,6a280605000000002900f546,complete,endpoint_exhausted,1,2,2,shanghai,ssh_eip_shanghai,deep_shanghai,9341,18,complete,GK2026D1,,
2026-08-25T07:35:29,reply,6a266bee0000000007020fd3,6a28051d000000002701db71,complete,endpoint_exhausted,0,1,1,shanghai,ssh_eip_shanghai,deep_shanghai,9341,18,complete,GK2026D1,,
2026-08-25T07:35:29,reply,6a266bee0000000007020fd3,6a2804cc0000000028008766,complete,endpoint_exhausted,0,0,0,shanghai,ssh_eip_shanghai,deep_shanghai,9341,18,complete,GK2026D1,,
2026-08-25T07:35:29,reply,6a266bee0000000007020fd3,6a280259000000002902e608,complete,endpoint_exhausted,0,0,0,shanghai,ssh_eip_shanghai,deep_shanghai,9341,18,complete,GK2026D1,,
2026-08-25T07:35:29,reply,6a266bee0000000007020fd3,6a28012a000000002901883a,complete,endpoint_exhausted,0,1,1,shanghai,ssh_eip_shanghai,deep_shanghai,9341,18,complete,GK2026D1,,
2026-08-25T07:35:29,reply,6a266bee0000000007020fd3,6a2800af000000002a02fc79,complete,endpoint_exhausted,0,0,0,shanghai,ssh_eip_shanghai,deep_shanghai,9341,18,complete,GK2026D1,,
2026-08-25T07:35:29,reply,6a266bee0000000007020fd3,6a280027000000002903670a,complete,endpoint_exhausted,0,1,1,shanghai,ssh_eip_shanghai,deep_shanghai,9341,18,complete,GK2026D1,,
2026-08-25T07:35:29,reply,6a266bee0000000007020fd3,6a27ffb4000000002900e301,complete,endpoint_exhausted,0,0,0,shanghai,ssh_eip_shanghai,deep_shanghai,9341,18,complete,GK2026D1,,
2026-08-25T07:35:29,reply,6a266bee0000000007020fd3,6a27fe6a0000000027022323,complete,endpoint_exhausted,0,0,0,shanghai,ssh_eip_shanghai,deep_shanghai,9341,18,complete,GK2026D1,,
2026-08-25T07:35:45,reply,6a266bee0000000007020fd3,6a27fcba00000000280384a7,complete,endpoint_exhausted,0,0,0,shanghai,ssh_eip_shanghai,deep_shanghai,9341,18,complete,GK2026D1,,
2026-08-25T07:35:45,reply,6a266bee0000000007020fd3,6a27fc31000000002b029d2a,complete,endpoint_exhausted,0,0,0,shanghai,ssh_eip_shanghai,deep_shanghai,9341,18,complete,GK2026D1,,
2026-08-25T07:35:45,reply,6a266bee0000000007020fd3,6a27fb6d0000000029011468,complete,endpoint_exhausted,0,1,1,shanghai,ssh_eip_shanghai,deep_shanghai,9341,18,complete,GK2026D1,,
2026-08-25T07:36:01,reply,6a266bee0000000007020fd3,6a27f8a5000000002a025096,complete,endpoint_exhausted,1,2,2,shanghai,ssh_eip_shanghai,deep_shanghai,9341,18,complete,GK2026D1,,
2026-08-25T07:36:01,reply,6a266bee0000000007020fd3,6a27f4a20000000029035245,complete,endpoint_exhausted,0,1,1,shanghai,ssh_eip_shanghai,deep_shanghai,9341,18,complete,GK2026D1,,
2026-08-25T07:36:01,reply,6a266bee0000000007020fd3,6a27f3290000000029018616,complete,endpoint_exhausted,0,1,1,shanghai,ssh_eip_shanghai,deep_shanghai,9341,18,complete,GK2026D1,,
2026-08-25T07:36:01,reply,6a266bee0000000007020fd3,6a27f0b70000000027021333,complete,endpoint_exhausted,0,0,0,shanghai,ssh_eip_shanghai,deep_shanghai,9341,18,complete,GK2026D1,,
2026-08-25T07:36:01,reply,6a266bee0000000007020fd3,6a27ef9c000000002a026e71,complete,endpoint_exhausted,0,0,0,shanghai,ssh_eip_shanghai,deep_shanghai,9341,18,complete,GK2026D1,,
2026-08-25T07:36:01,reply,6a266bee0000000007020fd3,6a27ef10000000002702be14,complete,endpoint_exhausted,0,0,0,shanghai,ssh_eip_shanghai,deep_shanghai,9341,18,complete,GK2026D1,,
2026-08-25T07:36:01,reply,6a266bee0000000007020fd3,6a27ee6e000000002701ea72,complete,endpoint_exhausted,0,0,0,shanghai,ssh_eip_shanghai,deep_shanghai,9341,18,complete,GK2026D1,,
2026-08-25T07:36:18,reply,6a266bee0000000007020fd3,6a27ec2c00000000290108d2,complete,endpoint_exhausted,0,0,0,shanghai,ssh_eip_shanghai,deep_shanghai,9341,18,complete,GK2026D1,,
2026-08-25T07:36:18,reply,6a266bee0000000007020fd3,6a27eba2000000002803b068,complete,endpoint_exhausted,0,1,1,shanghai,ssh_eip_shanghai,deep_shanghai,9341,18,complete,GK2026D1,,
2026-08-25T07:36:18,reply,6a266bee0000000007020fd3,6a27eaf0000000002902f453,complete,endpoint_exhausted,0,0,0,shanghai,ssh_eip_shanghai,deep_shanghai,9341,18,complete,GK2026D1,,
2026-08-25T07:36:18,reply,6a266bee0000000007020fd3,6a27eac4000000002b025e2e,complete,endpoint_exhausted,0,0,0,shanghai,ssh_eip_shanghai,deep_shanghai,9341,18,complete,GK2026D1,,
2026-08-25T07:36:18,reply,6a266bee0000000007020fd3,6a27e9b9000000002b026e15,complete,endpoint_exhausted,0,0,0,shanghai,ssh_eip_shanghai,deep_shanghai,9341,18,complete,GK2026D1,,
2026-08-25T07:36:18,reply,6a266bee0000000007020fd3,6a27e6bb000000002203cfb3,complete,endpoint_exhausted,0,0,0,shanghai,ssh_eip_shanghai,deep_shanghai,9341,18,complete,GK2026D1,,
2026-08-25T07:36:18,reply,6a266bee0000000007020fd3,6a27e610000000002803459c,complete,endpoint_exhausted,0,0,0,shanghai,ssh_eip_shanghai,deep_shanghai,9341,18,complete,GK2026D1,,
2026-08-25T07:36:34,reply,6a266bee0000000007020fd3,6a27e5e7000000002803eab6,complete,endpoint_exhausted,1,2,2,shanghai,ssh_eip_shanghai,deep_shanghai,9341,18,complete,GK2026D1,,
2026-08-25T07:36:34,reply,6a266bee0000000007020fd3,6a27e4fe0000000027017650,complete,endpoint_exhausted,0,0,0,shanghai,ssh_eip_shanghai,deep_shanghai,9341,18,complete,GK2026D1,,
2026-08-25T07:36:34,reply,6a266bee0000000007020fd3,6a27e4c00000000027023e78,complete,endpoint_exhausted,0,0,0,shanghai,ssh_eip_shanghai,deep_shanghai,9341,18,complete,GK2026D1,,
2026-08-25T07:36:50,reply,6a266bee0000000007020fd3,6a27e432000000002803c822,complete,endpoint_exhausted,0,1,1,shanghai,ssh_eip_shanghai,deep_shanghai,9341,18,complete,GK2026D1,,
2026-08-25T07:36:50,reply,6a266bee0000000007020fd3,6a27e3020000000028030ac8,complete,endpoint_exhausted,0,0,0,shanghai,ssh_eip_shanghai,deep_shanghai,9341,18,complete,GK2026D1,,
2026-08-25T07:37:06,reply,6a266bee0000000007020fd3,6a27e2ce000000002a0059cc,complete,endpoint_exhausted,1,3,3,shanghai,ssh_eip_shanghai,deep_shanghai,9341,18,complete,GK2026D1,,
2026-08-25T07:37:06,reply,6a266bee0000000007020fd3,6a27e26b0000000027015923,complete,endpoint_exhausted,0,0,0,shanghai,ssh_eip_shanghai,deep_shanghai,9341,18,complete,GK2026D1,,
2026-08-25T07:37:06,reply,6a266bee0000000007020fd3,6a27e209000000002902d20f,complete,endpoint_exhausted,0,0,0,shanghai,ssh_eip_shanghai,deep_shanghai,9341,18,complete,GK2026D1,,
2026-08-25T07:37:22,reply,6a266bee0000000007020fd3,6a27e1f8000000002a0073b4,complete,endpoint_exhausted,1,2,2,shanghai,ssh_eip_shanghai,deep_shanghai,9341,18,complete,GK2026D1,,
2026-08-25T07:37:22,reply,6a266bee0000000007020fd3,6a27e1e6000000002701cb05,complete,endpoint_exhausted,0,0,0,shanghai,ssh_eip_shanghai,deep_shanghai,9341,18,complete,GK2026D1,,
2026-08-25T07:37:22,reply,6a266bee0000000007020fd3,6a27e191000000002a006256,complete,endpoint_exhausted,0,0,0,shanghai,ssh_eip_shanghai,deep_shanghai,9341,18,complete,GK2026D1,,
2026-08-25T07:37:38,reply,6a266bee0000000007020fd3,6a27e09c000000002a0075ac,complete,endpoint_exhausted,1,5,5,shanghai,ssh_eip_shanghai,deep_shanghai,9341,18,complete,GK2026D1,,
2026-08-25T07:37:38,reply,6a266bee0000000007020fd3,6a27e03a000000002702bdec,complete,endpoint_exhausted,0,0,0,shanghai,ssh_eip_shanghai,deep_shanghai,9341,18,complete,GK2026D1,,
2026-08-25T07:37:54,reply,6a266bee0000000007020fd3,6a27dffb000000002900d6d0,complete,endpoint_exhausted,0,1,1,shanghai,ssh_eip_shanghai,deep_shanghai,9341,18,complete,GK2026D1,,
2026-08-25T07:37:54,reply,6a266bee0000000007020fd3,6a27dfe80000000028009af3,complete,endpoint_exhausted,0,0,0,shanghai,ssh_eip_shanghai,deep_shanghai,9341,18,complete,GK2026D1,,
2026-08-25T07:38:11,reply,6a266bee0000000007020fd3,6a27df9f000000002a004522,complete,endpoint_exhausted,1,3,3,shanghai,ssh_eip_shanghai,deep_shanghai,9341,18,complete,GK2026D1,,
2026-08-25T07:38:11,reply,6a266bee0000000007020fd3,6a27df660000000028035182,complete,endpoint_exhausted,0,0,0,shanghai,ssh_eip_shanghai,deep_shanghai,9341,18,complete,GK2026D1,,
2026-08-25T07:38:11,reply,6a266bee0000000007020fd3,6a27de2e00000000280345b7,complete,endpoint_exhausted,0,0,0,shanghai,ssh_eip_shanghai,deep_shanghai,9341,18,complete,GK2026D1,,
2026-08-25T07:38:11,reply,6a266bee0000000007020fd3,6a27de240000000028038484,complete,endpoint_exhausted,0,0,0,shanghai,ssh_eip_shanghai,deep_shanghai,9341,18,complete,GK2026D1,,
2026-08-25T07:38:11,reply,6a266bee0000000007020fd3,6a27de22000000002900ecad,complete,endpoint_exhausted,0,0,0,shanghai,ssh_eip_shanghai,deep_shanghai,9341,18,complete,GK2026D1,,
2026-08-25T07:38:11,reply,6a266bee0000000007020fd3,6a27ddad000000002a02d292,complete,endpoint_exhausted,0,0,0,shanghai,ssh_eip_shanghai,deep_shanghai,9341,18,complete,GK2026D1,,
2026-08-25T07:38:11,reply,6a266bee0000000007020fd3,6a27dda4000000002803c040,complete,endpoint_exhausted,0,0,0,shanghai,ssh_eip_shanghai,deep_shanghai,9341,18,complete,GK2026D1,,
2026-08-25T07:38:11,reply,6a266bee0000000007020fd3,6a27dbf5000000002a02c3e4,complete,endpoint_exhausted,0,0,0,shanghai,ssh_eip_shanghai,deep_shanghai,9341,18,complete,GK2026D1,,
2026-08-25T07:38:27,reply,6a266bee0000000007020fd3,6a27db94000000000d023001,complete,endpoint_exhausted,0,0,0,shanghai,ssh_eip_shanghai,deep_shanghai,9341,18,complete,GK2026D1,,
2026-08-25T07:38:27,reply,6a266bee0000000007020fd3,6a27daa20000000029026e32,complete,endpoint_exhausted,0,0,0,shanghai,ssh_eip_shanghai,deep_shanghai,9341,18,complete,GK2026D1,,
2026-08-25T07:38:27,reply,6a266bee0000000007020fd3,6a27da4f000000002a027c1a,complete,endpoint_exhausted,0,0,0,shanghai,ssh_eip_shanghai,deep_shanghai,9341,18,complete,GK2026D1,,
2026-08-25T07:38:27,reply,6a266bee0000000007020fd3,6a27da0a0000000029018492,complete,endpoint_exhausted,0,0,0,shanghai,ssh_eip_shanghai,deep_shanghai,9341,18,complete,GK2026D1,,
2026-08-25T07:38:27,reply,6a266bee0000000007020fd3,6a27d94e00000000280306bf,complete,endpoint_exhausted,0,0,0,shanghai,ssh_eip_shanghai,deep_shanghai,9341,18,complete,GK2026D1,,
2026-08-25T07:38:27,reply,6a266bee0000000007020fd3,6a27d83b0000000028039900,complete,endpoint_exhausted,0,0,0,shanghai,ssh_eip_shanghai,deep_shanghai,9341,18,complete,GK2026D1,,
2026-08-25T07:38:27,reply,6a266bee0000000007020fd3,6a27d8120000000029034b1e,complete,endpoint_exhausted,0,1,1,shanghai,ssh_eip_shanghai,deep_shanghai,9341,18,complete,GK2026D1,,
2026-08-25T07:38:27,reply,6a266bee0000000007020fd3,6a27d7ea0000000027015807,complete,endpoint_exhausted,0,1,1,shanghai,ssh_eip_shanghai,deep_shanghai,9341,18,complete,GK2026D1,,
2026-08-25T07:38:27,reply,6a266bee0000000007020fd3,6a27d7050000000028038df8,complete,endpoint_exhausted,0,0,0,shanghai,ssh_eip_shanghai,deep_shanghai,9341,18,complete,GK2026D1,,
2026-08-25T07:38:27,reply,6a266bee0000000007020fd3,6a27d6fd000000002702dea9,complete,endpoint_exhausted,0,1,1,shanghai,ssh_eip_shanghai,deep_shanghai,9341,18,complete,GK2026D1,,
2026-08-25T07:38:43,reply,6a266bee0000000007020fd3,6a27d6e300000000290356d4,complete,endpoint_exhausted,0,1,1,shanghai,ssh_eip_shanghai,deep_shanghai,9341,18,complete,GK2026D1,,
2026-08-25T07:38:43,reply,6a266bee0000000007020fd3,6a27d66d000000002b027dfc,complete,endpoint_exhausted,0,0,0,shanghai,ssh_eip_shanghai,deep_shanghai,9341,18,complete,GK2026D1,,
2026-08-25T07:38:43,reply,6a266bee0000000007020fd3,6a27d58e0000000027014b42,complete,endpoint_exhausted,0,0,0,shanghai,ssh_eip_shanghai,deep_shanghai,9341,18,complete,GK2026D1,,
2026-08-25T07:38:43,reply,6a266bee0000000007020fd3,6a27d4c40000000027028ccf,complete,endpoint_exhausted,0,0,0,shanghai,ssh_eip_shanghai,deep_shanghai,9341,18,complete,GK2026D1,,
2026-08-25T07:38:43,reply,6a266bee0000000007020fd3,6a27d4740000000029036511,complete,endpoint_exhausted,0,0,0,shanghai,ssh_eip_shanghai,deep_shanghai,9341,18,complete,GK2026D1,,
2026-08-25T07:38:43,reply,6a266bee0000000007020fd3,6a27d392000000002702d1a0,complete,endpoint_exhausted,0,0,0,shanghai,ssh_eip_shanghai,deep_shanghai,9341,18,complete,GK2026D1,,
2026-08-25T07:38:43,reply,6a266bee0000000007020fd3,6a27d2db000000002a0046a6,complete,endpoint_exhausted,0,0,0,shanghai,ssh_eip_shanghai,deep_shanghai,9341,18,complete,GK2026D1,,
2026-08-25T07:38:43,reply,6a266bee0000000007020fd3,6a27d230000000002901aeaf,complete,endpoint_exhausted,0,0,0,shanghai,ssh_eip_shanghai,deep_shanghai,9341,18,complete,GK2026D1,,
2026-08-25T07:38:43,reply,6a266bee0000000007020fd3,6a27d10f000000002b025e82,complete,endpoint_exhausted,0,0,0,shanghai,ssh_eip_shanghai,deep_shanghai,9341,18,complete,GK2026D1,,
2026-08-25T07:38:43,reply,6a266bee0000000007020fd3,6a27d04c000000002800b99a,complete,endpoint_exhausted,0,0,0,shanghai,ssh_eip_shanghai,deep_shanghai,9341,18,complete,GK2026D1,,
2026-08-25T07:38:59,reply,6a266bee0000000007020fd3,6a27cfbb0000000028036e9a,complete,endpoint_exhausted,0,0,0,shanghai,ssh_eip_shanghai,deep_shanghai,9341,18,complete,GK2026D1,,
2026-08-25T07:38:59,reply,6a266bee0000000007020fd3,6a27cf9b000000002701de3e,complete,endpoint_exhausted,0,0,0,shanghai,ssh_eip_shanghai,deep_shanghai,9341,18,complete,GK2026D1,,
2026-08-25T07:38:59,reply,6a266bee0000000007020fd3,6a27cf4d000000002b003957,complete,endpoint_exhausted,0,0,0,shanghai,ssh_eip_shanghai,deep_shanghai,9341,18,complete,GK2026D1,,
2026-08-25T07:38:59,reply,6a266bee0000000007020fd3,6a27cf29000000002901ac90,complete,endpoint_exhausted,0,0,0,shanghai,ssh_eip_shanghai,deep_shanghai,9341,18,complete,GK2026D1,,
2026-08-25T07:38:59,reply,6a266bee0000000007020fd3,6a27ce60000000002a031642,complete,endpoint_exhausted,0,0,0,shanghai,ssh_eip_shanghai,deep_shanghai,9341,18,complete,GK2026D1,,
2026-08-25T07:39:15,reply,6a266bee0000000007020fd3,6a27ce1d0000000021010a6a,complete,endpoint_exhausted,1,2,2,shanghai,ssh_eip_shanghai,deep_shanghai,9341,18,complete,GK2026D1,,
2026-08-25T07:39:15,reply,6a266bee0000000007020fd3,6a27cdb7000000002702c6f6,complete,endpoint_exhausted,0,0,0,shanghai,ssh_eip_shanghai,deep_shanghai,9341,18,complete,GK2026D1,,
2026-08-25T07:39:15,reply,6a266bee0000000007020fd3,6a27cc8d000000002803aab0,complete,endpoint_exhausted,0,0,0,shanghai,ssh_eip_shanghai,deep_shanghai,9341,18,complete,GK2026D1,,
2026-08-25T07:39:15,reply,6a266bee0000000007020fd3,6a27cc260000000029012a7a,complete,endpoint_exhausted,0,0,0,shanghai,ssh_eip_shanghai,deep_shanghai,9341,18,complete,GK2026D1,,
2026-08-25T07:39:15,reply,6a266bee0000000007020fd3,6a27ca9c000000002b003784,complete,endpoint_exhausted,0,0,0,shanghai,ssh_eip_shanghai,deep_shanghai,9341,18,complete,GK2026D1,,
2026-08-25T07:39:47,reply,6a266bee0000000007020fd3,6a27ca94000000002b02903d,complete,endpoint_exhausted,1,6,6,shanghai,ssh_eip_shanghai,deep_shanghai,9341,18,complete,GK2026D1,,
2026-08-25T07:39:47,reply,6a266bee0000000007020fd3,6a27ca400000000028037571,complete,endpoint_exhausted,0,0,0,shanghai,ssh_eip_shanghai,deep_shanghai,9341,18,complete,GK2026D1,,
2026-08-25T07:39:47,reply,6a266bee0000000007020fd3,6a27c9c80000000029012fdf,complete,endpoint_exhausted,0,0,0,shanghai,ssh_eip_shanghai,deep_shanghai,9341,18,complete,GK2026D1,,
2026-08-25T07:39:47,reply,6a266bee0000000007020fd3,6a27c956000000000d021800,complete,endpoint_exhausted,0,0,0,shanghai,ssh_eip_shanghai,deep_shanghai,9341,18,complete,GK2026D1,,
2026-08-25T07:39:47,reply,6a266bee0000000007020fd3,6a27c94d000000002a007884,complete,endpoint_exhausted,0,1,1,shanghai,ssh_eip_shanghai,deep_shanghai,9341,18,complete,GK2026D1,,
2026-08-25T07:39:47,reply,6a266bee0000000007020fd3,6a27c92c000000002803efee,complete,endpoint_exhausted,0,0,0,shanghai,ssh_eip_shanghai,deep_shanghai,9341,18,complete,GK2026D1,,
2026-08-25T07:39:47,reply,6a266bee0000000007020fd3,6a27c8f9000000002a026079,complete,endpoint_exhausted,0,0,0,shanghai,ssh_eip_shanghai,deep_shanghai,9341,18,complete,GK2026D1,,
2026-08-25T07:39:47,reply,6a266bee0000000007020fd3,6a27c8540000000028034422,complete,endpoint_exhausted,0,0,0,shanghai,ssh_eip_shanghai,deep_shanghai,9341,18,complete,GK2026D1,,
2026-08-25T07:40:04,reply,6a266bee0000000007020fd3,6a27c7dc000000002902632d,complete,endpoint_exhausted,1,2,2,shanghai,ssh_eip_shanghai,deep_shanghai,9341,18,complete,GK2026D1,,
2026-08-25T07:40:04,reply,6a266bee0000000007020fd3,6a27c75d0000000027028e1e,complete,endpoint_exhausted,0,0,0,shanghai,ssh_eip_shanghai,deep_shanghai,9341,18,complete,GK2026D1,,
2026-08-25T07:40:20,reply,6a266bee0000000007020fd3,6a27c6e4000000002702cb1d,complete,endpoint_exhausted,0,0,0,shanghai,ssh_eip_shanghai,deep_shanghai,9341,18,complete,GK2026D1,,
2026-08-25T07:40:36,reply,6a266bee0000000007020fd3,6a27c52e00000000270298f4,complete,endpoint_exhausted,1,3,3,shanghai,ssh_eip_shanghai,deep_shanghai,9341,18,complete,GK2026D1,,
2026-08-25T07:40:36,reply,6a266bee0000000007020fd3,6a27c40f0000000029013203,complete,endpoint_exhausted,0,0,0,shanghai,ssh_eip_shanghai,deep_shanghai,9341,18,complete,GK2026D1,,
2026-08-25T07:40:36,reply,6a266bee0000000007020fd3,6a27c303000000002702c051,complete,endpoint_exhausted,0,0,0,shanghai,ssh_eip_shanghai,deep_shanghai,9341,18,complete,GK2026D1,,
2026-08-25T07:40:36,reply,6a266bee0000000007020fd3,6a27c2f30000000029012e77,complete,endpoint_exhausted,0,1,1,shanghai,ssh_eip_shanghai,deep_shanghai,9341,18,complete,GK2026D1,,
2026-08-25T07:40:36,reply,6a266bee0000000007020fd3,6a27c2be000000002901ad45,complete,endpoint_exhausted,0,0,0,shanghai,ssh_eip_shanghai,deep_shanghai,9341,18,complete,GK2026D1,,
2026-08-25T07:40:36,reply,6a266bee0000000007020fd3,6a27c27d000000002702e16e,complete,endpoint_exhausted,0,0,0,shanghai,ssh_eip_shanghai,deep_shanghai,9341,18,complete,GK2026D1,,
2026-08-25T07:40:36,reply,6a266bee0000000007020fd3,6a27c127000000002a025ec1,complete,endpoint_exhausted,0,0,0,shanghai,ssh_eip_shanghai,deep_shanghai,9341,18,complete,GK2026D1,,
2026-08-25T07:40:36,reply,6a266bee0000000007020fd3,6a27c0960000000028035e25,complete,endpoint_exhausted,0,0,0,shanghai,ssh_eip_shanghai,deep_shanghai,9341,18,complete,GK2026D1,,
2026-08-25T07:40:36,reply,6a266bee0000000007020fd3,6a27c072000000002b026635,complete,endpoint_exhausted,0,0,0,shanghai,ssh_eip_shanghai,deep_shanghai,9341,18,complete,GK2026D1,,
2026-08-25T07:40:52,reply,6a266bee0000000007020fd3,6a27c0670000000027022e4e,complete,endpoint_exhausted,0,0,0,shanghai,ssh_eip_shanghai,deep_shanghai,9341,18,complete,GK2026D1,,
2026-08-25T07:40:52,reply,6a266bee0000000007020fd3,6a27c017000000002902e331,complete,endpoint_exhausted,0,0,0,shanghai,ssh_eip_shanghai,deep_shanghai,9341,18,complete,GK2026D1,,
2026-08-25T07:40:52,reply,6a266bee0000000007020fd3,6a27c00a000000002900f2f1,complete,endpoint_exhausted,0,0,0,shanghai,ssh_eip_shanghai,deep_shanghai,9341,18,complete,GK2026D1,,
2026-08-25T07:40:52,reply,6a266bee0000000007020fd3,6a27bfd7000000002b00095b,complete,endpoint_exhausted,0,0,0,shanghai,ssh_eip_shanghai,deep_shanghai,9341,18,complete,GK2026D1,,
2026-08-25T07:40:52,reply,6a266bee0000000007020fd3,6a27bed30000000029024132,complete,endpoint_exhausted,0,0,0,shanghai,ssh_eip_shanghai,deep_shanghai,9341,18,complete,GK2026D1,,
2026-08-25T07:40:52,reply,6a266bee0000000007020fd3,6a27bed0000000002702d1fc,complete,endpoint_exhausted,0,0,0,shanghai,ssh_eip_shanghai,deep_shanghai,9341,18,complete,GK2026D1,,
2026-08-25T07:40:52,reply,6a266bee0000000007020fd3,6a27bea0000000002a027b9d,complete,endpoint_exhausted,0,0,0,shanghai,ssh_eip_shanghai,deep_shanghai,9341,18,complete,GK2026D1,,
2026-08-25T07:40:52,reply,6a266bee0000000007020fd3,6a27be9d0000000029018c52,complete,endpoint_exhausted,0,0,0,shanghai,ssh_eip_shanghai,deep_shanghai,9341,18,complete,GK2026D1,,
2026-08-25T07:40:52,reply,6a266bee0000000007020fd3,6a27be45000000002b0253c4,complete,endpoint_exhausted,0,0,0,shanghai,ssh_eip_shanghai,deep_shanghai,9341,18,complete,GK2026D1,,
2026-08-25T07:40:52,reply,6a266bee0000000007020fd3,6a27be2f000000002a02cec6,complete,endpoint_exhausted,0,0,0,shanghai,ssh_eip_shanghai,deep_shanghai,9341,18,complete,GK2026D1,,
2026-08-25T07:41:08,reply,6a266bee0000000007020fd3,6a27be27000000002803a1be,complete,endpoint_exhausted,0,0,0,shanghai,ssh_eip_shanghai,deep_shanghai,9341,18,complete,GK2026D1,,
2026-08-25T07:41:08,reply,6a266bee0000000007020fd3,6a27baf9000000002a025dc5,complete,endpoint_exhausted,0,0,0,shanghai,ssh_eip_shanghai,deep_shanghai,9341,18,complete,GK2026D1,,
2026-08-25T07:41:08,reply,6a266bee0000000007020fd3,6a27baa00000000029025dc8,complete,endpoint_exhausted,0,0,0,shanghai,ssh_eip_shanghai,deep_shanghai,9341,18,complete,GK2026D1,,
2026-08-25T07:41:08,reply,6a266bee0000000007020fd3,6a27ba17000000002701da31,complete,endpoint_exhausted,0,0,0,shanghai,ssh_eip_shanghai,deep_shanghai,9341,18,complete,GK2026D1,,
2026-08-25T07:41:08,reply,6a266bee0000000007020fd3,6a27b9dd0000000029010b4a,complete,endpoint_exhausted,0,0,0,shanghai,ssh_eip_shanghai,deep_shanghai,9341,18,complete,GK2026D1,,
2026-08-25T07:41:08,reply,6a266bee0000000007020fd3,6a27b82c000000002701f793,complete,endpoint_exhausted,0,0,0,shanghai,ssh_eip_shanghai,deep_shanghai,9341,18,complete,GK2026D1,,
2026-08-25T07:41:08,reply,6a266bee0000000007020fd3,6a27b5dd000000002702f1bb,complete,endpoint_exhausted,0,0,0,shanghai,ssh_eip_shanghai,deep_shanghai,9341,18,complete,GK2026D1,,
2026-08-25T07:41:08,reply,6a266bee0000000007020fd3,6a27b59b000000000d022802,complete,endpoint_exhausted,0,0,0,shanghai,ssh_eip_shanghai,deep_shanghai,9341,18,complete,GK2026D1,,
2026-08-25T07:41:08,reply,6a266bee0000000007020fd3,6a27b50b000000002100f847,complete,endpoint_exhausted,0,0,0,shanghai,ssh_eip_shanghai,deep_shanghai,9341,18,complete,GK2026D1,,
2026-08-25T07:41:08,reply,6a266bee0000000007020fd3,6a27b2af00000000290273cc,complete,endpoint_exhausted,0,0,0,shanghai,ssh_eip_shanghai,deep_shanghai,9341,18,complete,GK2026D1,,
2026-08-25T07:41:24,reply,6a266bee0000000007020fd3,6a27b27e000000002803bcf3,complete,endpoint_exhausted,0,0,0,shanghai,ssh_eip_shanghai,deep_shanghai,9341,18,complete,GK2026D1,,
2026-08-25T07:41:24,reply,6a266bee0000000007020fd3,6a27b1e6000000002701749d,complete,endpoint_exhausted,0,0,0,shanghai,ssh_eip_shanghai,deep_shanghai,9341,18,complete,GK2026D1,,
2026-08-25T07:41:24,reply,6a266bee0000000007020fd3,6a27b1cb0000000027022975,complete,endpoint_exhausted,0,0,0,shanghai,ssh_eip_shanghai,deep_shanghai,9341,18,complete,GK2026D1,,
2026-08-25T07:41:24,reply,6a266bee0000000007020fd3,6a27b121000000002a007d23,complete,endpoint_exhausted,0,0,0,shanghai,ssh_eip_shanghai,deep_shanghai,9341,18,complete,GK2026D1,,
2026-08-25T07:41:24,reply,6a266bee0000000007020fd3,6a27b05a000000002803f706,complete,endpoint_exhausted,0,0,0,shanghai,ssh_eip_shanghai,deep_shanghai,9341,18,complete,GK2026D1,,
2026-08-25T07:41:40,reply,6a266bee0000000007020fd3,6a27afad000000000d021400,complete,endpoint_exhausted,1,2,2,shanghai,ssh_eip_shanghai,deep_shanghai,9341,18,complete,GK2026D1,,
2026-08-25T07:41:40,reply,6a266bee0000000007020fd3,6a27af8f000000002901b4b7,complete,endpoint_exhausted,0,0,0,shanghai,ssh_eip_shanghai,deep_shanghai,9341,18,complete,GK2026D1,,
2026-08-25T07:41:56,reply,6a266bee0000000007020fd3,6a27af36000000002901a76a,complete,endpoint_exhausted,1,4,4,shanghai,ssh_eip_shanghai,deep_shanghai,9341,18,complete,GK2026D1,,
2026-08-25T07:41:56,reply,6a266bee0000000007020fd3,6a27af02000000002a030dd4,complete,endpoint_exhausted,0,0,0,shanghai,ssh_eip_shanghai,deep_shanghai,9341,18,complete,GK2026D1,,
2026-08-25T07:41:56,reply,6a266bee0000000007020fd3,6a27aeb80000000029010fa3,complete,endpoint_exhausted,0,0,0,shanghai,ssh_eip_shanghai,deep_shanghai,9341,18,complete,GK2026D1,,
2026-08-25T07:42:13,reply,6a266bee0000000007020fd3,6a27aead000000002701ebf1,complete,endpoint_exhausted,0,0,0,shanghai,ssh_eip_shanghai,deep_shanghai,9341,18,complete,GK2026D1,,
2026-08-25T07:42:13,reply,6a266bee0000000007020fd3,6a27ae86000000002a00532a,complete,endpoint_exhausted,0,0,0,shanghai,ssh_eip_shanghai,deep_shanghai,9341,18,complete,GK2026D1,,
2026-08-25T07:43:01,reply,6a266bee0000000007020fd3,6a27ad8c000000002803e638,complete,endpoint_exhausted,3,15,15,shanghai,ssh_eip_shanghai,deep_shanghai,9341,18,complete,GK2026D1,,
2026-08-25T07:43:01,reply,6a266bee0000000007020fd3,6a27ad53000000002702aeb2,complete,endpoint_exhausted,0,0,0,shanghai,ssh_eip_shanghai,deep_shanghai,9341,18,complete,GK2026D1,,
2026-08-25T07:43:01,reply,6a266bee0000000007020fd3,6a27ace9000000002800b347,complete,endpoint_exhausted,0,0,0,shanghai,ssh_eip_shanghai,deep_shanghai,9341,18,complete,GK2026D1,,
2026-08-25T07:43:01,reply,6a266bee0000000007020fd3,6a27abe9000000002702a143,complete,endpoint_exhausted,0,0,0,shanghai,ssh_eip_shanghai,deep_shanghai,9341,18,complete,GK2026D1,,
2026-08-25T07:43:01,reply,6a266bee0000000007020fd3,6a27abbd000000002803c929,complete,endpoint_exhausted,0,0,0,shanghai,ssh_eip_shanghai,deep_shanghai,9341,18,complete,GK2026D1,,
2026-08-25T07:43:01,reply,6a266bee0000000007020fd3,6a27aab2000000002900e368,complete,endpoint_exhausted,0,0,0,shanghai,ssh_eip_shanghai,deep_shanghai,9341,18,complete,GK2026D1,,
2026-08-25T07:43:01,reply,6a266bee0000000007020fd3,6a27aa9b000000002702e93f,complete,endpoint_exhausted,0,0,0,shanghai,ssh_eip_shanghai,deep_shanghai,9341,18,complete,GK2026D1,,
2026-08-25T07:43:01,reply,6a266bee0000000007020fd3,6a27aa87000000002b025f25,complete,endpoint_exhausted,0,0,0,shanghai,ssh_eip_shanghai,deep_shanghai,9341,18,complete,GK2026D1,,
2026-08-25T07:43:17,reply,6a266bee0000000007020fd3,6a27a97f000000002900e903,complete,endpoint_exhausted,0,0,0,shanghai,ssh_eip_shanghai,deep_shanghai,9341,18,complete,GK2026D1,,
2026-08-25T07:43:17,reply,6a266bee0000000007020fd3,6a27a97b000000002a02ca93,complete,endpoint_exhausted,0,0,0,shanghai,ssh_eip_shanghai,deep_shanghai,9341,18,complete,GK2026D1,,
2026-08-25T07:43:17,reply,6a266bee0000000007020fd3,6a27a978000000002a005525,complete,endpoint_exhausted,0,0,0,shanghai,ssh_eip_shanghai,deep_shanghai,9341,18,complete,GK2026D1,,
2026-08-25T07:43:17,reply,6a266bee0000000007020fd3,6a27a8ad00000000270221f0,complete,endpoint_exhausted,0,0,0,shanghai,ssh_eip_shanghai,deep_shanghai,9341,18,complete,GK2026D1,,
2026-08-25T07:43:17,reply,6a266bee0000000007020fd3,6a27a891000000002a0322b2,complete,endpoint_exhausted,0,0,0,shanghai,ssh_eip_shanghai,deep_shanghai,9341,18,complete,GK2026D1,,
2026-08-25T07:43:17,reply,6a266bee0000000007020fd3,6a27a724000000002900f1d7,complete,endpoint_exhausted,0,0,0,shanghai,ssh_eip_shanghai,deep_shanghai,9341,18,complete,GK2026D1,,
2026-08-25T07:43:17,reply,6a266bee0000000007020fd3,6a27a6da000000002a007373,complete,endpoint_exhausted,0,0,0,shanghai,ssh_eip_shanghai,deep_shanghai,9341,18,complete,GK2026D1,,
2026-08-25T07:43:17,reply,6a266bee0000000007020fd3,6a27a6260000000028038ec8,complete,endpoint_exhausted,0,0,0,shanghai,ssh_eip_shanghai,deep_shanghai,9341,18,complete,GK2026D1,,
2026-08-25T07:43:17,reply,6a266bee0000000007020fd3,6a27a5ea000000002702169b,complete,endpoint_exhausted,0,0,0,shanghai,ssh_eip_shanghai,deep_shanghai,9341,18,complete,GK2026D1,,
2026-08-25T07:43:17,reply,6a266bee0000000007020fd3,6a27a526000000002b02ba85,complete,endpoint_exhausted,0,0,0,shanghai,ssh_eip_shanghai,deep_shanghai,9341,18,complete,GK2026D1,,
2026-08-25T07:43:33,reply,6a266bee0000000007020fd3,6a27a4b5000000002a02d7be,complete,endpoint_exhausted,0,1,1,shanghai,ssh_eip_shanghai,deep_shanghai,9341,18,complete,GK2026D1,,
2026-08-25T07:43:33,reply,6a266bee0000000007020fd3,6a27a3c0000000002902eab7,complete,endpoint_exhausted,0,1,1,shanghai,ssh_eip_shanghai,deep_shanghai,9341,18,complete,GK2026D1,,
2026-08-25T07:43:33,reply,6a266bee0000000007020fd3,6a27a2d500000000290121d8,complete,endpoint_exhausted,0,0,0,shanghai,ssh_eip_shanghai,deep_shanghai,9341,18,complete,GK2026D1,,
2026-08-25T07:43:33,reply,6a266bee0000000007020fd3,6a27a29a0000000029018b9d,complete,endpoint_exhausted,0,0,0,shanghai,ssh_eip_shanghai,deep_shanghai,9341,18,complete,GK2026D1,,
2026-08-25T07:43:33,reply,6a266bee0000000007020fd3,6a27a278000000002a026ee6,complete,endpoint_exhausted,0,0,0,shanghai,ssh_eip_shanghai,deep_shanghai,9341,18,complete,GK2026D1,,
2026-08-25T07:43:33,reply,6a266bee0000000007020fd3,6a27a246000000002b027403,complete,endpoint_exhausted,0,0,0,shanghai,ssh_eip_shanghai,deep_shanghai,9341,18,complete,GK2026D1,,
2026-08-25T07:43:33,reply,6a266bee0000000007020fd3,6a27a1900000000027022c70,complete,endpoint_exhausted,0,1,1,shanghai,ssh_eip_shanghai,deep_shanghai,9341,18,complete,GK2026D1,,
2026-08-25T07:43:33,reply,6a266bee0000000007020fd3,6a27a177000000002a030f52,complete,endpoint_exhausted,0,0,0,shanghai,ssh_eip_shanghai,deep_shanghai,9341,18,complete,GK2026D1,,
2026-08-25T07:43:33,reply,6a266bee0000000007020fd3,6a27a06f000000002a02ec86,complete,endpoint_exhausted,0,0,0,shanghai,ssh_eip_shanghai,deep_shanghai,9341,18,complete,GK2026D1,,
2026-08-25T07:43:33,reply,6a266bee0000000007020fd3,6a279f91000000002903467b,complete,endpoint_exhausted,0,0,0,shanghai,ssh_eip_shanghai,deep_shanghai,9341,18,complete,GK2026D1,,
2026-08-25T07:43:49,reply,6a266bee0000000007020fd3,6a279e75000000002701ff95,complete,endpoint_exhausted,0,0,0,shanghai,ssh_eip_shanghai,deep_shanghai,9341,18,complete,GK2026D1,,
2026-08-25T07:43:49,reply,6a266bee0000000007020fd3,6a279e56000000002b024c1d,complete,endpoint_exhausted,0,0,0,shanghai,ssh_eip_shanghai,deep_shanghai,9341,18,complete,GK2026D1,,
2026-08-25T07:43:49,reply,6a266bee0000000007020fd3,6a279db3000000002b029910,complete,endpoint_exhausted,0,0,0,shanghai,ssh_eip_shanghai,deep_shanghai,9341,18,complete,GK2026D1,,
2026-08-25T07:43:49,reply,6a266bee0000000007020fd3,6a279d7a000000002b028ebd,complete,endpoint_exhausted,0,0,0,shanghai,ssh_eip_shanghai,deep_shanghai,9341,18,complete,GK2026D1,,
2026-08-25T07:44:06,reply,6a266bee0000000007020fd3,6a279d580000000029012997,complete,endpoint_exhausted,1,6,6,shanghai,ssh_eip_shanghai,deep_shanghai,9341,18,complete,GK2026D1,,
2026-08-25T07:44:06,reply,6a266bee0000000007020fd3,6a279d490000000029012663,complete,endpoint_exhausted,0,0,0,shanghai,ssh_eip_shanghai,deep_shanghai,9341,18,complete,GK2026D1,,
2026-08-25T07:44:06,reply,6a266bee0000000007020fd3,6a279cc7000000002a024304,complete,endpoint_exhausted,0,0,0,shanghai,ssh_eip_shanghai,deep_shanghai,9341,18,complete,GK2026D1,,
2026-08-25T07:44:06,reply,6a266bee0000000007020fd3,6a279cb0000000002702b6a0,complete,endpoint_exhausted,0,1,1,shanghai,ssh_eip_shanghai,deep_shanghai,9341,18,complete,GK2026D1,,
2026-08-25T07:44:06,reply,6a266bee0000000007020fd3,6a279bd20000000027017c6f,complete,endpoint_exhausted,0,0,0,shanghai,ssh_eip_shanghai,deep_shanghai,9341,18,complete,GK2026D1,,
2026-08-25T07:44:06,reply,6a266bee0000000007020fd3,6a279ba40000000029010a86,complete,endpoint_exhausted,0,0,0,shanghai,ssh_eip_shanghai,deep_shanghai,9341,18,complete,GK2026D1,,
2026-08-25T07:44:38,reply,6a266bee0000000007020fd3,6a279b900000000027022c5a,complete,endpoint_exhausted,1,3,3,shanghai,ssh_eip_shanghai,deep_shanghai,9341,18,complete,GK2026D1,,
2026-08-25T07:44:38,reply,6a266bee0000000007020fd3,6a279b6f0000000028031add,complete,endpoint_exhausted,0,0,0,shanghai,ssh_eip_shanghai,deep_shanghai,9341,18,complete,GK2026D1,,
2026-08-25T07:44:38,reply,6a266bee0000000007020fd3,6a279b6d00000000280355ee,complete,endpoint_exhausted,0,1,1,shanghai,ssh_eip_shanghai,deep_shanghai,9341,18,complete,GK2026D1,,
2026-08-25T07:44:38,reply,6a266bee0000000007020fd3,6a279b43000000002900ccfc,complete,endpoint_exhausted,0,0,0,shanghai,ssh_eip_shanghai,deep_shanghai,9341,18,complete,GK2026D1,,
2026-08-25T07:44:38,reply,6a266bee0000000007020fd3,6a279a76000000002803f3dd,complete,endpoint_exhausted,0,0,0,shanghai,ssh_eip_shanghai,deep_shanghai,9341,18,complete,GK2026D1,,
2026-08-25T07:44:38,reply,6a266bee0000000007020fd3,6a279a1d0000000028008c1e,complete,endpoint_exhausted,0,0,0,shanghai,ssh_eip_shanghai,deep_shanghai,9341,18,complete,GK2026D1,,
2026-08-25T07:44:38,reply,6a266bee0000000007020fd3,6a27996c000000002a027ba5,complete,endpoint_exhausted,0,0,0,shanghai,ssh_eip_shanghai,deep_shanghai,9341,18,complete,GK2026D1,,
2026-08-25T07:44:38,reply,6a266bee0000000007020fd3,6a27995d000000002a030762,complete,endpoint_exhausted,0,0,0,shanghai,ssh_eip_shanghai,deep_shanghai,9341,18,complete,GK2026D1,,
2026-08-25T07:45:26,reply,6a266bee0000000007020fd3,6a27993b000000002701d768,complete,endpoint_exhausted,3,12,12,shanghai,ssh_eip_shanghai,deep_shanghai,9341,18,complete,GK2026D1,,
2026-08-25T07:45:26,reply,6a266bee0000000007020fd3,6a2798ee000000002b0034f1,complete,endpoint_exhausted,0,0,0,shanghai,ssh_eip_shanghai,deep_shanghai,9341,18,complete,GK2026D1,,
2026-08-25T07:45:42,reply,6a266bee0000000007020fd3,6a2798d60000000027014a6d,complete,endpoint_exhausted,0,1,1,shanghai,ssh_eip_shanghai,deep_shanghai,9341,18,complete,GK2026D1,,
2026-08-25T07:45:58,reply,6a266bee0000000007020fd3,6a2798c1000000002903609b,complete,endpoint_exhausted,1,3,3,shanghai,ssh_eip_shanghai,deep_shanghai,9341,18,complete,GK2026D1,,
2026-08-25T07:45:58,reply,6a266bee0000000007020fd3,6a2798420000000027028060,complete,endpoint_exhausted,0,0,0,shanghai,ssh_eip_shanghai,deep_shanghai,9341,18,complete,GK2026D1,,
2026-08-25T07:46:15,reply,6a266bee0000000007020fd3,6a279772000000002b0039aa,complete,endpoint_exhausted,1,3,3,shanghai,ssh_eip_shanghai,deep_shanghai,9341,18,complete,GK2026D1,,
2026-08-25T07:46:15,reply,6a266bee0000000007020fd3,6a2796de000000002a02f6e1,complete,endpoint_exhausted,0,0,0,shanghai,ssh_eip_shanghai,deep_shanghai,9341,18,complete,GK2026D1,,
2026-08-25T07:46:15,reply,6a266bee0000000007020fd3,6a279687000000002a00687f,complete,endpoint_exhausted,0,0,0,shanghai,ssh_eip_shanghai,deep_shanghai,9341,18,complete,GK2026D1,,
2026-08-25T07:46:15,reply,6a266bee0000000007020fd3,6a2795f7000000002b027011,complete,endpoint_exhausted,0,1,1,shanghai,ssh_eip_shanghai,deep_shanghai,9341,18,complete,GK2026D1,,
2026-08-25T07:46:15,reply,6a266bee0000000007020fd3,6a27954300000000290136e6,complete,endpoint_exhausted,0,0,0,shanghai,ssh_eip_shanghai,deep_shanghai,9341,18,complete,GK2026D1,,
2026-08-25T07:46:15,reply,6a266bee0000000007020fd3,6a27946f000000002b0283f1,complete,endpoint_exhausted,0,0,0,shanghai,ssh_eip_shanghai,deep_shanghai,9341,18,complete,GK2026D1,,
2026-08-25T07:46:15,reply,6a266bee0000000007020fd3,6a27946f000000002702af65,complete,endpoint_exhausted,0,0,0,shanghai,ssh_eip_shanghai,deep_shanghai,9341,18,complete,GK2026D1,,
2026-08-25T07:46:31,reply,6a266bee0000000007020fd3,6a27944f000000002b027220,complete,endpoint_exhausted,0,1,1,shanghai,ssh_eip_shanghai,deep_shanghai,9341,18,complete,GK2026D1,,
2026-08-25T07:46:31,reply,6a266bee0000000007020fd3,6a2792e9000000002b000565,complete,endpoint_exhausted,0,1,1,shanghai,ssh_eip_shanghai,deep_shanghai,9341,18,complete,GK2026D1,,
2026-08-25T07:46:31,reply,6a266bee0000000007020fd3,6a2792e5000000002803bd06,complete,endpoint_exhausted,0,0,0,shanghai,ssh_eip_shanghai,deep_shanghai,9341,18,complete,GK2026D1,,
2026-08-25T07:46:31,reply,6a266bee0000000007020fd3,6a2792bb000000002702de1a,complete,endpoint_exhausted,0,1,1,shanghai,ssh_eip_shanghai,deep_shanghai,9341,18,complete,GK2026D1,,
2026-08-25T07:46:47,reply,6a266bee0000000007020fd3,6a2792830000000028037eb4,complete,endpoint_exhausted,1,2,2,shanghai,ssh_eip_shanghai,deep_shanghai,9341,18,complete,GK2026D1,,
2026-08-25T07:46:47,reply,6a266bee0000000007020fd3,6a279256000000002b026772,complete,endpoint_exhausted,0,0,0,shanghai,ssh_eip_shanghai,deep_shanghai,9341,18,complete,GK2026D1,,
2026-08-25T07:46:47,reply,6a266bee0000000007020fd3,6a27924c0000000028039cae,complete,endpoint_exhausted,0,1,1,shanghai,ssh_eip_shanghai,deep_shanghai,9341,18,complete,GK2026D1,,
2026-08-25T07:47:19,reply,6a266bee0000000007020fd3,6a279209000000002a025579,complete,endpoint_exhausted,2,10,10,shanghai,ssh_eip_shanghai,deep_shanghai,9341,18,complete,GK2026D1,,
2026-08-25T07:47:19,reply,6a266bee0000000007020fd3,6a279203000000002702f719,complete,endpoint_exhausted,0,0,0,shanghai,ssh_eip_shanghai,deep_shanghai,9341,18,complete,GK2026D1,,
2026-08-25T07:47:19,reply,6a266bee0000000007020fd3,6a2791aa000000002803d8d1,complete,endpoint_exhausted,0,0,0,shanghai,ssh_eip_shanghai,deep_shanghai,9341,18,complete,GK2026D1,,
2026-08-25T07:47:35,reply,6a266bee0000000007020fd3,6a27919f000000002800bef3,complete,endpoint_exhausted,0,0,0,shanghai,ssh_eip_shanghai,deep_shanghai,9341,18,complete,GK2026D1,,
2026-08-25T07:47:35,reply,6a266bee0000000007020fd3,6a27913000000000280378fd,complete,endpoint_exhausted,0,0,0,shanghai,ssh_eip_shanghai,deep_shanghai,9341,18,complete,GK2026D1,,
2026-08-25T07:47:35,reply,6a266bee0000000007020fd3,6a2790ab000000002902e163,complete,endpoint_exhausted,0,0,0,shanghai,ssh_eip_shanghai,deep_shanghai,9341,18,complete,GK2026D1,,
2026-08-25T07:47:35,reply,6a266bee0000000007020fd3,6a27908d000000002b026133,complete,endpoint_exhausted,0,0,0,shanghai,ssh_eip_shanghai,deep_shanghai,9341,18,complete,GK2026D1,,
2026-08-25T07:47:35,reply,6a266bee0000000007020fd3,6a278f4d000000002a033c52,complete,endpoint_exhausted,0,0,0,shanghai,ssh_eip_shanghai,deep_shanghai,9341,18,complete,GK2026D1,,
2026-08-25T07:47:35,reply,6a266bee0000000007020fd3,6a278f2a00000000280380da,complete,endpoint_exhausted,0,0,0,shanghai,ssh_eip_shanghai,deep_shanghai,9341,18,complete,GK2026D1,,
2026-08-25T07:47:35,reply,6a266bee0000000007020fd3,6a278eee000000002900e945,complete,endpoint_exhausted,0,0,0,shanghai,ssh_eip_shanghai,deep_shanghai,9341,18,complete,GK2026D1,,
2026-08-25T07:47:35,reply,6a266bee0000000007020fd3,6a278ee300000000270289e7,complete,endpoint_exhausted,0,0,0,shanghai,ssh_eip_shanghai,deep_shanghai,9341,18,complete,GK2026D1,,
2026-08-25T07:47:35,reply,6a266bee0000000007020fd3,6a278ece000000002a0328cf,complete,endpoint_exhausted,0,0,0,shanghai,ssh_eip_shanghai,deep_shanghai,9341,18,complete,GK2026D1,,
2026-08-25T07:47:35,reply,6a266bee0000000007020fd3,6a278ebe000000002a0256e5,complete,endpoint_exhausted,0,0,0,shanghai,ssh_eip_shanghai,deep_shanghai,9341,18,complete,GK2026D1,,
2026-08-25T07:47:51,reply,6a266bee0000000007020fd3,6a278e4f000000002b000e89,complete,endpoint_exhausted,0,0,0,shanghai,ssh_eip_shanghai,deep_shanghai,9341,18,complete,GK2026D1,,
2026-08-25T07:47:51,reply,6a266bee0000000007020fd3,6a278e0c000000002803867a,complete,endpoint_exhausted,0,1,1,shanghai,ssh_eip_shanghai,deep_shanghai,9341,18,complete,GK2026D1,,
2026-08-25T07:47:51,reply,6a266bee0000000007020fd3,6a278df400000000270216a4,complete,endpoint_exhausted,0,0,0,shanghai,ssh_eip_shanghai,deep_shanghai,9341,18,complete,GK2026D1,,
2026-08-25T07:47:51,reply,6a266bee0000000007020fd3,6a278de3000000002702131e,complete,endpoint_exhausted,0,0,0,shanghai,ssh_eip_shanghai,deep_shanghai,9341,18,complete,GK2026D1,,
2026-08-25T07:47:51,reply,6a266bee0000000007020fd3,6a278d9f00000000270172d0,complete,endpoint_exhausted,0,0,0,shanghai,ssh_eip_shanghai,deep_shanghai,9341,18,complete,GK2026D1,,
2026-08-25T07:47:51,reply,6a266bee0000000007020fd3,6a278d25000000002701e135,complete,endpoint_exhausted,0,0,0,shanghai,ssh_eip_shanghai,deep_shanghai,9341,18,complete,GK2026D1,,
2026-08-25T07:47:51,reply,6a266bee0000000007020fd3,6a278cf3000000002803e8c1,complete,endpoint_exhausted,0,0,0,shanghai,ssh_eip_shanghai,deep_shanghai,9341,18,complete,GK2026D1,,
2026-08-25T07:47:51,reply,6a266bee0000000007020fd3,6a278ca30000000028037d10,complete,endpoint_exhausted,0,0,0,shanghai,ssh_eip_shanghai,deep_shanghai,9341,18,complete,GK2026D1,,
2026-08-25T07:47:51,reply,6a266bee0000000007020fd3,6a278c31000000002701670f,complete,endpoint_exhausted,0,0,0,shanghai,ssh_eip_shanghai,deep_shanghai,9341,18,complete,GK2026D1,,
2026-08-25T07:47:51,reply,6a266bee0000000007020fd3,6a278c17000000002701eac2,complete,endpoint_exhausted,0,0,0,shanghai,ssh_eip_shanghai,deep_shanghai,9341,18,complete,GK2026D1,,
2026-08-25T07:48:08,reply,6a266bee0000000007020fd3,6a278bb4000000002903537b,complete,endpoint_exhausted,0,0,0,shanghai,ssh_eip_shanghai,deep_shanghai,9341,18,complete,GK2026D1,,
2026-08-25T07:48:56,reply,6a266bee0000000007020fd3,6a278b59000000002b02b32b,complete,endpoint_exhausted,3,14,14,shanghai,ssh_eip_shanghai,deep_shanghai,9341,18,complete,GK2026D1,,
2026-08-25T07:48:56,reply,6a266bee0000000007020fd3,6a278b47000000002701732a,complete,endpoint_exhausted,0,0,0,shanghai,ssh_eip_shanghai,deep_shanghai,9341,18,complete,GK2026D1,,
2026-08-25T07:48:56,reply,6a266bee0000000007020fd3,6a278b11000000002a02ee4f,complete,endpoint_exhausted,0,0,0,shanghai,ssh_eip_shanghai,deep_shanghai,9341,18,complete,GK2026D1,,
2026-08-25T07:48:56,reply,6a266bee0000000007020fd3,6a278aad000000002a00685d,complete,endpoint_exhausted,0,0,0,shanghai,ssh_eip_shanghai,deep_shanghai,9341,18,complete,GK2026D1,,
2026-08-25T07:49:12,reply,6a266bee0000000007020fd3,6a278aac00000000290256a5,complete,endpoint_exhausted,1,4,4,shanghai,ssh_eip_shanghai,deep_shanghai,9341,18,complete,GK2026D1,,
2026-08-25T07:49:12,reply,6a266bee0000000007020fd3,6a278a70000000002901b6c5,complete,endpoint_exhausted,0,0,0,shanghai,ssh_eip_shanghai,deep_shanghai,9341,18,complete,GK2026D1,,
2026-08-25T07:49:28,reply,6a266bee0000000007020fd3,6a278a5a000000002803de7f,complete,endpoint_exhausted,1,5,5,shanghai,ssh_eip_shanghai,deep_shanghai,9341,18,complete,GK2026D1,,
2026-08-25T07:49:28,reply,6a266bee0000000007020fd3,6a278a1a0000000027021364,complete,endpoint_exhausted,0,0,0,shanghai,ssh_eip_shanghai,deep_shanghai,9341,18,complete,GK2026D1,,
2026-08-25T07:49:28,reply,6a266bee0000000007020fd3,6a2789c8000000002702cf22,complete,endpoint_exhausted,0,0,0,shanghai,ssh_eip_shanghai,deep_shanghai,9341,18,complete,GK2026D1,,
2026-08-25T07:50:01,reply,6a266bee0000000007020fd3,6a2789c3000000002702af4a,complete,endpoint_exhausted,1,3,3,shanghai,ssh_eip_shanghai,deep_shanghai,9341,18,complete,GK2026D1,,
2026-08-25T07:50:01,reply,6a266bee0000000007020fd3,6a2789880000000028035361,complete,endpoint_exhausted,0,0,0,shanghai,ssh_eip_shanghai,deep_shanghai,9341,18,complete,GK2026D1,,
2026-08-25T07:50:01,reply,6a266bee0000000007020fd3,6a278985000000002100d73c,complete,endpoint_exhausted,0,0,0,shanghai,ssh_eip_shanghai,deep_shanghai,9341,18,complete,GK2026D1,,
2026-08-25T07:50:01,reply,6a266bee0000000007020fd3,6a27893c000000002b0012b2,complete,endpoint_exhausted,0,0,0,shanghai,ssh_eip_shanghai,deep_shanghai,9341,18,complete,GK2026D1,,
2026-08-25T07:50:01,reply,6a266bee0000000007020fd3,6a278928000000002a0277a7,complete,endpoint_exhausted,0,0,0,shanghai,ssh_eip_shanghai,deep_shanghai,9341,18,complete,GK2026D1,,
2026-08-25T07:50:01,reply,6a266bee0000000007020fd3,6a2788e4000000002203df06,complete,endpoint_exhausted,0,0,0,shanghai,ssh_eip_shanghai,deep_shanghai,9341,18,complete,GK2026D1,,
2026-08-25T07:50:01,reply,6a266bee0000000007020fd3,6a27889e000000002702d008,complete,endpoint_exhausted,0,1,1,shanghai,ssh_eip_shanghai,deep_shanghai,9341,18,complete,GK2026D1,,
2026-08-25T07:50:01,reply,6a266bee0000000007020fd3,6a278804000000002803df19,complete,endpoint_exhausted,0,0,0,shanghai,ssh_eip_shanghai,deep_shanghai,9341,18,complete,GK2026D1,,
2026-08-25T07:50:01,reply,6a266bee0000000007020fd3,6a278795000000002900f622,complete,endpoint_exhausted,0,0,0,shanghai,ssh_eip_shanghai,deep_shanghai,9341,18,complete,GK2026D1,,
2026-08-25T07:50:01,reply,6a266bee0000000007020fd3,6a27862b0000000028030282,complete,endpoint_exhausted,0,0,0,shanghai,ssh_eip_shanghai,deep_shanghai,9341,18,complete,GK2026D1,,
2026-08-25T07:50:17,reply,6a266bee0000000007020fd3,6a27859e0000000028037f10,complete,endpoint_exhausted,0,0,0,shanghai,ssh_eip_shanghai,deep_shanghai,9341,18,complete,GK2026D1,,
2026-08-25T07:50:17,reply,6a266bee0000000007020fd3,6a278590000000002701e172,complete,endpoint_exhausted,0,0,0,shanghai,ssh_eip_shanghai,deep_shanghai,9341,18,complete,GK2026D1,,
2026-08-25T07:50:17,reply,6a266bee0000000007020fd3,6a278581000000002900cce8,complete,endpoint_exhausted,0,1,1,shanghai,ssh_eip_shanghai,deep_shanghai,9341,18,complete,GK2026D1,,
2026-08-25T07:50:17,reply,6a266bee0000000007020fd3,6a278579000000002a005f7f,complete,endpoint_exhausted,0,0,0,shanghai,ssh_eip_shanghai,deep_shanghai,9341,18,complete,GK2026D1,,
2026-08-25T07:50:17,reply,6a266bee0000000007020fd3,6a2784f3000000002701c109,complete,endpoint_exhausted,0,0,0,shanghai,ssh_eip_shanghai,deep_shanghai,9341,18,complete,GK2026D1,,
2026-08-25T07:50:17,reply,6a266bee0000000007020fd3,6a2783860000000028034ad1,complete,endpoint_exhausted,0,0,0,shanghai,ssh_eip_shanghai,deep_shanghai,9341,18,complete,GK2026D1,,
2026-08-25T07:50:17,reply,6a266bee0000000007020fd3,6a2783860000000027023892,complete,endpoint_exhausted,0,0,0,shanghai,ssh_eip_shanghai,deep_shanghai,9341,18,complete,GK2026D1,,
2026-08-25T07:50:17,reply,6a266bee0000000007020fd3,6a27834800000000230023d1,complete,endpoint_exhausted,0,0,0,shanghai,ssh_eip_shanghai,deep_shanghai,9341,18,complete,GK2026D1,,
2026-08-25T07:50:17,reply,6a266bee0000000007020fd3,6a27826a000000002b00084a,complete,endpoint_exhausted,0,0,0,shanghai,ssh_eip_shanghai,deep_shanghai,9341,18,complete,GK2026D1,,
2026-08-25T07:50:17,reply,6a266bee0000000007020fd3,6a278202000000002a0061a3,complete,endpoint_exhausted,0,0,0,shanghai,ssh_eip_shanghai,deep_shanghai,9341,18,complete,GK2026D1,,
2026-08-25T07:50:33,reply,6a266bee0000000007020fd3,6a2781d00000000028032105,complete,endpoint_exhausted,0,0,0,shanghai,ssh_eip_shanghai,deep_shanghai,9341,18,complete,GK2026D1,,
2026-08-25T07:50:33,reply,6a266bee0000000007020fd3,6a278167000000002a03252c,complete,endpoint_exhausted,0,0,0,shanghai,ssh_eip_shanghai,deep_shanghai,9341,18,complete,GK2026D1,,
2026-08-25T07:50:33,reply,6a266bee0000000007020fd3,6a27813800000000290265d5,complete,endpoint_exhausted,0,0,0,shanghai,ssh_eip_shanghai,deep_shanghai,9341,18,complete,GK2026D1,,
2026-08-25T07:50:33,reply,6a266bee0000000007020fd3,6a2780f2000000002702a2c6,complete,endpoint_exhausted,0,0,0,shanghai,ssh_eip_shanghai,deep_shanghai,9341,18,complete,GK2026D1,,
2026-08-25T07:50:33,reply,6a266bee0000000007020fd3,6a278083000000002b00067b,complete,endpoint_exhausted,0,0,0,shanghai,ssh_eip_shanghai,deep_shanghai,9341,18,complete,GK2026D1,,
2026-08-25T07:50:33,reply,6a266bee0000000007020fd3,6a27801400000000280088de,complete,endpoint_exhausted,0,1,1,shanghai,ssh_eip_shanghai,deep_shanghai,9341,18,complete,GK2026D1,,
2026-08-25T07:50:33,reply,6a266bee0000000007020fd3,6a277fe0000000002702aba9,complete,endpoint_exhausted,0,0,0,shanghai,ssh_eip_shanghai,deep_shanghai,9341,18,complete,GK2026D1,,
2026-08-25T07:50:33,reply,6a266bee0000000007020fd3,6a277fdb000000002b02445b,complete,endpoint_exhausted,0,0,0,shanghai,ssh_eip_shanghai,deep_shanghai,9341,18,complete,GK2026D1,,
2026-08-25T07:50:33,reply,6a266bee0000000007020fd3,6a277fa20000000027014ac1,complete,endpoint_exhausted,0,0,0,shanghai,ssh_eip_shanghai,deep_shanghai,9341,18,complete,GK2026D1,,
2026-08-25T07:50:33,reply,6a266bee0000000007020fd3,6a277f2c000000002702e657,complete,endpoint_exhausted,0,0,0,shanghai,ssh_eip_shanghai,deep_shanghai,9341,18,complete,GK2026D1,,
2026-08-25T07:50:49,reply,6a266bee0000000007020fd3,6a277e91000000002702c8ce,complete,endpoint_exhausted,0,0,0,shanghai,ssh_eip_shanghai,deep_shanghai,9341,18,complete,GK2026D1,,
2026-08-25T07:50:49,reply,6a266bee0000000007020fd3,6a277e6d000000002702c12a,complete,endpoint_exhausted,0,0,0,shanghai,ssh_eip_shanghai,deep_shanghai,9341,18,complete,GK2026D1,,
2026-08-25T07:50:49,reply,6a266bee0000000007020fd3,6a277dd2000000002b02af86,complete,endpoint_exhausted,0,0,0,shanghai,ssh_eip_shanghai,deep_shanghai,9341,18,complete,GK2026D1,,
2026-08-25T07:50:49,reply,6a266bee0000000007020fd3,6a277d830000000028034f4c,complete,endpoint_exhausted,0,0,0,shanghai,ssh_eip_shanghai,deep_shanghai,9341,18,complete,GK2026D1,,
2026-08-25T07:50:49,reply,6a266bee0000000007020fd3,6a277d6a0000000028030803,complete,endpoint_exhausted,0,0,0,shanghai,ssh_eip_shanghai,deep_shanghai,9341,18,complete,GK2026D1,,
2026-08-25T07:50:49,reply,6a266bee0000000007020fd3,6a277d3b000000002a02e229,complete,endpoint_exhausted,0,0,0,shanghai,ssh_eip_shanghai,deep_shanghai,9341,18,complete,GK2026D1,,
2026-08-25T07:50:49,reply,6a266bee0000000007020fd3,6a277ce7000000002701ed55,complete,endpoint_exhausted,0,0,0,shanghai,ssh_eip_shanghai,deep_shanghai,9341,18,complete,GK2026D1,,
2026-08-25T07:50:49,reply,6a266bee0000000007020fd3,6a277cc600000000280383fb,complete,endpoint_exhausted,0,0,0,shanghai,ssh_eip_shanghai,deep_shanghai,9341,18,complete,GK2026D1,,
2026-08-25T07:50:49,reply,6a266bee0000000007020fd3,6a277c5c0000000029026c29,complete,endpoint_exhausted,0,1,1,shanghai,ssh_eip_shanghai,deep_shanghai,9341,18,complete,GK2026D1,,
2026-08-25T07:50:49,reply,6a266bee0000000007020fd3,6a277c3a000000002a025616,complete,endpoint_exhausted,0,0,0,shanghai,ssh_eip_shanghai,deep_shanghai,9341,18,complete,GK2026D1,,
2026-08-25T07:51:05,reply,6a266bee0000000007020fd3,6a277bc5000000002902f1dc,complete,endpoint_exhausted,0,0,0,shanghai,ssh_eip_shanghai,deep_shanghai,9341,18,complete,GK2026D1,,
2026-08-25T07:51:53,reply,6a266bee0000000007020fd3,6a277ba20000000029013e64,complete,endpoint_exhausted,3,13,13,shanghai,ssh_eip_shanghai,deep_shanghai,9341,18,complete,GK2026D1,,
2026-08-25T07:52:10,reply,6a266bee0000000007020fd3,6a277b900000000028038a5c,complete,endpoint_exhausted,1,2,2,shanghai,ssh_eip_shanghai,deep_shanghai,9341,18,complete,GK2026D1,,
2026-08-25T07:52:26,reply,6a266bee0000000007020fd3,6a277b660000000027028fe9,complete,endpoint_exhausted,1,6,6,shanghai,ssh_eip_shanghai,deep_shanghai,9341,18,complete,GK2026D1,,
2026-08-25T07:52:26,reply,6a266bee0000000007020fd3,6a277b5d0000000028038180,complete,endpoint_exhausted,0,1,1,shanghai,ssh_eip_shanghai,deep_shanghai,9341,18,complete,GK2026D1,,
2026-08-25T07:52:26,reply,6a266bee0000000007020fd3,6a277b57000000002b029534,complete,endpoint_exhausted,0,0,0,shanghai,ssh_eip_shanghai,deep_shanghai,9341,18,complete,GK2026D1,,
2026-08-25T07:52:26,reply,6a266bee0000000007020fd3,6a277b0a0000000029027e3b,complete,endpoint_exhausted,0,0,0,shanghai,ssh_eip_shanghai,deep_shanghai,9341,18,complete,GK2026D1,,
2026-08-25T07:52:42,reply,6a266bee0000000007020fd3,6a277afb000000002a0264c8,complete,endpoint_exhausted,1,3,3,shanghai,ssh_eip_shanghai,deep_shanghai,9341,18,complete,GK2026D1,,
2026-08-25T07:52:42,reply,6a266bee0000000007020fd3,6a27794d000000002902d6df,complete,endpoint_exhausted,0,1,1,shanghai,ssh_eip_shanghai,deep_shanghai,9341,18,complete,GK2026D1,,
2026-08-25T07:52:42,reply,6a266bee0000000007020fd3,6a277916000000002800b5c5,complete,endpoint_exhausted,0,1,1,shanghai,ssh_eip_shanghai,deep_shanghai,9341,18,complete,GK2026D1,,
2026-08-25T07:52:58,reply,6a266bee0000000007020fd3,6a27790c000000002a004cb0,complete,endpoint_exhausted,0,0,0,shanghai,ssh_eip_shanghai,deep_shanghai,9341,18,complete,GK2026D1,,
2026-08-25T07:53:14,reply,6a266bee0000000007020fd3,6a2778fb000000002901388d,complete,endpoint_exhausted,1,2,2,shanghai,ssh_eip_shanghai,deep_shanghai,9341,18,complete,GK2026D1,,
2026-08-25T07:53:14,reply,6a266bee0000000007020fd3,6a2778bd0000000028038493,complete,endpoint_exhausted,0,0,0,shanghai,ssh_eip_shanghai,deep_shanghai,9341,18,complete,GK2026D1,,
2026-08-25T07:53:14,reply,6a266bee0000000007020fd3,6a277887000000002900f9c1,complete,endpoint_exhausted,0,1,1,shanghai,ssh_eip_shanghai,deep_shanghai,9341,18,complete,GK2026D1,,
2026-08-25T07:53:14,reply,6a266bee0000000007020fd3,6a27787d000000002a02f696,complete,endpoint_exhausted,0,0,0,shanghai,ssh_eip_shanghai,deep_shanghai,9341,18,complete,GK2026D1,,
2026-08-25T07:53:30,reply,6a266bee0000000007020fd3,6a2777fc0000000027022815,complete,endpoint_exhausted,1,4,4,shanghai,ssh_eip_shanghai,deep_shanghai,9341,18,complete,GK2026D1,,
2026-08-25T07:53:30,reply,6a266bee0000000007020fd3,6a27773b000000002a026175,complete,endpoint_exhausted,0,0,0,shanghai,ssh_eip_shanghai,deep_shanghai,9341,18,complete,GK2026D1,,
2026-08-25T07:53:30,reply,6a266bee0000000007020fd3,6a277718000000002803b76f,complete,endpoint_exhausted,0,0,0,shanghai,ssh_eip_shanghai,deep_shanghai,9341,18,complete,GK2026D1,,
2026-08-25T07:53:30,reply,6a266bee0000000007020fd3,6a2776f1000000002b02801d,complete,endpoint_exhausted,0,0,0,shanghai,ssh_eip_shanghai,deep_shanghai,9341,18,complete,GK2026D1,,
2026-08-25T07:53:30,reply,6a266bee0000000007020fd3,6a2775e3000000002a02dfda,complete,endpoint_exhausted,0,0,0,shanghai,ssh_eip_shanghai,deep_shanghai,9341,18,complete,GK2026D1,,
2026-08-25T07:53:46,reply,6a266bee0000000007020fd3,6a277570000000002a0261d4,complete,endpoint_exhausted,0,0,0,shanghai,ssh_eip_shanghai,deep_shanghai,9341,18,complete,GK2026D1,,
2026-08-25T07:53:46,reply,6a266bee0000000007020fd3,6a277567000000002800894e,complete,endpoint_exhausted,0,0,0,shanghai,ssh_eip_shanghai,deep_shanghai,9341,18,complete,GK2026D1,,
2026-08-25T07:53:46,reply,6a266bee0000000007020fd3,6a277536000000002a032803,complete,endpoint_exhausted,0,0,0,shanghai,ssh_eip_shanghai,deep_shanghai,9341,18,complete,GK2026D1,,
2026-08-25T07:54:02,reply,6a266bee0000000007020fd3,6a27748d000000002803bf20,complete,endpoint_exhausted,1,2,2,shanghai,ssh_eip_shanghai,deep_shanghai,9341,18,complete,GK2026D1,,
2026-08-25T07:54:02,reply,6a266bee0000000007020fd3,6a2774720000000028009eae,complete,endpoint_exhausted,0,0,0,shanghai,ssh_eip_shanghai,deep_shanghai,9341,18,complete,GK2026D1,,
2026-08-25T07:54:02,reply,6a266bee0000000007020fd3,6a277449000000002900ea26,complete,endpoint_exhausted,0,0,0,shanghai,ssh_eip_shanghai,deep_shanghai,9341,18,complete,GK2026D1,,
2026-08-25T07:54:02,reply,6a266bee0000000007020fd3,6a2773ae0000000027017fba,complete,endpoint_exhausted,0,0,0,shanghai,ssh_eip_shanghai,deep_shanghai,9341,18,complete,GK2026D1,,
2026-08-25T07:54:02,reply,6a266bee0000000007020fd3,6a2773810000000029013085,complete,endpoint_exhausted,0,0,0,shanghai,ssh_eip_shanghai,deep_shanghai,9341,18,complete,GK2026D1,,
2026-08-25T07:54:02,reply,6a266bee0000000007020fd3,6a27732d000000002900f733,complete,endpoint_exhausted,0,1,1,shanghai,ssh_eip_shanghai,deep_shanghai,9341,18,complete,GK2026D1,,
2026-08-25T07:54:02,reply,6a266bee0000000007020fd3,6a277253000000002b02a047,complete,endpoint_exhausted,0,0,0,shanghai,ssh_eip_shanghai,deep_shanghai,9341,18,complete,GK2026D1,,
2026-08-25T07:54:18,reply,6a266bee0000000007020fd3,6a27712d0000000029026be5,complete,endpoint_exhausted,0,0,0,shanghai,ssh_eip_shanghai,deep_shanghai,9341,18,complete,GK2026D1,,
2026-08-25T07:54:51,reply,6a266bee0000000007020fd3,6a2770f900000000280084fc,complete,endpoint_exhausted,2,9,9,shanghai,ssh_eip_shanghai,deep_shanghai,9341,18,complete,GK2026D1,,
2026-08-25T07:54:51,reply,6a266bee0000000007020fd3,6a2770f3000000002702f150,complete,endpoint_exhausted,0,0,0,shanghai,ssh_eip_shanghai,deep_shanghai,9341,18,complete,GK2026D1,,
2026-08-25T07:54:51,reply,6a266bee0000000007020fd3,6a2770d90000000027017aee,complete,endpoint_exhausted,0,0,0,shanghai,ssh_eip_shanghai,deep_shanghai,9341,18,complete,GK2026D1,,
2026-08-25T07:54:51,reply,6a266bee0000000007020fd3,6a2770a3000000002701f026,complete,endpoint_exhausted,0,0,0,shanghai,ssh_eip_shanghai,deep_shanghai,9341,18,complete,GK2026D1,,
2026-08-25T07:54:51,reply,6a266bee0000000007020fd3,6a277073000000002800ad87,complete,endpoint_exhausted,0,0,0,shanghai,ssh_eip_shanghai,deep_shanghai,9341,18,complete,GK2026D1,,
2026-08-25T07:54:51,reply,6a266bee0000000007020fd3,6a277024000000002702b9e4,complete,endpoint_exhausted,0,0,0,shanghai,ssh_eip_shanghai,deep_shanghai,9341,18,complete,GK2026D1,,
2026-08-25T07:54:51,reply,6a266bee0000000007020fd3,6a277020000000002b025675,complete,endpoint_exhausted,0,0,0,shanghai,ssh_eip_shanghai,deep_shanghai,9341,18,complete,GK2026D1,,
2026-08-25T07:54:51,reply,6a266bee0000000007020fd3,6a276fc8000000002a02cea1,complete,endpoint_exhausted,0,0,0,shanghai,ssh_eip_shanghai,deep_shanghai,9341,18,complete,GK2026D1,,
2026-08-25T07:54:51,reply,6a266bee0000000007020fd3,6a276fbc000000002b002bed,complete,endpoint_exhausted,0,0,0,shanghai,ssh_eip_shanghai,deep_shanghai,9341,18,complete,GK2026D1,,
2026-08-25T07:55:07,reply,6a266bee0000000007020fd3,6a276ef700000000270284d2,complete,endpoint_exhausted,0,0,0,shanghai,ssh_eip_shanghai,deep_shanghai,9341,18,complete,GK2026D1,,
2026-08-25T07:55:07,reply,6a266bee0000000007020fd3,6a276ed7000000002a02486f,complete,endpoint_exhausted,0,0,0,shanghai,ssh_eip_shanghai,deep_shanghai,9341,18,complete,GK2026D1,,
2026-08-25T07:55:07,reply,6a266bee0000000007020fd3,6a276e41000000002203f9d4,complete,endpoint_exhausted,0,0,0,shanghai,ssh_eip_shanghai,deep_shanghai,9341,18,complete,GK2026D1,,
2026-08-25T07:55:07,reply,6a266bee0000000007020fd3,6a276e34000000002b029f0c,complete,endpoint_exhausted,0,0,0,shanghai,ssh_eip_shanghai,deep_shanghai,9341,18,complete,GK2026D1,,
2026-08-25T07:55:07,reply,6a266bee0000000007020fd3,6a276e10000000002901bb11,complete,endpoint_exhausted,0,0,0,shanghai,ssh_eip_shanghai,deep_shanghai,9341,18,complete,GK2026D1,,
2026-08-25T07:55:23,reply,6a266bee0000000007020fd3,6a276d220000000029036a22,complete,endpoint_exhausted,1,4,4,shanghai,ssh_eip_shanghai,deep_shanghai,9341,18,complete,GK2026D1,,
2026-08-25T07:55:23,reply,6a266bee0000000007020fd3,6a276ceb000000002702b304,complete,endpoint_exhausted,0,0,0,shanghai,ssh_eip_shanghai,deep_shanghai,9341,18,complete,GK2026D1,,
2026-08-25T07:55:23,reply,6a266bee0000000007020fd3,6a276c8d00000000230026f6,complete,endpoint_exhausted,0,1,1,shanghai,ssh_eip_shanghai,deep_shanghai,9341,18,complete,GK2026D1,,
2026-08-25T07:55:55,reply,6a266bee0000000007020fd3,6a276c86000000002803e15b,complete,endpoint_exhausted,2,7,7,shanghai,ssh_eip_shanghai,deep_shanghai,9341,18,complete,GK2026D1,,
2026-08-25T07:56:27,reply,6a266bee0000000007020fd3,6a276c7a0000000028033a26,complete,endpoint_exhausted,2,11,11,shanghai,ssh_eip_shanghai,deep_shanghai,9341,18,complete,GK2026D1,,
2026-08-25T07:56:44,reply,6a266bee0000000007020fd3,6a276c28000000002702e03f,complete,endpoint_exhausted,0,0,0,shanghai,ssh_eip_shanghai,deep_shanghai,9341,18,complete,GK2026D1,,
2026-08-25T07:56:44,reply,6a266bee0000000007020fd3,6a276c1400000000280384bd,complete,endpoint_exhausted,0,1,1,shanghai,ssh_eip_shanghai,deep_shanghai,9341,18,complete,GK2026D1,,
2026-08-25T07:56:44,reply,6a266bee0000000007020fd3,6a276b090000000029027588,complete,endpoint_exhausted,0,0,0,shanghai,ssh_eip_shanghai,deep_shanghai,9341,18,complete,GK2026D1,,
2026-08-25T07:56:44,reply,6a266bee0000000007020fd3,6a276ad70000000027017591,complete,endpoint_exhausted,0,0,0,shanghai,ssh_eip_shanghai,deep_shanghai,9341,18,complete,GK2026D1,,
2026-08-25T07:56:44,reply,6a266bee0000000007020fd3,6a2769a40000000028039c6a,complete,endpoint_exhausted,0,0,0,shanghai,ssh_eip_shanghai,deep_shanghai,9341,18,complete,GK2026D1,,
2026-08-25T07:56:44,reply,6a266bee0000000007020fd3,6a276874000000002a006764,complete,endpoint_exhausted,0,0,0,shanghai,ssh_eip_shanghai,deep_shanghai,9341,18,complete,GK2026D1,,
2026-08-25T07:56:44,reply,6a266bee0000000007020fd3,6a276856000000002900e9c4,complete,endpoint_exhausted,0,0,0,shanghai,ssh_eip_shanghai,deep_shanghai,9341,18,complete,GK2026D1,,
2026-08-25T07:56:44,reply,6a266bee0000000007020fd3,6a2768540000000027023602,complete,endpoint_exhausted,0,0,0,shanghai,ssh_eip_shanghai,deep_shanghai,9341,18,complete,GK2026D1,,
2026-08-25T07:56:44,reply,6a266bee0000000007020fd3,6a2767c60000000028035df6,complete,endpoint_exhausted,0,1,1,shanghai,ssh_eip_shanghai,deep_shanghai,9341,18,complete,GK2026D1,,
2026-08-25T07:56:44,reply,6a266bee0000000007020fd3,6a27678b000000002701c24d,complete,endpoint_exhausted,0,0,0,shanghai,ssh_eip_shanghai,deep_shanghai,9341,18,complete,GK2026D1,,
2026-08-25T07:57:00,reply,6a266bee0000000007020fd3,6a276751000000002803c8e4,complete,endpoint_exhausted,0,0,0,shanghai,ssh_eip_shanghai,deep_shanghai,9341,18,complete,GK2026D1,,
2026-08-25T07:57:00,reply,6a266bee0000000007020fd3,6a2767510000000027015ad1,complete,endpoint_exhausted,0,0,0,shanghai,ssh_eip_shanghai,deep_shanghai,9341,18,complete,GK2026D1,,
2026-08-25T07:57:16,reply,6a266bee0000000007020fd3,6a27670a0000000027028724,complete,endpoint_exhausted,1,3,3,shanghai,ssh_eip_shanghai,deep_shanghai,9341,18,complete,GK2026D1,,
2026-08-25T07:57:16,reply,6a266bee0000000007020fd3,6a2766630000000028030466,complete,endpoint_exhausted,0,0,0,shanghai,ssh_eip_shanghai,deep_shanghai,9341,18,complete,GK2026D1,,
2026-08-25T07:57:16,reply,6a266bee0000000007020fd3,6a2765e4000000002901bc63,complete,endpoint_exhausted,0,0,0,shanghai,ssh_eip_shanghai,deep_shanghai,9341,18,complete,GK2026D1,,
2026-08-25T07:57:16,reply,6a266bee0000000007020fd3,6a27658f000000002a02cad2,complete,endpoint_exhausted,0,0,0,shanghai,ssh_eip_shanghai,deep_shanghai,9341,18,complete,GK2026D1,,
2026-08-25T07:57:16,reply,6a266bee0000000007020fd3,6a27655b000000002900ece1,complete,endpoint_exhausted,0,0,0,shanghai,ssh_eip_shanghai,deep_shanghai,9341,18,complete,GK2026D1,,
2026-08-25T07:57:16,reply,6a266bee0000000007020fd3,6a2765320000000028031481,complete,endpoint_exhausted,0,0,0,shanghai,ssh_eip_shanghai,deep_shanghai,9341,18,complete,GK2026D1,,
2026-08-25T07:57:16,reply,6a266bee0000000007020fd3,6a2765010000000027017c76,complete,endpoint_exhausted,0,0,0,shanghai,ssh_eip_shanghai,deep_shanghai,9341,18,complete,GK2026D1,,
2026-08-25T07:57:16,reply,6a266bee0000000007020fd3,6a27642f0000000029018e04,complete,endpoint_exhausted,0,0,0,shanghai,ssh_eip_shanghai,deep_shanghai,9341,18,complete,GK2026D1,,
2026-08-25T07:57:32,reply,6a266bee0000000007020fd3,6a27642e000000002800b58d,complete,endpoint_exhausted,0,0,0,shanghai,ssh_eip_shanghai,deep_shanghai,9341,18,complete,GK2026D1,,
2026-08-25T07:57:32,reply,6a266bee0000000007020fd3,6a276398000000002b024c3f,complete,endpoint_exhausted,0,0,0,shanghai,ssh_eip_shanghai,deep_shanghai,9341,18,complete,GK2026D1,,
2026-08-25T07:57:32,reply,6a266bee0000000007020fd3,6a276351000000002702c519,complete,endpoint_exhausted,0,0,0,shanghai,ssh_eip_shanghai,deep_shanghai,9341,18,complete,GK2026D1,,
2026-08-25T07:57:32,reply,6a266bee0000000007020fd3,6a276261000000002a025024,complete,endpoint_exhausted,0,0,0,shanghai,ssh_eip_shanghai,deep_shanghai,9341,18,complete,GK2026D1,,
2026-08-25T07:57:32,reply,6a266bee0000000007020fd3,6a276255000000002b026b4e,complete,endpoint_exhausted,0,0,0,shanghai,ssh_eip_shanghai,deep_shanghai,9341,18,complete,GK2026D1,,
2026-08-25T07:57:32,reply,6a266bee0000000007020fd3,6a276226000000002803c436,complete,endpoint_exhausted,0,0,0,shanghai,ssh_eip_shanghai,deep_shanghai,9341,18,complete,GK2026D1,,
2026-08-25T07:57:32,reply,6a266bee0000000007020fd3,6a276196000000002702c7a0,complete,endpoint_exhausted,0,0,0,shanghai,ssh_eip_shanghai,deep_shanghai,9341,18,complete,GK2026D1,,
2026-08-25T07:57:32,reply,6a266bee0000000007020fd3,6a27617b000000002900e4a9,complete,endpoint_exhausted,0,0,0,shanghai,ssh_eip_shanghai,deep_shanghai,9341,18,complete,GK2026D1,,
2026-08-25T07:57:32,reply,6a266bee0000000007020fd3,6a27615d000000002803e59f,complete,endpoint_exhausted,0,0,0,shanghai,ssh_eip_shanghai,deep_shanghai,9341,18,complete,GK2026D1,,
2026-08-25T07:57:32,reply,6a266bee0000000007020fd3,6a2761320000000027017199,complete,endpoint_exhausted,0,0,0,shanghai,ssh_eip_shanghai,deep_shanghai,9341,18,complete,GK2026D1,,
2026-08-25T07:57:49,reply,6a266bee0000000007020fd3,6a2760f90000000029013166,complete,endpoint_exhausted,0,0,0,shanghai,ssh_eip_shanghai,deep_shanghai,9341,18,complete,GK2026D1,,
2026-08-25T07:58:05,reply,6a266bee0000000007020fd3,6a276030000000002902c74d,complete,endpoint_exhausted,1,2,2,shanghai,ssh_eip_shanghai,deep_shanghai,9341,18,complete,GK2026D1,,
2026-08-25T07:58:05,reply,6a266bee0000000007020fd3,6a275f50000000002900d8c3,complete,endpoint_exhausted,0,1,1,shanghai,ssh_eip_shanghai,deep_shanghai,9341,18,complete,GK2026D1,,
2026-08-25T07:58:05,reply,6a266bee0000000007020fd3,6a275dc5000000002900e490,complete,endpoint_exhausted,0,0,0,shanghai,ssh_eip_shanghai,deep_shanghai,9341,18,complete,GK2026D1,,
2026-08-25T07:58:05,reply,6a266bee0000000007020fd3,6a275db7000000002a0256eb,complete,endpoint_exhausted,0,0,0,shanghai,ssh_eip_shanghai,deep_shanghai,9341,18,complete,GK2026D1,,
2026-08-25T07:58:05,reply,6a266bee0000000007020fd3,6a275d98000000002b002ccc,complete,endpoint_exhausted,0,0,0,shanghai,ssh_eip_shanghai,deep_shanghai,9341,18,complete,GK2026D1,,
2026-08-25T07:58:05,reply,6a266bee0000000007020fd3,6a275c32000000002803adef,complete,endpoint_exhausted,0,0,0,shanghai,ssh_eip_shanghai,deep_shanghai,9341,18,complete,GK2026D1,,
2026-08-25T07:58:05,reply,6a266bee0000000007020fd3,6a275c2a00000000270280c4,complete,endpoint_exhausted,0,0,0,shanghai,ssh_eip_shanghai,deep_shanghai,9341,18,complete,GK2026D1,,
2026-08-25T07:58:05,reply,6a266bee0000000007020fd3,6a275bc7000000002a026799,complete,endpoint_exhausted,0,0,0,shanghai,ssh_eip_shanghai,deep_shanghai,9341,18,complete,GK2026D1,,
2026-08-25T07:58:05,reply,6a266bee0000000007020fd3,6a275ab9000000002701cd56,complete,endpoint_exhausted,0,0,0,shanghai,ssh_eip_shanghai,deep_shanghai,9341,18,complete,GK2026D1,,
2026-08-25T07:58:53,reply,6a266bee0000000007020fd3,6a275a86000000002b028385,complete,endpoint_exhausted,2,7,7,shanghai,ssh_eip_shanghai,deep_shanghai,9341,18,complete,GK2026D1,,
2026-08-25T07:58:53,reply,6a266bee0000000007020fd3,6a275a7d000000002902c5b5,complete,endpoint_exhausted,0,0,0,shanghai,ssh_eip_shanghai,deep_shanghai,9341,18,complete,GK2026D1,,
2026-08-25T07:58:53,reply,6a266bee0000000007020fd3,6a275a4d000000002803b3d2,complete,endpoint_exhausted,0,1,1,shanghai,ssh_eip_shanghai,deep_shanghai,9341,18,complete,GK2026D1,,
2026-08-25T07:59:09,reply,6a266bee0000000007020fd3,6a275a31000000002a007f0c,complete,endpoint_exhausted,1,2,2,shanghai,ssh_eip_shanghai,deep_shanghai,9341,18,complete,GK2026D1,,
2026-08-25T07:59:09,reply,6a266bee0000000007020fd3,6a2759da000000002803a726,complete,endpoint_exhausted,0,0,0,shanghai,ssh_eip_shanghai,deep_shanghai,9341,18,complete,GK2026D1,,
2026-08-25T07:59:09,reply,6a266bee0000000007020fd3,6a27596c000000002a030cab,complete,endpoint_exhausted,0,0,0,shanghai,ssh_eip_shanghai,deep_shanghai,9341,18,complete,GK2026D1,,
2026-08-25T07:59:09,reply,6a266bee0000000007020fd3,6a27587d0000000029012fd5,complete,endpoint_exhausted,0,0,0,shanghai,ssh_eip_shanghai,deep_shanghai,9341,18,complete,GK2026D1,,
2026-08-25T07:59:09,reply,6a266bee0000000007020fd3,6a27582c000000002900ff69,complete,endpoint_exhausted,0,0,0,shanghai,ssh_eip_shanghai,deep_shanghai,9341,18,complete,GK2026D1,,
2026-08-25T07:59:09,reply,6a266bee0000000007020fd3,6a275807000000002800ba75,complete,endpoint_exhausted,0,0,0,shanghai,ssh_eip_shanghai,deep_shanghai,9341,18,complete,GK2026D1,,
2026-08-25T07:59:09,reply,6a266bee0000000007020fd3,6a27571a0000000028036621,complete,endpoint_exhausted,0,0,0,shanghai,ssh_eip_shanghai,deep_shanghai,9341,18,complete,GK2026D1,,
2026-08-25T07:59:25,reply,6a266bee0000000007020fd3,6a2756d20000000028039c22,complete,endpoint_exhausted,0,0,0,shanghai,ssh_eip_shanghai,deep_shanghai,9341,18,complete,GK2026D1,,
2026-08-25T07:59:25,reply,6a266bee0000000007020fd3,6a2756a9000000002702af22,complete,endpoint_exhausted,0,0,0,shanghai,ssh_eip_shanghai,deep_shanghai,9341,18,complete,GK2026D1,,
2026-08-25T07:59:25,reply,6a266bee0000000007020fd3,6a275546000000002803b711,complete,endpoint_exhausted,0,0,0,shanghai,ssh_eip_shanghai,deep_shanghai,9341,18,complete,GK2026D1,,
2026-08-25T07:59:25,reply,6a266bee0000000007020fd3,6a275532000000002a005d5a,complete,endpoint_exhausted,0,0,0,shanghai,ssh_eip_shanghai,deep_shanghai,9341,18,complete,GK2026D1,,
2026-08-25T07:59:25,reply,6a266bee0000000007020fd3,6a27546f00000000270177d0,complete,endpoint_exhausted,0,0,0,shanghai,ssh_eip_shanghai,deep_shanghai,9341,18,complete,GK2026D1,,
2026-08-25T07:59:25,reply,6a266bee0000000007020fd3,6a27542a0000000027017145,complete,endpoint_exhausted,0,0,0,shanghai,ssh_eip_shanghai,deep_shanghai,9341,18,complete,GK2026D1,,
2026-08-25T07:59:25,reply,6a266bee0000000007020fd3,6a275278000000002701cd45,complete,endpoint_exhausted,0,0,0,shanghai,ssh_eip_shanghai,deep_shanghai,9341,18,complete,GK2026D1,,
2026-08-25T07:59:25,reply,6a266bee0000000007020fd3,6a27515b000000002a02c5de,complete,endpoint_exhausted,0,0,0,shanghai,ssh_eip_shanghai,deep_shanghai,9341,18,complete,GK2026D1,,
2026-08-25T07:59:25,reply,6a266bee0000000007020fd3,6a2750d1000000002702b26a,complete,endpoint_exhausted,0,1,1,shanghai,ssh_eip_shanghai,deep_shanghai,9341,18,complete,GK2026D1,,
2026-08-25T07:59:41,reply,6a266bee0000000007020fd3,6a275088000000002a025a87,complete,endpoint_exhausted,1,2,2,shanghai,ssh_eip_shanghai,deep_shanghai,9341,18,complete,GK2026D1,,
2026-08-25T07:59:57,reply,6a266bee0000000007020fd3,6a27507f000000002803e2a1,complete,endpoint_exhausted,0,1,1,shanghai,ssh_eip_shanghai,deep_shanghai,9341,18,complete,GK2026D1,,
2026-08-25T08:00:30,reply,6a266bee0000000007020fd3,6a274eb0000000002902c298,complete,endpoint_exhausted,2,8,8,shanghai,ssh_eip_shanghai,deep_shanghai,9341,18,complete,GK2026D1,,
2026-08-25T08:00:30,reply,6a266bee0000000007020fd3,6a274e9b000000002800b638,complete,endpoint_exhausted,0,0,0,shanghai,ssh_eip_shanghai,deep_shanghai,9341,18,complete,GK2026D1,,
2026-08-25T08:00:30,reply,6a266bee0000000007020fd3,6a274d60000000002702f4fb,complete,endpoint_exhausted,0,0,0,shanghai,ssh_eip_shanghai,deep_shanghai,9341,18,complete,GK2026D1,,
2026-08-25T08:00:30,reply,6a266bee0000000007020fd3,6a274d0c000000002b0253f6,complete,endpoint_exhausted,0,0,0,shanghai,ssh_eip_shanghai,deep_shanghai,9341,18,complete,GK2026D1,,
2026-08-25T08:00:30,reply,6a266bee0000000007020fd3,6a274bfe000000002803cef7,complete,endpoint_exhausted,0,1,1,shanghai,ssh_eip_shanghai,deep_shanghai,9341,18,complete,GK2026D1,,
2026-08-25T08:00:30,reply,6a266bee0000000007020fd3,6a274be10000000029037e42,complete,endpoint_exhausted,0,0,0,shanghai,ssh_eip_shanghai,deep_shanghai,9341,18,complete,GK2026D1,,
2026-08-25T08:00:30,reply,6a266bee0000000007020fd3,6a274b890000000027029240,complete,endpoint_exhausted,0,1,1,shanghai,ssh_eip_shanghai,deep_shanghai,9341,18,complete,GK2026D1,,
2026-08-25T08:00:30,reply,6a266bee0000000007020fd3,6a274a44000000002803f3dc,complete,endpoint_exhausted,0,1,1,shanghai,ssh_eip_shanghai,deep_shanghai,9341,18,complete,GK2026D1,,
2026-08-25T08:00:30,reply,6a266bee0000000007020fd3,6a2749c00000000029010696,complete,endpoint_exhausted,0,0,0,shanghai,ssh_eip_shanghai,deep_shanghai,9341,18,complete,GK2026D1,,
2026-08-25T08:00:46,reply,6a266bee0000000007020fd3,6a2748af0000000023002882,complete,endpoint_exhausted,0,0,0,shanghai,ssh_eip_shanghai,deep_shanghai,9341,18,complete,GK2026D1,,
2026-08-25T08:00:46,reply,6a266bee0000000007020fd3,6a2747f5000000002702dcd4,complete,endpoint_exhausted,0,0,0,shanghai,ssh_eip_shanghai,deep_shanghai,9341,18,complete,GK2026D1,,
2026-08-25T08:00:46,reply,6a266bee0000000007020fd3,6a27475f000000002803bf6c,complete,endpoint_exhausted,0,0,0,shanghai,ssh_eip_shanghai,deep_shanghai,9341,18,complete,GK2026D1,,
2026-08-25T08:00:46,reply,6a266bee0000000007020fd3,6a2731240000000029018d66,complete,endpoint_exhausted,0,0,0,shanghai,ssh_eip_shanghai,deep_shanghai,9341,18,complete,GK2026D1,,
2026-08-25T08:00:46,reply,6a266bee0000000007020fd3,6a271a7f0000000027016f9e,complete,endpoint_exhausted,0,0,0,shanghai,ssh_eip_shanghai,deep_shanghai,9341,18,complete,GK2026D1,,
2026-08-25T08:00:46,reply,6a266bee0000000007020fd3,6a2711e5000000000d022800,complete,endpoint_exhausted,0,0,0,shanghai,ssh_eip_shanghai,deep_shanghai,9341,18,complete,GK2026D1,,
2026-08-25T08:00:46,reply,6a266bee0000000007020fd3,6a270ae1000000002a006b8d,complete,endpoint_exhausted,0,0,0,shanghai,ssh_eip_shanghai,deep_shanghai,9341,18,complete,GK2026D1,,
2026-08-25T08:00:46,reply,6a266bee0000000007020fd3,6a27063400000000280352a1,complete,endpoint_exhausted,0,0,0,shanghai,ssh_eip_shanghai,deep_shanghai,9341,18,complete,GK2026D1,,
2026-08-25T08:00:46,reply,6a266bee0000000007020fd3,6a2705240000000028009d55,complete,endpoint_exhausted,0,0,0,shanghai,ssh_eip_shanghai,deep_shanghai,9341,18,complete,GK2026D1,,
2026-08-25T08:00:46,reply,6a266bee0000000007020fd3,6a270433000000000d022800,complete,endpoint_exhausted,0,0,0,shanghai,ssh_eip_shanghai,deep_shanghai,9341,18,complete,GK2026D1,,
2026-08-25T08:01:02,reply,6a266bee0000000007020fd3,6a26fd98000000002702e825,complete,endpoint_exhausted,0,1,1,shanghai,ssh_eip_shanghai,deep_shanghai,9341,18,complete,GK2026D1,,
2026-08-25T08:01:02,reply,6a266bee0000000007020fd3,6a26fa400000000029018c24,complete,endpoint_exhausted,0,0,0,shanghai,ssh_eip_shanghai,deep_shanghai,9341,18,complete,GK2026D1,,
2026-08-25T08:01:02,reply,6a266bee0000000007020fd3,6a26ee010000000027029990,complete,endpoint_exhausted,0,0,0,shanghai,ssh_eip_shanghai,deep_shanghai,9341,18,complete,GK2026D1,,
2026-08-25T08:01:02,reply,6a266bee0000000007020fd3,6a26ed45000000002803826d,complete,endpoint_exhausted,0,0,0,shanghai,ssh_eip_shanghai,deep_shanghai,9341,18,complete,GK2026D1,,
2026-08-25T08:01:02,reply,6a266bee0000000007020fd3,6a26ed0c0000000027023518,complete,endpoint_exhausted,0,0,0,shanghai,ssh_eip_shanghai,deep_shanghai,9341,18,complete,GK2026D1,,
2026-08-25T08:01:02,reply,6a266bee0000000007020fd3,6a26e926000000002800b18d,complete,endpoint_exhausted,0,0,0,shanghai,ssh_eip_shanghai,deep_shanghai,9341,18,complete,GK2026D1,,
2026-08-25T08:01:02,reply,6a266bee0000000007020fd3,6a26e8de0000000027015a4b,complete,endpoint_exhausted,0,0,0,shanghai,ssh_eip_shanghai,deep_shanghai,9341,18,complete,GK2026D1,,
2026-08-25T08:01:18,reply,6a266bee0000000007020fd3,6a26e8430000000028032526,complete,endpoint_exhausted,1,5,5,shanghai,ssh_eip_shanghai,deep_shanghai,9341,18,complete,GK2026D1,,
2026-08-25T08:01:18,reply,6a266bee0000000007020fd3,6a26e8300000000027017e76,complete,endpoint_exhausted,0,0,0,shanghai,ssh_eip_shanghai,deep_shanghai,9341,18,complete,GK2026D1,,
2026-08-25T08:01:18,reply,6a266bee0000000007020fd3,6a26e7e4000000000d022802,complete,endpoint_exhausted,0,1,1,shanghai,ssh_eip_shanghai,deep_shanghai,9341,18,complete,GK2026D1,,
2026-08-25T08:01:34,reply,6a266bee0000000007020fd3,6a26e77c000000002803f151,complete,endpoint_exhausted,0,0,0,shanghai,ssh_eip_shanghai,deep_shanghai,9341,18,complete,GK2026D1,,
2026-08-25T08:01:34,reply,6a266bee0000000007020fd3,6a26e7540000000028033fc2,complete,endpoint_exhausted,0,0,0,shanghai,ssh_eip_shanghai,deep_shanghai,9341,18,complete,GK2026D1,,
2026-08-25T08:01:34,reply,6a266bee0000000007020fd3,6a26e4930000000028039fb4,complete,endpoint_exhausted,0,0,0,shanghai,ssh_eip_shanghai,deep_shanghai,9341,18,complete,GK2026D1,,
2026-08-25T08:01:34,reply,6a266bee0000000007020fd3,6a26e2840000000027016f64,complete,endpoint_exhausted,0,0,0,shanghai,ssh_eip_shanghai,deep_shanghai,9341,18,complete,GK2026D1,,
2026-08-25T08:01:34,reply,6a266bee0000000007020fd3,6a26decc000000002b0287b8,complete,endpoint_exhausted,0,0,0,shanghai,ssh_eip_shanghai,deep_shanghai,9341,18,complete,GK2026D1,,
2026-08-25T08:01:34,reply,6a266bee0000000007020fd3,6a26dd5c000000002a02641b,complete,endpoint_exhausted,0,0,0,shanghai,ssh_eip_shanghai,deep_shanghai,9341,18,complete,GK2026D1,,
2026-08-25T08:01:34,reply,6a266bee0000000007020fd3,6a26db9a000000002b02868c,complete,endpoint_exhausted,0,0,0,shanghai,ssh_eip_shanghai,deep_shanghai,9341,18,complete,GK2026D1,,
2026-08-25T08:01:34,reply,6a266bee0000000007020fd3,6a26da2d000000002901ac1f,complete,endpoint_exhausted,0,0,0,shanghai,ssh_eip_shanghai,deep_shanghai,9341,18,complete,GK2026D1,,
2026-08-25T08:01:34,reply,6a266bee0000000007020fd3,6a26d940000000002a0048f6,complete,endpoint_exhausted,0,0,0,shanghai,ssh_eip_shanghai,deep_shanghai,9341,18,complete,GK2026D1,,
2026-08-25T08:01:34,reply,6a266bee0000000007020fd3,6a26d47b000000002901a653,complete,endpoint_exhausted,0,0,0,shanghai,ssh_eip_shanghai,deep_shanghai,9341,18,complete,GK2026D1,,
2026-08-25T08:01:50,reply,6a266bee0000000007020fd3,6a26d42d000000002a033a4b,complete,endpoint_exhausted,0,0,0,shanghai,ssh_eip_shanghai,deep_shanghai,9341,18,complete,GK2026D1,,
2026-08-25T08:01:50,reply,6a266bee0000000007020fd3,6a26d3010000000027014929,complete,endpoint_exhausted,0,0,0,shanghai,ssh_eip_shanghai,deep_shanghai,9341,18,complete,GK2026D1,,
2026-08-25T08:01:50,reply,6a266bee0000000007020fd3,6a26d2ce000000002b000cad,complete,endpoint_exhausted,0,0,0,shanghai,ssh_eip_shanghai,deep_shanghai,9341,18,complete,GK2026D1,,
2026-08-25T08:01:50,reply,6a266bee0000000007020fd3,6a26d2c80000000028031037,complete,endpoint_exhausted,0,1,1,shanghai,ssh_eip_shanghai,deep_shanghai,9341,18,complete,GK2026D1,,
2026-08-25T08:01:50,reply,6a266bee0000000007020fd3,6a26d243000000002901bf86,complete,endpoint_exhausted,0,0,0,shanghai,ssh_eip_shanghai,deep_shanghai,9341,18,complete,GK2026D1,,
2026-08-25T08:01:50,reply,6a266bee0000000007020fd3,6a26d1df00000000290107d4,complete,endpoint_exhausted,0,1,1,shanghai,ssh_eip_shanghai,deep_shanghai,9341,18,complete,GK2026D1,,
2026-08-25T08:01:50,reply,6a266bee0000000007020fd3,6a26d13b0000000029024cd9,complete,endpoint_exhausted,0,0,0,shanghai,ssh_eip_shanghai,deep_shanghai,9341,18,complete,GK2026D1,,
2026-08-25T08:01:50,reply,6a266bee0000000007020fd3,6a26d1350000000028032ca3,complete,endpoint_exhausted,0,1,1,shanghai,ssh_eip_shanghai,deep_shanghai,9341,18,complete,GK2026D1,,
2026-08-25T08:03:27,reply,6a266bee0000000007020fd3,6a26d06c000000002800a69e,complete,endpoint_exhausted,6,31,31,shanghai,ssh_eip_shanghai,deep_shanghai,9341,18,complete,GK2026D1,,
2026-08-25T08:03:27,reply,6a266bee0000000007020fd3,6a26cec9000000002702dc82,complete,endpoint_exhausted,0,0,0,shanghai,ssh_eip_shanghai,deep_shanghai,9341,18,complete,GK2026D1,,
2026-08-25T08:03:43,reply,6a266bee0000000007020fd3,6a26c9b000000000290123aa,complete,endpoint_exhausted,0,1,1,shanghai,ssh_eip_shanghai,deep_shanghai,9341,18,complete,GK2026D1,,
2026-08-25T08:03:59,reply,6a266bee0000000007020fd3,6a26c7610000000028009c41,complete,endpoint_exhausted,1,3,3,shanghai,ssh_eip_shanghai,deep_shanghai,9341,18,complete,GK2026D1,,
2026-08-25T08:03:59,reply,6a266bee0000000007020fd3,6a26c716000000002803dbbd,complete,endpoint_exhausted,0,1,1,shanghai,ssh_eip_shanghai,deep_shanghai,9341,18,complete,GK2026D1,,
2026-08-25T08:03:59,reply,6a266bee0000000007020fd3,6a26c6a7000000002a005c00,complete,endpoint_exhausted,0,0,0,shanghai,ssh_eip_shanghai,deep_shanghai,9341,18,complete,GK2026D1,,
2026-08-25T08:03:59,reply,6a266bee0000000007020fd3,6a26c4f4000000002803717b,complete,endpoint_exhausted,0,0,0,shanghai,ssh_eip_shanghai,deep_shanghai,9341,18,complete,GK2026D1,,
2026-08-25T08:03:59,reply,6a266bee0000000007020fd3,6a26c47c000000002701f8e9,complete,endpoint_exhausted,0,1,1,shanghai,ssh_eip_shanghai,deep_shanghai,9341,18,complete,GK2026D1,,
2026-08-25T08:03:59,reply,6a266bee0000000007020fd3,6a26c3e7000000002702dd66,complete,endpoint_exhausted,0,0,0,shanghai,ssh_eip_shanghai,deep_shanghai,9341,18,complete,GK2026D1,,
2026-08-25T08:03:59,reply,6a266bee0000000007020fd3,6a26c2820000000028008d7c,complete,endpoint_exhausted,0,1,1,shanghai,ssh_eip_shanghai,deep_shanghai,9341,18,complete,GK2026D1,,
2026-08-25T08:04:31,reply,6a266bee0000000007020fd3,6a26c25d000000002b026e63,complete,endpoint_exhausted,2,11,11,shanghai,ssh_eip_shanghai,deep_shanghai,9341,18,complete,GK2026D1,,
2026-08-25T08:04:31,reply,6a266bee0000000007020fd3,6a26c1a700000000290139dd,complete,endpoint_exhausted,0,0,0,shanghai,ssh_eip_shanghai,deep_shanghai,9341,18,complete,GK2026D1,,
2026-08-25T08:04:48,reply,6a266bee0000000007020fd3,6a26c169000000002701ed99,complete,endpoint_exhausted,0,1,1,shanghai,ssh_eip_shanghai,deep_shanghai,9341,18,complete,GK2026D1,,
2026-08-25T08:04:48,reply,6a266bee0000000007020fd3,6a26c10900000000270179ff,complete,endpoint_exhausted,0,0,0,shanghai,ssh_eip_shanghai,deep_shanghai,9341,18,complete,GK2026D1,,
2026-08-25T08:05:04,reply,6a266bee0000000007020fd3,6a26c0f30000000027021976,complete,endpoint_exhausted,1,2,2,shanghai,ssh_eip_shanghai,deep_shanghai,9341,18,complete,GK2026D1,,
2026-08-25T08:05:04,reply,6a266bee0000000007020fd3,6a26bfd9000000002901378a,complete,endpoint_exhausted,0,1,1,shanghai,ssh_eip_shanghai,deep_shanghai,9341,18,complete,GK2026D1,,
2026-08-25T08:06:08,reply,6a266bee0000000007020fd3,6a26beeb0000000028034e97,complete,endpoint_exhausted,4,20,20,shanghai,ssh_eip_shanghai,deep_shanghai,9341,18,complete,GK2026D1,,
2026-08-25T08:06:08,reply,6a266bee0000000007020fd3,6a26bdcb000000002902c075,complete,endpoint_exhausted,0,0,0,shanghai,ssh_eip_shanghai,deep_shanghai,9341,18,complete,GK2026D1,,
2026-08-25T08:06:08,reply,6a266bee0000000007020fd3,6a26bcd5000000002901bb0c,complete,endpoint_exhausted,0,1,1,shanghai,ssh_eip_shanghai,deep_shanghai,9341,18,complete,GK2026D1,,
2026-08-25T08:06:08,reply,6a266bee0000000007020fd3,6a26bc8f000000002900d7e1,complete,endpoint_exhausted,0,0,0,shanghai,ssh_eip_shanghai,deep_shanghai,9341,18,complete,GK2026D1,,
2026-08-25T08:06:08,reply,6a266bee0000000007020fd3,6a26bb93000000002b024f3f,complete,endpoint_exhausted,0,0,0,shanghai,ssh_eip_shanghai,deep_shanghai,9341,18,complete,GK2026D1,,
2026-08-25T08:06:08,reply,6a266bee0000000007020fd3,6a26b9c20000000027014eb8,complete,endpoint_exhausted,0,1,1,shanghai,ssh_eip_shanghai,deep_shanghai,9341,18,complete,GK2026D1,,
2026-08-25T08:06:24,reply,6a266bee0000000007020fd3,6a26b9a0000000002b02887c,complete,endpoint_exhausted,0,0,0,shanghai,ssh_eip_shanghai,deep_shanghai,9341,18,complete,GK2026D1,,
2026-08-25T08:06:40,reply,6a266bee0000000007020fd3,6a26b94d000000002800b3e5,complete,endpoint_exhausted,1,3,3,shanghai,ssh_eip_shanghai,deep_shanghai,9341,18,complete,GK2026D1,,
2026-08-25T08:06:40,reply,6a266bee0000000007020fd3,6a26b8ea000000002803d7da,complete,endpoint_exhausted,0,1,1,shanghai,ssh_eip_shanghai,deep_shanghai,9341,18,complete,GK2026D1,,
2026-08-25T08:06:40,reply,6a266bee0000000007020fd3,6a26b820000000002800a3fe,complete,endpoint_exhausted,0,0,0,shanghai,ssh_eip_shanghai,deep_shanghai,9341,18,complete,GK2026D1,,
2026-08-25T08:06:40,reply,6a266bee0000000007020fd3,6a26b72a000000002900f968,complete,endpoint_exhausted,0,1,1,shanghai,ssh_eip_shanghai,deep_shanghai,9341,18,complete,GK2026D1,,
2026-08-25T08:06:40,reply,6a266bee0000000007020fd3,6a26b6f8000000002702a495,complete,endpoint_exhausted,0,1,1,shanghai,ssh_eip_shanghai,deep_shanghai,9341,18,complete,GK2026D1,,
2026-08-25T08:06:40,reply,6a266bee0000000007020fd3,6a26b60e000000002702316b,complete,endpoint_exhausted,0,0,0,shanghai,ssh_eip_shanghai,deep_shanghai,9341,18,complete,GK2026D1,,
2026-08-25T08:06:40,reply,6a266bee0000000007020fd3,6a26b6050000000027022f3f,complete,endpoint_exhausted,0,0,0,shanghai,ssh_eip_shanghai,deep_shanghai,9341,18,complete,GK2026D1,,
2026-08-25T08:06:40,reply,6a266bee0000000007020fd3,6a26b5dd000000002702253c,complete,endpoint_exhausted,0,0,0,shanghai,ssh_eip_shanghai,deep_shanghai,9341,18,complete,GK2026D1,,
2026-08-25T08:06:56,reply,6a266bee0000000007020fd3,6a26b5610000000028039b45,complete,endpoint_exhausted,1,3,3,shanghai,ssh_eip_shanghai,deep_shanghai,9341,18,complete,GK2026D1,,
2026-08-25T08:07:29,reply,6a266bee0000000007020fd3,6a26b476000000002701e1ac,complete,endpoint_exhausted,1,2,2,shanghai,ssh_eip_shanghai,deep_shanghai,9341,18,complete,GK2026D1,,
2026-08-25T08:07:45,reply,6a266bee0000000007020fd3,6a26b445000000002b0011dc,complete,endpoint_exhausted,1,3,3,shanghai,ssh_eip_shanghai,deep_shanghai,9341,18,complete,GK2026D1,,
2026-08-25T08:07:45,reply,6a266bee0000000007020fd3,6a26b2e90000000029037ae4,complete,endpoint_exhausted,0,0,0,shanghai,ssh_eip_shanghai,deep_shanghai,9341,18,complete,GK2026D1,,
2026-08-25T08:07:45,reply,6a266bee0000000007020fd3,6a26b276000000002901be5d,complete,endpoint_exhausted,0,1,1,shanghai,ssh_eip_shanghai,deep_shanghai,9341,18,complete,GK2026D1,,
2026-08-25T08:07:45,reply,6a266bee0000000007020fd3,6a26af50000000002800aa36,complete,endpoint_exhausted,0,1,1,shanghai,ssh_eip_shanghai,deep_shanghai,9341,18,complete,GK2026D1,,
2026-08-25T08:07:45,reply,6a266bee0000000007020fd3,6a26aeb7000000002a02fb71,complete,endpoint_exhausted,0,0,0,shanghai,ssh_eip_shanghai,deep_shanghai,9341,18,complete,GK2026D1,,
2026-08-25T08:08:01,reply,6a266bee0000000007020fd3,6a26ac38000000002701cbbd,complete,endpoint_exhausted,1,2,2,shanghai,ssh_eip_shanghai,deep_shanghai,9341,18,complete,GK2026D1,,
2026-08-25T08:08:01,reply,6a266bee0000000007020fd3,6a26aba2000000002803a6ce,complete,endpoint_exhausted,0,1,1,shanghai,ssh_eip_shanghai,deep_shanghai,9341,18,complete,GK2026D1,,
2026-08-25T08:08:17,reply,6a266bee0000000007020fd3,6a26a9fa000000002702ec0e,complete,endpoint_exhausted,1,3,3,shanghai,ssh_eip_shanghai,deep_shanghai,9341,18,complete,GK2026D1,,
2026-08-25T08:08:17,reply,6a266bee0000000007020fd3,6a26a9ca0000000027021738,complete,endpoint_exhausted,0,1,1,shanghai,ssh_eip_shanghai,deep_shanghai,9341,18,complete,GK2026D1,,
2026-08-25T08:08:34,reply,6a266bee0000000007020fd3,6a26a9a40000000028039d5a,complete,endpoint_exhausted,0,0,0,shanghai,ssh_eip_shanghai,deep_shanghai,9341,18,complete,GK2026D1,,
2026-08-25T08:08:34,reply,6a266bee0000000007020fd3,6a26a92b0000000029025eec,complete,endpoint_exhausted,0,1,1,shanghai,ssh_eip_shanghai,deep_shanghai,9341,18,complete,GK2026D1,,
2026-08-25T08:08:34,reply,6a266bee0000000007020fd3,6a26a895000000002b026840,complete,endpoint_exhausted,0,0,0,shanghai,ssh_eip_shanghai,deep_shanghai,9341,18,complete,GK2026D1,,
2026-08-25T08:08:34,reply,6a266bee0000000007020fd3,6a26a74f000000002a005f67,complete,endpoint_exhausted,0,0,0,shanghai,ssh_eip_shanghai,deep_shanghai,9341,18,complete,GK2026D1,,
2026-08-25T08:08:34,reply,6a266bee0000000007020fd3,6a26a743000000002a02d220,complete,endpoint_exhausted,0,0,0,shanghai,ssh_eip_shanghai,deep_shanghai,9341,18,complete,GK2026D1,,
2026-08-25T08:08:34,reply,6a266bee0000000007020fd3,6a26a6bb000000002b0250a8,complete,endpoint_exhausted,0,0,0,shanghai,ssh_eip_shanghai,deep_shanghai,9341,18,complete,GK2026D1,,
2026-08-25T08:08:34,reply,6a266bee0000000007020fd3,6a26a623000000002a0307ec,complete,endpoint_exhausted,0,0,0,shanghai,ssh_eip_shanghai,deep_shanghai,9341,18,complete,GK2026D1,,
2026-08-25T08:08:34,reply,6a266bee0000000007020fd3,6a26a42e000000002a026e38,complete,endpoint_exhausted,0,0,0,shanghai,ssh_eip_shanghai,deep_shanghai,9341,18,complete,GK2026D1,,
2026-08-25T08:08:34,reply,6a266bee0000000007020fd3,6a26a1430000000028038aae,complete,endpoint_exhausted,0,1,1,shanghai,ssh_eip_shanghai,deep_shanghai,9341,18,complete,GK2026D1,,
2026-08-25T08:08:34,reply,6a266bee0000000007020fd3,6a269f2e000000002702a64d,complete,endpoint_exhausted,0,0,0,shanghai,ssh_eip_shanghai,deep_shanghai,9341,18,complete,GK2026D1,,
2026-08-25T08:08:50,reply,6a266bee0000000007020fd3,6a269edc000000002902fcc2,complete,endpoint_exhausted,0,0,0,shanghai,ssh_eip_shanghai,deep_shanghai,9341,18,complete,GK2026D1,,
2026-08-25T08:08:50,reply,6a266bee0000000007020fd3,6a269ea80000000029012203,complete,endpoint_exhausted,0,0,0,shanghai,ssh_eip_shanghai,deep_shanghai,9341,18,complete,GK2026D1,,
2026-08-25T08:09:06,reply,6a266bee0000000007020fd3,6a269cef00000000290132d0,complete,endpoint_exhausted,1,4,4,shanghai,ssh_eip_shanghai,deep_shanghai,9341,18,complete,GK2026D1,,
2026-08-25T08:09:06,reply,6a266bee0000000007020fd3,6a269bca0000000027015439,complete,endpoint_exhausted,0,0,0,shanghai,ssh_eip_shanghai,deep_shanghai,9341,18,complete,GK2026D1,,
2026-08-25T08:09:06,reply,6a266bee0000000007020fd3,6a269b9b0000000028037d0f,complete,endpoint_exhausted,0,0,0,shanghai,ssh_eip_shanghai,deep_shanghai,9341,18,complete,GK2026D1,,
2026-08-25T08:09:06,reply,6a266bee0000000007020fd3,6a269ae2000000002900dc8d,complete,endpoint_exhausted,0,1,1,shanghai,ssh_eip_shanghai,deep_shanghai,9341,18,complete,GK2026D1,,
2026-08-25T08:09:22,reply,6a266bee0000000007020fd3,6a2698c5000000002803b3e0,complete,endpoint_exhausted,1,4,4,shanghai,ssh_eip_shanghai,deep_shanghai,9341,18,complete,GK2026D1,,
2026-08-25T08:09:38,reply,6a266bee0000000007020fd3,6a269647000000002a031e82,complete,endpoint_exhausted,1,5,5,shanghai,ssh_eip_shanghai,deep_shanghai,9341,18,complete,GK2026D1,,
2026-08-25T08:09:38,reply,6a266bee0000000007020fd3,6a269550000000002b0260c8,complete,endpoint_exhausted,0,0,0,shanghai,ssh_eip_shanghai,deep_shanghai,9341,18,complete,GK2026D1,,
2026-08-25T08:09:38,reply,6a266bee0000000007020fd3,6a2693f5000000002900fd57,complete,endpoint_exhausted,0,1,1,shanghai,ssh_eip_shanghai,deep_shanghai,9341,18,complete,GK2026D1,,
2026-08-25T08:09:54,reply,6a266bee0000000007020fd3,6a2693ec00000000280386f8,complete,endpoint_exhausted,0,1,1,shanghai,ssh_eip_shanghai,deep_shanghai,9341,18,complete,GK2026D1,,
2026-08-25T08:10:59,reply,6a266bee0000000007020fd3,6a2693bb000000002701dfcb,complete,endpoint_exhausted,4,20,20,shanghai,ssh_eip_shanghai,deep_shanghai,9341,18,complete,GK2026D1,,
2026-08-25T08:11:15,reply,6a266bee0000000007020fd3,6a268ec8000000002a026d8e,complete,endpoint_exhausted,1,5,5,shanghai,ssh_eip_shanghai,deep_shanghai,9341,18,complete,GK2026D1,,
2026-08-25T08:11:15,reply,6a266bee0000000007020fd3,6a268d35000000002702c7b0,complete,endpoint_exhausted,0,1,1,shanghai,ssh_eip_shanghai,deep_shanghai,9341,18,complete,GK2026D1,,
2026-08-25T08:11:15,reply,6a266bee0000000007020fd3,6a268d2300000000270205b9,complete,endpoint_exhausted,0,1,1,shanghai,ssh_eip_shanghai,deep_shanghai,9341,18,complete,GK2026D1,,
2026-08-25T08:11:15,reply,6a266bee0000000007020fd3,6a26823c000000002803af6a,complete,endpoint_exhausted,0,1,1,shanghai,ssh_eip_shanghai,deep_shanghai,9341,18,complete,GK2026D1,,
2026-08-25T08:11:15,reply,6a266bee0000000007020fd3,6a268128000000002800b775,complete,endpoint_exhausted,0,1,1,shanghai,ssh_eip_shanghai,deep_shanghai,9341,18,complete,GK2026D1,,
2026-08-25T08:11:15,reply,6a266bee0000000007020fd3,6a267e4c0000000027023253,complete,endpoint_exhausted,0,0,0,shanghai,ssh_eip_shanghai,deep_shanghai,9341,18,complete,GK2026D1,,
2026-08-25T08:11:15,reply,6a266bee0000000007020fd3,6a267df70000000028034669,complete,endpoint_exhausted,0,0,0,shanghai,ssh_eip_shanghai,deep_shanghai,9341,18,complete,GK2026D1,,
2026-08-25T08:11:15,reply,6a266bee0000000007020fd3,6a267d520000000029012b5d,complete,endpoint_exhausted,0,0,0,shanghai,ssh_eip_shanghai,deep_shanghai,9341,18,complete,GK2026D1,,
2026-08-25T08:11:47,reply,6a266bee0000000007020fd3,6a26794b000000002a033793,complete,endpoint_exhausted,1,2,2,shanghai,ssh_eip_shanghai,deep_shanghai,9341,18,complete,GK2026D1,,
2026-08-25T08:11:47,reply,6a266bee0000000007020fd3,6a2675410000000027028876,complete,endpoint_exhausted,0,0,0,shanghai,ssh_eip_shanghai,deep_shanghai,9341,18,complete,GK2026D1,,
2026-08-25T08:11:47,reply,6a266bee0000000007020fd3,6a266f21000000002900efed,complete,endpoint_exhausted,0,1,1,shanghai,ssh_eip_shanghai,deep_shanghai,9341,18,complete,GK2026D1,,
2026-08-25T08:11:47,reply,6a266bee0000000007020fd3,6a266c4a000000002a026867,complete,endpoint_exhausted,0,0,0,shanghai,ssh_eip_shanghai,deep_shanghai,9341,18,complete,GK2026D1,,
2026-08-25T08:12:03,reply,6a266bee0000000007020fd3,6a26b23d000000002803979f,complete,endpoint_exhausted,1,4,4,shanghai,ssh_eip_shanghai,deep_shanghai,9341,18,complete,GK2026D1,,
2026-08-25T08:12:52,reply,6a266bee0000000007020fd3,6a266d7a000000002902e9aa,complete,endpoint_exhausted,3,14,14,shanghai,ssh_eip_shanghai,deep_shanghai,9341,18,complete,GK2026D1,,
2026-08-25T08:13:08,reply,6a266bee0000000007020fd3,6a2675df000000002702aa6f,complete,endpoint_exhausted,1,4,4,shanghai,ssh_eip_shanghai,deep_shanghai,9341,18,complete,GK2026D1,,
2026-08-25T08:13:24,reply,6a266bee0000000007020fd3,6a2671ca00000000270214a0,complete,endpoint_exhausted,1,3,3,shanghai,ssh_eip_shanghai,deep_shanghai,9341,18,complete,GK2026D1,,
2026-08-25T08:13:24,reply,6a266bee0000000007020fd3,6a266c900000000029034ab4,complete,endpoint_exhausted,0,1,1,shanghai,ssh_eip_shanghai,deep_shanghai,9341,18,complete,GK2026D1,,
2026-08-25T08:13:24,reply,6a266bee0000000007020fd3,6a2f74ca0000000027022745,complete,endpoint_exhausted,0,1,1,shanghai,ssh_eip_shanghai,deep_shanghai,9341,18,complete,GK2026D1,,
2026-08-25T08:13:40,reply,6a266bee0000000007020fd3,6a2a25b2000000002a03160c,complete,endpoint_exhausted,0,1,1,shanghai,ssh_eip_shanghai,deep_shanghai,9341,18,complete,GK2026D1,,
2026-08-25T08:13:40,reply,6a266bee0000000007020fd3,6a2a220c000000002702382b,complete,endpoint_exhausted,0,1,1,shanghai,ssh_eip_shanghai,deep_shanghai,9341,18,complete,GK2026D1,,
2026-08-25T08:13:40,reply,6a266bee0000000007020fd3,6a28ee9c000000002a02582c,complete,endpoint_exhausted,0,0,0,shanghai,ssh_eip_shanghai,deep_shanghai,9341,18,complete,GK2026D1,,
2026-08-25T08:13:40,reply,6a266bee0000000007020fd3,6a28ce23000000002a005f46,complete,endpoint_exhausted,0,0,0,shanghai,ssh_eip_shanghai,deep_shanghai,9341,18,complete,GK2026D1,,
2026-08-25T08:13:40,reply,6a266bee0000000007020fd3,6a28cbb1000000002803b0c2,complete,endpoint_exhausted,0,0,0,shanghai,ssh_eip_shanghai,deep_shanghai,9341,18,complete,GK2026D1,,
2026-08-25T08:13:40,reply,6a266bee0000000007020fd3,6a28cb92000000002900e7dd,complete,endpoint_exhausted,0,0,0,shanghai,ssh_eip_shanghai,deep_shanghai,9341,18,complete,GK2026D1,,
2026-08-25T08:13:40,reply,6a266bee0000000007020fd3,6a28c9ab000000002b027f2a,complete,endpoint_exhausted,0,0,0,shanghai,ssh_eip_shanghai,deep_shanghai,9341,18,complete,GK2026D1,,
2026-08-25T08:13:40,reply,6a266bee0000000007020fd3,6a28c89d000000002101141f,complete,endpoint_exhausted,0,1,1,shanghai,ssh_eip_shanghai,deep_shanghai,9341,18,complete,GK2026D1,,
2026-08-25T08:13:40,reply,6a266bee0000000007020fd3,6a28c392000000002b02b7be,complete,endpoint_exhausted,0,0,0,shanghai,ssh_eip_shanghai,deep_shanghai,9341,18,complete,GK2026D1,,
2026-08-25T08:13:40,reply,6a266bee0000000007020fd3,6a28bd970000000028035b0b,complete,endpoint_exhausted,0,1,1,shanghai,ssh_eip_shanghai,deep_shanghai,9341,18,complete,GK2026D1,,
2026-08-25T08:13:56,reply,6a266bee0000000007020fd3,6a28ab8500000000280359b8,complete,endpoint_exhausted,0,0,0,shanghai,ssh_eip_shanghai,deep_shanghai,9341,18,complete,GK2026D1,,
2026-08-25T08:13:56,reply,6a266bee0000000007020fd3,6a28a8b8000000002a004d93,complete,endpoint_exhausted,0,0,0,shanghai,ssh_eip_shanghai,deep_shanghai,9341,18,complete,GK2026D1,,
2026-08-25T08:13:56,reply,6a266bee0000000007020fd3,6a28a5f1000000002900c619,complete,endpoint_exhausted,0,0,0,shanghai,ssh_eip_shanghai,deep_shanghai,9341,18,complete,GK2026D1,,
2026-08-25T08:14:13,reply,6a266bee0000000007020fd3,6a28a491000000002701c628,complete,endpoint_exhausted,1,2,2,shanghai,ssh_eip_shanghai,deep_shanghai,9341,18,complete,GK2026D1,,
2026-08-25T08:14:13,reply,6a266bee0000000007020fd3,6a284831000000002702aedc,complete,endpoint_exhausted,0,0,0,shanghai,ssh_eip_shanghai,deep_shanghai,9341,18,complete,GK2026D1,,
2026-08-25T08:14:29,reply,6a266bee0000000007020fd3,6a282ce4000000002a027c4c,complete,endpoint_exhausted,1,3,3,shanghai,ssh_eip_shanghai,deep_shanghai,9341,18,complete,GK2026D1,,
2026-08-25T08:14:29,reply,6a266bee0000000007020fd3,6a28239700000000290262dc,complete,endpoint_exhausted,0,0,0,shanghai,ssh_eip_shanghai,deep_shanghai,9341,18,complete,GK2026D1,,
2026-08-25T08:14:29,reply,6a266bee0000000007020fd3,6a281e150000000029013985,complete,endpoint_exhausted,0,1,1,shanghai,ssh_eip_shanghai,deep_shanghai,9341,18,complete,GK2026D1,,
2026-08-25T08:14:29,reply,6a266bee0000000007020fd3,6a2818e00000000028032157,complete,endpoint_exhausted,0,0,0,shanghai,ssh_eip_shanghai,deep_shanghai,9341,18,complete,GK2026D1,,
2026-08-25T08:14:29,reply,6a266bee0000000007020fd3,6a280b26000000002a02f6bd,complete,endpoint_exhausted,0,0,0,shanghai,ssh_eip_shanghai,deep_shanghai,9341,18,complete,GK2026D1,,
2026-08-25T08:14:45,reply,6a266bee0000000007020fd3,6a280aab0000000027015489,complete,endpoint_exhausted,0,0,0,shanghai,ssh_eip_shanghai,deep_shanghai,9341,18,complete,GK2026D1,,
2026-08-25T08:14:45,reply,6a266bee0000000007020fd3,6a280a320000000029011eb8,complete,endpoint_exhausted,0,0,0,shanghai,ssh_eip_shanghai,deep_shanghai,9341,18,complete,GK2026D1,,
2026-08-25T08:14:45,reply,6a266bee0000000007020fd3,6a2809c8000000002803384d,complete,endpoint_exhausted,0,0,0,shanghai,ssh_eip_shanghai,deep_shanghai,9341,18,complete,GK2026D1,,
2026-08-25T08:14:45,reply,6a266bee0000000007020fd3,6a2801eb000000002701cde4,complete,endpoint_exhausted,0,1,1,shanghai,ssh_eip_shanghai,deep_shanghai,9341,18,complete,GK2026D1,,
2026-08-25T08:14:45,reply,6a266bee0000000007020fd3,6a2800fb000000002a02c960,complete,endpoint_exhausted,0,0,0,shanghai,ssh_eip_shanghai,deep_shanghai,9341,18,complete,GK2026D1,,
2026-08-25T08:14:45,reply,6a266bee0000000007020fd3,6a27fe92000000002a02d3f8,complete,endpoint_exhausted,0,0,0,shanghai,ssh_eip_shanghai,deep_shanghai,9341,18,complete,GK2026D1,,
2026-08-25T08:15:01,reply,6a266bee0000000007020fd3,6a27e398000000002b025250,complete,endpoint_exhausted,1,2,2,shanghai,ssh_eip_shanghai,deep_shanghai,9341,18,complete,GK2026D1,,
2026-08-25T08:15:01,reply,6a266bee0000000007020fd3,6a27e22d000000002a031cbd,complete,endpoint_exhausted,0,0,0,shanghai,ssh_eip_shanghai,deep_shanghai,9341,18,complete,GK2026D1,,
2026-08-25T08:15:01,reply,6a266bee0000000007020fd3,6a27dea1000000002803a465,complete,endpoint_exhausted,0,0,0,shanghai,ssh_eip_shanghai,deep_shanghai,9341,18,complete,GK2026D1,,
2026-08-25T08:15:01,reply,6a266bee0000000007020fd3,6a27c9c5000000002a027df2,complete,endpoint_exhausted,0,1,1,shanghai,ssh_eip_shanghai,deep_shanghai,9341,18,complete,GK2026D1,,
2026-08-25T08:15:17,reply,6a266bee0000000007020fd3,6a27c99c0000000028008d33,complete,endpoint_exhausted,0,1,1,shanghai,ssh_eip_shanghai,deep_shanghai,9341,18,complete,GK2026D1,,
2026-08-25T08:15:33,reply,6a266bee0000000007020fd3,6a27c87400000000290193b3,complete,endpoint_exhausted,1,4,4,shanghai,ssh_eip_shanghai,deep_shanghai,9341,18,complete,GK2026D1,,
2026-08-25T08:15:33,reply,6a266bee0000000007020fd3,6a27c043000000002900ff27,complete,endpoint_exhausted,0,0,0,shanghai,ssh_eip_shanghai,deep_shanghai,9341,18,complete,GK2026D1,,
2026-08-25T08:15:33,reply,6a266bee0000000007020fd3,6a27c019000000002900f639,complete,endpoint_exhausted,0,0,0,shanghai,ssh_eip_shanghai,deep_shanghai,9341,18,complete,GK2026D1,,
2026-08-25T08:15:33,reply,6a266bee0000000007020fd3,6a27bff8000000002900ef47,complete,endpoint_exhausted,0,0,0,shanghai,ssh_eip_shanghai,deep_shanghai,9341,18,complete,GK2026D1,,
2026-08-25T08:15:33,reply,6a266bee0000000007020fd3,6a27befa000000002701dd62,complete,endpoint_exhausted,0,0,0,shanghai,ssh_eip_shanghai,deep_shanghai,9341,18,complete,GK2026D1,,
2026-08-25T08:15:33,reply,6a266bee0000000007020fd3,6a27bd9a000000002a025164,complete,endpoint_exhausted,0,0,0,shanghai,ssh_eip_shanghai,deep_shanghai,9341,18,complete,GK2026D1,,
2026-08-25T08:15:33,reply,6a266bee0000000007020fd3,6a27ba46000000002b02af09,complete,endpoint_exhausted,0,0,0,shanghai,ssh_eip_shanghai,deep_shanghai,9341,18,complete,GK2026D1,,
2026-08-25T08:15:33,reply,6a266bee0000000007020fd3,6a27b9ec000000002900ef91,complete,endpoint_exhausted,0,0,0,shanghai,ssh_eip_shanghai,deep_shanghai,9341,18,complete,GK2026D1,,
2026-08-25T08:15:33,reply,6a266bee0000000007020fd3,6a27b70d0000000027014343,complete,endpoint_exhausted,0,0,0,shanghai,ssh_eip_shanghai,deep_shanghai,9341,18,complete,GK2026D1,,
2026-08-25T08:15:49,reply,6a266bee0000000007020fd3,6a27b6f800000000280350ab,complete,endpoint_exhausted,0,0,0,shanghai,ssh_eip_shanghai,deep_shanghai,9341,18,complete,GK2026D1,,
2026-08-25T08:15:49,reply,6a266bee0000000007020fd3,6a27b614000000002803e1fd,complete,endpoint_exhausted,0,0,0,shanghai,ssh_eip_shanghai,deep_shanghai,9341,18,complete,GK2026D1,,
2026-08-25T08:15:49,reply,6a266bee0000000007020fd3,6a27b3aa0000000027020610,complete,endpoint_exhausted,0,0,0,shanghai,ssh_eip_shanghai,deep_shanghai,9341,18,complete,GK2026D1,,
2026-08-25T08:15:49,reply,6a266bee0000000007020fd3,6a27b2840000000027020cfe,complete,endpoint_exhausted,0,0,0,shanghai,ssh_eip_shanghai,deep_shanghai,9341,18,complete,GK2026D1,,
2026-08-25T08:15:49,reply,6a266bee0000000007020fd3,6a27b2810000000028031459,complete,endpoint_exhausted,0,0,0,shanghai,ssh_eip_shanghai,deep_shanghai,9341,18,complete,GK2026D1,,
2026-08-25T08:15:49,reply,6a266bee0000000007020fd3,6a27b2400000000027014590,complete,endpoint_exhausted,0,0,0,shanghai,ssh_eip_shanghai,deep_shanghai,9341,18,complete,GK2026D1,,
2026-08-25T08:15:49,reply,6a266bee0000000007020fd3,6a27af37000000002702d592,complete,endpoint_exhausted,0,0,0,shanghai,ssh_eip_shanghai,deep_shanghai,9341,18,complete,GK2026D1,,
2026-08-25T08:15:49,reply,6a266bee0000000007020fd3,6a27a8dd000000002701d2cf,complete,endpoint_exhausted,0,0,0,shanghai,ssh_eip_shanghai,deep_shanghai,9341,18,complete,GK2026D1,,
2026-08-25T08:15:49,reply,6a266bee0000000007020fd3,6a27a8ba0000000028032d30,complete,endpoint_exhausted,0,0,0,shanghai,ssh_eip_shanghai,deep_shanghai,9341,18,complete,GK2026D1,,
2026-08-25T08:15:49,reply,6a266bee0000000007020fd3,6a27a854000000002902d02f,complete,endpoint_exhausted,0,0,0,shanghai,ssh_eip_shanghai,deep_shanghai,9341,18,complete,GK2026D1,,
2026-08-25T08:16:06,reply,6a266bee0000000007020fd3,6a27a6d200000000270299de,complete,endpoint_exhausted,0,0,0,shanghai,ssh_eip_shanghai,deep_shanghai,9341,18,complete,GK2026D1,,
2026-08-25T08:16:06,reply,6a266bee0000000007020fd3,6a27a43700000000290342f1,complete,endpoint_exhausted,0,0,0,shanghai,ssh_eip_shanghai,deep_shanghai,9341,18,complete,GK2026D1,,
2026-08-25T08:16:06,reply,6a266bee0000000007020fd3,6a27a3d0000000002800ac4b,complete,endpoint_exhausted,0,0,0,shanghai,ssh_eip_shanghai,deep_shanghai,9341,18,complete,GK2026D1,,
2026-08-25T08:16:06,reply,6a266bee0000000007020fd3,6a27a3bf000000002a0265df,complete,endpoint_exhausted,0,0,0,shanghai,ssh_eip_shanghai,deep_shanghai,9341,18,complete,GK2026D1,,
2026-08-25T08:16:06,reply,6a266bee0000000007020fd3,6a27a395000000002803f178,complete,endpoint_exhausted,0,0,0,shanghai,ssh_eip_shanghai,deep_shanghai,9341,18,complete,GK2026D1,,
2026-08-25T08:16:06,reply,6a266bee0000000007020fd3,6a27a07b000000002901b560,complete,endpoint_exhausted,0,0,0,shanghai,ssh_eip_shanghai,deep_shanghai,9341,18,complete,GK2026D1,,
2026-08-25T08:16:06,reply,6a266bee0000000007020fd3,6a27a04c0000000029011416,complete,endpoint_exhausted,0,0,0,shanghai,ssh_eip_shanghai,deep_shanghai,9341,18,complete,GK2026D1,,
2026-08-25T08:16:06,reply,6a266bee0000000007020fd3,6a279fc00000000028035127,complete,endpoint_exhausted,0,0,0,shanghai,ssh_eip_shanghai,deep_shanghai,9341,18,complete,GK2026D1,,
2026-08-25T08:16:06,reply,6a266bee0000000007020fd3,6a279ebb0000000028031169,complete,endpoint_exhausted,0,0,0,shanghai,ssh_eip_shanghai,deep_shanghai,9341,18,complete,GK2026D1,,
2026-08-25T08:16:06,reply,6a266bee0000000007020fd3,6a279dd0000000002a02c642,complete,endpoint_exhausted,0,0,0,shanghai,ssh_eip_shanghai,deep_shanghai,9341,18,complete,GK2026D1,,
2026-08-25T08:16:22,reply,6a266bee0000000007020fd3,6a279d0b000000002803ad53,complete,endpoint_exhausted,0,0,0,shanghai,ssh_eip_shanghai,deep_shanghai,9341,18,complete,GK2026D1,,
2026-08-25T08:16:22,reply,6a266bee0000000007020fd3,6a279a07000000002b02bd0c,complete,endpoint_exhausted,0,1,1,shanghai,ssh_eip_shanghai,deep_shanghai,9341,18,complete,GK2026D1,,
2026-08-25T08:16:22,reply,6a266bee0000000007020fd3,6a2799cf000000002b02b352,complete,endpoint_exhausted,0,0,0,shanghai,ssh_eip_shanghai,deep_shanghai,9341,18,complete,GK2026D1,,
2026-08-25T08:16:39,reply,6a266bee0000000007020fd3,6a2798ed0000000027021cad,complete,endpoint_exhausted,1,2,2,shanghai,ssh_eip_shanghai,deep_shanghai,9341,18,complete,GK2026D1,,
2026-08-25T08:16:39,reply,6a266bee0000000007020fd3,6a279881000000002902d6a6,complete,endpoint_exhausted,0,0,0,shanghai,ssh_eip_shanghai,deep_shanghai,9341,18,complete,GK2026D1,,
2026-08-25T08:16:39,reply,6a266bee0000000007020fd3,6a2797c4000000002900cb74,complete,endpoint_exhausted,0,1,1,shanghai,ssh_eip_shanghai,deep_shanghai,9341,18,complete,GK2026D1,,
2026-08-25T08:16:39,reply,6a266bee0000000007020fd3,6a27963b000000002a030165,complete,endpoint_exhausted,0,0,0,shanghai,ssh_eip_shanghai,deep_shanghai,9341,18,complete,GK2026D1,,
2026-08-25T08:16:39,reply,6a266bee0000000007020fd3,6a279480000000002a005a3e,complete,endpoint_exhausted,0,0,0,shanghai,ssh_eip_shanghai,deep_shanghai,9341,18,complete,GK2026D1,,
2026-08-25T08:16:39,reply,6a266bee0000000007020fd3,6a2790d4000000002a0052de,complete,endpoint_exhausted,0,0,0,shanghai,ssh_eip_shanghai,deep_shanghai,9341,18,complete,GK2026D1,,
2026-08-25T08:16:39,reply,6a266bee0000000007020fd3,6a2790b8000000002a026647,complete,endpoint_exhausted,0,0,0,shanghai,ssh_eip_shanghai,deep_shanghai,9341,18,complete,GK2026D1,,
2026-08-25T08:16:55,reply,6a266bee0000000007020fd3,6a279088000000002803815a,complete,endpoint_exhausted,0,0,0,shanghai,ssh_eip_shanghai,deep_shanghai,9341,18,complete,GK2026D1,,
2026-08-25T08:16:55,reply,6a266bee0000000007020fd3,6a278db90000000029024e10,complete,endpoint_exhausted,0,0,0,shanghai,ssh_eip_shanghai,deep_shanghai,9341,18,complete,GK2026D1,,
2026-08-25T08:16:55,reply,6a266bee0000000007020fd3,6a278b170000000029011d78,complete,endpoint_exhausted,0,0,0,shanghai,ssh_eip_shanghai,deep_shanghai,9341,18,complete,GK2026D1,,
2026-08-25T08:16:55,reply,6a266bee0000000007020fd3,6a278abf00000000280397d7,complete,endpoint_exhausted,0,0,0,shanghai,ssh_eip_shanghai,deep_shanghai,9341,18,complete,GK2026D1,,
2026-08-25T08:16:55,reply,6a266bee0000000007020fd3,6a27879d000000002a027bd9,complete,endpoint_exhausted,0,1,1,shanghai,ssh_eip_shanghai,deep_shanghai,9341,18,complete,GK2026D1,,
2026-08-25T08:17:12,reply,6a266bee0000000007020fd3,6a278788000000002800bdad,complete,endpoint_exhausted,1,2,2,shanghai,ssh_eip_shanghai,deep_shanghai,9341,18,complete,GK2026D1,,
2026-08-25T08:17:12,reply,6a266bee0000000007020fd3,6a2786db000000002701e252,complete,endpoint_exhausted,0,1,1,shanghai,ssh_eip_shanghai,deep_shanghai,9341,18,complete,GK2026D1,,
2026-08-25T08:17:12,reply,6a266bee0000000007020fd3,6a2784a60000000029010780,complete,endpoint_exhausted,0,0,0,shanghai,ssh_eip_shanghai,deep_shanghai,9341,18,complete,GK2026D1,,
2026-08-25T08:17:12,reply,6a266bee0000000007020fd3,6a2783010000000028036e11,complete,endpoint_exhausted,0,0,0,shanghai,ssh_eip_shanghai,deep_shanghai,9341,18,complete,GK2026D1,,
2026-08-25T08:17:12,reply,6a266bee0000000007020fd3,6a277fdc000000002203e36b,complete,endpoint_exhausted,0,0,0,shanghai,ssh_eip_shanghai,deep_shanghai,9341,18,complete,GK2026D1,,
2026-08-25T08:17:28,reply,6a266bee0000000007020fd3,6a277fa4000000000d022800,complete,endpoint_exhausted,0,0,0,shanghai,ssh_eip_shanghai,deep_shanghai,9341,18,complete,GK2026D1,,
2026-08-25T08:17:28,reply,6a266bee0000000007020fd3,6a277f7d000000002702f659,complete,endpoint_exhausted,0,0,0,shanghai,ssh_eip_shanghai,deep_shanghai,9341,18,complete,GK2026D1,,
2026-08-25T08:17:28,reply,6a266bee0000000007020fd3,6a277f60000000002203dcc4,complete,endpoint_exhausted,0,0,0,shanghai,ssh_eip_shanghai,deep_shanghai,9341,18,complete,GK2026D1,,
2026-08-25T08:17:28,reply,6a266bee0000000007020fd3,6a277c0a0000000029011343,complete,endpoint_exhausted,0,0,0,shanghai,ssh_eip_shanghai,deep_shanghai,9341,18,complete,GK2026D1,,
2026-08-25T08:17:28,reply,6a266bee0000000007020fd3,6a277ae80000000027020065,complete,endpoint_exhausted,0,1,1,shanghai,ssh_eip_shanghai,deep_shanghai,9341,18,complete,GK2026D1,,
2026-08-25T08:17:28,reply,6a266bee0000000007020fd3,6a2773c9000000002803a053,complete,endpoint_exhausted,0,0,0,shanghai,ssh_eip_shanghai,deep_shanghai,9341,18,complete,GK2026D1,,
2026-08-25T08:17:28,reply,6a266bee0000000007020fd3,6a2773c6000000002701f5ba,complete,endpoint_exhausted,0,0,0,shanghai,ssh_eip_shanghai,deep_shanghai,9341,18,complete,GK2026D1,,
2026-08-25T08:17:28,reply,6a266bee0000000007020fd3,6a2773ae000000002900cddd,complete,endpoint_exhausted,0,0,0,shanghai,ssh_eip_shanghai,deep_shanghai,9341,18,complete,GK2026D1,,
2026-08-25T08:17:28,reply,6a266bee0000000007020fd3,6a2772d0000000002803f00f,complete,endpoint_exhausted,0,0,0,shanghai,ssh_eip_shanghai,deep_shanghai,9341,18,complete,GK2026D1,,
2026-08-25T08:17:28,reply,6a266bee0000000007020fd3,6a27712700000000290101a6,complete,endpoint_exhausted,0,0,0,shanghai,ssh_eip_shanghai,deep_shanghai,9341,18,complete,GK2026D1,,
2026-08-25T08:17:45,reply,6a266bee0000000007020fd3,6a2770b5000000002900c94d,complete,endpoint_exhausted,0,0,0,shanghai,ssh_eip_shanghai,deep_shanghai,9341,18,complete,GK2026D1,,
2026-08-25T08:17:45,reply,6a266bee0000000007020fd3,6a276fff000000002b025273,complete,endpoint_exhausted,0,0,0,shanghai,ssh_eip_shanghai,deep_shanghai,9341,18,complete,GK2026D1,,
2026-08-25T08:17:45,reply,6a266bee0000000007020fd3,6a276e73000000002800994c,complete,endpoint_exhausted,0,0,0,shanghai,ssh_eip_shanghai,deep_shanghai,9341,18,complete,GK2026D1,,
2026-08-25T08:17:45,reply,6a266bee0000000007020fd3,6a276c87000000002702f035,complete,endpoint_exhausted,0,0,0,shanghai,ssh_eip_shanghai,deep_shanghai,9341,18,complete,GK2026D1,,
2026-08-25T08:17:45,reply,6a266bee0000000007020fd3,6a276ac3000000002702e674,complete,endpoint_exhausted,0,0,0,shanghai,ssh_eip_shanghai,deep_shanghai,9341,18,complete,GK2026D1,,
2026-08-25T08:17:45,reply,6a266bee0000000007020fd3,6a276a89000000002902f4a0,complete,endpoint_exhausted,0,0,0,shanghai,ssh_eip_shanghai,deep_shanghai,9341,18,complete,GK2026D1,,
2026-08-25T08:17:45,reply,6a266bee0000000007020fd3,6a276a84000000002803ccff,complete,endpoint_exhausted,0,0,0,shanghai,ssh_eip_shanghai,deep_shanghai,9341,18,complete,GK2026D1,,
2026-08-25T08:17:45,reply,6a266bee0000000007020fd3,6a276a56000000002702d4b9,complete,endpoint_exhausted,0,0,0,shanghai,ssh_eip_shanghai,deep_shanghai,9341,18,complete,GK2026D1,,
2026-08-25T08:17:45,reply,6a266bee0000000007020fd3,6a276972000000002b028c65,complete,endpoint_exhausted,0,0,0,shanghai,ssh_eip_shanghai,deep_shanghai,9341,18,complete,GK2026D1,,
2026-08-25T08:17:45,reply,6a266bee0000000007020fd3,6a2767b4000000002901b9ff,complete,endpoint_exhausted,0,0,0,shanghai,ssh_eip_shanghai,deep_shanghai,9341,18,complete,GK2026D1,,
2026-08-25T08:18:01,reply,6a266bee0000000007020fd3,6a2765cf000000002902ddd1,complete,endpoint_exhausted,0,0,0,shanghai,ssh_eip_shanghai,deep_shanghai,9341,18,complete,GK2026D1,,
2026-08-25T08:18:01,reply,6a266bee0000000007020fd3,6a27642800000000280326a4,complete,endpoint_exhausted,0,0,0,shanghai,ssh_eip_shanghai,deep_shanghai,9341,18,complete,GK2026D1,,
2026-08-25T08:18:01,reply,6a266bee0000000007020fd3,6a276417000000002b025ad3,complete,endpoint_exhausted,0,0,0,shanghai,ssh_eip_shanghai,deep_shanghai,9341,18,complete,GK2026D1,,
2026-08-25T08:18:01,reply,6a266bee0000000007020fd3,6a276327000000002800908d,complete,endpoint_exhausted,0,1,1,shanghai,ssh_eip_shanghai,deep_shanghai,9341,18,complete,GK2026D1,,
2026-08-25T08:18:01,reply,6a266bee0000000007020fd3,6a2762d9000000002b0289f7,complete,endpoint_exhausted,0,0,0,shanghai,ssh_eip_shanghai,deep_shanghai,9341,18,complete,GK2026D1,,
2026-08-25T08:18:18,reply,6a266bee0000000007020fd3,6a2762c60000000027021dd1,complete,endpoint_exhausted,1,2,2,shanghai,ssh_eip_shanghai,deep_shanghai,9341,18,complete,GK2026D1,,
2026-08-25T08:18:18,reply,6a266bee0000000007020fd3,6a276290000000002702eabb,complete,endpoint_exhausted,0,0,0,shanghai,ssh_eip_shanghai,deep_shanghai,9341,18,complete,GK2026D1,,
2026-08-25T08:18:18,reply,6a266bee0000000007020fd3,6a27613e0000000028008b35,complete,endpoint_exhausted,0,0,0,shanghai,ssh_eip_shanghai,deep_shanghai,9341,18,complete,GK2026D1,,
2026-08-25T08:18:34,reply,6a266bee0000000007020fd3,6a2760fc000000002a026bd3,complete,endpoint_exhausted,1,2,2,shanghai,ssh_eip_shanghai,deep_shanghai,9341,18,complete,GK2026D1,,
2026-08-25T08:18:34,reply,6a266bee0000000007020fd3,6a275fe7000000002701eecf,complete,endpoint_exhausted,0,1,1,shanghai,ssh_eip_shanghai,deep_shanghai,9341,18,complete,GK2026D1,,
2026-08-25T08:18:51,reply,6a266bee0000000007020fd3,6a275f8d000000002a0245d7,complete,endpoint_exhausted,0,0,0,shanghai,ssh_eip_shanghai,deep_shanghai,9341,18,complete,GK2026D1,,
2026-08-25T08:18:51,reply,6a266bee0000000007020fd3,6a275f6a000000002a0078ba,complete,endpoint_exhausted,0,1,1,shanghai,ssh_eip_shanghai,deep_shanghai,9341,18,complete,GK2026D1,,
2026-08-25T08:18:51,reply,6a266bee0000000007020fd3,6a275eee000000002b02521c,complete,endpoint_exhausted,0,0,0,shanghai,ssh_eip_shanghai,deep_shanghai,9341,18,complete,GK2026D1,,
2026-08-25T08:18:51,reply,6a266bee0000000007020fd3,6a275e11000000002800a84c,complete,endpoint_exhausted,0,0,0,shanghai,ssh_eip_shanghai,deep_shanghai,9341,18,complete,GK2026D1,,
2026-08-25T08:18:51,reply,6a266bee0000000007020fd3,6a275dbc00000000280308c9,complete,endpoint_exhausted,0,0,0,shanghai,ssh_eip_shanghai,deep_shanghai,9341,18,complete,GK2026D1,,
2026-08-25T08:18:51,reply,6a266bee0000000007020fd3,6a275bfb000000002a02c985,complete,endpoint_exhausted,0,0,0,shanghai,ssh_eip_shanghai,deep_shanghai,9341,18,complete,GK2026D1,,
2026-08-25T08:19:07,reply,6a266bee0000000007020fd3,6a275991000000002800a6d1,complete,endpoint_exhausted,1,2,2,shanghai,ssh_eip_shanghai,deep_shanghai,9341,18,complete,GK2026D1,,
2026-08-25T08:19:07,reply,6a266bee0000000007020fd3,6a27587b0000000027015922,complete,endpoint_exhausted,0,0,0,shanghai,ssh_eip_shanghai,deep_shanghai,9341,18,complete,GK2026D1,,
2026-08-25T08:19:07,reply,6a266bee0000000007020fd3,6a275775000000002a00473a,complete,endpoint_exhausted,0,0,0,shanghai,ssh_eip_shanghai,deep_shanghai,9341,18,complete,GK2026D1,,
2026-08-25T08:19:24,reply,6a266bee0000000007020fd3,6a274fdd000000002900c78b,complete,endpoint_exhausted,1,2,2,shanghai,ssh_eip_shanghai,deep_shanghai,9341,18,complete,GK2026D1,,
2026-08-25T08:19:40,reply,6a266bee0000000007020fd3,6a274e8c000000002803ff16,complete,endpoint_exhausted,0,1,1,shanghai,ssh_eip_shanghai,deep_shanghai,9341,18,complete,GK2026D1,,
2026-08-25T08:19:40,reply,6a266bee0000000007020fd3,6a274d95000000002900dd7b,complete,endpoint_exhausted,0,1,1,shanghai,ssh_eip_shanghai,deep_shanghai,9341,18,complete,GK2026D1,,
2026-08-25T08:19:40,reply,6a266bee0000000007020fd3,6a2744b5000000002701eb0b,complete,endpoint_exhausted,0,0,0,shanghai,ssh_eip_shanghai,deep_shanghai,9341,18,complete,GK2026D1,,
2026-08-25T08:19:40,reply,6a266bee0000000007020fd3,6a273eab000000000d022000,complete,endpoint_exhausted,0,0,0,shanghai,ssh_eip_shanghai,deep_shanghai,9341,18,complete,GK2026D1,,
2026-08-25T08:19:40,reply,6a266bee0000000007020fd3,6a270269000000002b025459,complete,endpoint_exhausted,0,0,0,shanghai,ssh_eip_shanghai,deep_shanghai,9341,18,complete,GK2026D1,,
2026-08-25T08:19:40,reply,6a266bee0000000007020fd3,6a26f1a4000000002a02f292,complete,endpoint_exhausted,0,0,0,shanghai,ssh_eip_shanghai,deep_shanghai,9341,18,complete,GK2026D1,,
2026-08-25T08:19:40,reply,6a266bee0000000007020fd3,6a26f0eb000000002702edd6,complete,endpoint_exhausted,0,1,1,shanghai,ssh_eip_shanghai,deep_shanghai,9341,18,complete,GK2026D1,,
2026-08-25T08:19:40,reply,6a266bee0000000007020fd3,6a26e41d000000002a007c22,complete,endpoint_exhausted,0,0,0,shanghai,ssh_eip_shanghai,deep_shanghai,9341,18,complete,GK2026D1,,
2026-08-25T08:19:40,reply,6a266bee0000000007020fd3,6a26e111000000002702e8ff,complete,endpoint_exhausted,0,0,0,shanghai,ssh_eip_shanghai,deep_shanghai,9341,18,complete,GK2026D1,,
2026-08-25T08:19:40,reply,6a266bee0000000007020fd3,6a26dc7b000000002803fe56,complete,endpoint_exhausted,0,0,0,shanghai,ssh_eip_shanghai,deep_shanghai,9341,18,complete,GK2026D1,,
2026-08-25T08:19:57,reply,6a266bee0000000007020fd3,6a26d746000000002902c634,complete,endpoint_exhausted,0,0,0,shanghai,ssh_eip_shanghai,deep_shanghai,9341,18,complete,GK2026D1,,
2026-08-25T08:19:57,reply,6a266bee0000000007020fd3,6a26d030000000002702268f,complete,endpoint_exhausted,0,0,0,shanghai,ssh_eip_shanghai,deep_shanghai,9341,18,complete,GK2026D1,,
2026-08-25T08:19:57,reply,6a266bee0000000007020fd3,6a26cc20000000002702109d,complete,endpoint_exhausted,0,0,0,shanghai,ssh_eip_shanghai,deep_shanghai,9341,18,complete,GK2026D1,,
2026-08-25T08:19:57,reply,6a266bee0000000007020fd3,6a26c99f000000002a02f485,complete,endpoint_exhausted,0,0,0,shanghai,ssh_eip_shanghai,deep_shanghai,9341,18,complete,GK2026D1,,
2026-08-25T08:19:57,reply,6a266bee0000000007020fd3,6a26c675000000002803a6c9,complete,endpoint_exhausted,0,1,1,shanghai,ssh_eip_shanghai,deep_shanghai,9341,18,complete,GK2026D1,,
2026-08-25T08:19:57,reply,6a266bee0000000007020fd3,6a26c5480000000029013618,complete,endpoint_exhausted,0,0,0,shanghai,ssh_eip_shanghai,deep_shanghai,9341,18,complete,GK2026D1,,
2026-08-25T08:20:13,reply,6a266bee0000000007020fd3,6a26bfcc000000002803950b,complete,endpoint_exhausted,1,4,4,shanghai,ssh_eip_shanghai,deep_shanghai,9341,18,complete,GK2026D1,,
2026-08-25T08:20:13,reply,6a266bee0000000007020fd3,6a26bdca000000002702e7ee,complete,endpoint_exhausted,0,1,1,shanghai,ssh_eip_shanghai,deep_shanghai,9341,18,complete,GK2026D1,,
2026-08-25T08:20:13,reply,6a266bee0000000007020fd3,6a26afe0000000002901bc0a,complete,endpoint_exhausted,0,0,0,shanghai,ssh_eip_shanghai,deep_shanghai,9341,18,complete,GK2026D1,,
2026-08-25T08:20:13,reply,6a266bee0000000007020fd3,6a26afa4000000002702de91,complete,endpoint_exhausted,0,1,1,shanghai,ssh_eip_shanghai,deep_shanghai,9341,18,complete,GK2026D1,,
2026-08-25T08:20:46,reply,6a266bee0000000007020fd3,6a26ae2a00000000290351ce,complete,endpoint_exhausted,1,2,2,shanghai,ssh_eip_shanghai,deep_shanghai,9341,18,complete,GK2026D1,,
2026-08-25T08:20:46,reply,6a266bee0000000007020fd3,6a26a9ba000000002702bee0,complete,endpoint_exhausted,0,0,0,shanghai,ssh_eip_shanghai,deep_shanghai,9341,18,complete,GK2026D1,,
2026-08-25T08:20:46,reply,6a266bee0000000007020fd3,6a26a52e000000002803c820,complete,endpoint_exhausted,0,0,0,shanghai,ssh_eip_shanghai,deep_shanghai,9341,18,complete,GK2026D1,,
2026-08-25T08:20:46,reply,6a266bee0000000007020fd3,6a269b89000000002a024134,complete,endpoint_exhausted,0,1,1,shanghai,ssh_eip_shanghai,deep_shanghai,9341,18,complete,GK2026D1,,
2026-08-25T08:20:46,reply,6a266bee0000000007020fd3,6a2699b5000000002b0269aa,complete,endpoint_exhausted,0,1,1,shanghai,ssh_eip_shanghai,deep_shanghai,9341,18,complete,GK2026D1,,
2026-08-25T08:20:46,reply,6a266bee0000000007020fd3,6a2691cd000000002a007b4b,complete,endpoint_exhausted,0,1,1,shanghai,ssh_eip_shanghai,deep_shanghai,9341,18,complete,GK2026D1,,
2026-08-25T08:20:46,reply,6a266bee0000000007020fd3,6a268421000000002a025958,complete,endpoint_exhausted,0,1,1,shanghai,ssh_eip_shanghai,deep_shanghai,9341,18,complete,GK2026D1,,
2026-08-25T08:20:46,reply,6a266bee0000000007020fd3,6a2681c70000000027016edb,complete,endpoint_exhausted,0,1,1,shanghai,ssh_eip_shanghai,deep_shanghai,9341,18,complete,GK2026D1,,
2026-08-25T08:20:46,reply,6a266bee0000000007020fd3,6a267fd600000000230008b4,complete,endpoint_exhausted,0,0,0,shanghai,ssh_eip_shanghai,deep_shanghai,9341,18,complete,GK2026D1,,
2026-08-25T08:20:46,reply,6a266bee0000000007020fd3,6a267fb0000000002803611f,complete,endpoint_exhausted,0,1,1,shanghai,ssh_eip_shanghai,deep_shanghai,9341,18,complete,GK2026D1,,
2026-08-25T08:21:03,reply,6a266bee0000000007020fd3,6a267eaf000000002701dce1,complete,endpoint_exhausted,0,0,0,shanghai,ssh_eip_shanghai,deep_shanghai,9341,18,complete,GK2026D1,,
2026-08-25T08:21:03,reply,6a266bee0000000007020fd3,6a267d86000000002803a829,complete,endpoint_exhausted,0,0,0,shanghai,ssh_eip_shanghai,deep_shanghai,9341,18,complete,GK2026D1,,
2026-08-25T08:21:03,reply,6a266bee0000000007020fd3,6a26731f000000002902c662,complete,endpoint_exhausted,0,1,1,shanghai,ssh_eip_shanghai,deep_shanghai,9341,18,complete,GK2026D1,,
2026-08-25T08:21:19,reply,6a266bee0000000007020fd3,6a26729a000000002701d875,complete,endpoint_exhausted,1,6,6,shanghai,ssh_eip_shanghai,deep_shanghai,9341,18,complete,GK2026D1,,
2026-08-25T08:21:19,reply,6a266bee0000000007020fd3,6a266fc0000000002a0307f7,complete,endpoint_exhausted,0,1,1,shanghai,ssh_eip_shanghai,deep_shanghai,9341,18,complete,GK2026D1,,
2026-08-25T08:21:19,reply,6a266bee0000000007020fd3,6a2bbea400000000270151a3,complete,endpoint_exhausted,0,1,1,shanghai,ssh_eip_shanghai,deep_shanghai,9341,18,complete,GK2026D1,,
2026-08-25T08:21:19,reply,6a266bee0000000007020fd3,6a27cd47000000002701da7f,complete,endpoint_exhausted,0,0,0,shanghai,ssh_eip_shanghai,deep_shanghai,9341,18,complete,GK2026D1,,
2026-08-25T08:21:19,reply,6a266bee0000000007020fd3,6a27a1850000000029026058,complete,endpoint_exhausted,0,1,1,shanghai,ssh_eip_shanghai,deep_shanghai,9341,18,complete,GK2026D1,,
2026-08-25T08:21:19,reply,6a266bee0000000007020fd3,6a279d2c000000002901aa54,complete,endpoint_exhausted,0,0,0,shanghai,ssh_eip_shanghai,deep_shanghai,9341,18,complete,GK2026D1,,
2026-08-25T08:21:19,reply,6a266bee0000000007020fd3,6a278e01000000002701ccb4,complete,endpoint_exhausted,0,0,0,shanghai,ssh_eip_shanghai,deep_shanghai,9341,18,complete,GK2026D1,,
2026-08-25T08:21:36,reply,6a266bee0000000007020fd3,6a278b130000000028033c8f,complete,endpoint_exhausted,0,0,0,shanghai,ssh_eip_shanghai,deep_shanghai,9341,18,complete,GK2026D1,,
2026-08-25T08:21:36,reply,6a266bee0000000007020fd3,6a277b11000000002702bfa7,complete,endpoint_exhausted,0,0,0,shanghai,ssh_eip_shanghai,deep_shanghai,9341,18,complete,GK2026D1,,
2026-08-25T08:21:36,reply,6a266bee0000000007020fd3,6a276950000000002800833c,complete,endpoint_exhausted,0,0,0,shanghai,ssh_eip_shanghai,deep_shanghai,9341,18,complete,GK2026D1,,
2026-08-25T08:21:36,top_level,6a266bee0000000007020fd3,,complete,endpoint_exhausted,75,743,,shanghai,ssh_eip_shanghai,deep_shanghai,9341,18,complete,GK2026D1,True,
2026-08-25T09:12:29,reply,6a238180000000001c02747f,6a238caf00000000290184e8,complete,endpoint_exhausted,0,0,0,shanghai,ssh_eip_shanghai,deep_shanghai,9341,19,complete,GK2026D1,,
2026-08-25T09:12:29,reply,6a238180000000001c02747f,6a238367000000002901a206,complete,endpoint_exhausted,0,0,0,shanghai,ssh_eip_shanghai,deep_shanghai,9341,19,complete,GK2026D1,,
2026-08-25T09:12:29,top_level,6a238180000000001c02747f,,complete,endpoint_exhausted,1,2,,shanghai,ssh_eip_shanghai,deep_shanghai,9341,19,complete,GK2026D1,True,
2026-08-25T09:23:21,reply,6a254826000000001503e716,6a2584d80000000028037631,complete,endpoint_exhausted,0,0,0,shanghai,ssh_eip_shanghai,deep_shanghai,9341,20,complete,GK2026D1,,
2026-08-25T09:23:21,top_level,6a254826000000001503e716,,complete,endpoint_exhausted,1,1,,shanghai,ssh_eip_shanghai,deep_shanghai,9341,20,complete,GK2026D1,True,
2026-08-25T09:36:27,reply,6a24fd170000000035031caf,6a252c32000000002b02a63f,complete,endpoint_exhausted,8,39,39,shanghai,ssh_eip_shanghai,deep_shanghai,9341,21,complete,GK2026D1,,
2026-08-25T09:36:43,reply,6a24fd170000000035031caf,6a257bfe000000002800bf7f,complete,endpoint_exhausted,1,4,4,shanghai,ssh_eip_shanghai,deep_shanghai,9341,21,complete,GK2026D1,,
2026-08-25T09:38:06,reply,6a24fd170000000035031caf,6a253084000000002902d04e,complete,endpoint_exhausted,5,22,22,shanghai,ssh_eip_shanghai,deep_shanghai,9341,21,complete,GK2026D1,,
2026-08-25T09:40:34,reply,6a24fd170000000035031caf,6a2564960000000029010861,complete,endpoint_exhausted,9,44,44,shanghai,ssh_eip_shanghai,deep_shanghai,9341,21,complete,GK2026D1,,
2026-08-25T09:41:07,reply,6a24fd170000000035031caf,6a25395f0000000027016fb1,complete,endpoint_exhausted,2,11,11,shanghai,ssh_eip_shanghai,deep_shanghai,9341,21,complete,GK2026D1,,
2026-08-25T09:41:57,reply,6a24fd170000000035031caf,6a255314000000002a004b44,complete,endpoint_exhausted,3,13,13,shanghai,ssh_eip_shanghai,deep_shanghai,9341,21,complete,GK2026D1,,
2026-08-25T09:42:30,reply,6a24fd170000000035031caf,6a252619000000002a02fb0b,complete,endpoint_exhausted,2,7,7,shanghai,ssh_eip_shanghai,deep_shanghai,9341,21,complete,GK2026D1,,
2026-08-25T09:42:47,reply,6a24fd170000000035031caf,6a2569910000000028030034,complete,endpoint_exhausted,1,4,4,shanghai,ssh_eip_shanghai,deep_shanghai,9341,21,complete,GK2026D1,,
2026-08-25T09:43:03,reply,6a24fd170000000035031caf,6a2544d700000000270296b0,complete,endpoint_exhausted,1,5,5,shanghai,ssh_eip_shanghai,deep_shanghai,9341,21,complete,GK2026D1,,
2026-08-25T09:43:20,reply,6a24fd170000000035031caf,6a253447000000002701fe5b,complete,endpoint_exhausted,1,6,6,shanghai,ssh_eip_shanghai,deep_shanghai,9341,21,complete,GK2026D1,,
2026-08-25T09:44:26,reply,6a24fd170000000035031caf,6a25649b0000000028039037,complete,endpoint_exhausted,3,15,15,shanghai,ssh_eip_shanghai,deep_shanghai,9341,21,complete,GK2026D1,,
2026-08-25T09:44:42,reply,6a24fd170000000035031caf,6a2523af000000002901848a,complete,endpoint_exhausted,1,3,3,shanghai,ssh_eip_shanghai,deep_shanghai,9341,21,complete,GK2026D1,,
2026-08-25T09:44:59,reply,6a24fd170000000035031caf,6a250f290000000028039218,complete,endpoint_exhausted,1,5,5,shanghai,ssh_eip_shanghai,deep_shanghai,9341,21,complete,GK2026D1,,
2026-08-25T09:45:15,reply,6a24fd170000000035031caf,6a2538e2000000002b027e42,complete,endpoint_exhausted,1,2,2,shanghai,ssh_eip_shanghai,deep_shanghai,9341,21,complete,GK2026D1,,
2026-08-25T09:45:32,reply,6a24fd170000000035031caf,6a2574ef000000002803ce03,complete,endpoint_exhausted,1,4,4,shanghai,ssh_eip_shanghai,deep_shanghai,9341,21,complete,GK2026D1,,
2026-08-25T09:45:48,reply,6a24fd170000000035031caf,6a2556ff000000002702cb29,complete,endpoint_exhausted,1,3,3,shanghai,ssh_eip_shanghai,deep_shanghai,9341,21,complete,GK2026D1,,
2026-08-25T09:46:05,reply,6a24fd170000000035031caf,6a256af2000000002a033a2d,complete,endpoint_exhausted,1,5,5,shanghai,ssh_eip_shanghai,deep_shanghai,9341,21,complete,GK2026D1,,
2026-08-25T09:46:21,reply,6a24fd170000000035031caf,6a25ff14000000002702e8ac,complete,endpoint_exhausted,1,2,2,shanghai,ssh_eip_shanghai,deep_shanghai,9341,21,complete,GK2026D1,,
2026-08-25T09:46:38,reply,6a24fd170000000035031caf,6a253896000000002a007d0e,complete,endpoint_exhausted,1,2,2,shanghai,ssh_eip_shanghai,deep_shanghai,9341,21,complete,GK2026D1,,
2026-08-25T09:46:38,reply,6a24fd170000000035031caf,6a255e610000000027029f62,complete,endpoint_exhausted,0,1,1,shanghai,ssh_eip_shanghai,deep_shanghai,9341,21,complete,GK2026D1,,
2026-08-25T09:47:11,reply,6a24fd170000000035031caf,6a261c7e0000000029012f15,complete,endpoint_exhausted,1,6,6,shanghai,ssh_eip_shanghai,deep_shanghai,9341,21,complete,GK2026D1,,
2026-08-25T09:47:28,reply,6a24fd170000000035031caf,6a255e18000000002a005b1f,complete,endpoint_exhausted,1,5,5,shanghai,ssh_eip_shanghai,deep_shanghai,9341,21,complete,GK2026D1,,
2026-08-25T09:47:28,reply,6a24fd170000000035031caf,6a253bee0000000027021f55,complete,endpoint_exhausted,0,1,1,shanghai,ssh_eip_shanghai,deep_shanghai,9341,21,complete,GK2026D1,,
2026-08-25T09:47:28,reply,6a24fd170000000035031caf,6a2524400000000027016657,complete,endpoint_exhausted,0,0,0,shanghai,ssh_eip_shanghai,deep_shanghai,9341,21,complete,GK2026D1,,
2026-08-25T09:47:28,reply,6a24fd170000000035031caf,6a250f4d000000002702bedb,complete,endpoint_exhausted,0,0,0,shanghai,ssh_eip_shanghai,deep_shanghai,9341,21,complete,GK2026D1,,
2026-08-25T09:47:28,reply,6a24fd170000000035031caf,6a2559790000000029025095,complete,endpoint_exhausted,0,1,1,shanghai,ssh_eip_shanghai,deep_shanghai,9341,21,complete,GK2026D1,,
2026-08-25T09:47:44,reply,6a24fd170000000035031caf,6a2522a8000000002803d941,complete,endpoint_exhausted,1,3,3,shanghai,ssh_eip_shanghai,deep_shanghai,9341,21,complete,GK2026D1,,
2026-08-25T09:47:44,reply,6a24fd170000000035031caf,6a252bb4000000002b02932b,complete,endpoint_exhausted,0,0,0,shanghai,ssh_eip_shanghai,deep_shanghai,9341,21,complete,GK2026D1,,
2026-08-25T09:47:44,reply,6a24fd170000000035031caf,6a254d51000000002900c106,complete,endpoint_exhausted,0,0,0,shanghai,ssh_eip_shanghai,deep_shanghai,9341,21,complete,GK2026D1,,
2026-08-25T09:47:44,reply,6a24fd170000000035031caf,6a2521a5000000002702eedf,complete,endpoint_exhausted,0,0,0,shanghai,ssh_eip_shanghai,deep_shanghai,9341,21,complete,GK2026D1,,
2026-08-25T09:48:01,reply,6a24fd170000000035031caf,6a25355a0000000029027a59,complete,endpoint_exhausted,0,0,0,shanghai,ssh_eip_shanghai,deep_shanghai,9341,21,complete,GK2026D1,,
2026-08-25T09:48:01,reply,6a24fd170000000035031caf,6a251b6600000000290367b4,complete,endpoint_exhausted,0,0,0,shanghai,ssh_eip_shanghai,deep_shanghai,9341,21,complete,GK2026D1,,
2026-08-25T09:48:01,reply,6a24fd170000000035031caf,6a262ca0000000002701621f,complete,endpoint_exhausted,0,0,0,shanghai,ssh_eip_shanghai,deep_shanghai,9341,21,complete,GK2026D1,,
2026-08-25T09:48:01,reply,6a24fd170000000035031caf,6a253493000000002701d07f,complete,endpoint_exhausted,0,0,0,shanghai,ssh_eip_shanghai,deep_shanghai,9341,21,complete,GK2026D1,,
2026-08-25T09:48:01,reply,6a24fd170000000035031caf,6a26198e0000000028036094,complete,endpoint_exhausted,0,1,1,shanghai,ssh_eip_shanghai,deep_shanghai,9341,21,complete,GK2026D1,,
2026-08-25T09:48:01,reply,6a24fd170000000035031caf,6a254af0000000002701e2c6,complete,endpoint_exhausted,0,0,0,shanghai,ssh_eip_shanghai,deep_shanghai,9341,21,complete,GK2026D1,,
2026-08-25T09:48:01,reply,6a24fd170000000035031caf,6a2565eb000000002b0279f0,complete,endpoint_exhausted,0,1,1,shanghai,ssh_eip_shanghai,deep_shanghai,9341,21,complete,GK2026D1,,
2026-08-25T09:48:01,reply,6a24fd170000000035031caf,6a2561e8000000002803cb73,complete,endpoint_exhausted,0,0,0,shanghai,ssh_eip_shanghai,deep_shanghai,9341,21,complete,GK2026D1,,
2026-08-25T09:48:17,reply,6a24fd170000000035031caf,6a2533ad000000002b02508a,complete,endpoint_exhausted,1,2,2,shanghai,ssh_eip_shanghai,deep_shanghai,9341,21,complete,GK2026D1,,
2026-08-25T09:48:17,reply,6a24fd170000000035031caf,6a264f68000000002800b679,complete,endpoint_exhausted,0,0,0,shanghai,ssh_eip_shanghai,deep_shanghai,9341,21,complete,GK2026D1,,
2026-08-25T09:48:34,reply,6a24fd170000000035031caf,6a2641e00000000027017f49,complete,endpoint_exhausted,0,0,0,shanghai,ssh_eip_shanghai,deep_shanghai,9341,21,complete,GK2026D1,,
2026-08-25T09:48:34,reply,6a24fd170000000035031caf,6a264d61000000002702cc13,complete,endpoint_exhausted,0,0,0,shanghai,ssh_eip_shanghai,deep_shanghai,9341,21,complete,GK2026D1,,
2026-08-25T09:48:34,reply,6a24fd170000000035031caf,6a264bbf000000002900c44f,complete,endpoint_exhausted,0,0,0,shanghai,ssh_eip_shanghai,deep_shanghai,9341,21,complete,GK2026D1,,
2026-08-25T09:48:34,reply,6a24fd170000000035031caf,6a2576bb00000000270299fa,complete,endpoint_exhausted,0,0,0,shanghai,ssh_eip_shanghai,deep_shanghai,9341,21,complete,GK2026D1,,
2026-08-25T09:48:34,reply,6a24fd170000000035031caf,6a269c22000000002900eaa0,complete,endpoint_exhausted,0,0,0,shanghai,ssh_eip_shanghai,deep_shanghai,9341,21,complete,GK2026D1,,
2026-08-25T09:48:34,reply,6a24fd170000000035031caf,6a267a98000000002a005b46,complete,endpoint_exhausted,0,0,0,shanghai,ssh_eip_shanghai,deep_shanghai,9341,21,complete,GK2026D1,,
2026-08-25T09:48:34,reply,6a24fd170000000035031caf,6a25515d000000002b025f3d,complete,endpoint_exhausted,0,0,0,shanghai,ssh_eip_shanghai,deep_shanghai,9341,21,complete,GK2026D1,,
2026-08-25T09:48:34,reply,6a24fd170000000035031caf,6a255f660000000027022442,complete,endpoint_exhausted,0,0,0,shanghai,ssh_eip_shanghai,deep_shanghai,9341,21,complete,GK2026D1,,
2026-08-25T09:48:34,reply,6a24fd170000000035031caf,6a257dd800000000280320d0,complete,endpoint_exhausted,0,0,0,shanghai,ssh_eip_shanghai,deep_shanghai,9341,21,complete,GK2026D1,,
2026-08-25T09:48:34,reply,6a24fd170000000035031caf,6a2505d9000000002900c0a1,complete,endpoint_exhausted,0,0,0,shanghai,ssh_eip_shanghai,deep_shanghai,9341,21,complete,GK2026D1,,
2026-08-25T09:48:50,reply,6a24fd170000000035031caf,6a269ee2000000002702dcfd,complete,endpoint_exhausted,0,0,0,shanghai,ssh_eip_shanghai,deep_shanghai,9341,21,complete,GK2026D1,,
2026-08-25T09:48:50,reply,6a24fd170000000035031caf,6a267d0000000000280317f2,complete,endpoint_exhausted,0,0,0,shanghai,ssh_eip_shanghai,deep_shanghai,9341,21,complete,GK2026D1,,
2026-08-25T09:48:50,reply,6a24fd170000000035031caf,6a2586990000000027023d95,complete,endpoint_exhausted,0,0,0,shanghai,ssh_eip_shanghai,deep_shanghai,9341,21,complete,GK2026D1,,
2026-08-25T09:48:50,reply,6a24fd170000000035031caf,6a256b46000000002800aff9,complete,endpoint_exhausted,0,0,0,shanghai,ssh_eip_shanghai,deep_shanghai,9341,21,complete,GK2026D1,,
2026-08-25T09:48:50,reply,6a24fd170000000035031caf,6a26b115000000002902c5de,complete,endpoint_exhausted,0,0,0,shanghai,ssh_eip_shanghai,deep_shanghai,9341,21,complete,GK2026D1,,
2026-08-25T09:48:50,reply,6a24fd170000000035031caf,6a2547f3000000002803c1c3,complete,endpoint_exhausted,0,0,0,shanghai,ssh_eip_shanghai,deep_shanghai,9341,21,complete,GK2026D1,,
2026-08-25T09:48:50,reply,6a24fd170000000035031caf,6a2645a90000000028033fd5,complete,endpoint_exhausted,0,0,0,shanghai,ssh_eip_shanghai,deep_shanghai,9341,21,complete,GK2026D1,,
2026-08-25T09:48:50,reply,6a24fd170000000035031caf,6a25528f0000000027023a8e,complete,endpoint_exhausted,0,0,0,shanghai,ssh_eip_shanghai,deep_shanghai,9341,21,complete,GK2026D1,,
2026-08-25T09:48:50,reply,6a24fd170000000035031caf,6a2538a9000000002701425a,complete,endpoint_exhausted,0,0,0,shanghai,ssh_eip_shanghai,deep_shanghai,9341,21,complete,GK2026D1,,
2026-08-25T09:48:50,reply,6a24fd170000000035031caf,6a2552ad000000002701f739,complete,endpoint_exhausted,0,0,0,shanghai,ssh_eip_shanghai,deep_shanghai,9341,21,complete,GK2026D1,,
2026-08-25T09:49:07,reply,6a24fd170000000035031caf,6a26470c000000002a024bae,complete,endpoint_exhausted,0,0,0,shanghai,ssh_eip_shanghai,deep_shanghai,9341,21,complete,GK2026D1,,
2026-08-25T09:49:07,reply,6a24fd170000000035031caf,6a279be7000000002a03325e,complete,endpoint_exhausted,0,0,0,shanghai,ssh_eip_shanghai,deep_shanghai,9341,21,complete,GK2026D1,,
2026-08-25T09:49:07,reply,6a24fd170000000035031caf,6a26609a000000002702dc62,complete,endpoint_exhausted,0,0,0,shanghai,ssh_eip_shanghai,deep_shanghai,9341,21,complete,GK2026D1,,
2026-08-25T09:49:07,reply,6a24fd170000000035031caf,6a26adf10000000029010087,complete,endpoint_exhausted,0,0,0,shanghai,ssh_eip_shanghai,deep_shanghai,9341,21,complete,GK2026D1,,
2026-08-25T09:49:07,reply,6a24fd170000000035031caf,6a255e4a0000000027021b92,complete,endpoint_exhausted,0,0,0,shanghai,ssh_eip_shanghai,deep_shanghai,9341,21,complete,GK2026D1,,
2026-08-25T09:49:07,reply,6a24fd170000000035031caf,6a263fa2000000002702c2df,complete,endpoint_exhausted,0,0,0,shanghai,ssh_eip_shanghai,deep_shanghai,9341,21,complete,GK2026D1,,
2026-08-25T09:49:07,reply,6a24fd170000000035031caf,6a26bb870000000029025bbd,complete,endpoint_exhausted,0,0,0,shanghai,ssh_eip_shanghai,deep_shanghai,9341,21,complete,GK2026D1,,
2026-08-25T09:49:07,reply,6a24fd170000000035031caf,6a268ddb000000002701c04b,complete,endpoint_exhausted,0,0,0,shanghai,ssh_eip_shanghai,deep_shanghai,9341,21,complete,GK2026D1,,
2026-08-25T09:49:07,reply,6a24fd170000000035031caf,6a253616000000002702b616,complete,endpoint_exhausted,0,0,0,shanghai,ssh_eip_shanghai,deep_shanghai,9341,21,complete,GK2026D1,,
2026-08-25T09:49:07,reply,6a24fd170000000035031caf,6a263b34000000002902c328,complete,endpoint_exhausted,0,0,0,shanghai,ssh_eip_shanghai,deep_shanghai,9341,21,complete,GK2026D1,,
2026-08-25T09:49:23,reply,6a24fd170000000035031caf,6a26cb4c000000002a0262a5,complete,endpoint_exhausted,0,0,0,shanghai,ssh_eip_shanghai,deep_shanghai,9341,21,complete,GK2026D1,,
2026-08-25T09:49:23,reply,6a24fd170000000035031caf,6a264df8000000002a007566,complete,endpoint_exhausted,0,0,0,shanghai,ssh_eip_shanghai,deep_shanghai,9341,21,complete,GK2026D1,,
2026-08-25T09:49:23,reply,6a24fd170000000035031caf,6a2685b1000000002803f006,complete,endpoint_exhausted,0,0,0,shanghai,ssh_eip_shanghai,deep_shanghai,9341,21,complete,GK2026D1,,
2026-08-25T09:49:23,reply,6a24fd170000000035031caf,6a2642ae000000002701d950,complete,endpoint_exhausted,0,0,0,shanghai,ssh_eip_shanghai,deep_shanghai,9341,21,complete,GK2026D1,,
2026-08-25T09:49:23,reply,6a24fd170000000035031caf,6a2688910000000028037568,complete,endpoint_exhausted,0,0,0,shanghai,ssh_eip_shanghai,deep_shanghai,9341,21,complete,GK2026D1,,
2026-08-25T09:49:23,reply,6a24fd170000000035031caf,6a264cb80000000029019e1f,complete,endpoint_exhausted,0,0,0,shanghai,ssh_eip_shanghai,deep_shanghai,9341,21,complete,GK2026D1,,
2026-08-25T09:49:23,reply,6a24fd170000000035031caf,6a264187000000002b0293fc,complete,endpoint_exhausted,0,0,0,shanghai,ssh_eip_shanghai,deep_shanghai,9341,21,complete,GK2026D1,,
2026-08-25T09:49:23,reply,6a24fd170000000035031caf,6a2641d0000000002803fe2e,complete,endpoint_exhausted,0,0,0,shanghai,ssh_eip_shanghai,deep_shanghai,9341,21,complete,GK2026D1,,
2026-08-25T09:49:23,reply,6a24fd170000000035031caf,6a26b218000000002702a47d,complete,endpoint_exhausted,0,0,0,shanghai,ssh_eip_shanghai,deep_shanghai,9341,21,complete,GK2026D1,,
2026-08-25T09:49:23,reply,6a24fd170000000035031caf,6a37d016000000000403b010,complete,endpoint_exhausted,0,0,0,shanghai,ssh_eip_shanghai,deep_shanghai,9341,21,complete,GK2026D1,,
2026-08-25T09:49:40,reply,6a24fd170000000035031caf,6a265beb0000000028035e60,complete,endpoint_exhausted,0,0,0,shanghai,ssh_eip_shanghai,deep_shanghai,9341,21,complete,GK2026D1,,
2026-08-25T09:49:40,reply,6a24fd170000000035031caf,6a26c51e00000000280333dd,complete,endpoint_exhausted,0,0,0,shanghai,ssh_eip_shanghai,deep_shanghai,9341,21,complete,GK2026D1,,
2026-08-25T09:49:40,reply,6a24fd170000000035031caf,6a264433000000002701436e,complete,endpoint_exhausted,0,0,0,shanghai,ssh_eip_shanghai,deep_shanghai,9341,21,complete,GK2026D1,,
2026-08-25T09:49:56,reply,6a24fd170000000035031caf,6a2552b3000000002803422a,complete,endpoint_exhausted,1,2,2,shanghai,ssh_eip_shanghai,deep_shanghai,9341,21,complete,GK2026D1,,
2026-08-25T09:49:56,reply,6a24fd170000000035031caf,6a263e2e000000002701f058,complete,endpoint_exhausted,0,0,0,shanghai,ssh_eip_shanghai,deep_shanghai,9341,21,complete,GK2026D1,,
2026-08-25T09:49:56,reply,6a24fd170000000035031caf,6a263dc0000000002a02500a,complete,endpoint_exhausted,0,0,0,shanghai,ssh_eip_shanghai,deep_shanghai,9341,21,complete,GK2026D1,,
2026-08-25T09:49:56,reply,6a24fd170000000035031caf,6a263da7000000002800ae11,complete,endpoint_exhausted,0,0,0,shanghai,ssh_eip_shanghai,deep_shanghai,9341,21,complete,GK2026D1,,
2026-08-25T09:49:56,reply,6a24fd170000000035031caf,6a263d8c000000002803a521,complete,endpoint_exhausted,0,0,0,shanghai,ssh_eip_shanghai,deep_shanghai,9341,21,complete,GK2026D1,,
2026-08-25T09:49:56,reply,6a24fd170000000035031caf,6a2639800000000027014104,complete,endpoint_exhausted,0,0,0,shanghai,ssh_eip_shanghai,deep_shanghai,9341,21,complete,GK2026D1,,
2026-08-25T09:49:56,reply,6a24fd170000000035031caf,6a2638e30000000027015e61,complete,endpoint_exhausted,0,0,0,shanghai,ssh_eip_shanghai,deep_shanghai,9341,21,complete,GK2026D1,,
2026-08-25T09:50:13,reply,6a24fd170000000035031caf,6a26388d000000002803d612,complete,endpoint_exhausted,0,0,0,shanghai,ssh_eip_shanghai,deep_shanghai,9341,21,complete,GK2026D1,,
2026-08-25T09:50:13,reply,6a24fd170000000035031caf,6a26380b0000000029010d67,complete,endpoint_exhausted,0,0,0,shanghai,ssh_eip_shanghai,deep_shanghai,9341,21,complete,GK2026D1,,
2026-08-25T09:50:13,reply,6a24fd170000000035031caf,6a2637fc000000002702f758,complete,endpoint_exhausted,0,0,0,shanghai,ssh_eip_shanghai,deep_shanghai,9341,21,complete,GK2026D1,,
2026-08-25T09:50:13,reply,6a24fd170000000035031caf,6a2636f8000000002a007680,complete,endpoint_exhausted,0,0,0,shanghai,ssh_eip_shanghai,deep_shanghai,9341,21,complete,GK2026D1,,
2026-08-25T09:50:13,reply,6a24fd170000000035031caf,6a26366e00000000290136ee,complete,endpoint_exhausted,0,0,0,shanghai,ssh_eip_shanghai,deep_shanghai,9341,21,complete,GK2026D1,,
2026-08-25T09:50:13,reply,6a24fd170000000035031caf,6a263578000000002901a893,complete,endpoint_exhausted,0,0,0,shanghai,ssh_eip_shanghai,deep_shanghai,9341,21,complete,GK2026D1,,
2026-08-25T09:50:13,reply,6a24fd170000000035031caf,6a263565000000002b02b427,complete,endpoint_exhausted,0,0,0,shanghai,ssh_eip_shanghai,deep_shanghai,9341,21,complete,GK2026D1,,
2026-08-25T09:50:13,reply,6a24fd170000000035031caf,6a263559000000002b0001dd,complete,endpoint_exhausted,0,0,0,shanghai,ssh_eip_shanghai,deep_shanghai,9341,21,complete,GK2026D1,,
2026-08-25T09:50:13,reply,6a24fd170000000035031caf,6a2633fc000000002803e74c,complete,endpoint_exhausted,0,0,0,shanghai,ssh_eip_shanghai,deep_shanghai,9341,21,complete,GK2026D1,,
2026-08-25T09:50:13,reply,6a24fd170000000035031caf,6a2632ec0000000027022470,complete,endpoint_exhausted,0,0,0,shanghai,ssh_eip_shanghai,deep_shanghai,9341,21,complete,GK2026D1,,
2026-08-25T09:50:29,reply,6a24fd170000000035031caf,6a2631940000000028034993,complete,endpoint_exhausted,0,0,0,shanghai,ssh_eip_shanghai,deep_shanghai,9341,21,complete,GK2026D1,,
2026-08-25T09:50:29,reply,6a24fd170000000035031caf,6a262fb4000000002a02c09f,complete,endpoint_exhausted,0,0,0,shanghai,ssh_eip_shanghai,deep_shanghai,9341,21,complete,GK2026D1,,
2026-08-25T09:50:29,reply,6a24fd170000000035031caf,6a262f60000000002b00103c,complete,endpoint_exhausted,0,0,0,shanghai,ssh_eip_shanghai,deep_shanghai,9341,21,complete,GK2026D1,,
2026-08-25T09:50:29,reply,6a24fd170000000035031caf,6a262f4d000000002a02f056,complete,endpoint_exhausted,0,0,0,shanghai,ssh_eip_shanghai,deep_shanghai,9341,21,complete,GK2026D1,,
2026-08-25T09:50:29,reply,6a24fd170000000035031caf,6a262f4700000000290359bc,complete,endpoint_exhausted,0,0,0,shanghai,ssh_eip_shanghai,deep_shanghai,9341,21,complete,GK2026D1,,
2026-08-25T09:50:29,reply,6a24fd170000000035031caf,6a262e29000000002701dc11,complete,endpoint_exhausted,0,0,0,shanghai,ssh_eip_shanghai,deep_shanghai,9341,21,complete,GK2026D1,,
2026-08-25T09:50:29,reply,6a24fd170000000035031caf,6a262cd90000000028032ce0,complete,endpoint_exhausted,0,0,0,shanghai,ssh_eip_shanghai,deep_shanghai,9341,21,complete,GK2026D1,,
2026-08-25T09:50:29,reply,6a24fd170000000035031caf,6a262beb0000000027017aa5,complete,endpoint_exhausted,0,0,0,shanghai,ssh_eip_shanghai,deep_shanghai,9341,21,complete,GK2026D1,,
2026-08-25T09:50:29,reply,6a24fd170000000035031caf,6a262b76000000002b00333d,complete,endpoint_exhausted,0,0,0,shanghai,ssh_eip_shanghai,deep_shanghai,9341,21,complete,GK2026D1,,
2026-08-25T09:50:29,reply,6a24fd170000000035031caf,6a262a3e000000002702ea74,complete,endpoint_exhausted,0,0,0,shanghai,ssh_eip_shanghai,deep_shanghai,9341,21,complete,GK2026D1,,
2026-08-25T09:50:46,reply,6a24fd170000000035031caf,6a2629b6000000002a030e94,complete,endpoint_exhausted,0,0,0,shanghai,ssh_eip_shanghai,deep_shanghai,9341,21,complete,GK2026D1,,
2026-08-25T09:50:46,reply,6a24fd170000000035031caf,6a2629a9000000002900e0c5,complete,endpoint_exhausted,0,0,0,shanghai,ssh_eip_shanghai,deep_shanghai,9341,21,complete,GK2026D1,,
2026-08-25T09:50:46,reply,6a24fd170000000035031caf,6a262972000000000d022c04,complete,endpoint_exhausted,0,0,0,shanghai,ssh_eip_shanghai,deep_shanghai,9341,21,complete,GK2026D1,,
2026-08-25T09:50:46,reply,6a24fd170000000035031caf,6a26291a0000000029012c51,complete,endpoint_exhausted,0,0,0,shanghai,ssh_eip_shanghai,deep_shanghai,9341,21,complete,GK2026D1,,
2026-08-25T09:50:46,reply,6a24fd170000000035031caf,6a262893000000002702be46,complete,endpoint_exhausted,0,0,0,shanghai,ssh_eip_shanghai,deep_shanghai,9341,21,complete,GK2026D1,,
2026-08-25T09:50:46,reply,6a24fd170000000035031caf,6a262888000000002902f036,complete,endpoint_exhausted,0,0,0,shanghai,ssh_eip_shanghai,deep_shanghai,9341,21,complete,GK2026D1,,
2026-08-25T09:50:46,reply,6a24fd170000000035031caf,6a26269e000000002702a770,complete,endpoint_exhausted,0,0,0,shanghai,ssh_eip_shanghai,deep_shanghai,9341,21,complete,GK2026D1,,
2026-08-25T09:50:46,reply,6a24fd170000000035031caf,6a2622e50000000028037421,complete,endpoint_exhausted,0,0,0,shanghai,ssh_eip_shanghai,deep_shanghai,9341,21,complete,GK2026D1,,
2026-08-25T09:50:46,reply,6a24fd170000000035031caf,6a2621b4000000002b028ea7,complete,endpoint_exhausted,0,0,0,shanghai,ssh_eip_shanghai,deep_shanghai,9341,21,complete,GK2026D1,,
2026-08-25T09:50:46,reply,6a24fd170000000035031caf,6a26207700000000290117ab,complete,endpoint_exhausted,0,0,0,shanghai,ssh_eip_shanghai,deep_shanghai,9341,21,complete,GK2026D1,,
2026-08-25T09:51:03,reply,6a24fd170000000035031caf,6a261fa2000000002702f57a,complete,endpoint_exhausted,0,0,0,shanghai,ssh_eip_shanghai,deep_shanghai,9341,21,complete,GK2026D1,,
2026-08-25T09:51:03,reply,6a24fd170000000035031caf,6a261eb70000000029010db8,complete,endpoint_exhausted,0,0,0,shanghai,ssh_eip_shanghai,deep_shanghai,9341,21,complete,GK2026D1,,
2026-08-25T09:51:03,reply,6a24fd170000000035031caf,6a261e38000000002800a8e8,complete,endpoint_exhausted,0,0,0,shanghai,ssh_eip_shanghai,deep_shanghai,9341,21,complete,GK2026D1,,
2026-08-25T09:51:03,reply,6a24fd170000000035031caf,6a261e2c00000000290352e5,complete,endpoint_exhausted,0,0,0,shanghai,ssh_eip_shanghai,deep_shanghai,9341,21,complete,GK2026D1,,
2026-08-25T09:51:03,reply,6a24fd170000000035031caf,6a261ca30000000028035bef,complete,endpoint_exhausted,0,0,0,shanghai,ssh_eip_shanghai,deep_shanghai,9341,21,complete,GK2026D1,,
2026-08-25T09:51:03,reply,6a24fd170000000035031caf,6a261c380000000028034b2e,complete,endpoint_exhausted,0,0,0,shanghai,ssh_eip_shanghai,deep_shanghai,9341,21,complete,GK2026D1,,
2026-08-25T09:51:03,reply,6a24fd170000000035031caf,6a261b8d000000002a0331d3,complete,endpoint_exhausted,0,0,0,shanghai,ssh_eip_shanghai,deep_shanghai,9341,21,complete,GK2026D1,,
2026-08-25T09:51:03,reply,6a24fd170000000035031caf,6a261aab000000002b02b686,complete,endpoint_exhausted,0,0,0,shanghai,ssh_eip_shanghai,deep_shanghai,9341,21,complete,GK2026D1,,
2026-08-25T09:51:03,reply,6a24fd170000000035031caf,6a2619af00000000270154bd,complete,endpoint_exhausted,0,0,0,shanghai,ssh_eip_shanghai,deep_shanghai,9341,21,complete,GK2026D1,,
2026-08-25T09:51:03,reply,6a24fd170000000035031caf,6a261955000000002803cb53,complete,endpoint_exhausted,0,0,0,shanghai,ssh_eip_shanghai,deep_shanghai,9341,21,complete,GK2026D1,,
2026-08-25T09:51:19,reply,6a24fd170000000035031caf,6a2618e9000000002702e13f,complete,endpoint_exhausted,0,0,0,shanghai,ssh_eip_shanghai,deep_shanghai,9341,21,complete,GK2026D1,,
2026-08-25T09:51:19,reply,6a24fd170000000035031caf,6a2618bc000000002701d824,complete,endpoint_exhausted,0,0,0,shanghai,ssh_eip_shanghai,deep_shanghai,9341,21,complete,GK2026D1,,
2026-08-25T09:51:19,reply,6a24fd170000000035031caf,6a26185d000000002800b675,complete,endpoint_exhausted,0,0,0,shanghai,ssh_eip_shanghai,deep_shanghai,9341,21,complete,GK2026D1,,
2026-08-25T09:51:19,reply,6a24fd170000000035031caf,6a2617750000000028034a44,complete,endpoint_exhausted,0,0,0,shanghai,ssh_eip_shanghai,deep_shanghai,9341,21,complete,GK2026D1,,
2026-08-25T09:51:19,reply,6a24fd170000000035031caf,6a2617670000000027017a32,complete,endpoint_exhausted,0,0,0,shanghai,ssh_eip_shanghai,deep_shanghai,9341,21,complete,GK2026D1,,
2026-08-25T09:51:19,reply,6a24fd170000000035031caf,6a261658000000002b024a62,complete,endpoint_exhausted,0,0,0,shanghai,ssh_eip_shanghai,deep_shanghai,9341,21,complete,GK2026D1,,
2026-08-25T09:51:19,reply,6a24fd170000000035031caf,6a2613d20000000027017026,complete,endpoint_exhausted,0,0,0,shanghai,ssh_eip_shanghai,deep_shanghai,9341,21,complete,GK2026D1,,
2026-08-25T09:51:19,reply,6a24fd170000000035031caf,6a261359000000002a025837,complete,endpoint_exhausted,0,0,0,shanghai,ssh_eip_shanghai,deep_shanghai,9341,21,complete,GK2026D1,,
2026-08-25T09:51:19,reply,6a24fd170000000035031caf,6a2612910000000029026b06,complete,endpoint_exhausted,0,0,0,shanghai,ssh_eip_shanghai,deep_shanghai,9341,21,complete,GK2026D1,,
2026-08-25T09:51:19,reply,6a24fd170000000035031caf,6a261254000000002803b92d,complete,endpoint_exhausted,0,0,0,shanghai,ssh_eip_shanghai,deep_shanghai,9341,21,complete,GK2026D1,,
2026-08-25T09:51:36,reply,6a24fd170000000035031caf,6a26114200000000280365a4,complete,endpoint_exhausted,0,0,0,shanghai,ssh_eip_shanghai,deep_shanghai,9341,21,complete,GK2026D1,,
2026-08-25T09:51:36,reply,6a24fd170000000035031caf,6a260fac000000002803f595,complete,endpoint_exhausted,0,0,0,shanghai,ssh_eip_shanghai,deep_shanghai,9341,21,complete,GK2026D1,,
2026-08-25T09:51:36,reply,6a24fd170000000035031caf,6a260f73000000002702bb07,complete,endpoint_exhausted,0,0,0,shanghai,ssh_eip_shanghai,deep_shanghai,9341,21,complete,GK2026D1,,
2026-08-25T09:51:36,reply,6a24fd170000000035031caf,6a260f03000000002b0282ba,complete,endpoint_exhausted,0,0,0,shanghai,ssh_eip_shanghai,deep_shanghai,9341,21,complete,GK2026D1,,
2026-08-25T09:51:36,reply,6a24fd170000000035031caf,6a260dae0000000029019cee,complete,endpoint_exhausted,0,0,0,shanghai,ssh_eip_shanghai,deep_shanghai,9341,21,complete,GK2026D1,,
2026-08-25T09:51:36,reply,6a24fd170000000035031caf,6a260cd00000000027020103,complete,endpoint_exhausted,0,0,0,shanghai,ssh_eip_shanghai,deep_shanghai,9341,21,complete,GK2026D1,,
2026-08-25T09:51:36,reply,6a24fd170000000035031caf,6a260cb9000000002b001a59,complete,endpoint_exhausted,0,0,0,shanghai,ssh_eip_shanghai,deep_shanghai,9341,21,complete,GK2026D1,,
2026-08-25T09:51:36,reply,6a24fd170000000035031caf,6a260bb3000000002b00046f,complete,endpoint_exhausted,0,0,0,shanghai,ssh_eip_shanghai,deep_shanghai,9341,21,complete,GK2026D1,,
2026-08-25T09:51:36,reply,6a24fd170000000035031caf,6a260b91000000002a03065a,complete,endpoint_exhausted,0,0,0,shanghai,ssh_eip_shanghai,deep_shanghai,9341,21,complete,GK2026D1,,
2026-08-25T09:51:36,reply,6a24fd170000000035031caf,6a260b830000000027015b2c,complete,endpoint_exhausted,0,0,0,shanghai,ssh_eip_shanghai,deep_shanghai,9341,21,complete,GK2026D1,,
2026-08-25T09:51:52,reply,6a24fd170000000035031caf,6a260b10000000002702f81d,complete,endpoint_exhausted,0,0,0,shanghai,ssh_eip_shanghai,deep_shanghai,9341,21,complete,GK2026D1,,
2026-08-25T09:51:52,reply,6a24fd170000000035031caf,6a260af2000000002803900f,complete,endpoint_exhausted,0,0,0,shanghai,ssh_eip_shanghai,deep_shanghai,9341,21,complete,GK2026D1,,
2026-08-25T09:51:52,reply,6a24fd170000000035031caf,6a260a660000000027023d6b,complete,endpoint_exhausted,0,0,0,shanghai,ssh_eip_shanghai,deep_shanghai,9341,21,complete,GK2026D1,,
2026-08-25T09:51:52,reply,6a24fd170000000035031caf,6a2609c7000000002a006910,complete,endpoint_exhausted,0,0,0,shanghai,ssh_eip_shanghai,deep_shanghai,9341,21,complete,GK2026D1,,
2026-08-25T09:51:52,reply,6a24fd170000000035031caf,6a260812000000002b026bf2,complete,endpoint_exhausted,0,0,0,shanghai,ssh_eip_shanghai,deep_shanghai,9341,21,complete,GK2026D1,,
2026-08-25T09:51:52,reply,6a24fd170000000035031caf,6a2607e5000000002803d60d,complete,endpoint_exhausted,0,0,0,shanghai,ssh_eip_shanghai,deep_shanghai,9341,21,complete,GK2026D1,,
2026-08-25T09:51:52,reply,6a24fd170000000035031caf,6a2604b60000000028036a1d,complete,endpoint_exhausted,0,0,0,shanghai,ssh_eip_shanghai,deep_shanghai,9341,21,complete,GK2026D1,,
2026-08-25T09:51:52,reply,6a24fd170000000035031caf,6a260435000000002803c527,complete,endpoint_exhausted,0,0,0,shanghai,ssh_eip_shanghai,deep_shanghai,9341,21,complete,GK2026D1,,
2026-08-25T09:51:52,reply,6a24fd170000000035031caf,6a25f8a70000000029012fd8,complete,endpoint_exhausted,0,0,0,shanghai,ssh_eip_shanghai,deep_shanghai,9341,21,complete,GK2026D1,,
2026-08-25T09:51:52,reply,6a24fd170000000035031caf,6a25f6c3000000002b027977,complete,endpoint_exhausted,0,0,0,shanghai,ssh_eip_shanghai,deep_shanghai,9341,21,complete,GK2026D1,,
2026-08-25T09:52:09,reply,6a24fd170000000035031caf,6a25ec53000000002702be87,complete,endpoint_exhausted,0,0,0,shanghai,ssh_eip_shanghai,deep_shanghai,9341,21,complete,GK2026D1,,
2026-08-25T09:52:09,reply,6a24fd170000000035031caf,6a25e5e4000000002a02c347,complete,endpoint_exhausted,0,0,0,shanghai,ssh_eip_shanghai,deep_shanghai,9341,21,complete,GK2026D1,,
2026-08-25T09:52:09,reply,6a24fd170000000035031caf,6a25d501000000000d021800,complete,endpoint_exhausted,0,0,0,shanghai,ssh_eip_shanghai,deep_shanghai,9341,21,complete,GK2026D1,,
2026-08-25T09:52:09,reply,6a24fd170000000035031caf,6a25c50e000000002702a107,complete,endpoint_exhausted,0,0,0,shanghai,ssh_eip_shanghai,deep_shanghai,9341,21,complete,GK2026D1,,
2026-08-25T09:52:09,reply,6a24fd170000000035031caf,6a25ba1a000000002900d6f2,complete,endpoint_exhausted,0,0,0,shanghai,ssh_eip_shanghai,deep_shanghai,9341,21,complete,GK2026D1,,
2026-08-25T09:52:09,reply,6a24fd170000000035031caf,6a25b78400000000280092aa,complete,endpoint_exhausted,0,0,0,shanghai,ssh_eip_shanghai,deep_shanghai,9341,21,complete,GK2026D1,,
2026-08-25T09:52:09,reply,6a24fd170000000035031caf,6a25ae81000000002800896c,complete,endpoint_exhausted,0,0,0,shanghai,ssh_eip_shanghai,deep_shanghai,9341,21,complete,GK2026D1,,
2026-08-25T09:52:09,reply,6a24fd170000000035031caf,6a25a89b000000002b029e7b,complete,endpoint_exhausted,0,0,0,shanghai,ssh_eip_shanghai,deep_shanghai,9341,21,complete,GK2026D1,,
2026-08-25T09:52:09,reply,6a24fd170000000035031caf,6a25a2b90000000029024f21,complete,endpoint_exhausted,0,0,0,shanghai,ssh_eip_shanghai,deep_shanghai,9341,21,complete,GK2026D1,,
2026-08-25T09:52:09,reply,6a24fd170000000035031caf,6a25a237000000002702d7f0,complete,endpoint_exhausted,0,0,0,shanghai,ssh_eip_shanghai,deep_shanghai,9341,21,complete,GK2026D1,,
2026-08-25T09:52:25,reply,6a24fd170000000035031caf,6a25a1510000000027029220,complete,endpoint_exhausted,0,0,0,shanghai,ssh_eip_shanghai,deep_shanghai,9341,21,complete,GK2026D1,,
2026-08-25T09:52:25,reply,6a24fd170000000035031caf,6a25a0d40000000028008477,complete,endpoint_exhausted,0,0,0,shanghai,ssh_eip_shanghai,deep_shanghai,9341,21,complete,GK2026D1,,
2026-08-25T09:52:25,reply,6a24fd170000000035031caf,6a25a0d2000000002702eeed,complete,endpoint_exhausted,0,0,0,shanghai,ssh_eip_shanghai,deep_shanghai,9341,21,complete,GK2026D1,,
2026-08-25T09:52:25,reply,6a24fd170000000035031caf,6a25a0b7000000002b02892c,complete,endpoint_exhausted,0,0,0,shanghai,ssh_eip_shanghai,deep_shanghai,9341,21,complete,GK2026D1,,
2026-08-25T09:52:25,reply,6a24fd170000000035031caf,6a259e4d0000000027016b85,complete,endpoint_exhausted,0,0,0,shanghai,ssh_eip_shanghai,deep_shanghai,9341,21,complete,GK2026D1,,
2026-08-25T09:52:25,reply,6a24fd170000000035031caf,6a259992000000002902d340,complete,endpoint_exhausted,0,0,0,shanghai,ssh_eip_shanghai,deep_shanghai,9341,21,complete,GK2026D1,,
2026-08-25T09:52:25,reply,6a24fd170000000035031caf,6a25989e000000002702adce,complete,endpoint_exhausted,0,0,0,shanghai,ssh_eip_shanghai,deep_shanghai,9341,21,complete,GK2026D1,,
2026-08-25T09:52:25,reply,6a24fd170000000035031caf,6a25983e000000002b02a933,complete,endpoint_exhausted,0,0,0,shanghai,ssh_eip_shanghai,deep_shanghai,9341,21,complete,GK2026D1,,
2026-08-25T09:52:25,reply,6a24fd170000000035031caf,6a25967200000000280310b3,complete,endpoint_exhausted,0,0,0,shanghai,ssh_eip_shanghai,deep_shanghai,9341,21,complete,GK2026D1,,
2026-08-25T09:52:25,reply,6a24fd170000000035031caf,6a2595ee000000002702dea3,complete,endpoint_exhausted,0,0,0,shanghai,ssh_eip_shanghai,deep_shanghai,9341,21,complete,GK2026D1,,
2026-08-25T09:52:42,reply,6a24fd170000000035031caf,6a259598000000002900c428,complete,endpoint_exhausted,0,0,0,shanghai,ssh_eip_shanghai,deep_shanghai,9341,21,complete,GK2026D1,,
2026-08-25T09:52:42,reply,6a24fd170000000035031caf,6a2594fe0000000029026125,complete,endpoint_exhausted,0,0,0,shanghai,ssh_eip_shanghai,deep_shanghai,9341,21,complete,GK2026D1,,
2026-08-25T09:52:42,reply,6a24fd170000000035031caf,6a259115000000002b02b826,complete,endpoint_exhausted,0,0,0,shanghai,ssh_eip_shanghai,deep_shanghai,9341,21,complete,GK2026D1,,
2026-08-25T09:52:42,reply,6a24fd170000000035031caf,6a258f7d0000000029010560,complete,endpoint_exhausted,0,0,0,shanghai,ssh_eip_shanghai,deep_shanghai,9341,21,complete,GK2026D1,,
2026-08-25T09:52:42,reply,6a24fd170000000035031caf,6a258f64000000002803bdd0,complete,endpoint_exhausted,0,0,0,shanghai,ssh_eip_shanghai,deep_shanghai,9341,21,complete,GK2026D1,,
2026-08-25T09:52:42,reply,6a24fd170000000035031caf,6a258f4a000000002803f560,complete,endpoint_exhausted,0,0,0,shanghai,ssh_eip_shanghai,deep_shanghai,9341,21,complete,GK2026D1,,
2026-08-25T09:52:42,reply,6a24fd170000000035031caf,6a258f2c000000002a031dbc,complete,endpoint_exhausted,0,0,0,shanghai,ssh_eip_shanghai,deep_shanghai,9341,21,complete,GK2026D1,,
2026-08-25T09:52:42,reply,6a24fd170000000035031caf,6a258dda0000000028034d4b,complete,endpoint_exhausted,0,0,0,shanghai,ssh_eip_shanghai,deep_shanghai,9341,21,complete,GK2026D1,,
2026-08-25T09:52:42,reply,6a24fd170000000035031caf,6a258b2b0000000029011e3a,complete,endpoint_exhausted,0,0,0,shanghai,ssh_eip_shanghai,deep_shanghai,9341,21,complete,GK2026D1,,
2026-08-25T09:52:42,reply,6a24fd170000000035031caf,6a2588e700000000280082ab,complete,endpoint_exhausted,0,0,0,shanghai,ssh_eip_shanghai,deep_shanghai,9341,21,complete,GK2026D1,,
2026-08-25T09:52:58,reply,6a24fd170000000035031caf,6a258700000000002902ccf8,complete,endpoint_exhausted,0,0,0,shanghai,ssh_eip_shanghai,deep_shanghai,9341,21,complete,GK2026D1,,
2026-08-25T09:52:58,reply,6a24fd170000000035031caf,6a25852f0000000029010314,complete,endpoint_exhausted,0,0,0,shanghai,ssh_eip_shanghai,deep_shanghai,9341,21,complete,GK2026D1,,
2026-08-25T09:52:58,reply,6a24fd170000000035031caf,6a2584e8000000002803fab6,complete,endpoint_exhausted,0,0,0,shanghai,ssh_eip_shanghai,deep_shanghai,9341,21,complete,GK2026D1,,
2026-08-25T09:52:58,reply,6a24fd170000000035031caf,6a2584270000000028034ea2,complete,endpoint_exhausted,0,0,0,shanghai,ssh_eip_shanghai,deep_shanghai,9341,21,complete,GK2026D1,,
2026-08-25T09:52:58,reply,6a24fd170000000035031caf,6a2581f1000000002803c82d,complete,endpoint_exhausted,0,0,0,shanghai,ssh_eip_shanghai,deep_shanghai,9341,21,complete,GK2026D1,,
2026-08-25T09:52:58,reply,6a24fd170000000035031caf,6a2581b6000000002702acc9,complete,endpoint_exhausted,0,0,0,shanghai,ssh_eip_shanghai,deep_shanghai,9341,21,complete,GK2026D1,,
2026-08-25T09:52:58,reply,6a24fd170000000035031caf,6a2581390000000027028d9e,complete,endpoint_exhausted,0,0,0,shanghai,ssh_eip_shanghai,deep_shanghai,9341,21,complete,GK2026D1,,
2026-08-25T09:52:58,reply,6a24fd170000000035031caf,6a257f7300000000280358cb,complete,endpoint_exhausted,0,0,0,shanghai,ssh_eip_shanghai,deep_shanghai,9341,21,complete,GK2026D1,,
2026-08-25T09:52:58,reply,6a24fd170000000035031caf,6a257d55000000002702dae6,complete,endpoint_exhausted,0,0,0,shanghai,ssh_eip_shanghai,deep_shanghai,9341,21,complete,GK2026D1,,
2026-08-25T09:52:58,reply,6a24fd170000000035031caf,6a257cfb000000002701c611,complete,endpoint_exhausted,0,0,0,shanghai,ssh_eip_shanghai,deep_shanghai,9341,21,complete,GK2026D1,,
2026-08-25T09:53:15,reply,6a24fd170000000035031caf,6a257cd7000000002a005c62,complete,endpoint_exhausted,0,0,0,shanghai,ssh_eip_shanghai,deep_shanghai,9341,21,complete,GK2026D1,,
2026-08-25T09:53:15,reply,6a24fd170000000035031caf,6a257bf0000000002a0310ae,complete,endpoint_exhausted,0,0,0,shanghai,ssh_eip_shanghai,deep_shanghai,9341,21,complete,GK2026D1,,
2026-08-25T09:53:15,reply,6a24fd170000000035031caf,6a2579c900000000280311db,complete,endpoint_exhausted,0,0,0,shanghai,ssh_eip_shanghai,deep_shanghai,9341,21,complete,GK2026D1,,
2026-08-25T09:53:15,reply,6a24fd170000000035031caf,6a2579b8000000002701fc32,complete,endpoint_exhausted,0,0,0,shanghai,ssh_eip_shanghai,deep_shanghai,9341,21,complete,GK2026D1,,
2026-08-25T09:53:15,reply,6a24fd170000000035031caf,6a25791d000000002901bfc6,complete,endpoint_exhausted,0,0,0,shanghai,ssh_eip_shanghai,deep_shanghai,9341,21,complete,GK2026D1,,
2026-08-25T09:53:15,reply,6a24fd170000000035031caf,6a25787a0000000028039401,complete,endpoint_exhausted,0,0,0,shanghai,ssh_eip_shanghai,deep_shanghai,9341,21,complete,GK2026D1,,
2026-08-25T09:53:15,reply,6a24fd170000000035031caf,6a25774800000000270220d6,complete,endpoint_exhausted,0,0,0,shanghai,ssh_eip_shanghai,deep_shanghai,9341,21,complete,GK2026D1,,
2026-08-25T09:53:15,reply,6a24fd170000000035031caf,6a2576a4000000002803f957,complete,endpoint_exhausted,0,0,0,shanghai,ssh_eip_shanghai,deep_shanghai,9341,21,complete,GK2026D1,,
2026-08-25T09:53:15,reply,6a24fd170000000035031caf,6a257530000000002b02a73a,complete,endpoint_exhausted,0,0,0,shanghai,ssh_eip_shanghai,deep_shanghai,9341,21,complete,GK2026D1,,
2026-08-25T09:53:15,reply,6a24fd170000000035031caf,6a2574d20000000027020906,complete,endpoint_exhausted,0,0,0,shanghai,ssh_eip_shanghai,deep_shanghai,9341,21,complete,GK2026D1,,
2026-08-25T09:53:31,reply,6a24fd170000000035031caf,6a2573b4000000002701c614,complete,endpoint_exhausted,0,0,0,shanghai,ssh_eip_shanghai,deep_shanghai,9341,21,complete,GK2026D1,,
2026-08-25T09:53:31,reply,6a24fd170000000035031caf,6a2573a5000000002900ccde,complete,endpoint_exhausted,0,0,0,shanghai,ssh_eip_shanghai,deep_shanghai,9341,21,complete,GK2026D1,,
2026-08-25T09:53:31,reply,6a24fd170000000035031caf,6a2573910000000028030e68,complete,endpoint_exhausted,0,0,0,shanghai,ssh_eip_shanghai,deep_shanghai,9341,21,complete,GK2026D1,,
2026-08-25T09:53:31,reply,6a24fd170000000035031caf,6a2572a90000000028038a6c,complete,endpoint_exhausted,0,0,0,shanghai,ssh_eip_shanghai,deep_shanghai,9341,21,complete,GK2026D1,,
2026-08-25T09:53:31,reply,6a24fd170000000035031caf,6a2572a5000000002b02725a,complete,endpoint_exhausted,0,0,0,shanghai,ssh_eip_shanghai,deep_shanghai,9341,21,complete,GK2026D1,,
2026-08-25T09:53:31,reply,6a24fd170000000035031caf,6a25706e000000002701f215,complete,endpoint_exhausted,0,0,0,shanghai,ssh_eip_shanghai,deep_shanghai,9341,21,complete,GK2026D1,,
2026-08-25T09:53:31,reply,6a24fd170000000035031caf,6a2570050000000029018dec,complete,endpoint_exhausted,0,0,0,shanghai,ssh_eip_shanghai,deep_shanghai,9341,21,complete,GK2026D1,,
2026-08-25T09:53:31,reply,6a24fd170000000035031caf,6a256fd70000000027015630,complete,endpoint_exhausted,0,0,0,shanghai,ssh_eip_shanghai,deep_shanghai,9341,21,complete,GK2026D1,,
2026-08-25T09:53:31,reply,6a24fd170000000035031caf,6a256e380000000027021db9,complete,endpoint_exhausted,0,0,0,shanghai,ssh_eip_shanghai,deep_shanghai,9341,21,complete,GK2026D1,,
2026-08-25T09:53:31,reply,6a24fd170000000035031caf,6a256db30000000028031273,complete,endpoint_exhausted,0,0,0,shanghai,ssh_eip_shanghai,deep_shanghai,9341,21,complete,GK2026D1,,
2026-08-25T09:53:48,reply,6a24fd170000000035031caf,6a256d350000000028039d71,complete,endpoint_exhausted,0,0,0,shanghai,ssh_eip_shanghai,deep_shanghai,9341,21,complete,GK2026D1,,
2026-08-25T09:53:48,reply,6a24fd170000000035031caf,6a256d2a000000002702e22f,complete,endpoint_exhausted,0,0,0,shanghai,ssh_eip_shanghai,deep_shanghai,9341,21,complete,GK2026D1,,
2026-08-25T09:53:48,reply,6a24fd170000000035031caf,6a256cbf000000002a02d701,complete,endpoint_exhausted,0,0,0,shanghai,ssh_eip_shanghai,deep_shanghai,9341,21,complete,GK2026D1,,
2026-08-25T09:53:48,reply,6a24fd170000000035031caf,6a256c77000000002803edff,complete,endpoint_exhausted,0,0,0,shanghai,ssh_eip_shanghai,deep_shanghai,9341,21,complete,GK2026D1,,
2026-08-25T09:53:48,reply,6a24fd170000000035031caf,6a256bd90000000029035dfe,complete,endpoint_exhausted,0,0,0,shanghai,ssh_eip_shanghai,deep_shanghai,9341,21,complete,GK2026D1,,
2026-08-25T09:53:48,reply,6a24fd170000000035031caf,6a256aff00000000280353ea,complete,endpoint_exhausted,0,0,0,shanghai,ssh_eip_shanghai,deep_shanghai,9341,21,complete,GK2026D1,,
2026-08-25T09:53:48,reply,6a24fd170000000035031caf,6a256a9300000000280302a7,complete,endpoint_exhausted,0,0,0,shanghai,ssh_eip_shanghai,deep_shanghai,9341,21,complete,GK2026D1,,
2026-08-25T09:53:48,reply,6a24fd170000000035031caf,6a256a8c000000002702349f,complete,endpoint_exhausted,0,0,0,shanghai,ssh_eip_shanghai,deep_shanghai,9341,21,complete,GK2026D1,,
2026-08-25T09:53:48,reply,6a24fd170000000035031caf,6a256906000000002701f840,complete,endpoint_exhausted,0,0,0,shanghai,ssh_eip_shanghai,deep_shanghai,9341,21,complete,GK2026D1,,
2026-08-25T09:53:48,reply,6a24fd170000000035031caf,6a2568640000000029036d50,complete,endpoint_exhausted,0,0,0,shanghai,ssh_eip_shanghai,deep_shanghai,9341,21,complete,GK2026D1,,
2026-08-25T09:54:04,reply,6a24fd170000000035031caf,6a2568330000000029010189,complete,endpoint_exhausted,0,0,0,shanghai,ssh_eip_shanghai,deep_shanghai,9341,21,complete,GK2026D1,,
2026-08-25T09:54:04,reply,6a24fd170000000035031caf,6a2567ac0000000027017544,complete,endpoint_exhausted,0,0,0,shanghai,ssh_eip_shanghai,deep_shanghai,9341,21,complete,GK2026D1,,
2026-08-25T09:54:04,reply,6a24fd170000000035031caf,6a25678e0000000029034115,complete,endpoint_exhausted,0,0,0,shanghai,ssh_eip_shanghai,deep_shanghai,9341,21,complete,GK2026D1,,
2026-08-25T09:54:04,reply,6a24fd170000000035031caf,6a25671b0000000027029c4a,complete,endpoint_exhausted,0,0,0,shanghai,ssh_eip_shanghai,deep_shanghai,9341,21,complete,GK2026D1,,
2026-08-25T09:54:04,reply,6a24fd170000000035031caf,6a256604000000002b02ba7d,complete,endpoint_exhausted,0,0,0,shanghai,ssh_eip_shanghai,deep_shanghai,9341,21,complete,GK2026D1,,
2026-08-25T09:54:04,reply,6a24fd170000000035031caf,6a2565bd0000000029024ac5,complete,endpoint_exhausted,0,0,0,shanghai,ssh_eip_shanghai,deep_shanghai,9341,21,complete,GK2026D1,,
2026-08-25T09:54:04,reply,6a24fd170000000035031caf,6a2564bc000000002803ffb2,complete,endpoint_exhausted,0,0,0,shanghai,ssh_eip_shanghai,deep_shanghai,9341,21,complete,GK2026D1,,
2026-08-25T09:54:04,reply,6a24fd170000000035031caf,6a2564a90000000029019ae1,complete,endpoint_exhausted,0,0,0,shanghai,ssh_eip_shanghai,deep_shanghai,9341,21,complete,GK2026D1,,
2026-08-25T09:54:04,reply,6a24fd170000000035031caf,6a2563c9000000002902c32d,complete,endpoint_exhausted,0,0,0,shanghai,ssh_eip_shanghai,deep_shanghai,9341,21,complete,GK2026D1,,
2026-08-25T09:54:04,reply,6a24fd170000000035031caf,6a25623d000000002b001b96,complete,endpoint_exhausted,0,0,0,shanghai,ssh_eip_shanghai,deep_shanghai,9341,21,complete,GK2026D1,,
2026-08-25T09:54:21,reply,6a24fd170000000035031caf,6a25619b0000000028030a9b,complete,endpoint_exhausted,0,0,0,shanghai,ssh_eip_shanghai,deep_shanghai,9341,21,complete,GK2026D1,,
2026-08-25T09:54:21,reply,6a24fd170000000035031caf,6a25616b0000000028033e5b,complete,endpoint_exhausted,0,0,0,shanghai,ssh_eip_shanghai,deep_shanghai,9341,21,complete,GK2026D1,,
2026-08-25T09:54:21,reply,6a24fd170000000035031caf,6a256141000000002800ac52,complete,endpoint_exhausted,0,0,0,shanghai,ssh_eip_shanghai,deep_shanghai,9341,21,complete,GK2026D1,,
2026-08-25T09:54:21,reply,6a24fd170000000035031caf,6a2560fb000000002902fa57,complete,endpoint_exhausted,0,0,0,shanghai,ssh_eip_shanghai,deep_shanghai,9341,21,complete,GK2026D1,,
2026-08-25T09:54:21,reply,6a24fd170000000035031caf,6a255fb9000000002702b36b,complete,endpoint_exhausted,0,0,0,shanghai,ssh_eip_shanghai,deep_shanghai,9341,21,complete,GK2026D1,,
2026-08-25T09:54:21,reply,6a24fd170000000035031caf,6a255f11000000002803ac01,complete,endpoint_exhausted,0,0,0,shanghai,ssh_eip_shanghai,deep_shanghai,9341,21,complete,GK2026D1,,
2026-08-25T09:54:21,reply,6a24fd170000000035031caf,6a255eed000000002702f6f1,complete,endpoint_exhausted,0,0,0,shanghai,ssh_eip_shanghai,deep_shanghai,9341,21,complete,GK2026D1,,
2026-08-25T09:54:21,reply,6a24fd170000000035031caf,6a255ee700000000270201fe,complete,endpoint_exhausted,0,0,0,shanghai,ssh_eip_shanghai,deep_shanghai,9341,21,complete,GK2026D1,,
2026-08-25T09:54:21,reply,6a24fd170000000035031caf,6a255e16000000002b028e77,complete,endpoint_exhausted,0,0,0,shanghai,ssh_eip_shanghai,deep_shanghai,9341,21,complete,GK2026D1,,
2026-08-25T09:54:21,reply,6a24fd170000000035031caf,6a255def00000000280358e8,complete,endpoint_exhausted,0,0,0,shanghai,ssh_eip_shanghai,deep_shanghai,9341,21,complete,GK2026D1,,
2026-08-25T09:54:37,reply,6a24fd170000000035031caf,6a255d8b0000000028008cf3,complete,endpoint_exhausted,0,0,0,shanghai,ssh_eip_shanghai,deep_shanghai,9341,21,complete,GK2026D1,,
2026-08-25T09:54:37,reply,6a24fd170000000035031caf,6a255d740000000027015621,complete,endpoint_exhausted,0,0,0,shanghai,ssh_eip_shanghai,deep_shanghai,9341,21,complete,GK2026D1,,
2026-08-25T09:54:37,reply,6a24fd170000000035031caf,6a255d5f000000002702ccd1,complete,endpoint_exhausted,0,0,0,shanghai,ssh_eip_shanghai,deep_shanghai,9341,21,complete,GK2026D1,,
2026-08-25T09:54:37,reply,6a24fd170000000035031caf,6a255cf7000000002701776b,complete,endpoint_exhausted,0,0,0,shanghai,ssh_eip_shanghai,deep_shanghai,9341,21,complete,GK2026D1,,
2026-08-25T09:54:37,reply,6a24fd170000000035031caf,6a255ce00000000028031e82,complete,endpoint_exhausted,0,0,0,shanghai,ssh_eip_shanghai,deep_shanghai,9341,21,complete,GK2026D1,,
2026-08-25T09:54:37,reply,6a24fd170000000035031caf,6a255c9400000000280383fb,complete,endpoint_exhausted,0,0,0,shanghai,ssh_eip_shanghai,deep_shanghai,9341,21,complete,GK2026D1,,
2026-08-25T09:54:37,reply,6a24fd170000000035031caf,6a255b6d000000002a02cc83,complete,endpoint_exhausted,0,0,0,shanghai,ssh_eip_shanghai,deep_shanghai,9341,21,complete,GK2026D1,,
2026-08-25T09:54:37,reply,6a24fd170000000035031caf,6a255ae60000000027020124,complete,endpoint_exhausted,0,0,0,shanghai,ssh_eip_shanghai,deep_shanghai,9341,21,complete,GK2026D1,,
2026-08-25T09:54:37,reply,6a24fd170000000035031caf,6a255aba000000002800a14e,complete,endpoint_exhausted,0,0,0,shanghai,ssh_eip_shanghai,deep_shanghai,9341,21,complete,GK2026D1,,
2026-08-25T09:54:37,reply,6a24fd170000000035031caf,6a255a530000000029013050,complete,endpoint_exhausted,0,0,0,shanghai,ssh_eip_shanghai,deep_shanghai,9341,21,complete,GK2026D1,,
2026-08-25T09:54:54,reply,6a24fd170000000035031caf,6a255939000000002702d238,complete,endpoint_exhausted,0,0,0,shanghai,ssh_eip_shanghai,deep_shanghai,9341,21,complete,GK2026D1,,
2026-08-25T09:54:54,reply,6a24fd170000000035031caf,6a25589e000000002902fc74,complete,endpoint_exhausted,0,0,0,shanghai,ssh_eip_shanghai,deep_shanghai,9341,21,complete,GK2026D1,,
2026-08-25T09:54:54,reply,6a24fd170000000035031caf,6a2558660000000027028f34,complete,endpoint_exhausted,0,0,0,shanghai,ssh_eip_shanghai,deep_shanghai,9341,21,complete,GK2026D1,,
2026-08-25T09:54:54,reply,6a24fd170000000035031caf,6a25583c000000002701c99d,complete,endpoint_exhausted,0,0,0,shanghai,ssh_eip_shanghai,deep_shanghai,9341,21,complete,GK2026D1,,
2026-08-25T09:54:54,reply,6a24fd170000000035031caf,6a255771000000000d022c00,complete,endpoint_exhausted,0,0,0,shanghai,ssh_eip_shanghai,deep_shanghai,9341,21,complete,GK2026D1,,
2026-08-25T09:54:54,reply,6a24fd170000000035031caf,6a25575c000000000d023c00,complete,endpoint_exhausted,0,0,0,shanghai,ssh_eip_shanghai,deep_shanghai,9341,21,complete,GK2026D1,,
2026-08-25T09:54:54,reply,6a24fd170000000035031caf,6a2555e70000000028032bd4,complete,endpoint_exhausted,0,0,0,shanghai,ssh_eip_shanghai,deep_shanghai,9341,21,complete,GK2026D1,,
2026-08-25T09:54:54,reply,6a24fd170000000035031caf,6a2555bb000000002701f316,complete,endpoint_exhausted,0,0,0,shanghai,ssh_eip_shanghai,deep_shanghai,9341,21,complete,GK2026D1,,
2026-08-25T09:54:54,reply,6a24fd170000000035031caf,6a25557d0000000029025cd3,complete,endpoint_exhausted,0,0,0,shanghai,ssh_eip_shanghai,deep_shanghai,9341,21,complete,GK2026D1,,
2026-08-25T09:54:54,reply,6a24fd170000000035031caf,6a255547000000002900f937,complete,endpoint_exhausted,0,0,0,shanghai,ssh_eip_shanghai,deep_shanghai,9341,21,complete,GK2026D1,,
2026-08-25T09:55:11,reply,6a24fd170000000035031caf,6a255546000000002803fa15,complete,endpoint_exhausted,0,0,0,shanghai,ssh_eip_shanghai,deep_shanghai,9341,21,complete,GK2026D1,,
2026-08-25T09:55:11,reply,6a24fd170000000035031caf,6a2555080000000027028166,complete,endpoint_exhausted,0,0,0,shanghai,ssh_eip_shanghai,deep_shanghai,9341,21,complete,GK2026D1,,
2026-08-25T09:55:11,reply,6a24fd170000000035031caf,6a2554fc00000000290342a4,complete,endpoint_exhausted,0,0,0,shanghai,ssh_eip_shanghai,deep_shanghai,9341,21,complete,GK2026D1,,
2026-08-25T09:55:11,reply,6a24fd170000000035031caf,6a2554d30000000029010ef4,complete,endpoint_exhausted,0,0,0,shanghai,ssh_eip_shanghai,deep_shanghai,9341,21,complete,GK2026D1,,
2026-08-25T09:55:11,reply,6a24fd170000000035031caf,6a2554840000000028009bee,complete,endpoint_exhausted,0,0,0,shanghai,ssh_eip_shanghai,deep_shanghai,9341,21,complete,GK2026D1,,
2026-08-25T09:55:11,reply,6a24fd170000000035031caf,6a255253000000002803690a,complete,endpoint_exhausted,0,0,0,shanghai,ssh_eip_shanghai,deep_shanghai,9341,21,complete,GK2026D1,,
2026-08-25T09:55:11,reply,6a24fd170000000035031caf,6a2551d30000000028034731,complete,endpoint_exhausted,0,0,0,shanghai,ssh_eip_shanghai,deep_shanghai,9341,21,complete,GK2026D1,,
2026-08-25T09:55:11,reply,6a24fd170000000035031caf,6a2551b6000000002800a31e,complete,endpoint_exhausted,0,0,0,shanghai,ssh_eip_shanghai,deep_shanghai,9341,21,complete,GK2026D1,,
2026-08-25T09:55:11,reply,6a24fd170000000035031caf,6a25518800000000280319ad,complete,endpoint_exhausted,0,0,0,shanghai,ssh_eip_shanghai,deep_shanghai,9341,21,complete,GK2026D1,,
2026-08-25T09:55:11,reply,6a24fd170000000035031caf,6a2551580000000028008d3c,complete,endpoint_exhausted,0,0,0,shanghai,ssh_eip_shanghai,deep_shanghai,9341,21,complete,GK2026D1,,
2026-08-25T09:55:27,reply,6a24fd170000000035031caf,6a255145000000002a0333f1,complete,endpoint_exhausted,0,0,0,shanghai,ssh_eip_shanghai,deep_shanghai,9341,21,complete,GK2026D1,,
2026-08-25T09:55:27,reply,6a24fd170000000035031caf,6a2550e2000000002b0295b5,complete,endpoint_exhausted,0,0,0,shanghai,ssh_eip_shanghai,deep_shanghai,9341,21,complete,GK2026D1,,
2026-08-25T09:55:27,reply,6a24fd170000000035031caf,6a2550d8000000002900e304,complete,endpoint_exhausted,0,0,0,shanghai,ssh_eip_shanghai,deep_shanghai,9341,21,complete,GK2026D1,,
2026-08-25T09:55:27,reply,6a24fd170000000035031caf,6a254f9e000000002701c289,complete,endpoint_exhausted,0,0,0,shanghai,ssh_eip_shanghai,deep_shanghai,9341,21,complete,GK2026D1,,
2026-08-25T09:55:27,reply,6a24fd170000000035031caf,6a254f29000000002803092a,complete,endpoint_exhausted,0,0,0,shanghai,ssh_eip_shanghai,deep_shanghai,9341,21,complete,GK2026D1,,
2026-08-25T09:55:27,reply,6a24fd170000000035031caf,6a254eff0000000028035184,complete,endpoint_exhausted,0,0,0,shanghai,ssh_eip_shanghai,deep_shanghai,9341,21,complete,GK2026D1,,
2026-08-25T09:55:27,reply,6a24fd170000000035031caf,6a254ecf000000002902e3b4,complete,endpoint_exhausted,0,0,0,shanghai,ssh_eip_shanghai,deep_shanghai,9341,21,complete,GK2026D1,,
2026-08-25T09:55:27,reply,6a24fd170000000035031caf,6a254e7a000000002702cf87,complete,endpoint_exhausted,0,0,0,shanghai,ssh_eip_shanghai,deep_shanghai,9341,21,complete,GK2026D1,,
2026-08-25T09:55:27,reply,6a24fd170000000035031caf,6a254e27000000002a00672e,complete,endpoint_exhausted,0,0,0,shanghai,ssh_eip_shanghai,deep_shanghai,9341,21,complete,GK2026D1,,
2026-08-25T09:55:27,reply,6a24fd170000000035031caf,6a254cde0000000027014ae7,complete,endpoint_exhausted,0,0,0,shanghai,ssh_eip_shanghai,deep_shanghai,9341,21,complete,GK2026D1,,
2026-08-25T09:55:44,reply,6a24fd170000000035031caf,6a254ab2000000002900e737,complete,endpoint_exhausted,0,0,0,shanghai,ssh_eip_shanghai,deep_shanghai,9341,21,complete,GK2026D1,,
2026-08-25T09:55:44,reply,6a24fd170000000035031caf,6a254a9300000000280373f6,complete,endpoint_exhausted,0,0,0,shanghai,ssh_eip_shanghai,deep_shanghai,9341,21,complete,GK2026D1,,
2026-08-25T09:55:44,reply,6a24fd170000000035031caf,6a254a71000000002800a88a,complete,endpoint_exhausted,0,0,0,shanghai,ssh_eip_shanghai,deep_shanghai,9341,21,complete,GK2026D1,,
2026-08-25T09:55:44,reply,6a24fd170000000035031caf,6a254a4a000000002701671b,complete,endpoint_exhausted,0,0,0,shanghai,ssh_eip_shanghai,deep_shanghai,9341,21,complete,GK2026D1,,
2026-08-25T09:55:44,reply,6a24fd170000000035031caf,6a254a470000000027021184,complete,endpoint_exhausted,0,0,0,shanghai,ssh_eip_shanghai,deep_shanghai,9341,21,complete,GK2026D1,,
2026-08-25T09:55:44,reply,6a24fd170000000035031caf,6a254a26000000002b003226,complete,endpoint_exhausted,0,0,0,shanghai,ssh_eip_shanghai,deep_shanghai,9341,21,complete,GK2026D1,,
2026-08-25T09:55:44,reply,6a24fd170000000035031caf,6a2547ee000000002803a96a,complete,endpoint_exhausted,0,0,0,shanghai,ssh_eip_shanghai,deep_shanghai,9341,21,complete,GK2026D1,,
2026-08-25T09:55:44,reply,6a24fd170000000035031caf,6a2546b60000000027023793,complete,endpoint_exhausted,0,0,0,shanghai,ssh_eip_shanghai,deep_shanghai,9341,21,complete,GK2026D1,,
2026-08-25T09:55:44,reply,6a24fd170000000035031caf,6a254630000000002803d131,complete,endpoint_exhausted,0,0,0,shanghai,ssh_eip_shanghai,deep_shanghai,9341,21,complete,GK2026D1,,
2026-08-25T09:55:44,reply,6a24fd170000000035031caf,6a2545b0000000002a00664d,complete,endpoint_exhausted,0,0,0,shanghai,ssh_eip_shanghai,deep_shanghai,9341,21,complete,GK2026D1,,
2026-08-25T09:56:01,reply,6a24fd170000000035031caf,6a25458000000000280394c2,complete,endpoint_exhausted,0,0,0,shanghai,ssh_eip_shanghai,deep_shanghai,9341,21,complete,GK2026D1,,
2026-08-25T09:56:01,reply,6a24fd170000000035031caf,6a2544e7000000002803ae84,complete,endpoint_exhausted,0,0,0,shanghai,ssh_eip_shanghai,deep_shanghai,9341,21,complete,GK2026D1,,
2026-08-25T09:56:01,reply,6a24fd170000000035031caf,6a2544ae000000002701e657,complete,endpoint_exhausted,0,0,0,shanghai,ssh_eip_shanghai,deep_shanghai,9341,21,complete,GK2026D1,,
2026-08-25T09:56:01,reply,6a24fd170000000035031caf,6a2543aa0000000028039b45,complete,endpoint_exhausted,0,0,0,shanghai,ssh_eip_shanghai,deep_shanghai,9341,21,complete,GK2026D1,,
2026-08-25T09:56:01,reply,6a24fd170000000035031caf,6a25439c00000000280314a5,complete,endpoint_exhausted,0,0,0,shanghai,ssh_eip_shanghai,deep_shanghai,9341,21,complete,GK2026D1,,
2026-08-25T09:56:01,reply,6a24fd170000000035031caf,6a254350000000002701cc7f,complete,endpoint_exhausted,0,0,0,shanghai,ssh_eip_shanghai,deep_shanghai,9341,21,complete,GK2026D1,,
2026-08-25T09:56:01,reply,6a24fd170000000035031caf,6a2542df0000000028034b03,complete,endpoint_exhausted,0,0,0,shanghai,ssh_eip_shanghai,deep_shanghai,9341,21,complete,GK2026D1,,
2026-08-25T09:56:01,reply,6a24fd170000000035031caf,6a25425f000000000d021403,complete,endpoint_exhausted,0,0,0,shanghai,ssh_eip_shanghai,deep_shanghai,9341,21,complete,GK2026D1,,
2026-08-25T09:56:01,reply,6a24fd170000000035031caf,6a25425e0000000028030494,complete,endpoint_exhausted,0,0,0,shanghai,ssh_eip_shanghai,deep_shanghai,9341,21,complete,GK2026D1,,
2026-08-25T09:56:01,reply,6a24fd170000000035031caf,6a2540ac000000002701e2e1,complete,endpoint_exhausted,0,0,0,shanghai,ssh_eip_shanghai,deep_shanghai,9341,21,complete,GK2026D1,,
2026-08-25T09:56:18,reply,6a24fd170000000035031caf,6a2540250000000028033ac5,complete,endpoint_exhausted,0,0,0,shanghai,ssh_eip_shanghai,deep_shanghai,9341,21,complete,GK2026D1,,
2026-08-25T09:56:18,reply,6a24fd170000000035031caf,6a254016000000002a005496,complete,endpoint_exhausted,0,0,0,shanghai,ssh_eip_shanghai,deep_shanghai,9341,21,complete,GK2026D1,,
2026-08-25T09:56:18,reply,6a24fd170000000035031caf,6a253fd7000000002800af20,complete,endpoint_exhausted,0,0,0,shanghai,ssh_eip_shanghai,deep_shanghai,9341,21,complete,GK2026D1,,
2026-08-25T09:56:18,reply,6a24fd170000000035031caf,6a253f5e00000000270234e6,complete,endpoint_exhausted,0,0,0,shanghai,ssh_eip_shanghai,deep_shanghai,9341,21,complete,GK2026D1,,
2026-08-25T09:56:18,reply,6a24fd170000000035031caf,6a253eec00000000270217b0,complete,endpoint_exhausted,0,0,0,shanghai,ssh_eip_shanghai,deep_shanghai,9341,21,complete,GK2026D1,,
2026-08-25T09:56:18,reply,6a24fd170000000035031caf,6a253e780000000027023b7b,complete,endpoint_exhausted,0,0,0,shanghai,ssh_eip_shanghai,deep_shanghai,9341,21,complete,GK2026D1,,
2026-08-25T09:56:18,reply,6a24fd170000000035031caf,6a253e34000000000d022000,complete,endpoint_exhausted,0,0,0,shanghai,ssh_eip_shanghai,deep_shanghai,9341,21,complete,GK2026D1,,
2026-08-25T09:56:18,reply,6a24fd170000000035031caf,6a253d67000000002701da1d,complete,endpoint_exhausted,0,0,0,shanghai,ssh_eip_shanghai,deep_shanghai,9341,21,complete,GK2026D1,,
2026-08-25T09:56:18,reply,6a24fd170000000035031caf,6a253d090000000027029d1d,complete,endpoint_exhausted,0,0,0,shanghai,ssh_eip_shanghai,deep_shanghai,9341,21,complete,GK2026D1,,
2026-08-25T09:56:18,reply,6a24fd170000000035031caf,6a253cec0000000028034647,complete,endpoint_exhausted,0,0,0,shanghai,ssh_eip_shanghai,deep_shanghai,9341,21,complete,GK2026D1,,
2026-08-25T09:56:34,reply,6a24fd170000000035031caf,6a253c8f0000000028036f60,complete,endpoint_exhausted,0,0,0,shanghai,ssh_eip_shanghai,deep_shanghai,9341,21,complete,GK2026D1,,
2026-08-25T09:56:34,reply,6a24fd170000000035031caf,6a253c300000000027023015,complete,endpoint_exhausted,0,0,0,shanghai,ssh_eip_shanghai,deep_shanghai,9341,21,complete,GK2026D1,,
2026-08-25T09:56:34,reply,6a24fd170000000035031caf,6a253c150000000027015b58,complete,endpoint_exhausted,0,0,0,shanghai,ssh_eip_shanghai,deep_shanghai,9341,21,complete,GK2026D1,,
2026-08-25T09:56:34,reply,6a24fd170000000035031caf,6a253c00000000000d023c00,complete,endpoint_exhausted,0,0,0,shanghai,ssh_eip_shanghai,deep_shanghai,9341,21,complete,GK2026D1,,
2026-08-25T09:56:34,reply,6a24fd170000000035031caf,6a253bf90000000027029bcb,complete,endpoint_exhausted,0,0,0,shanghai,ssh_eip_shanghai,deep_shanghai,9341,21,complete,GK2026D1,,
2026-08-25T09:56:34,reply,6a24fd170000000035031caf,6a253bc00000000027028e6d,complete,endpoint_exhausted,0,0,0,shanghai,ssh_eip_shanghai,deep_shanghai,9341,21,complete,GK2026D1,,
2026-08-25T09:56:34,reply,6a24fd170000000035031caf,6a253b920000000028032880,complete,endpoint_exhausted,0,0,0,shanghai,ssh_eip_shanghai,deep_shanghai,9341,21,complete,GK2026D1,,
2026-08-25T09:56:34,reply,6a24fd170000000035031caf,6a253ac0000000002a006270,complete,endpoint_exhausted,0,0,0,shanghai,ssh_eip_shanghai,deep_shanghai,9341,21,complete,GK2026D1,,
2026-08-25T09:56:34,reply,6a24fd170000000035031caf,6a253aba000000002701464b,complete,endpoint_exhausted,0,0,0,shanghai,ssh_eip_shanghai,deep_shanghai,9341,21,complete,GK2026D1,,
2026-08-25T09:56:34,reply,6a24fd170000000035031caf,6a253a7d000000002900d815,complete,endpoint_exhausted,0,0,0,shanghai,ssh_eip_shanghai,deep_shanghai,9341,21,complete,GK2026D1,,
2026-08-25T09:56:51,reply,6a24fd170000000035031caf,6a2539b8000000002800bca7,complete,endpoint_exhausted,0,0,0,shanghai,ssh_eip_shanghai,deep_shanghai,9341,21,complete,GK2026D1,,
2026-08-25T09:56:51,reply,6a24fd170000000035031caf,6a2539a9000000002800b93d,complete,endpoint_exhausted,0,0,0,shanghai,ssh_eip_shanghai,deep_shanghai,9341,21,complete,GK2026D1,,
2026-08-25T09:56:51,reply,6a24fd170000000035031caf,6a25393b000000002803e949,complete,endpoint_exhausted,0,0,0,shanghai,ssh_eip_shanghai,deep_shanghai,9341,21,complete,GK2026D1,,
2026-08-25T09:56:51,reply,6a24fd170000000035031caf,6a2538d1000000002901ae95,complete,endpoint_exhausted,0,0,0,shanghai,ssh_eip_shanghai,deep_shanghai,9341,21,complete,GK2026D1,,
2026-08-25T09:56:51,reply,6a24fd170000000035031caf,6a25386a000000002a02e36e,complete,endpoint_exhausted,0,0,0,shanghai,ssh_eip_shanghai,deep_shanghai,9341,21,complete,GK2026D1,,
2026-08-25T09:56:51,reply,6a24fd170000000035031caf,6a25380a000000002a0305a9,complete,endpoint_exhausted,0,0,0,shanghai,ssh_eip_shanghai,deep_shanghai,9341,21,complete,GK2026D1,,
2026-08-25T09:56:51,reply,6a24fd170000000035031caf,6a2537a300000000290111e9,complete,endpoint_exhausted,0,0,0,shanghai,ssh_eip_shanghai,deep_shanghai,9341,21,complete,GK2026D1,,
2026-08-25T09:56:51,reply,6a24fd170000000035031caf,6a2537910000000027017f36,complete,endpoint_exhausted,0,0,0,shanghai,ssh_eip_shanghai,deep_shanghai,9341,21,complete,GK2026D1,,
2026-08-25T09:56:51,reply,6a24fd170000000035031caf,6a253770000000002803c20a,complete,endpoint_exhausted,0,0,0,shanghai,ssh_eip_shanghai,deep_shanghai,9341,21,complete,GK2026D1,,
2026-08-25T09:56:51,reply,6a24fd170000000035031caf,6a2536f5000000002a03129e,complete,endpoint_exhausted,0,0,0,shanghai,ssh_eip_shanghai,deep_shanghai,9341,21,complete,GK2026D1,,
2026-08-25T09:57:07,reply,6a24fd170000000035031caf,6a253678000000002a027843,complete,endpoint_exhausted,0,0,0,shanghai,ssh_eip_shanghai,deep_shanghai,9341,21,complete,GK2026D1,,
2026-08-25T09:57:07,reply,6a24fd170000000035031caf,6a253601000000002902fe9f,complete,endpoint_exhausted,0,0,0,shanghai,ssh_eip_shanghai,deep_shanghai,9341,21,complete,GK2026D1,,
2026-08-25T09:57:07,reply,6a24fd170000000035031caf,6a25340e0000000029019127,complete,endpoint_exhausted,0,0,0,shanghai,ssh_eip_shanghai,deep_shanghai,9341,21,complete,GK2026D1,,
2026-08-25T09:57:07,reply,6a24fd170000000035031caf,6a2533cc000000002a02d062,complete,endpoint_exhausted,0,0,0,shanghai,ssh_eip_shanghai,deep_shanghai,9341,21,complete,GK2026D1,,
2026-08-25T09:57:07,reply,6a24fd170000000035031caf,6a2533b9000000002a02cd1c,complete,endpoint_exhausted,0,0,0,shanghai,ssh_eip_shanghai,deep_shanghai,9341,21,complete,GK2026D1,,
2026-08-25T09:57:07,reply,6a24fd170000000035031caf,6a25337c0000000029026f22,complete,endpoint_exhausted,0,0,0,shanghai,ssh_eip_shanghai,deep_shanghai,9341,21,complete,GK2026D1,,
2026-08-25T09:57:07,reply,6a24fd170000000035031caf,6a2532ad000000002901979a,complete,endpoint_exhausted,0,0,0,shanghai,ssh_eip_shanghai,deep_shanghai,9341,21,complete,GK2026D1,,
2026-08-25T09:57:07,reply,6a24fd170000000035031caf,6a2531f0000000002900cca3,complete,endpoint_exhausted,0,0,0,shanghai,ssh_eip_shanghai,deep_shanghai,9341,21,complete,GK2026D1,,
2026-08-25T09:57:07,reply,6a24fd170000000035031caf,6a253196000000002803d6c2,complete,endpoint_exhausted,0,0,0,shanghai,ssh_eip_shanghai,deep_shanghai,9341,21,complete,GK2026D1,,
2026-08-25T09:57:07,reply,6a24fd170000000035031caf,6a253075000000002a007a6e,complete,endpoint_exhausted,0,0,0,shanghai,ssh_eip_shanghai,deep_shanghai,9341,21,complete,GK2026D1,,
2026-08-25T09:57:24,reply,6a24fd170000000035031caf,6a252fdd000000002800abf7,complete,endpoint_exhausted,0,0,0,shanghai,ssh_eip_shanghai,deep_shanghai,9341,21,complete,GK2026D1,,
2026-08-25T09:57:24,reply,6a24fd170000000035031caf,6a252f88000000002a0337bd,complete,endpoint_exhausted,0,0,0,shanghai,ssh_eip_shanghai,deep_shanghai,9341,21,complete,GK2026D1,,
2026-08-25T09:57:24,reply,6a24fd170000000035031caf,6a252f24000000002a007b46,complete,endpoint_exhausted,0,0,0,shanghai,ssh_eip_shanghai,deep_shanghai,9341,21,complete,GK2026D1,,
2026-08-25T09:57:24,reply,6a24fd170000000035031caf,6a252f13000000002701c7c2,complete,endpoint_exhausted,0,0,0,shanghai,ssh_eip_shanghai,deep_shanghai,9341,21,complete,GK2026D1,,
2026-08-25T09:57:24,reply,6a24fd170000000035031caf,6a252ece000000002902fefd,complete,endpoint_exhausted,0,0,0,shanghai,ssh_eip_shanghai,deep_shanghai,9341,21,complete,GK2026D1,,
2026-08-25T09:57:24,reply,6a24fd170000000035031caf,6a252e9e000000002702b1ed,complete,endpoint_exhausted,0,0,0,shanghai,ssh_eip_shanghai,deep_shanghai,9341,21,complete,GK2026D1,,
2026-08-25T09:57:24,reply,6a24fd170000000035031caf,6a252e8d000000002702add1,complete,endpoint_exhausted,0,0,0,shanghai,ssh_eip_shanghai,deep_shanghai,9341,21,complete,GK2026D1,,
2026-08-25T09:57:24,reply,6a24fd170000000035031caf,6a252e6d0000000028031767,complete,endpoint_exhausted,0,0,0,shanghai,ssh_eip_shanghai,deep_shanghai,9341,21,complete,GK2026D1,,
2026-08-25T09:57:24,reply,6a24fd170000000035031caf,6a252e3d000000002b02bddf,complete,endpoint_exhausted,0,0,0,shanghai,ssh_eip_shanghai,deep_shanghai,9341,21,complete,GK2026D1,,
2026-08-25T09:57:24,reply,6a24fd170000000035031caf,6a252e0e00000000280085fa,complete,endpoint_exhausted,0,0,0,shanghai,ssh_eip_shanghai,deep_shanghai,9341,21,complete,GK2026D1,,
2026-08-25T09:57:41,reply,6a24fd170000000035031caf,6a252d92000000002800a607,complete,endpoint_exhausted,0,0,0,shanghai,ssh_eip_shanghai,deep_shanghai,9341,21,complete,GK2026D1,,
2026-08-25T09:57:41,reply,6a24fd170000000035031caf,6a252d680000000028009c03,complete,endpoint_exhausted,0,0,0,shanghai,ssh_eip_shanghai,deep_shanghai,9341,21,complete,GK2026D1,,
2026-08-25T09:57:41,reply,6a24fd170000000035031caf,6a252cf1000000002902e913,complete,endpoint_exhausted,0,0,0,shanghai,ssh_eip_shanghai,deep_shanghai,9341,21,complete,GK2026D1,,
2026-08-25T09:57:41,reply,6a24fd170000000035031caf,6a252cf0000000002b002546,complete,endpoint_exhausted,0,0,0,shanghai,ssh_eip_shanghai,deep_shanghai,9341,21,complete,GK2026D1,,
2026-08-25T09:57:41,reply,6a24fd170000000035031caf,6a252ca000000000280344f2,complete,endpoint_exhausted,0,0,0,shanghai,ssh_eip_shanghai,deep_shanghai,9341,21,complete,GK2026D1,,
2026-08-25T09:57:41,reply,6a24fd170000000035031caf,6a252c5900000000290127cf,complete,endpoint_exhausted,0,0,0,shanghai,ssh_eip_shanghai,deep_shanghai,9341,21,complete,GK2026D1,,
2026-08-25T09:57:41,reply,6a24fd170000000035031caf,6a252c280000000029025fa5,complete,endpoint_exhausted,0,0,0,shanghai,ssh_eip_shanghai,deep_shanghai,9341,21,complete,GK2026D1,,
2026-08-25T09:57:41,reply,6a24fd170000000035031caf,6a252be500000000280081a8,complete,endpoint_exhausted,0,0,0,shanghai,ssh_eip_shanghai,deep_shanghai,9341,21,complete,GK2026D1,,
2026-08-25T09:57:41,reply,6a24fd170000000035031caf,6a252b9f000000002a02ebd3,complete,endpoint_exhausted,0,0,0,shanghai,ssh_eip_shanghai,deep_shanghai,9341,21,complete,GK2026D1,,
2026-08-25T09:57:41,reply,6a24fd170000000035031caf,6a252a8d000000002702c145,complete,endpoint_exhausted,0,0,0,shanghai,ssh_eip_shanghai,deep_shanghai,9341,21,complete,GK2026D1,,
2026-08-25T09:57:57,reply,6a24fd170000000035031caf,6a252a5a000000002a03137e,complete,endpoint_exhausted,0,0,0,shanghai,ssh_eip_shanghai,deep_shanghai,9341,21,complete,GK2026D1,,
2026-08-25T09:57:57,reply,6a24fd170000000035031caf,6a252900000000002701e949,complete,endpoint_exhausted,0,0,0,shanghai,ssh_eip_shanghai,deep_shanghai,9341,21,complete,GK2026D1,,
2026-08-25T09:57:57,reply,6a24fd170000000035031caf,6a252814000000002903549f,complete,endpoint_exhausted,0,0,0,shanghai,ssh_eip_shanghai,deep_shanghai,9341,21,complete,GK2026D1,,
2026-08-25T09:57:57,reply,6a24fd170000000035031caf,6a2527fe000000002903512f,complete,endpoint_exhausted,0,0,0,shanghai,ssh_eip_shanghai,deep_shanghai,9341,21,complete,GK2026D1,,
2026-08-25T09:57:57,reply,6a24fd170000000035031caf,6a2526ff000000002b025a81,complete,endpoint_exhausted,0,0,0,shanghai,ssh_eip_shanghai,deep_shanghai,9341,21,complete,GK2026D1,,
2026-08-25T09:57:57,reply,6a24fd170000000035031caf,6a2526de0000000028009c24,complete,endpoint_exhausted,0,0,0,shanghai,ssh_eip_shanghai,deep_shanghai,9341,21,complete,GK2026D1,,
2026-08-25T09:57:57,reply,6a24fd170000000035031caf,6a2525f2000000002901a795,complete,endpoint_exhausted,0,0,0,shanghai,ssh_eip_shanghai,deep_shanghai,9341,21,complete,GK2026D1,,
2026-08-25T09:57:57,reply,6a24fd170000000035031caf,6a2525e9000000002b001d02,complete,endpoint_exhausted,0,0,0,shanghai,ssh_eip_shanghai,deep_shanghai,9341,21,complete,GK2026D1,,
2026-08-25T09:57:57,reply,6a24fd170000000035031caf,6a2525dd00000000270146f9,complete,endpoint_exhausted,0,0,0,shanghai,ssh_eip_shanghai,deep_shanghai,9341,21,complete,GK2026D1,,
2026-08-25T09:57:57,reply,6a24fd170000000035031caf,6a25258f0000000029019815,complete,endpoint_exhausted,0,0,0,shanghai,ssh_eip_shanghai,deep_shanghai,9341,21,complete,GK2026D1,,
2026-08-25T09:58:14,reply,6a24fd170000000035031caf,6a252436000000002803936b,complete,endpoint_exhausted,0,0,0,shanghai,ssh_eip_shanghai,deep_shanghai,9341,21,complete,GK2026D1,,
2026-08-25T09:58:14,reply,6a24fd170000000035031caf,6a252282000000002803d03f,complete,endpoint_exhausted,0,0,0,shanghai,ssh_eip_shanghai,deep_shanghai,9341,21,complete,GK2026D1,,
2026-08-25T09:58:14,reply,6a24fd170000000035031caf,6a252275000000002702dbd0,complete,endpoint_exhausted,0,0,0,shanghai,ssh_eip_shanghai,deep_shanghai,9341,21,complete,GK2026D1,,
2026-08-25T09:58:14,reply,6a24fd170000000035031caf,6a25225f000000002903536e,complete,endpoint_exhausted,0,0,0,shanghai,ssh_eip_shanghai,deep_shanghai,9341,21,complete,GK2026D1,,
2026-08-25T09:58:14,reply,6a24fd170000000035031caf,6a251bcf000000002900de34,complete,endpoint_exhausted,0,0,0,shanghai,ssh_eip_shanghai,deep_shanghai,9341,21,complete,GK2026D1,,
2026-08-25T09:58:14,reply,6a24fd170000000035031caf,6a251b2d000000002b0243e6,complete,endpoint_exhausted,0,0,0,shanghai,ssh_eip_shanghai,deep_shanghai,9341,21,complete,GK2026D1,,
2026-08-25T09:58:14,reply,6a24fd170000000035031caf,6a2519b8000000002701c6db,complete,endpoint_exhausted,0,0,0,shanghai,ssh_eip_shanghai,deep_shanghai,9341,21,complete,GK2026D1,,
2026-08-25T09:58:14,reply,6a24fd170000000035031caf,6a250b08000000002803a84a,complete,endpoint_exhausted,0,0,0,shanghai,ssh_eip_shanghai,deep_shanghai,9341,21,complete,GK2026D1,,
2026-08-25T09:58:14,reply,6a24fd170000000035031caf,6a26337b0000000029010d44,complete,endpoint_exhausted,0,0,0,shanghai,ssh_eip_shanghai,deep_shanghai,9341,21,complete,GK2026D1,,
2026-08-25T09:58:14,reply,6a24fd170000000035031caf,6a261f2900000000270176fc,complete,endpoint_exhausted,0,0,0,shanghai,ssh_eip_shanghai,deep_shanghai,9341,21,complete,GK2026D1,,
2026-08-25T09:58:31,reply,6a24fd170000000035031caf,6a261cce000000002b02b0d4,complete,endpoint_exhausted,0,0,0,shanghai,ssh_eip_shanghai,deep_shanghai,9341,21,complete,GK2026D1,,
2026-08-25T09:58:31,reply,6a24fd170000000035031caf,6a257530000000002701e99a,complete,endpoint_exhausted,0,0,0,shanghai,ssh_eip_shanghai,deep_shanghai,9341,21,complete,GK2026D1,,
2026-08-25T09:58:31,reply,6a24fd170000000035031caf,6a25685c000000002800b3e2,complete,endpoint_exhausted,0,0,0,shanghai,ssh_eip_shanghai,deep_shanghai,9341,21,complete,GK2026D1,,
2026-08-25T09:58:31,reply,6a24fd170000000035031caf,6a2565170000000027020e04,complete,endpoint_exhausted,0,0,0,shanghai,ssh_eip_shanghai,deep_shanghai,9341,21,complete,GK2026D1,,
2026-08-25T09:58:31,reply,6a24fd170000000035031caf,6a255d13000000002803d4b0,complete,endpoint_exhausted,0,0,0,shanghai,ssh_eip_shanghai,deep_shanghai,9341,21,complete,GK2026D1,,
2026-08-25T09:58:31,reply,6a24fd170000000035031caf,6a254c62000000002702cdde,complete,endpoint_exhausted,0,0,0,shanghai,ssh_eip_shanghai,deep_shanghai,9341,21,complete,GK2026D1,,
2026-08-25T09:58:31,reply,6a24fd170000000035031caf,6a253bad0000000027014396,complete,endpoint_exhausted,0,0,0,shanghai,ssh_eip_shanghai,deep_shanghai,9341,21,complete,GK2026D1,,
2026-08-25T09:58:31,reply,6a24fd170000000035031caf,6a25346a0000000029036cc4,complete,endpoint_exhausted,0,0,0,shanghai,ssh_eip_shanghai,deep_shanghai,9341,21,complete,GK2026D1,,
2026-08-25T09:58:31,reply,6a24fd170000000035031caf,6a253467000000002900e514,complete,endpoint_exhausted,0,0,0,shanghai,ssh_eip_shanghai,deep_shanghai,9341,21,complete,GK2026D1,,
2026-08-25T09:58:31,reply,6a24fd170000000035031caf,6a25334c0000000029010bf0,complete,endpoint_exhausted,0,0,0,shanghai,ssh_eip_shanghai,deep_shanghai,9341,21,complete,GK2026D1,,
2026-08-25T09:58:47,reply,6a24fd170000000035031caf,6a264796000000002900d32f,complete,endpoint_exhausted,0,0,0,shanghai,ssh_eip_shanghai,deep_shanghai,9341,21,complete,GK2026D1,,
2026-08-25T09:58:47,reply,6a24fd170000000035031caf,6a2593f50000000027023fa7,complete,endpoint_exhausted,0,0,0,shanghai,ssh_eip_shanghai,deep_shanghai,9341,21,complete,GK2026D1,,
2026-08-25T09:58:47,reply,6a24fd170000000035031caf,6a257f9b000000002b002166,complete,endpoint_exhausted,0,0,0,shanghai,ssh_eip_shanghai,deep_shanghai,9341,21,complete,GK2026D1,,
2026-08-25T09:58:47,top_level,6a24fd170000000035031caf,,complete,endpoint_exhausted,41,403,,shanghai,ssh_eip_shanghai,deep_shanghai,9341,21,complete,GK2026D1,True,
2026-08-25T10:12:09,reply,6a2428990000000006021c7f,6a24c6ca000000002b00162f,complete,endpoint_exhausted,9,42,42,shanghai,ssh_eip_shanghai,deep_shanghai,9341,22,complete,GK2026D1,,
2026-08-25T10:14:54,reply,6a2428990000000006021c7f,6a253632000000002b00087d,complete,endpoint_exhausted,10,49,49,shanghai,ssh_eip_shanghai,deep_shanghai,9341,22,complete,GK2026D1,,
2026-08-25T10:28:24,reply,6a2428990000000006021c7f,6a24e1e0000000002701c418,complete,endpoint_exhausted,49,243,243,shanghai,ssh_eip_shanghai,deep_shanghai,9341,22,complete,GK2026D1,,
2026-08-25T10:28:58,reply,6a2428990000000006021c7f,6a24d78100000000280318cf,complete,endpoint_exhausted,2,11,11,shanghai,ssh_eip_shanghai,deep_shanghai,9341,22,complete,GK2026D1,,
2026-08-25T10:29:14,reply,6a2428990000000006021c7f,6a2ae771000000002803ca12,complete,endpoint_exhausted,1,2,2,shanghai,ssh_eip_shanghai,deep_shanghai,9341,22,complete,GK2026D1,,
2026-08-25T10:30:04,reply,6a2428990000000006021c7f,6a2545c7000000002702f6da,complete,endpoint_exhausted,3,14,14,shanghai,ssh_eip_shanghai,deep_shanghai,9341,22,complete,GK2026D1,,
2026-08-25T10:30:38,reply,6a2428990000000006021c7f,6a24483b0000000029012489,complete,endpoint_exhausted,2,10,10,shanghai,ssh_eip_shanghai,deep_shanghai,9341,22,complete,GK2026D1,,
2026-08-25T10:31:11,reply,6a2428990000000006021c7f,6a24fcba00000000290197bd,complete,endpoint_exhausted,2,7,7,shanghai,ssh_eip_shanghai,deep_shanghai,9341,22,complete,GK2026D1,,
2026-08-25T10:31:28,reply,6a2428990000000006021c7f,6a24a654000000002800b58f,complete,endpoint_exhausted,1,5,5,shanghai,ssh_eip_shanghai,deep_shanghai,9341,22,complete,GK2026D1,,
2026-08-25T10:32:01,reply,6a2428990000000006021c7f,6a24ecd2000000002803929e,complete,endpoint_exhausted,2,9,9,shanghai,ssh_eip_shanghai,deep_shanghai,9341,22,complete,GK2026D1,,
2026-08-25T10:32:17,reply,6a2428990000000006021c7f,6a24ec80000000002701eb6a,complete,endpoint_exhausted,0,1,1,shanghai,ssh_eip_shanghai,deep_shanghai,9341,22,complete,GK2026D1,,
2026-08-25T10:32:17,reply,6a2428990000000006021c7f,6a24eb730000000029010f86,complete,endpoint_exhausted,0,0,0,shanghai,ssh_eip_shanghai,deep_shanghai,9341,22,complete,GK2026D1,,
2026-08-25T10:32:17,reply,6a2428990000000006021c7f,6a24ea3d000000002803cfb7,complete,endpoint_exhausted,0,0,0,shanghai,ssh_eip_shanghai,deep_shanghai,9341,22,complete,GK2026D1,,
2026-08-25T10:32:17,reply,6a2428990000000006021c7f,6a24e7e3000000002803c520,complete,endpoint_exhausted,0,0,0,shanghai,ssh_eip_shanghai,deep_shanghai,9341,22,complete,GK2026D1,,
2026-08-25T10:32:17,reply,6a2428990000000006021c7f,6a24e486000000002a0040f0,complete,endpoint_exhausted,0,0,0,shanghai,ssh_eip_shanghai,deep_shanghai,9341,22,complete,GK2026D1,,
2026-08-25T10:32:17,reply,6a2428990000000006021c7f,6a24e439000000002a0073fb,complete,endpoint_exhausted,0,0,0,shanghai,ssh_eip_shanghai,deep_shanghai,9341,22,complete,GK2026D1,,
2026-08-25T10:32:17,reply,6a2428990000000006021c7f,6a24e401000000002901a429,complete,endpoint_exhausted,0,0,0,shanghai,ssh_eip_shanghai,deep_shanghai,9341,22,complete,GK2026D1,,
2026-08-25T10:32:17,reply,6a2428990000000006021c7f,6a24dfd4000000002902d4c8,complete,endpoint_exhausted,0,0,0,shanghai,ssh_eip_shanghai,deep_shanghai,9341,22,complete,GK2026D1,,
2026-08-25T10:32:17,reply,6a2428990000000006021c7f,6a24df89000000002a00749f,complete,endpoint_exhausted,0,0,0,shanghai,ssh_eip_shanghai,deep_shanghai,9341,22,complete,GK2026D1,,
2026-08-25T10:32:17,reply,6a2428990000000006021c7f,6a24df69000000002902411e,complete,endpoint_exhausted,0,0,0,shanghai,ssh_eip_shanghai,deep_shanghai,9341,22,complete,GK2026D1,,
2026-08-25T10:32:34,reply,6a2428990000000006021c7f,6a24dedb000000002902ec28,complete,endpoint_exhausted,0,0,0,shanghai,ssh_eip_shanghai,deep_shanghai,9341,22,complete,GK2026D1,,
2026-08-25T10:32:34,reply,6a2428990000000006021c7f,6a24dec8000000002a030d28,complete,endpoint_exhausted,0,0,0,shanghai,ssh_eip_shanghai,deep_shanghai,9341,22,complete,GK2026D1,,
2026-08-25T10:32:50,reply,6a2428990000000006021c7f,6a24dec2000000002702c691,complete,endpoint_exhausted,1,3,3,shanghai,ssh_eip_shanghai,deep_shanghai,9341,22,complete,GK2026D1,,
2026-08-25T10:33:07,reply,6a2428990000000006021c7f,6a24debb000000002900c8b1,complete,endpoint_exhausted,1,2,2,shanghai,ssh_eip_shanghai,deep_shanghai,9341,22,complete,GK2026D1,,
2026-08-25T10:33:07,reply,6a2428990000000006021c7f,6a24de1f000000002701f0e8,complete,endpoint_exhausted,0,1,1,shanghai,ssh_eip_shanghai,deep_shanghai,9341,22,complete,GK2026D1,,
2026-08-25T10:33:07,reply,6a2428990000000006021c7f,6a24dd8e000000002b024abb,complete,endpoint_exhausted,0,0,0,shanghai,ssh_eip_shanghai,deep_shanghai,9341,22,complete,GK2026D1,,
2026-08-25T10:33:07,reply,6a2428990000000006021c7f,6a24dd50000000002900fd3f,complete,endpoint_exhausted,0,0,0,shanghai,ssh_eip_shanghai,deep_shanghai,9341,22,complete,GK2026D1,,
2026-08-25T10:34:13,reply,6a2428990000000006021c7f,6a24dd180000000027022a77,complete,endpoint_exhausted,4,19,19,shanghai,ssh_eip_shanghai,deep_shanghai,9341,22,complete,GK2026D1,,
2026-08-25T10:34:13,reply,6a2428990000000006021c7f,6a24dcfd000000002702ddc1,complete,endpoint_exhausted,0,0,0,shanghai,ssh_eip_shanghai,deep_shanghai,9341,22,complete,GK2026D1,,
2026-08-25T10:34:13,reply,6a2428990000000006021c7f,6a24dcf800000000270223b7,complete,endpoint_exhausted,0,0,0,shanghai,ssh_eip_shanghai,deep_shanghai,9341,22,complete,GK2026D1,,
2026-08-25T10:34:30,reply,6a2428990000000006021c7f,6a24db9d00000000290379c1,complete,endpoint_exhausted,0,0,0,shanghai,ssh_eip_shanghai,deep_shanghai,9341,22,complete,GK2026D1,,
2026-08-25T10:34:30,reply,6a2428990000000006021c7f,6a24dacb000000002a032e25,complete,endpoint_exhausted,0,0,0,shanghai,ssh_eip_shanghai,deep_shanghai,9341,22,complete,GK2026D1,,
2026-08-25T10:34:30,reply,6a2428990000000006021c7f,6a24daac0000000028034e99,complete,endpoint_exhausted,0,0,0,shanghai,ssh_eip_shanghai,deep_shanghai,9341,22,complete,GK2026D1,,
2026-08-25T10:34:30,reply,6a2428990000000006021c7f,6a24da940000000028033962,complete,endpoint_exhausted,0,0,0,shanghai,ssh_eip_shanghai,deep_shanghai,9341,22,complete,GK2026D1,,
2026-08-25T10:34:30,reply,6a2428990000000006021c7f,6a24da68000000002b02972f,complete,endpoint_exhausted,0,0,0,shanghai,ssh_eip_shanghai,deep_shanghai,9341,22,complete,GK2026D1,,
2026-08-25T10:34:30,reply,6a2428990000000006021c7f,6a24d8370000000028034d01,complete,endpoint_exhausted,0,0,0,shanghai,ssh_eip_shanghai,deep_shanghai,9341,22,complete,GK2026D1,,
2026-08-25T10:34:30,reply,6a2428990000000006021c7f,6a24d742000000002a02e93f,complete,endpoint_exhausted,0,0,0,shanghai,ssh_eip_shanghai,deep_shanghai,9341,22,complete,GK2026D1,,
2026-08-25T10:34:30,reply,6a2428990000000006021c7f,6a24d720000000002900eb2f,complete,endpoint_exhausted,0,0,0,shanghai,ssh_eip_shanghai,deep_shanghai,9341,22,complete,GK2026D1,,
2026-08-25T10:34:30,reply,6a2428990000000006021c7f,6a24d6e8000000002803d715,complete,endpoint_exhausted,0,0,0,shanghai,ssh_eip_shanghai,deep_shanghai,9341,22,complete,GK2026D1,,
2026-08-25T10:34:30,reply,6a2428990000000006021c7f,6a24d6d2000000002a02d91c,complete,endpoint_exhausted,0,0,0,shanghai,ssh_eip_shanghai,deep_shanghai,9341,22,complete,GK2026D1,,
2026-08-25T10:34:46,reply,6a2428990000000006021c7f,6a24d6850000000028037527,complete,endpoint_exhausted,0,0,0,shanghai,ssh_eip_shanghai,deep_shanghai,9341,22,complete,GK2026D1,,
2026-08-25T10:34:46,reply,6a2428990000000006021c7f,6a24d59b00000000290125e5,complete,endpoint_exhausted,0,0,0,shanghai,ssh_eip_shanghai,deep_shanghai,9341,22,complete,GK2026D1,,
2026-08-25T10:34:46,reply,6a2428990000000006021c7f,6a24d5760000000028009312,complete,endpoint_exhausted,0,0,0,shanghai,ssh_eip_shanghai,deep_shanghai,9341,22,complete,GK2026D1,,
2026-08-25T10:34:46,reply,6a2428990000000006021c7f,6a24d5560000000028037b31,complete,endpoint_exhausted,0,0,0,shanghai,ssh_eip_shanghai,deep_shanghai,9341,22,complete,GK2026D1,,
2026-08-25T10:34:46,reply,6a2428990000000006021c7f,6a24d50c000000002803135c,complete,endpoint_exhausted,0,0,0,shanghai,ssh_eip_shanghai,deep_shanghai,9341,22,complete,GK2026D1,,
2026-08-25T10:34:46,reply,6a2428990000000006021c7f,6a24d43b000000002702cab1,complete,endpoint_exhausted,0,0,0,shanghai,ssh_eip_shanghai,deep_shanghai,9341,22,complete,GK2026D1,,
2026-08-25T10:34:46,reply,6a2428990000000006021c7f,6a24d42c000000002702925e,complete,endpoint_exhausted,0,0,0,shanghai,ssh_eip_shanghai,deep_shanghai,9341,22,complete,GK2026D1,,
2026-08-25T10:34:46,reply,6a2428990000000006021c7f,6a24d3a1000000002803f453,complete,endpoint_exhausted,0,0,0,shanghai,ssh_eip_shanghai,deep_shanghai,9341,22,complete,GK2026D1,,
2026-08-25T10:34:46,reply,6a2428990000000006021c7f,6a24d3870000000029018892,complete,endpoint_exhausted,0,0,0,shanghai,ssh_eip_shanghai,deep_shanghai,9341,22,complete,GK2026D1,,
2026-08-25T10:34:46,reply,6a2428990000000006021c7f,6a24d315000000002a02c7c0,complete,endpoint_exhausted,0,0,0,shanghai,ssh_eip_shanghai,deep_shanghai,9341,22,complete,GK2026D1,,
2026-08-25T10:35:03,reply,6a2428990000000006021c7f,6a24d2a5000000002b002559,complete,endpoint_exhausted,0,0,0,shanghai,ssh_eip_shanghai,deep_shanghai,9341,22,complete,GK2026D1,,
2026-08-25T10:35:03,reply,6a2428990000000006021c7f,6a24d1c30000000027022172,complete,endpoint_exhausted,0,0,0,shanghai,ssh_eip_shanghai,deep_shanghai,9341,22,complete,GK2026D1,,
2026-08-25T10:35:19,reply,6a2428990000000006021c7f,6a24d0280000000029010a30,complete,endpoint_exhausted,1,3,3,shanghai,ssh_eip_shanghai,deep_shanghai,9341,22,complete,GK2026D1,,
2026-08-25T10:35:19,reply,6a2428990000000006021c7f,6a24cf20000000002803db75,complete,endpoint_exhausted,0,0,0,shanghai,ssh_eip_shanghai,deep_shanghai,9341,22,complete,GK2026D1,,
2026-08-25T10:35:19,reply,6a2428990000000006021c7f,6a24ceff00000000290258e8,complete,endpoint_exhausted,0,0,0,shanghai,ssh_eip_shanghai,deep_shanghai,9341,22,complete,GK2026D1,,
2026-08-25T10:35:19,reply,6a2428990000000006021c7f,6a24ce33000000002803f197,complete,endpoint_exhausted,0,0,0,shanghai,ssh_eip_shanghai,deep_shanghai,9341,22,complete,GK2026D1,,
2026-08-25T10:35:19,reply,6a2428990000000006021c7f,6a24cdb3000000002902dac7,complete,endpoint_exhausted,0,0,0,shanghai,ssh_eip_shanghai,deep_shanghai,9341,22,complete,GK2026D1,,
2026-08-25T10:35:19,reply,6a2428990000000006021c7f,6a24cd68000000002701413d,complete,endpoint_exhausted,0,0,0,shanghai,ssh_eip_shanghai,deep_shanghai,9341,22,complete,GK2026D1,,
2026-08-25T10:35:19,reply,6a2428990000000006021c7f,6a24cd07000000002900c506,complete,endpoint_exhausted,0,0,0,shanghai,ssh_eip_shanghai,deep_shanghai,9341,22,complete,GK2026D1,,
2026-08-25T10:35:19,reply,6a2428990000000006021c7f,6a24ccb50000000029018bb7,complete,endpoint_exhausted,0,0,0,shanghai,ssh_eip_shanghai,deep_shanghai,9341,22,complete,GK2026D1,,
2026-08-25T10:35:36,reply,6a2428990000000006021c7f,6a24cc9f0000000028034593,complete,endpoint_exhausted,0,0,0,shanghai,ssh_eip_shanghai,deep_shanghai,9341,22,complete,GK2026D1,,
2026-08-25T10:35:36,reply,6a2428990000000006021c7f,6a24cbed0000000029010155,complete,endpoint_exhausted,0,0,0,shanghai,ssh_eip_shanghai,deep_shanghai,9341,22,complete,GK2026D1,,
2026-08-25T10:35:36,reply,6a2428990000000006021c7f,6a24cbec0000000029027699,complete,endpoint_exhausted,0,0,0,shanghai,ssh_eip_shanghai,deep_shanghai,9341,22,complete,GK2026D1,,
2026-08-25T10:35:36,reply,6a2428990000000006021c7f,6a24cb3d000000002b029ed3,complete,endpoint_exhausted,0,0,0,shanghai,ssh_eip_shanghai,deep_shanghai,9341,22,complete,GK2026D1,,
2026-08-25T10:35:36,reply,6a2428990000000006021c7f,6a24caa9000000002701e1a2,complete,endpoint_exhausted,0,0,0,shanghai,ssh_eip_shanghai,deep_shanghai,9341,22,complete,GK2026D1,,
2026-08-25T10:35:36,reply,6a2428990000000006021c7f,6a24ca95000000002b00100a,complete,endpoint_exhausted,0,0,0,shanghai,ssh_eip_shanghai,deep_shanghai,9341,22,complete,GK2026D1,,
2026-08-25T10:35:36,reply,6a2428990000000006021c7f,6a24c9550000000028036cc4,complete,endpoint_exhausted,0,0,0,shanghai,ssh_eip_shanghai,deep_shanghai,9341,22,complete,GK2026D1,,
2026-08-25T10:35:36,reply,6a2428990000000006021c7f,6a24c8fd000000002a005f89,complete,endpoint_exhausted,0,0,0,shanghai,ssh_eip_shanghai,deep_shanghai,9341,22,complete,GK2026D1,,
2026-08-25T10:35:36,reply,6a2428990000000006021c7f,6a24c8ce000000002903494d,complete,endpoint_exhausted,0,0,0,shanghai,ssh_eip_shanghai,deep_shanghai,9341,22,complete,GK2026D1,,
2026-08-25T10:35:36,reply,6a2428990000000006021c7f,6a24c789000000002900cf79,complete,endpoint_exhausted,0,0,0,shanghai,ssh_eip_shanghai,deep_shanghai,9341,22,complete,GK2026D1,,
2026-08-25T10:35:52,reply,6a2428990000000006021c7f,6a24c6430000000028009d03,complete,endpoint_exhausted,0,0,0,shanghai,ssh_eip_shanghai,deep_shanghai,9341,22,complete,GK2026D1,,
2026-08-25T10:35:52,reply,6a2428990000000006021c7f,6a24c52b000000002b02a293,complete,endpoint_exhausted,0,0,0,shanghai,ssh_eip_shanghai,deep_shanghai,9341,22,complete,GK2026D1,,
2026-08-25T10:35:52,reply,6a2428990000000006021c7f,6a24c304000000002a02f3af,complete,endpoint_exhausted,0,0,0,shanghai,ssh_eip_shanghai,deep_shanghai,9341,22,complete,GK2026D1,,
2026-08-25T10:35:52,reply,6a2428990000000006021c7f,6a24c2360000000029012ec7,complete,endpoint_exhausted,0,0,0,shanghai,ssh_eip_shanghai,deep_shanghai,9341,22,complete,GK2026D1,,
2026-08-25T10:35:52,reply,6a2428990000000006021c7f,6a24c198000000002b02bd8d,complete,endpoint_exhausted,0,0,0,shanghai,ssh_eip_shanghai,deep_shanghai,9341,22,complete,GK2026D1,,
2026-08-25T10:35:52,reply,6a2428990000000006021c7f,6a24bfc300000000290249f9,complete,endpoint_exhausted,0,0,0,shanghai,ssh_eip_shanghai,deep_shanghai,9341,22,complete,GK2026D1,,
2026-08-25T10:35:52,reply,6a2428990000000006021c7f,6a24bf04000000002b00002a,complete,endpoint_exhausted,0,0,0,shanghai,ssh_eip_shanghai,deep_shanghai,9341,22,complete,GK2026D1,,
2026-08-25T10:35:52,reply,6a2428990000000006021c7f,6a24bef8000000002a004065,complete,endpoint_exhausted,0,0,0,shanghai,ssh_eip_shanghai,deep_shanghai,9341,22,complete,GK2026D1,,
2026-08-25T10:35:52,reply,6a2428990000000006021c7f,6a24beba000000002702178f,complete,endpoint_exhausted,0,0,0,shanghai,ssh_eip_shanghai,deep_shanghai,9341,22,complete,GK2026D1,,
2026-08-25T10:35:52,reply,6a2428990000000006021c7f,6a24be860000000028008678,complete,endpoint_exhausted,0,0,0,shanghai,ssh_eip_shanghai,deep_shanghai,9341,22,complete,GK2026D1,,
2026-08-25T10:36:09,reply,6a2428990000000006021c7f,6a24be37000000002a03012b,complete,endpoint_exhausted,0,0,0,shanghai,ssh_eip_shanghai,deep_shanghai,9341,22,complete,GK2026D1,,
2026-08-25T10:36:09,reply,6a2428990000000006021c7f,6a24bc8b000000002702ef70,complete,endpoint_exhausted,0,0,0,shanghai,ssh_eip_shanghai,deep_shanghai,9341,22,complete,GK2026D1,,
2026-08-25T10:36:09,reply,6a2428990000000006021c7f,6a24bbcc000000002803928c,complete,endpoint_exhausted,0,0,0,shanghai,ssh_eip_shanghai,deep_shanghai,9341,22,complete,GK2026D1,,
2026-08-25T10:36:09,reply,6a2428990000000006021c7f,6a24baa500000000290131c3,complete,endpoint_exhausted,0,0,0,shanghai,ssh_eip_shanghai,deep_shanghai,9341,22,complete,GK2026D1,,
2026-08-25T10:36:09,reply,6a2428990000000006021c7f,6a24ba26000000002702e5e9,complete,endpoint_exhausted,0,0,0,shanghai,ssh_eip_shanghai,deep_shanghai,9341,22,complete,GK2026D1,,
2026-08-25T10:36:09,reply,6a2428990000000006021c7f,6a24ba25000000002702a3e0,complete,endpoint_exhausted,0,0,0,shanghai,ssh_eip_shanghai,deep_shanghai,9341,22,complete,GK2026D1,,
2026-08-25T10:36:09,reply,6a2428990000000006021c7f,6a24b9a00000000028038f00,complete,endpoint_exhausted,0,0,0,shanghai,ssh_eip_shanghai,deep_shanghai,9341,22,complete,GK2026D1,,
2026-08-25T10:36:09,reply,6a2428990000000006021c7f,6a24b7c9000000002a027f2e,complete,endpoint_exhausted,0,0,0,shanghai,ssh_eip_shanghai,deep_shanghai,9341,22,complete,GK2026D1,,
2026-08-25T10:36:09,reply,6a2428990000000006021c7f,6a24b7a1000000002b02906a,complete,endpoint_exhausted,0,0,0,shanghai,ssh_eip_shanghai,deep_shanghai,9341,22,complete,GK2026D1,,
2026-08-25T10:36:09,reply,6a2428990000000006021c7f,6a24b616000000002702b306,complete,endpoint_exhausted,0,0,0,shanghai,ssh_eip_shanghai,deep_shanghai,9341,22,complete,GK2026D1,,
2026-08-25T10:36:26,reply,6a2428990000000006021c7f,6a24b5ca00000000290275e9,complete,endpoint_exhausted,0,0,0,shanghai,ssh_eip_shanghai,deep_shanghai,9341,22,complete,GK2026D1,,
2026-08-25T10:36:26,reply,6a2428990000000006021c7f,6a24b32d000000002902ec4f,complete,endpoint_exhausted,0,0,0,shanghai,ssh_eip_shanghai,deep_shanghai,9341,22,complete,GK2026D1,,
2026-08-25T10:36:26,reply,6a2428990000000006021c7f,6a24aedb000000002803eddc,complete,endpoint_exhausted,0,0,0,shanghai,ssh_eip_shanghai,deep_shanghai,9341,22,complete,GK2026D1,,
2026-08-25T10:36:26,reply,6a2428990000000006021c7f,6a24ae470000000029010843,complete,endpoint_exhausted,0,0,0,shanghai,ssh_eip_shanghai,deep_shanghai,9341,22,complete,GK2026D1,,
2026-08-25T10:36:26,reply,6a2428990000000006021c7f,6a24ae43000000002a0076aa,complete,endpoint_exhausted,0,0,0,shanghai,ssh_eip_shanghai,deep_shanghai,9341,22,complete,GK2026D1,,
2026-08-25T10:36:26,reply,6a2428990000000006021c7f,6a24ad9f0000000027015f59,complete,endpoint_exhausted,0,0,0,shanghai,ssh_eip_shanghai,deep_shanghai,9341,22,complete,GK2026D1,,
2026-08-25T10:36:26,reply,6a2428990000000006021c7f,6a24abc7000000002a027e97,complete,endpoint_exhausted,0,0,0,shanghai,ssh_eip_shanghai,deep_shanghai,9341,22,complete,GK2026D1,,
2026-08-25T10:36:26,reply,6a2428990000000006021c7f,6a24ab69000000002701cda4,complete,endpoint_exhausted,0,0,0,shanghai,ssh_eip_shanghai,deep_shanghai,9341,22,complete,GK2026D1,,
2026-08-25T10:36:26,reply,6a2428990000000006021c7f,6a24aad2000000002a0272e7,complete,endpoint_exhausted,0,0,0,shanghai,ssh_eip_shanghai,deep_shanghai,9341,22,complete,GK2026D1,,
2026-08-25T10:36:26,reply,6a2428990000000006021c7f,6a24aac80000000027023b52,complete,endpoint_exhausted,0,0,0,shanghai,ssh_eip_shanghai,deep_shanghai,9341,22,complete,GK2026D1,,
2026-08-25T10:36:42,reply,6a2428990000000006021c7f,6a24aa730000000029019f7b,complete,endpoint_exhausted,0,0,0,shanghai,ssh_eip_shanghai,deep_shanghai,9341,22,complete,GK2026D1,,
2026-08-25T10:36:42,reply,6a2428990000000006021c7f,6a24a73e000000002701423e,complete,endpoint_exhausted,0,0,0,shanghai,ssh_eip_shanghai,deep_shanghai,9341,22,complete,GK2026D1,,
2026-08-25T10:36:59,reply,6a2428990000000006021c7f,6a24a654000000002800b58f,complete,endpoint_exhausted,1,5,5,shanghai,ssh_eip_shanghai,deep_shanghai,9341,22,complete,GK2026D1,,
2026-08-25T10:36:59,reply,6a2428990000000006021c7f,6a24a4f10000000028034361,complete,endpoint_exhausted,0,0,0,shanghai,ssh_eip_shanghai,deep_shanghai,9341,22,complete,GK2026D1,,
2026-08-25T10:36:59,reply,6a2428990000000006021c7f,6a24a1900000000028032199,complete,endpoint_exhausted,0,0,0,shanghai,ssh_eip_shanghai,deep_shanghai,9341,22,complete,GK2026D1,,
2026-08-25T10:36:59,reply,6a2428990000000006021c7f,6a24a02c0000000029018a94,complete,endpoint_exhausted,0,0,0,shanghai,ssh_eip_shanghai,deep_shanghai,9341,22,complete,GK2026D1,,
2026-08-25T10:36:59,reply,6a2428990000000006021c7f,6a249f590000000027028887,complete,endpoint_exhausted,0,0,0,shanghai,ssh_eip_shanghai,deep_shanghai,9341,22,complete,GK2026D1,,
2026-08-25T10:37:16,reply,6a2428990000000006021c7f,6a249e2a0000000027022e85,complete,endpoint_exhausted,1,4,4,shanghai,ssh_eip_shanghai,deep_shanghai,9341,22,complete,GK2026D1,,
2026-08-25T10:37:16,reply,6a2428990000000006021c7f,6a249265000000002a030bd6,complete,endpoint_exhausted,0,1,1,shanghai,ssh_eip_shanghai,deep_shanghai,9341,22,complete,GK2026D1,,
2026-08-25T10:37:16,reply,6a2428990000000006021c7f,6a246f39000000002a026b92,complete,endpoint_exhausted,0,0,0,shanghai,ssh_eip_shanghai,deep_shanghai,9341,22,complete,GK2026D1,,
2026-08-25T10:37:33,reply,6a2428990000000006021c7f,6a2455230000000028009b8f,complete,endpoint_exhausted,0,0,0,shanghai,ssh_eip_shanghai,deep_shanghai,9341,22,complete,GK2026D1,,
2026-08-25T10:37:33,reply,6a2428990000000006021c7f,6a2453b4000000002a02cc6b,complete,endpoint_exhausted,0,0,0,shanghai,ssh_eip_shanghai,deep_shanghai,9341,22,complete,GK2026D1,,
2026-08-25T10:37:33,reply,6a2428990000000006021c7f,6a24532d000000002a02c0b8,complete,endpoint_exhausted,0,0,0,shanghai,ssh_eip_shanghai,deep_shanghai,9341,22,complete,GK2026D1,,
2026-08-25T10:38:06,reply,6a2428990000000006021c7f,6a24483b0000000029012489,complete,endpoint_exhausted,2,10,10,shanghai,ssh_eip_shanghai,deep_shanghai,9341,22,complete,GK2026D1,,
2026-08-25T10:38:06,reply,6a2428990000000006021c7f,6a24396a000000002a027c8b,complete,endpoint_exhausted,0,0,0,shanghai,ssh_eip_shanghai,deep_shanghai,9341,22,complete,GK2026D1,,
2026-08-25T10:38:06,reply,6a2428990000000006021c7f,6a2438d60000000028009f70,complete,endpoint_exhausted,0,0,0,shanghai,ssh_eip_shanghai,deep_shanghai,9341,22,complete,GK2026D1,,
2026-08-25T10:38:06,reply,6a2428990000000006021c7f,6a2438300000000029036fd1,complete,endpoint_exhausted,0,0,0,shanghai,ssh_eip_shanghai,deep_shanghai,9341,22,complete,GK2026D1,,
2026-08-25T10:38:06,reply,6a2428990000000006021c7f,6a2432ef0000000027028a91,complete,endpoint_exhausted,0,0,0,shanghai,ssh_eip_shanghai,deep_shanghai,9341,22,complete,GK2026D1,,
2026-08-25T10:38:06,reply,6a2428990000000006021c7f,6a2432b1000000002900d3b1,complete,endpoint_exhausted,0,0,0,shanghai,ssh_eip_shanghai,deep_shanghai,9341,22,complete,GK2026D1,,
2026-08-25T10:38:06,reply,6a2428990000000006021c7f,6a24329a000000002701d5c6,complete,endpoint_exhausted,0,0,0,shanghai,ssh_eip_shanghai,deep_shanghai,9341,22,complete,GK2026D1,,
2026-08-25T10:38:23,reply,6a2428990000000006021c7f,6a242d84000000002800b3a8,complete,endpoint_exhausted,0,0,0,shanghai,ssh_eip_shanghai,deep_shanghai,9341,22,complete,GK2026D1,,
2026-08-25T10:38:23,reply,6a2428990000000006021c7f,6a242b3200000000280090b7,complete,endpoint_exhausted,0,1,1,shanghai,ssh_eip_shanghai,deep_shanghai,9341,22,complete,GK2026D1,,
2026-08-25T10:38:23,reply,6a2428990000000006021c7f,6a242ab9000000002a004390,complete,endpoint_exhausted,0,0,0,shanghai,ssh_eip_shanghai,deep_shanghai,9341,22,complete,GK2026D1,,
2026-08-25T10:39:45,reply,6a2428990000000006021c7f,6a26b736000000002900fc27,complete,endpoint_exhausted,5,25,25,shanghai,ssh_eip_shanghai,deep_shanghai,9341,22,complete,GK2026D1,,
2026-08-25T10:40:52,reply,6a2428990000000006021c7f,6a2812e8000000002a02c6f3,complete,endpoint_exhausted,4,17,17,shanghai,ssh_eip_shanghai,deep_shanghai,9341,22,complete,GK2026D1,,
2026-08-25T10:41:41,reply,6a2428990000000006021c7f,6a252380000000002702008c,complete,endpoint_exhausted,3,12,12,shanghai,ssh_eip_shanghai,deep_shanghai,9341,22,complete,GK2026D1,,
2026-08-25T10:42:15,reply,6a2428990000000006021c7f,6a2669af000000002900d4a0,complete,endpoint_exhausted,2,9,9,shanghai,ssh_eip_shanghai,deep_shanghai,9341,22,complete,GK2026D1,,
2026-08-25T10:42:15,reply,6a2428990000000006021c7f,6a2ba08a00000000270233ec,complete,endpoint_exhausted,0,0,0,shanghai,ssh_eip_shanghai,deep_shanghai,9341,22,complete,GK2026D1,,
2026-08-25T10:42:15,reply,6a2428990000000006021c7f,6a2b6c5b00000000280340a4,complete,endpoint_exhausted,0,0,0,shanghai,ssh_eip_shanghai,deep_shanghai,9341,22,complete,GK2026D1,,
2026-08-25T10:42:15,reply,6a2428990000000006021c7f,6a2b5173000000002a007971,complete,endpoint_exhausted,0,0,0,shanghai,ssh_eip_shanghai,deep_shanghai,9341,22,complete,GK2026D1,,
2026-08-25T10:42:31,reply,6a2428990000000006021c7f,6a2aa0640000000028039bcd,complete,endpoint_exhausted,0,0,0,shanghai,ssh_eip_shanghai,deep_shanghai,9341,22,complete,GK2026D1,,
2026-08-25T10:42:31,reply,6a2428990000000006021c7f,6a2a7511000000002701d194,complete,endpoint_exhausted,0,0,0,shanghai,ssh_eip_shanghai,deep_shanghai,9341,22,complete,GK2026D1,,
2026-08-25T10:42:31,reply,6a2428990000000006021c7f,6a29401d0000000028008f7d,complete,endpoint_exhausted,0,0,0,shanghai,ssh_eip_shanghai,deep_shanghai,9341,22,complete,GK2026D1,,
2026-08-25T10:42:31,reply,6a2428990000000006021c7f,6a291acb0000000029012892,complete,endpoint_exhausted,0,0,0,shanghai,ssh_eip_shanghai,deep_shanghai,9341,22,complete,GK2026D1,,
2026-08-25T10:42:31,reply,6a2428990000000006021c7f,6a28ed2a0000000028037abe,complete,endpoint_exhausted,0,0,0,shanghai,ssh_eip_shanghai,deep_shanghai,9341,22,complete,GK2026D1,,
2026-08-25T10:42:31,reply,6a2428990000000006021c7f,6a28ec81000000002702fcb8,complete,endpoint_exhausted,0,0,0,shanghai,ssh_eip_shanghai,deep_shanghai,9341,22,complete,GK2026D1,,
2026-08-25T10:42:31,reply,6a2428990000000006021c7f,6a28d3b8000000002701cf07,complete,endpoint_exhausted,0,0,0,shanghai,ssh_eip_shanghai,deep_shanghai,9341,22,complete,GK2026D1,,
2026-08-25T10:42:31,reply,6a2428990000000006021c7f,6a28bac7000000002903505d,complete,endpoint_exhausted,0,0,0,shanghai,ssh_eip_shanghai,deep_shanghai,9341,22,complete,GK2026D1,,
2026-08-25T10:42:31,reply,6a2428990000000006021c7f,6a28b4d5000000002b0274ea,complete,endpoint_exhausted,0,0,0,shanghai,ssh_eip_shanghai,deep_shanghai,9341,22,complete,GK2026D1,,
2026-08-25T10:42:31,reply,6a2428990000000006021c7f,6a28b40d0000000029034be5,complete,endpoint_exhausted,0,0,0,shanghai,ssh_eip_shanghai,deep_shanghai,9341,22,complete,GK2026D1,,
2026-08-25T10:42:48,reply,6a2428990000000006021c7f,6a28a9c30000000028036e1d,complete,endpoint_exhausted,0,0,0,shanghai,ssh_eip_shanghai,deep_shanghai,9341,22,complete,GK2026D1,,
2026-08-25T10:42:48,reply,6a2428990000000006021c7f,6a2860620000000027017ec0,complete,endpoint_exhausted,0,0,0,shanghai,ssh_eip_shanghai,deep_shanghai,9341,22,complete,GK2026D1,,
2026-08-25T10:42:48,reply,6a2428990000000006021c7f,6a27fe6e0000000029025440,complete,endpoint_exhausted,0,0,0,shanghai,ssh_eip_shanghai,deep_shanghai,9341,22,complete,GK2026D1,,
2026-08-25T10:42:48,reply,6a2428990000000006021c7f,6a27f4ea000000002902f5f1,complete,endpoint_exhausted,0,0,0,shanghai,ssh_eip_shanghai,deep_shanghai,9341,22,complete,GK2026D1,,
2026-08-25T10:42:48,reply,6a2428990000000006021c7f,6a27e87d0000000028031f38,complete,endpoint_exhausted,0,0,0,shanghai,ssh_eip_shanghai,deep_shanghai,9341,22,complete,GK2026D1,,
2026-08-25T10:42:48,reply,6a2428990000000006021c7f,6a27e774000000002a02d194,complete,endpoint_exhausted,0,0,0,shanghai,ssh_eip_shanghai,deep_shanghai,9341,22,complete,GK2026D1,,
2026-08-25T10:42:48,reply,6a2428990000000006021c7f,6a27e61a000000002900ca17,complete,endpoint_exhausted,0,0,0,shanghai,ssh_eip_shanghai,deep_shanghai,9341,22,complete,GK2026D1,,
2026-08-25T10:42:48,reply,6a2428990000000006021c7f,6a27cb10000000002702a348,complete,endpoint_exhausted,0,0,0,shanghai,ssh_eip_shanghai,deep_shanghai,9341,22,complete,GK2026D1,,
2026-08-25T10:42:48,reply,6a2428990000000006021c7f,6a27c2af00000000270226b7,complete,endpoint_exhausted,0,0,0,shanghai,ssh_eip_shanghai,deep_shanghai,9341,22,complete,GK2026D1,,
2026-08-25T10:42:48,reply,6a2428990000000006021c7f,6a27a8b70000000028032cbd,complete,endpoint_exhausted,0,0,0,shanghai,ssh_eip_shanghai,deep_shanghai,9341,22,complete,GK2026D1,,
2026-08-25T10:43:04,reply,6a2428990000000006021c7f,6a27a2210000000028031058,complete,endpoint_exhausted,0,0,0,shanghai,ssh_eip_shanghai,deep_shanghai,9341,22,complete,GK2026D1,,
2026-08-25T10:43:04,reply,6a2428990000000006021c7f,6a279d6a0000000028030c03,complete,endpoint_exhausted,0,0,0,shanghai,ssh_eip_shanghai,deep_shanghai,9341,22,complete,GK2026D1,,
2026-08-25T10:43:04,reply,6a2428990000000006021c7f,6a279a21000000002b025c2c,complete,endpoint_exhausted,0,0,0,shanghai,ssh_eip_shanghai,deep_shanghai,9341,22,complete,GK2026D1,,
2026-08-25T10:43:04,reply,6a2428990000000006021c7f,6a278b0d000000002a024427,complete,endpoint_exhausted,0,0,0,shanghai,ssh_eip_shanghai,deep_shanghai,9341,22,complete,GK2026D1,,
2026-08-25T10:43:04,reply,6a2428990000000006021c7f,6a278467000000002900d137,complete,endpoint_exhausted,0,0,0,shanghai,ssh_eip_shanghai,deep_shanghai,9341,22,complete,GK2026D1,,
2026-08-25T10:43:04,reply,6a2428990000000006021c7f,6a276a2c000000002803fef3,complete,endpoint_exhausted,0,0,0,shanghai,ssh_eip_shanghai,deep_shanghai,9341,22,complete,GK2026D1,,
2026-08-25T10:43:04,reply,6a2428990000000006021c7f,6a27669b00000000290191de,complete,endpoint_exhausted,0,0,0,shanghai,ssh_eip_shanghai,deep_shanghai,9341,22,complete,GK2026D1,,
2026-08-25T10:43:04,reply,6a2428990000000006021c7f,6a276090000000002803beb9,complete,endpoint_exhausted,0,0,0,shanghai,ssh_eip_shanghai,deep_shanghai,9341,22,complete,GK2026D1,,
2026-08-25T10:43:04,reply,6a2428990000000006021c7f,6a27607f000000002902ceb0,complete,endpoint_exhausted,0,0,0,shanghai,ssh_eip_shanghai,deep_shanghai,9341,22,complete,GK2026D1,,
2026-08-25T10:43:04,reply,6a2428990000000006021c7f,6a26dad8000000002a0277f8,complete,endpoint_exhausted,0,0,0,shanghai,ssh_eip_shanghai,deep_shanghai,9341,22,complete,GK2026D1,,
2026-08-25T10:43:21,reply,6a2428990000000006021c7f,6a26958200000000270177ec,complete,endpoint_exhausted,0,0,0,shanghai,ssh_eip_shanghai,deep_shanghai,9341,22,complete,GK2026D1,,
2026-08-25T10:43:21,reply,6a2428990000000006021c7f,6a2693f6000000002a033177,complete,endpoint_exhausted,0,0,0,shanghai,ssh_eip_shanghai,deep_shanghai,9341,22,complete,GK2026D1,,
2026-08-25T10:43:21,reply,6a2428990000000006021c7f,6a265903000000002a02533b,complete,endpoint_exhausted,0,0,0,shanghai,ssh_eip_shanghai,deep_shanghai,9341,22,complete,GK2026D1,,
2026-08-25T10:43:21,reply,6a2428990000000006021c7f,6a26426c0000000028030d76,complete,endpoint_exhausted,0,0,0,shanghai,ssh_eip_shanghai,deep_shanghai,9341,22,complete,GK2026D1,,
2026-08-25T10:43:21,reply,6a2428990000000006021c7f,6a263ca60000000028036ab2,complete,endpoint_exhausted,0,0,0,shanghai,ssh_eip_shanghai,deep_shanghai,9341,22,complete,GK2026D1,,
2026-08-25T10:43:21,reply,6a2428990000000006021c7f,6a260abd000000002b02a3b0,complete,endpoint_exhausted,0,0,0,shanghai,ssh_eip_shanghai,deep_shanghai,9341,22,complete,GK2026D1,,
2026-08-25T10:43:21,reply,6a2428990000000006021c7f,6a259dbc000000002800a5de,complete,endpoint_exhausted,0,0,0,shanghai,ssh_eip_shanghai,deep_shanghai,9341,22,complete,GK2026D1,,
2026-08-25T10:43:21,reply,6a2428990000000006021c7f,6a2596bb000000002702c03d,complete,endpoint_exhausted,0,0,0,shanghai,ssh_eip_shanghai,deep_shanghai,9341,22,complete,GK2026D1,,
2026-08-25T10:43:21,reply,6a2428990000000006021c7f,6a2573c90000000028031ceb,complete,endpoint_exhausted,0,0,0,shanghai,ssh_eip_shanghai,deep_shanghai,9341,22,complete,GK2026D1,,
2026-08-25T10:43:21,reply,6a2428990000000006021c7f,6a25602e000000002a007c23,complete,endpoint_exhausted,0,0,0,shanghai,ssh_eip_shanghai,deep_shanghai,9341,22,complete,GK2026D1,,
2026-08-25T10:43:38,reply,6a2428990000000006021c7f,6a253408000000002701edfe,complete,endpoint_exhausted,0,0,0,shanghai,ssh_eip_shanghai,deep_shanghai,9341,22,complete,GK2026D1,,
2026-08-25T10:43:38,reply,6a2428990000000006021c7f,6a2534030000000027015ee5,complete,endpoint_exhausted,0,0,0,shanghai,ssh_eip_shanghai,deep_shanghai,9341,22,complete,GK2026D1,,
2026-08-25T10:43:38,reply,6a2428990000000006021c7f,6a25309d000000002803ab3a,complete,endpoint_exhausted,0,0,0,shanghai,ssh_eip_shanghai,deep_shanghai,9341,22,complete,GK2026D1,,
2026-08-25T10:43:38,reply,6a2428990000000006021c7f,6a2527800000000029037da6,complete,endpoint_exhausted,0,0,0,shanghai,ssh_eip_shanghai,deep_shanghai,9341,22,complete,GK2026D1,,
2026-08-25T10:43:38,reply,6a2428990000000006021c7f,6a2524ed000000002803bfe5,complete,endpoint_exhausted,0,0,0,shanghai,ssh_eip_shanghai,deep_shanghai,9341,22,complete,GK2026D1,,
2026-08-25T10:43:38,reply,6a2428990000000006021c7f,6a25245b000000002b02bc60,complete,endpoint_exhausted,0,0,0,shanghai,ssh_eip_shanghai,deep_shanghai,9341,22,complete,GK2026D1,,
2026-08-25T10:43:38,reply,6a2428990000000006021c7f,6a2521a8000000002b0027dc,complete,endpoint_exhausted,0,0,0,shanghai,ssh_eip_shanghai,deep_shanghai,9341,22,complete,GK2026D1,,
2026-08-25T10:43:38,reply,6a2428990000000006021c7f,6a2513f5000000002b02a370,complete,endpoint_exhausted,0,0,0,shanghai,ssh_eip_shanghai,deep_shanghai,9341,22,complete,GK2026D1,,
2026-08-25T10:43:38,reply,6a2428990000000006021c7f,6a25065c000000002a024dd0,complete,endpoint_exhausted,0,0,0,shanghai,ssh_eip_shanghai,deep_shanghai,9341,22,complete,GK2026D1,,
2026-08-25T10:43:38,reply,6a2428990000000006021c7f,6a2503650000000027015348,complete,endpoint_exhausted,0,0,0,shanghai,ssh_eip_shanghai,deep_shanghai,9341,22,complete,GK2026D1,,
2026-08-25T10:43:54,reply,6a2428990000000006021c7f,6a2501390000000028009295,complete,endpoint_exhausted,0,0,0,shanghai,ssh_eip_shanghai,deep_shanghai,9341,22,complete,GK2026D1,,
2026-08-25T10:43:54,reply,6a2428990000000006021c7f,6a24fd3a000000002a006209,complete,endpoint_exhausted,0,0,0,shanghai,ssh_eip_shanghai,deep_shanghai,9341,22,complete,GK2026D1,,
2026-08-25T10:43:54,reply,6a2428990000000006021c7f,6a24f9dd000000002a027c0b,complete,endpoint_exhausted,0,0,0,shanghai,ssh_eip_shanghai,deep_shanghai,9341,22,complete,GK2026D1,,
2026-08-25T10:43:54,reply,6a2428990000000006021c7f,6a24ef770000000028036c5a,complete,endpoint_exhausted,0,0,0,shanghai,ssh_eip_shanghai,deep_shanghai,9341,22,complete,GK2026D1,,
2026-08-25T10:43:54,reply,6a2428990000000006021c7f,6a24ef490000000027014f5b,complete,endpoint_exhausted,0,0,0,shanghai,ssh_eip_shanghai,deep_shanghai,9341,22,complete,GK2026D1,,
2026-08-25T10:43:54,reply,6a2428990000000006021c7f,6a24ee58000000002900c115,complete,endpoint_exhausted,0,0,0,shanghai,ssh_eip_shanghai,deep_shanghai,9341,22,complete,GK2026D1,,
2026-08-25T10:43:54,reply,6a2428990000000006021c7f,6a24ecaa000000002b025d36,complete,endpoint_exhausted,0,0,0,shanghai,ssh_eip_shanghai,deep_shanghai,9341,22,complete,GK2026D1,,
2026-08-25T10:43:54,reply,6a2428990000000006021c7f,6a24eba8000000002702c541,complete,endpoint_exhausted,0,0,0,shanghai,ssh_eip_shanghai,deep_shanghai,9341,22,complete,GK2026D1,,
2026-08-25T10:44:27,reply,6a2428990000000006021c7f,6a24e747000000002803de83,complete,endpoint_exhausted,2,8,8,shanghai,ssh_eip_shanghai,deep_shanghai,9341,22,complete,GK2026D1,,
2026-08-25T10:44:27,reply,6a2428990000000006021c7f,6a24e555000000002803960f,complete,endpoint_exhausted,0,0,0,shanghai,ssh_eip_shanghai,deep_shanghai,9341,22,complete,GK2026D1,,
2026-08-25T10:44:44,reply,6a2428990000000006021c7f,6a24d56d0000000029037f3a,complete,endpoint_exhausted,0,0,0,shanghai,ssh_eip_shanghai,deep_shanghai,9341,22,complete,GK2026D1,,
2026-08-25T10:44:44,reply,6a2428990000000006021c7f,6a24d384000000002800ac29,complete,endpoint_exhausted,0,0,0,shanghai,ssh_eip_shanghai,deep_shanghai,9341,22,complete,GK2026D1,,
2026-08-25T10:44:44,reply,6a2428990000000006021c7f,6a24c3c2000000002b02b8b7,complete,endpoint_exhausted,0,0,0,shanghai,ssh_eip_shanghai,deep_shanghai,9341,22,complete,GK2026D1,,
2026-08-25T10:44:44,reply,6a2428990000000006021c7f,6a24c2a4000000002b0298cb,complete,endpoint_exhausted,0,0,0,shanghai,ssh_eip_shanghai,deep_shanghai,9341,22,complete,GK2026D1,,
2026-08-25T10:44:44,reply,6a2428990000000006021c7f,6a24c2220000000028031a36,complete,endpoint_exhausted,0,0,0,shanghai,ssh_eip_shanghai,deep_shanghai,9341,22,complete,GK2026D1,,
2026-08-25T10:44:44,reply,6a2428990000000006021c7f,6a24ba02000000002800ba1c,complete,endpoint_exhausted,0,0,0,shanghai,ssh_eip_shanghai,deep_shanghai,9341,22,complete,GK2026D1,,
2026-08-25T10:44:44,reply,6a2428990000000006021c7f,6a2907f50000000027017a32,complete,endpoint_exhausted,0,0,0,shanghai,ssh_eip_shanghai,deep_shanghai,9341,22,complete,GK2026D1,,
2026-08-25T10:44:44,reply,6a2428990000000006021c7f,6a27cac9000000002803cb2e,complete,endpoint_exhausted,0,0,0,shanghai,ssh_eip_shanghai,deep_shanghai,9341,22,complete,GK2026D1,,
2026-08-25T10:44:44,reply,6a2428990000000006021c7f,6a27869e0000000027028a57,complete,endpoint_exhausted,0,0,0,shanghai,ssh_eip_shanghai,deep_shanghai,9341,22,complete,GK2026D1,,
2026-08-25T10:44:44,reply,6a2428990000000006021c7f,6a278251000000002702a594,complete,endpoint_exhausted,0,0,0,shanghai,ssh_eip_shanghai,deep_shanghai,9341,22,complete,GK2026D1,,
2026-08-25T10:45:01,reply,6a2428990000000006021c7f,6a265b80000000002803ab4f,complete,endpoint_exhausted,0,0,0,shanghai,ssh_eip_shanghai,deep_shanghai,9341,22,complete,GK2026D1,,
2026-08-25T10:45:01,reply,6a2428990000000006021c7f,6a261379000000002a030729,complete,endpoint_exhausted,0,0,0,shanghai,ssh_eip_shanghai,deep_shanghai,9341,22,complete,GK2026D1,,
2026-08-25T10:45:01,reply,6a2428990000000006021c7f,6a24ee160000000029012e71,complete,endpoint_exhausted,0,0,0,shanghai,ssh_eip_shanghai,deep_shanghai,9341,22,complete,GK2026D1,,
2026-08-25T10:45:01,reply,6a2428990000000006021c7f,6a24ed560000000029010157,complete,endpoint_exhausted,0,0,0,shanghai,ssh_eip_shanghai,deep_shanghai,9341,22,complete,GK2026D1,,
2026-08-25T10:45:01,top_level,6a2428990000000006021c7f,,complete,endpoint_exhausted,21,204,,shanghai,ssh_eip_shanghai,deep_shanghai,9341,22,complete,GK2026D1,True,
2026-08-25T10:58:39,reply,6a24e6d40000000006031168,6a250af9000000002701dc05,complete,endpoint_exhausted,10,49,49,shanghai,ssh_eip_shanghai,deep_shanghai,9341,23,complete,GK2026D1,,
2026-08-25T11:09:58,reply,6a24e6d40000000006031168,6a2519190000000027016d2c,complete,endpoint_exhausted,41,204,204,shanghai,ssh_eip_shanghai,deep_shanghai,9341,23,complete,GK2026D1,,
2026-08-25T11:12:11,reply,6a24e6d40000000006031168,6a24f6600000000029024d1e,complete,endpoint_exhausted,8,40,40,shanghai,ssh_eip_shanghai,deep_shanghai,9341,23,complete,GK2026D1,,
2026-08-25T11:16:07,reply,6a24e6d40000000006031168,6a251ce3000000002a02643c,complete,endpoint_exhausted,14,67,67,shanghai,ssh_eip_shanghai,deep_shanghai,9341,23,complete,GK2026D1,,
2026-08-25T11:17:47,reply,6a24e6d40000000006031168,6a2500bf000000002803b994,complete,endpoint_exhausted,6,28,28,shanghai,ssh_eip_shanghai,deep_shanghai,9341,23,complete,GK2026D1,,
2026-08-25T11:20:01,reply,6a24e6d40000000006031168,6a250395000000002803ff02,complete,endpoint_exhausted,8,40,40,shanghai,ssh_eip_shanghai,deep_shanghai,9341,23,complete,GK2026D1,,
2026-08-25T11:20:50,reply,6a24e6d40000000006031168,6a251a09000000002a033e9e,complete,endpoint_exhausted,3,16,16,shanghai,ssh_eip_shanghai,deep_shanghai,9341,23,complete,GK2026D1,,
2026-08-25T11:21:07,reply,6a24e6d40000000006031168,6a2519c4000000002900e3de,complete,endpoint_exhausted,1,2,2,shanghai,ssh_eip_shanghai,deep_shanghai,9341,23,complete,GK2026D1,,
2026-08-25T11:21:57,reply,6a24e6d40000000006031168,6a24fa06000000002b02611a,complete,endpoint_exhausted,3,15,15,shanghai,ssh_eip_shanghai,deep_shanghai,9341,23,complete,GK2026D1,,
2026-08-25T11:22:46,reply,6a24e6d40000000006031168,6a251c260000000029010827,complete,endpoint_exhausted,3,15,15,shanghai,ssh_eip_shanghai,deep_shanghai,9341,23,complete,GK2026D1,,
2026-08-25T11:23:03,reply,6a24e6d40000000006031168,6a251c020000000029037dae,complete,endpoint_exhausted,0,0,0,shanghai,ssh_eip_shanghai,deep_shanghai,9341,23,complete,GK2026D1,,
2026-08-25T11:23:03,reply,6a24e6d40000000006031168,6a251bf2000000002702a2c2,complete,endpoint_exhausted,0,0,0,shanghai,ssh_eip_shanghai,deep_shanghai,9341,23,complete,GK2026D1,,
2026-08-25T11:23:03,reply,6a24e6d40000000006031168,6a251bdd000000002903788f,complete,endpoint_exhausted,0,0,0,shanghai,ssh_eip_shanghai,deep_shanghai,9341,23,complete,GK2026D1,,
2026-08-25T11:23:03,reply,6a24e6d40000000006031168,6a251bce000000002702998b,complete,endpoint_exhausted,0,0,0,shanghai,ssh_eip_shanghai,deep_shanghai,9341,23,complete,GK2026D1,,
2026-08-25T11:23:03,reply,6a24e6d40000000006031168,6a251bcb000000002901b785,complete,endpoint_exhausted,0,0,0,shanghai,ssh_eip_shanghai,deep_shanghai,9341,23,complete,GK2026D1,,
2026-08-25T11:23:03,reply,6a24e6d40000000006031168,6a251bc4000000002a02f82d,complete,endpoint_exhausted,0,0,0,shanghai,ssh_eip_shanghai,deep_shanghai,9341,23,complete,GK2026D1,,
2026-08-25T11:23:03,reply,6a24e6d40000000006031168,6a251b9a000000002b025714,complete,endpoint_exhausted,0,0,0,shanghai,ssh_eip_shanghai,deep_shanghai,9341,23,complete,GK2026D1,,
2026-08-25T11:23:03,reply,6a24e6d40000000006031168,6a251b90000000002a0060bc,complete,endpoint_exhausted,0,0,0,shanghai,ssh_eip_shanghai,deep_shanghai,9341,23,complete,GK2026D1,,
2026-08-25T11:23:03,reply,6a24e6d40000000006031168,6a251b6d0000000028038fe0,complete,endpoint_exhausted,0,0,0,shanghai,ssh_eip_shanghai,deep_shanghai,9341,23,complete,GK2026D1,,
2026-08-25T11:23:03,reply,6a24e6d40000000006031168,6a251b680000000028008723,complete,endpoint_exhausted,0,0,0,shanghai,ssh_eip_shanghai,deep_shanghai,9341,23,complete,GK2026D1,,
2026-08-25T11:23:19,reply,6a24e6d40000000006031168,6a251b5900000000270224e7,complete,endpoint_exhausted,0,0,0,shanghai,ssh_eip_shanghai,deep_shanghai,9341,23,complete,GK2026D1,,
2026-08-25T11:23:19,reply,6a24e6d40000000006031168,6a251b54000000002a0055de,complete,endpoint_exhausted,0,0,0,shanghai,ssh_eip_shanghai,deep_shanghai,9341,23,complete,GK2026D1,,
2026-08-25T11:23:19,reply,6a24e6d40000000006031168,6a251b2e000000000d021c00,complete,endpoint_exhausted,0,0,0,shanghai,ssh_eip_shanghai,deep_shanghai,9341,23,complete,GK2026D1,,
2026-08-25T11:23:19,reply,6a24e6d40000000006031168,6a251b10000000002800b175,complete,endpoint_exhausted,0,0,0,shanghai,ssh_eip_shanghai,deep_shanghai,9341,23,complete,GK2026D1,,
2026-08-25T11:23:19,reply,6a24e6d40000000006031168,6a251acc000000002900e207,complete,endpoint_exhausted,0,0,0,shanghai,ssh_eip_shanghai,deep_shanghai,9341,23,complete,GK2026D1,,
2026-08-25T11:23:19,reply,6a24e6d40000000006031168,6a251abd000000002803a674,complete,endpoint_exhausted,0,0,0,shanghai,ssh_eip_shanghai,deep_shanghai,9341,23,complete,GK2026D1,,
2026-08-25T11:23:36,reply,6a24e6d40000000006031168,6a251aba0000000028031b45,complete,endpoint_exhausted,1,3,3,shanghai,ssh_eip_shanghai,deep_shanghai,9341,23,complete,GK2026D1,,
2026-08-25T11:23:36,reply,6a24e6d40000000006031168,6a251aa300000000290188e0,complete,endpoint_exhausted,0,0,0,shanghai,ssh_eip_shanghai,deep_shanghai,9341,23,complete,GK2026D1,,
2026-08-25T11:23:36,reply,6a24e6d40000000006031168,6a251a7c000000002803fb6f,complete,endpoint_exhausted,0,0,0,shanghai,ssh_eip_shanghai,deep_shanghai,9341,23,complete,GK2026D1,,
2026-08-25T11:23:36,reply,6a24e6d40000000006031168,6a251a71000000002a027040,complete,endpoint_exhausted,0,0,0,shanghai,ssh_eip_shanghai,deep_shanghai,9341,23,complete,GK2026D1,,
2026-08-25T11:23:52,reply,6a24e6d40000000006031168,6a251a6f0000000027028320,complete,endpoint_exhausted,0,0,0,shanghai,ssh_eip_shanghai,deep_shanghai,9341,23,complete,GK2026D1,,
2026-08-25T11:23:52,reply,6a24e6d40000000006031168,6a251a6c000000002803f766,complete,endpoint_exhausted,0,0,0,shanghai,ssh_eip_shanghai,deep_shanghai,9341,23,complete,GK2026D1,,
2026-08-25T11:23:52,reply,6a24e6d40000000006031168,6a251a6a000000002803f6c3,complete,endpoint_exhausted,0,0,0,shanghai,ssh_eip_shanghai,deep_shanghai,9341,23,complete,GK2026D1,,
2026-08-25T11:23:52,reply,6a24e6d40000000006031168,6a251a62000000002702d011,complete,endpoint_exhausted,0,0,0,shanghai,ssh_eip_shanghai,deep_shanghai,9341,23,complete,GK2026D1,,
2026-08-25T11:23:52,reply,6a24e6d40000000006031168,6a251a6000000000270176b3,complete,endpoint_exhausted,0,0,0,shanghai,ssh_eip_shanghai,deep_shanghai,9341,23,complete,GK2026D1,,
2026-08-25T11:23:52,reply,6a24e6d40000000006031168,6a251a55000000002902d1ee,complete,endpoint_exhausted,0,0,0,shanghai,ssh_eip_shanghai,deep_shanghai,9341,23,complete,GK2026D1,,
2026-08-25T11:23:52,reply,6a24e6d40000000006031168,6a251a3f000000002702c897,complete,endpoint_exhausted,0,0,0,shanghai,ssh_eip_shanghai,deep_shanghai,9341,23,complete,GK2026D1,,
2026-08-25T11:23:52,reply,6a24e6d40000000006031168,6a251a320000000027016c0f,complete,endpoint_exhausted,0,0,0,shanghai,ssh_eip_shanghai,deep_shanghai,9341,23,complete,GK2026D1,,
2026-08-25T11:23:52,reply,6a24e6d40000000006031168,6a251a02000000002b0253ba,complete,endpoint_exhausted,0,0,0,shanghai,ssh_eip_shanghai,deep_shanghai,9341,23,complete,GK2026D1,,
2026-08-25T11:23:52,reply,6a24e6d40000000006031168,6a2519f9000000002a0259ac,complete,endpoint_exhausted,0,0,0,shanghai,ssh_eip_shanghai,deep_shanghai,9341,23,complete,GK2026D1,,
2026-08-25T11:24:09,reply,6a24e6d40000000006031168,6a2519f2000000002a033a71,complete,endpoint_exhausted,0,0,0,shanghai,ssh_eip_shanghai,deep_shanghai,9341,23,complete,GK2026D1,,
2026-08-25T11:24:09,reply,6a24e6d40000000006031168,6a2519de000000002a00544d,complete,endpoint_exhausted,0,0,0,shanghai,ssh_eip_shanghai,deep_shanghai,9341,23,complete,GK2026D1,,
2026-08-25T11:24:09,reply,6a24e6d40000000006031168,6a2519d9000000002902fcab,complete,endpoint_exhausted,0,0,0,shanghai,ssh_eip_shanghai,deep_shanghai,9341,23,complete,GK2026D1,,
2026-08-25T11:24:09,reply,6a24e6d40000000006031168,6a2519d6000000002902fc44,complete,endpoint_exhausted,0,0,0,shanghai,ssh_eip_shanghai,deep_shanghai,9341,23,complete,GK2026D1,,
2026-08-25T11:24:25,reply,6a24e6d40000000006031168,6a2519c4000000002900e3de,complete,endpoint_exhausted,1,2,2,shanghai,ssh_eip_shanghai,deep_shanghai,9341,23,complete,GK2026D1,,
2026-08-25T11:24:25,reply,6a24e6d40000000006031168,6a2519be00000000290103e0,complete,endpoint_exhausted,0,0,0,shanghai,ssh_eip_shanghai,deep_shanghai,9341,23,complete,GK2026D1,,
2026-08-25T11:24:25,reply,6a24e6d40000000006031168,6a2519b700000000290252ec,complete,endpoint_exhausted,0,0,0,shanghai,ssh_eip_shanghai,deep_shanghai,9341,23,complete,GK2026D1,,
2026-08-25T11:24:25,reply,6a24e6d40000000006031168,6a2519990000000029019d9a,complete,endpoint_exhausted,0,0,0,shanghai,ssh_eip_shanghai,deep_shanghai,9341,23,complete,GK2026D1,,
2026-08-25T11:24:25,reply,6a24e6d40000000006031168,6a2519940000000028031888,complete,endpoint_exhausted,0,0,0,shanghai,ssh_eip_shanghai,deep_shanghai,9341,23,complete,GK2026D1,,
2026-08-25T11:24:25,reply,6a24e6d40000000006031168,6a25197b0000000027023991,complete,endpoint_exhausted,0,0,0,shanghai,ssh_eip_shanghai,deep_shanghai,9341,23,complete,GK2026D1,,
2026-08-25T11:24:42,reply,6a24e6d40000000006031168,6a25196e000000002a0240d4,complete,endpoint_exhausted,0,0,0,shanghai,ssh_eip_shanghai,deep_shanghai,9341,23,complete,GK2026D1,,
2026-08-25T11:24:42,reply,6a24e6d40000000006031168,6a25196c0000000027028a09,complete,endpoint_exhausted,0,0,0,shanghai,ssh_eip_shanghai,deep_shanghai,9341,23,complete,GK2026D1,,
2026-08-25T11:24:42,reply,6a24e6d40000000006031168,6a251960000000002a02d397,complete,endpoint_exhausted,0,0,0,shanghai,ssh_eip_shanghai,deep_shanghai,9341,23,complete,GK2026D1,,
2026-08-25T11:24:42,reply,6a24e6d40000000006031168,6a251950000000002b003ef5,complete,endpoint_exhausted,0,0,0,shanghai,ssh_eip_shanghai,deep_shanghai,9341,23,complete,GK2026D1,,
2026-08-25T11:24:42,reply,6a24e6d40000000006031168,6a251949000000002a031d83,complete,endpoint_exhausted,0,0,0,shanghai,ssh_eip_shanghai,deep_shanghai,9341,23,complete,GK2026D1,,
2026-08-25T11:24:42,reply,6a24e6d40000000006031168,6a251944000000002902e5c1,complete,endpoint_exhausted,0,0,0,shanghai,ssh_eip_shanghai,deep_shanghai,9341,23,complete,GK2026D1,,
2026-08-25T11:24:42,reply,6a24e6d40000000006031168,6a25193f000000002701eac2,complete,endpoint_exhausted,0,0,0,shanghai,ssh_eip_shanghai,deep_shanghai,9341,23,complete,GK2026D1,,
2026-08-25T11:24:42,reply,6a24e6d40000000006031168,6a25193c0000000027022c68,complete,endpoint_exhausted,0,0,0,shanghai,ssh_eip_shanghai,deep_shanghai,9341,23,complete,GK2026D1,,
2026-08-25T11:24:42,reply,6a24e6d40000000006031168,6a25191b000000002a02c8ed,complete,endpoint_exhausted,0,0,0,shanghai,ssh_eip_shanghai,deep_shanghai,9341,23,complete,GK2026D1,,
2026-08-25T11:24:42,reply,6a24e6d40000000006031168,6a251918000000002a03135e,complete,endpoint_exhausted,0,0,0,shanghai,ssh_eip_shanghai,deep_shanghai,9341,23,complete,GK2026D1,,
2026-08-25T11:24:58,reply,6a24e6d40000000006031168,6a251912000000002a02710b,complete,endpoint_exhausted,0,0,0,shanghai,ssh_eip_shanghai,deep_shanghai,9341,23,complete,GK2026D1,,
2026-08-25T11:24:58,reply,6a24e6d40000000006031168,6a2518fc000000002803e19c,complete,endpoint_exhausted,0,0,0,shanghai,ssh_eip_shanghai,deep_shanghai,9341,23,complete,GK2026D1,,
2026-08-25T11:24:58,reply,6a24e6d40000000006031168,6a2518f50000000028038077,complete,endpoint_exhausted,0,0,0,shanghai,ssh_eip_shanghai,deep_shanghai,9341,23,complete,GK2026D1,,
2026-08-25T11:24:58,reply,6a24e6d40000000006031168,6a2518f4000000002a026b8f,complete,endpoint_exhausted,0,0,0,shanghai,ssh_eip_shanghai,deep_shanghai,9341,23,complete,GK2026D1,,
2026-08-25T11:24:58,reply,6a24e6d40000000006031168,6a2518ea000000002a0269a6,complete,endpoint_exhausted,0,0,0,shanghai,ssh_eip_shanghai,deep_shanghai,9341,23,complete,GK2026D1,,
2026-08-25T11:24:58,reply,6a24e6d40000000006031168,6a2518e6000000000d022800,complete,endpoint_exhausted,0,0,0,shanghai,ssh_eip_shanghai,deep_shanghai,9341,23,complete,GK2026D1,,
2026-08-25T11:24:58,reply,6a24e6d40000000006031168,6a2518d10000000027021523,complete,endpoint_exhausted,0,0,0,shanghai,ssh_eip_shanghai,deep_shanghai,9341,23,complete,GK2026D1,,
2026-08-25T11:24:58,reply,6a24e6d40000000006031168,6a2518c9000000002b02be7c,complete,endpoint_exhausted,0,0,0,shanghai,ssh_eip_shanghai,deep_shanghai,9341,23,complete,GK2026D1,,
2026-08-25T11:24:58,reply,6a24e6d40000000006031168,6a2518c6000000002a0066a4,complete,endpoint_exhausted,0,0,0,shanghai,ssh_eip_shanghai,deep_shanghai,9341,23,complete,GK2026D1,,
2026-08-25T11:24:58,reply,6a24e6d40000000006031168,6a2518c1000000002b02bcf6,complete,endpoint_exhausted,0,1,1,shanghai,ssh_eip_shanghai,deep_shanghai,9341,23,complete,GK2026D1,,
2026-08-25T11:25:15,reply,6a24e6d40000000006031168,6a2518b8000000002a006454,complete,endpoint_exhausted,0,0,0,shanghai,ssh_eip_shanghai,deep_shanghai,9341,23,complete,GK2026D1,,
2026-08-25T11:25:15,reply,6a24e6d40000000006031168,6a2518a7000000002702e3ec,complete,endpoint_exhausted,0,0,0,shanghai,ssh_eip_shanghai,deep_shanghai,9341,23,complete,GK2026D1,,
2026-08-25T11:25:15,reply,6a24e6d40000000006031168,6a25188900000000270295a3,complete,endpoint_exhausted,0,0,0,shanghai,ssh_eip_shanghai,deep_shanghai,9341,23,complete,GK2026D1,,
2026-08-25T11:25:32,reply,6a24e6d40000000006031168,6a25187a000000002701fe87,complete,endpoint_exhausted,1,3,3,shanghai,ssh_eip_shanghai,deep_shanghai,9341,23,complete,GK2026D1,,
2026-08-25T11:25:32,reply,6a24e6d40000000006031168,6a2518790000000029025d3e,complete,endpoint_exhausted,0,0,0,shanghai,ssh_eip_shanghai,deep_shanghai,9341,23,complete,GK2026D1,,
2026-08-25T11:25:32,reply,6a24e6d40000000006031168,6a25187300000000290134f7,complete,endpoint_exhausted,0,0,0,shanghai,ssh_eip_shanghai,deep_shanghai,9341,23,complete,GK2026D1,,
2026-08-25T11:25:48,reply,6a24e6d40000000006031168,6a2518720000000029025c18,complete,endpoint_exhausted,1,4,4,shanghai,ssh_eip_shanghai,deep_shanghai,9341,23,complete,GK2026D1,,
2026-08-25T11:25:48,reply,6a24e6d40000000006031168,6a25186f000000002a02ed24,complete,endpoint_exhausted,0,0,0,shanghai,ssh_eip_shanghai,deep_shanghai,9341,23,complete,GK2026D1,,
2026-08-25T11:25:48,reply,6a24e6d40000000006031168,6a25186e0000000027020183,complete,endpoint_exhausted,0,0,0,shanghai,ssh_eip_shanghai,deep_shanghai,9341,23,complete,GK2026D1,,
2026-08-25T11:25:48,reply,6a24e6d40000000006031168,6a251861000000002b0252a0,complete,endpoint_exhausted,0,0,0,shanghai,ssh_eip_shanghai,deep_shanghai,9341,23,complete,GK2026D1,,
2026-08-25T11:26:05,reply,6a24e6d40000000006031168,6a25185e000000002900d607,complete,endpoint_exhausted,0,0,0,shanghai,ssh_eip_shanghai,deep_shanghai,9341,23,complete,GK2026D1,,
2026-08-25T11:26:05,reply,6a24e6d40000000006031168,6a25183e0000000027017d73,complete,endpoint_exhausted,0,0,0,shanghai,ssh_eip_shanghai,deep_shanghai,9341,23,complete,GK2026D1,,
2026-08-25T11:26:05,reply,6a24e6d40000000006031168,6a251828000000002a02e1c3,complete,endpoint_exhausted,0,0,0,shanghai,ssh_eip_shanghai,deep_shanghai,9341,23,complete,GK2026D1,,
2026-08-25T11:26:05,reply,6a24e6d40000000006031168,6a25181d0000000029012132,complete,endpoint_exhausted,0,0,0,shanghai,ssh_eip_shanghai,deep_shanghai,9341,23,complete,GK2026D1,,
2026-08-25T11:26:05,reply,6a24e6d40000000006031168,6a25181d0000000028008754,complete,endpoint_exhausted,0,0,0,shanghai,ssh_eip_shanghai,deep_shanghai,9341,23,complete,GK2026D1,,
2026-08-25T11:26:05,reply,6a24e6d40000000006031168,6a2517f0000000002702f88a,complete,endpoint_exhausted,0,0,0,shanghai,ssh_eip_shanghai,deep_shanghai,9341,23,complete,GK2026D1,,
2026-08-25T11:26:05,reply,6a24e6d40000000006031168,6a2517e80000000027022219,complete,endpoint_exhausted,0,0,0,shanghai,ssh_eip_shanghai,deep_shanghai,9341,23,complete,GK2026D1,,
2026-08-25T11:26:05,reply,6a24e6d40000000006031168,6a2517e5000000002a004050,complete,endpoint_exhausted,0,0,0,shanghai,ssh_eip_shanghai,deep_shanghai,9341,23,complete,GK2026D1,,
2026-08-25T11:26:05,reply,6a24e6d40000000006031168,6a2517e4000000002b024038,complete,endpoint_exhausted,0,0,0,shanghai,ssh_eip_shanghai,deep_shanghai,9341,23,complete,GK2026D1,,
2026-08-25T11:26:05,reply,6a24e6d40000000006031168,6a2517e400000000290195b1,complete,endpoint_exhausted,0,0,0,shanghai,ssh_eip_shanghai,deep_shanghai,9341,23,complete,GK2026D1,,
2026-08-25T11:26:21,reply,6a24e6d40000000006031168,6a2517d90000000027021eb4,complete,endpoint_exhausted,0,0,0,shanghai,ssh_eip_shanghai,deep_shanghai,9341,23,complete,GK2026D1,,
2026-08-25T11:26:21,reply,6a24e6d40000000006031168,6a2517c80000000029027e62,complete,endpoint_exhausted,0,0,0,shanghai,ssh_eip_shanghai,deep_shanghai,9341,23,complete,GK2026D1,,
2026-08-25T11:26:21,reply,6a24e6d40000000006031168,6a2517ac000000002803d43d,complete,endpoint_exhausted,0,0,0,shanghai,ssh_eip_shanghai,deep_shanghai,9341,23,complete,GK2026D1,,
2026-08-25T11:26:21,reply,6a24e6d40000000006031168,6a2517aa000000002900ecd6,complete,endpoint_exhausted,0,0,0,shanghai,ssh_eip_shanghai,deep_shanghai,9341,23,complete,GK2026D1,,
2026-08-25T11:26:21,reply,6a24e6d40000000006031168,6a2517a6000000002a0075c3,complete,endpoint_exhausted,0,0,0,shanghai,ssh_eip_shanghai,deep_shanghai,9341,23,complete,GK2026D1,,
2026-08-25T11:26:21,reply,6a24e6d40000000006031168,6a251793000000002a007270,complete,endpoint_exhausted,0,0,0,shanghai,ssh_eip_shanghai,deep_shanghai,9341,23,complete,GK2026D1,,
2026-08-25T11:26:21,reply,6a24e6d40000000006031168,6a2517920000000028037cd9,complete,endpoint_exhausted,0,0,0,shanghai,ssh_eip_shanghai,deep_shanghai,9341,23,complete,GK2026D1,,
2026-08-25T11:26:21,reply,6a24e6d40000000006031168,6a251768000000002803162c,complete,endpoint_exhausted,0,0,0,shanghai,ssh_eip_shanghai,deep_shanghai,9341,23,complete,GK2026D1,,
2026-08-25T11:26:21,reply,6a24e6d40000000006031168,6a2517250000000027028422,complete,endpoint_exhausted,0,0,0,shanghai,ssh_eip_shanghai,deep_shanghai,9341,23,complete,GK2026D1,,
2026-08-25T11:26:21,reply,6a24e6d40000000006031168,6a251712000000002a033301,complete,endpoint_exhausted,0,0,0,shanghai,ssh_eip_shanghai,deep_shanghai,9341,23,complete,GK2026D1,,
2026-08-25T11:26:38,reply,6a24e6d40000000006031168,6a2517110000000028008e34,complete,endpoint_exhausted,0,0,0,shanghai,ssh_eip_shanghai,deep_shanghai,9341,23,complete,GK2026D1,,
2026-08-25T11:26:38,reply,6a24e6d40000000006031168,6a25170b000000002b02acd1,complete,endpoint_exhausted,0,0,0,shanghai,ssh_eip_shanghai,deep_shanghai,9341,23,complete,GK2026D1,,
2026-08-25T11:26:38,reply,6a24e6d40000000006031168,6a2516f7000000002900c665,complete,endpoint_exhausted,0,0,0,shanghai,ssh_eip_shanghai,deep_shanghai,9341,23,complete,GK2026D1,,
2026-08-25T11:26:38,reply,6a24e6d40000000006031168,6a2516f5000000002b025ab0,complete,endpoint_exhausted,0,0,0,shanghai,ssh_eip_shanghai,deep_shanghai,9341,23,complete,GK2026D1,,
2026-08-25T11:26:38,reply,6a24e6d40000000006031168,6a2516f5000000002901afcd,complete,endpoint_exhausted,0,0,0,shanghai,ssh_eip_shanghai,deep_shanghai,9341,23,complete,GK2026D1,,
2026-08-25T11:27:11,reply,6a24e6d40000000006031168,6a2516e10000000028035296,complete,endpoint_exhausted,2,9,9,shanghai,ssh_eip_shanghai,deep_shanghai,9341,23,complete,GK2026D1,,
2026-08-25T11:27:11,reply,6a24e6d40000000006031168,6a2516df0000000029025627,complete,endpoint_exhausted,0,0,0,shanghai,ssh_eip_shanghai,deep_shanghai,9341,23,complete,GK2026D1,,
2026-08-25T11:27:11,reply,6a24e6d40000000006031168,6a2516bf000000002702ed9e,complete,endpoint_exhausted,0,0,0,shanghai,ssh_eip_shanghai,deep_shanghai,9341,23,complete,GK2026D1,,
2026-08-25T11:27:11,reply,6a24e6d40000000006031168,6a2516bd000000002a0324ff,complete,endpoint_exhausted,0,0,0,shanghai,ssh_eip_shanghai,deep_shanghai,9341,23,complete,GK2026D1,,
2026-08-25T11:27:11,reply,6a24e6d40000000006031168,6a2516bc000000002800ba56,complete,endpoint_exhausted,0,0,0,shanghai,ssh_eip_shanghai,deep_shanghai,9341,23,complete,GK2026D1,,
2026-08-25T11:27:28,reply,6a24e6d40000000006031168,6a25169b000000002901079d,complete,endpoint_exhausted,0,0,0,shanghai,ssh_eip_shanghai,deep_shanghai,9341,23,complete,GK2026D1,,
2026-08-25T11:27:28,reply,6a24e6d40000000006031168,6a251693000000000d021403,complete,endpoint_exhausted,0,0,0,shanghai,ssh_eip_shanghai,deep_shanghai,9341,23,complete,GK2026D1,,
2026-08-25T11:27:28,reply,6a24e6d40000000006031168,6a25167d000000002b02924c,complete,endpoint_exhausted,0,0,0,shanghai,ssh_eip_shanghai,deep_shanghai,9341,23,complete,GK2026D1,,
2026-08-25T11:27:28,reply,6a24e6d40000000006031168,6a251674000000002a00435e,complete,endpoint_exhausted,0,0,0,shanghai,ssh_eip_shanghai,deep_shanghai,9341,23,complete,GK2026D1,,
2026-08-25T11:27:28,reply,6a24e6d40000000006031168,6a251666000000002100dd8e,complete,endpoint_exhausted,0,1,1,shanghai,ssh_eip_shanghai,deep_shanghai,9341,23,complete,GK2026D1,,
2026-08-25T11:27:28,reply,6a24e6d40000000006031168,6a25165d000000002702d556,complete,endpoint_exhausted,0,0,0,shanghai,ssh_eip_shanghai,deep_shanghai,9341,23,complete,GK2026D1,,
2026-08-25T11:27:28,reply,6a24e6d40000000006031168,6a25164c000000002901919a,complete,endpoint_exhausted,0,0,0,shanghai,ssh_eip_shanghai,deep_shanghai,9341,23,complete,GK2026D1,,
2026-08-25T11:27:28,reply,6a24e6d40000000006031168,6a251641000000002a02cf6b,complete,endpoint_exhausted,0,0,0,shanghai,ssh_eip_shanghai,deep_shanghai,9341,23,complete,GK2026D1,,
2026-08-25T11:27:28,reply,6a24e6d40000000006031168,6a251635000000002702cc13,complete,endpoint_exhausted,0,0,0,shanghai,ssh_eip_shanghai,deep_shanghai,9341,23,complete,GK2026D1,,
2026-08-25T11:27:28,reply,6a24e6d40000000006031168,6a2516220000000027023ee5,complete,endpoint_exhausted,0,0,0,shanghai,ssh_eip_shanghai,deep_shanghai,9341,23,complete,GK2026D1,,
2026-08-25T11:27:45,reply,6a24e6d40000000006031168,6a25160d000000002902d9ed,complete,endpoint_exhausted,0,0,0,shanghai,ssh_eip_shanghai,deep_shanghai,9341,23,complete,GK2026D1,,
2026-08-25T11:27:45,reply,6a24e6d40000000006031168,6a25160b000000002b02bcfd,complete,endpoint_exhausted,0,0,0,shanghai,ssh_eip_shanghai,deep_shanghai,9341,23,complete,GK2026D1,,
2026-08-25T11:27:45,reply,6a24e6d40000000006031168,6a251606000000002901241f,complete,endpoint_exhausted,0,0,0,shanghai,ssh_eip_shanghai,deep_shanghai,9341,23,complete,GK2026D1,,
2026-08-25T11:27:45,reply,6a24e6d40000000006031168,6a2515f1000000002902d493,complete,endpoint_exhausted,0,0,0,shanghai,ssh_eip_shanghai,deep_shanghai,9341,23,complete,GK2026D1,,
2026-08-25T11:27:45,reply,6a24e6d40000000006031168,6a2515e50000000029037429,complete,endpoint_exhausted,0,0,0,shanghai,ssh_eip_shanghai,deep_shanghai,9341,23,complete,GK2026D1,,
2026-08-25T11:27:45,reply,6a24e6d40000000006031168,6a2515dd0000000028034ee9,complete,endpoint_exhausted,0,0,0,shanghai,ssh_eip_shanghai,deep_shanghai,9341,23,complete,GK2026D1,,
2026-08-25T11:27:45,reply,6a24e6d40000000006031168,6a2515d4000000002a025cf3,complete,endpoint_exhausted,0,0,0,shanghai,ssh_eip_shanghai,deep_shanghai,9341,23,complete,GK2026D1,,
2026-08-25T11:27:45,reply,6a24e6d40000000006031168,6a2515c70000000028038a33,complete,endpoint_exhausted,0,0,0,shanghai,ssh_eip_shanghai,deep_shanghai,9341,23,complete,GK2026D1,,
2026-08-25T11:27:45,reply,6a24e6d40000000006031168,6a2515bb000000002803df63,complete,endpoint_exhausted,0,0,0,shanghai,ssh_eip_shanghai,deep_shanghai,9341,23,complete,GK2026D1,,
2026-08-25T11:27:45,reply,6a24e6d40000000006031168,6a2515ab000000000d021401,complete,endpoint_exhausted,0,0,0,shanghai,ssh_eip_shanghai,deep_shanghai,9341,23,complete,GK2026D1,,
2026-08-25T11:28:01,reply,6a24e6d40000000006031168,6a2515a8000000002901b303,complete,endpoint_exhausted,0,0,0,shanghai,ssh_eip_shanghai,deep_shanghai,9341,23,complete,GK2026D1,,
2026-08-25T11:28:01,reply,6a24e6d40000000006031168,6a2515970000000028032d02,complete,endpoint_exhausted,0,0,0,shanghai,ssh_eip_shanghai,deep_shanghai,9341,23,complete,GK2026D1,,
2026-08-25T11:28:01,reply,6a24e6d40000000006031168,6a2515850000000029026133,complete,endpoint_exhausted,0,0,0,shanghai,ssh_eip_shanghai,deep_shanghai,9341,23,complete,GK2026D1,,
2026-08-25T11:28:01,reply,6a24e6d40000000006031168,6a25157b000000002901aa2e,complete,endpoint_exhausted,0,0,0,shanghai,ssh_eip_shanghai,deep_shanghai,9341,23,complete,GK2026D1,,
2026-08-25T11:28:01,reply,6a24e6d40000000006031168,6a25156d0000000027021800,complete,endpoint_exhausted,0,0,0,shanghai,ssh_eip_shanghai,deep_shanghai,9341,23,complete,GK2026D1,,
2026-08-25T11:28:01,reply,6a24e6d40000000006031168,6a251552000000002702125d,complete,endpoint_exhausted,0,0,0,shanghai,ssh_eip_shanghai,deep_shanghai,9341,23,complete,GK2026D1,,
2026-08-25T11:28:01,reply,6a24e6d40000000006031168,6a25154a0000000029013a7d,complete,endpoint_exhausted,0,0,0,shanghai,ssh_eip_shanghai,deep_shanghai,9341,23,complete,GK2026D1,,
2026-08-25T11:28:01,reply,6a24e6d40000000006031168,6a2515450000000029019f4f,complete,endpoint_exhausted,0,0,0,shanghai,ssh_eip_shanghai,deep_shanghai,9341,23,complete,GK2026D1,,
2026-08-25T11:28:01,reply,6a24e6d40000000006031168,6a251537000000002902f1cb,complete,endpoint_exhausted,0,0,0,shanghai,ssh_eip_shanghai,deep_shanghai,9341,23,complete,GK2026D1,,
2026-08-25T11:28:01,reply,6a24e6d40000000006031168,6a251536000000000d022802,complete,endpoint_exhausted,0,0,0,shanghai,ssh_eip_shanghai,deep_shanghai,9341,23,complete,GK2026D1,,
2026-08-25T11:28:18,reply,6a24e6d40000000006031168,6a2515310000000029035266,complete,endpoint_exhausted,0,0,0,shanghai,ssh_eip_shanghai,deep_shanghai,9341,23,complete,GK2026D1,,
2026-08-25T11:28:18,reply,6a24e6d40000000006031168,6a251531000000002803ab92,complete,endpoint_exhausted,0,0,0,shanghai,ssh_eip_shanghai,deep_shanghai,9341,23,complete,GK2026D1,,
2026-08-25T11:28:18,reply,6a24e6d40000000006031168,6a2515280000000029013254,complete,endpoint_exhausted,0,0,0,shanghai,ssh_eip_shanghai,deep_shanghai,9341,23,complete,GK2026D1,,
2026-08-25T11:28:18,reply,6a24e6d40000000006031168,6a251523000000002a031b48,complete,endpoint_exhausted,0,0,0,shanghai,ssh_eip_shanghai,deep_shanghai,9341,23,complete,GK2026D1,,
2026-08-25T11:28:18,reply,6a24e6d40000000006031168,6a251500000000002803f595,complete,endpoint_exhausted,0,0,0,shanghai,ssh_eip_shanghai,deep_shanghai,9341,23,complete,GK2026D1,,
2026-08-25T11:28:18,reply,6a24e6d40000000006031168,6a2514fe000000002a0314c1,complete,endpoint_exhausted,0,0,0,shanghai,ssh_eip_shanghai,deep_shanghai,9341,23,complete,GK2026D1,,
2026-08-25T11:28:18,reply,6a24e6d40000000006031168,6a2514f50000000027023d5a,complete,endpoint_exhausted,0,0,0,shanghai,ssh_eip_shanghai,deep_shanghai,9341,23,complete,GK2026D1,,
2026-08-25T11:28:18,reply,6a24e6d40000000006031168,6a2514f0000000002b02900c,complete,endpoint_exhausted,0,0,0,shanghai,ssh_eip_shanghai,deep_shanghai,9341,23,complete,GK2026D1,,
2026-08-25T11:28:18,reply,6a24e6d40000000006031168,6a2514e1000000002a02daac,complete,endpoint_exhausted,0,0,0,shanghai,ssh_eip_shanghai,deep_shanghai,9341,23,complete,GK2026D1,,
2026-08-25T11:28:18,reply,6a24e6d40000000006031168,6a2514dc0000000027028562,complete,endpoint_exhausted,0,0,0,shanghai,ssh_eip_shanghai,deep_shanghai,9341,23,complete,GK2026D1,,
2026-08-25T11:28:34,reply,6a24e6d40000000006031168,6a2514d80000000027017109,complete,endpoint_exhausted,0,0,0,shanghai,ssh_eip_shanghai,deep_shanghai,9341,23,complete,GK2026D1,,
2026-08-25T11:28:34,reply,6a24e6d40000000006031168,6a2514d1000000002a0272b3,complete,endpoint_exhausted,0,0,0,shanghai,ssh_eip_shanghai,deep_shanghai,9341,23,complete,GK2026D1,,
2026-08-25T11:28:34,reply,6a24e6d40000000006031168,6a2514b60000000029011557,complete,endpoint_exhausted,0,0,0,shanghai,ssh_eip_shanghai,deep_shanghai,9341,23,complete,GK2026D1,,
2026-08-25T11:28:34,reply,6a24e6d40000000006031168,6a2514a6000000002800871e,complete,endpoint_exhausted,0,0,0,shanghai,ssh_eip_shanghai,deep_shanghai,9341,23,complete,GK2026D1,,
2026-08-25T11:28:34,reply,6a24e6d40000000006031168,6a2514a40000000027022bcd,complete,endpoint_exhausted,0,0,0,shanghai,ssh_eip_shanghai,deep_shanghai,9341,23,complete,GK2026D1,,
2026-08-25T11:28:34,reply,6a24e6d40000000006031168,6a25148300000000290108e4,complete,endpoint_exhausted,0,0,0,shanghai,ssh_eip_shanghai,deep_shanghai,9341,23,complete,GK2026D1,,
2026-08-25T11:28:34,reply,6a24e6d40000000006031168,6a251480000000002203cf7f,complete,endpoint_exhausted,0,0,0,shanghai,ssh_eip_shanghai,deep_shanghai,9341,23,complete,GK2026D1,,
2026-08-25T11:28:34,reply,6a24e6d40000000006031168,6a251476000000002803d7b2,complete,endpoint_exhausted,0,0,0,shanghai,ssh_eip_shanghai,deep_shanghai,9341,23,complete,GK2026D1,,
2026-08-25T11:28:34,reply,6a24e6d40000000006031168,6a25144d000000002a02c147,complete,endpoint_exhausted,0,0,0,shanghai,ssh_eip_shanghai,deep_shanghai,9341,23,complete,GK2026D1,,
2026-08-25T11:28:34,reply,6a24e6d40000000006031168,6a25143b000000002a0061d5,complete,endpoint_exhausted,0,0,0,shanghai,ssh_eip_shanghai,deep_shanghai,9341,23,complete,GK2026D1,,
2026-08-25T11:28:51,reply,6a24e6d40000000006031168,6a251433000000002702d0ea,complete,endpoint_exhausted,0,0,0,shanghai,ssh_eip_shanghai,deep_shanghai,9341,23,complete,GK2026D1,,
2026-08-25T11:28:51,reply,6a24e6d40000000006031168,6a25142300000000290133e7,complete,endpoint_exhausted,0,0,0,shanghai,ssh_eip_shanghai,deep_shanghai,9341,23,complete,GK2026D1,,
2026-08-25T11:28:51,reply,6a24e6d40000000006031168,6a251419000000002701fb22,complete,endpoint_exhausted,0,0,0,shanghai,ssh_eip_shanghai,deep_shanghai,9341,23,complete,GK2026D1,,
2026-08-25T11:28:51,reply,6a24e6d40000000006031168,6a251414000000002a005b6a,complete,endpoint_exhausted,0,0,0,shanghai,ssh_eip_shanghai,deep_shanghai,9341,23,complete,GK2026D1,,
2026-08-25T11:28:51,reply,6a24e6d40000000006031168,6a251411000000002701426e,complete,endpoint_exhausted,0,0,0,shanghai,ssh_eip_shanghai,deep_shanghai,9341,23,complete,GK2026D1,,
2026-08-25T11:28:51,reply,6a24e6d40000000006031168,6a251400000000002803fb44,complete,endpoint_exhausted,0,0,0,shanghai,ssh_eip_shanghai,deep_shanghai,9341,23,complete,GK2026D1,,
2026-08-25T11:28:51,reply,6a24e6d40000000006031168,6a2513f2000000002803f7fe,complete,endpoint_exhausted,0,0,0,shanghai,ssh_eip_shanghai,deep_shanghai,9341,23,complete,GK2026D1,,
2026-08-25T11:28:51,reply,6a24e6d40000000006031168,6a2513dc000000002803f32b,complete,endpoint_exhausted,0,0,0,shanghai,ssh_eip_shanghai,deep_shanghai,9341,23,complete,GK2026D1,,
2026-08-25T11:28:51,reply,6a24e6d40000000006031168,6a2513d800000000270287d4,complete,endpoint_exhausted,0,0,0,shanghai,ssh_eip_shanghai,deep_shanghai,9341,23,complete,GK2026D1,,
2026-08-25T11:28:51,reply,6a24e6d40000000006031168,6a2513d5000000002b029de4,complete,endpoint_exhausted,0,0,0,shanghai,ssh_eip_shanghai,deep_shanghai,9341,23,complete,GK2026D1,,
2026-08-25T11:29:40,reply,6a24e6d40000000006031168,6a2513b20000000028034b9c,complete,endpoint_exhausted,2,8,8,shanghai,ssh_eip_shanghai,deep_shanghai,9341,23,complete,GK2026D1,,
2026-08-25T11:29:40,reply,6a24e6d40000000006031168,6a25139a000000002b0001f2,complete,endpoint_exhausted,0,0,0,shanghai,ssh_eip_shanghai,deep_shanghai,9341,23,complete,GK2026D1,,
2026-08-25T11:29:40,reply,6a24e6d40000000006031168,6a25138800000000280342fa,complete,endpoint_exhausted,0,0,0,shanghai,ssh_eip_shanghai,deep_shanghai,9341,23,complete,GK2026D1,,
2026-08-25T11:29:40,reply,6a24e6d40000000006031168,6a2513780000000029010a74,complete,endpoint_exhausted,0,0,0,shanghai,ssh_eip_shanghai,deep_shanghai,9341,23,complete,GK2026D1,,
2026-08-25T11:29:40,reply,6a24e6d40000000006031168,6a25135c00000000280326fa,complete,endpoint_exhausted,0,0,0,shanghai,ssh_eip_shanghai,deep_shanghai,9341,23,complete,GK2026D1,,
2026-08-25T11:29:40,reply,6a24e6d40000000006031168,6a25134e000000002902dc7d,complete,endpoint_exhausted,0,0,0,shanghai,ssh_eip_shanghai,deep_shanghai,9341,23,complete,GK2026D1,,
2026-08-25T11:29:40,reply,6a24e6d40000000006031168,6a25132c000000002800ae18,complete,endpoint_exhausted,0,0,0,shanghai,ssh_eip_shanghai,deep_shanghai,9341,23,complete,GK2026D1,,
2026-08-25T11:29:40,reply,6a24e6d40000000006031168,6a251324000000002803cb15,complete,endpoint_exhausted,0,0,0,shanghai,ssh_eip_shanghai,deep_shanghai,9341,23,complete,GK2026D1,,
2026-08-25T11:29:40,reply,6a24e6d40000000006031168,6a251303000000002902cf95,complete,endpoint_exhausted,0,0,0,shanghai,ssh_eip_shanghai,deep_shanghai,9341,23,complete,GK2026D1,,
2026-08-25T11:29:57,reply,6a24e6d40000000006031168,6a2512e5000000002803a500,complete,endpoint_exhausted,1,3,3,shanghai,ssh_eip_shanghai,deep_shanghai,9341,23,complete,GK2026D1,,
2026-08-25T11:30:13,reply,6a24e6d40000000006031168,6a2512da000000002a0251fb,complete,endpoint_exhausted,0,0,0,shanghai,ssh_eip_shanghai,deep_shanghai,9341,23,complete,GK2026D1,,
2026-08-25T11:30:13,reply,6a24e6d40000000006031168,6a2512d9000000002b02b4e8,complete,endpoint_exhausted,0,0,0,shanghai,ssh_eip_shanghai,deep_shanghai,9341,23,complete,GK2026D1,,
2026-08-25T11:30:13,reply,6a24e6d40000000006031168,6a2512d50000000028030726,complete,endpoint_exhausted,0,0,0,shanghai,ssh_eip_shanghai,deep_shanghai,9341,23,complete,GK2026D1,,
2026-08-25T11:30:13,reply,6a24e6d40000000006031168,6a2512ac0000000028033e68,complete,endpoint_exhausted,0,0,0,shanghai,ssh_eip_shanghai,deep_shanghai,9341,23,complete,GK2026D1,,
2026-08-25T11:30:13,reply,6a24e6d40000000006031168,6a2512a2000000002901194d,complete,endpoint_exhausted,0,0,0,shanghai,ssh_eip_shanghai,deep_shanghai,9341,23,complete,GK2026D1,,
2026-08-25T11:30:13,reply,6a24e6d40000000006031168,6a251297000000002b02a9d2,complete,endpoint_exhausted,0,0,0,shanghai,ssh_eip_shanghai,deep_shanghai,9341,23,complete,GK2026D1,,
2026-08-25T11:30:13,reply,6a24e6d40000000006031168,6a251296000000002702f357,complete,endpoint_exhausted,0,0,0,shanghai,ssh_eip_shanghai,deep_shanghai,9341,23,complete,GK2026D1,,
2026-08-25T11:30:13,reply,6a24e6d40000000006031168,6a25129200000000270168aa,complete,endpoint_exhausted,0,0,0,shanghai,ssh_eip_shanghai,deep_shanghai,9341,23,complete,GK2026D1,,
2026-08-25T11:30:13,reply,6a24e6d40000000006031168,6a251275000000002803e21d,complete,endpoint_exhausted,0,0,0,shanghai,ssh_eip_shanghai,deep_shanghai,9341,23,complete,GK2026D1,,
2026-08-25T11:30:13,reply,6a24e6d40000000006031168,6a25126f000000002b0257f4,complete,endpoint_exhausted,0,0,0,shanghai,ssh_eip_shanghai,deep_shanghai,9341,23,complete,GK2026D1,,
2026-08-25T11:30:30,reply,6a24e6d40000000006031168,6a25126f000000002902f635,complete,endpoint_exhausted,0,0,0,shanghai,ssh_eip_shanghai,deep_shanghai,9341,23,complete,GK2026D1,,
2026-08-25T11:30:47,reply,6a24e6d40000000006031168,6a251268000000002702b7a2,complete,endpoint_exhausted,1,3,3,shanghai,ssh_eip_shanghai,deep_shanghai,9341,23,complete,GK2026D1,,
2026-08-25T11:30:47,reply,6a24e6d40000000006031168,6a251261000000002701d3d2,complete,endpoint_exhausted,0,0,0,shanghai,ssh_eip_shanghai,deep_shanghai,9341,23,complete,GK2026D1,,
2026-08-25T11:30:47,reply,6a24e6d40000000006031168,6a251247000000002a02e894,complete,endpoint_exhausted,0,0,0,shanghai,ssh_eip_shanghai,deep_shanghai,9341,23,complete,GK2026D1,,
2026-08-25T11:30:47,reply,6a24e6d40000000006031168,6a25123d000000002900f347,complete,endpoint_exhausted,0,0,0,shanghai,ssh_eip_shanghai,deep_shanghai,9341,23,complete,GK2026D1,,
2026-08-25T11:30:47,reply,6a24e6d40000000006031168,6a251229000000002a004992,complete,endpoint_exhausted,0,0,0,shanghai,ssh_eip_shanghai,deep_shanghai,9341,23,complete,GK2026D1,,
2026-08-25T11:30:47,reply,6a24e6d40000000006031168,6a251222000000002a027290,complete,endpoint_exhausted,0,0,0,shanghai,ssh_eip_shanghai,deep_shanghai,9341,23,complete,GK2026D1,,
2026-08-25T11:30:47,reply,6a24e6d40000000006031168,6a251218000000002a02e0fe,complete,endpoint_exhausted,0,0,0,shanghai,ssh_eip_shanghai,deep_shanghai,9341,23,complete,GK2026D1,,
2026-08-25T11:30:47,reply,6a24e6d40000000006031168,6a251214000000002902e605,complete,endpoint_exhausted,0,0,0,shanghai,ssh_eip_shanghai,deep_shanghai,9341,23,complete,GK2026D1,,
2026-08-25T11:30:47,reply,6a24e6d40000000006031168,6a251213000000002800ae15,complete,endpoint_exhausted,0,0,0,shanghai,ssh_eip_shanghai,deep_shanghai,9341,23,complete,GK2026D1,,
2026-08-25T11:31:03,reply,6a24e6d40000000006031168,6a25120f00000000290353b2,complete,endpoint_exhausted,0,0,0,shanghai,ssh_eip_shanghai,deep_shanghai,9341,23,complete,GK2026D1,,
2026-08-25T11:31:03,reply,6a24e6d40000000006031168,6a25120d00000000290186fa,complete,endpoint_exhausted,0,0,0,shanghai,ssh_eip_shanghai,deep_shanghai,9341,23,complete,GK2026D1,,
2026-08-25T11:31:03,reply,6a24e6d40000000006031168,6a251207000000002803c5e3,complete,endpoint_exhausted,0,0,0,shanghai,ssh_eip_shanghai,deep_shanghai,9341,23,complete,GK2026D1,,
2026-08-25T11:31:03,reply,6a24e6d40000000006031168,6a2511fa0000000027029cc5,complete,endpoint_exhausted,0,0,0,shanghai,ssh_eip_shanghai,deep_shanghai,9341,23,complete,GK2026D1,,
2026-08-25T11:31:03,reply,6a24e6d40000000006031168,6a2511e9000000002a02d9ff,complete,endpoint_exhausted,0,0,0,shanghai,ssh_eip_shanghai,deep_shanghai,9341,23,complete,GK2026D1,,
2026-08-25T11:31:03,reply,6a24e6d40000000006031168,6a25118e000000002701e258,complete,endpoint_exhausted,0,0,0,shanghai,ssh_eip_shanghai,deep_shanghai,9341,23,complete,GK2026D1,,
2026-08-25T11:31:03,reply,6a24e6d40000000006031168,6a25117a000000002a02c7f6,complete,endpoint_exhausted,0,0,0,shanghai,ssh_eip_shanghai,deep_shanghai,9341,23,complete,GK2026D1,,
2026-08-25T11:31:03,reply,6a24e6d40000000006031168,6a25116b0000000029037b29,complete,endpoint_exhausted,0,0,0,shanghai,ssh_eip_shanghai,deep_shanghai,9341,23,complete,GK2026D1,,
2026-08-25T11:31:03,reply,6a24e6d40000000006031168,6a25116600000000280391f0,complete,endpoint_exhausted,0,0,0,shanghai,ssh_eip_shanghai,deep_shanghai,9341,23,complete,GK2026D1,,
2026-08-25T11:31:03,reply,6a24e6d40000000006031168,6a251162000000002701d741,complete,endpoint_exhausted,0,0,0,shanghai,ssh_eip_shanghai,deep_shanghai,9341,23,complete,GK2026D1,,
2026-08-25T11:31:20,reply,6a24e6d40000000006031168,6a25113e000000002a005efb,complete,endpoint_exhausted,0,0,0,shanghai,ssh_eip_shanghai,deep_shanghai,9341,23,complete,GK2026D1,,
2026-08-25T11:31:20,reply,6a24e6d40000000006031168,6a25110500000000280366a6,complete,endpoint_exhausted,0,0,0,shanghai,ssh_eip_shanghai,deep_shanghai,9341,23,complete,GK2026D1,,
2026-08-25T11:31:20,reply,6a24e6d40000000006031168,6a2510ec0000000027021224,complete,endpoint_exhausted,0,0,0,shanghai,ssh_eip_shanghai,deep_shanghai,9341,23,complete,GK2026D1,,
2026-08-25T11:31:20,reply,6a24e6d40000000006031168,6a2510e80000000029036645,complete,endpoint_exhausted,0,0,0,shanghai,ssh_eip_shanghai,deep_shanghai,9341,23,complete,GK2026D1,,
2026-08-25T11:31:20,reply,6a24e6d40000000006031168,6a2510e2000000002902f3fd,complete,endpoint_exhausted,0,0,0,shanghai,ssh_eip_shanghai,deep_shanghai,9341,23,complete,GK2026D1,,
2026-08-25T11:31:20,reply,6a24e6d40000000006031168,6a2510d2000000002a02ea32,complete,endpoint_exhausted,0,0,0,shanghai,ssh_eip_shanghai,deep_shanghai,9341,23,complete,GK2026D1,,
2026-08-25T11:31:20,reply,6a24e6d40000000006031168,6a2510ba000000002b003a78,complete,endpoint_exhausted,0,0,0,shanghai,ssh_eip_shanghai,deep_shanghai,9341,23,complete,GK2026D1,,
2026-08-25T11:31:20,reply,6a24e6d40000000006031168,6a2510ba0000000029018c9c,complete,endpoint_exhausted,0,0,0,shanghai,ssh_eip_shanghai,deep_shanghai,9341,23,complete,GK2026D1,,
2026-08-25T11:31:20,reply,6a24e6d40000000006031168,6a2510b3000000002702c95c,complete,endpoint_exhausted,0,0,0,shanghai,ssh_eip_shanghai,deep_shanghai,9341,23,complete,GK2026D1,,
2026-08-25T11:31:20,reply,6a24e6d40000000006031168,6a2510ae00000000290255f3,complete,endpoint_exhausted,0,0,0,shanghai,ssh_eip_shanghai,deep_shanghai,9341,23,complete,GK2026D1,,
2026-08-25T11:31:36,reply,6a24e6d40000000006031168,6a25109e0000000029025320,complete,endpoint_exhausted,0,0,0,shanghai,ssh_eip_shanghai,deep_shanghai,9341,23,complete,GK2026D1,,
2026-08-25T11:31:36,reply,6a24e6d40000000006031168,6a25108d000000002b024410,complete,endpoint_exhausted,0,0,0,shanghai,ssh_eip_shanghai,deep_shanghai,9341,23,complete,GK2026D1,,
2026-08-25T11:31:36,reply,6a24e6d40000000006031168,6a25105d000000002b0285f2,complete,endpoint_exhausted,0,0,0,shanghai,ssh_eip_shanghai,deep_shanghai,9341,23,complete,GK2026D1,,
2026-08-25T11:31:36,reply,6a24e6d40000000006031168,6a2510340000000027016163,complete,endpoint_exhausted,0,0,0,shanghai,ssh_eip_shanghai,deep_shanghai,9341,23,complete,GK2026D1,,
2026-08-25T11:31:36,reply,6a24e6d40000000006031168,6a251015000000002800bdfc,complete,endpoint_exhausted,0,0,0,shanghai,ssh_eip_shanghai,deep_shanghai,9341,23,complete,GK2026D1,,
2026-08-25T11:31:36,reply,6a24e6d40000000006031168,6a250fe6000000002901a81e,complete,endpoint_exhausted,0,0,0,shanghai,ssh_eip_shanghai,deep_shanghai,9341,23,complete,GK2026D1,,
2026-08-25T11:31:36,reply,6a24e6d40000000006031168,6a250fe3000000002701fe0f,complete,endpoint_exhausted,0,0,0,shanghai,ssh_eip_shanghai,deep_shanghai,9341,23,complete,GK2026D1,,
2026-08-25T11:31:36,reply,6a24e6d40000000006031168,6a250fd9000000002803b784,complete,endpoint_exhausted,0,0,0,shanghai,ssh_eip_shanghai,deep_shanghai,9341,23,complete,GK2026D1,,
2026-08-25T11:31:36,reply,6a24e6d40000000006031168,6a250fd3000000002b0265d5,complete,endpoint_exhausted,0,0,0,shanghai,ssh_eip_shanghai,deep_shanghai,9341,23,complete,GK2026D1,,
2026-08-25T11:31:36,reply,6a24e6d40000000006031168,6a250fbc0000000027020dc8,complete,endpoint_exhausted,0,0,0,shanghai,ssh_eip_shanghai,deep_shanghai,9341,23,complete,GK2026D1,,
2026-08-25T11:31:53,reply,6a24e6d40000000006031168,6a250fb50000000029013834,complete,endpoint_exhausted,0,0,0,shanghai,ssh_eip_shanghai,deep_shanghai,9341,23,complete,GK2026D1,,
2026-08-25T11:31:53,reply,6a24e6d40000000006031168,6a250fa900000000290135ea,complete,endpoint_exhausted,0,0,0,shanghai,ssh_eip_shanghai,deep_shanghai,9341,23,complete,GK2026D1,,
2026-08-25T11:31:53,reply,6a24e6d40000000006031168,6a250f77000000002702c2a5,complete,endpoint_exhausted,0,0,0,shanghai,ssh_eip_shanghai,deep_shanghai,9341,23,complete,GK2026D1,,
2026-08-25T11:31:53,reply,6a24e6d40000000006031168,6a250f65000000002901280d,complete,endpoint_exhausted,0,0,0,shanghai,ssh_eip_shanghai,deep_shanghai,9341,23,complete,GK2026D1,,
2026-08-25T11:31:53,reply,6a24e6d40000000006031168,6a250f610000000028009780,complete,endpoint_exhausted,0,0,0,shanghai,ssh_eip_shanghai,deep_shanghai,9341,23,complete,GK2026D1,,
2026-08-25T11:31:53,reply,6a24e6d40000000006031168,6a250f490000000027016be6,complete,endpoint_exhausted,0,0,0,shanghai,ssh_eip_shanghai,deep_shanghai,9341,23,complete,GK2026D1,,
2026-08-25T11:31:53,reply,6a24e6d40000000006031168,6a250f3c000000002803762a,complete,endpoint_exhausted,0,0,0,shanghai,ssh_eip_shanghai,deep_shanghai,9341,23,complete,GK2026D1,,
2026-08-25T11:31:53,reply,6a24e6d40000000006031168,6a250f2300000000290188e8,complete,endpoint_exhausted,0,0,0,shanghai,ssh_eip_shanghai,deep_shanghai,9341,23,complete,GK2026D1,,
2026-08-25T11:31:53,reply,6a24e6d40000000006031168,6a250f1100000000290361a0,complete,endpoint_exhausted,0,0,0,shanghai,ssh_eip_shanghai,deep_shanghai,9341,23,complete,GK2026D1,,
2026-08-25T11:31:53,reply,6a24e6d40000000006031168,6a250f100000000028032c0f,complete,endpoint_exhausted,0,0,0,shanghai,ssh_eip_shanghai,deep_shanghai,9341,23,complete,GK2026D1,,
2026-08-25T11:32:10,reply,6a24e6d40000000006031168,6a250f0100000000280389b8,complete,endpoint_exhausted,0,0,0,shanghai,ssh_eip_shanghai,deep_shanghai,9341,23,complete,GK2026D1,,
2026-08-25T11:32:10,reply,6a24e6d40000000006031168,6a250eec000000002b02844c,complete,endpoint_exhausted,0,0,0,shanghai,ssh_eip_shanghai,deep_shanghai,9341,23,complete,GK2026D1,,
2026-08-25T11:32:10,reply,6a24e6d40000000006031168,6a250eec000000002900e8bb,complete,endpoint_exhausted,0,0,0,shanghai,ssh_eip_shanghai,deep_shanghai,9341,23,complete,GK2026D1,,
2026-08-25T11:32:10,reply,6a24e6d40000000006031168,6a250ecb000000002900e056,complete,endpoint_exhausted,0,0,0,shanghai,ssh_eip_shanghai,deep_shanghai,9341,23,complete,GK2026D1,,
2026-08-25T11:32:10,reply,6a24e6d40000000006031168,6a250ec7000000002901bcbc,complete,endpoint_exhausted,0,0,0,shanghai,ssh_eip_shanghai,deep_shanghai,9341,23,complete,GK2026D1,,
2026-08-25T11:32:10,reply,6a24e6d40000000006031168,6a250eb7000000002b001ed1,complete,endpoint_exhausted,0,0,0,shanghai,ssh_eip_shanghai,deep_shanghai,9341,23,complete,GK2026D1,,
2026-08-25T11:32:10,reply,6a24e6d40000000006031168,6a250ea300000000280314df,complete,endpoint_exhausted,0,0,0,shanghai,ssh_eip_shanghai,deep_shanghai,9341,23,complete,GK2026D1,,
2026-08-25T11:32:10,reply,6a24e6d40000000006031168,6a250e8b000000002901b42b,complete,endpoint_exhausted,0,0,0,shanghai,ssh_eip_shanghai,deep_shanghai,9341,23,complete,GK2026D1,,
2026-08-25T11:32:10,reply,6a24e6d40000000006031168,6a250e65000000002b02ae15,complete,endpoint_exhausted,0,0,0,shanghai,ssh_eip_shanghai,deep_shanghai,9341,23,complete,GK2026D1,,
2026-08-25T11:32:10,reply,6a24e6d40000000006031168,6a250e650000000028009e77,complete,endpoint_exhausted,0,0,0,shanghai,ssh_eip_shanghai,deep_shanghai,9341,23,complete,GK2026D1,,
2026-08-25T11:32:26,reply,6a24e6d40000000006031168,6a250e6000000000290125f3,complete,endpoint_exhausted,0,0,0,shanghai,ssh_eip_shanghai,deep_shanghai,9341,23,complete,GK2026D1,,
2026-08-25T11:32:26,reply,6a24e6d40000000006031168,6a250e60000000002702c0b3,complete,endpoint_exhausted,0,0,0,shanghai,ssh_eip_shanghai,deep_shanghai,9341,23,complete,GK2026D1,,
2026-08-25T11:32:26,reply,6a24e6d40000000006031168,6a250e5e000000002901acd1,complete,endpoint_exhausted,0,0,0,shanghai,ssh_eip_shanghai,deep_shanghai,9341,23,complete,GK2026D1,,
2026-08-25T11:32:26,reply,6a24e6d40000000006031168,6a250e5a000000002a02ffee,complete,endpoint_exhausted,0,0,0,shanghai,ssh_eip_shanghai,deep_shanghai,9341,23,complete,GK2026D1,,
2026-08-25T11:32:26,reply,6a24e6d40000000006031168,6a250e1f00000000280091b8,complete,endpoint_exhausted,0,0,0,shanghai,ssh_eip_shanghai,deep_shanghai,9341,23,complete,GK2026D1,,
2026-08-25T11:32:26,reply,6a24e6d40000000006031168,6a250e1b000000002702bbc0,complete,endpoint_exhausted,0,0,0,shanghai,ssh_eip_shanghai,deep_shanghai,9341,23,complete,GK2026D1,,
2026-08-25T11:32:26,reply,6a24e6d40000000006031168,6a250e1300000000290261b1,complete,endpoint_exhausted,0,0,0,shanghai,ssh_eip_shanghai,deep_shanghai,9341,23,complete,GK2026D1,,
2026-08-25T11:32:26,reply,6a24e6d40000000006031168,6a250e0d0000000028008db0,complete,endpoint_exhausted,0,0,0,shanghai,ssh_eip_shanghai,deep_shanghai,9341,23,complete,GK2026D1,,
2026-08-25T11:32:26,reply,6a24e6d40000000006031168,6a250dec00000000280369b6,complete,endpoint_exhausted,0,0,0,shanghai,ssh_eip_shanghai,deep_shanghai,9341,23,complete,GK2026D1,,
2026-08-25T11:32:26,reply,6a24e6d40000000006031168,6a250ddd000000002b025700,complete,endpoint_exhausted,0,0,0,shanghai,ssh_eip_shanghai,deep_shanghai,9341,23,complete,GK2026D1,,
2026-08-25T11:32:43,reply,6a24e6d40000000006031168,6a250dd8000000002803d7c1,complete,endpoint_exhausted,0,0,0,shanghai,ssh_eip_shanghai,deep_shanghai,9341,23,complete,GK2026D1,,
2026-08-25T11:32:43,reply,6a24e6d40000000006031168,6a250dcd000000002803d543,complete,endpoint_exhausted,0,0,0,shanghai,ssh_eip_shanghai,deep_shanghai,9341,23,complete,GK2026D1,,
2026-08-25T11:32:43,reply,6a24e6d40000000006031168,6a250dc9000000002701557c,complete,endpoint_exhausted,0,0,0,shanghai,ssh_eip_shanghai,deep_shanghai,9341,23,complete,GK2026D1,,
2026-08-25T11:32:43,reply,6a24e6d40000000006031168,6a250dc700000000270154dd,complete,endpoint_exhausted,0,0,0,shanghai,ssh_eip_shanghai,deep_shanghai,9341,23,complete,GK2026D1,,
2026-08-25T11:32:43,reply,6a24e6d40000000006031168,6a250dad000000002a026bea,complete,endpoint_exhausted,0,0,0,shanghai,ssh_eip_shanghai,deep_shanghai,9341,23,complete,GK2026D1,,
2026-08-25T11:32:43,reply,6a24e6d40000000006031168,6a250daa000000002900da2e,complete,endpoint_exhausted,0,0,0,shanghai,ssh_eip_shanghai,deep_shanghai,9341,23,complete,GK2026D1,,
2026-08-25T11:32:43,reply,6a24e6d40000000006031168,6a250d8d000000002a00400e,complete,endpoint_exhausted,0,0,0,shanghai,ssh_eip_shanghai,deep_shanghai,9341,23,complete,GK2026D1,,
2026-08-25T11:32:43,reply,6a24e6d40000000006031168,6a250d8c00000000280352dc,complete,endpoint_exhausted,0,0,0,shanghai,ssh_eip_shanghai,deep_shanghai,9341,23,complete,GK2026D1,,
2026-08-25T11:32:43,reply,6a24e6d40000000006031168,6a250d82000000002900d035,complete,endpoint_exhausted,0,0,0,shanghai,ssh_eip_shanghai,deep_shanghai,9341,23,complete,GK2026D1,,
2026-08-25T11:32:43,reply,6a24e6d40000000006031168,6a250d75000000002a030e8a,complete,endpoint_exhausted,0,0,0,shanghai,ssh_eip_shanghai,deep_shanghai,9341,23,complete,GK2026D1,,
2026-08-25T11:32:59,reply,6a24e6d40000000006031168,6a250d7200000000270295eb,complete,endpoint_exhausted,0,0,0,shanghai,ssh_eip_shanghai,deep_shanghai,9341,23,complete,GK2026D1,,
2026-08-25T11:32:59,reply,6a24e6d40000000006031168,6a250d6d0000000028030e7d,complete,endpoint_exhausted,0,0,0,shanghai,ssh_eip_shanghai,deep_shanghai,9341,23,complete,GK2026D1,,
2026-08-25T11:32:59,reply,6a24e6d40000000006031168,6a250d61000000002900c885,complete,endpoint_exhausted,0,0,0,shanghai,ssh_eip_shanghai,deep_shanghai,9341,23,complete,GK2026D1,,
2026-08-25T11:32:59,reply,6a24e6d40000000006031168,6a250d5c000000002902e7e5,complete,endpoint_exhausted,0,0,0,shanghai,ssh_eip_shanghai,deep_shanghai,9341,23,complete,GK2026D1,,
2026-08-25T11:32:59,reply,6a24e6d40000000006031168,6a250d4e000000002b001fb5,complete,endpoint_exhausted,0,0,0,shanghai,ssh_eip_shanghai,deep_shanghai,9341,23,complete,GK2026D1,,
2026-08-25T11:32:59,reply,6a24e6d40000000006031168,6a250d0700000000280335c8,complete,endpoint_exhausted,0,0,0,shanghai,ssh_eip_shanghai,deep_shanghai,9341,23,complete,GK2026D1,,
2026-08-25T11:32:59,reply,6a24e6d40000000006031168,6a250cf3000000002b02b39c,complete,endpoint_exhausted,0,0,0,shanghai,ssh_eip_shanghai,deep_shanghai,9341,23,complete,GK2026D1,,
2026-08-25T11:32:59,reply,6a24e6d40000000006031168,6a250cc1000000002701594a,complete,endpoint_exhausted,0,0,0,shanghai,ssh_eip_shanghai,deep_shanghai,9341,23,complete,GK2026D1,,
2026-08-25T11:32:59,reply,6a24e6d40000000006031168,6a250ca80000000029013f26,complete,endpoint_exhausted,0,0,0,shanghai,ssh_eip_shanghai,deep_shanghai,9341,23,complete,GK2026D1,,
2026-08-25T11:33:33,reply,6a24e6d40000000006031168,6a250c95000000002a0325ba,complete,endpoint_exhausted,2,7,7,shanghai,ssh_eip_shanghai,deep_shanghai,9341,23,complete,GK2026D1,,
2026-08-25T11:33:49,reply,6a24e6d40000000006031168,6a250c8a0000000028035924,complete,endpoint_exhausted,0,0,0,shanghai,ssh_eip_shanghai,deep_shanghai,9341,23,complete,GK2026D1,,
2026-08-25T11:33:49,reply,6a24e6d40000000006031168,6a250c87000000002a02ee4c,complete,endpoint_exhausted,0,0,0,shanghai,ssh_eip_shanghai,deep_shanghai,9341,23,complete,GK2026D1,,
2026-08-25T11:33:49,reply,6a24e6d40000000006031168,6a250c83000000002803c9ac,complete,endpoint_exhausted,0,0,0,shanghai,ssh_eip_shanghai,deep_shanghai,9341,23,complete,GK2026D1,,
2026-08-25T11:33:49,reply,6a24e6d40000000006031168,6a250c6f000000002b029fce,complete,endpoint_exhausted,0,0,0,shanghai,ssh_eip_shanghai,deep_shanghai,9341,23,complete,GK2026D1,,
2026-08-25T11:33:49,reply,6a24e6d40000000006031168,6a250c4e0000000027028ed3,complete,endpoint_exhausted,0,0,0,shanghai,ssh_eip_shanghai,deep_shanghai,9341,23,complete,GK2026D1,,
2026-08-25T11:33:49,reply,6a24e6d40000000006031168,6a250c46000000002a004578,complete,endpoint_exhausted,0,0,0,shanghai,ssh_eip_shanghai,deep_shanghai,9341,23,complete,GK2026D1,,
2026-08-25T11:33:49,reply,6a24e6d40000000006031168,6a250c34000000002800a0f4,complete,endpoint_exhausted,0,0,0,shanghai,ssh_eip_shanghai,deep_shanghai,9341,23,complete,GK2026D1,,
2026-08-25T11:33:49,reply,6a24e6d40000000006031168,6a250bff000000002b02457b,complete,endpoint_exhausted,0,0,0,shanghai,ssh_eip_shanghai,deep_shanghai,9341,23,complete,GK2026D1,,
2026-08-25T11:33:49,reply,6a24e6d40000000006031168,6a250bdc000000002b0287ca,complete,endpoint_exhausted,0,0,0,shanghai,ssh_eip_shanghai,deep_shanghai,9341,23,complete,GK2026D1,,
2026-08-25T11:33:49,reply,6a24e6d40000000006031168,6a250bda000000002902e53f,complete,endpoint_exhausted,0,0,0,shanghai,ssh_eip_shanghai,deep_shanghai,9341,23,complete,GK2026D1,,
2026-08-25T11:34:06,reply,6a24e6d40000000006031168,6a250bd7000000002b027ec2,complete,endpoint_exhausted,0,0,0,shanghai,ssh_eip_shanghai,deep_shanghai,9341,23,complete,GK2026D1,,
2026-08-25T11:34:06,reply,6a24e6d40000000006031168,6a250bbd0000000027015e09,complete,endpoint_exhausted,0,0,0,shanghai,ssh_eip_shanghai,deep_shanghai,9341,23,complete,GK2026D1,,
2026-08-25T11:34:06,reply,6a24e6d40000000006031168,6a250b8c000000002803d0be,complete,endpoint_exhausted,0,0,0,shanghai,ssh_eip_shanghai,deep_shanghai,9341,23,complete,GK2026D1,,
2026-08-25T11:34:06,reply,6a24e6d40000000006031168,6a250b6e00000000280357b5,complete,endpoint_exhausted,0,0,0,shanghai,ssh_eip_shanghai,deep_shanghai,9341,23,complete,GK2026D1,,
2026-08-25T11:34:06,reply,6a24e6d40000000006031168,6a250b2f000000002902c736,complete,endpoint_exhausted,0,0,0,shanghai,ssh_eip_shanghai,deep_shanghai,9341,23,complete,GK2026D1,,
2026-08-25T11:34:22,reply,6a24e6d40000000006031168,6a250b25000000002b025f0b,complete,endpoint_exhausted,1,6,6,shanghai,ssh_eip_shanghai,deep_shanghai,9341,23,complete,GK2026D1,,
2026-08-25T11:34:22,reply,6a24e6d40000000006031168,6a250b0d000000002803f5fe,complete,endpoint_exhausted,0,0,0,shanghai,ssh_eip_shanghai,deep_shanghai,9341,23,complete,GK2026D1,,
2026-08-25T11:37:08,reply,6a24e6d40000000006031168,6a250af9000000002701dc05,complete,endpoint_exhausted,10,49,49,shanghai,ssh_eip_shanghai,deep_shanghai,9341,23,complete,GK2026D1,,
2026-08-25T11:37:08,reply,6a24e6d40000000006031168,6a250acd000000002702ebfa,complete,endpoint_exhausted,0,0,0,shanghai,ssh_eip_shanghai,deep_shanghai,9341,23,complete,GK2026D1,,
2026-08-25T11:37:08,reply,6a24e6d40000000006031168,6a250ac3000000002702e984,complete,endpoint_exhausted,0,0,0,shanghai,ssh_eip_shanghai,deep_shanghai,9341,23,complete,GK2026D1,,
2026-08-25T11:37:25,reply,6a24e6d40000000006031168,6a250ab2000000002a0317f5,complete,endpoint_exhausted,0,0,0,shanghai,ssh_eip_shanghai,deep_shanghai,9341,23,complete,GK2026D1,,
2026-08-25T11:37:25,reply,6a24e6d40000000006031168,6a250a73000000002a024f27,complete,endpoint_exhausted,0,1,1,shanghai,ssh_eip_shanghai,deep_shanghai,9341,23,complete,GK2026D1,,
2026-08-25T11:37:25,reply,6a24e6d40000000006031168,6a250a570000000029024506,complete,endpoint_exhausted,0,0,0,shanghai,ssh_eip_shanghai,deep_shanghai,9341,23,complete,GK2026D1,,
2026-08-25T11:37:25,reply,6a24e6d40000000006031168,6a250a36000000002b00162c,complete,endpoint_exhausted,0,0,0,shanghai,ssh_eip_shanghai,deep_shanghai,9341,23,complete,GK2026D1,,
2026-08-25T11:37:25,reply,6a24e6d40000000006031168,6a250a25000000002702c33e,complete,endpoint_exhausted,0,0,0,shanghai,ssh_eip_shanghai,deep_shanghai,9341,23,complete,GK2026D1,,
2026-08-25T11:37:25,reply,6a24e6d40000000006031168,6a250a1700000000290343c5,complete,endpoint_exhausted,0,0,0,shanghai,ssh_eip_shanghai,deep_shanghai,9341,23,complete,GK2026D1,,
2026-08-25T11:37:25,reply,6a24e6d40000000006031168,6a250a10000000002b0271c4,complete,endpoint_exhausted,0,0,0,shanghai,ssh_eip_shanghai,deep_shanghai,9341,23,complete,GK2026D1,,
2026-08-25T11:37:25,reply,6a24e6d40000000006031168,6a250a02000000002902d287,complete,endpoint_exhausted,0,0,0,shanghai,ssh_eip_shanghai,deep_shanghai,9341,23,complete,GK2026D1,,
2026-08-25T11:37:41,reply,6a24e6d40000000006031168,6a2509d7000000002900f279,complete,endpoint_exhausted,1,6,6,shanghai,ssh_eip_shanghai,deep_shanghai,9341,23,complete,GK2026D1,,
2026-08-25T11:37:41,reply,6a24e6d40000000006031168,6a250989000000002702df5f,complete,endpoint_exhausted,0,0,0,shanghai,ssh_eip_shanghai,deep_shanghai,9341,23,complete,GK2026D1,,
2026-08-25T11:37:58,reply,6a24e6d40000000006031168,6a250953000000002a031d5a,complete,endpoint_exhausted,0,0,0,shanghai,ssh_eip_shanghai,deep_shanghai,9341,23,complete,GK2026D1,,
2026-08-25T11:37:58,reply,6a24e6d40000000006031168,6a2509210000000027020d4d,complete,endpoint_exhausted,0,0,0,shanghai,ssh_eip_shanghai,deep_shanghai,9341,23,complete,GK2026D1,,
2026-08-25T11:37:58,reply,6a24e6d40000000006031168,6a2508e6000000002803f785,complete,endpoint_exhausted,0,0,0,shanghai,ssh_eip_shanghai,deep_shanghai,9341,23,complete,GK2026D1,,
2026-08-25T11:37:58,reply,6a24e6d40000000006031168,6a2508d9000000002b00180a,complete,endpoint_exhausted,0,0,0,shanghai,ssh_eip_shanghai,deep_shanghai,9341,23,complete,GK2026D1,,
2026-08-25T11:37:58,reply,6a24e6d40000000006031168,6a2508cd000000002a0066a7,complete,endpoint_exhausted,0,0,0,shanghai,ssh_eip_shanghai,deep_shanghai,9341,23,complete,GK2026D1,,
2026-08-25T11:37:58,reply,6a24e6d40000000006031168,6a25087e000000002701c62b,complete,endpoint_exhausted,0,0,0,shanghai,ssh_eip_shanghai,deep_shanghai,9341,23,complete,GK2026D1,,
2026-08-25T11:37:58,reply,6a24e6d40000000006031168,6a2508600000000029037534,complete,endpoint_exhausted,0,0,0,shanghai,ssh_eip_shanghai,deep_shanghai,9341,23,complete,GK2026D1,,
2026-08-25T11:37:58,reply,6a24e6d40000000006031168,6a250860000000002702a744,complete,endpoint_exhausted,0,0,0,shanghai,ssh_eip_shanghai,deep_shanghai,9341,23,complete,GK2026D1,,
2026-08-25T11:37:58,reply,6a24e6d40000000006031168,6a2507c1000000000d021c04,complete,endpoint_exhausted,0,0,0,shanghai,ssh_eip_shanghai,deep_shanghai,9341,23,complete,GK2026D1,,
2026-08-25T11:37:58,reply,6a24e6d40000000006031168,6a2507ac000000002b002a18,complete,endpoint_exhausted,0,0,0,shanghai,ssh_eip_shanghai,deep_shanghai,9341,23,complete,GK2026D1,,
2026-08-25T11:38:15,reply,6a24e6d40000000006031168,6a25078900000000270158c1,complete,endpoint_exhausted,0,0,0,shanghai,ssh_eip_shanghai,deep_shanghai,9341,23,complete,GK2026D1,,
2026-08-25T11:38:15,reply,6a24e6d40000000006031168,6a25077d000000002b002268,complete,endpoint_exhausted,0,0,0,shanghai,ssh_eip_shanghai,deep_shanghai,9341,23,complete,GK2026D1,,
2026-08-25T11:38:15,reply,6a24e6d40000000006031168,6a2507760000000027022831,complete,endpoint_exhausted,0,0,0,shanghai,ssh_eip_shanghai,deep_shanghai,9341,23,complete,GK2026D1,,
2026-08-25T11:38:31,reply,6a24e6d40000000006031168,6a250764000000002702e05c,complete,endpoint_exhausted,1,3,3,shanghai,ssh_eip_shanghai,deep_shanghai,9341,23,complete,GK2026D1,,
2026-08-25T11:38:31,reply,6a24e6d40000000006031168,6a250755000000002b027cd0,complete,endpoint_exhausted,0,0,0,shanghai,ssh_eip_shanghai,deep_shanghai,9341,23,complete,GK2026D1,,
2026-08-25T11:38:31,reply,6a24e6d40000000006031168,6a2507210000000027029be7,complete,endpoint_exhausted,0,0,0,shanghai,ssh_eip_shanghai,deep_shanghai,9341,23,complete,GK2026D1,,
2026-08-25T11:38:31,reply,6a24e6d40000000006031168,6a250719000000002803d16e,complete,endpoint_exhausted,0,0,0,shanghai,ssh_eip_shanghai,deep_shanghai,9341,23,complete,GK2026D1,,
2026-08-25T11:38:31,reply,6a24e6d40000000006031168,6a25070d00000000290379ec,complete,endpoint_exhausted,0,0,0,shanghai,ssh_eip_shanghai,deep_shanghai,9341,23,complete,GK2026D1,,
2026-08-25T11:38:31,reply,6a24e6d40000000006031168,6a2506c7000000002702f9c8,complete,endpoint_exhausted,0,0,0,shanghai,ssh_eip_shanghai,deep_shanghai,9341,23,complete,GK2026D1,,
2026-08-25T11:38:31,reply,6a24e6d40000000006031168,6a25068a0000000029025720,complete,endpoint_exhausted,0,0,0,shanghai,ssh_eip_shanghai,deep_shanghai,9341,23,complete,GK2026D1,,
2026-08-25T11:38:48,reply,6a24e6d40000000006031168,6a250668000000002a02e673,complete,endpoint_exhausted,0,0,0,shanghai,ssh_eip_shanghai,deep_shanghai,9341,23,complete,GK2026D1,,
2026-08-25T11:38:48,reply,6a24e6d40000000006031168,6a250538000000002b025aa9,complete,endpoint_exhausted,0,0,0,shanghai,ssh_eip_shanghai,deep_shanghai,9341,23,complete,GK2026D1,,
2026-08-25T11:38:48,reply,6a24e6d40000000006031168,6a2504ee00000000290115f9,complete,endpoint_exhausted,0,0,0,shanghai,ssh_eip_shanghai,deep_shanghai,9341,23,complete,GK2026D1,,
2026-08-25T11:38:48,reply,6a24e6d40000000006031168,6a2504ed000000002a007e9e,complete,endpoint_exhausted,0,0,0,shanghai,ssh_eip_shanghai,deep_shanghai,9341,23,complete,GK2026D1,,
2026-08-25T11:38:48,reply,6a24e6d40000000006031168,6a25048e000000002b027f5b,complete,endpoint_exhausted,0,0,0,shanghai,ssh_eip_shanghai,deep_shanghai,9341,23,complete,GK2026D1,,
2026-08-25T11:38:48,reply,6a24e6d40000000006031168,6a250454000000002a00669b,complete,endpoint_exhausted,0,0,0,shanghai,ssh_eip_shanghai,deep_shanghai,9341,23,complete,GK2026D1,,
2026-08-25T11:38:48,reply,6a24e6d40000000006031168,6a250434000000002702daa4,complete,endpoint_exhausted,0,0,0,shanghai,ssh_eip_shanghai,deep_shanghai,9341,23,complete,GK2026D1,,
2026-08-25T11:38:48,reply,6a24e6d40000000006031168,6a2503ec0000000029011320,complete,endpoint_exhausted,0,0,0,shanghai,ssh_eip_shanghai,deep_shanghai,9341,23,complete,GK2026D1,,
2026-08-25T11:41:01,reply,6a24e6d40000000006031168,6a250395000000002803ff02,complete,endpoint_exhausted,8,40,40,shanghai,ssh_eip_shanghai,deep_shanghai,9341,23,complete,GK2026D1,,
2026-08-25T11:41:01,reply,6a24e6d40000000006031168,6a2503650000000028032a3a,complete,endpoint_exhausted,0,0,0,shanghai,ssh_eip_shanghai,deep_shanghai,9341,23,complete,GK2026D1,,
2026-08-25T11:41:18,reply,6a24e6d40000000006031168,6a2503320000000028031ef3,complete,endpoint_exhausted,0,0,0,shanghai,ssh_eip_shanghai,deep_shanghai,9341,23,complete,GK2026D1,,
2026-08-25T11:41:18,reply,6a24e6d40000000006031168,6a2502e6000000002902cd26,complete,endpoint_exhausted,0,0,0,shanghai,ssh_eip_shanghai,deep_shanghai,9341,23,complete,GK2026D1,,
2026-08-25T11:41:18,reply,6a24e6d40000000006031168,6a2502c0000000002701f8e7,complete,endpoint_exhausted,0,0,0,shanghai,ssh_eip_shanghai,deep_shanghai,9341,23,complete,GK2026D1,,
2026-08-25T11:41:18,reply,6a24e6d40000000006031168,6a2502a1000000002803c40e,complete,endpoint_exhausted,0,0,0,shanghai,ssh_eip_shanghai,deep_shanghai,9341,23,complete,GK2026D1,,
2026-08-25T11:41:18,reply,6a24e6d40000000006031168,6a250296000000002a02f61f,complete,endpoint_exhausted,0,0,0,shanghai,ssh_eip_shanghai,deep_shanghai,9341,23,complete,GK2026D1,,
2026-08-25T11:41:18,reply,6a24e6d40000000006031168,6a25025f000000002a0259bd,complete,endpoint_exhausted,0,0,0,shanghai,ssh_eip_shanghai,deep_shanghai,9341,23,complete,GK2026D1,,
2026-08-25T11:41:18,reply,6a24e6d40000000006031168,6a25023e0000000029012cb9,complete,endpoint_exhausted,0,0,0,shanghai,ssh_eip_shanghai,deep_shanghai,9341,23,complete,GK2026D1,,
2026-08-25T11:41:18,reply,6a24e6d40000000006031168,6a250218000000002a02dc28,complete,endpoint_exhausted,0,0,0,shanghai,ssh_eip_shanghai,deep_shanghai,9341,23,complete,GK2026D1,,
2026-08-25T11:41:35,reply,6a24e6d40000000006031168,6a2501f0000000002702cb85,complete,endpoint_exhausted,1,2,2,shanghai,ssh_eip_shanghai,deep_shanghai,9341,23,complete,GK2026D1,,
2026-08-25T11:41:35,reply,6a24e6d40000000006031168,6a2501ef0000000027029829,complete,endpoint_exhausted,0,0,0,shanghai,ssh_eip_shanghai,deep_shanghai,9341,23,complete,GK2026D1,,
2026-08-25T11:41:51,reply,6a24e6d40000000006031168,6a2501d6000000002a02ce3d,complete,endpoint_exhausted,0,0,0,shanghai,ssh_eip_shanghai,deep_shanghai,9341,23,complete,GK2026D1,,
2026-08-25T11:41:51,reply,6a24e6d40000000006031168,6a2501760000000028009eab,complete,endpoint_exhausted,0,0,0,shanghai,ssh_eip_shanghai,deep_shanghai,9341,23,complete,GK2026D1,,
2026-08-25T11:41:51,reply,6a24e6d40000000006031168,6a250118000000002a005799,complete,endpoint_exhausted,0,0,0,shanghai,ssh_eip_shanghai,deep_shanghai,9341,23,complete,GK2026D1,,
2026-08-25T11:41:51,reply,6a24e6d40000000006031168,6a2501140000000027014ee1,complete,endpoint_exhausted,0,0,0,shanghai,ssh_eip_shanghai,deep_shanghai,9341,23,complete,GK2026D1,,
2026-08-25T11:41:51,reply,6a24e6d40000000006031168,6a2500d50000000029027d9e,complete,endpoint_exhausted,0,0,0,shanghai,ssh_eip_shanghai,deep_shanghai,9341,23,complete,GK2026D1,,
2026-08-25T11:41:51,reply,6a24e6d40000000006031168,6a2500af000000002a00451c,complete,endpoint_exhausted,0,0,0,shanghai,ssh_eip_shanghai,deep_shanghai,9341,23,complete,GK2026D1,,
2026-08-25T11:41:51,reply,6a24e6d40000000006031168,6a25009200000000280365a2,complete,endpoint_exhausted,0,0,0,shanghai,ssh_eip_shanghai,deep_shanghai,9341,23,complete,GK2026D1,,
2026-08-25T11:41:51,reply,6a24e6d40000000006031168,6a250009000000002a00634a,complete,endpoint_exhausted,0,0,0,shanghai,ssh_eip_shanghai,deep_shanghai,9341,23,complete,GK2026D1,,
2026-08-25T11:41:51,reply,6a24e6d40000000006031168,6a24ffdf0000000029011865,complete,endpoint_exhausted,0,0,0,shanghai,ssh_eip_shanghai,deep_shanghai,9341,23,complete,GK2026D1,,
2026-08-25T11:41:51,reply,6a24e6d40000000006031168,6a24ffb80000000028036a77,complete,endpoint_exhausted,0,0,0,shanghai,ssh_eip_shanghai,deep_shanghai,9341,23,complete,GK2026D1,,
2026-08-25T11:42:09,reply,6a24e6d40000000006031168,6a24ff3e000000002702ac02,complete,endpoint_exhausted,0,0,0,shanghai,ssh_eip_shanghai,deep_shanghai,9341,23,complete,GK2026D1,,
2026-08-25T11:42:09,reply,6a24e6d40000000006031168,6a24fee00000000029011baf,complete,endpoint_exhausted,0,0,0,shanghai,ssh_eip_shanghai,deep_shanghai,9341,23,complete,GK2026D1,,
2026-08-25T11:42:09,reply,6a24e6d40000000006031168,6a24feca000000002701dad5,complete,endpoint_exhausted,0,0,0,shanghai,ssh_eip_shanghai,deep_shanghai,9341,23,complete,GK2026D1,,
2026-08-25T11:42:09,reply,6a24e6d40000000006031168,6a24fe87000000002a0321b1,complete,endpoint_exhausted,0,0,0,shanghai,ssh_eip_shanghai,deep_shanghai,9341,23,complete,GK2026D1,,
2026-08-25T11:42:09,reply,6a24e6d40000000006031168,6a24fe1d000000002a004a8c,complete,endpoint_exhausted,0,0,0,shanghai,ssh_eip_shanghai,deep_shanghai,9341,23,complete,GK2026D1,,
2026-08-25T11:42:09,reply,6a24e6d40000000006031168,6a24fdba0000000029026d42,complete,endpoint_exhausted,0,0,0,shanghai,ssh_eip_shanghai,deep_shanghai,9341,23,complete,GK2026D1,,
2026-08-25T11:42:09,reply,6a24e6d40000000006031168,6a24fd570000000028034f76,complete,endpoint_exhausted,0,0,0,shanghai,ssh_eip_shanghai,deep_shanghai,9341,23,complete,GK2026D1,,
2026-08-25T11:42:09,reply,6a24e6d40000000006031168,6a24fc0f000000002b001711,complete,endpoint_exhausted,0,0,0,shanghai,ssh_eip_shanghai,deep_shanghai,9341,23,complete,GK2026D1,,
2026-08-25T11:42:09,reply,6a24e6d40000000006031168,6a24fbd8000000002901afb7,complete,endpoint_exhausted,0,0,0,shanghai,ssh_eip_shanghai,deep_shanghai,9341,23,complete,GK2026D1,,
2026-08-25T11:42:09,reply,6a24e6d40000000006031168,6a24faf50000000028036fb7,complete,endpoint_exhausted,0,0,0,shanghai,ssh_eip_shanghai,deep_shanghai,9341,23,complete,GK2026D1,,
2026-08-25T11:42:25,reply,6a24e6d40000000006031168,6a24faf2000000002a027341,complete,endpoint_exhausted,0,0,0,shanghai,ssh_eip_shanghai,deep_shanghai,9341,23,complete,GK2026D1,,
2026-08-25T11:42:25,reply,6a24e6d40000000006031168,6a24fa4800000000270234ff,complete,endpoint_exhausted,0,0,0,shanghai,ssh_eip_shanghai,deep_shanghai,9341,23,complete,GK2026D1,,
2026-08-25T11:43:15,reply,6a24e6d40000000006031168,6a24fa06000000002b02611a,complete,endpoint_exhausted,3,15,15,shanghai,ssh_eip_shanghai,deep_shanghai,9341,23,complete,GK2026D1,,
2026-08-25T11:43:32,reply,6a24e6d40000000006031168,6a24f8f3000000002800987a,complete,endpoint_exhausted,1,2,2,shanghai,ssh_eip_shanghai,deep_shanghai,9341,23,complete,GK2026D1,,
2026-08-25T11:43:32,reply,6a24e6d40000000006031168,6a24f7a5000000002a031807,complete,endpoint_exhausted,0,0,0,shanghai,ssh_eip_shanghai,deep_shanghai,9341,23,complete,GK2026D1,,
2026-08-25T11:43:32,reply,6a24e6d40000000006031168,6a24f6ea000000002a033533,complete,endpoint_exhausted,0,0,0,shanghai,ssh_eip_shanghai,deep_shanghai,9341,23,complete,GK2026D1,,
2026-08-25T11:43:32,reply,6a24e6d40000000006031168,6a24f5f9000000002701794e,complete,endpoint_exhausted,0,0,0,shanghai,ssh_eip_shanghai,deep_shanghai,9341,23,complete,GK2026D1,,
2026-08-25T11:43:32,reply,6a24e6d40000000006031168,6a24f5be000000002800943f,complete,endpoint_exhausted,0,0,0,shanghai,ssh_eip_shanghai,deep_shanghai,9341,23,complete,GK2026D1,,
2026-08-25T11:43:32,reply,6a24e6d40000000006031168,6a24f3cd000000002803dd61,complete,endpoint_exhausted,0,0,0,shanghai,ssh_eip_shanghai,deep_shanghai,9341,23,complete,GK2026D1,,
2026-08-25T11:43:32,reply,6a24e6d40000000006031168,6a24f3350000000028036cbb,complete,endpoint_exhausted,0,0,0,shanghai,ssh_eip_shanghai,deep_shanghai,9341,23,complete,GK2026D1,,
2026-08-25T11:43:49,reply,6a24e6d40000000006031168,6a24f307000000002900dd0e,complete,endpoint_exhausted,0,0,0,shanghai,ssh_eip_shanghai,deep_shanghai,9341,23,complete,GK2026D1,,
2026-08-25T11:43:49,reply,6a24e6d40000000006031168,6a24f23b00000000290250bf,complete,endpoint_exhausted,0,0,0,shanghai,ssh_eip_shanghai,deep_shanghai,9341,23,complete,GK2026D1,,
2026-08-25T11:43:49,reply,6a24e6d40000000006031168,6a24f218000000002702d6fa,complete,endpoint_exhausted,0,0,0,shanghai,ssh_eip_shanghai,deep_shanghai,9341,23,complete,GK2026D1,,
2026-08-25T11:43:49,reply,6a24e6d40000000006031168,6a24f11a000000002a02cf44,complete,endpoint_exhausted,0,0,0,shanghai,ssh_eip_shanghai,deep_shanghai,9341,23,complete,GK2026D1,,
2026-08-25T11:44:05,reply,6a24e6d40000000006031168,6a24f0790000000029010b74,complete,endpoint_exhausted,1,2,2,shanghai,ssh_eip_shanghai,deep_shanghai,9341,23,complete,GK2026D1,,
2026-08-25T11:44:05,reply,6a24e6d40000000006031168,6a24ef78000000002a025441,complete,endpoint_exhausted,0,0,0,shanghai,ssh_eip_shanghai,deep_shanghai,9341,23,complete,GK2026D1,,
2026-08-25T11:44:05,reply,6a24e6d40000000006031168,6a24ef50000000002803c5c7,complete,endpoint_exhausted,0,0,0,shanghai,ssh_eip_shanghai,deep_shanghai,9341,23,complete,GK2026D1,,
2026-08-25T11:44:05,reply,6a24e6d40000000006031168,6a24ee76000000002b0015e1,complete,endpoint_exhausted,0,0,0,shanghai,ssh_eip_shanghai,deep_shanghai,9341,23,complete,GK2026D1,,
2026-08-25T11:44:05,reply,6a24e6d40000000006031168,6a24ee2000000000280355d1,complete,endpoint_exhausted,0,0,0,shanghai,ssh_eip_shanghai,deep_shanghai,9341,23,complete,GK2026D1,,
2026-08-25T11:44:05,reply,6a24e6d40000000006031168,6a24edea000000002b003b99,complete,endpoint_exhausted,0,0,0,shanghai,ssh_eip_shanghai,deep_shanghai,9341,23,complete,GK2026D1,,
2026-08-25T11:44:22,reply,6a24e6d40000000006031168,6a24ed30000000002900fb26,complete,endpoint_exhausted,0,0,0,shanghai,ssh_eip_shanghai,deep_shanghai,9341,23,complete,GK2026D1,,
2026-08-25T11:44:22,reply,6a24e6d40000000006031168,6a24eaf7000000002803250b,complete,endpoint_exhausted,0,0,0,shanghai,ssh_eip_shanghai,deep_shanghai,9341,23,complete,GK2026D1,,
2026-08-25T11:45:12,reply,6a24e6d40000000006031168,6a24fce90000000029036fa7,complete,endpoint_exhausted,3,15,15,shanghai,ssh_eip_shanghai,deep_shanghai,9341,23,complete,GK2026D1,,
2026-08-25T11:46:18,reply,6a24e6d40000000006031168,6a24fff50000000028031f46,complete,endpoint_exhausted,4,17,17,shanghai,ssh_eip_shanghai,deep_shanghai,9341,23,complete,GK2026D1,,
2026-08-25T11:46:52,reply,6a24e6d40000000006031168,6a2527160000000027014d28,complete,endpoint_exhausted,2,8,8,shanghai,ssh_eip_shanghai,deep_shanghai,9341,23,complete,GK2026D1,,
2026-08-25T11:46:52,reply,6a24e6d40000000006031168,6a2d8007000000002b001e52,complete,endpoint_exhausted,0,0,0,shanghai,ssh_eip_shanghai,deep_shanghai,9341,23,complete,GK2026D1,,
2026-08-25T11:46:52,reply,6a24e6d40000000006031168,6a298123000000002b002eb2,complete,endpoint_exhausted,0,0,0,shanghai,ssh_eip_shanghai,deep_shanghai,9341,23,complete,GK2026D1,,
2026-08-25T11:46:52,reply,6a24e6d40000000006031168,6a28b01b000000002702faa5,complete,endpoint_exhausted,0,0,0,shanghai,ssh_eip_shanghai,deep_shanghai,9341,23,complete,GK2026D1,,
2026-08-25T11:46:52,reply,6a24e6d40000000006031168,6a28499d000000002702f626,complete,endpoint_exhausted,0,0,0,shanghai,ssh_eip_shanghai,deep_shanghai,9341,23,complete,GK2026D1,,
2026-08-25T11:46:52,reply,6a24e6d40000000006031168,6a2822d4000000002701c6fb,complete,endpoint_exhausted,0,0,0,shanghai,ssh_eip_shanghai,deep_shanghai,9341,23,complete,GK2026D1,,
2026-08-25T11:47:08,reply,6a24e6d40000000006031168,6a279fdf000000002803d916,complete,endpoint_exhausted,0,0,0,shanghai,ssh_eip_shanghai,deep_shanghai,9341,23,complete,GK2026D1,,
2026-08-25T11:47:08,reply,6a24e6d40000000006031168,6a279b15000000002803bbf8,complete,endpoint_exhausted,0,0,0,shanghai,ssh_eip_shanghai,deep_shanghai,9341,23,complete,GK2026D1,,
2026-08-25T11:47:08,reply,6a24e6d40000000006031168,6a279328000000002a02e160,complete,endpoint_exhausted,0,0,0,shanghai,ssh_eip_shanghai,deep_shanghai,9341,23,complete,GK2026D1,,
2026-08-25T11:47:08,reply,6a24e6d40000000006031168,6a278d7200000000270168f8,complete,endpoint_exhausted,0,0,0,shanghai,ssh_eip_shanghai,deep_shanghai,9341,23,complete,GK2026D1,,
2026-08-25T11:47:08,reply,6a24e6d40000000006031168,6a2764b1000000002a02f444,complete,endpoint_exhausted,0,0,0,shanghai,ssh_eip_shanghai,deep_shanghai,9341,23,complete,GK2026D1,,
2026-08-25T11:47:08,reply,6a24e6d40000000006031168,6a273d79000000002701e58c,complete,endpoint_exhausted,0,0,0,shanghai,ssh_eip_shanghai,deep_shanghai,9341,23,complete,GK2026D1,,
2026-08-25T11:47:08,reply,6a24e6d40000000006031168,6a26c6ca000000002a027e9f,complete,endpoint_exhausted,0,0,0,shanghai,ssh_eip_shanghai,deep_shanghai,9341,23,complete,GK2026D1,,
2026-08-25T11:47:08,reply,6a24e6d40000000006031168,6a26c205000000002803c1b1,complete,endpoint_exhausted,0,0,0,shanghai,ssh_eip_shanghai,deep_shanghai,9341,23,complete,GK2026D1,,
2026-08-25T11:47:08,reply,6a24e6d40000000006031168,6a268c6b000000002701ecf8,complete,endpoint_exhausted,0,0,0,shanghai,ssh_eip_shanghai,deep_shanghai,9341,23,complete,GK2026D1,,
2026-08-25T11:47:08,reply,6a24e6d40000000006031168,6a2688e1000000002b02a19f,complete,endpoint_exhausted,0,0,0,shanghai,ssh_eip_shanghai,deep_shanghai,9341,23,complete,GK2026D1,,
2026-08-25T11:47:25,reply,6a24e6d40000000006031168,6a26880d000000002a02ff4b,complete,endpoint_exhausted,0,0,0,shanghai,ssh_eip_shanghai,deep_shanghai,9341,23,complete,GK2026D1,,
2026-08-25T11:47:25,reply,6a24e6d40000000006031168,6a2675ce0000000028038208,complete,endpoint_exhausted,0,0,0,shanghai,ssh_eip_shanghai,deep_shanghai,9341,23,complete,GK2026D1,,
2026-08-25T11:47:25,reply,6a24e6d40000000006031168,6a266ce9000000002a031ce8,complete,endpoint_exhausted,0,0,0,shanghai,ssh_eip_shanghai,deep_shanghai,9341,23,complete,GK2026D1,,
2026-08-25T11:47:25,reply,6a24e6d40000000006031168,6a266b39000000002902525b,complete,endpoint_exhausted,0,0,0,shanghai,ssh_eip_shanghai,deep_shanghai,9341,23,complete,GK2026D1,,
2026-08-25T11:47:25,reply,6a24e6d40000000006031168,6a265271000000002702d4c1,complete,endpoint_exhausted,0,0,0,shanghai,ssh_eip_shanghai,deep_shanghai,9341,23,complete,GK2026D1,,
2026-08-25T11:47:25,reply,6a24e6d40000000006031168,6a264a01000000002702b861,complete,endpoint_exhausted,0,0,0,shanghai,ssh_eip_shanghai,deep_shanghai,9341,23,complete,GK2026D1,,
2026-08-25T11:47:25,reply,6a24e6d40000000006031168,6a264902000000002b0290aa,complete,endpoint_exhausted,0,0,0,shanghai,ssh_eip_shanghai,deep_shanghai,9341,23,complete,GK2026D1,,
2026-08-25T11:47:25,reply,6a24e6d40000000006031168,6a263e82000000002901905a,complete,endpoint_exhausted,0,0,0,shanghai,ssh_eip_shanghai,deep_shanghai,9341,23,complete,GK2026D1,,
2026-08-25T11:47:25,reply,6a24e6d40000000006031168,6a26396d000000002800918b,complete,endpoint_exhausted,0,0,0,shanghai,ssh_eip_shanghai,deep_shanghai,9341,23,complete,GK2026D1,,
2026-08-25T11:47:25,reply,6a24e6d40000000006031168,6a2637200000000029027fdb,complete,endpoint_exhausted,0,0,0,shanghai,ssh_eip_shanghai,deep_shanghai,9341,23,complete,GK2026D1,,
2026-08-25T11:47:42,reply,6a24e6d40000000006031168,6a26334d0000000028008e02,complete,endpoint_exhausted,0,0,0,shanghai,ssh_eip_shanghai,deep_shanghai,9341,23,complete,GK2026D1,,
2026-08-25T11:47:42,reply,6a24e6d40000000006031168,6a26307f000000002701d6c9,complete,endpoint_exhausted,0,0,0,shanghai,ssh_eip_shanghai,deep_shanghai,9341,23,complete,GK2026D1,,
2026-08-25T11:47:42,reply,6a24e6d40000000006031168,6a262b8800000000280329df,complete,endpoint_exhausted,0,0,0,shanghai,ssh_eip_shanghai,deep_shanghai,9341,23,complete,GK2026D1,,
2026-08-25T11:47:42,reply,6a24e6d40000000006031168,6a26299f000000002a027cee,complete,endpoint_exhausted,0,0,0,shanghai,ssh_eip_shanghai,deep_shanghai,9341,23,complete,GK2026D1,,
2026-08-25T11:47:42,reply,6a24e6d40000000006031168,6a26262f000000002b02ad2c,complete,endpoint_exhausted,0,0,0,shanghai,ssh_eip_shanghai,deep_shanghai,9341,23,complete,GK2026D1,,
2026-08-25T11:47:42,reply,6a24e6d40000000006031168,6a26261900000000230035f8,complete,endpoint_exhausted,0,0,0,shanghai,ssh_eip_shanghai,deep_shanghai,9341,23,complete,GK2026D1,,
2026-08-25T11:47:42,reply,6a24e6d40000000006031168,6a2621780000000029010737,complete,endpoint_exhausted,0,0,0,shanghai,ssh_eip_shanghai,deep_shanghai,9341,23,complete,GK2026D1,,
2026-08-25T11:47:42,reply,6a24e6d40000000006031168,6a262129000000002100d746,complete,endpoint_exhausted,0,0,0,shanghai,ssh_eip_shanghai,deep_shanghai,9341,23,complete,GK2026D1,,
2026-08-25T11:47:42,reply,6a24e6d40000000006031168,6a261eaa000000002b02ad71,complete,endpoint_exhausted,0,0,0,shanghai,ssh_eip_shanghai,deep_shanghai,9341,23,complete,GK2026D1,,
2026-08-25T11:47:42,reply,6a24e6d40000000006031168,6a2617e3000000002b02aa5c,complete,endpoint_exhausted,0,0,0,shanghai,ssh_eip_shanghai,deep_shanghai,9341,23,complete,GK2026D1,,
2026-08-25T11:47:58,reply,6a24e6d40000000006031168,6a261662000000002a02f6d3,complete,endpoint_exhausted,0,0,0,shanghai,ssh_eip_shanghai,deep_shanghai,9341,23,complete,GK2026D1,,
2026-08-25T11:47:58,reply,6a24e6d40000000006031168,6a260daa0000000027028593,complete,endpoint_exhausted,0,0,0,shanghai,ssh_eip_shanghai,deep_shanghai,9341,23,complete,GK2026D1,,
2026-08-25T11:47:58,reply,6a24e6d40000000006031168,6a260bb2000000002a0309a2,complete,endpoint_exhausted,0,0,0,shanghai,ssh_eip_shanghai,deep_shanghai,9341,23,complete,GK2026D1,,
2026-08-25T11:47:58,reply,6a24e6d40000000006031168,6a2608d0000000000d021401,complete,endpoint_exhausted,0,0,0,shanghai,ssh_eip_shanghai,deep_shanghai,9341,23,complete,GK2026D1,,
2026-08-25T11:47:58,reply,6a24e6d40000000006031168,6a26084e000000002a004a69,complete,endpoint_exhausted,0,0,0,shanghai,ssh_eip_shanghai,deep_shanghai,9341,23,complete,GK2026D1,,
2026-08-25T11:47:58,reply,6a24e6d40000000006031168,6a260611000000002900d3ba,complete,endpoint_exhausted,0,0,0,shanghai,ssh_eip_shanghai,deep_shanghai,9341,23,complete,GK2026D1,,
2026-08-25T11:47:58,reply,6a24e6d40000000006031168,6a25fe5c0000000028036350,complete,endpoint_exhausted,0,0,0,shanghai,ssh_eip_shanghai,deep_shanghai,9341,23,complete,GK2026D1,,
2026-08-25T11:47:58,reply,6a24e6d40000000006031168,6a25fe37000000002800913d,complete,endpoint_exhausted,0,0,0,shanghai,ssh_eip_shanghai,deep_shanghai,9341,23,complete,GK2026D1,,
2026-08-25T11:47:58,reply,6a24e6d40000000006031168,6a25fc6e000000002800b101,complete,endpoint_exhausted,0,0,0,shanghai,ssh_eip_shanghai,deep_shanghai,9341,23,complete,GK2026D1,,
2026-08-25T11:47:58,reply,6a24e6d40000000006031168,6a25d1ec000000002a031b38,complete,endpoint_exhausted,0,0,0,shanghai,ssh_eip_shanghai,deep_shanghai,9341,23,complete,GK2026D1,,
2026-08-25T11:48:15,reply,6a24e6d40000000006031168,6a25cf91000000002702e996,complete,endpoint_exhausted,0,0,0,shanghai,ssh_eip_shanghai,deep_shanghai,9341,23,complete,GK2026D1,,
2026-08-25T11:48:15,reply,6a24e6d40000000006031168,6a25b5b5000000002a00758a,complete,endpoint_exhausted,0,0,0,shanghai,ssh_eip_shanghai,deep_shanghai,9341,23,complete,GK2026D1,,
2026-08-25T11:48:15,reply,6a24e6d40000000006031168,6a25acb9000000002b02610c,complete,endpoint_exhausted,0,0,0,shanghai,ssh_eip_shanghai,deep_shanghai,9341,23,complete,GK2026D1,,
2026-08-25T11:48:15,reply,6a24e6d40000000006031168,6a25a2e50000000028036de6,complete,endpoint_exhausted,0,0,0,shanghai,ssh_eip_shanghai,deep_shanghai,9341,23,complete,GK2026D1,,
2026-08-25T11:48:15,reply,6a24e6d40000000006031168,6a25a208000000002902404f,complete,endpoint_exhausted,0,0,0,shanghai,ssh_eip_shanghai,deep_shanghai,9341,23,complete,GK2026D1,,
2026-08-25T11:48:15,reply,6a24e6d40000000006031168,6a259e9b0000000029027589,complete,endpoint_exhausted,0,0,0,shanghai,ssh_eip_shanghai,deep_shanghai,9341,23,complete,GK2026D1,,
2026-08-25T11:48:15,reply,6a24e6d40000000006031168,6a259d30000000002a02e4cc,complete,endpoint_exhausted,0,0,0,shanghai,ssh_eip_shanghai,deep_shanghai,9341,23,complete,GK2026D1,,
2026-08-25T11:48:15,reply,6a24e6d40000000006031168,6a2599140000000029012d21,complete,endpoint_exhausted,0,0,0,shanghai,ssh_eip_shanghai,deep_shanghai,9341,23,complete,GK2026D1,,
2026-08-25T11:48:15,reply,6a24e6d40000000006031168,6a25944e000000002800bfcc,complete,endpoint_exhausted,0,0,0,shanghai,ssh_eip_shanghai,deep_shanghai,9341,23,complete,GK2026D1,,
2026-08-25T11:48:15,reply,6a24e6d40000000006031168,6a258ef2000000002803e387,complete,endpoint_exhausted,0,0,0,shanghai,ssh_eip_shanghai,deep_shanghai,9341,23,complete,GK2026D1,,
2026-08-25T11:48:32,reply,6a24e6d40000000006031168,6a258d6a000000002900f910,complete,endpoint_exhausted,0,0,0,shanghai,ssh_eip_shanghai,deep_shanghai,9341,23,complete,GK2026D1,,
2026-08-25T11:48:32,reply,6a24e6d40000000006031168,6a258a46000000002a0321d1,complete,endpoint_exhausted,0,0,0,shanghai,ssh_eip_shanghai,deep_shanghai,9341,23,complete,GK2026D1,,
2026-08-25T11:48:32,reply,6a24e6d40000000006031168,6a258865000000002902c8fd,complete,endpoint_exhausted,0,0,0,shanghai,ssh_eip_shanghai,deep_shanghai,9341,23,complete,GK2026D1,,
2026-08-25T11:48:32,reply,6a24e6d40000000006031168,6a25860c000000002a02ef64,complete,endpoint_exhausted,0,0,0,shanghai,ssh_eip_shanghai,deep_shanghai,9341,23,complete,GK2026D1,,
2026-08-25T11:48:32,reply,6a24e6d40000000006031168,6a258591000000000d021c01,complete,endpoint_exhausted,0,0,0,shanghai,ssh_eip_shanghai,deep_shanghai,9341,23,complete,GK2026D1,,
2026-08-25T11:48:32,reply,6a24e6d40000000006031168,6a2584c2000000002803b340,complete,endpoint_exhausted,0,0,0,shanghai,ssh_eip_shanghai,deep_shanghai,9341,23,complete,GK2026D1,,
2026-08-25T11:48:32,reply,6a24e6d40000000006031168,6a2581ba000000002803b021,complete,endpoint_exhausted,0,0,0,shanghai,ssh_eip_shanghai,deep_shanghai,9341,23,complete,GK2026D1,,
2026-08-25T11:48:32,reply,6a24e6d40000000006031168,6a257dd9000000002800b536,complete,endpoint_exhausted,0,0,0,shanghai,ssh_eip_shanghai,deep_shanghai,9341,23,complete,GK2026D1,,
2026-08-25T11:48:32,reply,6a24e6d40000000006031168,6a257d06000000002a0066a4,complete,endpoint_exhausted,0,0,0,shanghai,ssh_eip_shanghai,deep_shanghai,9341,23,complete,GK2026D1,,
2026-08-25T11:48:32,reply,6a24e6d40000000006031168,6a257caa0000000027020306,complete,endpoint_exhausted,0,0,0,shanghai,ssh_eip_shanghai,deep_shanghai,9341,23,complete,GK2026D1,,
2026-08-25T11:48:48,reply,6a24e6d40000000006031168,6a257be5000000002800b9f8,complete,endpoint_exhausted,0,0,0,shanghai,ssh_eip_shanghai,deep_shanghai,9341,23,complete,GK2026D1,,
2026-08-25T11:48:48,reply,6a24e6d40000000006031168,6a2577700000000028008d91,complete,endpoint_exhausted,0,1,1,shanghai,ssh_eip_shanghai,deep_shanghai,9341,23,complete,GK2026D1,,
2026-08-25T11:48:48,reply,6a24e6d40000000006031168,6a2577650000000027017ef2,complete,endpoint_exhausted,0,0,0,shanghai,ssh_eip_shanghai,deep_shanghai,9341,23,complete,GK2026D1,,
2026-08-25T11:48:48,reply,6a24e6d40000000006031168,6a25766a000000002b0272c4,complete,endpoint_exhausted,0,0,0,shanghai,ssh_eip_shanghai,deep_shanghai,9341,23,complete,GK2026D1,,
2026-08-25T11:48:48,reply,6a24e6d40000000006031168,6a25730e0000000029034215,complete,endpoint_exhausted,0,0,0,shanghai,ssh_eip_shanghai,deep_shanghai,9341,23,complete,GK2026D1,,
2026-08-25T11:48:48,reply,6a24e6d40000000006031168,6a25730c000000002702af3b,complete,endpoint_exhausted,0,0,0,shanghai,ssh_eip_shanghai,deep_shanghai,9341,23,complete,GK2026D1,,
2026-08-25T11:48:48,reply,6a24e6d40000000006031168,6a2572a0000000002b0024ca,complete,endpoint_exhausted,0,0,0,shanghai,ssh_eip_shanghai,deep_shanghai,9341,23,complete,GK2026D1,,
2026-08-25T11:48:48,reply,6a24e6d40000000006031168,6a25726d000000002a0043f5,complete,endpoint_exhausted,0,0,0,shanghai,ssh_eip_shanghai,deep_shanghai,9341,23,complete,GK2026D1,,
2026-08-25T11:48:48,reply,6a24e6d40000000006031168,6a256faf000000002a02e605,complete,endpoint_exhausted,0,0,0,shanghai,ssh_eip_shanghai,deep_shanghai,9341,23,complete,GK2026D1,,
2026-08-25T11:48:48,reply,6a24e6d40000000006031168,6a25682e00000000270218c0,complete,endpoint_exhausted,0,0,0,shanghai,ssh_eip_shanghai,deep_shanghai,9341,23,complete,GK2026D1,,
2026-08-25T11:49:05,reply,6a24e6d40000000006031168,6a256815000000002803d0bd,complete,endpoint_exhausted,0,0,0,shanghai,ssh_eip_shanghai,deep_shanghai,9341,23,complete,GK2026D1,,
2026-08-25T11:49:05,reply,6a24e6d40000000006031168,6a256274000000002a02d8c8,complete,endpoint_exhausted,0,0,0,shanghai,ssh_eip_shanghai,deep_shanghai,9341,23,complete,GK2026D1,,
2026-08-25T11:49:05,reply,6a24e6d40000000006031168,6a2561e9000000002a0338b7,complete,endpoint_exhausted,0,0,0,shanghai,ssh_eip_shanghai,deep_shanghai,9341,23,complete,GK2026D1,,
2026-08-25T11:49:05,reply,6a24e6d40000000006031168,6a256154000000002a026416,complete,endpoint_exhausted,0,0,0,shanghai,ssh_eip_shanghai,deep_shanghai,9341,23,complete,GK2026D1,,
2026-08-25T11:49:05,reply,6a24e6d40000000006031168,6a255f7400000000290379d1,complete,endpoint_exhausted,0,0,0,shanghai,ssh_eip_shanghai,deep_shanghai,9341,23,complete,GK2026D1,,
2026-08-25T11:49:05,reply,6a24e6d40000000006031168,6a255e93000000002902d136,complete,endpoint_exhausted,0,0,0,shanghai,ssh_eip_shanghai,deep_shanghai,9341,23,complete,GK2026D1,,
2026-08-25T11:49:05,reply,6a24e6d40000000006031168,6a255d7000000000280085fb,complete,endpoint_exhausted,0,0,0,shanghai,ssh_eip_shanghai,deep_shanghai,9341,23,complete,GK2026D1,,
2026-08-25T11:49:05,reply,6a24e6d40000000006031168,6a255d28000000002b025333,complete,endpoint_exhausted,0,0,0,shanghai,ssh_eip_shanghai,deep_shanghai,9341,23,complete,GK2026D1,,
2026-08-25T11:49:05,reply,6a24e6d40000000006031168,6a255c29000000002b003678,complete,endpoint_exhausted,0,0,0,shanghai,ssh_eip_shanghai,deep_shanghai,9341,23,complete,GK2026D1,,
2026-08-25T11:49:05,reply,6a24e6d40000000006031168,6a255c14000000002702fd3f,complete,endpoint_exhausted,0,0,0,shanghai,ssh_eip_shanghai,deep_shanghai,9341,23,complete,GK2026D1,,
2026-08-25T11:49:22,reply,6a24e6d40000000006031168,6a255ad6000000002701eebf,complete,endpoint_exhausted,0,0,0,shanghai,ssh_eip_shanghai,deep_shanghai,9341,23,complete,GK2026D1,,
2026-08-25T11:49:22,reply,6a24e6d40000000006031168,6a2559620000000028008c32,complete,endpoint_exhausted,0,0,0,shanghai,ssh_eip_shanghai,deep_shanghai,9341,23,complete,GK2026D1,,
2026-08-25T11:49:22,reply,6a24e6d40000000006031168,6a2558dd000000002803d2e5,complete,endpoint_exhausted,0,0,0,shanghai,ssh_eip_shanghai,deep_shanghai,9341,23,complete,GK2026D1,,
2026-08-25T11:49:22,reply,6a24e6d40000000006031168,6a2558c6000000002701ed34,complete,endpoint_exhausted,0,0,0,shanghai,ssh_eip_shanghai,deep_shanghai,9341,23,complete,GK2026D1,,
2026-08-25T11:49:22,reply,6a24e6d40000000006031168,6a2556cc000000002a026f1d,complete,endpoint_exhausted,0,0,0,shanghai,ssh_eip_shanghai,deep_shanghai,9341,23,complete,GK2026D1,,
2026-08-25T11:49:22,reply,6a24e6d40000000006031168,6a2556440000000027028bb9,complete,endpoint_exhausted,0,0,0,shanghai,ssh_eip_shanghai,deep_shanghai,9341,23,complete,GK2026D1,,
2026-08-25T11:49:22,reply,6a24e6d40000000006031168,6a2555e2000000002b0013a2,complete,endpoint_exhausted,0,0,0,shanghai,ssh_eip_shanghai,deep_shanghai,9341,23,complete,GK2026D1,,
2026-08-25T11:49:22,reply,6a24e6d40000000006031168,6a255478000000002702a214,complete,endpoint_exhausted,0,0,0,shanghai,ssh_eip_shanghai,deep_shanghai,9341,23,complete,GK2026D1,,
2026-08-25T11:49:22,reply,6a24e6d40000000006031168,6a2553f00000000027014673,complete,endpoint_exhausted,0,0,0,shanghai,ssh_eip_shanghai,deep_shanghai,9341,23,complete,GK2026D1,,
2026-08-25T11:49:22,reply,6a24e6d40000000006031168,6a2552480000000027029c51,complete,endpoint_exhausted,0,0,0,shanghai,ssh_eip_shanghai,deep_shanghai,9341,23,complete,GK2026D1,,
2026-08-25T11:49:38,reply,6a24e6d40000000006031168,6a255236000000002a02e7e5,complete,endpoint_exhausted,0,0,0,shanghai,ssh_eip_shanghai,deep_shanghai,9341,23,complete,GK2026D1,,
2026-08-25T11:49:38,reply,6a24e6d40000000006031168,6a2551d0000000002903701e,complete,endpoint_exhausted,0,0,0,shanghai,ssh_eip_shanghai,deep_shanghai,9341,23,complete,GK2026D1,,
2026-08-25T11:49:38,reply,6a24e6d40000000006031168,6a2550e2000000002900e582,complete,endpoint_exhausted,0,0,0,shanghai,ssh_eip_shanghai,deep_shanghai,9341,23,complete,GK2026D1,,
2026-08-25T11:49:38,reply,6a24e6d40000000006031168,6a2550cb0000000029010830,complete,endpoint_exhausted,0,0,0,shanghai,ssh_eip_shanghai,deep_shanghai,9341,23,complete,GK2026D1,,
2026-08-25T11:49:38,reply,6a24e6d40000000006031168,6a254f9e000000002b0032aa,complete,endpoint_exhausted,0,0,0,shanghai,ssh_eip_shanghai,deep_shanghai,9341,23,complete,GK2026D1,,
2026-08-25T11:49:38,reply,6a24e6d40000000006031168,6a254f68000000002a0314b2,complete,endpoint_exhausted,0,0,0,shanghai,ssh_eip_shanghai,deep_shanghai,9341,23,complete,GK2026D1,,
2026-08-25T11:49:38,reply,6a24e6d40000000006031168,6a254f310000000029037874,complete,endpoint_exhausted,0,0,0,shanghai,ssh_eip_shanghai,deep_shanghai,9341,23,complete,GK2026D1,,
2026-08-25T11:49:38,reply,6a24e6d40000000006031168,6a254ede000000002a02d7f8,complete,endpoint_exhausted,0,0,0,shanghai,ssh_eip_shanghai,deep_shanghai,9341,23,complete,GK2026D1,,
2026-08-25T11:49:38,reply,6a24e6d40000000006031168,6a254e47000000002a006d37,complete,endpoint_exhausted,0,0,0,shanghai,ssh_eip_shanghai,deep_shanghai,9341,23,complete,GK2026D1,,
2026-08-25T11:49:38,reply,6a24e6d40000000006031168,6a254c0e000000002803fe3c,complete,endpoint_exhausted,0,0,0,shanghai,ssh_eip_shanghai,deep_shanghai,9341,23,complete,GK2026D1,,
2026-08-25T11:49:55,reply,6a24e6d40000000006031168,6a254b1a000000002702012b,complete,endpoint_exhausted,0,0,0,shanghai,ssh_eip_shanghai,deep_shanghai,9341,23,complete,GK2026D1,,
2026-08-25T11:49:55,reply,6a24e6d40000000006031168,6a254b0b0000000028031238,complete,endpoint_exhausted,0,0,0,shanghai,ssh_eip_shanghai,deep_shanghai,9341,23,complete,GK2026D1,,
2026-08-25T11:49:55,reply,6a24e6d40000000006031168,6a254a28000000002702c202,complete,endpoint_exhausted,0,0,0,shanghai,ssh_eip_shanghai,deep_shanghai,9341,23,complete,GK2026D1,,
2026-08-25T11:49:55,reply,6a24e6d40000000006031168,6a254a100000000027015b1a,complete,endpoint_exhausted,0,0,0,shanghai,ssh_eip_shanghai,deep_shanghai,9341,23,complete,GK2026D1,,
2026-08-25T11:49:55,reply,6a24e6d40000000006031168,6a254a0f0000000029012bee,complete,endpoint_exhausted,0,0,0,shanghai,ssh_eip_shanghai,deep_shanghai,9341,23,complete,GK2026D1,,
2026-08-25T11:49:55,reply,6a24e6d40000000006031168,6a2548500000000027016571,complete,endpoint_exhausted,0,0,0,shanghai,ssh_eip_shanghai,deep_shanghai,9341,23,complete,GK2026D1,,
2026-08-25T11:49:55,reply,6a24e6d40000000006031168,6a25482d000000002a005c8f,complete,endpoint_exhausted,0,0,0,shanghai,ssh_eip_shanghai,deep_shanghai,9341,23,complete,GK2026D1,,
2026-08-25T11:49:55,reply,6a24e6d40000000006031168,6a2547fd000000002b0006fd,complete,endpoint_exhausted,0,0,0,shanghai,ssh_eip_shanghai,deep_shanghai,9341,23,complete,GK2026D1,,
2026-08-25T11:49:55,reply,6a24e6d40000000006031168,6a2547bd0000000027017ceb,complete,endpoint_exhausted,0,0,0,shanghai,ssh_eip_shanghai,deep_shanghai,9341,23,complete,GK2026D1,,
2026-08-25T11:49:55,reply,6a24e6d40000000006031168,6a25479d00000000280304b9,complete,endpoint_exhausted,0,0,0,shanghai,ssh_eip_shanghai,deep_shanghai,9341,23,complete,GK2026D1,,
2026-08-25T11:50:12,reply,6a24e6d40000000006031168,6a2547950000000028037565,complete,endpoint_exhausted,0,0,0,shanghai,ssh_eip_shanghai,deep_shanghai,9341,23,complete,GK2026D1,,
2026-08-25T11:50:12,reply,6a24e6d40000000006031168,6a25478f000000002702289b,complete,endpoint_exhausted,0,0,0,shanghai,ssh_eip_shanghai,deep_shanghai,9341,23,complete,GK2026D1,,
2026-08-25T11:50:12,reply,6a24e6d40000000006031168,6a2546c4000000002701e8d8,complete,endpoint_exhausted,0,1,1,shanghai,ssh_eip_shanghai,deep_shanghai,9341,23,complete,GK2026D1,,
2026-08-25T11:50:12,reply,6a24e6d40000000006031168,6a25463c000000002a032062,complete,endpoint_exhausted,0,0,0,shanghai,ssh_eip_shanghai,deep_shanghai,9341,23,complete,GK2026D1,,
2026-08-25T11:50:12,reply,6a24e6d40000000006031168,6a254615000000002701f912,complete,endpoint_exhausted,0,0,0,shanghai,ssh_eip_shanghai,deep_shanghai,9341,23,complete,GK2026D1,,
2026-08-25T11:50:12,reply,6a24e6d40000000006031168,6a2544d20000000027029535,complete,endpoint_exhausted,0,0,0,shanghai,ssh_eip_shanghai,deep_shanghai,9341,23,complete,GK2026D1,,
2026-08-25T11:50:12,reply,6a24e6d40000000006031168,6a25447f000000002701da48,complete,endpoint_exhausted,0,0,0,shanghai,ssh_eip_shanghai,deep_shanghai,9341,23,complete,GK2026D1,,
2026-08-25T11:50:12,reply,6a24e6d40000000006031168,6a2543ea000000002702989f,complete,endpoint_exhausted,0,0,0,shanghai,ssh_eip_shanghai,deep_shanghai,9341,23,complete,GK2026D1,,
2026-08-25T11:50:12,reply,6a24e6d40000000006031168,6a25435a000000002b0261eb,complete,endpoint_exhausted,0,0,0,shanghai,ssh_eip_shanghai,deep_shanghai,9341,23,complete,GK2026D1,,
2026-08-25T11:50:12,reply,6a24e6d40000000006031168,6a25433b000000000d021c00,complete,endpoint_exhausted,0,0,0,shanghai,ssh_eip_shanghai,deep_shanghai,9341,23,complete,GK2026D1,,
2026-08-25T11:50:28,reply,6a24e6d40000000006031168,6a254333000000002b0259f3,complete,endpoint_exhausted,0,0,0,shanghai,ssh_eip_shanghai,deep_shanghai,9341,23,complete,GK2026D1,,
2026-08-25T11:50:28,reply,6a24e6d40000000006031168,6a25432c0000000028033a8b,complete,endpoint_exhausted,0,0,0,shanghai,ssh_eip_shanghai,deep_shanghai,9341,23,complete,GK2026D1,,
2026-08-25T11:50:28,reply,6a24e6d40000000006031168,6a2542d0000000002b02467f,complete,endpoint_exhausted,0,0,0,shanghai,ssh_eip_shanghai,deep_shanghai,9341,23,complete,GK2026D1,,
2026-08-25T11:50:28,reply,6a24e6d40000000006031168,6a2542720000000029010a17,complete,endpoint_exhausted,0,0,0,shanghai,ssh_eip_shanghai,deep_shanghai,9341,23,complete,GK2026D1,,
2026-08-25T11:50:28,reply,6a24e6d40000000006031168,6a2542600000000028030527,complete,endpoint_exhausted,0,0,0,shanghai,ssh_eip_shanghai,deep_shanghai,9341,23,complete,GK2026D1,,
2026-08-25T11:50:28,reply,6a24e6d40000000006031168,6a25415b0000000029026b16,complete,endpoint_exhausted,0,0,0,shanghai,ssh_eip_shanghai,deep_shanghai,9341,23,complete,GK2026D1,,
2026-08-25T11:50:28,reply,6a24e6d40000000006031168,6a2540ed000000002a007b36,complete,endpoint_exhausted,0,0,0,shanghai,ssh_eip_shanghai,deep_shanghai,9341,23,complete,GK2026D1,,
2026-08-25T11:50:28,reply,6a24e6d40000000006031168,6a2540a9000000002900de26,complete,endpoint_exhausted,0,0,0,shanghai,ssh_eip_shanghai,deep_shanghai,9341,23,complete,GK2026D1,,
2026-08-25T11:50:28,reply,6a24e6d40000000006031168,6a2540a20000000029019d30,complete,endpoint_exhausted,0,0,0,shanghai,ssh_eip_shanghai,deep_shanghai,9341,23,complete,GK2026D1,,
2026-08-25T11:50:28,reply,6a24e6d40000000006031168,6a254097000000002803f4ef,complete,endpoint_exhausted,0,0,0,shanghai,ssh_eip_shanghai,deep_shanghai,9341,23,complete,GK2026D1,,
2026-08-25T11:50:45,reply,6a24e6d40000000006031168,6a25406a0000000029019358,complete,endpoint_exhausted,0,0,0,shanghai,ssh_eip_shanghai,deep_shanghai,9341,23,complete,GK2026D1,,
2026-08-25T11:50:45,reply,6a24e6d40000000006031168,6a253ffc0000000027021eef,complete,endpoint_exhausted,0,0,0,shanghai,ssh_eip_shanghai,deep_shanghai,9341,23,complete,GK2026D1,,
2026-08-25T11:50:45,reply,6a24e6d40000000006031168,6a253ee80000000029024096,complete,endpoint_exhausted,0,0,0,shanghai,ssh_eip_shanghai,deep_shanghai,9341,23,complete,GK2026D1,,
2026-08-25T11:50:45,reply,6a24e6d40000000006031168,6a253ec5000000002900e538,complete,endpoint_exhausted,0,0,0,shanghai,ssh_eip_shanghai,deep_shanghai,9341,23,complete,GK2026D1,,
2026-08-25T11:50:45,reply,6a24e6d40000000006031168,6a253e2a0000000028033f78,complete,endpoint_exhausted,0,0,0,shanghai,ssh_eip_shanghai,deep_shanghai,9341,23,complete,GK2026D1,,
2026-08-25T11:50:45,reply,6a24e6d40000000006031168,6a253d90000000002901128e,complete,endpoint_exhausted,0,0,0,shanghai,ssh_eip_shanghai,deep_shanghai,9341,23,complete,GK2026D1,,
2026-08-25T11:50:45,reply,6a24e6d40000000006031168,6a253cb1000000002702863c,complete,endpoint_exhausted,0,0,0,shanghai,ssh_eip_shanghai,deep_shanghai,9341,23,complete,GK2026D1,,
2026-08-25T11:50:45,reply,6a24e6d40000000006031168,6a253c61000000002b028fc4,complete,endpoint_exhausted,0,0,0,shanghai,ssh_eip_shanghai,deep_shanghai,9341,23,complete,GK2026D1,,
2026-08-25T11:50:45,reply,6a24e6d40000000006031168,6a253c570000000028038ce5,complete,endpoint_exhausted,0,0,0,shanghai,ssh_eip_shanghai,deep_shanghai,9341,23,complete,GK2026D1,,
2026-08-25T11:50:45,reply,6a24e6d40000000006031168,6a253c0b000000002803d8d0,complete,endpoint_exhausted,0,0,0,shanghai,ssh_eip_shanghai,deep_shanghai,9341,23,complete,GK2026D1,,
2026-08-25T11:51:02,reply,6a24e6d40000000006031168,6a253bae000000002a025789,complete,endpoint_exhausted,0,0,0,shanghai,ssh_eip_shanghai,deep_shanghai,9341,23,complete,GK2026D1,,
2026-08-25T11:51:02,reply,6a24e6d40000000006031168,6a253ba9000000002b027ae5,complete,endpoint_exhausted,0,0,0,shanghai,ssh_eip_shanghai,deep_shanghai,9341,23,complete,GK2026D1,,
2026-08-25T11:51:02,reply,6a24e6d40000000006031168,6a253ad1000000002a030343,complete,endpoint_exhausted,0,1,1,shanghai,ssh_eip_shanghai,deep_shanghai,9341,23,complete,GK2026D1,,
2026-08-25T11:51:02,reply,6a24e6d40000000006031168,6a253abd000000002803aad8,complete,endpoint_exhausted,0,0,0,shanghai,ssh_eip_shanghai,deep_shanghai,9341,23,complete,GK2026D1,,
2026-08-25T11:51:02,reply,6a24e6d40000000006031168,6a253a480000000028031a77,complete,endpoint_exhausted,0,0,0,shanghai,ssh_eip_shanghai,deep_shanghai,9341,23,complete,GK2026D1,,
2026-08-25T11:51:02,reply,6a24e6d40000000006031168,6a253a3a000000000d022002,complete,endpoint_exhausted,0,0,0,shanghai,ssh_eip_shanghai,deep_shanghai,9341,23,complete,GK2026D1,,
2026-08-25T11:51:02,reply,6a24e6d40000000006031168,6a2539f80000000028030714,complete,endpoint_exhausted,0,0,0,shanghai,ssh_eip_shanghai,deep_shanghai,9341,23,complete,GK2026D1,,
2026-08-25T11:51:02,reply,6a24e6d40000000006031168,6a25394c000000002901024d,complete,endpoint_exhausted,0,0,0,shanghai,ssh_eip_shanghai,deep_shanghai,9341,23,complete,GK2026D1,,
2026-08-25T11:51:02,reply,6a24e6d40000000006031168,6a2538df0000000028008778,complete,endpoint_exhausted,0,0,0,shanghai,ssh_eip_shanghai,deep_shanghai,9341,23,complete,GK2026D1,,
2026-08-25T11:51:02,reply,6a24e6d40000000006031168,6a253895000000002803a316,complete,endpoint_exhausted,0,0,0,shanghai,ssh_eip_shanghai,deep_shanghai,9341,23,complete,GK2026D1,,
2026-08-25T11:51:18,reply,6a24e6d40000000006031168,6a253877000000002701f6b9,complete,endpoint_exhausted,0,0,0,shanghai,ssh_eip_shanghai,deep_shanghai,9341,23,complete,GK2026D1,,
2026-08-25T11:51:18,reply,6a24e6d40000000006031168,6a25384b00000000290102dc,complete,endpoint_exhausted,0,0,0,shanghai,ssh_eip_shanghai,deep_shanghai,9341,23,complete,GK2026D1,,
2026-08-25T11:51:18,reply,6a24e6d40000000006031168,6a25381700000000280384a0,complete,endpoint_exhausted,0,0,0,shanghai,ssh_eip_shanghai,deep_shanghai,9341,23,complete,GK2026D1,,
2026-08-25T11:51:18,reply,6a24e6d40000000006031168,6a2537a9000000002800bfd5,complete,endpoint_exhausted,0,0,0,shanghai,ssh_eip_shanghai,deep_shanghai,9341,23,complete,GK2026D1,,
2026-08-25T11:51:18,reply,6a24e6d40000000006031168,6a2537940000000028033494,complete,endpoint_exhausted,0,0,0,shanghai,ssh_eip_shanghai,deep_shanghai,9341,23,complete,GK2026D1,,
2026-08-25T11:51:18,reply,6a24e6d40000000006031168,6a25372c000000002a031c3b,complete,endpoint_exhausted,0,0,0,shanghai,ssh_eip_shanghai,deep_shanghai,9341,23,complete,GK2026D1,,
2026-08-25T11:51:18,reply,6a24e6d40000000006031168,6a253722000000002803862e,complete,endpoint_exhausted,0,0,0,shanghai,ssh_eip_shanghai,deep_shanghai,9341,23,complete,GK2026D1,,
2026-08-25T11:51:18,reply,6a24e6d40000000006031168,6a2537190000000028009d4c,complete,endpoint_exhausted,0,0,0,shanghai,ssh_eip_shanghai,deep_shanghai,9341,23,complete,GK2026D1,,
2026-08-25T11:51:18,reply,6a24e6d40000000006031168,6a2536a30000000028033c70,complete,endpoint_exhausted,0,0,0,shanghai,ssh_eip_shanghai,deep_shanghai,9341,23,complete,GK2026D1,,
2026-08-25T11:51:18,reply,6a24e6d40000000006031168,6a25360f000000002901321d,complete,endpoint_exhausted,0,0,0,shanghai,ssh_eip_shanghai,deep_shanghai,9341,23,complete,GK2026D1,,
2026-08-25T11:51:35,reply,6a24e6d40000000006031168,6a2535c00000000027014bd8,complete,endpoint_exhausted,0,0,0,shanghai,ssh_eip_shanghai,deep_shanghai,9341,23,complete,GK2026D1,,
2026-08-25T11:51:35,reply,6a24e6d40000000006031168,6a25354d000000002701fee4,complete,endpoint_exhausted,0,0,0,shanghai,ssh_eip_shanghai,deep_shanghai,9341,23,complete,GK2026D1,,
2026-08-25T11:51:35,reply,6a24e6d40000000006031168,6a25349e000000002701d36d,complete,endpoint_exhausted,0,0,0,shanghai,ssh_eip_shanghai,deep_shanghai,9341,23,complete,GK2026D1,,
2026-08-25T11:51:35,reply,6a24e6d40000000006031168,6a25345d000000002b0272a3,complete,endpoint_exhausted,0,0,0,shanghai,ssh_eip_shanghai,deep_shanghai,9341,23,complete,GK2026D1,,
2026-08-25T11:51:35,reply,6a24e6d40000000006031168,6a253433000000002b002abd,complete,endpoint_exhausted,0,0,0,shanghai,ssh_eip_shanghai,deep_shanghai,9341,23,complete,GK2026D1,,
2026-08-25T11:51:35,reply,6a24e6d40000000006031168,6a253428000000002702857f,complete,endpoint_exhausted,0,0,0,shanghai,ssh_eip_shanghai,deep_shanghai,9341,23,complete,GK2026D1,,
2026-08-25T11:51:35,reply,6a24e6d40000000006031168,6a253403000000002803eb47,complete,endpoint_exhausted,0,1,1,shanghai,ssh_eip_shanghai,deep_shanghai,9341,23,complete,GK2026D1,,
2026-08-25T11:51:35,reply,6a24e6d40000000006031168,6a2533ff000000002a02d925,complete,endpoint_exhausted,0,0,0,shanghai,ssh_eip_shanghai,deep_shanghai,9341,23,complete,GK2026D1,,
2026-08-25T11:51:35,reply,6a24e6d40000000006031168,6a2533a7000000002702257b,complete,endpoint_exhausted,0,0,0,shanghai,ssh_eip_shanghai,deep_shanghai,9341,23,complete,GK2026D1,,
2026-08-25T11:51:35,reply,6a24e6d40000000006031168,6a253365000000002a02fd80,complete,endpoint_exhausted,0,0,0,shanghai,ssh_eip_shanghai,deep_shanghai,9341,23,complete,GK2026D1,,
2026-08-25T11:51:51,reply,6a24e6d40000000006031168,6a253365000000002900e462,complete,endpoint_exhausted,0,0,0,shanghai,ssh_eip_shanghai,deep_shanghai,9341,23,complete,GK2026D1,,
2026-08-25T11:51:51,reply,6a24e6d40000000006031168,6a25335800000000280357af,complete,endpoint_exhausted,0,0,0,shanghai,ssh_eip_shanghai,deep_shanghai,9341,23,complete,GK2026D1,,
2026-08-25T11:51:51,reply,6a24e6d40000000006031168,6a253308000000002b00342e,complete,endpoint_exhausted,0,0,0,shanghai,ssh_eip_shanghai,deep_shanghai,9341,23,complete,GK2026D1,,
2026-08-25T11:51:51,reply,6a24e6d40000000006031168,6a2532bc000000002702356e,complete,endpoint_exhausted,0,0,0,shanghai,ssh_eip_shanghai,deep_shanghai,9341,23,complete,GK2026D1,,
2026-08-25T11:51:51,reply,6a24e6d40000000006031168,6a2531dc000000002a02fc07,complete,endpoint_exhausted,0,0,0,shanghai,ssh_eip_shanghai,deep_shanghai,9341,23,complete,GK2026D1,,
2026-08-25T11:51:51,reply,6a24e6d40000000006031168,6a2531b10000000028031804,complete,endpoint_exhausted,0,0,0,shanghai,ssh_eip_shanghai,deep_shanghai,9341,23,complete,GK2026D1,,
2026-08-25T11:51:51,reply,6a24e6d40000000006031168,6a25312900000000270216ef,complete,endpoint_exhausted,0,0,0,shanghai,ssh_eip_shanghai,deep_shanghai,9341,23,complete,GK2026D1,,
2026-08-25T11:51:51,reply,6a24e6d40000000006031168,6a2530fa0000000027028165,complete,endpoint_exhausted,0,0,0,shanghai,ssh_eip_shanghai,deep_shanghai,9341,23,complete,GK2026D1,,
2026-08-25T11:51:51,reply,6a24e6d40000000006031168,6a2530f6000000002b0280e3,complete,endpoint_exhausted,0,0,0,shanghai,ssh_eip_shanghai,deep_shanghai,9341,23,complete,GK2026D1,,
2026-08-25T11:51:51,reply,6a24e6d40000000006031168,6a2530c3000000002900c1b2,complete,endpoint_exhausted,0,0,0,shanghai,ssh_eip_shanghai,deep_shanghai,9341,23,complete,GK2026D1,,
2026-08-25T11:52:08,reply,6a24e6d40000000006031168,6a253099000000002a02405d,complete,endpoint_exhausted,0,0,0,shanghai,ssh_eip_shanghai,deep_shanghai,9341,23,complete,GK2026D1,,
2026-08-25T11:52:08,reply,6a24e6d40000000006031168,6a253071000000002803641f,complete,endpoint_exhausted,0,0,0,shanghai,ssh_eip_shanghai,deep_shanghai,9341,23,complete,GK2026D1,,
2026-08-25T11:52:08,reply,6a24e6d40000000006031168,6a253049000000002901ab25,complete,endpoint_exhausted,0,0,0,shanghai,ssh_eip_shanghai,deep_shanghai,9341,23,complete,GK2026D1,,
2026-08-25T11:52:08,reply,6a24e6d40000000006031168,6a25301d00000000270171e0,complete,endpoint_exhausted,0,0,0,shanghai,ssh_eip_shanghai,deep_shanghai,9341,23,complete,GK2026D1,,
2026-08-25T11:52:08,reply,6a24e6d40000000006031168,6a253014000000002a031122,complete,endpoint_exhausted,0,0,0,shanghai,ssh_eip_shanghai,deep_shanghai,9341,23,complete,GK2026D1,,
2026-08-25T11:52:08,reply,6a24e6d40000000006031168,6a252fc4000000002a03023f,complete,endpoint_exhausted,0,0,0,shanghai,ssh_eip_shanghai,deep_shanghai,9341,23,complete,GK2026D1,,
2026-08-25T11:52:08,reply,6a24e6d40000000006031168,6a252fb900000000270158b1,complete,endpoint_exhausted,0,0,0,shanghai,ssh_eip_shanghai,deep_shanghai,9341,23,complete,GK2026D1,,
2026-08-25T11:52:08,reply,6a24e6d40000000006031168,6a252f80000000002702ed1a,complete,endpoint_exhausted,0,0,0,shanghai,ssh_eip_shanghai,deep_shanghai,9341,23,complete,GK2026D1,,
2026-08-25T11:52:08,reply,6a24e6d40000000006031168,6a252f66000000002701d9cd,complete,endpoint_exhausted,0,0,0,shanghai,ssh_eip_shanghai,deep_shanghai,9341,23,complete,GK2026D1,,
2026-08-25T11:52:08,reply,6a24e6d40000000006031168,6a252ee1000000002b003cb9,complete,endpoint_exhausted,0,0,0,shanghai,ssh_eip_shanghai,deep_shanghai,9341,23,complete,GK2026D1,,
2026-08-25T11:52:24,reply,6a24e6d40000000006031168,6a252e920000000027020176,complete,endpoint_exhausted,0,0,0,shanghai,ssh_eip_shanghai,deep_shanghai,9341,23,complete,GK2026D1,,
2026-08-25T11:52:24,reply,6a24e6d40000000006031168,6a252e56000000002702335e,complete,endpoint_exhausted,0,0,0,shanghai,ssh_eip_shanghai,deep_shanghai,9341,23,complete,GK2026D1,,
2026-08-25T11:52:24,reply,6a24e6d40000000006031168,6a252e3a0000000029011646,complete,endpoint_exhausted,0,0,0,shanghai,ssh_eip_shanghai,deep_shanghai,9341,23,complete,GK2026D1,,
2026-08-25T11:52:24,reply,6a24e6d40000000006031168,6a252da8000000002702b568,complete,endpoint_exhausted,0,0,0,shanghai,ssh_eip_shanghai,deep_shanghai,9341,23,complete,GK2026D1,,
2026-08-25T11:52:24,reply,6a24e6d40000000006031168,6a252d6d000000002803174c,complete,endpoint_exhausted,0,0,0,shanghai,ssh_eip_shanghai,deep_shanghai,9341,23,complete,GK2026D1,,
2026-08-25T11:52:24,reply,6a24e6d40000000006031168,6a252d35000000002803a75d,complete,endpoint_exhausted,0,0,0,shanghai,ssh_eip_shanghai,deep_shanghai,9341,23,complete,GK2026D1,,
2026-08-25T11:52:24,reply,6a24e6d40000000006031168,6a252d2500000000290118f3,complete,endpoint_exhausted,0,0,0,shanghai,ssh_eip_shanghai,deep_shanghai,9341,23,complete,GK2026D1,,
2026-08-25T11:52:24,reply,6a24e6d40000000006031168,6a252d17000000002a02ea38,complete,endpoint_exhausted,0,0,0,shanghai,ssh_eip_shanghai,deep_shanghai,9341,23,complete,GK2026D1,,
2026-08-25T11:52:24,reply,6a24e6d40000000006031168,6a252cf3000000002a005511,complete,endpoint_exhausted,0,0,0,shanghai,ssh_eip_shanghai,deep_shanghai,9341,23,complete,GK2026D1,,
2026-08-25T11:52:24,reply,6a24e6d40000000006031168,6a252c770000000028031e90,complete,endpoint_exhausted,0,0,0,shanghai,ssh_eip_shanghai,deep_shanghai,9341,23,complete,GK2026D1,,
2026-08-25T11:52:41,reply,6a24e6d40000000006031168,6a252c720000000029026c96,complete,endpoint_exhausted,0,0,0,shanghai,ssh_eip_shanghai,deep_shanghai,9341,23,complete,GK2026D1,,
2026-08-25T11:52:41,reply,6a24e6d40000000006031168,6a252c4b000000002803ac73,complete,endpoint_exhausted,0,0,0,shanghai,ssh_eip_shanghai,deep_shanghai,9341,23,complete,GK2026D1,,
2026-08-25T11:52:41,reply,6a24e6d40000000006031168,6a252b0c000000002b02555d,complete,endpoint_exhausted,0,0,0,shanghai,ssh_eip_shanghai,deep_shanghai,9341,23,complete,GK2026D1,,
2026-08-25T11:52:41,reply,6a24e6d40000000006031168,6a252b04000000002803d2b2,complete,endpoint_exhausted,0,0,0,shanghai,ssh_eip_shanghai,deep_shanghai,9341,23,complete,GK2026D1,,
2026-08-25T11:52:41,reply,6a24e6d40000000006031168,6a252acc000000002902cd04,complete,endpoint_exhausted,0,0,0,shanghai,ssh_eip_shanghai,deep_shanghai,9341,23,complete,GK2026D1,,
2026-08-25T11:52:41,reply,6a24e6d40000000006031168,6a2529f40000000021010e80,complete,endpoint_exhausted,0,0,0,shanghai,ssh_eip_shanghai,deep_shanghai,9341,23,complete,GK2026D1,,
2026-08-25T11:52:41,reply,6a24e6d40000000006031168,6a2529e3000000002803caef,complete,endpoint_exhausted,0,0,0,shanghai,ssh_eip_shanghai,deep_shanghai,9341,23,complete,GK2026D1,,
2026-08-25T11:52:41,reply,6a24e6d40000000006031168,6a25293800000000280324eb,complete,endpoint_exhausted,0,0,0,shanghai,ssh_eip_shanghai,deep_shanghai,9341,23,complete,GK2026D1,,
2026-08-25T11:52:41,reply,6a24e6d40000000006031168,6a25290a000000002b027b39,complete,endpoint_exhausted,0,0,0,shanghai,ssh_eip_shanghai,deep_shanghai,9341,23,complete,GK2026D1,,
2026-08-25T11:52:41,reply,6a24e6d40000000006031168,6a2528d10000000028009769,complete,endpoint_exhausted,0,0,0,shanghai,ssh_eip_shanghai,deep_shanghai,9341,23,complete,GK2026D1,,
2026-08-25T11:52:58,reply,6a24e6d40000000006031168,6a2528c20000000028039dac,complete,endpoint_exhausted,0,0,0,shanghai,ssh_eip_shanghai,deep_shanghai,9341,23,complete,GK2026D1,,
2026-08-25T11:52:58,reply,6a24e6d40000000006031168,6a2528a20000000028034ad6,complete,endpoint_exhausted,0,0,0,shanghai,ssh_eip_shanghai,deep_shanghai,9341,23,complete,GK2026D1,,
2026-08-25T11:52:58,reply,6a24e6d40000000006031168,6a252853000000002702fda4,complete,endpoint_exhausted,0,0,0,shanghai,ssh_eip_shanghai,deep_shanghai,9341,23,complete,GK2026D1,,
2026-08-25T11:52:58,reply,6a24e6d40000000006031168,6a252852000000002902e5d3,complete,endpoint_exhausted,0,0,0,shanghai,ssh_eip_shanghai,deep_shanghai,9341,23,complete,GK2026D1,,
2026-08-25T11:52:58,reply,6a24e6d40000000006031168,6a2527c3000000002702dcc2,complete,endpoint_exhausted,0,0,0,shanghai,ssh_eip_shanghai,deep_shanghai,9341,23,complete,GK2026D1,,
2026-08-25T11:52:58,reply,6a24e6d40000000006031168,6a2527a30000000028034944,complete,endpoint_exhausted,0,0,0,shanghai,ssh_eip_shanghai,deep_shanghai,9341,23,complete,GK2026D1,,
2026-08-25T11:52:58,reply,6a24e6d40000000006031168,6a25279200000000280302a9,complete,endpoint_exhausted,0,0,0,shanghai,ssh_eip_shanghai,deep_shanghai,9341,23,complete,GK2026D1,,
2026-08-25T11:52:58,reply,6a24e6d40000000006031168,6a252754000000002901a072,complete,endpoint_exhausted,0,0,0,shanghai,ssh_eip_shanghai,deep_shanghai,9341,23,complete,GK2026D1,,
2026-08-25T11:52:58,reply,6a24e6d40000000006031168,6a252737000000002702f7d5,complete,endpoint_exhausted,0,0,0,shanghai,ssh_eip_shanghai,deep_shanghai,9341,23,complete,GK2026D1,,
2026-08-25T11:52:58,reply,6a24e6d40000000006031168,6a2526fd0000000028031dac,complete,endpoint_exhausted,0,0,0,shanghai,ssh_eip_shanghai,deep_shanghai,9341,23,complete,GK2026D1,,
2026-08-25T11:53:15,reply,6a24e6d40000000006031168,6a2526a2000000002a02d1a1,complete,endpoint_exhausted,0,0,0,shanghai,ssh_eip_shanghai,deep_shanghai,9341,23,complete,GK2026D1,,
2026-08-25T11:53:15,reply,6a24e6d40000000006031168,6a25269f000000002a032271,complete,endpoint_exhausted,0,0,0,shanghai,ssh_eip_shanghai,deep_shanghai,9341,23,complete,GK2026D1,,
2026-08-25T11:53:15,reply,6a24e6d40000000006031168,6a252671000000002701d10a,complete,endpoint_exhausted,0,0,0,shanghai,ssh_eip_shanghai,deep_shanghai,9341,23,complete,GK2026D1,,
2026-08-25T11:53:15,reply,6a24e6d40000000006031168,6a25265c0000000027016069,complete,endpoint_exhausted,0,0,0,shanghai,ssh_eip_shanghai,deep_shanghai,9341,23,complete,GK2026D1,,
2026-08-25T11:53:15,reply,6a24e6d40000000006031168,6a252649000000002901b72e,complete,endpoint_exhausted,0,0,0,shanghai,ssh_eip_shanghai,deep_shanghai,9341,23,complete,GK2026D1,,
2026-08-25T11:53:15,reply,6a24e6d40000000006031168,6a252642000000002903464e,complete,endpoint_exhausted,0,0,0,shanghai,ssh_eip_shanghai,deep_shanghai,9341,23,complete,GK2026D1,,
2026-08-25T11:53:15,reply,6a24e6d40000000006031168,6a252640000000002b002c3a,complete,endpoint_exhausted,0,0,0,shanghai,ssh_eip_shanghai,deep_shanghai,9341,23,complete,GK2026D1,,
2026-08-25T11:53:15,reply,6a24e6d40000000006031168,6a25263d0000000027015a80,complete,endpoint_exhausted,0,0,0,shanghai,ssh_eip_shanghai,deep_shanghai,9341,23,complete,GK2026D1,,
2026-08-25T11:53:15,reply,6a24e6d40000000006031168,6a252607000000002902610c,complete,endpoint_exhausted,0,0,0,shanghai,ssh_eip_shanghai,deep_shanghai,9341,23,complete,GK2026D1,,
2026-08-25T11:53:15,reply,6a24e6d40000000006031168,6a2525de000000002a02f048,complete,endpoint_exhausted,0,0,0,shanghai,ssh_eip_shanghai,deep_shanghai,9341,23,complete,GK2026D1,,
2026-08-25T11:53:31,reply,6a24e6d40000000006031168,6a2525cc0000000029012acf,complete,endpoint_exhausted,0,0,0,shanghai,ssh_eip_shanghai,deep_shanghai,9341,23,complete,GK2026D1,,
2026-08-25T11:53:31,reply,6a24e6d40000000006031168,6a2525b3000000002a033dec,complete,endpoint_exhausted,0,0,0,shanghai,ssh_eip_shanghai,deep_shanghai,9341,23,complete,GK2026D1,,
2026-08-25T11:53:31,reply,6a24e6d40000000006031168,6a252576000000002a02de25,complete,endpoint_exhausted,0,0,0,shanghai,ssh_eip_shanghai,deep_shanghai,9341,23,complete,GK2026D1,,
2026-08-25T11:53:31,reply,6a24e6d40000000006031168,6a25255f000000002701687c,complete,endpoint_exhausted,0,0,0,shanghai,ssh_eip_shanghai,deep_shanghai,9341,23,complete,GK2026D1,,
2026-08-25T11:53:31,reply,6a24e6d40000000006031168,6a252530000000002b024995,complete,endpoint_exhausted,0,0,0,shanghai,ssh_eip_shanghai,deep_shanghai,9341,23,complete,GK2026D1,,
2026-08-25T11:53:31,reply,6a24e6d40000000006031168,6a2524bd000000002a026cbb,complete,endpoint_exhausted,0,0,0,shanghai,ssh_eip_shanghai,deep_shanghai,9341,23,complete,GK2026D1,,
2026-08-25T11:53:31,reply,6a24e6d40000000006031168,6a2524a8000000002701e946,complete,endpoint_exhausted,0,0,0,shanghai,ssh_eip_shanghai,deep_shanghai,9341,23,complete,GK2026D1,,
2026-08-25T11:53:31,reply,6a24e6d40000000006031168,6a2524830000000029037106,complete,endpoint_exhausted,0,0,0,shanghai,ssh_eip_shanghai,deep_shanghai,9341,23,complete,GK2026D1,,
2026-08-25T11:53:31,reply,6a24e6d40000000006031168,6a25246c0000000027023453,complete,endpoint_exhausted,0,0,0,shanghai,ssh_eip_shanghai,deep_shanghai,9341,23,complete,GK2026D1,,
2026-08-25T11:53:31,reply,6a24e6d40000000006031168,6a252466000000002900d2a6,complete,endpoint_exhausted,0,0,0,shanghai,ssh_eip_shanghai,deep_shanghai,9341,23,complete,GK2026D1,,
2026-08-25T11:53:48,reply,6a24e6d40000000006031168,6a25242d000000002902e518,complete,endpoint_exhausted,0,0,0,shanghai,ssh_eip_shanghai,deep_shanghai,9341,23,complete,GK2026D1,,
2026-08-25T11:53:48,reply,6a24e6d40000000006031168,6a252429000000002a02e75a,complete,endpoint_exhausted,0,0,0,shanghai,ssh_eip_shanghai,deep_shanghai,9341,23,complete,GK2026D1,,
2026-08-25T11:53:48,reply,6a24e6d40000000006031168,6a2523ea000000002701c118,complete,endpoint_exhausted,0,0,0,shanghai,ssh_eip_shanghai,deep_shanghai,9341,23,complete,GK2026D1,,
2026-08-25T11:53:48,reply,6a24e6d40000000006031168,6a25237c000000000d023c03,complete,endpoint_exhausted,0,0,0,shanghai,ssh_eip_shanghai,deep_shanghai,9341,23,complete,GK2026D1,,
2026-08-25T11:53:48,reply,6a24e6d40000000006031168,6a252348000000000d021c03,complete,endpoint_exhausted,0,0,0,shanghai,ssh_eip_shanghai,deep_shanghai,9341,23,complete,GK2026D1,,
2026-08-25T11:53:48,reply,6a24e6d40000000006031168,6a252335000000002a0312c6,complete,endpoint_exhausted,0,0,0,shanghai,ssh_eip_shanghai,deep_shanghai,9341,23,complete,GK2026D1,,
2026-08-25T11:53:48,reply,6a24e6d40000000006031168,6a252320000000002b002543,complete,endpoint_exhausted,0,0,0,shanghai,ssh_eip_shanghai,deep_shanghai,9341,23,complete,GK2026D1,,
2026-08-25T11:53:48,reply,6a24e6d40000000006031168,6a2522d400000000280329b4,complete,endpoint_exhausted,0,0,0,shanghai,ssh_eip_shanghai,deep_shanghai,9341,23,complete,GK2026D1,,
2026-08-25T11:53:48,reply,6a24e6d40000000006031168,6a2522a80000000028035670,complete,endpoint_exhausted,0,0,0,shanghai,ssh_eip_shanghai,deep_shanghai,9341,23,complete,GK2026D1,,
2026-08-25T11:53:48,reply,6a24e6d40000000006031168,6a252274000000002701ee9f,complete,endpoint_exhausted,0,0,0,shanghai,ssh_eip_shanghai,deep_shanghai,9341,23,complete,GK2026D1,,
2026-08-25T11:54:04,reply,6a24e6d40000000006031168,6a2521c8000000002803e3ad,complete,endpoint_exhausted,0,0,0,shanghai,ssh_eip_shanghai,deep_shanghai,9341,23,complete,GK2026D1,,
2026-08-25T11:54:04,reply,6a24e6d40000000006031168,6a2521bc000000002803e121,complete,endpoint_exhausted,0,0,0,shanghai,ssh_eip_shanghai,deep_shanghai,9341,23,complete,GK2026D1,,
2026-08-25T11:54:04,reply,6a24e6d40000000006031168,6a2521b7000000002701c3ee,complete,endpoint_exhausted,0,0,0,shanghai,ssh_eip_shanghai,deep_shanghai,9341,23,complete,GK2026D1,,
2026-08-25T11:54:04,reply,6a24e6d40000000006031168,6a2521ae000000002a02f687,complete,endpoint_exhausted,0,0,0,shanghai,ssh_eip_shanghai,deep_shanghai,9341,23,complete,GK2026D1,,
2026-08-25T11:54:04,reply,6a24e6d40000000006031168,6a25213e000000002902e3f2,complete,endpoint_exhausted,0,0,0,shanghai,ssh_eip_shanghai,deep_shanghai,9341,23,complete,GK2026D1,,
2026-08-25T11:54:04,reply,6a24e6d40000000006031168,6a25212e000000002a02e31b,complete,endpoint_exhausted,0,0,0,shanghai,ssh_eip_shanghai,deep_shanghai,9341,23,complete,GK2026D1,,
2026-08-25T11:54:04,reply,6a24e6d40000000006031168,6a25210c000000002b02a7c0,complete,endpoint_exhausted,0,0,0,shanghai,ssh_eip_shanghai,deep_shanghai,9341,23,complete,GK2026D1,,
2026-08-25T11:54:04,reply,6a24e6d40000000006031168,6a2521030000000027028533,complete,endpoint_exhausted,0,0,0,shanghai,ssh_eip_shanghai,deep_shanghai,9341,23,complete,GK2026D1,,
2026-08-25T11:54:04,reply,6a24e6d40000000006031168,6a2520df0000000027021d44,complete,endpoint_exhausted,0,0,0,shanghai,ssh_eip_shanghai,deep_shanghai,9341,23,complete,GK2026D1,,
2026-08-25T11:54:04,reply,6a24e6d40000000006031168,6a2520a0000000002701c626,complete,endpoint_exhausted,0,0,0,shanghai,ssh_eip_shanghai,deep_shanghai,9341,23,complete,GK2026D1,,
2026-08-25T11:54:21,reply,6a24e6d40000000006031168,6a252096000000002702aa19,complete,endpoint_exhausted,0,0,0,shanghai,ssh_eip_shanghai,deep_shanghai,9341,23,complete,GK2026D1,,
2026-08-25T11:54:21,reply,6a24e6d40000000006031168,6a252083000000002702f18e,complete,endpoint_exhausted,0,1,1,shanghai,ssh_eip_shanghai,deep_shanghai,9341,23,complete,GK2026D1,,
2026-08-25T11:54:21,reply,6a24e6d40000000006031168,6a25205f000000002803189f,complete,endpoint_exhausted,0,0,0,shanghai,ssh_eip_shanghai,deep_shanghai,9341,23,complete,GK2026D1,,
2026-08-25T11:54:21,reply,6a24e6d40000000006031168,6a25205a000000002a027c23,complete,endpoint_exhausted,0,0,0,shanghai,ssh_eip_shanghai,deep_shanghai,9341,23,complete,GK2026D1,,
2026-08-25T11:54:21,reply,6a24e6d40000000006031168,6a252041000000002a027796,complete,endpoint_exhausted,0,0,0,shanghai,ssh_eip_shanghai,deep_shanghai,9341,23,complete,GK2026D1,,
2026-08-25T11:54:21,reply,6a24e6d40000000006031168,6a251ff5000000002803f84a,complete,endpoint_exhausted,0,0,0,shanghai,ssh_eip_shanghai,deep_shanghai,9341,23,complete,GK2026D1,,
2026-08-25T11:54:21,reply,6a24e6d40000000006031168,6a251fcc0000000027016e11,complete,endpoint_exhausted,0,0,0,shanghai,ssh_eip_shanghai,deep_shanghai,9341,23,complete,GK2026D1,,
2026-08-25T11:54:21,reply,6a24e6d40000000006031168,6a251fb0000000002a02e379,complete,endpoint_exhausted,0,0,0,shanghai,ssh_eip_shanghai,deep_shanghai,9341,23,complete,GK2026D1,,
2026-08-25T11:54:21,reply,6a24e6d40000000006031168,6a251f7b000000002a032ffe,complete,endpoint_exhausted,0,0,0,shanghai,ssh_eip_shanghai,deep_shanghai,9341,23,complete,GK2026D1,,
2026-08-25T11:54:21,reply,6a24e6d40000000006031168,6a251f35000000002a02cd36,complete,endpoint_exhausted,0,0,0,shanghai,ssh_eip_shanghai,deep_shanghai,9341,23,complete,GK2026D1,,
2026-08-25T11:54:38,reply,6a24e6d40000000006031168,6a251f22000000002a02c9d9,complete,endpoint_exhausted,0,0,0,shanghai,ssh_eip_shanghai,deep_shanghai,9341,23,complete,GK2026D1,,
2026-08-25T11:54:38,reply,6a24e6d40000000006031168,6a251ee10000000028030ba8,complete,endpoint_exhausted,0,0,0,shanghai,ssh_eip_shanghai,deep_shanghai,9341,23,complete,GK2026D1,,
2026-08-25T11:54:38,reply,6a24e6d40000000006031168,6a251ec9000000002a031081,complete,endpoint_exhausted,0,0,0,shanghai,ssh_eip_shanghai,deep_shanghai,9341,23,complete,GK2026D1,,
2026-08-25T11:54:38,reply,6a24e6d40000000006031168,6a251e210000000029019860,complete,endpoint_exhausted,0,0,0,shanghai,ssh_eip_shanghai,deep_shanghai,9341,23,complete,GK2026D1,,
2026-08-25T11:54:38,reply,6a24e6d40000000006031168,6a251e1600000000270206a7,complete,endpoint_exhausted,0,0,0,shanghai,ssh_eip_shanghai,deep_shanghai,9341,23,complete,GK2026D1,,
2026-08-25T11:54:38,reply,6a24e6d40000000006031168,6a251def000000002b024900,complete,endpoint_exhausted,0,0,0,shanghai,ssh_eip_shanghai,deep_shanghai,9341,23,complete,GK2026D1,,
2026-08-25T11:54:38,reply,6a24e6d40000000006031168,6a251dd7000000002803a0bf,complete,endpoint_exhausted,0,0,0,shanghai,ssh_eip_shanghai,deep_shanghai,9341,23,complete,GK2026D1,,
2026-08-25T11:54:38,reply,6a24e6d40000000006031168,6a251d79000000002b003857,complete,endpoint_exhausted,0,0,0,shanghai,ssh_eip_shanghai,deep_shanghai,9341,23,complete,GK2026D1,,
2026-08-25T11:54:38,reply,6a24e6d40000000006031168,6a251d65000000002a006a65,complete,endpoint_exhausted,0,0,0,shanghai,ssh_eip_shanghai,deep_shanghai,9341,23,complete,GK2026D1,,
2026-08-25T11:54:38,reply,6a24e6d40000000006031168,6a251d640000000029010f42,complete,endpoint_exhausted,0,0,0,shanghai,ssh_eip_shanghai,deep_shanghai,9341,23,complete,GK2026D1,,
2026-08-25T11:54:55,reply,6a24e6d40000000006031168,6a251cdd000000002900d74c,complete,endpoint_exhausted,0,0,0,shanghai,ssh_eip_shanghai,deep_shanghai,9341,23,complete,GK2026D1,,
2026-08-25T11:54:55,reply,6a24e6d40000000006031168,6a251ccb00000000280094a2,complete,endpoint_exhausted,0,0,0,shanghai,ssh_eip_shanghai,deep_shanghai,9341,23,complete,GK2026D1,,
2026-08-25T11:54:55,reply,6a24e6d40000000006031168,6a251ca80000000027023120,complete,endpoint_exhausted,0,0,0,shanghai,ssh_eip_shanghai,deep_shanghai,9341,23,complete,GK2026D1,,
2026-08-25T11:54:55,reply,6a24e6d40000000006031168,6a251c7b000000002a02d740,complete,endpoint_exhausted,0,0,0,shanghai,ssh_eip_shanghai,deep_shanghai,9341,23,complete,GK2026D1,,
2026-08-25T11:54:55,reply,6a24e6d40000000006031168,6a251c51000000002803620e,complete,endpoint_exhausted,0,0,0,shanghai,ssh_eip_shanghai,deep_shanghai,9341,23,complete,GK2026D1,,
2026-08-25T11:54:55,reply,6a24e6d40000000006031168,6a251c310000000027015e62,complete,endpoint_exhausted,0,0,0,shanghai,ssh_eip_shanghai,deep_shanghai,9341,23,complete,GK2026D1,,
2026-08-25T11:54:55,reply,6a24e6d40000000006031168,6a251c20000000002b029375,complete,endpoint_exhausted,0,0,0,shanghai,ssh_eip_shanghai,deep_shanghai,9341,23,complete,GK2026D1,,
2026-08-25T11:54:55,reply,6a24e6d40000000006031168,6a251bf9000000002803d0fa,complete,endpoint_exhausted,0,0,0,shanghai,ssh_eip_shanghai,deep_shanghai,9341,23,complete,GK2026D1,,
2026-08-25T11:54:55,reply,6a24e6d40000000006031168,6a251be0000000002b02892b,complete,endpoint_exhausted,0,0,0,shanghai,ssh_eip_shanghai,deep_shanghai,9341,23,complete,GK2026D1,,
2026-08-25T11:54:55,reply,6a24e6d40000000006031168,6a251bc2000000002701f17c,complete,endpoint_exhausted,0,0,0,shanghai,ssh_eip_shanghai,deep_shanghai,9341,23,complete,GK2026D1,,
2026-08-25T11:55:11,reply,6a24e6d40000000006031168,6a251bb00000000028037b8a,complete,endpoint_exhausted,0,1,1,shanghai,ssh_eip_shanghai,deep_shanghai,9341,23,complete,GK2026D1,,
2026-08-25T11:55:11,reply,6a24e6d40000000006031168,6a251b63000000002803687d,complete,endpoint_exhausted,0,0,0,shanghai,ssh_eip_shanghai,deep_shanghai,9341,23,complete,GK2026D1,,
2026-08-25T11:55:11,reply,6a24e6d40000000006031168,6a251b3300000000290112a9,complete,endpoint_exhausted,0,0,0,shanghai,ssh_eip_shanghai,deep_shanghai,9341,23,complete,GK2026D1,,
2026-08-25T11:55:11,reply,6a24e6d40000000006031168,6a251b11000000002701ccfe,complete,endpoint_exhausted,0,0,0,shanghai,ssh_eip_shanghai,deep_shanghai,9341,23,complete,GK2026D1,,
2026-08-25T11:55:11,reply,6a24e6d40000000006031168,6a251ad1000000002800a41a,complete,endpoint_exhausted,0,0,0,shanghai,ssh_eip_shanghai,deep_shanghai,9341,23,complete,GK2026D1,,
2026-08-25T11:55:11,reply,6a24e6d40000000006031168,6a251ac9000000002b029ad7,complete,endpoint_exhausted,0,0,0,shanghai,ssh_eip_shanghai,deep_shanghai,9341,23,complete,GK2026D1,,
2026-08-25T11:55:11,reply,6a24e6d40000000006031168,6a251ac0000000002803a73e,complete,endpoint_exhausted,0,0,0,shanghai,ssh_eip_shanghai,deep_shanghai,9341,23,complete,GK2026D1,,
2026-08-25T11:55:11,reply,6a24e6d40000000006031168,6a251aaa0000000029018a03,complete,endpoint_exhausted,0,0,0,shanghai,ssh_eip_shanghai,deep_shanghai,9341,23,complete,GK2026D1,,
2026-08-25T11:55:11,reply,6a24e6d40000000006031168,6a251a9b000000002702dc89,complete,endpoint_exhausted,0,0,0,shanghai,ssh_eip_shanghai,deep_shanghai,9341,23,complete,GK2026D1,,
2026-08-25T11:55:11,reply,6a24e6d40000000006031168,6a251a9400000000270239f7,complete,endpoint_exhausted,0,0,0,shanghai,ssh_eip_shanghai,deep_shanghai,9341,23,complete,GK2026D1,,
2026-08-25T11:55:28,reply,6a24e6d40000000006031168,6a251a6f000000002803f812,complete,endpoint_exhausted,0,0,0,shanghai,ssh_eip_shanghai,deep_shanghai,9341,23,complete,GK2026D1,,
2026-08-25T11:55:28,reply,6a24e6d40000000006031168,6a251a5c000000002900c6f8,complete,endpoint_exhausted,0,0,0,shanghai,ssh_eip_shanghai,deep_shanghai,9341,23,complete,GK2026D1,,
2026-08-25T11:55:28,reply,6a24e6d40000000006031168,6a251a4e000000002702ba87,complete,endpoint_exhausted,0,0,0,shanghai,ssh_eip_shanghai,deep_shanghai,9341,23,complete,GK2026D1,,
2026-08-25T11:55:28,reply,6a24e6d40000000006031168,6a2519e20000000027021129,complete,endpoint_exhausted,0,0,0,shanghai,ssh_eip_shanghai,deep_shanghai,9341,23,complete,GK2026D1,,
2026-08-25T11:55:28,reply,6a24e6d40000000006031168,6a2519da000000002a0053a3,complete,endpoint_exhausted,0,0,0,shanghai,ssh_eip_shanghai,deep_shanghai,9341,23,complete,GK2026D1,,
2026-08-25T11:55:28,reply,6a24e6d40000000006031168,6a2519d9000000002b0016a6,complete,endpoint_exhausted,0,0,0,shanghai,ssh_eip_shanghai,deep_shanghai,9341,23,complete,GK2026D1,,
2026-08-25T11:55:28,reply,6a24e6d40000000006031168,6a2519c7000000002702e98d,complete,endpoint_exhausted,0,0,0,shanghai,ssh_eip_shanghai,deep_shanghai,9341,23,complete,GK2026D1,,
2026-08-25T11:55:28,reply,6a24e6d40000000006031168,6a25192e000000002702c41f,complete,endpoint_exhausted,0,0,0,shanghai,ssh_eip_shanghai,deep_shanghai,9341,23,complete,GK2026D1,,
2026-08-25T11:55:28,reply,6a24e6d40000000006031168,6a2519260000000028035fcd,complete,endpoint_exhausted,0,0,0,shanghai,ssh_eip_shanghai,deep_shanghai,9341,23,complete,GK2026D1,,
2026-08-25T11:55:28,reply,6a24e6d40000000006031168,6a251924000000002a02ca74,complete,endpoint_exhausted,0,0,0,shanghai,ssh_eip_shanghai,deep_shanghai,9341,23,complete,GK2026D1,,
2026-08-25T11:55:44,reply,6a24e6d40000000006031168,6a251901000000002803e2a1,complete,endpoint_exhausted,0,0,0,shanghai,ssh_eip_shanghai,deep_shanghai,9341,23,complete,GK2026D1,,
2026-08-25T11:55:44,reply,6a24e6d40000000006031168,6a2518f30000000029018338,complete,endpoint_exhausted,0,0,0,shanghai,ssh_eip_shanghai,deep_shanghai,9341,23,complete,GK2026D1,,
2026-08-25T11:55:44,reply,6a24e6d40000000006031168,6a2518ec000000002803518c,complete,endpoint_exhausted,0,0,0,shanghai,ssh_eip_shanghai,deep_shanghai,9341,23,complete,GK2026D1,,
2026-08-25T11:55:44,reply,6a24e6d40000000006031168,6a2518e300000000270218c4,complete,endpoint_exhausted,0,0,0,shanghai,ssh_eip_shanghai,deep_shanghai,9341,23,complete,GK2026D1,,
2026-08-25T11:55:44,reply,6a24e6d40000000006031168,6a2518e1000000002702aab2,complete,endpoint_exhausted,0,0,0,shanghai,ssh_eip_shanghai,deep_shanghai,9341,23,complete,GK2026D1,,
2026-08-25T11:55:44,reply,6a24e6d40000000006031168,6a2518a9000000002a025d47,complete,endpoint_exhausted,0,0,0,shanghai,ssh_eip_shanghai,deep_shanghai,9341,23,complete,GK2026D1,,
2026-08-25T11:55:44,reply,6a24e6d40000000006031168,6a2518880000000028031815,complete,endpoint_exhausted,0,0,0,shanghai,ssh_eip_shanghai,deep_shanghai,9341,23,complete,GK2026D1,,
2026-08-25T11:55:44,reply,6a24e6d40000000006031168,6a251881000000002702da68,complete,endpoint_exhausted,0,0,0,shanghai,ssh_eip_shanghai,deep_shanghai,9341,23,complete,GK2026D1,,
2026-08-25T11:55:44,reply,6a24e6d40000000006031168,6a2518690000000027028e96,complete,endpoint_exhausted,0,0,0,shanghai,ssh_eip_shanghai,deep_shanghai,9341,23,complete,GK2026D1,,
2026-08-25T11:55:44,reply,6a24e6d40000000006031168,6a2518540000000027014263,complete,endpoint_exhausted,0,0,0,shanghai,ssh_eip_shanghai,deep_shanghai,9341,23,complete,GK2026D1,,
2026-08-25T11:56:01,reply,6a24e6d40000000006031168,6a25183f000000002b024d46,complete,endpoint_exhausted,0,0,0,shanghai,ssh_eip_shanghai,deep_shanghai,9341,23,complete,GK2026D1,,
2026-08-25T11:56:01,reply,6a24e6d40000000006031168,6a2517c4000000002701d3fa,complete,endpoint_exhausted,0,0,0,shanghai,ssh_eip_shanghai,deep_shanghai,9341,23,complete,GK2026D1,,
2026-08-25T11:56:01,reply,6a24e6d40000000006031168,6a251794000000002702e353,complete,endpoint_exhausted,0,0,0,shanghai,ssh_eip_shanghai,deep_shanghai,9341,23,complete,GK2026D1,,
2026-08-25T11:56:01,reply,6a24e6d40000000006031168,6a251769000000002701fea8,complete,endpoint_exhausted,0,0,0,shanghai,ssh_eip_shanghai,deep_shanghai,9341,23,complete,GK2026D1,,
2026-08-25T11:56:01,reply,6a24e6d40000000006031168,6a251737000000002a02581e,complete,endpoint_exhausted,0,0,0,shanghai,ssh_eip_shanghai,deep_shanghai,9341,23,complete,GK2026D1,,
2026-08-25T11:56:01,reply,6a24e6d40000000006031168,6a251735000000002803f8bf,complete,endpoint_exhausted,0,0,0,shanghai,ssh_eip_shanghai,deep_shanghai,9341,23,complete,GK2026D1,,
2026-08-25T11:56:01,reply,6a24e6d40000000006031168,6a2516df000000002b000d70,complete,endpoint_exhausted,0,0,0,shanghai,ssh_eip_shanghai,deep_shanghai,9341,23,complete,GK2026D1,,
2026-08-25T11:56:01,reply,6a24e6d40000000006031168,6a2516dd000000002300c82e,complete,endpoint_exhausted,0,0,0,shanghai,ssh_eip_shanghai,deep_shanghai,9341,23,complete,GK2026D1,,
2026-08-25T11:56:01,reply,6a24e6d40000000006031168,6a2516ce000000002803317b,complete,endpoint_exhausted,0,0,0,shanghai,ssh_eip_shanghai,deep_shanghai,9341,23,complete,GK2026D1,,
2026-08-25T11:56:01,reply,6a24e6d40000000006031168,6a2516c0000000002803818e,complete,endpoint_exhausted,0,0,0,shanghai,ssh_eip_shanghai,deep_shanghai,9341,23,complete,GK2026D1,,
2026-08-25T11:56:18,reply,6a24e6d40000000006031168,6a2516bc000000002702af9b,complete,endpoint_exhausted,0,0,0,shanghai,ssh_eip_shanghai,deep_shanghai,9341,23,complete,GK2026D1,,
2026-08-25T11:56:18,reply,6a24e6d40000000006031168,6a2516ba000000002a03246b,complete,endpoint_exhausted,0,0,0,shanghai,ssh_eip_shanghai,deep_shanghai,9341,23,complete,GK2026D1,,
2026-08-25T11:56:18,reply,6a24e6d40000000006031168,6a251682000000002a027a08,complete,endpoint_exhausted,0,0,0,shanghai,ssh_eip_shanghai,deep_shanghai,9341,23,complete,GK2026D1,,
2026-08-25T11:56:18,reply,6a24e6d40000000006031168,6a25165f000000002803aa7d,complete,endpoint_exhausted,0,0,0,shanghai,ssh_eip_shanghai,deep_shanghai,9341,23,complete,GK2026D1,,
2026-08-25T11:56:18,reply,6a24e6d40000000006031168,6a251659000000002a031491,complete,endpoint_exhausted,0,0,0,shanghai,ssh_eip_shanghai,deep_shanghai,9341,23,complete,GK2026D1,,
2026-08-25T11:56:18,reply,6a24e6d40000000006031168,6a25164e0000000029019234,complete,endpoint_exhausted,0,0,0,shanghai,ssh_eip_shanghai,deep_shanghai,9341,23,complete,GK2026D1,,
2026-08-25T11:56:18,reply,6a24e6d40000000006031168,6a251625000000002b028157,complete,endpoint_exhausted,0,0,0,shanghai,ssh_eip_shanghai,deep_shanghai,9341,23,complete,GK2026D1,,
2026-08-25T11:56:18,reply,6a24e6d40000000006031168,6a2516220000000028030d41,complete,endpoint_exhausted,0,0,0,shanghai,ssh_eip_shanghai,deep_shanghai,9341,23,complete,GK2026D1,,
2026-08-25T11:56:18,reply,6a24e6d40000000006031168,6a2515da0000000028034e06,complete,endpoint_exhausted,0,0,0,shanghai,ssh_eip_shanghai,deep_shanghai,9341,23,complete,GK2026D1,,
2026-08-25T11:56:18,reply,6a24e6d40000000006031168,6a2515c700000000280084e4,complete,endpoint_exhausted,0,0,0,shanghai,ssh_eip_shanghai,deep_shanghai,9341,23,complete,GK2026D1,,
2026-08-25T11:56:34,reply,6a24e6d40000000006031168,6a2515bf0000000028034635,complete,endpoint_exhausted,0,0,0,shanghai,ssh_eip_shanghai,deep_shanghai,9341,23,complete,GK2026D1,,
2026-08-25T11:56:34,reply,6a24e6d40000000006031168,6a251595000000002803bfeb,complete,endpoint_exhausted,0,0,0,shanghai,ssh_eip_shanghai,deep_shanghai,9341,23,complete,GK2026D1,,
2026-08-25T11:56:34,reply,6a24e6d40000000006031168,6a251586000000002b02a685,complete,endpoint_exhausted,0,0,0,shanghai,ssh_eip_shanghai,deep_shanghai,9341,23,complete,GK2026D1,,
2026-08-25T11:56:34,reply,6a24e6d40000000006031168,6a25155c000000002803b43b,complete,endpoint_exhausted,0,0,0,shanghai,ssh_eip_shanghai,deep_shanghai,9341,23,complete,GK2026D1,,
2026-08-25T11:56:34,reply,6a24e6d40000000006031168,6a2515400000000027014a38,complete,endpoint_exhausted,0,0,0,shanghai,ssh_eip_shanghai,deep_shanghai,9341,23,complete,GK2026D1,,
2026-08-25T11:56:34,reply,6a24e6d40000000006031168,6a25151d000000002a02e350,complete,endpoint_exhausted,0,0,0,shanghai,ssh_eip_shanghai,deep_shanghai,9341,23,complete,GK2026D1,,
2026-08-25T11:56:34,reply,6a24e6d40000000006031168,6a2514d2000000002902e0cb,complete,endpoint_exhausted,0,0,0,shanghai,ssh_eip_shanghai,deep_shanghai,9341,23,complete,GK2026D1,,
2026-08-25T11:56:34,reply,6a24e6d40000000006031168,6a2514bb0000000029024108,complete,endpoint_exhausted,0,0,0,shanghai,ssh_eip_shanghai,deep_shanghai,9341,23,complete,GK2026D1,,
2026-08-25T11:56:34,reply,6a24e6d40000000006031168,6a2514b8000000002a026da1,complete,endpoint_exhausted,0,0,0,shanghai,ssh_eip_shanghai,deep_shanghai,9341,23,complete,GK2026D1,,
2026-08-25T11:56:34,reply,6a24e6d40000000006031168,6a2514b70000000029024065,complete,endpoint_exhausted,0,0,0,shanghai,ssh_eip_shanghai,deep_shanghai,9341,23,complete,GK2026D1,,
2026-08-25T11:56:51,reply,6a24e6d40000000006031168,6a2514ab000000002803e2c8,complete,endpoint_exhausted,0,0,0,shanghai,ssh_eip_shanghai,deep_shanghai,9341,23,complete,GK2026D1,,
2026-08-25T11:56:51,reply,6a24e6d40000000006031168,6a2514900000000028008287,complete,endpoint_exhausted,0,0,0,shanghai,ssh_eip_shanghai,deep_shanghai,9341,23,complete,GK2026D1,,
2026-08-25T11:56:51,reply,6a24e6d40000000006031168,6a25147a000000000d023c01,complete,endpoint_exhausted,0,0,0,shanghai,ssh_eip_shanghai,deep_shanghai,9341,23,complete,GK2026D1,,
2026-08-25T11:56:51,reply,6a24e6d40000000006031168,6a251453000000002a00654a,complete,endpoint_exhausted,0,0,0,shanghai,ssh_eip_shanghai,deep_shanghai,9341,23,complete,GK2026D1,,
2026-08-25T11:56:51,reply,6a24e6d40000000006031168,6a25144c000000002800b35f,complete,endpoint_exhausted,0,0,0,shanghai,ssh_eip_shanghai,deep_shanghai,9341,23,complete,GK2026D1,,
2026-08-25T11:56:51,reply,6a24e6d40000000006031168,6a251448000000002901b017,complete,endpoint_exhausted,0,0,0,shanghai,ssh_eip_shanghai,deep_shanghai,9341,23,complete,GK2026D1,,
2026-08-25T11:56:51,reply,6a24e6d40000000006031168,6a251432000000002803c776,complete,endpoint_exhausted,0,0,0,shanghai,ssh_eip_shanghai,deep_shanghai,9341,23,complete,GK2026D1,,
2026-08-25T11:56:51,reply,6a24e6d40000000006031168,6a2513eb000000002702c170,complete,endpoint_exhausted,0,0,0,shanghai,ssh_eip_shanghai,deep_shanghai,9341,23,complete,GK2026D1,,
2026-08-25T11:56:51,reply,6a24e6d40000000006031168,6a2513cf0000000028035271,complete,endpoint_exhausted,0,0,0,shanghai,ssh_eip_shanghai,deep_shanghai,9341,23,complete,GK2026D1,,
2026-08-25T11:56:51,reply,6a24e6d40000000006031168,6a2513cb0000000029025b43,complete,endpoint_exhausted,0,0,0,shanghai,ssh_eip_shanghai,deep_shanghai,9341,23,complete,GK2026D1,,
2026-08-25T11:57:08,reply,6a24e6d40000000006031168,6a2513a600000000280390af,complete,endpoint_exhausted,0,0,0,shanghai,ssh_eip_shanghai,deep_shanghai,9341,23,complete,GK2026D1,,
2026-08-25T11:57:08,reply,6a24e6d40000000006031168,6a2513a40000000029025485,complete,endpoint_exhausted,0,0,0,shanghai,ssh_eip_shanghai,deep_shanghai,9341,23,complete,GK2026D1,,
2026-08-25T11:57:08,reply,6a24e6d40000000006031168,6a25139100000000280344bb,complete,endpoint_exhausted,0,0,0,shanghai,ssh_eip_shanghai,deep_shanghai,9341,23,complete,GK2026D1,,
2026-08-25T11:57:08,reply,6a24e6d40000000006031168,6a25138f000000002a004330,complete,endpoint_exhausted,0,0,0,shanghai,ssh_eip_shanghai,deep_shanghai,9341,23,complete,GK2026D1,,
2026-08-25T11:57:08,reply,6a24e6d40000000006031168,6a2512c1000000002702009b,complete,endpoint_exhausted,0,0,0,shanghai,ssh_eip_shanghai,deep_shanghai,9341,23,complete,GK2026D1,,
2026-08-25T11:57:08,reply,6a24e6d40000000006031168,6a2512b4000000002900cf95,complete,endpoint_exhausted,0,0,0,shanghai,ssh_eip_shanghai,deep_shanghai,9341,23,complete,GK2026D1,,
2026-08-25T11:57:08,reply,6a24e6d40000000006031168,6a2512ab0000000028034a9d,complete,endpoint_exhausted,0,0,0,shanghai,ssh_eip_shanghai,deep_shanghai,9341,23,complete,GK2026D1,,
2026-08-25T11:57:08,reply,6a24e6d40000000006031168,6a25128b000000002a02f537,complete,endpoint_exhausted,0,0,0,shanghai,ssh_eip_shanghai,deep_shanghai,9341,23,complete,GK2026D1,,
2026-08-25T11:57:08,reply,6a24e6d40000000006031168,6a251289000000002702f0ab,complete,endpoint_exhausted,0,0,0,shanghai,ssh_eip_shanghai,deep_shanghai,9341,23,complete,GK2026D1,,
2026-08-25T11:57:08,reply,6a24e6d40000000006031168,6a2512720000000027022ce2,complete,endpoint_exhausted,0,0,0,shanghai,ssh_eip_shanghai,deep_shanghai,9341,23,complete,GK2026D1,,
2026-08-25T11:57:24,reply,6a24e6d40000000006031168,6a25126d0000000028037bc8,complete,endpoint_exhausted,0,0,0,shanghai,ssh_eip_shanghai,deep_shanghai,9341,23,complete,GK2026D1,,
2026-08-25T11:57:24,reply,6a24e6d40000000006031168,6a25121d000000002a031706,complete,endpoint_exhausted,0,0,0,shanghai,ssh_eip_shanghai,deep_shanghai,9341,23,complete,GK2026D1,,
2026-08-25T11:57:24,reply,6a24e6d40000000006031168,6a25120c000000002803b579,complete,endpoint_exhausted,0,0,0,shanghai,ssh_eip_shanghai,deep_shanghai,9341,23,complete,GK2026D1,,
2026-08-25T11:57:24,reply,6a24e6d40000000006031168,6a2511f40000000027020d3e,complete,endpoint_exhausted,0,0,0,shanghai,ssh_eip_shanghai,deep_shanghai,9341,23,complete,GK2026D1,,
2026-08-25T11:57:24,reply,6a24e6d40000000006031168,6a2511e1000000002902dd47,complete,endpoint_exhausted,0,0,0,shanghai,ssh_eip_shanghai,deep_shanghai,9341,23,complete,GK2026D1,,
2026-08-25T11:57:24,reply,6a24e6d40000000006031168,6a251197000000002901b0b5,complete,endpoint_exhausted,0,0,0,shanghai,ssh_eip_shanghai,deep_shanghai,9341,23,complete,GK2026D1,,
2026-08-25T11:57:24,reply,6a24e6d40000000006031168,6a251197000000002803494e,complete,endpoint_exhausted,0,0,0,shanghai,ssh_eip_shanghai,deep_shanghai,9341,23,complete,GK2026D1,,
2026-08-25T11:57:24,reply,6a24e6d40000000006031168,6a2511860000000027028122,complete,endpoint_exhausted,0,0,0,shanghai,ssh_eip_shanghai,deep_shanghai,9341,23,complete,GK2026D1,,
2026-08-25T11:57:24,reply,6a24e6d40000000006031168,6a25117a0000000029037d7a,complete,endpoint_exhausted,0,0,0,shanghai,ssh_eip_shanghai,deep_shanghai,9341,23,complete,GK2026D1,,
2026-08-25T11:57:24,reply,6a24e6d40000000006031168,6a251151000000002902727d,complete,endpoint_exhausted,0,0,0,shanghai,ssh_eip_shanghai,deep_shanghai,9341,23,complete,GK2026D1,,
2026-08-25T11:57:41,reply,6a24e6d40000000006031168,6a251148000000002902c4fe,complete,endpoint_exhausted,0,0,0,shanghai,ssh_eip_shanghai,deep_shanghai,9341,23,complete,GK2026D1,,
2026-08-25T11:57:41,reply,6a24e6d40000000006031168,6a25113e000000002902c348,complete,endpoint_exhausted,0,0,0,shanghai,ssh_eip_shanghai,deep_shanghai,9341,23,complete,GK2026D1,,
2026-08-25T11:57:41,reply,6a24e6d40000000006031168,6a2510df0000000027029993,complete,endpoint_exhausted,0,0,0,shanghai,ssh_eip_shanghai,deep_shanghai,9341,23,complete,GK2026D1,,
2026-08-25T11:57:41,reply,6a24e6d40000000006031168,6a2510d3000000002701443c,complete,endpoint_exhausted,0,0,0,shanghai,ssh_eip_shanghai,deep_shanghai,9341,23,complete,GK2026D1,,
2026-08-25T11:57:41,reply,6a24e6d40000000006031168,6a2510b4000000002803a6df,complete,endpoint_exhausted,0,0,0,shanghai,ssh_eip_shanghai,deep_shanghai,9341,23,complete,GK2026D1,,
2026-08-25T11:57:41,reply,6a24e6d40000000006031168,6a251082000000002b0030fb,complete,endpoint_exhausted,0,0,0,shanghai,ssh_eip_shanghai,deep_shanghai,9341,23,complete,GK2026D1,,
2026-08-25T11:57:41,reply,6a24e6d40000000006031168,6a25107c000000002800955b,complete,endpoint_exhausted,0,0,0,shanghai,ssh_eip_shanghai,deep_shanghai,9341,23,complete,GK2026D1,,
2026-08-25T11:57:41,reply,6a24e6d40000000006031168,6a25107b000000002b028bc8,complete,endpoint_exhausted,0,0,0,shanghai,ssh_eip_shanghai,deep_shanghai,9341,23,complete,GK2026D1,,
2026-08-25T11:57:41,reply,6a24e6d40000000006031168,6a25104f0000000027022f1d,complete,endpoint_exhausted,0,0,0,shanghai,ssh_eip_shanghai,deep_shanghai,9341,23,complete,GK2026D1,,
2026-08-25T11:57:41,reply,6a24e6d40000000006031168,6a250ff2000000002900e931,complete,endpoint_exhausted,0,0,0,shanghai,ssh_eip_shanghai,deep_shanghai,9341,23,complete,GK2026D1,,
2026-08-25T11:57:58,reply,6a24e6d40000000006031168,6a250fa50000000027020857,complete,endpoint_exhausted,0,0,0,shanghai,ssh_eip_shanghai,deep_shanghai,9341,23,complete,GK2026D1,,
2026-08-25T11:57:58,reply,6a24e6d40000000006031168,6a250f54000000002702354b,complete,endpoint_exhausted,0,0,0,shanghai,ssh_eip_shanghai,deep_shanghai,9341,23,complete,GK2026D1,,
2026-08-25T11:57:58,reply,6a24e6d40000000006031168,6a250f09000000002800846e,complete,endpoint_exhausted,0,0,0,shanghai,ssh_eip_shanghai,deep_shanghai,9341,23,complete,GK2026D1,,
2026-08-25T11:57:58,reply,6a24e6d40000000006031168,6a250dfa000000002b003b2e,complete,endpoint_exhausted,0,0,0,shanghai,ssh_eip_shanghai,deep_shanghai,9341,23,complete,GK2026D1,,
2026-08-25T11:57:58,reply,6a24e6d40000000006031168,6a250deb000000002702e68f,complete,endpoint_exhausted,0,0,0,shanghai,ssh_eip_shanghai,deep_shanghai,9341,23,complete,GK2026D1,,
2026-08-25T11:57:58,reply,6a24e6d40000000006031168,6a250dd30000000029025715,complete,endpoint_exhausted,0,0,0,shanghai,ssh_eip_shanghai,deep_shanghai,9341,23,complete,GK2026D1,,
2026-08-25T11:57:58,reply,6a24e6d40000000006031168,6a250dc3000000002702dcbb,complete,endpoint_exhausted,0,0,0,shanghai,ssh_eip_shanghai,deep_shanghai,9341,23,complete,GK2026D1,,
2026-08-25T11:57:58,reply,6a24e6d40000000006031168,6a250dac000000002702153f,complete,endpoint_exhausted,0,0,0,shanghai,ssh_eip_shanghai,deep_shanghai,9341,23,complete,GK2026D1,,
2026-08-25T11:57:58,reply,6a24e6d40000000006031168,6a250d960000000029013510,complete,endpoint_exhausted,0,0,0,shanghai,ssh_eip_shanghai,deep_shanghai,9341,23,complete,GK2026D1,,
2026-08-25T11:57:58,reply,6a24e6d40000000006031168,6a250d91000000002a031334,complete,endpoint_exhausted,0,0,0,shanghai,ssh_eip_shanghai,deep_shanghai,9341,23,complete,GK2026D1,,
2026-08-25T11:58:14,reply,6a24e6d40000000006031168,6a250d850000000029013127,complete,endpoint_exhausted,0,0,0,shanghai,ssh_eip_shanghai,deep_shanghai,9341,23,complete,GK2026D1,,
2026-08-25T11:58:14,reply,6a24e6d40000000006031168,6a250d6f0000000028034b70,complete,endpoint_exhausted,0,0,0,shanghai,ssh_eip_shanghai,deep_shanghai,9341,23,complete,GK2026D1,,
2026-08-25T11:58:14,reply,6a24e6d40000000006031168,6a250d34000000002803009c,complete,endpoint_exhausted,0,0,0,shanghai,ssh_eip_shanghai,deep_shanghai,9341,23,complete,GK2026D1,,
2026-08-25T11:58:14,reply,6a24e6d40000000006031168,6a250cfc00000000280371de,complete,endpoint_exhausted,0,0,0,shanghai,ssh_eip_shanghai,deep_shanghai,9341,23,complete,GK2026D1,,
2026-08-25T11:58:14,reply,6a24e6d40000000006031168,6a250cdd000000002a0242bc,complete,endpoint_exhausted,0,0,0,shanghai,ssh_eip_shanghai,deep_shanghai,9341,23,complete,GK2026D1,,
2026-08-25T11:58:14,reply,6a24e6d40000000006031168,6a250cc4000000002a005a6d,complete,endpoint_exhausted,0,0,0,shanghai,ssh_eip_shanghai,deep_shanghai,9341,23,complete,GK2026D1,,
2026-08-25T11:58:14,reply,6a24e6d40000000006031168,6a250ca7000000002900da75,complete,endpoint_exhausted,0,0,0,shanghai,ssh_eip_shanghai,deep_shanghai,9341,23,complete,GK2026D1,,
2026-08-25T11:58:14,reply,6a24e6d40000000006031168,6a250c84000000002900d1c4,complete,endpoint_exhausted,0,0,0,shanghai,ssh_eip_shanghai,deep_shanghai,9341,23,complete,GK2026D1,,
2026-08-25T11:58:14,reply,6a24e6d40000000006031168,6a250c0f00000000270170d7,complete,endpoint_exhausted,0,0,0,shanghai,ssh_eip_shanghai,deep_shanghai,9341,23,complete,GK2026D1,,
2026-08-25T11:58:14,reply,6a24e6d40000000006031168,6a250be4000000002702310d,complete,endpoint_exhausted,0,0,0,shanghai,ssh_eip_shanghai,deep_shanghai,9341,23,complete,GK2026D1,,
2026-08-25T11:58:31,reply,6a24e6d40000000006031168,6a250bbd000000002901b8f9,complete,endpoint_exhausted,0,0,0,shanghai,ssh_eip_shanghai,deep_shanghai,9341,23,complete,GK2026D1,,
2026-08-25T11:58:31,reply,6a24e6d40000000006031168,6a250bb600000000270225b6,complete,endpoint_exhausted,0,0,0,shanghai,ssh_eip_shanghai,deep_shanghai,9341,23,complete,GK2026D1,,
2026-08-25T11:58:31,reply,6a24e6d40000000006031168,6a250b68000000002a033551,complete,endpoint_exhausted,0,0,0,shanghai,ssh_eip_shanghai,deep_shanghai,9341,23,complete,GK2026D1,,
2026-08-25T11:58:31,reply,6a24e6d40000000006031168,6a250b510000000027014265,complete,endpoint_exhausted,0,0,0,shanghai,ssh_eip_shanghai,deep_shanghai,9341,23,complete,GK2026D1,,
2026-08-25T11:58:31,reply,6a24e6d40000000006031168,6a250af90000000029019620,complete,endpoint_exhausted,0,0,0,shanghai,ssh_eip_shanghai,deep_shanghai,9341,23,complete,GK2026D1,,
2026-08-25T11:58:31,reply,6a24e6d40000000006031168,6a250a26000000002800a4c7,complete,endpoint_exhausted,0,0,0,shanghai,ssh_eip_shanghai,deep_shanghai,9341,23,complete,GK2026D1,,
2026-08-25T11:58:31,reply,6a24e6d40000000006031168,6a2509e40000000027023a3f,complete,endpoint_exhausted,0,0,0,shanghai,ssh_eip_shanghai,deep_shanghai,9341,23,complete,GK2026D1,,
2026-08-25T11:58:31,reply,6a24e6d40000000006031168,6a2507770000000029013524,complete,endpoint_exhausted,0,0,0,shanghai,ssh_eip_shanghai,deep_shanghai,9341,23,complete,GK2026D1,,
2026-08-25T11:58:31,reply,6a24e6d40000000006031168,6a250736000000002803d82d,complete,endpoint_exhausted,0,0,0,shanghai,ssh_eip_shanghai,deep_shanghai,9341,23,complete,GK2026D1,,
2026-08-25T11:58:31,reply,6a24e6d40000000006031168,6a2507030000000027020bbd,complete,endpoint_exhausted,0,0,0,shanghai,ssh_eip_shanghai,deep_shanghai,9341,23,complete,GK2026D1,,
2026-08-25T11:58:47,reply,6a24e6d40000000006031168,6a250687000000002900ec96,complete,endpoint_exhausted,0,0,0,shanghai,ssh_eip_shanghai,deep_shanghai,9341,23,complete,GK2026D1,,
2026-08-25T11:58:47,reply,6a24e6d40000000006031168,6a2505cc000000002900fd39,complete,endpoint_exhausted,0,0,0,shanghai,ssh_eip_shanghai,deep_shanghai,9341,23,complete,GK2026D1,,
2026-08-25T11:58:47,reply,6a24e6d40000000006031168,6a250529000000002702d72b,complete,endpoint_exhausted,0,0,0,shanghai,ssh_eip_shanghai,deep_shanghai,9341,23,complete,GK2026D1,,
2026-08-25T11:58:47,reply,6a24e6d40000000006031168,6a2504f8000000002902ef2f,complete,endpoint_exhausted,0,0,0,shanghai,ssh_eip_shanghai,deep_shanghai,9341,23,complete,GK2026D1,,
2026-08-25T11:58:47,reply,6a24e6d40000000006031168,6a2503f3000000002803d781,complete,endpoint_exhausted,0,0,0,shanghai,ssh_eip_shanghai,deep_shanghai,9341,23,complete,GK2026D1,,
2026-08-25T11:58:47,reply,6a24e6d40000000006031168,6a2503ed000000002803d61c,complete,endpoint_exhausted,0,0,0,shanghai,ssh_eip_shanghai,deep_shanghai,9341,23,complete,GK2026D1,,
2026-08-25T11:58:47,reply,6a24e6d40000000006031168,6a2503e1000000002a025f07,complete,endpoint_exhausted,0,0,0,shanghai,ssh_eip_shanghai,deep_shanghai,9341,23,complete,GK2026D1,,
2026-08-25T11:58:47,reply,6a24e6d40000000006031168,6a2503950000000027015d3c,complete,endpoint_exhausted,0,0,0,shanghai,ssh_eip_shanghai,deep_shanghai,9341,23,complete,GK2026D1,,
2026-08-25T11:58:47,reply,6a24e6d40000000006031168,6a25035c0000000027015175,complete,endpoint_exhausted,0,0,0,shanghai,ssh_eip_shanghai,deep_shanghai,9341,23,complete,GK2026D1,,
2026-08-25T11:58:47,reply,6a24e6d40000000006031168,6a2502e1000000002a0338ca,complete,endpoint_exhausted,0,0,0,shanghai,ssh_eip_shanghai,deep_shanghai,9341,23,complete,GK2026D1,,
2026-08-25T11:59:04,reply,6a24e6d40000000006031168,6a2502d2000000002803d094,complete,endpoint_exhausted,0,0,0,shanghai,ssh_eip_shanghai,deep_shanghai,9341,23,complete,GK2026D1,,
2026-08-25T11:59:04,reply,6a24e6d40000000006031168,6a2502590000000029024f32,complete,endpoint_exhausted,0,0,0,shanghai,ssh_eip_shanghai,deep_shanghai,9341,23,complete,GK2026D1,,
2026-08-25T11:59:04,reply,6a24e6d40000000006031168,6a250214000000002702240a,complete,endpoint_exhausted,0,0,0,shanghai,ssh_eip_shanghai,deep_shanghai,9341,23,complete,GK2026D1,,
2026-08-25T11:59:04,reply,6a24e6d40000000006031168,6a250175000000002903498d,complete,endpoint_exhausted,0,0,0,shanghai,ssh_eip_shanghai,deep_shanghai,9341,23,complete,GK2026D1,,
2026-08-25T11:59:04,reply,6a24e6d40000000006031168,6a25015b000000002901340d,complete,endpoint_exhausted,0,0,0,shanghai,ssh_eip_shanghai,deep_shanghai,9341,23,complete,GK2026D1,,
2026-08-25T11:59:04,reply,6a24e6d40000000006031168,6a2500a3000000002900c356,complete,endpoint_exhausted,0,0,0,shanghai,ssh_eip_shanghai,deep_shanghai,9341,23,complete,GK2026D1,,
2026-08-25T11:59:04,reply,6a24e6d40000000006031168,6a24fff1000000002a02fc58,complete,endpoint_exhausted,0,0,0,shanghai,ssh_eip_shanghai,deep_shanghai,9341,23,complete,GK2026D1,,
2026-08-25T11:59:04,reply,6a24e6d40000000006031168,6a24ffb3000000002701717c,complete,endpoint_exhausted,0,0,0,shanghai,ssh_eip_shanghai,deep_shanghai,9341,23,complete,GK2026D1,,
2026-08-25T11:59:04,reply,6a24e6d40000000006031168,6a24ff2000000000280343d3,complete,endpoint_exhausted,0,0,0,shanghai,ssh_eip_shanghai,deep_shanghai,9341,23,complete,GK2026D1,,
2026-08-25T11:59:04,reply,6a24e6d40000000006031168,6a24fef6000000002701e3cf,complete,endpoint_exhausted,0,0,0,shanghai,ssh_eip_shanghai,deep_shanghai,9341,23,complete,GK2026D1,,
2026-08-25T11:59:21,reply,6a24e6d40000000006031168,6a24fd88000000002a02c81a,complete,endpoint_exhausted,0,0,0,shanghai,ssh_eip_shanghai,deep_shanghai,9341,23,complete,GK2026D1,,
2026-08-25T11:59:21,reply,6a24e6d40000000006031168,6a24fd430000000028033b3c,complete,endpoint_exhausted,0,0,0,shanghai,ssh_eip_shanghai,deep_shanghai,9341,23,complete,GK2026D1,,
2026-08-25T11:59:21,reply,6a24e6d40000000006031168,6a24fd29000000002900e5bd,complete,endpoint_exhausted,0,0,0,shanghai,ssh_eip_shanghai,deep_shanghai,9341,23,complete,GK2026D1,,
2026-08-25T11:59:21,reply,6a24e6d40000000006031168,6a24fc92000000002702074c,complete,endpoint_exhausted,0,0,0,shanghai,ssh_eip_shanghai,deep_shanghai,9341,23,complete,GK2026D1,,
2026-08-25T11:59:21,reply,6a24e6d40000000006031168,6a24fbc3000000002a031d10,complete,endpoint_exhausted,0,0,0,shanghai,ssh_eip_shanghai,deep_shanghai,9341,23,complete,GK2026D1,,
2026-08-25T11:59:21,reply,6a24e6d40000000006031168,6a24fb75000000002803c243,complete,endpoint_exhausted,0,0,0,shanghai,ssh_eip_shanghai,deep_shanghai,9341,23,complete,GK2026D1,,
2026-08-25T11:59:21,reply,6a24e6d40000000006031168,6a24f8a7000000002702bb2e,complete,endpoint_exhausted,0,0,0,shanghai,ssh_eip_shanghai,deep_shanghai,9341,23,complete,GK2026D1,,
2026-08-25T11:59:21,reply,6a24e6d40000000006031168,6a24f7db0000000028038c0b,complete,endpoint_exhausted,0,0,0,shanghai,ssh_eip_shanghai,deep_shanghai,9341,23,complete,GK2026D1,,
2026-08-25T11:59:21,reply,6a24e6d40000000006031168,6a24f73300000000280376e7,complete,endpoint_exhausted,0,0,0,shanghai,ssh_eip_shanghai,deep_shanghai,9341,23,complete,GK2026D1,,
2026-08-25T11:59:21,reply,6a24e6d40000000006031168,6a351e35000000002902539b,complete,endpoint_exhausted,0,0,0,shanghai,ssh_eip_shanghai,deep_shanghai,9341,23,complete,GK2026D1,,
2026-08-25T11:59:37,reply,6a24e6d40000000006031168,6a26538c000000002803e06d,complete,endpoint_exhausted,0,0,0,shanghai,ssh_eip_shanghai,deep_shanghai,9341,23,complete,GK2026D1,,
2026-08-25T11:59:37,reply,6a24e6d40000000006031168,6a26314b000000002b025d08,complete,endpoint_exhausted,0,0,0,shanghai,ssh_eip_shanghai,deep_shanghai,9341,23,complete,GK2026D1,,
2026-08-25T11:59:37,reply,6a24e6d40000000006031168,6a262811000000002a024c0e,complete,endpoint_exhausted,0,0,0,shanghai,ssh_eip_shanghai,deep_shanghai,9341,23,complete,GK2026D1,,
2026-08-25T11:59:37,reply,6a24e6d40000000006031168,6a26108a000000002803d278,complete,endpoint_exhausted,0,0,0,shanghai,ssh_eip_shanghai,deep_shanghai,9341,23,complete,GK2026D1,,
2026-08-25T11:59:37,reply,6a24e6d40000000006031168,6a258ed70000000029024639,complete,endpoint_exhausted,0,0,0,shanghai,ssh_eip_shanghai,deep_shanghai,9341,23,complete,GK2026D1,,
2026-08-25T11:59:54,reply,6a24e6d40000000006031168,6a2563d3000000002a02d814,complete,endpoint_exhausted,1,3,3,shanghai,ssh_eip_shanghai,deep_shanghai,9341,23,complete,GK2026D1,,
2026-08-25T11:59:54,reply,6a24e6d40000000006031168,6a255f8b0000000028008dad,complete,endpoint_exhausted,0,0,0,shanghai,ssh_eip_shanghai,deep_shanghai,9341,23,complete,GK2026D1,,
2026-08-25T11:59:54,reply,6a24e6d40000000006031168,6a255e2e00000000270148cd,complete,endpoint_exhausted,0,0,0,shanghai,ssh_eip_shanghai,deep_shanghai,9341,23,complete,GK2026D1,,
2026-08-25T11:59:54,reply,6a24e6d40000000006031168,6a253fc90000000027014281,complete,endpoint_exhausted,0,0,0,shanghai,ssh_eip_shanghai,deep_shanghai,9341,23,complete,GK2026D1,,
2026-08-25T11:59:54,reply,6a24e6d40000000006031168,6a253d40000000002900c6c6,complete,endpoint_exhausted,0,0,0,shanghai,ssh_eip_shanghai,deep_shanghai,9341,23,complete,GK2026D1,,
2026-08-25T12:00:10,reply,6a24e6d40000000006031168,6a253914000000002a03337f,complete,endpoint_exhausted,0,0,0,shanghai,ssh_eip_shanghai,deep_shanghai,9341,23,complete,GK2026D1,,
2026-08-25T12:00:10,reply,6a24e6d40000000006031168,6a25378f000000002a026641,complete,endpoint_exhausted,0,1,1,shanghai,ssh_eip_shanghai,deep_shanghai,9341,23,complete,GK2026D1,,
2026-08-25T12:00:10,reply,6a24e6d40000000006031168,6a252c9b0000000027015ddc,complete,endpoint_exhausted,0,0,0,shanghai,ssh_eip_shanghai,deep_shanghai,9341,23,complete,GK2026D1,,
2026-08-25T12:00:10,reply,6a24e6d40000000006031168,6a25277d000000002a03095e,complete,endpoint_exhausted,0,0,0,shanghai,ssh_eip_shanghai,deep_shanghai,9341,23,complete,GK2026D1,,
2026-08-25T12:00:10,reply,6a24e6d40000000006031168,6a252764000000002a02665a,complete,endpoint_exhausted,0,0,0,shanghai,ssh_eip_shanghai,deep_shanghai,9341,23,complete,GK2026D1,,
2026-08-25T12:00:10,reply,6a24e6d40000000006031168,6a2525c20000000028009aca,complete,endpoint_exhausted,0,0,0,shanghai,ssh_eip_shanghai,deep_shanghai,9341,23,complete,GK2026D1,,
2026-08-25T12:00:10,reply,6a24e6d40000000006031168,6a252519000000002800b2d8,complete,endpoint_exhausted,0,0,0,shanghai,ssh_eip_shanghai,deep_shanghai,9341,23,complete,GK2026D1,,
2026-08-25T12:00:10,reply,6a24e6d40000000006031168,6a252387000000002902c6c3,complete,endpoint_exhausted,0,0,0,shanghai,ssh_eip_shanghai,deep_shanghai,9341,23,complete,GK2026D1,,
2026-08-25T12:00:10,reply,6a24e6d40000000006031168,6a2519a3000000002902f471,complete,endpoint_exhausted,0,0,0,shanghai,ssh_eip_shanghai,deep_shanghai,9341,23,complete,GK2026D1,,
2026-08-25T12:00:10,reply,6a24e6d40000000006031168,6a25197300000000270140d2,complete,endpoint_exhausted,0,0,0,shanghai,ssh_eip_shanghai,deep_shanghai,9341,23,complete,GK2026D1,,
2026-08-25T12:00:27,reply,6a24e6d40000000006031168,6a2517e500000000270169e9,complete,endpoint_exhausted,0,0,0,shanghai,ssh_eip_shanghai,deep_shanghai,9341,23,complete,GK2026D1,,
2026-08-25T12:00:27,reply,6a24e6d40000000006031168,6a25168a0000000027015a7b,complete,endpoint_exhausted,0,0,0,shanghai,ssh_eip_shanghai,deep_shanghai,9341,23,complete,GK2026D1,,
2026-08-25T12:00:27,reply,6a24e6d40000000006031168,6a25163f000000002902e3da,complete,endpoint_exhausted,0,0,0,shanghai,ssh_eip_shanghai,deep_shanghai,9341,23,complete,GK2026D1,,
2026-08-25T12:00:27,reply,6a24e6d40000000006031168,6a2515860000000027021d98,complete,endpoint_exhausted,0,0,0,shanghai,ssh_eip_shanghai,deep_shanghai,9341,23,complete,GK2026D1,,
2026-08-25T12:00:27,reply,6a24e6d40000000006031168,6a2512bb000000002701e941,complete,endpoint_exhausted,0,0,0,shanghai,ssh_eip_shanghai,deep_shanghai,9341,23,complete,GK2026D1,,
2026-08-25T12:00:27,reply,6a24e6d40000000006031168,6a2510c800000000270293bb,complete,endpoint_exhausted,0,0,0,shanghai,ssh_eip_shanghai,deep_shanghai,9341,23,complete,GK2026D1,,
2026-08-25T12:00:27,reply,6a24e6d40000000006031168,6a25088d000000002902774d,complete,endpoint_exhausted,0,0,0,shanghai,ssh_eip_shanghai,deep_shanghai,9341,23,complete,GK2026D1,,
2026-08-25T12:00:27,reply,6a24e6d40000000006031168,6a25087a000000002a0333d7,complete,endpoint_exhausted,0,0,0,shanghai,ssh_eip_shanghai,deep_shanghai,9341,23,complete,GK2026D1,,
2026-08-25T12:00:27,reply,6a24e6d40000000006031168,6a24f8840000000028034c82,complete,endpoint_exhausted,0,0,0,shanghai,ssh_eip_shanghai,deep_shanghai,9341,23,complete,GK2026D1,,
2026-08-25T12:00:27,reply,6a24e6d40000000006031168,6a24f589000000002900c401,complete,endpoint_exhausted,0,1,1,shanghai,ssh_eip_shanghai,deep_shanghai,9341,23,complete,GK2026D1,,
2026-08-25T12:00:27,top_level,6a24e6d40000000006031168,,complete,endpoint_exhausted,88,880,,shanghai,ssh_eip_shanghai,deep_shanghai,9341,23,complete,GK2026D1,True,
2026-08-25T12:21:19,reply,6a26481a0000000035028a46,6a26b54d0000000028033cca,complete,endpoint_exhausted,0,1,1,shanghai,ssh_eip_shanghai,deep_shanghai,9341,24,complete,GK2026D1,,
2026-08-25T12:21:19,top_level,6a26481a0000000035028a46,,complete,endpoint_exhausted,1,1,,shanghai,ssh_eip_shanghai,deep_shanghai,9341,24,complete,GK2026D1,True,
2026-08-25T16:01:05,reply,6a24ae8a000000002202c306,6a24b1310000000027028064,complete,endpoint_exhausted,0,0,0,shanghai,ssh_eip_shanghai,deep_shanghai,9341,25,complete,GK2026D1,,
2026-08-25T16:01:05,top_level,6a24ae8a000000002202c306,,complete,endpoint_exhausted,1,1,,shanghai,ssh_eip_shanghai,deep_shanghai,9341,25,complete,GK2026D1,True,
2026-08-25T16:12:14,reply,6a23fafd00000000070108d5,6a2401da00000000280330eb,complete,endpoint_exhausted,1,2,2,shanghai,ssh_eip_shanghai,deep_shanghai,9341,26,complete,GK2026D1,,
2026-08-25T16:12:14,reply,6a23fafd00000000070108d5,6a24130b000000002b024807,complete,endpoint_exhausted,0,0,0,shanghai,ssh_eip_shanghai,deep_shanghai,9341,26,complete,GK2026D1,,
2026-08-25T16:12:14,reply,6a23fafd00000000070108d5,6a24e6eb000000002803ca75,complete,endpoint_exhausted,0,0,0,shanghai,ssh_eip_shanghai,deep_shanghai,9341,26,complete,GK2026D1,,
2026-08-25T16:12:14,reply,6a23fafd00000000070108d5,6a258bcf000000002701417f,complete,endpoint_exhausted,0,0,0,shanghai,ssh_eip_shanghai,deep_shanghai,9341,26,complete,GK2026D1,,
2026-08-25T16:12:14,reply,6a23fafd00000000070108d5,6a24f571000000002803b326,complete,endpoint_exhausted,0,0,0,shanghai,ssh_eip_shanghai,deep_shanghai,9341,26,complete,GK2026D1,,
2026-08-25T16:12:14,reply,6a23fafd00000000070108d5,6a24f4e9000000002901a639,complete,endpoint_exhausted,0,0,0,shanghai,ssh_eip_shanghai,deep_shanghai,9341,26,complete,GK2026D1,,
2026-08-25T16:12:14,reply,6a23fafd00000000070108d5,6a24c7cd000000002701e748,complete,endpoint_exhausted,0,0,0,shanghai,ssh_eip_shanghai,deep_shanghai,9341,26,complete,GK2026D1,,
2026-08-25T16:12:14,reply,6a23fafd00000000070108d5,6a24497d000000002b02be3e,complete,endpoint_exhausted,0,0,0,shanghai,ssh_eip_shanghai,deep_shanghai,9341,26,complete,GK2026D1,,
2026-08-25T16:12:14,top_level,6a23fafd00000000070108d5,,complete,endpoint_exhausted,1,8,,shanghai,ssh_eip_shanghai,deep_shanghai,9341,26,complete,GK2026D1,True,
2026-08-25T16:23:07,top_level,6a244b0a0000000007020ade,,complete,endpoint_exhausted,1,0,,shanghai,ssh_eip_shanghai,deep_shanghai,9341,27,complete,GK2026D1,True,
2026-08-25T16:33:58,top_level,6a254e57000000001503cac9,,complete,endpoint_exhausted,1,0,,shanghai,ssh_eip_shanghai,deep_shanghai,9341,28,complete,GK2026D1,True,
2026-08-25T16:44:50,reply,6a262c5c0000000036003f49,6a281780000000002900d880,complete,endpoint_exhausted,0,0,0,shanghai,ssh_eip_shanghai,deep_shanghai,9341,29,complete,GK2026D1,,
2026-08-25T16:44:50,top_level,6a262c5c0000000036003f49,,complete,endpoint_exhausted,1,1,,shanghai,ssh_eip_shanghai,deep_shanghai,9341,29,complete,GK2026D1,True,
2026-08-25T16:55:42,top_level,6a254364000000001700a83c,,complete,endpoint_exhausted,1,0,,shanghai,ssh_eip_shanghai,deep_shanghai,9341,30,complete,GK2026D1,True,
2026-08-25T18:27:01,reply,6a24c5de000000002202a2e5,6a2566060000000027028f41,complete,endpoint_exhausted,0,0,0,shanghai,ssh_eip_shanghai,deep_shanghai,9341,31,complete,GK2026D1,,
2026-08-25T18:27:01,top_level,6a24c5de000000002202a2e5,,complete,endpoint_exhausted,1,1,,shanghai,ssh_eip_shanghai,deep_shanghai,9341,31,complete,GK2026D1,True,
2026-08-25T18:38:44,reply,6a260f2400000000070217bc,6a26134c000000002a030273,complete,endpoint_exhausted,3,16,16,shanghai,ssh_eip_shanghai,deep_shanghai,9341,32,complete,GK2026D1,,
2026-08-25T18:39:34,reply,6a260f2400000000070217bc,6a261175000000002a026840,complete,endpoint_exhausted,3,12,12,shanghai,ssh_eip_shanghai,deep_shanghai,9341,32,complete,GK2026D1,,
2026-08-25T18:39:50,reply,6a260f2400000000070217bc,6a261f2e000000002a005cd0,complete,endpoint_exhausted,1,4,4,shanghai,ssh_eip_shanghai,deep_shanghai,9341,32,complete,GK2026D1,,
2026-08-25T18:40:07,reply,6a260f2400000000070217bc,6a261952000000002701ec06,complete,endpoint_exhausted,1,3,3,shanghai,ssh_eip_shanghai,deep_shanghai,9341,32,complete,GK2026D1,,
2026-08-25T18:40:07,reply,6a260f2400000000070217bc,6a2616bd000000002a032545,complete,endpoint_exhausted,0,1,1,shanghai,ssh_eip_shanghai,deep_shanghai,9341,32,complete,GK2026D1,,
2026-08-25T18:40:23,reply,6a260f2400000000070217bc,6a2665cc000000002900c18c,complete,endpoint_exhausted,1,2,2,shanghai,ssh_eip_shanghai,deep_shanghai,9341,32,complete,GK2026D1,,
2026-08-25T18:40:23,reply,6a260f2400000000070217bc,6a261647000000002701ff3c,complete,endpoint_exhausted,0,1,1,shanghai,ssh_eip_shanghai,deep_shanghai,9341,32,complete,GK2026D1,,
2026-08-25T18:40:23,reply,6a260f2400000000070217bc,6a2698610000000028039b26,complete,endpoint_exhausted,0,1,1,shanghai,ssh_eip_shanghai,deep_shanghai,9341,32,complete,GK2026D1,,
2026-08-25T18:40:23,reply,6a260f2400000000070217bc,6a263d560000000029024717,complete,endpoint_exhausted,0,1,1,shanghai,ssh_eip_shanghai,deep_shanghai,9341,32,complete,GK2026D1,,
2026-08-25T18:40:23,reply,6a260f2400000000070217bc,6a263ba9000000002701e6c8,complete,endpoint_exhausted,0,1,1,shanghai,ssh_eip_shanghai,deep_shanghai,9341,32,complete,GK2026D1,,
2026-08-25T18:40:40,reply,6a260f2400000000070217bc,6a274775000000002a006536,complete,endpoint_exhausted,0,0,0,shanghai,ssh_eip_shanghai,deep_shanghai,9341,32,complete,GK2026D1,,
2026-08-25T18:40:40,reply,6a260f2400000000070217bc,6a26c2be000000002701cea9,complete,endpoint_exhausted,0,0,0,shanghai,ssh_eip_shanghai,deep_shanghai,9341,32,complete,GK2026D1,,
2026-08-25T18:40:40,reply,6a260f2400000000070217bc,6a26ba44000000002a006a39,complete,endpoint_exhausted,0,1,1,shanghai,ssh_eip_shanghai,deep_shanghai,9341,32,complete,GK2026D1,,
2026-08-25T18:40:40,reply,6a260f2400000000070217bc,6a2679e7000000002900fef5,complete,endpoint_exhausted,0,0,0,shanghai,ssh_eip_shanghai,deep_shanghai,9341,32,complete,GK2026D1,,
2026-08-25T18:40:40,reply,6a260f2400000000070217bc,6a2644f10000000023000caf,complete,endpoint_exhausted,0,0,0,shanghai,ssh_eip_shanghai,deep_shanghai,9341,32,complete,GK2026D1,,
2026-08-25T18:40:57,reply,6a260f2400000000070217bc,6a27addc0000000028032a56,complete,endpoint_exhausted,1,2,2,shanghai,ssh_eip_shanghai,deep_shanghai,9341,32,complete,GK2026D1,,
2026-08-25T18:40:57,reply,6a260f2400000000070217bc,6a2653750000000028039abd,complete,endpoint_exhausted,0,0,0,shanghai,ssh_eip_shanghai,deep_shanghai,9341,32,complete,GK2026D1,,
2026-08-25T18:40:57,reply,6a260f2400000000070217bc,6a2633e9000000002a03172e,complete,endpoint_exhausted,0,1,1,shanghai,ssh_eip_shanghai,deep_shanghai,9341,32,complete,GK2026D1,,
2026-08-25T18:40:57,reply,6a260f2400000000070217bc,6a2630670000000023000957,complete,endpoint_exhausted,0,1,1,shanghai,ssh_eip_shanghai,deep_shanghai,9341,32,complete,GK2026D1,,
2026-08-25T18:40:57,reply,6a260f2400000000070217bc,6a26234b000000002b02868a,complete,endpoint_exhausted,0,1,1,shanghai,ssh_eip_shanghai,deep_shanghai,9341,32,complete,GK2026D1,,
2026-08-25T18:41:14,reply,6a260f2400000000070217bc,6a2620790000000028039da3,complete,endpoint_exhausted,0,0,0,shanghai,ssh_eip_shanghai,deep_shanghai,9341,32,complete,GK2026D1,,
2026-08-25T18:41:30,reply,6a260f2400000000070217bc,6a2617ca0000000028009ea2,complete,endpoint_exhausted,1,3,3,shanghai,ssh_eip_shanghai,deep_shanghai,9341,32,complete,GK2026D1,,
2026-08-25T18:41:30,reply,6a260f2400000000070217bc,6a26165b000000002900da34,complete,endpoint_exhausted,0,0,0,shanghai,ssh_eip_shanghai,deep_shanghai,9341,32,complete,GK2026D1,,
2026-08-25T18:41:30,reply,6a260f2400000000070217bc,6a261a530000000027017029,complete,endpoint_exhausted,0,0,0,shanghai,ssh_eip_shanghai,deep_shanghai,9341,32,complete,GK2026D1,,
2026-08-25T18:41:30,top_level,6a260f2400000000070217bc,,complete,endpoint_exhausted,3,24,,shanghai,ssh_eip_shanghai,deep_shanghai,9341,32,complete,GK2026D1,True,
2026-08-25T18:52:23,top_level,6a2425330000000017009ee5,,complete,endpoint_exhausted,1,0,,shanghai,ssh_eip_shanghai,deep_shanghai,9341,33,complete,GK2026D1,True,
2026-08-25T20:44:20,reply,6a269be6000000000702a54c,6a2796e6000000002702cce3,complete,endpoint_exhausted,0,0,0,shanghai,ssh_eip_shanghai,deep_shanghai,9341,34,complete,GK2026D1,,
2026-08-25T20:44:20,reply,6a269be6000000000702a54c,6a26b97000000000290340ba,complete,endpoint_exhausted,0,0,0,shanghai,ssh_eip_shanghai,deep_shanghai,9341,34,complete,GK2026D1,,
2026-08-25T20:44:20,reply,6a269be6000000000702a54c,6a269d200000000027016770,complete,endpoint_exhausted,0,1,1,shanghai,ssh_eip_shanghai,deep_shanghai,9341,34,complete,GK2026D1,,
2026-08-25T20:44:20,reply,6a269be6000000000702a54c,6a26a7980000000028039e8e,complete,endpoint_exhausted,0,1,1,shanghai,ssh_eip_shanghai,deep_shanghai,9341,34,complete,GK2026D1,,
2026-08-25T20:44:20,reply,6a269be6000000000702a54c,6a2a243b00000000280358c0,complete,endpoint_exhausted,0,0,0,shanghai,ssh_eip_shanghai,deep_shanghai,9341,34,complete,GK2026D1,,
2026-08-25T20:44:20,reply,6a269be6000000000702a54c,6a28d4d60000000029024086,complete,endpoint_exhausted,0,0,0,shanghai,ssh_eip_shanghai,deep_shanghai,9341,34,complete,GK2026D1,,
2026-08-25T20:44:20,reply,6a269be6000000000702a54c,6a2787bf000000002900feeb,complete,endpoint_exhausted,0,0,0,shanghai,ssh_eip_shanghai,deep_shanghai,9341,34,complete,GK2026D1,,
2026-08-25T20:44:20,reply,6a269be6000000000702a54c,6a277ddd000000002902c398,complete,endpoint_exhausted,0,0,0,shanghai,ssh_eip_shanghai,deep_shanghai,9341,34,complete,GK2026D1,,
2026-08-25T20:44:20,top_level,6a269be6000000000702a54c,,complete,endpoint_exhausted,1,8,,shanghai,ssh_eip_shanghai,deep_shanghai,9341,34,complete,GK2026D1,True,
2026-08-25T20:55:27,reply,6a24dce300000000220218dc,6a2607bd00000000280374db,complete,endpoint_exhausted,1,3,3,shanghai,ssh_eip_shanghai,deep_shanghai,9341,35,complete,GK2026D1,,
2026-08-25T20:55:27,reply,6a24dce300000000220218dc,6a2550bc0000000028039144,complete,endpoint_exhausted,0,0,0,shanghai,ssh_eip_shanghai,deep_shanghai,9341,35,complete,GK2026D1,,
2026-08-25T20:55:27,reply,6a24dce300000000220218dc,6a25558f00000000270234cd,complete,endpoint_exhausted,0,0,0,shanghai,ssh_eip_shanghai,deep_shanghai,9341,35,complete,GK2026D1,,
2026-08-25T20:55:27,reply,6a24dce300000000220218dc,6a25230e000000002800bc29,complete,endpoint_exhausted,0,0,0,shanghai,ssh_eip_shanghai,deep_shanghai,9341,35,complete,GK2026D1,,
2026-08-25T20:55:27,reply,6a24dce300000000220218dc,6a26c1af000000002a02e7b1,complete,endpoint_exhausted,0,0,0,shanghai,ssh_eip_shanghai,deep_shanghai,9341,35,complete,GK2026D1,,
2026-08-25T20:55:27,reply,6a24dce300000000220218dc,6a26a6f70000000029037757,complete,endpoint_exhausted,0,0,0,shanghai,ssh_eip_shanghai,deep_shanghai,9341,35,complete,GK2026D1,,
2026-08-25T20:55:27,reply,6a24dce300000000220218dc,6a26991f000000002b024b8b,complete,endpoint_exhausted,0,0,0,shanghai,ssh_eip_shanghai,deep_shanghai,9341,35,complete,GK2026D1,,
2026-08-25T20:55:27,reply,6a24dce300000000220218dc,6a25fe21000000002702d6c9,complete,endpoint_exhausted,0,0,0,shanghai,ssh_eip_shanghai,deep_shanghai,9341,35,complete,GK2026D1,,
2026-08-25T20:55:27,reply,6a24dce300000000220218dc,6a2a67bf0000000029025ce8,complete,endpoint_exhausted,0,0,0,shanghai,ssh_eip_shanghai,deep_shanghai,9341,35,complete,GK2026D1,,
2026-08-25T20:55:27,reply,6a24dce300000000220218dc,6a260deb0000000027028c8a,complete,endpoint_exhausted,0,1,1,shanghai,ssh_eip_shanghai,deep_shanghai,9341,35,complete,GK2026D1,,
2026-08-25T20:55:44,top_level,6a24dce300000000220218dc,,complete,endpoint_exhausted,2,10,,shanghai,ssh_eip_shanghai,deep_shanghai,9341,35,complete,GK2026D1,True,
