note_id,phase_id,lane,chunk,type,published_at_ms,platform_updated_at_ms,likes,collections,declared_comments,shares,tag_count,image_count,text_sha256,record_modified_at_ms
6a101864000000003701ebfc,F001,A,1,normal,1779439716000,1785462429000,141,148,525,35,3,1,3e808a537ec730d4a1e1811ba471ed2135144bed1215d848a7bd9782313bcb9f,1788946988822
6a2e68d20000000035024fb3,F001,A,2,normal,1781426386000,1788923578000,34,26,30,16,10,1,14997850ff742bb33647a1146de906ec59bb11350c1513fa6d295a421737d99a,1788950218037
6a4cda8c0000000008030039,F001,A,3,normal,1783421580000,1785206816000,122,55,40,3,3,1,0de5770fcb357457d7f80a73694269eea190fabdda089ad0c767c4d49462645e,1788951039354
6a4e7a9c0000000021016966,F001,A,4,normal,1783528092000,1783528093000,0,1,1,1,5,1,4b8259a2aed88f31c77d905b38c1fc6d12ea4a52124e314d0f950f51a8c08ce8,1788951955896
6a4f08750000000021017447,F001,A,5,normal,1783564405000,1783564406000,2,3,0,0,0,9,f8f845d67f3f3137b7e39a30b885ba47b1375075819970583a743ad2fa8e0000,1788952651995
6a4f1620000000000802552b,F001,A,6,normal,1783567904000,1783567904000,2,0,0,2,4,2,779387d3bdd1eac8bd0785c0878c681c38cc9c06bcfbdb48a169658639aca1d9,1788953348929
6a4f1d38000000000702b8d9,F001,A,7,normal,1783569720000,1783569721000,103,35,193,12,4,1,f64233f65504185d81e1873064b1e0ebfc5d6bf667de68882f0c25cdb59be9ba,1788955846763
6a4f532f000000001003fb1b,F001,A,8,normal,1783583535000,1783588564000,433,40,247,218,2,2,af1e163199f569ce331288b4073b8eecc303ec1d9584666155f9a89c8c58cef6,1788957498183
6a4f5fb7000000000f01e35b,F001,A,9,normal,1783586743000,1783586744000,186,40,74,160,1,1,5d16bc040fc3bbe70f3bb64a499a1b6731089d111774fe4b03e6c146f3b6926b,1788959408373
6a4f63dd000000001700bbcc,F001,A,10,normal,1783587805000,1783587806000,5,2,1,1,10,7,3340359ba0117a11a249dd92ac98487814d98d4d7f1ef2587019d3be1ba61e51,1788960460541
6a4f73b2000000000f0155ec,F001,A,11,normal,1783591858000,1783591858000,2,1,2,6,0,7,a8728bd9ea984d9ff78381b5c3c464dd4b096be18028dd82eeb3b132428ac903,1788961158504
6a4f7b2e0000000011007854,F001,A,12,normal,1783593774000,1783593775000,7,1,43,2,0,2,4a39ebff0c189e25b8b2405d179ed645d3800c9ecb3d15abf098c6a1517100a1,1788961857330
6a4f899a000000001102d176,F001,A,13,video,1783597466000,1783688224000,6,0,0,1,3,1,073adfd361b9d01ebb98155810c7426232bf0f27ce54c6444279579020247311,1788964585369
6a4f8a37000000002200a9b8,F001,A,14,normal,1783597623000,1783597623000,4,0,0,1,4,5,d5285ec4f2791a74af6343f3aaee8ec449f3f725375d2fed655884a82c207f38,1788965283690
6a4f98aa0000000022019983,F001,A,15,normal,1783601322000,1783601323000,662,416,103,466,5,5,d85337fcbc2a207b26594b6ca25054c254f6acfcacc615f3087a6d86c1e69837,1788965984536
6a4fa6ec000000000f032226,F001,A,16,normal,1783604972000,1783614735000,86,17,107,99,0,2,bf527913fb656b6d096787063612f0939aa5d8ac2ca59ed36dcccafe2e928636,1788967268229
6a4fae89000000001503fc29,F001,A,17,video,1783606921000,1783668404000,191,96,104,499,2,1,f3b1cf3a7b6c5b27ef47242d98ebf144fa0af181719ece6b508efa235093fd20,1788968769552
6a4fd93b000000000702e33a,F001,A,18,normal,1783617851000,1783617851000,6,1,3,1,3,3,eb27505ae518e4229634cced063777b96ca7e906586206a59894a0ff09357865,1788969690869
6a4fdbe100000000210205de,F001,A,19,normal,1783618529000,1783618530000,510,77,147,413,1,1,97750a9eb9834b965358946cd767f4237793df402ad4cd375092b49af9be6658,1788972188601
6a4fdd02000000001c0248cd,F001,A,20,normal,1783618818000,1783618819000,6,1,29,2,0,1,42bb46b962a7ef8ea0588a0601ca3ff355d128fa78955b4cb427530919b7bcc8,1788973675766
6a4fded1000000001503c46c,F001,A,21,normal,1783619281000,1783620783000,9,1,21,2,0,2,0888e116c9577b287085989596fa0404e17c5ad212ba0e7f7038cfbdf447248a,1788974531088
6a4fdf04000000001c024bde,F001,A,22,normal,1783619332000,1783619332000,4,1,11,3,0,1,e1c81419e7e53a12b6870ee990c52ca1157236b082157b66adb9b5f1e588daab,1788975321197
6a4fe05e0000000006021a7e,F001,A,23,normal,1783619678000,1783619678000,0,0,0,0,4,4,6ca4509df12b7213906cf66261617d746859914bf88ae94d7929fa5d85734a43,1788976079411
6a4fe72d0000000011010790,F001,A,24,normal,1783621421000,1783621422000,120,80,23,25,0,2,6a6462e732c9600df7fbd566830ef65b2a492ff346f43728546d2b20661fe25e,1788976774746
6a4fee6600000000080336fd,F001,A,25,normal,1783623270000,1783623270000,22,3,2,0,1,1,50cf24b42ebfffc8e24f4b69eec6e69f88eb67b079b5f9e14e6303ab7b940149,1788979363195
6a501cb9000000001101a7e7,F001,A,26,normal,1783635129000,1783635130000,2,0,17,0,6,3,7edd69aae159f3ccc2275d42cd4f07b8d42bf58e7d759f9bba41bbb69ff0c220,1788980058940
6a501d970000000011017ce0,F001,A,27,normal,1783635351000,1783635352000,16,6,8,2,1,4,7cac3cf496c597fbbc1364562a1580f3c7587de5edd8aa6c546d73bbdcac5a01,1788980817148
6a502659000000000702c69a,F001,A,28,normal,1783637593000,1783637594000,30,3,48,4,0,2,bdaeb063419b6e8cb847fd74d9aff16c7dabdfb0dd2b1b60ab269e524a72e02e,1788981513440
6a50293b0000000022018c9a,F001,A,29,normal,1783638331000,1783638332000,1,0,0,0,4,6,8cf581ae7f8a47d5eba49f3a447e0723ddeb7a74cd21f624cd7d97f04f2e4bf4,1788982457442
6a503076000000001003d16b,F001,A,30,video,1783640182000,1783640183000,120,58,34,37,5,1,04e74851a30e3a2c8f673c0a2a83df9f86315918a0b4ad496f88b1f58f4b94f0,1788983153030
6a503175000000000d00bc00,F001,A,31,normal,1783640437000,1784710527000,89,28,63,53,0,1,ef872d1f019b3815b98551da13fe6748ecbe941659b6150add1f67e1f406d58b,1788985773317
6a503192000000001c0253fd,F001,A,32,normal,1783640466000,1783640466000,4,0,0,4,1,1,4085623ec8dfca549c0fed570a236de3dfb191c21482e10f1bc8c3d493d907d4,1788986841262
6a5035030000000008027925,F001,A,33,video,1783641347000,1783641347000,0,0,0,0,5,1,004c43f8e3a711805237e881ec9ae1dfb1e1df4ae5ad649dd1fdc9f821778b33,1788987536615
6a5038be000000000702d741,F001,A,34,normal,1783642302000,1783642302000,76,40,55,9,0,5,03706ed72427c6515df2fd07d9dd8838ea704d8a653c3a88be7f64d0616382fd,1788988232554
6a503ae60000000011006ec1,F001,A,35,normal,1783642855000,1783642855000,11,0,6,0,0,1,dc05356dda2aedfdcddf49125910aeb1099f0b3c5c74b72c32741c75d8712e11,1788989206182
6a504495000000000f01e4bf,F001,A,36,normal,1783645333000,1783645333000,51,22,168,4,5,1,c53e0d15d3aee716f42f828b5f85699b2047833ca13d42e5c6d36a1e9c4dcc1c,1788989932869
6a5044ab000000002201b385,F001,A,37,normal,1783645355000,1783645355000,141,44,74,23,2,3,111824e73af128b2969b195fc41cc5f6c452c835ac5b1cc97be6a0c91838401f,1788993233435
6a504882000000001101f7b8,F001,A,38,normal,1783646338000,1783646339000,9,2,3,3,5,5,82b29580932f83844d7f974e2ec773a725c4aa3b2b580b78fe77d7fad18d9567,1788994270312
6a504a5f000000000702aa17,F001,A,39,normal,1783646815000,1783646815000,9,2,22,0,0,1,cc5fdadbce0a1ad2dc8ddc0feff3f8be2c1a885743b8e4cd0dfa9424535af806,1788994966872
6a504b7a000000001101a9d0,F001,A,40,normal,1783647098000,1783647099000,6,2,16,3,3,1,cab01646fa1e9d7b6408f44ebba2a79591b81212bfe64c1825c1d961b81c9847,1788995785736
6a504fac000000001603ed20,F001,A,41,normal,1783648172000,1783823900000,2,1,11,0,2,1,8fe3b3f68b520bb3a5fd0ee618ec30f6a10abf215c02b906210bfa963739b0e8,1788996544060
6a504fe50000000022016718,F001,A,42,normal,1783648229000,1783648229000,3,2,13,2,0,1,de32e7735184c3a7b18632351b9e157e78b35c82a909310a974204b32ead20e5,1788997301745
6a50501a0000000011014cf9,F001,A,43,normal,1783648282000,1784434074000,9,6,18,1,8,4,ad0eb9f3e28d237e8ed6eed4000ce421ea443bad059b6518f230ccd78ea8145c,1788999828246
6a50515f0000000015025216,F001,A,44,normal,1783648607000,1783661008000,14,8,2,1,6,6,e34520e813a79d49109f6fe256f9dc329da93db41bef7c963eaa8a274879a03e,1789000555107
6a5053de000000001603c4fd,F001,A,45,video,1783649246000,1783649246000,46,25,0,6,3,1,0ebbf298259d686f618f3b8caa43d4ce2245224746b30a64a30a59855dc2c60b,1789001250697
6a50543b0000000017028b56,F001,A,46,normal,1783649339000,1783649340000,695,364,280,45,1,1,9d5a1487d2a7be3ed4e7c7622990ad3c25b747bdde02d71342149e72e4a09a2e,1789001946622
6a5056ca000000001102df20,F001,A,47,normal,1783649994000,1783649995000,0,0,1,0,4,2,50ab0c8d7909804d38411c013af94a5a232bd32b50f951c7b6f15a49449549d9,1789003913317
6a505912000000000f02ad0b,F001,A,48,normal,1783650578000,1783650579000,53,23,69,12,4,3,2217aee6c93f53d7f50c302a23bf4dd265ab49b8fb9a16067dc0ac7d61bddad4,1789004608045
6a505ae50000000008033071,F001,A,49,normal,1783651045000,1783651045000,108,129,30,36,4,1,71c2c50f3c79bff55e85192b991283c0fea2a5e9aaded22a4810f289853cd2ea,1789007448443
6a505b55000000001700a845,F001,A,50,normal,1783651157000,1783651646000,79,11,78,17,4,14,428b614e0f1a0f56e1d2c8a9c6e2353382f7f9caf9ce6b4b86636fe16ae496c6,1789008302873
6a505d870000000008033994,F001,A,51,normal,1783651719000,1783651719000,5,1,11,2,0,3,bce2015c5e08c2f13e2f503f2c45bd970f6fbadcc40ee3da05c251b17a6af276,1789009517663
6a505e1f0000000007023930,F001,A,52,normal,1783651871000,1783651871000,457,375,116,113,10,9,3f1536eb75f2b63773f9096c5116d643082a70b4dc9584869d85bb0f7fd72829,1789010244556
6a50608e000000001603d7f6,F001,A,53,normal,1783656122000,1783653665000,2,0,0,0,10,3,27cc809396be416789210b9b13a4631121673c43675271847c48ab5dff346b57,1789011538475
6a50609b000000000803e2ce,F001,A,54,normal,1783652507000,1783653593000,0,0,0,0,0,6,f14d82f4fdefb3e9bd1f98d29f079351c1becd79fb36321f3a7b3b5b41565528,1789012235158
6a506507000000002201a648,F001,A,55,normal,1783653639000,1784646456000,2,1,1,0,4,1,8ca9cae86cd0ab982e5412f6b313e0e1260eb2f5c1ac1dffd1111847dc21b30d,1789014732084
6a506aa9000000001503e32f,F001,A,56,normal,1783655081000,1783655082000,7,5,14,2,4,1,73ec196d20cb071976719143fd04686eff45880c699ac4d4dfe214e65f7a88a3,1789015429565
6a506e84000000000f01584a,F001,A,57,normal,1783656068000,1783656069000,129,66,28,35,3,1,1d84ec3d7611a4986384888aa689ce6f2aa855c10e74fc8e829c2d0930e0a363,1789016190353
6a5071bb000000002003b040,F001,A,58,video,1783656891000,1783656932000,15,3,9,3,6,1,3dfaba9444c5e4426d029dd9fd614c35b6dfd87b709ade464e1d56483fa3ebba,1789017014631
6a5074260000000007013ba3,F001,A,59,normal,1783657510000,1783681239000,15,5,45,2,2,2,59ea13c4f325c335d17846796abe3ef6e28e56e95dd5ded5b3fabd93cf02d654,1789017711808
6a50782a000000000f01e0e6,F001,A,60,video,1783658538000,1783658538000,113,96,10,20,6,1,5cb9b18bb69d1bd7b5fda405b017f5a2dae35999b2d19d3984bc29dc72348382,1789018598900
6a507aa2000000000f014373,F001,A,61,normal,1783659170000,1783659359000,468,394,1,78,8,2,9892b52f89e573d5347f3eb65f92e856e904fcc46a4ace3b480ca7478b396332,1789021129362
6a50847f0000000008026005,F001,A,62,normal,1783661695000,1783661695000,21,10,0,12,0,1,97c1d9023e724104b93df4a6e1d60e4b43fd5cbe29be1055720872ca5db3da4a,1789021827754
6a5084fa000000000f0042ec,F001,A,63,normal,1783661818000,1783661818000,2,1,14,0,3,2,c5a409f332a0eae710a5f7261ecd4e48e191494041bcfd06661b22f679fc06f3,1789022525475
6a50865f0000000022015e0b,F001,A,64,normal,1783662175000,1783662176000,1,0,15,0,0,1,d313ea3b3d555504e17aa87e125f77941cfdcbb567a83aa9083dd7dfc6544033,1789023288758
6a5086e1000000000f029872,F001,A,65,normal,1783662305000,1783662305000,569,129,216,1442,4,1,3d34a0e3355e8b6145588e3fb8e668a2d08c483969368059a21870410a01b4a9,1789024063025
6a508a3400000000080272c5,F001,A,66,normal,1783663157000,1783663157000,2,1,0,0,10,8,8a249d9f60ca9ed7e94ef285a7803f5e56a2c50e2743c93dacf05235cbda8990,1789057699122
6a50938900000000220091d4,F001,A,67,normal,1783665546000,1783665546000,0,1,3,1,4,5,07cc8e39c7fbad48a8524745eb22a092fabe4288d7d71d2bf8e6f7544c49ef64,1789060194096
6a5094210000000016025fb4,F001,A,68,normal,1783665697000,1783665698000,54,6,10,16,2,1,7e41f52375f70439328ffabc106a0cc497c89d21d42d6d83626b26e80b46a62d,1789060888859
6a509b1000000000150263e0,F001,A,69,video,1783667472000,1783667473000,47,71,3,9,0,1,023e8707959cff8af480240d21ba163ebcffdcb04b805fa3f2ba72c68d6e711b,1789061613911
6a50a3e00000000022019b71,F001,A,70,normal,1783669728000,1783669728000,3,0,6,0,3,1,8b2dc08965357b310894efcc910456f8a7bc2b72b118711c4f5b8877633daa49,1789062308348
6a50a50a000000001c025f21,F001,A,71,normal,1783670026000,1783670164000,3222,170,384,1818,7,1,18539f2a0caa3c78d5e2086934f9470b30ebe1404d721805e7d7e16772dffce0,1789063033437
6a50a7b5000000002201ab6a,F001,A,72,video,1783670710000,1783908415000,424,556,20,95,5,1,fc276496f41acb47bcc97edde113eba459dc3de235566efa21556803abc7ae6f,1789065534272
6a50a7fe0000000022015877,F001,A,73,normal,1783670783000,1783687634000,4,3,24,1,0,1,3086e9beaa57cdd6e24ca2798cb235e1cf74d0c8c9856d7889f1b2db0674d8ef,1789068120667
6a50a87c000000001c02779a,F001,A,74,normal,1783670908000,1783671470000,3,0,0,1,0,1,abb646fb3cd827da42e360484e904e555505fbda3d54732d4d1bf6aff24e35f1,1789068907473
6a50a8e1000000000f01e38e,F001,A,75,normal,1783671009000,1783671010000,343,417,36,67,4,5,e81a8228e26132131fb9690f9f2b9af7fd79e9ae7290b866134a2b1c0ce98431,1789069601690
6a50a8f9000000002103f83b,F001,A,76,normal,1783671033000,1783671198000,199,81,56,8,3,1,a2f06f3bafbca6541cf9a02edd3b12e71527255162683a4f1ad61a2b5d324a2b,1789070480594
6a50aced0000000006032d98,F001,A,77,normal,1783672045000,1783672046000,3,0,10,0,0,1,628f13e0987151558202d35b9f9ff678644b7a6beca92bbbf3b99c3c8d237a6a,1789071450541
6a50b423000000001c024cc7,F001,A,78,video,1783673891000,1783673892000,2,0,0,0,4,1,94c0d1a5254aace734036304c80053ea473d67f3f0a02eacb8ad6879524e59f2,1789072207013
6a50b4300000000021015e2c,F001,A,79,normal,1783673904000,1783673905000,39,62,1,10,14,7,2eaa1f9e884752447602121c73c499d03b251adc959e1c32a3ece1d3782c0e29,1789074701276
6a50b6cf0000000015026cda,F001,A,80,normal,1783674575000,1783674576000,48,16,32,13,6,1,51e668d7aeaf0c8de665e1861af32de1255f3959f0b5d6363acebdd029a06fa8,1789075395036
6a50b848000000000702a87c,F001,A,81,video,1783674952000,1783674952000,10,9,0,0,9,1,b295b7df05ccebcf534c1d477c1a15c9f048b7e2c5140987fc8864b74e6b6476,1789076181691
6a50b98f00000000070268db,F001,A,82,normal,1783675280000,1783675280000,16,3,30,3,0,1,ff51689fc9b9fb23197ed481e1145c3da8edb4eeed1772569b166a357cd73ddb,1789076876248
6a50bc34000000001c024a7f,F001,A,83,normal,1783675956000,1783675956000,12,11,32,5,4,2,8bb3b1e84dbf10d672b6a9ffb37ba800fea6711ebdf77d844ae96f51a544c74e,1789077754310
6a50be76000000000603618a,F001,A,84,video,1783676534000,1783676535000,152,114,10,57,4,1,10726280c69b37255b9ff658a5a4c3800e6a55228a9221d5b3e0f63ff1d333d4,1789078601149
6a50c291000000001c027bf4,F001,A,85,normal,1783677585000,1783677586000,8,4,16,4,8,1,af94481393a309457568beabbcbff8940035639357de3ccb9ec6a117bb41f6ea,1789081097348
6a50c330000000002100af4f,F001,A,86,normal,1783677744000,1785984767000,632,847,217,117,8,5,20fc2ee3688663565b528914cc8371fa4c1f0b792a8c6f6ac4be0122c6227a11,1789081853748
6a50c3af000000001101057a,F001,A,87,normal,1783677871000,1783677871000,0,0,0,0,3,1,801ddfa5e59392a194aa0db90a5081c1b98029092dd0f511bce65570f46b3258,1789082976832
6a50d230000000000f017212,F001,A,88,normal,1783681585000,1783681585000,27,9,27,15,7,1,4f000456f9d20719c256bf44f7f09abed90bacdd0c867dabb2b770910392f322,1789083671323
6a50d647000000001503f849,F001,A,89,normal,1783682631000,1783682867000,0,0,4,0,0,1,7a9ccac011eeec671aecb97b0f6a0540c4d9f3b4705c3a5499d6a8831e85a744,1789084457697
6a50d811000000000702a211,F001,A,90,video,1783683089000,1783683113000,9,8,1,0,6,1,e53a36cf087c821347ee4bc4760c761c2a7029e4100d679ab250d0e1ad2cad73,1789085151522
6a50dc0e0000000016025d32,F001,A,91,video,1783684110000,1783684111000,634,391,9,122,5,1,7295955f5a7e9226d3547d38047e83637ce9415f4c64b1264c7359761aa4ad1d,1789087647160
6a50de75000000001c0274ec,F001,A,92,normal,1783684725000,1783684725000,9,17,2,3,8,6,aec125439851228247a2b65feb254662020bed0a6fd9b53d68f85daba159aa26,1789088342818
6a50e3310000000006033a80,F001,A,93,normal,1783685937000,1783685937000,7,4,38,2,3,1,a322f734caded050159da38f64bd074785593ba9df6eef2ec02f88fc3e1a1e6c,1789089037422
6a510580000000001603e494,F001,A,94,video,1783694720000,1783694721000,1911,840,196,416,5,1,4a1d30dd67979504fdbb6452832d21208d673a2b989ea20c139f613ef36d3405,1789089854067
6a51109d0000000016026318,F001,A,95,video,1783697565000,1783697566000,1756,2289,15,352,8,1,e342aa8668f7165f6b7cc348667b89e2693d4995ef0307296327d4e1a96df85d,1789091406663
6a51264e000000002103dc0c,F001,A,96,normal,1783703118000,1783703119000,767,748,61,230,5,1,6abab44230e8780bc0175439dfa111b1460d193f2751a7ad94b682134837725b,1789092131582
6a514cff0000000016027359,F001,A,97,normal,1783713023000,1783713024000,909,570,220,95,3,1,4caff233d70582d477f8266a4dd322a2624589c02d8061d03928ad63051c6bcb,1789094901051
6a518678000000002201748e,F001,A,98,normal,1783727736000,1783727736000,2,2,3,0,3,1,1508675045e5601b8814cdac351ab6ee7929fa7c7531dd84c17d53c9a67c6b81,1789096819379
6a5196bb0000000011018a0c,F001,A,99,normal,1783731899000,1784129106000,19,5,13,6,4,1,7a290ea319dceb63dd0266c2f4594af83492c5a8a34e861cb12062743d1a4c50,1789097513855
6a51a4e90000000015026404,F001,A,100,normal,1783735529000,1783735530000,58,26,180,17,9,1,b82aee504c9af837fb564f04e46af13c20ad586e352dffe93f6478e2342d6071,1789098269041
6a51be7a000000000f01706a,F001,A,101,normal,1783742074000,1783742075000,1,0,0,0,8,1,cc9234614bd231de5d6fe7c594d09b53e9db98bedfeb2f896a8293c31985a3d6,1789099944610
6a51c4e90000000008026093,F001,A,102,normal,1783743721000,1783745452000,2,0,7,0,1,3,3f2201e104ff8f5b57d8416519c6161e866e7fa34126f67adcc9d3167f5221a0,1789100638836
6a51cf1a000000000803191c,F001,A,103,video,1783746330000,1783746331000,1,0,0,0,10,1,af65bac947e3cf1239bee1ed02ef838be1c8dc9ea9ef304c7e4bcbb271a485db,1789103165015
6a51d94a0000000015025ab1,F001,A,104,normal,1783748938000,1783748938000,8,0,0,1,3,12,2aa05101e14ed982b34f10d0eb6063960ff393605dac45a46305bb485a5279cc,1789103859488
6a521569000000001702e410,F001,A,105,video,1783764329000,1783764330000,696,421,322,761,0,1,c855ab45998d4a84ca828632445f888467bda217a65f155b4a7a5b9871380509,1789104554209
6a523237000000000f004ba7,F001,A,106,video,1783771703000,1783771703000,202,90,17,27,0,1,3b226329a9ac933661e177ec3ffc1f66dcde4b6a69390c2e0c700e8fc286c575,1789106141547
6a52593c000000000702a840,F001,A,107,normal,1783781692000,1783781692000,262,278,12,103,10,2,8c523be5735340c0689917c840bd4c73d25e5203031c5a5237393ff8f3ec2a64,1789106866141
6a525b2f0000000007023c29,F001,A,108,normal,1783782191000,1783782191000,8,9,2,2,2,1,653c30a1fcbfced9d28f4bbc4f0f2935a34b89b5f670cd42aede687412180fae,1789107616869
6a525e0f000000001702ebf2,F001,A,109,normal,1783782927000,1783783174000,83,26,42,8,2,1,edc12ac093aef46835a1f10139c0c555c4ae5ef7e558409a9cc81fa6680bfcc5,1789110116939
6a526102000000000f0161c4,F001,A,110,video,1783783682000,1783783683000,49,35,4,3,9,1,b2522f23176c22b55e3f1c860e88c7e7f53d76793a2d7d5d0f43c753ce44b976,1789110997778
6a5340cf000000000f00793e,F001,A,111,normal,1783840975000,1783840975000,0,0,1,0,5,3,d88c89df210c30e37931c501e02f48e5002600924e2262e325f73a778bf60586,1789111693410
6a53488300000000110168c6,F001,A,112,normal,1783842947000,1783842948000,29,6,44,10,5,1,695cdbb80a9ce378b2ecfdbeb58d96662cabe5f477e08eac5d1c10bfef6c48bc,1789112389212
6a53498a000000000c003000,F001,A,113,normal,1783843210000,1783843210000,268,71,158,249,3,4,1791a1cab164ccf0d22d5a75b75491758150c56f412f4ccaad00f9d75d750bc7,1789113299065
6a534f620000000011014291,F001,A,114,normal,1783844706000,1783844707000,10,10,3,1,0,3,e9fa61846a4d3db345d0e9c350f4da4375b62c4509ee23f4e2242fc799bc1945,1789114738567
6a53583300000000070294db,F001,A,115,video,1783846963000,1783852285000,28,15,3,5,6,1,545bd2eed0b1d94be350ccee74dc05c9129a78b85ffa632be95b8a203ee83c25,1789117233371
6a5359470000000011007d62,F001,A,116,normal,1783847239000,1786850238000,11,3,0,0,6,5,9e14cfebc042b5d6bbd4c5e015704440acf6b41298fc4e73e4c8ffa746b4c9ac,1789117929878
6a535b2e000000000f005d77,F001,A,117,normal,1783847726000,1783847727000,20,14,94,1,4,1,173be46487b4d3ff100d8eea5099237898c651cb3b058e821638968cbc6d28be,1789118623833
6a5374a4000000000702b4f2,F001,A,118,normal,1783900842000,1783854245000,48,30,9,5,7,10,391e8249a9fad00e58230ae3f38bde574777093e28bf44b102f772bcc845447f,1789119870486
6a5384030000000006031865,F001,A,119,normal,1783858179000,1783858180000,6,3,0,0,5,16,683b0aeb04bfcea02f3cc099a44f48af6f4498d534dea5b5e4c8094be15bd7ae,1789120595427
6a53984d000000001c026ee9,F001,A,120,normal,1783863373000,1783863373000,6,1,19,0,4,2,6fcbb3cf78c58e5ee3b05fb5196aa126386a24f21c9656e596a45d3b51b107d4,1789121290016
6a53990a000000000702c065,F001,A,121,normal,1783863562000,1783863562000,1284,83,141,442,4,1,d779e7744b4813bd22fec6cf09b7fc15aeed20ccf04e4ec245355aa5479918c0,1789123876848
6a53a277000000001c026fc0,F001,A,122,normal,1783865975000,1783865975000,1,0,4,0,4,2,73a2a29766f10106e834ea712b0ca06084f8d51f756a4f2d1602a833b4e9b143,1789125214025
6a53aea4000000001003f21c,F001,A,123,video,1783869092000,1783869092000,135,52,63,46,6,1,f6a6054c0278760f813eb99e412934b3144d67eb68210a46e13f9a88d1d8b8b3,1789125908643
6a53b0e5000000000702cef7,F001,A,124,video,1783869669000,1783869669000,2342,2519,104,545,10,1,6472c5bdf7dcdddc2b3b091dc23c107d941fb5c19a05cd9a3b42c9f001e4587d,1789126849155
6a541af400000000200399b7,F001,A,125,normal,1783896820000,1783896821000,1,1,4,0,1,1,dcc25b7b546d74b6eb502ac2ea1dab0c7a733e0cd1e9bdfb95bebeacd3aae7bc,1789128003306
6a542bbd000000001700aa4c,F001,A,126,normal,1783901117000,1783901118000,9,4,8,22,4,4,4c4dc85208b75c18a7038e7b454a21b50b41f2a448608d0985ce3aadbb1a9ac6,1789128698293
6a5453fb000000001101d86d,F001,A,127,normal,1783911419000,1783911864000,50,9,25,8,7,1,d5e50ebcf8d70b1e4e383bc21d300c8a9cae33b0505d83f15b2ad2f7871dcd7e,1789131193107
6a547117000000001101b110,F001,A,128,video,1783918871000,1783918871000,12,5,0,0,3,1,84e60066fcdcf351c900f18afeb21925435be4a148ab38d2fcd61ee29f47e8b8,1789131979192
6a547bd400000000110105d2,F001,A,129,video,1783921620000,1783921620000,22,21,0,4,7,1,ba5ee218bcc499b3bb80d09b09b27d53f5b063b48381f6a57f5b1eacaab326c1,1789132674025
6a547c850000000015027106,F001,A,130,video,1783921797000,1783921797000,99,24,56,462,1,1,de878b7c69c03836b2d1fb1b2b51f0e7ababa27b4e62b4db9b94c3a9614bc4dd,1789133368686
6a548a02000000002003b2b2,F001,A,131,normal,1783925250000,1783925250000,1,0,1,0,8,1,6795c429f7620de08bc7daba02cb1285d75daf743ea4e76bbcfb2ced20566c78,1789134277875
6a549a310000000011007375,F001,A,132,video,1783929393000,1783929393000,10,4,2,1,4,1,08ef697f1bc180fe4bbac615fcf5efade8ffaa33bc7ac935e4e4405575b53c41,1789134972552
6a54e116000000001702800c,F001,A,133,normal,1783947542000,1783947543000,16,5,13,2,5,1,4e33419966cf30bd12b9cc72a00992567bccb56be80afaac4acf1a43959534fa,1789137467011
6a54e39a0000000006023a65,F001,A,134,video,1783948186000,1784005535000,512,500,30,39,7,1,8ba650b3387d60582e10e469de7c792b62cc50f1ceec7b85f9004b2b36b24105,1789138224612
6a54f11e0000000007023dc1,F001,A,135,normal,1783951646000,1783951823000,4,0,10,0,3,1,2bb5f84cd66afa515a1beec15526a307d75610541c7063957d70df8aef3fa485,1789139074028
6a550282000000001503cf41,F001,A,136,normal,1783956098000,1783956099000,4,2,88,1,0,1,7a2a23db4d0b031dd8d9c843a87545624016e596281bf8c8b669371639f8d6c0,1789139832441
6a550306000000001503d1f6,F001,A,137,normal,1783956231000,1783956231000,73,15,24,8,2,3,dff466098b44b8235dfc03f114303ce33fae94c138440cd3466e01ee1e6cbecd,1789140834221
6a557a74000000001503ca09,F001,A,138,normal,1783986804000,1783986974000,665,367,115,29,3,1,61a3c70617073e65b06471ad4e392d4409b6ba3d79bee99a4a9960377390bcd1,1789141622679
6a559bef0000000011005798,F001,A,139,normal,1783995375000,1784001989000,827,769,151,249,4,2,0d7b07bc028ac4fd7f99ef0823599e7ceefe9a8e35a10305ae214569a56e7694,1789144793692
6a55cfb60000000011014010,F001,A,140,normal,1784008630000,1784008630000,2,0,0,0,3,1,8c18a623f910ba6100034b1ee3b5d860e51d9e4b6c66c9b580cd9767c9243e6e,1789146323101
6a55de7a000000002003a012,F001,A,141,normal,1784012410000,1784012410000,21,14,57,1,4,1,34666cc4b933c97c3392b27e7d1457151d7192fcca91004697fca4a046a10b9e,1789147018808
6a55e22c0000000007020251,F001,A,142,normal,1784013356000,1784013357000,22,3,1,4,4,1,36ba3d10ea57fbd0c69bf175599e51c50e2ad575cd308a381db61d3b1534ddff,1789148019227
6a55e4a8000000000f004211,F001,A,143,normal,1784013992000,1784013993000,16,4,28,2,0,1,112288fb1cea00f002793e5b2adc8e69fa59e8dd976cbb62927a0a059f94f393,1789148713630
6a55f3680000000007020160,F001,A,144,video,1784030343000,1784017769000,0,0,0,0,9,1,d191d4b0bb7e04ad886e3b738009396cf949a98a2d9f3829d5953aca7b77988e,1789149561703
6a5603e5000000000701394f,F001,A,145,normal,1784021989000,1784021989000,5,1,25,0,3,1,a5a9c60bac7f7d478217222428775c93cfd377dd7f5668afd119d4d6fa0cf4a7,1789152056067
6a56384a0000000006031acd,F001,A,146,normal,1784035402000,1784035403000,37,31,114,24,0,1,4dbf433ea41b68d36bc8d8d5b39bfee1b0e0b24420adcdcd1bf0c15ac383318f,1789152904023
6a572a56000000002101bff0,F001,A,147,video,1784097366000,1784097366000,35,39,17,0,10,1,85ba9fc3ff3d01c3a94a03c4f46c004fe380a98ac65e2d14ba31f8fb35ce3bd9,1789154148828
6a5742b40000000017028cc6,F001,A,148,normal,1784103604000,1784103605000,64,15,49,13,2,1,b16b10ee227264b8a3a1b8b7d735a37f5cede143801f88c1084b971821a116d6,1789154873534
6a57725400000000110177f6,F001,A,149,video,1784115796000,1784115797000,290,159,18,39,5,1,f4b31b052ba2e25c40f4411170ceecebfd1cf32ad96c600e2423bc4fba1d075b,1789155752539
6a579021000000000c003001,F001,A,150,normal,1784123425000,1784134192000,91,117,14,29,9,8,c7b5d2ca576985d0c6cdad874afece37486abff5377971bec86ea33d7523b2e3,1789156508661
6a5833e30000000001001a10,F001,A,151,video,1784165347000,1784165348000,3,9,23,3,5,1,af9608bcc7b0625e95fbf3a916c98de9bacce31831cd83fbacecef2c151b0cdc,1789159033553
6a584b76000000000100e96c,F001,A,152,normal,1784171382000,1784682331000,17,6,1,6,0,6,b364734b763c873b21d88040a1a6b86c0d7ed27ef34edd9fa5c55e430ebfa3e4,1789159789621
6a588dab000000001002638b,F001,A,153,normal,1784188331000,1784188332000,106,16,18,29,4,1,169e41b345b9b6583043e1972bec7fcb4472e9be00f34f9aa4e264f34d54ce51,1789160484208
6a5895b8000000000402a2c5,F001,A,154,normal,1784190392000,1784190393000,11,2,8,5,3,2,87ca98a35ef63181d8fb742e1b339777a963131506da0104dc91c2dabb040f6c,1789161270667
6a58acb7000000000301ced2,F001,A,155,normal,1784196279000,1784196280000,19,2,26,1,3,1,1a7cad4678820ac624c461577703594253eb0d66fec7e74b996d5600ba445e42,1789161995466
6a58bb5b000000001003d251,F001,A,156,normal,1784200027000,1784218434000,18,6,5,6,4,7,b05c034f9cd4d4ebc81d0bbe1f34253fa03d1dc4204a4e72d474e3a22f30da42,1789162842377
6a58e2dd00000000140047f6,F001,A,157,video,1784210141000,1784210141000,18,20,0,5,5,1,92da8eea5f5aee8627772491268d8d76c7cbd023c74283330b0c97c2cd53b27a,1789165367924
6a5967aa000000000401ccc2,F001,A,158,video,1784289004000,1784244138000,17,16,0,2,8,1,b2a46c866c566609fc389b832fa67432427abb7dec5feea6119687740775e942,1789166061876
6a59df5d000000001003fb2a,F001,A,159,normal,1784274781000,1784286856000,450,163,131,420,3,1,a1ae4c004593f9676140daa26c7f7bb3a5382d63e23dad34232e74dbe77cceb6,1789166755660
6a5a1c91000000001303d9c5,F001,A,160,video,1784290449000,1784309469000,13,11,1,1,10,1,651baad86b57aeb885ac1987773aa04ac25aab116737eb79d9a79672da4aa75f,1789168032193
6a5a332f000000000503948a,F001,A,161,normal,1784296239000,1784296240000,5,2,31,0,0,1,851014c7b8dd759fdc4dae4484fc669cb33fb5f30ec8545d27098f84e7d2e8a5,1789168726470
6a5a3a32000000001d00d86e,F001,A,162,normal,1784298034000,1784298035000,56,15,186,3,4,1,6c9cf5c150b55888f4a895c1e13a0ccd7d302eb79a40e807c8a74864d8d6423c,1789169512781
6a5c35dd000000000e0348b9,F001,A,163,normal,1784427997000,1784427997000,0,1,7,0,4,1,76677c485e7ce61c8a404d92362546fad6896ff328d0fcd33dbe22a048bbec72,1789172526771
6a5cdc61000000000f00a230,F001,A,164,normal,1784470625000,1784470625000,105,75,44,25,3,1,420d764a881a9f16678a8a1a1348d104a3cb5d85cf728d3a3da0efa11c0946f4,1789173251503
6a5e0e17000000000402908d,F001,A,167,video,1784548887000,1784548888000,777,212,288,1614,7,1,2a98679408c5719ae6d569ae4df676596db35d64a861d6f121cee84a3de49f27,1789181052978
6a5e60f60000000011013196,F001,A,168,normal,1784570102000,1784570103000,33,22,55,16,5,2,75eb386f59d40917bdb8bd1ef12968addff88c116ff39e41fc425a97fa0b7592,1789183002034
6a5ecccf000000000401df70,F001,A,169,normal,1784597711000,1784597728000,50,15,24,22,5,1,a19cb43d9c851c82165056200030e558ec38fe81fb818654e3779842cf20ac68,1789185802212
6a5f298a000000000a038e33,F001,A,170,normal,1784621450000,1784622301000,64,8,26,1,4,6,6e0675fb4ae4e300a0c6135fe6ae0c23376ceef139e34c01bc4de5dd2e708d21,1789186558026
6a5f376f00000000040292e8,F001,A,171,normal,1784625007000,1784625008000,404,179,122,13,2,1,950bb4363d9b3a14d532dc526fc9d6c2b8d03ff2ccfe0e72c5c1bcd91bdca2cd,1789187344247
6a5f7cef0000000001031d92,F001,A,172,video,1784642799000,1784656187000,953,1080,72,321,7,1,71eba533eca0a773a96f9fa291dd8439ed41a9e8d8c95d1463d4bd6282a721db,1789188772553
6a5f8299000000001f01cb11,F001,A,173,normal,1784691023000,1784644249000,0,0,0,0,5,1,d0887aee7d092056604275ec58e033a7f928486a850a9d503925b694741acd8a,1789189681951
6a6027d7000000000e036566,F001,A,174,normal,1784686551000,1784686552000,9,1,22,0,0,2,cc948a971fc9eeec32e8534aad326a56e457533cdfa0724f927f570e0866e836,1789190376401
6a60736d000000000f009821,F001,A,175,normal,1784705901000,1784705902000,13,16,1,1,10,8,83bfea948e58d05b76c462f5cf285a18041a53eb355cbd6f67dacad1bab1c964,1789192963858
6a60a6bf000000000f013c6e,F001,A,176,normal,1784719039000,1784719167000,1819,2883,105,345,4,1,3ed3df5eaeff18f0dcf8735edccfd62b0b807f9f8af1373497f65b6205ab0c56,1789193658261
6a60d9b30000000009034b26,F001,A,177,normal,1784732083000,1784732084000,20,6,50,8,0,6,921c350add7c654e88a5ed1182c4cdd4d352b7ab63e66dc6b2f976d689395299,1789194875789
6a617645000000000e034cde,F001,A,178,normal,1784772165000,1784772166000,1,0,6,0,1,1,1ef4fd2cc40d9936030fa07e92dc5eff1844c40044e67317c48e45b34030c508,1789195845686
6a61a5bc000000000100e526,F001,A,179,normal,1784784316000,1784784317000,0,0,0,0,8,1,68d85be65bbf008a001f07350bd2bd59c322af5c9971bd33f7b96a0e0846d96b,1789196570846
6a61a6d0000000001102da42,F001,A,180,video,1784784593000,1784784593000,3,0,0,0,3,1,f5d7ea63130fa5316a91d4a92034f58593b64769c1e48a825f1239b85a3b0773,1789197265629
6a61e3a9000000001303d06f,F001,A,181,normal,1784800169000,1784800170000,423,338,17,42,8,7,2979becbc04fa088bb4b852d7ab805eb03f537979d11fb9ffc6ab45c3fd9bf75,1789199759919
6a620f04000000001101e0de,F001,A,182,normal,1784811268000,1784811268000,156,37,58,117,0,1,d52f71315757220366eaf63eef66321504247dbd3916173758dd33bb98b0a383,1789200546378
6a6423a00000000001033f54,F001,A,184,normal,1784947616000,1784947617000,12,9,65,3,3,1,83358f86bcab5bfecdf2e6bc987c1e1a66868e92657453f0e040c603c02f295b,1789209313875
6a6459e30000000011004246,F001,A,185,normal,1784961507000,1784961508000,378,101,146,17,2,1,0ea8cea99a95e38db78eec8f356e07120be1081725c5add6c7e6d23f61a53bd9,1789209914010
6a646546000000000f01cfb1,F001,A,186,normal,1784964422000,1786591271000,59,9,29,6,5,4,b9ea05f7e4ab243daaa92420ebae7d0be7bbf98665bf92f18caaeca33dc592a5,1789210891757
6a646dfc000000000100029c,F001,A,187,video,1784975583000,1784966652000,10,4,3,1,10,1,49df7d8f1550124c71443d45843079cb30f41047dee437a7808be141f39bbba0,1789213279576
6a64c35c000000000c017d1a,F001,A,188,normal,1784988508000,1784988508000,13,0,3,2,2,1,e3854ca594325e9514eb69de5e02cd9e7afbc153422fc604262425823b11afe7,1789213763500
6a6577d0000000000100f54b,F001,A,189,normal,1785034704000,1785034705000,2,0,42,1,0,1,1fff6e3d50eccc7e645150e8331e2523ec6b661b9abd9b8b9821a9cc2d08989c,1789214268164
6a68ba8a000000001b01eb8c,F001,A,190,normal,1785248394000,1785248395000,7,0,1,0,4,1,396cc544c729e78afeb5508d02d40a17a72a36ab2bb656e1de2c84e927f08492,1789214876601
6a6980fa000000001d02033f,F001,A,191,normal,1785299194000,1787630794000,294,64,206,655,4,5,2d523c8167b7226f71713570463312462371d74cb9dcfab20620cdb6e72d2bfc,1789215360613
6a69aa4b000000000301f56a,F001,A,192,normal,1785309772000,1785309772000,966,646,174,690,4,1,19b49981a8db448b5f8745c74fb6e0c6dd3a1d5a6eec3b40b12f065d63202c53,1789216566597
6a6aab60000000001d022fb9,F001,A,193,normal,1785375584000,1785375584000,43,4,32,2,1,2,8ad7ee5ea3748b3a3c79039a925cfebbf2aa39847a5c3cc162b8b06335e5c099,1789219387199
6a6aee21000000000c014880,F001,A,194,normal,1785392673000,1785392674000,4,0,4,8,3,1,4af3e6213fac710724066ca0e8293a75ac7f6deb3ccac8cbeee018f5151b2a92,1789219954834
6a6af9b3000000001303f0b3,F001,A,195,normal,1785395635000,1785395635000,96,41,101,21,5,2,110754180bffa084a043bf91e55cc17e3b8ae48b5caf102c04035743b6741198,1789220439431
6a6b27ef000000002403f5c8,F001,A,196,normal,1785407471000,1785407471000,9,1,6,0,4,2,f50a64cfee5466c4a00eaeddfb249d62c5933eefd56bb4ccf78c35ab0b2245e4,1789221275898
6a6b63550000000021021e60,F001,A,197,video,1785422677000,1785422677000,1,0,0,0,9,1,2eb3651fcda5727408b89f69e989295f3c35b8b8b8f69e149d80881affa3e93d,1789221781139
6a6b749a000000002402dedc,F001,A,198,normal,1785427098000,1786021770000,210,45,71,9,2,3,1a80ca188354b8b572386820e845779a8a7173a2318ea3d4b1a4c614abdf5a11,1789222265855
6a6b7f180000000035016250,F001,A,199,normal,1785429784000,1785429785000,3,0,7,0,0,1,efd51a1ac7175f1e50e295f93aa10be437dcc324c9a6ea7ba34dff05ee1b54f2,1789224819569
6a6bfcf20000000033034d33,F001,A,200,normal,1785462002000,1785462003000,6078,4292,548,112,1,1,70566021c9b18453448d88ce86ffef6bc539b5c991044fce2154f42119ce6a9d,1789225303467
6a6c63b500000000330377d9,F001,A,201,normal,1785488309000,1785488309000,4,3,33,0,2,1,91e5b4e6a10e0540238707afd0c23d270b12c76693f2cb0a6628376af5de7bab,1789227898541
6a6cbafa000000002500072b,F001,A,202,normal,1785510650000,1785510767000,11,1,4,0,3,1,def60293777ee70e2dcdb32eb0a06d8dffbe99b47d2cf044cdf080dd3e593352,1789228507396
6a6cc1640000000005031aa6,F001,A,203,normal,1785512292000,1785512293000,42,15,47,6,4,1,7b93ead23a752e41f653e28702d5263f8ef7bb66c0f1f16bce53fed8f9d9b58d,1789228991600
6a6d50990000000022011175,F001,A,204,normal,1785548953000,1785548953000,1,0,4,0,0,1,35ac445751e5a3a6002df7f73ff0e9e6fd1e77bbfa00a7fe7f8feb70d9e58ff6,1789229600517
6a6d7a6d0000000024025c62,F001,A,205,normal,1785559661000,1785559661000,2,1,1,0,10,3,41600e94b694a156e032d0d965427f9a4060d508985b0765faf2a5b289f0e334,1789231885712
6a6d82f800000000330338cc,F001,A,206,normal,1785561848000,1785561848000,2,1,52,0,0,1,476036aa8ca3548f57a9a05a7dedc9b60425fabf32097418737f09e63d377374,1789232370334
6a6f56f200000000350150fb,F001,A,207,normal,1785681650000,1785714741000,6,3,12,0,9,3,32a3a62fbc166363e61191a492e1aefe16247ad4cb06e21fb3525c332f954c9c,1789232959282
6a6fcf81000000002500d134,F001,A,208,normal,1785712513000,1785712513000,10,1,10,0,3,1,b2e14cf02bcadbb72d4334a56b9bb2c3ac4b0052a0af12649fdc78d83b6e0430,1789233465567
6a70a08e000000002403e78d,F001,A,209,normal,1785766030000,1785848478000,3,5,5,1,3,1,d860e9d3232b19a95e4c69ca922fa2c651359dfe278007eb951c13d54c387cb2,1789233971125
6a70e36c000000000c003000,F001,A,210,normal,1785783148000,1785783148000,8,1,3,2,2,1,dada0194c4a622e46e1b9069ca0a5038507df25e120ded8b1c680460c6bcd34d,1789234456346
6a7153e10000000028032a1b,F001,A,211,normal,1785811937000,1785811938000,776,596,19,69,10,2,9d9eef62b650f1287b5100ecd0f509fc8c82bf404f7dc494054d2a399dd7670d,1789236741322
6a718ffe0000000024027933,F001,A,212,video,1785827326000,1785827327000,616,799,40,122,6,1,ebb1f641d9ddde32fdfbdf579b63ea32d08306997d4dcae80340dd2a10452c0d,1789237307734
6a71b4010000000022014dc8,F001,A,213,normal,1785836545000,1785836546000,1180,606,295,308,3,1,81996f2e6f151dd7e1a349f133809fbbec6c53237ab895f2c4121e4216c691cf,1789237915093
6a71c4050000000005033bb8,F001,A,214,normal,1785840645000,1785992192000,36,33,32,11,9,1,63880250a63b155e6854c2f9f7a1cc16f38efa098caa74b879ef402e05af1df8,1789239413197
6a71cc2d0000000022010096,F001,A,215,normal,1785842733000,1787210662000,0,0,0,0,10,2,d5442bc8215565a00576be5f6b175ec6aa2fdd8c86ff23278030f4cabeade38e,1789239980058
6a71d2440000000025014349,F001,A,216,normal,1785844292000,1785844293000,9,8,0,12,10,1,7527cc6f6a05b0ae6884b1ac67d9b7ddf38ac2418319f66636f179c953bdfe3f,1789240464740
6a72e0370000000005028a21,F001,A,217,normal,1785913399000,1785913702000,1724,1351,234,624,10,1,b88dbf2a7487f6116c88959c90cab7f7161d6f6e8d272cc15c1297379ce9e192,1789242749652
6a7349480000000021021604,F001,A,218,video,1785940296000,1786111547000,0,125,83,160,2,1,ff4acc4f1debda67c1ef18247fe21ef623bdb3a7bb77285fc2f1057789923afa,1789243851785
6a74348600000000050319c9,F001,A,219,normal,1786000518000,1786000519000,10,8,14,3,10,12,427d95e7edd0c1dab6b0e6a62cc4030f30e2a452f70f6dbeb33be3c45fcafae0,1789244439239
6a747d700000000021020fb5,F001,A,220,normal,1786019184000,1786179127000,0,1,2,0,10,1,47503fbcdab809489c8d7d7d6c27f21439ef7908280cf75bb47d1b41465ae83a,1789244923273
6a752b3300000000260371a8,F001,A,221,normal,1786063667000,1786063668000,14,6,0,3,9,6,060c8b5d222ba13aae0fc7674d46097b1d588322eb548ca0002f7d673557aab3,1789245407808
6a7538e20000000022015eb1,F001,A,222,normal,1786067170000,1786067171000,0,0,16,0,10,1,5018d8c8f97b08b283f9f84203f7825f4507af0a075bbcd5de114524b9c6f9ae,1789245892365
6a75390f00000000220326f5,F001,A,223,normal,1786067215000,1786067579000,76,22,7,53,3,1,8b876ce9b0c96bdcc3076bce7ee57361b6471dc721b7ac7f986b1e6188f280ff,1789248196898
6a754b9d0000000025013cd9,F001,A,224,normal,1786071965000,1786071965000,2532,3000,99,181,7,1,aeebda4990984dc56e80754ad54012f7683f996659ce4d246d43dc5f9d366588,1789248701453
6a757e9c000000002403d9c9,F001,A,225,normal,1786085020000,1786085020000,4,4,0,3,9,1,fde37fa5328a31fd1b1bd82d96e3dd29c7b24e1ca4c097d7fe82817c4f9aaf61,1789249515872
6a75c34f00000000080138d4,F001,A,226,normal,1786102607000,1787041989000,4,4,1,0,4,1,50cf599c82dd4eb77127ac5f1cc55beb4aca59ec7082c2de2013f2f7de932010,1789249999766
6a75dbaf000000002201482a,F001,A,227,normal,1786108847000,1786108848000,14,5,1,8,10,6,713e213eba5f070f91945ebf72cee127388fdd7e306c71770b306b8cf8f0ec4a,1789250484387
6a75f319000000002500c88f,F001,A,228,normal,1786114841000,1786114842000,7,6,0,7,7,2,04efcf08d6a2994323224831b31cc533788ded83d6d12c630979ea760137bfff,1789250969306
6a76389a00000000240264aa,F001,A,229,normal,1786152600000,1786515990000,270,45,117,363,5,3,9183ce15b6ad384f45809b9498bb04467348a78fe82fab442be264084d43cbd6,1789253253087
6a767b7e0000000027022790,F001,A,231,normal,1786149758000,1786149758000,24,8,2,11,3,6,72366320e630a0791e02f2631a689eaba138508fec141430bff681c5e7879002,1789254490214
6a76ea87000000002202f477,F001,A,232,video,1786178183000,1786178184000,3,3,1,4,6,1,637c1449bb9dc0cc9477d0fb59242f04182ba0a206907494fcdd80d255d2179b,1789254975847
6a783a9b00000000220165da,F001,A,233,normal,1786264219000,1786264220000,190,17,131,26,6,4,b97549c9870c2803c4505d4b26597bd7673b3d5b5bfb0c0519fa39066642ecbe,1789255460232
6a7912f2000000003400d749,F001,A,234,normal,1786319602000,1786319603000,1,0,5,0,0,7,4ac02dd4547572c1453c6025b201fb82e87c6c51eec1384a11bb2f746a3e1152,1789256355998
6a791c0e0000000025008301,F001,A,235,video,1786321934000,1786321935000,14,8,5,2,5,1,5cb491681faadce95aa8a6c2bb7a803ef8e5449a640dc953987abb07f60ec974,1789258640729
6a79278e0000000026036c8a,F001,A,236,normal,1786324878000,1786324879000,84,53,142,4,2,1,be5d73017f12cf136ebfcb4fe8d0b9f3e2ca692b63cfd7b59ab37eea9820d225,1789259145961
6a7935020000000025013796,F001,A,237,normal,1786328322000,1786328322000,48,66,30,7,10,15,0c4985d019a259c737e605fb961ad595c93f5003a9e776a1aad0a570bace58fb,1789260164733
6a794ab30000000022033eaa,F001,A,238,normal,1786333875000,1786333876000,26,2,1,2,9,1,b37e2dc8bb0987ebf42df581c76a784b1c0c425a79450964917376c60707d362,1789260669867
6a79667f00000000260345fd,F001,A,239,normal,1786340991000,1786340992000,15,7,4,10,10,6,24b138b5a67b94ee61c9f5ec0b558976833b7628ba5a87c3d6c18944d072cd67,1789261154808
6a79f585000000002403c4af,F001,A,240,normal,1786377605000,1786377605000,19,6,53,3,0,1,4976da7d3b173e0f67e743da5be28814efb5438798225dc51c16120f90731ab1,1789261659109
6a7a697b0000000021022086,F001,A,241,normal,1786407291000,1786407291000,17,8,34,5,4,2,4bc2be21113298b8cbc7ce88c8ffbf6ab8677facb19103d7f6ce6bc419714d20,1789264149418
6a7a6b8d000000002500a678,F001,A,242,normal,1786407821000,1786407821000,8,4,26,4,2,1,10e0bc610db5334d0d472199bc423eb97f9f99b2b24e5664ac21cf25d822c775,1789264716249
6a7b65cd0000000012028c9b,F001,A,244,normal,1786471886000,1786471886000,10,6,56,3,3,1,1418c0d74d2255fee09fd289d1d9c1ed15aea093d5b35659d7aacae9ebb7af5d,1789265685471
6a7bce210000000005020f42,F001,A,245,normal,1786498593000,1788167495000,38,31,134,10,9,3,10a356e1492c424813bebc75f84cd750b21a54449caca4494249df7818e081a6,1789266354918
6a7c27910000000002003c00,F001,A,246,normal,1786521489000,1786960487000,10,11,0,5,10,1,17661bffdcd432a1534a8f412ebc2a0b4b761559869199fd197caa6324c3f64b,1789267293855
6a7c2a0f000000002800371b,F001,A,247,normal,1786522127000,1787102315000,7,3,20,1,9,1,55272ff393c280f6595541325cda730c9e7a916ab7b694957eea6bb1b1ee4a65,1789269578932
6a7c4f3c0000000033012a58,F001,A,248,normal,1786531644000,1786531644000,3,3,4,2,4,4,8590676d76d471be3ba9d11940ce170130e8e85dcf4d7660587f288bb2d25321,1789270084654
6a7c6723000000002403fe53,F001,A,249,normal,1786537763000,1786544982000,93,18,43,6,5,1,6210712445fbf1b5973a58f7ce71dba5aca7991e81c8ac140fd3a414c2ccec4c,1789270569409
6a7d19790000000022017c00,F001,A,250,normal,1786583417000,1786583418000,62,41,112,5,7,1,07d1678b9a02044ceab892e95239a6d84e7acaf08e96edfca86302e4387dfd7d,1789271218155
6a7d81bf000000002402fddc,F001,A,252,normal,1786610111000,1786610111000,16,9,0,2,3,3,4eb2785e8f3f9ea7a0da0bd9748f04c9cda380f6e8d0573e38806a91c611bec2,1789272520057
6a7d84cb000000002701c751,F001,A,253,normal,1786610891000,1786610891000,45,6,87,13,0,1,24ba59f3ffa538c91aef5f8c052e90b9a6d181a047c1139f1b6c2395f326baf2,1789274804670
6a7de570000000002c0002e3,F001,A,254,normal,1786635632000,1786635633000,138,83,41,9,5,1,3ddeee9108847257b6c8231cc18c40401108e54778ee8ba15bce07ab7d5d5be6,1789275592702
6a7ed8c00000000008012b37,F001,A,255,normal,1786697920000,1786697920000,0,0,0,0,10,3,aae328f1346201bfc721fc6aeb52f1650bb517aaf8a4cec65542e677f660865f,1789276200744
6a7f37c0000000002500534d,F001,A,256,normal,1786722240000,1787893695000,197,75,177,2,3,1,10ac6d35695d43faa443ec1816a96dc775344d717a95b28a11684ce882406670,1789276684941
6a7fe064000000002c004b86,F001,A,257,normal,1786765412000,1786765412000,17,13,79,9,7,1,8cd390741652287e1fb080990e80f440d200ca1122146586b86ec5631e086f68,1789277788138
6a7fefd20000000025014cff,F001,A,258,normal,1786769362000,1789128554000,96,96,50,40,10,1,c2869fdc45ac090533ab1db7afc898edbefb3958ea3672d3ece634c02df35d54,1789278478892
6a80252700000000050288b5,F001,A,259,video,1786939321000,1786783015000,504,1017,7,240,9,1,549df9f5b3e6e7ee0adf7f8e8da7179cacf63aa3226d6731669966c5b5f5205d,1789280827320
6a8026d50000000032020359,F001,A,260,normal,1786783445000,1786783446000,239,123,117,22,0,1,13c8e91f464182be6b181995f389ec706691473658cd941c1eb05fbc4577dfa1,1789281312133
6a8029030000000006007c59,F001,A,261,normal,1786784003000,1786784004000,0,0,3,0,1,1,3a5875ad479be967b45f403c98715dd4ff9e0363fa011d53cb59d4c4b4cc7c7f,1789282188005
6a802d78000000002500a2cc,F001,A,262,normal,1786785144000,1786785145000,9,0,7,0,0,1,6a45ff421ea51e99acb79c73e0cf9204ca1fa80b2d534c97c3c805dc34de5251,1789282671953
6a80806f00000000330365b2,F001,A,263,normal,1786806383000,1786806383000,6,1,15,0,0,1,62d5165f79e7c90e18f436e85ce64ea09614c47598ad0b44aaf4cfeac6150d5a,1789283177771
6a80a7be000000003400f621,F001,A,264,normal,1786816446000,1786816447000,31,6,33,7,3,2,43fb050e6f648b0c04e64c69093f975950f9032d76fb46ba2a32ec1683f32bc5,1789283683052
6a8166500000000032033057,F001,A,265,normal,1786865232000,1786865232000,99,63,29,2,2,1,cd5fc68aeda05d72f2f0a53ad16ce0c99cbf443014516fc711bd8db4813b8109,1789286073012
6a8240af0000000029030b46,F001,A,266,normal,1786921135000,1786921186000,42,42,4,12,0,2,f998f00a7f3747eb60ef101c2834be5bd0c78637e9a2aa20c4392332551b196e,1789286681870
6a826b790000000032022705,F001,A,267,normal,1786932089000,1786932090000,627,1281,579,220,7,9,de4d4abe2af165b4dc68f4ab65bc31806ced04b6a201677bc2d18a0434da4b91,1789287167921
6a829e8900000000280041d6,F001,A,268,normal,1786945161000,1789025151000,49,37,16,24,10,1,25b08d5f3ec7248072a6e49b5d423155ec39a05054410ca762548c39c92335eb,1789288419379
6a82a2ae0000000005029e10,F001,A,269,normal,1786946222000,1786946222000,1,0,0,0,9,3,f98c0b13b2e89e210a37863e44f6a4ae7a04cff88bfbcdb42d5b3f2dfad34d54,1789288924933
6a82c16f0000000028008a20,F001,A,270,normal,1786954095000,1786954095000,37,30,45,8,10,7,403e8b1a999a40b4ccef8cf756d93fed037d77fe4dd3d8b2cc54bb7983d4d1b7,1789289409942
6a82ed4f000000003400f048,F001,A,271,normal,1786965327000,1788752628000,71,73,19,8,4,1,7b367d404b2024e5a61d51b1e62aa070b401dedaf3a126dab45dd43e3cdb2ffc,1789291756752
6a83c8a100000000280041bb,F001,A,272,normal,1787021473000,1787021473000,2,0,7,0,3,1,ce3a45dc996551255c4f1779ce42fb510e92be383f1d97c31fb5bf9033e3db34,1789292282720
6a83ed85000000000502bef4,F001,A,273,normal,1787030917000,1787030918000,0,0,2,0,2,1,4b0fa39f2e9b3e921f1d807dbbf65d3adfb593608a979cca1ef602f3b5461715,1789292767517
6a8418110000000005030206,F001,A,274,video,1787041809000,1787041810000,7,2,0,0,8,1,d1515dff01b27f93ef502137f47af4f3ac17f00008012978a8d591d107ab57bf,1789293251947
6a84231a00000000060047a0,F001,A,275,normal,1787044634000,1787044635000,16,7,44,0,1,1,ca10c3a4a3cd998a97a21b6a4082c16e36c4b7da8ed237f008703b937f0c0a41,1789293736036
6a843c7a0000000026035574,F001,A,276,normal,1787051130000,1787051131000,1,1,6,0,0,2,f3df03cb34d6b9359665bcdcc08f2fcf4dc73ee4bb9684e2937ebda6e5669d3e,1789294364978
6a851b06000000003300d4d9,F001,A,277,normal,1787108102000,1788180538000,1008,856,136,69,0,2,b6ad2317e356cf8938cf499cb8d214de60debbad6565dd2931a7157d297c5344,1789296649567
6a85349a000000003400eebe,F001,A,278,normal,1787114650000,1787114650000,89,18,57,9,5,3,fab91db6c15e09f16e4a3c23867e9a5e8811f91b5960bedcdd2d883a21719eea,1789297485729
6a8551810000000006004fe6,F001,A,279,normal,1787122049000,1788333540000,0,0,3,0,0,1,7b5e9009e968b7629c6540eff0b0484b1fe09bc89c65037bd0e300259272a114,1789298155745
6a86b96e000000001b03245b,F001,A,280,normal,1787214190000,1787214191000,49,20,101,25,2,1,3fad037f4e835b3274cf0d0097fc8deac43edc4c271a68871887f7852502d016,1789298640453
6a86ba30000000002b025ec5,F001,A,281,normal,1787214384000,1787214384000,83,26,210,110,0,1,ee9009eaf40eb914ffaaf1e8671f29039946b32672644813bcfed39ac2886012,1789308897707
6a86fa5d000000003300fbef,F001,A,282,normal,1787230813000,1787276388000,720,803,103,595,5,2,0895de78f47a751a31307bdef77fc636b04b06b463c060a0cf87737d4d26d305,1789309548341
6a871c180000000016019eb8,F001,A,283,normal,1787239448000,1787239449000,3942,867,389,1921,4,1,0fbfd5d36489e73b9052b32e4763aade88b5c4809546f9e2ea0199e286e9b961,1789312123353
6a87351900000000280208dd,F001,A,284,normal,1787245849000,1787245850000,18,5,31,11,2,11,2447eff4c504e190ef7b89ef92b8578905640590dff08ab087d5e501c36e0a0c,1789313824782
6a873dcd000000003a02cffe,F001,A,285,normal,1787248077000,1787248078000,2000,516,269,1116,8,1,ceed64c2c4ef0207b413c65f8b0a22c9bf0bc7adb6260c018af561eab5b35e95,1789314489737
6a87aca2000000002500011f,F001,A,286,normal,1787276450000,1787276672000,62,31,69,63,0,3,69a482e0b4a4a04536a79909085c986323d438eae15d9f41cade8f35ffad7ec4,1789315735716
6a87cbe10000000023003fc1,F001,A,287,normal,1787284449000,1787284450000,31,8,141,12,0,2,d35e4089762c67299216110fa8b1a1c163501d6017cbd0c5876b7b2726e338d5,1789316476328
6a87cc8600000000320337d3,F001,A,288,normal,1787620201000,1787284615000,3,0,2,0,6,8,465cf02693542d0b61610bae38222378c5b211df3ae4681ea96be583336daa5a,1789317538353
6a87d6940000000035022bbd,F001,A,289,normal,1787287188000,1787287188000,0,8752,429,2606,5,3,3dde90d652139b4ee4c41214c22032eae8baba30504c84da21a82deb469d7bdb,1789319823107
6a87ec7f0000000014024c61,F001,A,290,normal,1787292799000,1787292799000,94,119,100,17,10,11,f71327493e71e8eff00bf3890520aee9016d0060ee004954bb402157f28cb623,1789321648222
6a87f4220000000021009ebc,F001,A,291,normal,1787294754000,1787294754000,3,0,18,1,2,1,a2a87a2228698d689caa4eded1c77bd9b493fab0addaefe9fab0b81d92f91be7,1789322297989
6a87f7930000000023020d40,F001,A,292,normal,1787295635000,1787295635000,22,3,48,8,2,1,e262ebf16751ab378dab09dd86299c2e07d5f9f1a31796eed5389681a314cb6b,1789322823373
6a8809490000000016027221,F001,A,293,video,1787300169000,1787300169000,1,0,0,0,10,1,7059be7714b4560cff08460b6fd7160818bd01c6cab0baa64fcc7e3d27605cb6,1789323452191
6a881580000000001702934b,F001,A,294,normal,1787303296000,1787303323000,9,3,42,5,0,2,8f57bcd6ad5ef461d1a562cb1e6352b97fbe9efc5f678ca80e63a754929e7e54,1789323936466
6a8825b70000000024024d92,F001,A,295,normal,1787307447000,1787307447000,5,0,9,0,2,1,af9249b8fcc52236ccaa350acdaebe1662d200505c8f1087bf1a5c43ef4ab34e,1789326344115
6a8832f4000000000902cc87,F001,A,296,normal,1787310836000,1787310837000,4,0,8,0,3,1,85db1a4b58b7a30b73b06e6f69616163232e7164103151ac9c360efbb3c1a42a,1789326869891
6a884b90000000002802cc12,F001,A,297,normal,1787317137000,1787653522000,13,6,57,2,2,1,1b7b0cc0ef992ee390d04e91e89ec81c7a1f0341707f4dc8029cf972e0ade0d6,1789327375328
6a88656e0000000016022dd6,F001,A,298,normal,1787323758000,1787323759000,26,6,51,14,5,2,780bb6bb3744004cabb0188f51e47eb55a746ea44142ebd2bfa198d13a8f12f0,1789328065539
6a8904cd00000000220238dc,F001,A,299,normal,1787364557000,1787364557000,5034,954,1065,4696,6,1,2121c796e54347d75e6e44e4d8b9a2db66a1f72ce6c59a5ac29ded5f4af98651,1789328735221
6a8939ab0000000033011858,F001,A,300,normal,1787378091000,1787378092000,0,0,0,0,9,2,03b47d7e165485f65e6aaa933913d56d111d7c303c6a3522b9b026cec1f40e79,1789332396251
6a893f760000000029024f13,F001,A,301,normal,1787379574000,1787379575000,12,7,17,3,2,2,f403e7689f6bf2b0d9ad66a18cc74cc4316fa168a4e8c181915db60cc36c772b,1789334681096
6a8a4cdd00000000350273fb,F001,A,302,video,1787448541000,1787448541000,2,0,1,0,0,1,20ec4b00bd92ba3291daa75c95bf39d2d0c3255b59cad6ef3132c65a9959d8eb,1789335207343
6a8a6713000000003502432f,F001,A,303,normal,1787455251000,1787455252000,9,1,18,0,4,1,4891abec70cb51f0226e42aaa572cc11d291a5b3102c1f1c6520351ff8cfbd49,1789335691757
6a8a767400000000170022b6,F001,A,304,normal,1787459188000,1787459188000,105,61,199,33,1,1,e40b212acf487324d312a7a36ef99cfc4abce27b5202a8009a6c9b73a7eaaf53,1789336237890
6a8a82f0000000002202f85a,F001,A,305,normal,1787462384000,1787462385000,4,2,42,0,6,1,b694d39eeca354df88b75e45c929948cc40648640cb6dd78aa8f71143c96230e,1789337405363
6a8ab47d00000000350257f0,F001,A,306,normal,1787475069000,1787475069000,44,18,82,25,2,1,f83603e2aabaf24d2e60d1312fc33a66b006b1681ab017a229394697ceeede79,1789337971423
6a8bd053000000002b027763,F001,A,307,normal,1787547731000,1787547731000,13,3,10,8,1,5,0b8d8f014ebd71dd4f0a27e9d425c7843102b0868ca996786142e352edebd0a5,1789340545241
6a8c19de00000000280324b6,F001,A,308,normal,1787566558000,1787566668000,9,2,4,0,3,4,3d18dd3534c6f708380e85add72a13c94ff90e4c5f4aaf356cdc10b6ec53ea0d,1789341070223
6a8c2805000000003301891b,F001,A,309,normal,1787570181000,1787570181000,40,15,109,4,6,5,b26f0ab619aa3566ca15a9ca9efff5c568594413d79783284d243430c5196644,1789341554774
6a8cf0430000000026023c9d,F001,A,311,normal,1787621443000,1787621444000,1,0,3,1,0,1,f444456057ca05a5dd95044ccedcacdb3e14510f21fe1376b833a269a8b8b9b4,1789342894641
6a8cf6420000000021010d88,F001,A,312,normal,1787622978000,1787622979000,135,22,60,68,2,1,e0936ec6e7ca20d9c366d52cc4c24de8d6dbb4039e1ae9bcf483fe0e240d79db,1789343379309
6a8cf8570000000017008d0a,F001,A,313,normal,1787623511000,1787623511000,620,249,252,1027,8,3,f6d261929e7459a760855b867a3541428dc7b4c2f2a18f9986a78066ee36a97a,1789345849457
6a8cfb390000000024027def,F001,A,314,normal,1787624249000,1787624250000,1,0,5,16,10,2,6d1efac5ca8abb9f11517625b893007f7e83de7f842b9274a32fda53be3c0e87,1789347182000
6a8d75340000000004008aff,F001,A,315,normal,1787655476000,1787655477000,254,158,75,79,3,3,f776b3b9bca2f17ce2a0bbd9c1a740808a142144a93a310539cbe45c7def700c,1789347666350
6a8da460000000002003d7ac,F001,A,316,normal,1787667552000,1787667594000,2,0,6,0,5,1,fabcfbb2be1cb2e9d15882ca2609e5870c17775262351e7c548b3fc3873e8ade,1789348459161
6a8da5d2000000002903f746,F001,A,317,normal,1787667923000,1787667991000,201,74,129,39,3,1,bfa9dae88806db99a8ce4b32d5f4d54374590cb41f06bc320ef890fcedc8b8ca,1789348963764
6a8dc8430000000020030ca6,F001,A,318,normal,1787676739000,1787748768000,59,66,2,12,5,3,1351670304642bb442b354f08eb555290cbc35605aebd33208a5298d26da7b37,1789349798883
6a8e3edd00000000280070fe,F001,A,319,normal,1787707101000,1787707102000,22,5,15,7,1,2,ae1951a15670e316eb0a2cd0d6a8e96769031d5b0a2f78c0c8758a5edeb7b25e,1789352084151
6a8e44fa000000000302951e,F001,A,320,normal,1787708666000,1787708667000,1,0,0,0,7,1,d107b2bb31b08c2eb54dfe3bb223597b2d19b60e3fb4261c6da37c014a91cd7d,1789352610436
6a8e4e90000000002a03fe45,F001,A,322,normal,1787711120000,1787711892000,148,19,45,213,7,3,d8366c15b150d75ac161bc506891ca33cda73ff941b2b6cbc8cae50067b66a3d,1789353519352
6a8e59ee0000000025027e3c,F001,A,323,normal,1787714030000,1788256961000,26,6,60,18,0,1,e49e4f2f6cfd5f2a417440b20b3ac52b52c9962b97eb8551e7d028e492cf6305,1789354149920
6a8e63ee000000000b027805,F001,A,324,normal,1787716590000,1787716591000,1730,1597,291,418,2,1,3b11633fc4211f4e1a6e6cba5e9593afdc9e9a7e31d0d494f6641b20073bdde4,1789354881628
6a8e6da1000000000502babb,F001,A,325,normal,1787719073000,1787719074000,19,7,23,2,4,1,20e506b7620bf0c25abc7b89294b211f5caccb5130926084e7585437968f7078,1789358116770
6a8ea43c000000001e014125,F001,A,326,normal,1787733052000,1787733053000,2700,3122,243,301,2,1,75e4075d13f6b048d06b1dbf4d72fcd7b27c255125b31a5a5b1637f354525027,1789375759565
6a8eb846000000002501c49e,F001,A,327,normal,1787738182000,1787738183000,2,0,8,0,6,1,54629957f2c4bcfe3b80431cf7b2ecc79a71e1bd504cd68e82da279e756d1350,1789376474357
6a8ebdd00000000026034d2e,F001,A,328,normal,1787739600000,1787739600000,7,3,44,1,4,4,43e2659b02fb0d010bb88b84ee8b991ed2edc98879bb43d28bc8e82850e90d62,1789376959314
6a8fa348000000002a03a1e3,F001,A,330,normal,1787798344000,1787798345000,3,0,15,1,4,1,3daf95598e5f3e30833c7f00aa300d70b110da53a670064bdccefa9f9a58be78,1789378013628
6a8fdc1e0000000026000aca,F001,A,331,normal,1787812894000,1787812894000,604,306,235,11,7,3,126df8563bb8ecb0a521101829f87553336ed23650e0f91133166fd1fef83174,1789378731394
6a8fde370000000004029c96,F001,A,332,normal,1787813431000,1788790186000,332,167,66,19,6,8,7bd82a4f1c8002e805c9ccdefe46e7eb4d70dec78704d1b91146811da672f869,1789379710318
6a8feed60000000004008142,F001,A,333,normal,1787817686000,1787817687000,21,14,158,5,4,1,57440c089c30454321d2ca97b67f88c83d5503aa23abed8f4b79c44105899446,1789380463624
6a900e1e0000000020038766,F001,A,334,normal,1787825694000,1787825695000,6,1,18,0,9,1,91fcb0b6ae197934a74f52b31da38e298a5abcd857d092476869f8208629f0d4,1789381277552
6a9012ba00000000250392a7,F001,A,335,normal,1787831669000,1787831669000,13,14,0,1,6,5,cb4cae5410e15efb30b925b36313534f809d0e1928a81ea53ba437c4ae790958,1789381803740
6a9055c7000000002501b254,F001,A,336,video,1787844039000,1787847746000,99,53,20,9,7,1,0705d94b48f8570035a0e79b0d681e8a576d06d9acded17b4732fdb91b2cf4de,1789382287971
6a9115e800000000260343a4,F001,A,337,normal,1787893224000,1787893225000,3,3,3,0,0,1,9e6f8f71af343261819583718b3041ecd42a904ec54776c0318421bf9252512e,1789384435712
6a9133940000000021031f92,F001,A,338,normal,1787900821000,1787900821000,0,0,0,0,7,6,fb4360148d044d248dc0e0c9d9d221b16a2c32dac15ab86ef0a597ea91c50e4a,1789384739685
6a9143e7000000002303c39a,F001,A,339,normal,1787904999000,1787904999000,0,0,0,0,0,1,5fa4059005e913d0c71b8a3d3857563f1afdc36a5630938c11c43991a13bc0f5,1789385043989
6a92d4bf00000000260001ea,F001,A,340,normal,1788007615000,1788007615000,0,0,0,0,0,3,69ac3e28aec0fe0ad23ed64ca300fe1e7e1921dbf11d9d79c3ea41ff6da26133,1789385348293
6a937ef1000000002501383d,F001,A,341,normal,1788051185000,1788247675000,712,119,150,22,4,3,a3281373f2d519c2991042e23f92baa610028f1aa99033ed58bde8fb29b8f4cd,1789385652611
6a938664000000002903f23b,F001,A,342,normal,1788053092000,1788053092000,11,8,6,1,4,1,6f7cbea3fa590fbca423d70f456661e5f44208f9bf8676a6e3fe37d5224cde0d,1789391126191
6a93d8f9000000001f0013e7,F001,A,343,normal,1788074233000,1788074233000,938,773,287,362,4,3,b6d0888989be9c0d11814fa4a886fa8bca1513d147f9b49614f26fe5bf021ccd,1789393230865
6a93dc6c000000001803c7a8,F001,A,344,video,1788075116000,1788075117000,2200,165,563,896,6,1,9a3b2853bb7224735eb0a908ed34e8f4e180456345275a8c6ca50d5080b0c3b2,1789394417723
6a93fecc00000000040297ec,F001,A,345,normal,1788083916000,1788083916000,21,6,6,13,5,1,d2467150db3813d06b717be830dc0bdd4df97f46d36d777223edc4ec4de0cedf,1789396165317
6a940967000000002a038c7e,F001,A,346,normal,1788086631000,1788086632000,160,14,72,21,3,1,c62ac6d98e6d5126ab237a9057693e1598edb1a16eaa943a56b825a98f3adf6e,1789396490553
6a94d305000000002c03ffaf,F001,A,347,normal,1788138245000,1788138246000,7,5,1,10,1,1,25ec8b010fa6805dd75725cae8f635f7c280354e0363944c78a0ab62d09b5e9d,1789397050861
6a94f06c0000000026036ef8,F001,A,349,normal,1788145772000,1789099011000,2,0,0,0,8,2,405c0099a01edfaab2ae203eaabe1c46f5c75ad3f60be21a5c1d5979c2375062,1789399401974
6a9557ee0000000021032631,F001,A,350,normal,1788172271000,1788172271000,1,0,0,0,0,1,a61fbb48c22ec04c160c1a29ce58f91f182bf791f89142e8a41bb782be49e2a7,1789399708882
6a956188000000002303e1ca,F001,A,351,normal,1788174728000,1788174728000,0,0,0,0,4,2,90fe4aa30994bf122edf0977eaca6c4047d1773e3ab9c691f842c1b0d5f4e0fd,1789400015109
6a9590ea000000002901962e,F001,A,352,normal,1788186858000,1788186859000,3,2,9,0,10,1,7cbd8da0b315c2f72ebbbc5ab1cdb69224b44017bc005ddbac4d439dbce05f9a,1789400321094
6a9590ec000000001203e375,F001,A,353,normal,1788186860000,1788186860000,2,0,0,0,9,1,c93eb732250d937f33aad24e30fb88a17469f1924a0e18892a59bc5ab04f0e1f,1789400628484
6a95b5970000000012000c7e,F001,A,354,normal,1788196247000,1788196248000,8,2,3,1,0,1,d6a4ec0551cabf61978292df1248c4350c4956a82d5d6c1271aaf778bb475a59,1789400934827
6a95e05f0000000011032fb8,F001,A,355,normal,1788207199000,1788207200000,0,0,0,0,3,1,4086bc8aeb779df18fe0c302cf7cce25c1c15814ec8c8d4c7606f7b10aeae578,1789403062329
6a963496000000002a02c1f8,F001,A,356,normal,1788228758000,1788228758000,2,0,2,6,9,1,4e9115a2ae1838a8c100b9490a1dfbb3445a42b88d6337c7bcfb5c3423a26cad,1789403368645
6a9637320000000011031007,F001,A,357,normal,1788229426000,1788229426000,0,0,1,0,5,1,e0dd08c0b3e8163e6393f3570f3372d3a9a0f2b9278643011df3134bc011c66e,1789403627217
6a964cb80000000029017d5f,F001,A,358,normal,1788234936000,1788234936000,48,60,28,11,2,3,4a89bc483c4210ce20847b838f79596fcaa35c3305269a2fb1ce10bea081adc0,1789403934460
6a964f9b00000000250356e4,F001,A,359,normal,1788235675000,1788235719000,1008,821,74,327,10,2,d90a6736dc06c6eee70c432af7d24c65bc3a3d65a3cc6249bae4a7f529607b56,1789404325329
6a967369000000002700b13b,F001,A,360,normal,1788244841000,1788244842000,4,0,18,1,1,1,820d9bdf23e710c363109f68d4fcdd7f4b9e34d38741948ee892b0f33f5d6e76,1789404762000
6a967839000000000d024203,F001,A,361,normal,1788246073000,1788246074000,118,82,48,35,1,1,4dfddecce73e0442a21102138442f4840b23c8215181cc8765376e1dc112c4b6,1789406911273
6a96806c0000000029019651,F001,A,363,normal,1788248172000,1788248173000,15,2,8,7,0,1,d2c6e44867d376567f3d5028d272bf41e114addf7dad5ec51a26e272d7aa6dfc,1789407622852
6a9690080000000037034425,F001,A,364,normal,1788252168000,1788252169000,1400,804,230,695,5,1,09856f87b289724750eec4f13cb4fc4993b48696a70b1c13b58b7b1882cfde0c,1789407949445
6a9697ca0000000011035dea,F001,A,365,normal,1788254154000,1788254993000,288,16,59,70,4,1,f47f36b5584768e8b9320d117beec987eba30576f4dad7ba63be9fc0974a4c8b,1789408254738
6a969d4d00000000110342cd,F001,A,366,normal,1788255565000,1788317570000,417,354,114,179,4,1,ff421ccb293cef0d22f2856720f8ffb798dc8030d51cc2a52c0bf516adb11daa,1789408837439
6a96b8eb0000000028039d34,F001,A,367,normal,1788262635000,1788262636000,372,376,71,254,5,9,6e4e602247574e94bc9bf40052848d4335637fa0897dbb5db987ae6de1db6be5,1789411281962
6a96cc990000000011035987,F001,A,368,normal,1788267673000,1788267673000,65,5,12,22,2,1,e1c79a41753a02c59715c0a3540b20306d33ee6f4078ccd4a26ab4def33a1447,1789411841854
6a96e5d4000000002b01e135,F001,A,369,normal,1788274132000,1788274133000,27,5,14,4,0,1,3b609b24032c64b9cbcbf9ae1250f8e71d544c9463be025b560536ad12e786dd,1789412169232
6a96e694000000002601b72d,F001,A,371,normal,1788274324000,1788274324000,28,11,37,7,10,1,21e95c5b34cb150f2b8aae5d654e5e517fd2828f2cb8c3de0df5abebba86acc8,1789412741297
6a97b59b000000002901726b,F001,A,372,normal,1788327323000,1788327324000,71,19,147,34,10,2,6aeb671c23ec4639b7fe7c46caa326ec0fbe01988ea2ad8d41f52236265b0cce,1789413132035
6a97ce03000000002601ca56,F001,A,373,normal,1788333571000,1788333571000,0,2,2,0,0,1,56ff8a4c82021b4ad0c88e1fec7b1fd6f9ad307e72a59880632fa58c6dc4867e,1789415809963
6a97e93c000000002802d84f,F001,A,374,normal,1788340540000,1788340835000,9,2,8,29,0,1,72b866819f166523d1bfbcc3a4bc27ac6e79da0bb0d03f5bf3dff7dbd354acaa,1789416115701
6a97f63a000000002601ae86,F001,A,375,normal,1788343867000,1788343867000,26,4,16,1,2,2,52cfd861c60bea7dd42c9d3edd49ed4b85c14728d46e1fce72ca39c09534f2dd,1789416421539
6a9802f70000000027016300,F001,A,376,normal,1788347127000,1788347128000,5,1,1,0,0,2,4b7b6444e9d44d62f3554315ca2851193b4c3ccb127ea8809229d4e8dae23ac8,1789416792011
6a9807f7000000000d026522,F001,A,377,normal,1788348407000,1788348407000,29,9,20,17,3,1,713b2b650c287a4162e7ef8cc22400491035062818c4e19dd70e9cb745307b68,1789417836058
6a9840320000000027008c2b,F001,A,378,normal,1788362802000,1788362868000,2,1,0,0,8,5,9630d85fd024cb45ce1f1c4e09b11eb550faf0dc3c1429988e1a5141c3147459,1789418121106
6a9848960000000011036663,F001,A,379,normal,1788364950000,1788365188000,21,7,15,5,0,7,9dd7c23a43e93409044280b1b46357a8a74594e6b8321690f019a13c745deed6,1789420227938
6a98d8600000000025034c54,F001,A,381,normal,1788401760000,1788401760000,1,0,1,0,3,1,92a265ad510bf33a85de9ad8edc1e73418e74087f4049c8ee98499e1d21435a1,1789420821331
6a98eece000000001001f9d4,F001,A,382,video,1788762301000,1788500595000,93,126,24,7,10,1,89538bb58c4339dffdb3e9ace6f05143d3e5c941c19b4768e8fc314a79f22466,1789421127863
6a994949000000002600bdd7,F001,A,383,normal,1788430665000,1788430666000,45,14,35,25,4,1,654cc82895553fc4e44a06c67c05abf87f895e83b9e0e92187f5bfb1516e043a,1789421455538
6a99512b0000000011038287,F001,A,384,normal,1788432683000,1788432684000,0,0,0,1,4,1,c36825fa2599446784d07772feed8abe764de971ce906ef2e5d763b06f95f019,1789421847558
6a99564400000000120266ec,F001,A,385,normal,1788574441000,1788548713000,1,0,0,0,10,2,cab5d931a27e6660144bf7943680c51ccebade628f45b1fd5133f2cab41c48b5,1789423953746
6a99777d0000000026016c25,F001,A,386,normal,1788442493000,1788442494000,8,3,18,1,0,3,e9740a5a8590d5d1a9a541230f62abda1b377613fd2f4620c2d9b7316f6763c6,1789424259942
6a9980ca000000000d00a91f,F001,A,387,normal,1788444874000,1788444874000,277,291,3,139,10,8,b181d2ba03820f868ed76da2cea500e18f9159047401f771a58ccbeba503a1a0,1789424609269
6a998f71000000002902d615,F001,A,388,normal,1788448625000,1788448626000,8,1,1,2,2,1,aff910c0896dc27f311c8176e6038e93ca16000435fdbc47cf69aa9590689fe5,1789424936013
6a999067000000002a0247ba,F001,A,389,normal,1788448871000,1788448871000,1,0,1,0,0,1,22eaec4edac22cb09634cb8b18d45ae016127e2931536baf772cda62a2cadd17,1789425242903
6a9993f1000000002802da48,F001,A,390,normal,1788449777000,1788449778000,2,1,3,9,3,1,e0cd8df707d89eb6bfd980a140c11eb4c4dc6add14eed1f102126c3ad6b8ab60,1789425549449
6a999ea4000000002600b4e0,F001,A,391,normal,1788452516000,1788452517000,3,2,1,0,0,1,d8bc18c1e6afec8a6188d2f46e56e0a1363320913839c90fd98ba34d2f7cfb47,1789427677855
6a99a1d60000000012003525,F001,A,392,normal,1788453334000,1788453335000,10,1,3,7,3,2,ab48119590ee1a9111d24cfd1b31b77b6951d23df1c4663e1e5855a621b3465c,1789427984928
6a99aec00000000012035b0a,F001,A,393,normal,1788456640000,1788456640000,11,0,8,6,1,2,aa15360cd3f4d623da352a2c4a4a5a9582e2b8b82ce36801da01325e55862159,1789564229668
6a99c21d00000000110370ed,F001,A,395,normal,1788461597000,1788461597000,7,1,5,13,0,1,a33e6aa8d21900e911304fe2831da3aca6559255ca247f5c34aaced4cf548395,1789564596526
6a99c417000000002b01fbd2,F001,A,396,normal,1788462103000,1788462104000,8,4,0,15,3,6,7d01bb2f2ae4032a1131ef2e27331186a9ab1504bb28a5d423464953a75e8479,1789447570499
6a99c45a000000002502ce9d,F001,A,397,normal,1788462170000,1788462327000,141,56,75,40,0,4,20bb15d426542a5b0d3b5781c5635dcf930049e3fb5632da340a473faaf5d190,1789564962514
6a99c823000000002502d103,F001,A,398,normal,1788463139000,1788463140000,7,2,11,1,0,5,2a5a8ef9a3977ff357e82a5c6598c0f8c471ccb9cc49a9473fed711ced72d2c4,1789565526951
6a99cc3a000000002802baa9,F001,A,399,normal,1788464186000,1788464186000,104,10,69,48,3,1,25285ec22aab5146a6c0e3afc03c2f3929a0705dae7859ee3ca8188dca703a28,1789565894751
6a99d6d20000000012027d82,F001,A,400,normal,1788466898000,1788466898000,12,6,7,4,3,2,be38a416fa65d8a897f5d2a999f5064dd3a6a3b46e60f9b1fe853eb6d593e836,1789566473691
6a99d9370000000026009928,F001,A,401,normal,1788467511000,1788467511000,12,5,1,11,9,6,5cd61ca30eed5ebc0de3c04ac3a7f96b01936139c4a3d8b2c1f70c3927fe9fbc,1789451010021
6a99e1320000000012027ff3,F001,A,402,normal,1788469554000,1788469554000,4,2,14,0,0,1,5d590508f2bffd75bf8c98538812ec34e3c842d5569d3eb627f86fd8a5a4d8f9,1789566840649
6a99f64e0000000025034409,F001,A,403,normal,1788474958000,1788474959000,4,1,2,0,10,1,d5d5a95bba890cee989dd979a141bc450ea30476d4aafe999d98b6b2bd3e2496,1789453421658
6a99f66b00000000260215b8,F001,A,404,normal,1788474987000,1788474988000,6,0,0,6,0,3,3cd04ea7fd7594822fcd4d18d38070b0320fc31d003959eaddfc4136d6ce44f4,1789453727062
6a9a06be000000002901350b,F001,A,405,normal,1788479166000,1788479582000,6,0,12,13,7,1,7b9848406b062f5f3ae7aafb7ac2c9b65d225c92e6a793fcd1c55488a85b05bb,1789569032991
6a9a0c9e0000000029018f0b,F001,A,407,normal,1788480670000,1788480671000,8,0,7,6,0,1,276eea044086430a54876c8059c513b1773b7a940b381cb7e02197b34a1cbf56,1789569400772
6a9a0d370000000026022820,F001,A,408,normal,1788480823000,1788482815000,39,12,16,19,10,6,a74aa33014502603e9457e886c4d8e7f039ec7dedb803b2699a2f98371ac5684,1789497547348
6a9a0dc10000000012025aa8,F001,A,409,normal,1788480961000,1788480961000,1,0,0,4,0,1,15f054371a318ef1ba3e29cff747d112b7b2f285bc9882c50a1b30631f2b8f84,1789457018583
6a9a0e710000000029019121,F001,A,410,normal,1788481138000,1788483201000,10,1,0,13,4,3,5d9d770f79998dc14487042c59c8146b9e03a08b1160a1adfc08e27e49c3039f,1789457325087
6a9a164e000000000b00c2d2,F001,A,411,normal,1788483150000,1788483150000,6,0,1,2,0,2,e942d0684b05110ebb01d67fa019908e72290bef25b28a4db37dbe17647991b1,1789457632277
6a9a1b570000000026014a77,F001,A,412,normal,1788484439000,1788484440000,43,5,6,34,9,7,176f531c2d77ae53572a508f9c0929aadae247138e3939683b59a104d96e0da2,1789499733979
6a9a1dae000000002b027185,F001,A,413,normal,1788485038000,1788485038000,3,1,1,5,7,2,06c2b01c2f35d22329b84aa8b299c57b57fc0599261d227fa65488a1b14ecacc,1789458245557
6a9a24cc000000002502d9ca,F001,A,414,normal,1788486860000,1788486861000,112,37,31,47,8,7,faebd9e2140daba3b0d722c5e644f7e54472c276134a2877f283720fb5865b79,1789500099213
6a9a24ff0000000026017446,F001,A,415,video,1788486911000,1788486911000,15,1,0,1,4,1,8ce4b66c40443db4e9aa8bede5dffddfc0590b1395f9e56bdc2161c2842c7d67,1789460683817
6a9a28b2000000000b00ec8f,F001,A,416,normal,1788487858000,1788487859000,1,0,0,0,0,1,99b97a75ed96c7f3d62aa71ca449f97895d9b68bbf17e01cf9c83027d22ee2a0,1789460990538
6a9a29e900000000260392cf,F001,A,417,normal,1788488169000,1788488752000,40,5,0,20,0,3,f706c29f413ed99b0a74fa3f5228a28bcdb3cf9bcbf8e53c561ee328fff02f67,1789461297074
6a9a30600000000011032f7f,F001,A,418,normal,1788489824000,1788489824000,414,284,60,214,2,2,9d8f4a9a4e6d09cecab0999615ec91b3c72574b8b16d06510773b1c4c854a236,1789502327651
6a9a354b000000001203734f,F001,A,420,normal,1788491083000,1788491083000,6,5,0,2,8,1,70d5daaf08810f2f0637f0254566b6512de3db3742f4d342945bb40a8814c32f,1789462200314
6a9a3e430000000012026284,F001,A,421,normal,1788493379000,1788493379000,179,29,266,150,6,1,1a56323090d097039f9f88c3cf0630d5f813a3cf9652f12e8232c93c692681e0,1789502797605
6a9a3eab0000000011034ce1,F001,A,422,normal,1788493483000,1788495336000,31,3,43,1,10,1,6c2b75f75532a2121f47d124f0333d11dcfe93c8e5782f19bfee02d17a12a417,1789569768114
6a9a4b01000000000d0260b4,F001,A,423,normal,1788496641000,1788496641000,49,6,18,13,7,1,de47436939936b34eae31a61913188ff414dd3c2aab9ff691f8b4151448ddf9e,1789570182020
6a9a5425000000000b0375be,F001,A,424,normal,1788498981000,1788498981000,179,150,6,52,10,4,e27f07e0db5f201b520a02d445996824bf9408ab0e3d28d480f47d2c6d8d8b27,1789570593850
6a9a65010000000029013ca5,F001,A,425,normal,1788503297000,1788503298000,39,4,29,23,3,1,89fac40a331a6b1e70dcf8693dfae27ec5e6946a885325c32067d949ea3409e3,1789570962511
6a9a7f3b000000002a0057af,F001,A,426,normal,1788510011000,1788510011000,26,8,2,21,6,4,5121237201216919ea4561f4ea60c1356ecf7d7fbdb6e15e06541db39c601227,1789466102963
6a9a806c00000000260169a3,F001,A,427,normal,1788510316000,1788510316000,16,3,10,10,6,2,db538178f281b5fa5ce87845473a92165349b96a7e057ec46cf7ece7a485583b,1789468209000
6a9a8c51000000000b036486,F001,A,428,normal,1788513361000,1788513362000,5,0,1,0,5,1,f2cb408042928adfdd4023cfbec4639ee14d668ab9ffdebe7c6807f209d10120,1789468555972
6a9a8f150000000027016693,F001,A,429,normal,1788514069000,1788514070000,1,0,3,1,5,2,29f73b73fee23799f84445b7c12788e25a60912a917f3acc95569821ca4299e4,1789468861598
6a9a93840000000011037531,F001,A,430,normal,1788515205000,1788515205000,14,13,2,5,6,1,b97def5fcb763f7eccb5f51883120fc69bdc0a3a76b56dc105fad6516fb2e20a,1789469188705
6a9aa4fd000000001203dbc3,F001,A,431,normal,1788519677000,1788581201000,111,36,77,121,7,2,0455f0293e44a97efdd95e7e5cb6357c558084c08d95ce9607ac208609f70235,1789469494879
6a9aad98000000002803b4db,F001,A,432,normal,1788525424000,1788521937000,248,67,100,120,10,1,c77fb3d0254dcf172ff1330cd6557ddbaa788253f4954aedff743deae8c735a9,1789470094036
6a9ab3be0000000012037b34,F001,A,433,video,1788523454000,1788523518000,69,23,9,26,9,1,a17561c4357ae209cb03e677749397196f945cced654e19ed464152f84c6c5a2,1789472561674
6a9ac2290000000012027dea,F001,A,434,normal,1788527145000,1788527146000,0,0,0,0,0,1,9d010697fb9408c143af84ec0b6aab82480d572083b54bc1f04907e8aa0624da,1789472888229
6a9acc2f00000000120355d4,F001,A,435,normal,1788529712000,1788529712000,70,9,49,26,4,4,6825b8b615740a3548b3ec1623325f1eb61c4cc2c2ccf652aadc00ff94a91db3,1789473193415
6a9adb8500000000110323b3,F001,A,436,video,1788667324000,1788619983000,1,1,0,0,7,1,e2886dabbee0092d8f84149520994bebe9a76be14cd97f7ff5eaf04b42b26e61,1789473669531
6a9b1d8a000000001203caee,F001,A,438,normal,1788550538000,1788550538000,0,0,0,0,1,1,27907afd34b06c0d28cb4000ba400c2cb7ec7b457fe2c97ac426a7dc724f8e55,1789474219802
6a9b4f50000000002802aaa1,F001,A,439,normal,1788563280000,1788606115000,29,4,20,2,10,5,99869d6df0358a1fbc4aadee4d3448b5c6be7342e53b43c28b7cc0f1245e3a0f,1789476326243
6a9b5038000000002502d427,F001,A,440,normal,1788563512000,1788563513000,2,1,11,1,7,1,d49c9392aefb161edcd5ab4930e664eba467921d82ff908d1fb0b40889aa0f6f,1789476698034
6a9b6036000000002802df36,F001,A,441,normal,1788567606000,1788567607000,39,13,18,27,9,2,685c1dc6d21112eee31c8fc361cace3a728136b338e851aa2da8bccd99cf37f9,1789477047542
6a9b634f000000000b00d97c,F001,A,442,normal,1788568399000,1788569025000,60,13,56,12,0,1,5e3925f92d58a882b2da89ad4ae27576e7d706c68a358e3a5789e4f570f4ad62,1789505376850
6a9b7179000000001203797f,F001,A,443,normal,1788572025000,1788572026000,5,0,6,3,2,1,bdc17f6d21aac48ec8073ccef7b77dd7c6e2270fd9c6ad50dc5ccce7358ec488,1789477875872
6a9b7274000000001103b5ca,F001,A,444,normal,1788572276000,1788575279000,1,0,2,2,3,1,228ee6774cd93c077e27c4c4376732d9b3f797925808534d44e44cd8ea61db29,1789478185641
6a9b7498000000001103568c,F001,A,445,normal,1788572824000,1788572825000,2,0,1,0,2,1,eb15249d0c380ff9adae10a00d9c6b47821824c20189556b003d00ffd42bf26e,1789480294843
6a9b7588000000001103be2f,F001,A,446,normal,1788573064000,1788573065000,2,0,2,0,4,1,6720f0d44daf0a71d78fe0944939a3b8c5de0d27095396269cb6e9b7925e4bda,1789480602627
6a9b76d2000000002701468e,F001,A,447,normal,1788573394000,1788620691000,50,25,92,6,4,1,5df3e129e0095b93e19d15cc02add0ef350f0b340a429b849979d2186f0a1301,1789480912174
6a9b7b23000000001001d476,F001,A,448,normal,1788574499000,1788574499000,2,0,3,0,0,5,df37c206470fe0a81f4ccac881eee6428028cf35c438ad51f67a6c8682647790,1789481555951
6a9b7f340000000028034e36,F001,A,449,normal,1788575540000,1788575540000,15,7,40,2,0,1,9d6020dfb19a0edc692e0da8080604ec138ec9ba985d6d59cfe5c157ca668967,1789481864268
6a9b80b3000000001103556e,F001,A,450,normal,1788575923000,1788575924000,6,3,1,7,4,1,6cc7cbad13bab7519d141cea54c90d5d94210511ac48ade4a42ca19bea9c344d,1789482302897
6a9b839b000000002900d01e,F001,A,451,normal,1788576667000,1788576668000,10,3,0,1,10,1,79a43c1700c39f43af0b478e39ca35adcaf0ea86891e515a56e8b1d3f77358ac,1789484411703
6a9b85a60000000012002211,F001,A,452,normal,1788577190000,1788577190000,6,1,6,1,3,1,83d69b25ff160171a8c0aa5c6fc2467eed4e7e11f8c8fff5b8accd3e1585a355,1789484723033
6a9b86c3000000002601cd74,F001,A,453,normal,1788577475000,1788577476000,14,2,15,9,6,3,621eef1baaeece0a7538e3cfeac336420219b706f1811aa443b4059f3acb0e90,1789485051729
6a9b8ac90000000028029f71,F001,A,454,normal,1788578505000,1788578506000,4,0,6,0,0,1,8380bbc7b1a864a80a5470dc852fad9edcdb7820dd236302a93efcbf51ae398a,1789485383357
6a9b8e9a000000002b01096a,F001,A,455,normal,1788579482000,1788579986000,38,3,43,34,2,1,01133667894dfcd3acdeba985bb47ebaa98b1919013ed31b7a24fa00b389eb52,1789485712716
6a9b9029000000000b035ce9,F001,A,456,video,1788579882000,1788579882000,211,198,32,315,2,1,7c1ca102f707555c006d8cc38364c7cf27af6d229d89f8968b317057b6d29e36,1789486177200
6a9b929b000000001203fd2e,F001,A,457,normal,1788580507000,1788580507000,6,0,22,10,6,1,50c34176bd952ff290638723c51cb51e75e03d1231ed5d79ed230316dd044e2a,1789488421801
6a9b9a45000000002900df10,F001,A,458,normal,1788582469000,1788582470000,12,3,14,5,5,1,82ceaaf5ef56f48eb17a57a024c72553f078432f24833ff4bc650afdf2f093b7,1789488817881
6a9ba36d0000000012026d19,F001,A,459,normal,1788584813000,1788584814000,25,2,27,7,2,1,5922b8eb3b5aa0ab6f5691ada071b1cb4fe98805b33304b012a2a001ef9c821f,1789489177557
6a9ba4fe00000000260088d3,F001,A,460,normal,1788585214000,1788585214000,741,239,227,462,4,6,acdff99d37d58457bc5f4f301667bb937ad14940e38fb56ca1f9308d8f051cb7,1789505722234
6a9bb061000000001202593c,F001,A,462,normal,1788588129000,1788594262000,14,4,31,10,4,5,93785ce23ead23e0c5ca143432d46152c48268476f2ccbec736d94b8caff1140,1789506067886
6a9bb9600000000012036d20,F001,A,463,normal,1788590432000,1788590432000,17,10,37,6,4,2,ac0692d39d3b9fb75fea97fa86692931e646eaae1c641a6d483d8131744174b7,1789508316781
6a9bba29000000002901a9fa,F001,A,464,normal,1788590633000,1788590775000,199,29,41,68,2,1,0d55c0db3d314e275e2ffc67e966cd5e987cbefa9cbe57e22e9aecec0a044084,1789508704185
6a9bbf54000000002a004b60,F001,A,465,normal,1788591956000,1788591956000,1,0,1,0,4,1,5e07d01f7386a3b33503d8d63ba6139d4d4bf7897627b3bf7605e4d43b239818,1789509091000
6a9bc5a6000000002502c1dc,F001,A,467,normal,1788593574000,1788593575000,139,226,7,59,4,3,9fc06b72343c6e2de9d956ed00e70ad9dcc963d1c1d0365ecff3d0f6096b77ed,1789509761361
6a9bc5d1000000002802f3f5,F001,A,468,normal,1788593617000,1788593617000,26,11,0,8,5,4,ab84af2928e551891c50dd30652354307c35d8368c0e859e65b6a555596b43c1,1789510127812
6a9bc9ac0000000011037d9e,F001,A,469,normal,1788594604000,1788594605000,9,3,14,3,1,4,b2ff9277340af9f838b6c86d119ee73132f1462820d3ed08453825e6dfb88e3f,1789512293776
6a9bce320000000026015448,F001,A,470,normal,1788595762000,1788595762000,52,93,4,10,6,1,708a59bc13910ae7cbaef4a2847f8e80decb66f5a3e115763d2f172df7ce405c,1789512701446
6a9bd7aa000000002900fd07,F001,A,472,video,1788598186000,1788598187000,32,15,0,16,7,1,d491c995b29456cb30af7dc99399a8bb6930f785dca0856e76161f16959aee6a,1789513371963
6a9bdabf000000002b025c6e,F001,A,474,normal,1788598975000,1788598975000,78,30,91,34,3,1,86a54ade879f0169b46fd05ac52be5ea940532d7c74275a643b0c07876bb2756,1789514042154
6a9bdca90000000028035f49,F001,A,475,normal,1788599465000,1788599465000,8,5,8,3,9,1,a7cd2a294f65bff1e39d15442ad95db2a60a1902e75c463a773459175e869a50,1789516520546
6a9be167000000001401eb28,F001,A,476,video,1788600679000,1788603232000,54,34,1,11,10,1,7109810384c1cbfe6bb10fe5a706f4b97c6d83e158b42675796be7cfa226c05e,1789516887058
6a9be418000000002700ab95,F001,A,477,normal,1788601368000,1788601368000,45,13,37,75,8,1,64485bfb46b51e122ff21c9937f7476196c8e9182bb891a2db13ca67650024bb,1789517252707
6a9be9890000000029011839,F001,A,478,normal,1788602761000,1788602762000,16,9,5,6,1,1,b7c60e2479f38da3b767bcf8056941fd48d1c889139f0c68ba01a0167bdbc18d,1789517661533
6a9bf7440000000012035ea6,F001,A,479,normal,1788606276000,1788606277000,0,0,0,0,4,1,2525ad30ab53f9bbfe4aada056eb5904b411635bd5df179d41c81c951004ef0d,1789518027819
6a9bfd76000000001103b39f,F001,A,480,normal,1788607863000,1788608093000,1028,1076,55,177,6,2,84f0a5fccc1d4ae92eb93e9f9be54fd65e49e5434dd76ed621b7c09c03b8935d,1789518393590
6a9c0164000000001001c337,F001,A,481,normal,1788608868000,1788609793000,303,223,196,116,3,3,c4b93358869d1233eb8d8cdf9a8c499f3a6e96c9bd2cd7ab675f7f7a6de8e694,1789520602352
6a9c08410000000026014a8c,F001,A,482,video,1788610625000,1788610625000,4,0,0,1,0,1,63762818ff80776490ea9c86118585348f897283d4e354aaea3e0e148ecc1b5a,1789521074456
6a9c1bc10000000026019944,F001,A,483,normal,1788615617000,1788615617000,63,33,19,26,4,2,5eeb7682047bbdbb500d5a9378b291848213ed1313f07ec3e8d39bcb80f428cc,1789521440818
6a9c20f3000000000b037fc6,F001,A,484,normal,1788616947000,1788616947000,1,1,0,0,8,6,c089141c0fc402927dce322f6ad82f1659673023aabf4f446590d38099a6c3d2,1789521807037
6a9c21f8000000000d02519c,F001,A,485,normal,1788617208000,1788617362000,15,2,22,3,6,1,9d4090615a07cf12c594c2d9defa18037b167414b1f7283f81688e7a30e154c7,1789522173109
6a9c23a900000000110387db,F001,A,486,normal,1788617641000,1788654349000,1,0,0,0,3,4,29094802df3da0d475ea1dfaea777e054190561d580a83d74430e1c3637e5ff6,1789522560543
69fd826e000000001a02ccd4,F003,B,1,normal,1778221678000,1788071678000,41,12,0,0,10,10,f1014a98f936634a60e56d1e154bb0a0c03d38043c1df1df7993eae3a39a94c1,1789378660910
6a2b9a73000000003502686e,F003,B,2,normal,1781242483000,1787494729000,10,2,0,0,10,3,12aa97e60141bd3d399a28dcb50fb9fbe6a9ae88ebff6c25764b209227464716,1789379148310
6a436e41000000001702874b,F003,B,3,normal,1782804033000,1787283054000,1,1,0,0,9,3,3ac1722dbcf9ce349f0107e996adefff984fe3d2f2170dee8863319f823fc810,1789379635446
6a7c8eac0000000027021122,F003,B,4,normal,1786547884000,1786593418000,208,59,211,8,1,3,3ae01d260015f832f72308d8aa60c48ea310226d78f53ec252b7eceb43ecb762,1789380122094
6a7c95be0000000005032c3f,F003,B,5,normal,1786549694000,1786700204000,189,31,111,101,1,2,38693c127175a74055281a041259d143a76b987d9250f1e1b7666e69bc668d45,1789381464395
6a7c9a6a000000002500bc19,F003,B,6,normal,1786550890000,1786550891000,3,0,5,2,2,2,af99f7a27b0db14d5975a67754e2a01252978b469b41f3c763c7c174f02b166a,1789382402140
6a7c9ba8000000003400de2a,F003,B,7,normal,1786551208000,1786551208000,5,3,6,2,0,4,238f75573d0db1d9867bd6804425a7c54088010c3750c3b681883299be255ccc,1789384508608
6a7c9d150000000032031502,F003,B,8,normal,1786551670000,1786551669000,22,5,5,6,4,2,1e966e2c240cbe2b658eed583e5ede183221cd9cd25e1ac61c681b82c1434493,1789384837195
6a7ca20e000000003300877e,F003,B,9,normal,1786552846000,1786552847000,72,14,7,5,3,2,8ff839b910e2d51df9c25ac4f4d79c6e761d9cf4acf3cb263cef2cdad0ff66d5,1789385143608
6a7ca2da000000002402d28c,F003,B,10,normal,1786553050000,1786553051000,11,2,3,0,0,2,5dc4dd9b86c327fa82db818155b9207ee138fb1fd247f8483b74925e90f59aaa,1789385471627
6a7cb71800000000280077c8,F003,B,12,normal,1786558232000,1786558232000,184,27,45,60,3,1,df943d756380d319d5eef2f233ceac4885c68c8e7fbb65345737771f057621c2,1789386025861
6a7cbb6c0000000022017a31,F003,B,13,normal,1786559340000,1786559341000,2,0,0,0,0,3,9047ae71c187552ce4ba4fa4154b09f1d44eb8858ddd8cb03809a9f98dd6b094,1789388288027
6a7cbd700000000032033e22,F003,B,14,normal,1786559856000,1786559857000,6,2,4,0,3,5,ef54e36ab52dac7bf7e0e265e9c7735ec4c2be9b8332caccc3be26cb5afb73e2,1789388595482
6a7cbfdc000000000502b01f,F003,B,15,normal,1786560476000,1786560477000,7,5,12,1,10,7,b2985bc2e2f464e94af45a5f5e44abaab0dae5ed064ff36ab14d787d67b41e8a,1789388903322
6a7cc43e0000000008011dca,F003,B,16,normal,1786561598000,1786562531000,202,12,51,2,10,1,67b8b46b4b43cca77486b88a74a64626dfab67ac0a3bb1c3583faf54afdb25f0,1789389251914
6a7ccd3f0000000032030686,F003,B,17,normal,1786563903000,1786563928000,324,45,211,85,0,1,7e9a6104259a815e16b39275c6a40786b01ed08bb3f46fd9dca0acf59a7aad6f,1789389694381
6a7cf846000000002403e0a3,F003,B,18,normal,1786574918000,1786574918000,3,1,2,1,8,2,323f498e4b2974fe8b36e274c04ae52fbe0c3de580efd43301f932d80d200cf8,1789390864091
6a7d05db0000000033008057,F003,B,19,normal,1786578395000,1786625648000,45,8,3,11,5,4,f657179c0882200ac6f0b654e3b1a92a24776cb9985b9c56bf1f68204aae7636,1789392972442
6a7d080e0000000033008223,F003,B,20,normal,1786578958000,1786578958000,2,0,0,2,8,3,ad9415b303c1e1420e0fe31251a72cc03856b8681bc0f1ddcb841fc4033a252c,1789393281284
6a7d1397000000002402d985,F003,B,21,normal,1786581911000,1786581981000,1,1,0,0,9,2,1bda8f10c51aa81861b13397670a24dd7e4ddd2448e027e9c9d281d4566e34b4,1789393589143
6a7d187f0000000032033b86,F003,B,22,normal,1786583167000,1786583168000,30,2,4,0,3,3,e1fb2f3bf0318f84a1a54ac1706ada80c0421942eec9c2baeb550947398c214b,1789393896579
6a7d1a380000000033030e8f,F003,B,23,normal,1786583608000,1786583608000,108,41,37,10,2,2,feb566c727c74aa88cd6b6a903eef68d88ce98f5b83c39aa3908fcd79cb57cdb,1789394207414
6a7d1e8e00000000330185c6,F003,B,24,normal,1786584718000,1786584718000,3,1,0,0,6,2,5ec497041e4f589beaacca7ddefefa07f5793b64c278107c2f8346c35a524125,1789394646449
6a7d1eff0000000021020991,F003,B,25,normal,1786584831000,1786584967000,332,81,281,374,3,2,ed96b7487600cca2c49d2ae3f7fdd9fd8baa311e23d5c44e063c579cae116979,1789398367233
6a7d2163000000000502bb9e,F003,B,26,normal,1786585443000,1786585444000,1,0,0,0,0,1,eefe075c5d9da5b1ce6237923baf56527686c918c422b5b3f1d22900dd20ba76,1789398704865
6a7d26330000000022032377,F003,B,27,normal,1786586675000,1787383019000,3,0,8,2,2,1,c69291fae333be429d56866bbb2161521a062046d05147c4dd08631f90866c95,1789403240640
6a7d301000000000050291ce,F003,B,28,video,1786589200000,1786589201000,3,1,0,0,0,1,e040e2253d89b84460f3842f6e8deb57454d9eb7dadee2baeea3572ba710f1e9,1789403571825
6a7d306c0000000022032249,F003,B,29,video,1786589292000,1786589292000,54,38,0,7,5,1,df1b7098a168c0c7ed2f42f93320fe048cb34ea1faf7f10f3bdc3cd1de2d51d3,1789403880191
6a7d357f0000000028004871,F003,B,30,normal,1786590591000,1786590591000,10,2,4,1,5,1,73e3170b5988dd072a9189099c2cc45cf337fdd0ac7aff2b2280401cb1c595e8,1789404187221
6a7d3d62000000002403f52c,F003,B,31,normal,1786592610000,1786592610000,2,0,0,1,4,5,8957c76dbc406cbbce1e32d32dd5d1bb1e211981ac1d1c17507127bff283da0a,1789406315051
6a7d591e0000000028007c26,F003,B,32,normal,1786599710000,1786599710000,12,3,0,0,8,14,9cf38ca767ecbb0dc7af32438da8c2711ef74b45a6f192ef0fd08c5767a43b08,1789406622344
6a7d5fe9000000000600555f,F003,B,33,normal,1786601449000,1786617476000,31,3,10,18,0,2,dc52da15ace78a82e3c38ca82abcc6e5c9ade0403493b70d43b6789e16c8c037,1789406928861
6a7d73db0000000025010301,F003,B,34,normal,1786606555000,1786606556000,9,0,8,6,0,2,ce7469d838d8e495971f26559671d939f10af2e8f3e4061058b55b335f39d82f,1789407256724
6a7d79ee000000002c003e43,F003,B,35,normal,1786608110000,1786608110000,7,2,11,6,2,2,14113d3692c2a4282da28beb0bd384d970e24bdf7c9ce0b13737e0a5d391b62c,1789407584404
6a7d7e0a00000000280311a5,F003,B,36,normal,1786613103000,1786609163000,5,1,0,2,6,6,c92fe1b17aa4881cc02f5a02783e8046154159c2a2fc2ae6b8a4c745e304156b,1789407931953
6a7d84130000000025000c4d,F003,B,37,normal,1786610707000,1786611771000,149,26,39,91,4,4,ad7e5ebbf4c4f267db7dedc546d703d7608c84dc5f08237097467155aee58eb5,1789410038352
6a7d8c1700000000330347a1,F003,B,38,normal,1786624232000,1786612759000,8,15,0,1,7,4,531a998dd2296c83279df8a4e36afd970e3e2b34e44ee92a787f19e946c65bb7,1789410470361
6a7d94110000000025004ce6,F003,B,39,video,1786614801000,1786614801000,30,14,0,4,4,1,0df6c9eaf48b8444458648bf0b61dd5dacb87eab9505400a7e2a634eb820de0b,1789410775950
6a7da2ff0000000028000f75,F003,B,40,normal,1786618623000,1786620300000,11,3,3,20,1,3,316ddfa2e9c50c87f155940bf414700ccdb7e3b802396243fce458c381cd80c0,1789411081594
6a7da766000000002403cd85,F003,B,41,normal,1786619750000,1786619800000,624,135,206,184,3,2,a7ccb2aad3f3b9388f9c2271af3569fe7c37961812acbe8d68cb061ade9600fd,1789411387083
6a7da91d00000000330099f1,F003,B,42,normal,1786620189000,1786620190000,12,4,2,14,1,1,fa31fc4065c0aad93409c3796689fb32800156ca89783aec5831adcb0c3e951e,1789412410274
6a7dabb20000000022011194,F003,B,43,normal,1786620850000,1786620851000,268,97,119,436,3,1,f1688196e6be2d49263b57d6699502152fd2bb599d780b85c421311888eb9a1a,1789414515583
6a7dadc30000000022033aba,F003,B,44,normal,1786621379000,1786622036000,6,0,4,6,3,2,bbd56c9eab360c63411d85a398f0f8d3be1e04b22a6fe37e5770c74d8f9edb00,1789415264737
6a7dadf6000000002500ae1b,F003,B,45,normal,1786621430000,1786621430000,21,2,9,24,3,1,6f752e75ee923ed1e9920b682bc39b821ba022ce1fffad8047053f2f0f3fa393,1789415593917
6a7db084000000002500d603,F003,B,46,normal,1786622084000,1788329667000,9,3,2,2,10,10,4ed58bed6999939582cb1df71fdaf6c8efa8efbd999bb03a402b3c0141b66c48,1789415900200
6a7db2e50000000035014db0,F003,B,47,normal,1786622693000,1786622694000,1335,250,217,88,3,2,5576e5d2179256a10bd12d4f301eaaea92066e1b83deba122ec6f3e573c61f96,1789416206081
6a7db7a7000000002500f00c,F003,B,48,video,1786623911000,1786623911000,1,0,1,0,4,1,df3f146ae7747f230fe2e0eb2277dd68bcb64a872af7bbf29aef991768711cef,1789417332543
6a7dbaeb0000000025015d84,F003,B,49,video,1786624748000,1786624748000,1,0,0,0,0,1,906430f381aeef4d3dbb867eb023e14550c9f16ecdc1ed6c7badc821fd3a110d,1789419437899
6a7dbf92000000002c007921,F003,B,50,normal,1786625938000,1786626033000,384,242,231,8,3,1,205901d81c611bb03a3288c9649d53513b9256224cf95de0deb64bd4576f49a0,1789419743439
6a7dc929000000003301f6ed,F003,B,51,normal,1786628393000,1786628393000,21,4,3,6,1,1,d806ffb94157d74aec5a13095f4497d22424917fdcf9b3da8c0cec8734227f03,1789420889551
6a7dca1b000000003300e9e9,F003,B,52,video,1786628635000,1786628636000,4,0,0,0,10,1,eb6a32f4184bd41a41a725759c22fa828f007f52d8b36e36fab4387d7644bcff,1789421195281
6a7dce6000000000260354f3,F003,B,53,normal,1786629728000,1786629728000,5,5,3,10,6,1,b01c82c23bfd1259fe2835246c33a319f9b9e190e5c4202da61c8187b713f723,1789421500746
6a7dda770000000029030143,F003,B,54,video,1786632823000,1786632823000,6,1,2,1,4,1,336c01f82bdc4b7761288e034b5936ed8bc0530451f5344962e2d8f606366b22,1789421806211
6a7ddf650000000033037946,F003,B,55,normal,1786634085000,1786634848000,66,20,21,14,4,1,e24691394659b457cd958770e4c6d4c66c3f8e3abec83c152385b676a0730ea2,1789423913270
6a7de030000000002403c2b4,F003,B,56,normal,1786634288000,1786634289000,0,0,0,0,0,3,a8d3894d8d72489bfa7cd5e7ad40f397e1aa16a3e0dde450193562459557eacf,1789424323960
6a7de7da0000000005029d28,F003,B,57,normal,1786636250000,1786636251000,6,0,2,0,8,1,2209680bf5c53f118a9b253181fc37afee12f3fc21373f7170c4b15136eea500,1789424629560
6a7df6ee00000000330192ad,F003,B,58,normal,1786640110000,1786643617000,2517,499,554,967,8,5,70f331fefe516c301a518c4d2ced895c7d6a6c4fed87280aa2cf0cb5476803f5,1789442907292
6a7e1cc5000000002500b201,F003,B,59,normal,1786649797000,1786649798000,2,0,1,0,0,1,2461d543c92e8df23e8b6d2afc6a832bf05cb331f4a2d591aa907d7482532d45,1789452914345
6a7e470c0000000035014e39,F003,B,60,video,1786660620000,1786660621000,3,0,2,0,0,1,f41c9170e46481f6e916b49b4942b82bd02d8c7f6ecf9f57478738b7e0ed2a93,1789453220082
6a7e6b930000000022017a66,F003,B,61,normal,1786669971000,1786669972000,20,4,53,1,0,7,ff1e88fcaa7b047fd1089aaae9b68b05857ce104015db14251776fb3dd4c55ab,1789530679039
6a7e73960000000008010664,F003,B,62,normal,1786672022000,1786698033000,342,32,182,5,0,1,e6b222e5a5e90abc54b69c600f1f21350bae781d9db50d63d5a6722ada9a6809,1789531130657
6a7e75f10000000033012e4c,F003,B,63,normal,1786672625000,1787362753000,35,7,14,2,4,5,698407be75cfe502eb0f06361f785374cc8da0dd41d5827375dea01a57299e7b,1789532047297
6a7e955d000000000502b512,F003,B,64,normal,1786680669000,1786680915000,28,6,16,16,8,3,e6538fae55de85b65e4d6741f822282dfc99aa40bc3b6b8b12c25af804c6401f,1789532413739
6a7eb55b0000000028033b5b,F003,B,65,normal,1786688859000,1786688859000,104,91,7,24,5,8,f36c3d39e84630bafed20fd1d573fb6a9fa8059b153530482ef29dc4fa1ff201,1789532801378
6a7ed37c000000002c007234,F003,B,66,normal,1786696572000,1786696573000,635,712,74,32,2,1,98453036615586ddca983eede1543d11f11fd82bd1818a7de0bf1f923f2555ce,1789533167787
6a7f23a5000000003202382b,F003,B,67,video,1786717093000,1786717094000,2,0,0,1,10,1,429d5f73c6938fe62a86780256fe5eaa750f63715c4f0b408f44d6dcb4eb3152,1789459185942
6a7f33780000000002003c00,F003,B,68,normal,1786721144000,1786721144000,1,0,0,0,0,6,e1a950e912d157ccd60179a305c197c705d76754ed30d5841a4942ab56f2fe6c,1789459492986
6a7fce2d000000002202ccd1,F003,B,69,normal,1786760749000,1786760750000,81,79,22,12,3,1,5ec140c351e4c2252809334d794751960286a783f8873a13fee17a4e0a924f9e,1789496238306
6a7fd34b0000000025005d64,F003,B,70,normal,1786762059000,1786762125000,214,108,89,69,1,8,7e2526b1e74c95bcfcf967eb3b1918bb392845b212c5d328fc60ddb28ef33e48,1789535504151
6a7fee13000000003301effc,F003,B,71,normal,1786768915000,1786769023000,82,69,3,42,7,1,cc232fcd3ab1f6e1f531fb204ebbe345d91d54344d8eedac76306b198ba3f94f,1789460458223
6a7ffa1a00000000050317f5,F003,B,72,normal,1786771994000,1786771995000,219,56,96,31,6,9,6794af3dcd91bc3930a04eb7545df8a4471e88544d58df3c2bc288560beee0b0,1789535977436
6a7ffc5300000000050324d3,F003,B,73,normal,1786772563000,1786772563000,0,0,25,0,9,1,cc8295712e5d5ec439e2a5d22b53b414ba6b8f06be78bc1273adb8cc64b9543c,1789462960224
6a8096a30000000025017ea2,F003,B,74,normal,1786812067000,1788623036000,0,0,0,0,4,7,ea866573a4788fdb75107de3b0605093d880ab76a9f5549d4eda0fed34d695ea,1789463310509
6a814f3d000000002403ccbf,F003,B,75,normal,1786859325000,1786859326000,1,0,0,0,4,1,c0a92fd0d41f4e62d45407939bd1503ff22bff993c8284873b3e7faf8521815d,1789463616859
6a816a06000000000f03a400,F003,B,76,normal,1786866182000,1786866183000,50,4,14,4,1,4,6ecc4c3cc94b3e1d06461f629310e1ea3a44d3c7c78ccb2dcb10293e1cc093bc,1789499350030
6a8199a3000000002402eb7e,F003,B,77,normal,1786878371000,1786878371000,5,0,4,2,2,2,6102b49ff1b43a700133f8f250ee7d1a55ce3c77fb6b5d6b7e5a224863099238,1789464252297
6a819fbf0000000025004bfd,F003,B,78,normal,1786879935000,1786879936000,3,1,1,1,0,4,5dbeac0ed6bc35ffe3b55b5e8f17b92b9ab2bc244b8dc8d62c4b681a52798fbc,1789464558531
6a81b44e000000002500a72d,F003,B,79,normal,1786885198000,1786885199000,0,0,0,0,0,1,0c49ccb691591643d9f58d1627da88e2a285a13405e3887ae7c49afe8bba0233,1789466665019
6a81df520000000005028d45,F003,B,80,normal,1786896210000,1786896211000,0,0,0,0,0,3,3efd1c8900416ae3ca0be0d63e95c12d8347ad04ae916e2920d2012f4301ae68,1789466971680
6a81e49500000000290308a7,F003,B,81,normal,1786897557000,1786897558000,24,0,28,11,0,1,902459135ae7ace8959e1d64884926f98f137af9b0890bd2acedea1d4ed173f1,1789467279372
6a81eea300000000250091ca,F003,B,82,normal,1786900131000,1786900131000,27,3,10,0,2,3,bdd65f67943b4bd9b281c01a8e049226a6cd3b5a8dc999267223a6d57a9e1d77,1789467722367
6a826e1500000000220165f9,F003,B,83,normal,1786932757000,1786932998000,36,5,50,18,5,2,67d872dc98093915d927355465348d053bd6c042782739b7dc032b1c2050e6a6,1789468050029
6a8295ef0000000005033491,F003,B,84,normal,1786942959000,1786942959000,8,0,10,0,2,1,e2e79cf3f12cb4d42849db4f4c1ee5800605cbbe6d69beabe45652bd80570cb7,1789468591302
6a82aa5d000000002201100d,F003,B,85,normal,1786948189000,1786948189000,3,0,5,0,1,1,2f73b4ac0cdb8574661d2193d68055fa57fba9080ec03b88d0c4968dc489d3a8,1789470720318
6a82c574000000002c005d5f,F003,B,86,normal,1786955124000,1787326459000,160,13,63,116,4,4,98c4f2fcbff551eb52ccaeca01e6574a73fb262db6edcd2c24f8f600a58eeb56,1789471027630
6a83048b0000000021020b5e,F003,B,87,normal,1786971275000,1786971275000,66,25,55,2,5,1,5132c6b3f0a4c4d1bfc8652828d712e12a2ae51b93713cce6e92a2539de0ffdb,1789471527494
6a8310db000000002701cf6b,F003,B,88,normal,1786974427000,1786974427000,3,0,7,1,3,2,8345ff7b3d4ea47cd7128f5c5101275efef5dce8ce3ad8237df0ac9d9eb9f3a0,1789472031429
6a8444960000000022013fbb,F003,B,89,normal,1787053206000,1787053206000,367,113,188,15,3,3,d8d08d9dfdfc205d981ef193a4e60988788c3e6ef5185d66e95b3246f5272e41,1789472359920
6a8459cc0000000032030cbc,F003,B,90,normal,1787058637000,1787104193000,4,3,2,3,6,7,1364988509c9e775438450d5c068e3a7ddc05b6dcac388a23ffa6c838b3c1354,1789473319174
6a84610000000000320329de,F003,B,91,normal,1787060480000,1787060481000,1,0,0,1,9,7,b1b818024bf89c4b06c40f5758fdfcbefdf0ef29af3a45895584dc05272e5c10,1789475428748
6a8534ad000000002c0048c8,F003,B,92,normal,1787114669000,1787572880000,0,1,0,1,7,8,f8f4cc372165201ec2078995d9d34c914537ddb33e26d345d71bc005e04e0b05,1789475737274
6a853b48000000003301d39a,F003,B,93,normal,1787116360000,1787116361000,275,23,215,6,3,1,1461da59082619fed8a50f0e741c08a91d477566b3a71da6950283dcfb580647,1789499716806
6a85477c0000000025007fdc,F003,B,94,video,1787209556000,1787210513000,217,20,5,12,2,1,2c6cefb681cddc15bfc500759ac7998da665a095caf4c020708dd1b6e3dcde07,1789476291106
6a855f2e00000000250068ba,F003,B,95,normal,1787125550000,1787152562000,0,4663,261,598,4,1,3e1daa90e2ea75bffb89cd23bbd96112599270d2cfd59333b6d5008125c74733,1789476599916
6a85665c000000000600699d,F003,B,96,normal,1787127389000,1787127389000,102,40,130,10,3,1,07de179c56888a807c7c8bf27455b3f3c2229b39e4bf573a3c0591411d933545,1789500823251
6a859043000000003202012a,F003,B,97,normal,1787138115000,1787138116000,6,0,22,0,6,1,acf85a6777941c7d207fca2b89ffc5957a2223a558da6836ab8d90a5fcfbf3b7,1789480019046
6a86d5c3000000001402bdf3,F003,B,98,normal,1787221443000,1787230234000,13,1,8,0,9,2,e9fa3b07396cfa783d6d2ed4e09c67241a515a7de9bc8ca5684ea8f442dc2da6,1789480378121
6a8734d2000000002500799c,F003,B,99,normal,1787245778000,1787245863000,293,40,109,10,7,2,1098a6bae5d010fd4ccfccb83e5b652110f6ae7f600928f53bfe4ffa50c58baa,1789480712068
6a87cfd4000000002703312b,F003,B,100,normal,1787285460000,1787285879000,367,51,248,62,4,3,b5996efd6c47ee23de0fb820c8dd1a045a5ecbbdc11ae9e567ee35821eebb628,1789481403746
6a8817840000000032021577,F003,B,101,normal,1787303812000,1787303961000,71,5,5,116,1,3,67f80e35246acfdc153440a39436ef2e0d79578974e37d2b42afd157b1a79ac5,1789482480872
6a8824820000000028002837,F003,B,102,normal,1787307138000,1787307138000,24,2,11,27,3,1,e318c83fd8a69fd5998f88b75a689b0adab3b904c36d7ad808cd24e10d40ebf4,1789482815190
6a883f2900000000160283fe,F003,B,103,normal,1787313961000,1787313962000,35,30,19,6,2,1,bbec7049932f7efd54f6c052a418ff59d548d5b891064e683b82c17c4c756a7f,1789484944302
6a88e8c2000000000f039c00,F003,B,104,normal,1787357378000,1787357378000,96,7,16,6,4,5,34df12b272f1108cde0b12fad9fa1290c2c3dff9510cebf88a5d38fa5e5350c7,1789485341450
6a892196000000001602a983,F003,B,105,normal,1787371926000,1787458006000,182,219,155,13,5,1,7f35fc3c76922e58468670a67d2c036b7a9cfa099505439efec1a10a48ff54d3,1789485719585
6a8a38ee0000000033023a0e,F003,B,106,normal,1787443438000,1787443439000,93,20,35,21,2,4,ac302a52f39a879418348306b953f8249c8b8416a89c7fba0b54661feae11965,1789486561068
6a8a78040000000028009599,F003,B,107,normal,1787459588000,1787459589000,1,0,13,1,4,1,e226aa308f9836e9364e06993ba070186dd2957c74486a7ca07dd1ae4de15581,1789486978932
6a8abd5600000000330183b9,F003,B,108,normal,1787477334000,1787477384000,18,0,7,0,4,1,86f367791802f48ee1448ce3fa026fd12d1ff6d63b9e4bca7c166a15964542ba,1789487334587
6a8ad055000000003703efe2,F003,B,109,normal,1787482197000,1789048235000,54,44,14,17,0,1,32d77fae6cd683cf3984f41485552a3939433e9dcfb705cf3ffda3fcd8ce51f8,1789489463372
6a8ae564000000000902ea88,F003,B,110,normal,1787487588000,1787487589000,67,14,84,8,5,3,4c03219083c401b6adee28a2333acad6ccceb42741a07429a95840404ed01031,1789503304990
6a8bb085000000002202f17c,F003,B,111,normal,1787539589000,1787539589000,216,73,60,3,3,1,a9b3ae89d8b4a4a6d005ef4f93c1a001bd1080c0a84230e59737fa6484e8ff63,1789538272019
6a8bb5210000000029026223,F003,B,112,normal,1787540769000,1787545717000,40,12,89,2,1,1,a88273f694c5a8efce54910264bd68ffb692eaba4119c38808efe05361859089,1789538637830
6a8c3e6300000000230138b4,F003,B,113,normal,1787575907000,1787575907000,5,2,6,0,1,2,ff154d9b56b2895e065496510c0aece39863da3327bba7fc08cb089fc1c994e9,1789539133909
6a8c503500000000280266fc,F003,B,114,normal,1787580469000,1787580470000,7,1,5,1,3,1,d8b3afcf88de6ad5915cf03196c9a63366659d71d054cccb1e38e152470737b7,1789491324616
6a8cda33000000000b030b86,F003,B,115,normal,1787615795000,1787616843000,123,18,10,21,10,5,42b6185790b3c0df56e8895bcfe2fd46d0a40f7148b09283e551d6cbf813cc8c,1789505025839
6a8e55ee0000000028007ea9,F003,B,116,normal,1787713006000,1787713007000,0,0,7,0,2,1,db1d220887bceda4a768531fddcf859e5134958fce41bc62f491433f4e587322,1789539500299
6a900dbb0000000007004762,F003,B,117,normal,1787825595000,1787825595000,111,3,49,2,10,1,6c78ddb79b46bcebfd4b11f00dcad92db3ea5e2767cd6996ecf38b523b38f995,1789539867169
6a902ebd000000001f0047f4,F003,B,118,normal,1787834045000,1787834112000,7,0,9,0,2,1,d35ac184d2fb193a9ed971d5301ca5fd48050952894d6a7ccd23a1d5eba62bd9,1789506146941
6a905d210000000026007397,F003,B,119,normal,1787845921000,1787845921000,53,13,18,97,2,4,66204a47b21626b494ce241da24f85616c419aa29e335a838d8e1e6dba6887a7,1789540342481
6a9128000000000021024a42,F003,B,120,normal,1787897856000,1787898416000,579,76,232,496,3,3,a79d425c6a54de4b0ed318bf0f69cc4aa3214d05d45ae8f588d7c3f82a494705,1789540753055
6a914fbe00000000080132a5,F003,B,122,video,1787908030000,1787908031000,96,18,22,16,5,1,451f3359c5fbab75d9e5e2570069bd60d3b78c6df24e4cf0327667034176cd73,1789543049270
6a9189e700000000250248a9,F003,B,123,video,1787994960000,1787922920000,4,5,0,0,5,1,47107d27979bd56c5ac151226a2c9a3724d7c13a5c5e378bcce10d85892bd9a4,1789510371552
6a9197c9000000002501f047,F003,B,124,normal,1787926473000,1787926474000,53,11,111,4,3,1,8487036711e25719ca2e172d4944d06b7771d2a459199b4fa8691baf59bdd967,1789543417175
6a92fa69000000001f01c2b6,F003,B,125,normal,1788017257000,1788021665000,2,0,0,0,0,7,cdb7bae640934afd47506cfaf241c3c22d2b15627aa366b97b50463fe05b978c,1789511189120
6a951bca0000000020031a43,F003,B,126,normal,1788156874000,1788156971000,12,2,18,0,2,2,89eb2ba35c8549d056f86e3ba56752187aff8404c2aef8ac78cba73f0f84626e,1789544133962
6a9545950000000025012ea8,F003,B,127,normal,1788167573000,1788167573000,132,30,157,80,5,1,865768d8d96062575897f2f6c6453c8dc458fa244e77b3b017a8887bd4fcda2d,1789513741855
6a9558da000000002c03e3a5,F003,B,128,normal,1788862684000,1788172507000,4,4,0,1,5,1,8bd48f8a3bc1efb28dbda69469c08bd3a2c1d29b9b564a3406ecd50ba5dfd81a,1789514617010
6a955c98000000000303f95c,F003,B,129,normal,1788173464000,1788173464000,4,0,5,0,1,1,5f3bcb5dbabfedb6f5a0ed48eae7819eb964cbbe01dc46f7ea47e4009fb2b183,1789514983644
6a9563b2000000001f0013ef,F003,B,130,normal,1788175282000,1788175282000,39,2,33,0,3,1,8e81b22c0fa449163833b5fb1dcf5fcf804b87638f892cebba13734f4829596c,1789546301632
6a95706d000000002a03db85,F003,B,131,normal,1788178541000,1788178542000,519,119,81,60,2,1,fa7309775af567c89793fdcdd34017e6aea613c8b6448ef0a394861093997325,1789546712088
6a9590a000000000280392af,F003,B,132,normal,1788235273000,1788309307000,208,68,76,20,7,6,5f37b8f5258a278db4c2332f9df601200c5eb49aa389df5317b045c7d67a3879,1789547385458
6a95cdf9000000002803bc38,F003,B,133,normal,1788220863000,1788326842000,25,4,16,3,8,2,2dcc46dc36b4e39aa6f5e80d39d9b8485c0684cc4c78caa011b1e726bb1dbc2c,1789549813287
6a9632fd000000002b01cbc4,F003,B,134,normal,1788228349000,1788228350000,1,1,0,0,9,1,79cca8ff976d58ee5692c84aeb947eb12405ffb7c7944fde7007206f435eb4aa,1789550202281
6a964422000000001001fab5,F003,B,135,normal,1788232738000,1788232738000,6,2,0,0,5,2,c2f4a3bc2ecd01b447685df4d201cec9ebb86590c1ea1c0c16467852f8eb64d9,1789550569527
6a966070000000002802fa28,F003,B,136,normal,1788239984000,1788251258000,5,1,12,0,4,5,fab51aa99a6f3803f46bb58e952dee947b8743d06d09caab6b1ff5c38f04f1c8,1789550938630
6a9664460000000011033338,F003,B,137,normal,1788240966000,1788240967000,63,60,53,4,3,1,bf45b201c0fcc67663d4aad258138c89162bdf5e685dbef8697e2d2311353f5b,1789551328086
6a968349000000002a007530,F003,B,138,normal,1788248905000,1788749428000,391,41,58,25,3,1,6860cb7f8a558def06a529df82ecc8b9ccb2ec99f1c95246fcb23988627837d2,1789551893357
6a969d64000000002700897d,F003,B,139,normal,1788255588000,1788255588000,393,125,109,8,4,1,1461a641a2cdd6c9d5cfdfea1eaa52ffb6781c1357c049e31f49708b25872459,1789554212333
6a96b441000000002b01c8fc,F003,B,140,normal,1788261441000,1788261442000,7,1,0,0,0,6,573c4c787e7a13c2ac350bdca7f386a10db3366bf9a67b7e379633e0f24cef45,1789554988407
6a96f65e000000002502d31c,F003,B,141,normal,1788278366000,1788278683000,46,6,4,4,1,6,2a7e68cc2e28120064ad298db00ea271c90f8dd8e1ffc1cdb30d621beb20a947,1789555356568
6a97836f000000002802db61,F003,B,142,normal,1788314479000,1788314480000,8,1,18,1,2,1,fa796530123d53ccbd9f2bf9d197a96f6bd12074a36eef0d228f492b7d1bcfe2,1789555724182
6a978775000000000d027af0,F003,B,143,normal,1788315509000,1788315509000,11,4,2,0,1,3,bf9a07e9aa324b819bad089c10b2e0eac1def30beaa9cf3d2383c6cfa996acec,1789556177095
6a979071000000001203e648,F003,B,144,normal,1788753421000,1788317810000,1,0,0,0,5,1,e0699f28fec30d1639012234d9c7f63e2fea13212ab55313c706639ad282351c,1789556545026
6a9799d1000000002a004946,F003,B,145,normal,1788320209000,1788320210000,703,94,126,97,4,2,048ea620c91aa5b03d6fa3bcb650a59ba73c7ce4e24db2d233ef1476b9e2f9a7,1789558713393
6a979d86000000001200225d,F003,B,146,normal,1788321158000,1788321158000,139,15,8,76,2,7,9ec13dae46348b6e826fde3d54b8388fefc020e05928606fbf4ce41bdad400aa,1789559535984
6a97bdae000000002802ce67,F003,B,147,normal,1788329390000,1788329390000,4,2,14,0,3,1,1966c8e61dc67275aeb71bb84416a2f9277185e29790ba0a7fcc0118a1778199,1789559925042
6a97c0b90000000026008018,F003,B,148,normal,1788330169000,1788330169000,20,9,7,2,0,3,4ccc241186f8b799735c7b3d89b69971beb8a757060213d6766e022b6502bd47,1789560336996
6a97c1c700000000120016c5,F003,B,149,normal,1788330439000,1789095423000,19,5,1,4,10,4,95b64a74c79d353d51f8270b6a69d8d7e127ca4e5a1b45a1206cbf87628cf560,1789560704955
6a97c6710000000026031361,F003,B,150,normal,1788331633000,1788331634000,7,1,1,3,2,1,b675010113257f444e0d8570bbb79fde35b845ce99ebac3b3ba636c935178137,1789561073769
6a97c708000000000d0250a7,F003,B,151,normal,1788331784000,1788331784000,1,0,0,0,2,1,4e61b0012d9b428e067a9c56af77404a37478dfb7adc80d79fab165266c195a5,1789563241974
6a97d439000000001103a5fc,F003,B,152,normal,1788335161000,1788335161000,244,19,11,1,4,1,d2a3db91770407e1347a8926b43b14df68783ec2fabf462c86a41daf673905e7,1789563611673
6a97f5c9000000000d027954,F003,B,153,normal,1788343753000,1788343754000,0,3,0,0,2,1,8d4a9db67e2c745f881f329917e91db6694b2e215a2872845a64b9c76c72c1d1,1789563983732
6a97f94a000000002b013cbc,F003,B,154,normal,1788344650000,1788344650000,48,46,1,7,10,5,fb062ebf7db4da04c7da8a1e388a179673b8d9e22710eb24c580f522aa4e58d6,1789564352781
6a9831c3000000000d0256e4,F003,B,155,normal,1788359107000,1788359108000,78,47,92,1,3,1,f75545604108264f452c7468b7dac373305047a8b7a883def71956288e1c6731,1789564720395
6a9850710000000029010ade,F003,B,156,normal,1788366962000,1788367580000,60,1,2,2,5,1,ee0bd909ff36e27d0470508df07526304f9ffea07e3c05a2baeac5fa17b9351a,1789565505388
6a98673500000000260306f0,F003,B,157,normal,1788372789000,1788372790000,11,10,0,0,3,5,27260266f63272a1f8c1274760a3bee52b6e00bf4c8708ebc4307b8ca6f2bcf0,1789567673537
6a98ec5b000000000b00e6e8,F003,B,158,normal,1788530416000,1788432669000,224,168,10,14,10,3,d8f21322cdffe1f91885c36d3613becd23754c0372d0735eba9892a7c9801ff4,1789568042881
6a98f7e7000000002502e6aa,F003,B,159,normal,1788409831000,1788409832000,60,45,72,3,0,1,cf3a090c7129398c1f17276dd80f6cbaa3af0af08a64db555873c6ad9854679e,1789568435070
6a9911e3000000002803a78d,F003,B,161,normal,1788426106000,1788416797000,4079,311,4412,251,5,1,11ecabb3a1ef70553144259bcf0df5ca6215110938a1b88fee284b58c1af6b40,1789569426118
