collection_account_id,collection_cdp_port,collection_egress_id,collection_egress_region,declared_comments,error,kind,note_id,observed_comments,pages,recorded_at,root_comment_id,status,stop_reason,unlimited
account_guangzhou,9340,verified_local_broadband_guangzhou,guangzhou,5,,reply,6a2534ab000000003501eef5,5,1,2026-08-25T19:03:19,6a2784190000000029024e01,complete,endpoint_exhausted,
account_guangzhou,9340,verified_local_broadband_guangzhou,guangzhou,5,,reply,6a2534ab000000003501eef5,5,1,2026-08-25T19:03:35,6a27d2b50000000029025689,complete,endpoint_exhausted,
account_guangzhou,9340,verified_local_broadband_guangzhou,guangzhou,3,,reply,6a2534ab000000003501eef5,3,1,2026-08-25T19:03:50,6a262bcb00000000280096e1,complete,endpoint_exhausted,
account_guangzhou,9340,verified_local_broadband_guangzhou,guangzhou,8,,reply,6a2534ab000000003501eef5,8,2,2026-08-25T19:04:21,6a288e5c000000002701c340,complete,endpoint_exhausted,
account_guangzhou,9340,verified_local_broadband_guangzhou,guangzhou,0,,reply,6a2534ab000000003501eef5,0,0,2026-08-25T19:04:21,6a27d77e0000000027021fb8,complete,endpoint_exhausted,
account_guangzhou,9340,verified_local_broadband_guangzhou,guangzhou,0,,reply,6a2534ab000000003501eef5,0,0,2026-08-25T19:04:21,6a27f4f3000000002701f8d4,complete,endpoint_exhausted,
account_guangzhou,9340,verified_local_broadband_guangzhou,guangzhou,0,,reply,6a2534ab000000003501eef5,0,0,2026-08-25T19:04:21,6a2a31cb0000000027021d44,complete,endpoint_exhausted,
account_guangzhou,9340,verified_local_broadband_guangzhou,guangzhou,0,,reply,6a2534ab000000003501eef5,0,0,2026-08-25T19:04:21,6a29da1500000000290110cd,complete,endpoint_exhausted,
account_guangzhou,9340,verified_local_broadband_guangzhou,guangzhou,0,,reply,6a2534ab000000003501eef5,0,0,2026-08-25T19:04:21,6a2a735d0000000029018144,complete,endpoint_exhausted,
account_guangzhou,9340,verified_local_broadband_guangzhou,guangzhou,0,,reply,6a2534ab000000003501eef5,0,0,2026-08-25T19:04:21,6a2a29090000000029012f78,complete,endpoint_exhausted,
account_guangzhou,9340,verified_local_broadband_guangzhou,guangzhou,0,,reply,6a2534ab000000003501eef5,0,0,2026-08-25T19:04:37,6a29faa60000000029011d3e,complete,endpoint_exhausted,
account_guangzhou,9340,verified_local_broadband_guangzhou,guangzhou,0,,reply,6a2534ab000000003501eef5,0,0,2026-08-25T19:04:37,6a2a5b1b000000002b02655c,complete,endpoint_exhausted,
account_guangzhou,9340,verified_local_broadband_guangzhou,guangzhou,0,,reply,6a2534ab000000003501eef5,0,0,2026-08-25T19:04:37,6a29037e000000002701fc44,complete,endpoint_exhausted,
account_guangzhou,9340,verified_local_broadband_guangzhou,guangzhou,0,,reply,6a2534ab000000003501eef5,0,0,2026-08-25T19:04:37,6a2d49c3000000002b026d7c,complete,endpoint_exhausted,
account_guangzhou,9340,verified_local_broadband_guangzhou,guangzhou,0,,reply,6a2534ab000000003501eef5,0,0,2026-08-25T19:04:37,6a295a23000000002a02d9d8,complete,endpoint_exhausted,
account_guangzhou,9340,verified_local_broadband_guangzhou,guangzhou,0,,reply,6a2534ab000000003501eef5,0,0,2026-08-25T19:04:37,6a29d65f000000002803e68a,complete,endpoint_exhausted,
account_guangzhou,9340,verified_local_broadband_guangzhou,guangzhou,0,,reply,6a2534ab000000003501eef5,0,0,2026-08-25T19:04:37,6a2aa4240000000029013368,complete,endpoint_exhausted,
account_guangzhou,9340,verified_local_broadband_guangzhou,guangzhou,0,,reply,6a2534ab000000003501eef5,0,0,2026-08-25T19:04:37,6a2a59d700000000280383a4,complete,endpoint_exhausted,
account_guangzhou,9340,verified_local_broadband_guangzhou,guangzhou,0,,reply,6a2534ab000000003501eef5,0,0,2026-08-25T19:04:37,6a27f2590000000027014287,complete,endpoint_exhausted,
account_guangzhou,9340,verified_local_broadband_guangzhou,guangzhou,0,,reply,6a2534ab000000003501eef5,0,0,2026-08-25T19:04:37,6a2a893c000000002800960f,complete,endpoint_exhausted,
account_guangzhou,9340,verified_local_broadband_guangzhou,guangzhou,0,,reply,6a2534ab000000003501eef5,0,0,2026-08-25T19:04:52,6a49cfa10000000015003cf2,complete,endpoint_exhausted,
account_guangzhou,9340,verified_local_broadband_guangzhou,guangzhou,0,,reply,6a2534ab000000003501eef5,0,0,2026-08-25T19:04:52,6a2a7672000000002a031ff8,complete,endpoint_exhausted,
account_guangzhou,9340,verified_local_broadband_guangzhou,guangzhou,0,,reply,6a2534ab000000003501eef5,0,0,2026-08-25T19:04:52,6a2a43d3000000002900c4ab,complete,endpoint_exhausted,
account_guangzhou,9340,verified_local_broadband_guangzhou,guangzhou,0,,reply,6a2534ab000000003501eef5,0,0,2026-08-25T19:04:52,6a2a2957000000002a02c8d8,complete,endpoint_exhausted,
account_guangzhou,9340,verified_local_broadband_guangzhou,guangzhou,0,,reply,6a2534ab000000003501eef5,0,0,2026-08-25T19:04:52,6a295a9c000000002702c8dd,complete,endpoint_exhausted,
account_guangzhou,9340,verified_local_broadband_guangzhou,guangzhou,0,,reply,6a2534ab000000003501eef5,0,0,2026-08-25T19:04:52,6a294fa2000000002b027889,complete,endpoint_exhausted,
account_guangzhou,9340,verified_local_broadband_guangzhou,guangzhou,0,,reply,6a2534ab000000003501eef5,0,0,2026-08-25T19:04:52,6a29478f0000000028032383,complete,endpoint_exhausted,
account_guangzhou,9340,verified_local_broadband_guangzhou,guangzhou,2,,reply,6a2534ab000000003501eef5,2,1,2026-08-25T19:05:08,6a28c00400000000280393b5,complete,endpoint_exhausted,
account_guangzhou,9340,verified_local_broadband_guangzhou,guangzhou,0,,reply,6a2534ab000000003501eef5,0,0,2026-08-25T19:05:08,6a28b1b5000000002803e371,complete,endpoint_exhausted,
account_guangzhou,9340,verified_local_broadband_guangzhou,guangzhou,2,,reply,6a2534ab000000003501eef5,2,1,2026-08-25T19:05:23,6a27c136000000002902d172,complete,endpoint_exhausted,
account_guangzhou,9340,verified_local_broadband_guangzhou,guangzhou,0,,reply,6a2534ab000000003501eef5,0,0,2026-08-25T19:05:38,6a27bd6a0000000029034996,complete,endpoint_exhausted,
account_guangzhou,9340,verified_local_broadband_guangzhou,guangzhou,2,,reply,6a2534ab000000003501eef5,2,1,2026-08-25T19:05:54,6a279d56000000002803cc22,complete,endpoint_exhausted,
account_guangzhou,9340,verified_local_broadband_guangzhou,guangzhou,0,,reply,6a2534ab000000003501eef5,0,0,2026-08-25T19:05:54,6a2be1e6000000002803ddb6,complete,endpoint_exhausted,
account_guangzhou,9340,verified_local_broadband_guangzhou,guangzhou,1,,reply,6a2534ab000000003501eef5,1,0,2026-08-25T19:05:54,6a279eca0000000028009941,complete,endpoint_exhausted,
account_guangzhou,9340,verified_local_broadband_guangzhou,guangzhou,,,top_level,6a2534ab000000003501eef5,34,4,2026-08-25T19:05:54,,complete,endpoint_exhausted,True
account_guangzhou,9340,verified_local_broadband_guangzhou,guangzhou,11,,reply,6a2505c2000000002202a71d,11,2,2026-08-25T19:12:15,6a251601000000002a026405,complete,endpoint_exhausted,
account_guangzhou,9340,verified_local_broadband_guangzhou,guangzhou,26,,reply,6a2505c2000000002202a71d,26,5,2026-08-25T19:13:31,6a25286f00000000290190d2,complete,endpoint_exhausted,
account_guangzhou,9340,verified_local_broadband_guangzhou,guangzhou,4,,reply,6a2505c2000000002202a71d,4,1,2026-08-25T19:13:46,6a2506150000000028034188,complete,endpoint_exhausted,
account_guangzhou,9340,verified_local_broadband_guangzhou,guangzhou,8,,reply,6a2505c2000000002202a71d,8,2,2026-08-25T19:14:17,6a251ee4000000002702d502,complete,endpoint_exhausted,
account_guangzhou,9340,verified_local_broadband_guangzhou,guangzhou,2,,reply,6a2505c2000000002202a71d,2,1,2026-08-25T19:14:32,6a26af4e000000002b028ce0,complete,endpoint_exhausted,
account_guangzhou,9340,verified_local_broadband_guangzhou,guangzhou,3,,reply,6a2505c2000000002202a71d,3,1,2026-08-25T19:14:48,6a265a4a0000000029035d9f,complete,endpoint_exhausted,
account_guangzhou,9340,verified_local_broadband_guangzhou,guangzhou,2,,reply,6a2505c2000000002202a71d,2,1,2026-08-25T19:15:03,6a26e3b000000000290113da,complete,endpoint_exhausted,
account_guangzhou,9340,verified_local_broadband_guangzhou,guangzhou,2,,reply,6a2505c2000000002202a71d,2,1,2026-08-25T19:15:18,6a25f342000000002902ced2,complete,endpoint_exhausted,
account_guangzhou,9340,verified_local_broadband_guangzhou,guangzhou,0,,reply,6a2505c2000000002202a71d,0,0,2026-08-25T19:15:18,6a2509cb000000002701d207,complete,endpoint_exhausted,
account_guangzhou,9340,verified_local_broadband_guangzhou,guangzhou,0,,reply,6a2505c2000000002202a71d,0,0,2026-08-25T19:15:18,6a250771000000002b02bd58,complete,endpoint_exhausted,
account_guangzhou,9340,verified_local_broadband_guangzhou,guangzhou,0,,reply,6a2505c2000000002202a71d,0,0,2026-08-25T19:15:33,6a33c518000000001501384f,complete,endpoint_exhausted,
account_guangzhou,9340,verified_local_broadband_guangzhou,guangzhou,0,,reply,6a2505c2000000002202a71d,0,0,2026-08-25T19:15:33,6a2cbc310000000029012e69,complete,endpoint_exhausted,
account_guangzhou,9340,verified_local_broadband_guangzhou,guangzhou,0,,reply,6a2505c2000000002202a71d,0,0,2026-08-25T19:15:33,6a29ef41000000002901a3e0,complete,endpoint_exhausted,
account_guangzhou,9340,verified_local_broadband_guangzhou,guangzhou,0,,reply,6a2505c2000000002202a71d,0,0,2026-08-25T19:15:33,6a29b2b600000000290130da,complete,endpoint_exhausted,
account_guangzhou,9340,verified_local_broadband_guangzhou,guangzhou,0,,reply,6a2505c2000000002202a71d,0,0,2026-08-25T19:15:33,6a2846e300000000290354c1,complete,endpoint_exhausted,
account_guangzhou,9340,verified_local_broadband_guangzhou,guangzhou,0,,reply,6a2505c2000000002202a71d,0,0,2026-08-25T19:15:33,6a28144c000000002902e78b,complete,endpoint_exhausted,
account_guangzhou,9340,verified_local_broadband_guangzhou,guangzhou,0,,reply,6a2505c2000000002202a71d,0,0,2026-08-25T19:15:33,6a279ed6000000002901022c,complete,endpoint_exhausted,
account_guangzhou,9340,verified_local_broadband_guangzhou,guangzhou,0,,reply,6a2505c2000000002202a71d,0,0,2026-08-25T19:15:33,6a27744e000000002803b57d,complete,endpoint_exhausted,
account_guangzhou,9340,verified_local_broadband_guangzhou,guangzhou,0,,reply,6a2505c2000000002202a71d,0,0,2026-08-25T19:15:33,6a2753160000000028032ff4,complete,endpoint_exhausted,
account_guangzhou,9340,verified_local_broadband_guangzhou,guangzhou,1,,reply,6a2505c2000000002202a71d,1,0,2026-08-25T19:15:33,6a2749a4000000002701e91b,complete,endpoint_exhausted,
account_guangzhou,9340,verified_local_broadband_guangzhou,guangzhou,0,,reply,6a2505c2000000002202a71d,0,0,2026-08-25T19:15:49,6a273f910000000027023db1,complete,endpoint_exhausted,
account_guangzhou,9340,verified_local_broadband_guangzhou,guangzhou,0,,reply,6a2505c2000000002202a71d,0,0,2026-08-25T19:15:49,6a26eb720000000029018d2b,complete,endpoint_exhausted,
account_guangzhou,9340,verified_local_broadband_guangzhou,guangzhou,0,,reply,6a2505c2000000002202a71d,0,0,2026-08-25T19:15:49,6a26d8ac0000000027020cd5,complete,endpoint_exhausted,
account_guangzhou,9340,verified_local_broadband_guangzhou,guangzhou,0,,reply,6a2505c2000000002202a71d,0,0,2026-08-25T19:15:49,6a26d229000000002a00791b,complete,endpoint_exhausted,
account_guangzhou,9340,verified_local_broadband_guangzhou,guangzhou,0,,reply,6a2505c2000000002202a71d,0,0,2026-08-25T19:15:49,6a268dd9000000002b024408,complete,endpoint_exhausted,
account_guangzhou,9340,verified_local_broadband_guangzhou,guangzhou,0,,reply,6a2505c2000000002202a71d,0,0,2026-08-25T19:15:49,6a267f4b000000002803ca4e,complete,endpoint_exhausted,
account_guangzhou,9340,verified_local_broadband_guangzhou,guangzhou,0,,reply,6a2505c2000000002202a71d,0,0,2026-08-25T19:15:49,6a267c26000000002a005cc1,complete,endpoint_exhausted,
account_guangzhou,9340,verified_local_broadband_guangzhou,guangzhou,0,,reply,6a2505c2000000002202a71d,0,0,2026-08-25T19:15:49,6a26663d000000002b02b8d2,complete,endpoint_exhausted,
account_guangzhou,9340,verified_local_broadband_guangzhou,guangzhou,0,,reply,6a2505c2000000002202a71d,0,0,2026-08-25T19:15:49,6a266137000000002b024463,complete,endpoint_exhausted,
account_guangzhou,9340,verified_local_broadband_guangzhou,guangzhou,0,,reply,6a2505c2000000002202a71d,0,0,2026-08-25T19:15:49,6a26570b000000002902d597,complete,endpoint_exhausted,
account_guangzhou,9340,verified_local_broadband_guangzhou,guangzhou,0,,reply,6a2505c2000000002202a71d,0,0,2026-08-25T19:16:04,6a26531000000000290187b2,complete,endpoint_exhausted,
account_guangzhou,9340,verified_local_broadband_guangzhou,guangzhou,0,,reply,6a2505c2000000002202a71d,0,0,2026-08-25T19:16:04,6a2651cc000000002b028966,complete,endpoint_exhausted,
account_guangzhou,9340,verified_local_broadband_guangzhou,guangzhou,0,,reply,6a2505c2000000002202a71d,0,0,2026-08-25T19:16:04,6a264f830000000028038811,complete,endpoint_exhausted,
account_guangzhou,9340,verified_local_broadband_guangzhou,guangzhou,0,,reply,6a2505c2000000002202a71d,0,0,2026-08-25T19:16:04,6a26394d000000002900d46f,complete,endpoint_exhausted,
account_guangzhou,9340,verified_local_broadband_guangzhou,guangzhou,0,,reply,6a2505c2000000002202a71d,0,0,2026-08-25T19:16:04,6a2630b00000000029013246,complete,endpoint_exhausted,
account_guangzhou,9340,verified_local_broadband_guangzhou,guangzhou,0,,reply,6a2505c2000000002202a71d,0,0,2026-08-25T19:16:04,6a262979000000002800a4f7,complete,endpoint_exhausted,
account_guangzhou,9340,verified_local_broadband_guangzhou,guangzhou,0,,reply,6a2505c2000000002202a71d,0,0,2026-08-25T19:16:04,6a26191b0000000029025d3a,complete,endpoint_exhausted,
account_guangzhou,9340,verified_local_broadband_guangzhou,guangzhou,0,,reply,6a2505c2000000002202a71d,0,0,2026-08-25T19:16:04,6a260f4e000000002900d5f0,complete,endpoint_exhausted,
account_guangzhou,9340,verified_local_broadband_guangzhou,guangzhou,0,,reply,6a2505c2000000002202a71d,0,0,2026-08-25T19:16:04,6a260a630000000028009600,complete,endpoint_exhausted,
account_guangzhou,9340,verified_local_broadband_guangzhou,guangzhou,0,,reply,6a2505c2000000002202a71d,0,0,2026-08-25T19:16:04,6a260988000000002702ce09,complete,endpoint_exhausted,
account_guangzhou,9340,verified_local_broadband_guangzhou,guangzhou,0,,reply,6a2505c2000000002202a71d,0,0,2026-08-25T19:16:20,6a2604d000000000290357ae,complete,endpoint_exhausted,
account_guangzhou,9340,verified_local_broadband_guangzhou,guangzhou,0,,reply,6a2505c2000000002202a71d,0,0,2026-08-25T19:16:20,6a25fff40000000029012fe4,complete,endpoint_exhausted,
account_guangzhou,9340,verified_local_broadband_guangzhou,guangzhou,0,,reply,6a2505c2000000002202a71d,0,0,2026-08-25T19:16:20,6a25f853000000002a0270f1,complete,endpoint_exhausted,
account_guangzhou,9340,verified_local_broadband_guangzhou,guangzhou,0,,reply,6a2505c2000000002202a71d,0,0,2026-08-25T19:16:20,6a25a41e0000000028009f6d,complete,endpoint_exhausted,
account_guangzhou,9340,verified_local_broadband_guangzhou,guangzhou,0,,reply,6a2505c2000000002202a71d,0,0,2026-08-25T19:16:20,6a25948b0000000028033ff4,complete,endpoint_exhausted,
account_guangzhou,9340,verified_local_broadband_guangzhou,guangzhou,0,,reply,6a2505c2000000002202a71d,0,0,2026-08-25T19:16:20,6a258984000000002902f571,complete,endpoint_exhausted,
account_guangzhou,9340,verified_local_broadband_guangzhou,guangzhou,0,,reply,6a2505c2000000002202a71d,0,0,2026-08-25T19:16:20,6a2586e8000000002803f357,complete,endpoint_exhausted,
account_guangzhou,9340,verified_local_broadband_guangzhou,guangzhou,0,,reply,6a2505c2000000002202a71d,0,0,2026-08-25T19:16:20,6a2585760000000029011543,complete,endpoint_exhausted,
account_guangzhou,9340,verified_local_broadband_guangzhou,guangzhou,0,,reply,6a2505c2000000002202a71d,0,0,2026-08-25T19:16:20,6a258547000000002a0067e2,complete,endpoint_exhausted,
account_guangzhou,9340,verified_local_broadband_guangzhou,guangzhou,0,,reply,6a2505c2000000002202a71d,0,0,2026-08-25T19:16:20,6a25825800000000290190bf,complete,endpoint_exhausted,
account_guangzhou,9340,verified_local_broadband_guangzhou,guangzhou,0,,reply,6a2505c2000000002202a71d,0,0,2026-08-25T19:16:35,6a257cd20000000029035cce,complete,endpoint_exhausted,
account_guangzhou,9340,verified_local_broadband_guangzhou,guangzhou,0,,reply,6a2505c2000000002202a71d,0,0,2026-08-25T19:16:35,6a25723d000000002a026a2b,complete,endpoint_exhausted,
account_guangzhou,9340,verified_local_broadband_guangzhou,guangzhou,0,,reply,6a2505c2000000002202a71d,0,0,2026-08-25T19:16:35,6a256d330000000029036586,complete,endpoint_exhausted,
account_guangzhou,9340,verified_local_broadband_guangzhou,guangzhou,0,,reply,6a2505c2000000002202a71d,0,0,2026-08-25T19:16:35,6a25633a0000000027021965,complete,endpoint_exhausted,
account_guangzhou,9340,verified_local_broadband_guangzhou,guangzhou,1,,reply,6a2505c2000000002202a71d,1,0,2026-08-25T19:16:35,6a2554010000000027014acf,complete,endpoint_exhausted,
account_guangzhou,9340,verified_local_broadband_guangzhou,guangzhou,0,,reply,6a2505c2000000002202a71d,0,0,2026-08-25T19:16:35,6a25436a0000000027016fc4,complete,endpoint_exhausted,
account_guangzhou,9340,verified_local_broadband_guangzhou,guangzhou,0,,reply,6a2505c2000000002202a71d,0,0,2026-08-25T19:16:35,6a2523a2000000002b003c3c,complete,endpoint_exhausted,
account_guangzhou,9340,verified_local_broadband_guangzhou,guangzhou,0,,reply,6a2505c2000000002202a71d,0,0,2026-08-25T19:16:35,6a251bc100000000290374c8,complete,endpoint_exhausted,
account_guangzhou,9340,verified_local_broadband_guangzhou,guangzhou,0,,reply,6a2505c2000000002202a71d,0,0,2026-08-25T19:16:35,6a251af5000000002902455b,complete,endpoint_exhausted,
account_guangzhou,9340,verified_local_broadband_guangzhou,guangzhou,0,,reply,6a2505c2000000002202a71d,0,0,2026-08-25T19:16:35,6a2516cc000000002a0052ad,complete,endpoint_exhausted,
account_guangzhou,9340,verified_local_broadband_guangzhou,guangzhou,0,,reply,6a2505c2000000002202a71d,0,0,2026-08-25T19:16:50,6a2515f1000000002a006b8d,complete,endpoint_exhausted,
account_guangzhou,9340,verified_local_broadband_guangzhou,guangzhou,0,,reply,6a2505c2000000002202a71d,0,0,2026-08-25T19:16:50,6a251517000000002a02e262,complete,endpoint_exhausted,
account_guangzhou,9340,verified_local_broadband_guangzhou,guangzhou,0,,reply,6a2505c2000000002202a71d,0,0,2026-08-25T19:16:50,6a251457000000002902cab1,complete,endpoint_exhausted,
account_guangzhou,9340,verified_local_broadband_guangzhou,guangzhou,0,,reply,6a2505c2000000002202a71d,0,0,2026-08-25T19:16:50,6a250f760000000028030399,complete,endpoint_exhausted,
account_guangzhou,9340,verified_local_broadband_guangzhou,guangzhou,0,,reply,6a2505c2000000002202a71d,0,0,2026-08-25T19:16:50,6a250d37000000002803aa89,complete,endpoint_exhausted,
account_guangzhou,9340,verified_local_broadband_guangzhou,guangzhou,0,,reply,6a2505c2000000002202a71d,0,0,2026-08-25T19:16:50,6a250af7000000002900f72a,complete,endpoint_exhausted,
account_guangzhou,9340,verified_local_broadband_guangzhou,guangzhou,0,,reply,6a2505c2000000002202a71d,0,0,2026-08-25T19:16:50,6a283538000000002a02cdcf,complete,endpoint_exhausted,
account_guangzhou,9340,verified_local_broadband_guangzhou,guangzhou,0,,reply,6a2505c2000000002202a71d,0,0,2026-08-25T19:16:50,6a2784cc000000002a03272f,complete,endpoint_exhausted,
account_guangzhou,9340,verified_local_broadband_guangzhou,guangzhou,0,,reply,6a2505c2000000002202a71d,0,0,2026-08-25T19:16:50,6a26a9a10000000027020c98,complete,endpoint_exhausted,
account_guangzhou,9340,verified_local_broadband_guangzhou,guangzhou,0,,reply,6a2505c2000000002202a71d,0,0,2026-08-25T19:16:50,6a26359600000000280337b4,complete,endpoint_exhausted,
account_guangzhou,9340,verified_local_broadband_guangzhou,guangzhou,0,,reply,6a2505c2000000002202a71d,0,0,2026-08-25T19:17:06,6a26257d0000000029037dc3,complete,endpoint_exhausted,
account_guangzhou,9340,verified_local_broadband_guangzhou,guangzhou,0,,reply,6a2505c2000000002202a71d,0,0,2026-08-25T19:17:06,6a2608b80000000029035d28,complete,endpoint_exhausted,
account_guangzhou,9340,verified_local_broadband_guangzhou,guangzhou,0,,reply,6a2505c2000000002202a71d,0,0,2026-08-25T19:17:06,6a26035000000000280390e9,complete,endpoint_exhausted,
account_guangzhou,9340,verified_local_broadband_guangzhou,guangzhou,8,,reply,6a2505c2000000002202a71d,8,2,2026-08-25T19:17:36,6a2577fb000000002702a90a,complete,endpoint_exhausted,
account_guangzhou,9340,verified_local_broadband_guangzhou,guangzhou,1,,reply,6a2505c2000000002202a71d,1,0,2026-08-25T19:17:36,6a2574980000000028008bcb,complete,endpoint_exhausted,
account_guangzhou,9340,verified_local_broadband_guangzhou,guangzhou,4,,reply,6a2505c2000000002202a71d,4,1,2026-08-25T19:17:51,6a2559060000000029011d60,complete,endpoint_exhausted,
account_guangzhou,9340,verified_local_broadband_guangzhou,guangzhou,0,,reply,6a2505c2000000002202a71d,0,0,2026-08-25T19:17:51,6a255531000000002701d090,complete,endpoint_exhausted,
account_guangzhou,9340,verified_local_broadband_guangzhou,guangzhou,0,,reply,6a2505c2000000002202a71d,0,0,2026-08-25T19:17:51,6a25338e000000002900ef28,complete,endpoint_exhausted,
account_guangzhou,9340,verified_local_broadband_guangzhou,guangzhou,0,,reply,6a2505c2000000002202a71d,0,0,2026-08-25T19:17:51,6a252bd4000000002803c53b,complete,endpoint_exhausted,
account_guangzhou,9340,verified_local_broadband_guangzhou,guangzhou,0,,reply,6a2505c2000000002202a71d,0,0,2026-08-25T19:17:51,6a2524a00000000027023e9e,complete,endpoint_exhausted,
account_guangzhou,9340,verified_local_broadband_guangzhou,guangzhou,0,,reply,6a2505c2000000002202a71d,0,0,2026-08-25T19:18:07,6a251efd0000000028009054,complete,endpoint_exhausted,
account_guangzhou,9340,verified_local_broadband_guangzhou,guangzhou,1,,reply,6a2505c2000000002202a71d,1,0,2026-08-25T19:18:07,6a2510b80000000028030dac,complete,endpoint_exhausted,
account_guangzhou,9340,verified_local_broadband_guangzhou,guangzhou,0,,reply,6a2505c2000000002202a71d,0,0,2026-08-25T19:18:07,6a256fc3000000002902d2b3,complete,endpoint_exhausted,
account_guangzhou,9340,verified_local_broadband_guangzhou,guangzhou,,,top_level,6a2505c2000000002202a71d,83,9,2026-08-25T19:18:07,,complete,endpoint_exhausted,True
account_guangzhou,9340,verified_local_broadband_guangzhou,guangzhou,,,top_level,6a2378330000000035039ce9,0,1,2026-08-25T19:23:56,,complete,endpoint_exhausted,True
account_guangzhou,9340,verified_local_broadband_guangzhou,guangzhou,28,,reply,6a2591ea000000002202d57c,28,6,2026-08-25T19:31:17,6a2627af000000002803fe64,complete,endpoint_exhausted,
account_guangzhou,9340,verified_local_broadband_guangzhou,guangzhou,33,,reply,6a2591ea000000002202d57c,33,7,2026-08-25T19:33:04,6a263e7800000000290128e3,complete,endpoint_exhausted,
account_guangzhou,9340,verified_local_broadband_guangzhou,guangzhou,7,,reply,6a2591ea000000002202d57c,7,2,2026-08-25T19:33:35,6a2648350000000029019cae,complete,endpoint_exhausted,
account_guangzhou,9340,verified_local_broadband_guangzhou,guangzhou,0,,reply,6a2591ea000000002202d57c,0,0,2026-08-25T19:33:35,6a8bce3a000000000200db15,complete,endpoint_exhausted,
account_guangzhou,9340,verified_local_broadband_guangzhou,guangzhou,4,,reply,6a2591ea000000002202d57c,4,1,2026-08-25T19:33:50,6a25b32a0000000028009525,complete,endpoint_exhausted,
account_guangzhou,9340,verified_local_broadband_guangzhou,guangzhou,9,,reply,6a2591ea000000002202d57c,9,2,2026-08-25T19:34:20,6a2646e0000000002900ec28,complete,endpoint_exhausted,
account_guangzhou,9340,verified_local_broadband_guangzhou,guangzhou,2,,reply,6a2591ea000000002202d57c,2,1,2026-08-25T19:34:36,6a2a864b0000000027028142,complete,endpoint_exhausted,
account_guangzhou,9340,verified_local_broadband_guangzhou,guangzhou,2,,reply,6a2591ea000000002202d57c,2,1,2026-08-25T19:34:51,6a27a39f000000002702c5d6,complete,endpoint_exhausted,
account_guangzhou,9340,verified_local_broadband_guangzhou,guangzhou,6,,reply,6a2591ea000000002202d57c,6,1,2026-08-25T19:35:06,6a3161900000000029036158,complete,endpoint_exhausted,
account_guangzhou,9340,verified_local_broadband_guangzhou,guangzhou,9,,reply,6a2591ea000000002202d57c,9,2,2026-08-25T19:35:37,6a2607ce0000000029024431,complete,endpoint_exhausted,
account_guangzhou,9340,verified_local_broadband_guangzhou,guangzhou,2,,reply,6a2591ea000000002202d57c,2,1,2026-08-25T19:36:07,6a2607820000000029011774,complete,endpoint_exhausted,
account_guangzhou,9340,verified_local_broadband_guangzhou,guangzhou,2,,reply,6a2591ea000000002202d57c,2,1,2026-08-25T19:36:23,6a25d4fb000000002803aa99,complete,endpoint_exhausted,
account_guangzhou,9340,verified_local_broadband_guangzhou,guangzhou,1,,reply,6a2591ea000000002202d57c,1,0,2026-08-25T19:36:23,6a27d0ef0000000027017dc2,complete,endpoint_exhausted,
account_guangzhou,9340,verified_local_broadband_guangzhou,guangzhou,2,,reply,6a2591ea000000002202d57c,2,1,2026-08-25T19:36:38,6a261bb4000000002b026ec1,complete,endpoint_exhausted,
account_guangzhou,9340,verified_local_broadband_guangzhou,guangzhou,5,,reply,6a2591ea000000002202d57c,5,1,2026-08-25T19:36:53,6a2619120000000027029b56,complete,endpoint_exhausted,
account_guangzhou,9340,verified_local_broadband_guangzhou,guangzhou,4,,reply,6a2591ea000000002202d57c,4,1,2026-08-25T19:37:09,6a2622ef000000002803858d,complete,endpoint_exhausted,
account_guangzhou,9340,verified_local_broadband_guangzhou,guangzhou,5,,reply,6a2591ea000000002202d57c,5,1,2026-08-25T19:37:24,6a261be1000000002b027520,complete,endpoint_exhausted,
account_guangzhou,9340,verified_local_broadband_guangzhou,guangzhou,2,,reply,6a2591ea000000002202d57c,2,1,2026-08-25T19:37:39,6a2622830000000028036324,complete,endpoint_exhausted,
account_guangzhou,9340,verified_local_broadband_guangzhou,guangzhou,1,,reply,6a2591ea000000002202d57c,1,0,2026-08-25T19:37:39,6a284b62000000002702bfdb,complete,endpoint_exhausted,
account_guangzhou,9340,verified_local_broadband_guangzhou,guangzhou,2,,reply,6a2591ea000000002202d57c,2,1,2026-08-25T19:37:54,6a264e9b000000002a031230,complete,endpoint_exhausted,
account_guangzhou,9340,verified_local_broadband_guangzhou,guangzhou,2,,reply,6a2591ea000000002202d57c,2,1,2026-08-25T19:38:25,6a26257b000000002803bfb1,complete,endpoint_exhausted,
account_guangzhou,9340,verified_local_broadband_guangzhou,guangzhou,1,,reply,6a2591ea000000002202d57c,1,0,2026-08-25T19:38:25,6a2894df000000002702f354,complete,endpoint_exhausted,
account_guangzhou,9340,verified_local_broadband_guangzhou,guangzhou,1,,reply,6a2591ea000000002202d57c,1,0,2026-08-25T19:38:25,6a264edc0000000028030278,complete,endpoint_exhausted,
account_guangzhou,9340,verified_local_broadband_guangzhou,guangzhou,1,,reply,6a2591ea000000002202d57c,1,0,2026-08-25T19:38:25,6a28146d00000000270217ad,complete,endpoint_exhausted,
account_guangzhou,9340,verified_local_broadband_guangzhou,guangzhou,0,,reply,6a2591ea000000002202d57c,0,0,2026-08-25T19:38:25,6a25fd1000000000270219a5,complete,endpoint_exhausted,
account_guangzhou,9340,verified_local_broadband_guangzhou,guangzhou,0,,reply,6a2591ea000000002202d57c,0,0,2026-08-25T19:38:25,6a25f41b0000000027021ad3,complete,endpoint_exhausted,
account_guangzhou,9340,verified_local_broadband_guangzhou,guangzhou,1,,reply,6a2591ea000000002202d57c,1,0,2026-08-25T19:38:25,6a25b118000000002a03359c,complete,endpoint_exhausted,
account_guangzhou,9340,verified_local_broadband_guangzhou,guangzhou,0,,reply,6a2591ea000000002202d57c,0,0,2026-08-25T19:38:25,6a262b890000000027021c4f,complete,endpoint_exhausted,
account_guangzhou,9340,verified_local_broadband_guangzhou,guangzhou,0,,reply,6a2591ea000000002202d57c,0,0,2026-08-25T19:38:25,6a261a3f000000002901165f,complete,endpoint_exhausted,
account_guangzhou,9340,verified_local_broadband_guangzhou,guangzhou,0,,reply,6a2591ea000000002202d57c,0,0,2026-08-25T19:38:25,6a2651e900000000270148ca,complete,endpoint_exhausted,
account_guangzhou,9340,verified_local_broadband_guangzhou,guangzhou,0,,reply,6a2591ea000000002202d57c,0,0,2026-08-25T19:38:40,6a2623f90000000028031145,complete,endpoint_exhausted,
account_guangzhou,9340,verified_local_broadband_guangzhou,guangzhou,0,,reply,6a2591ea000000002202d57c,0,0,2026-08-25T19:38:40,6a26680a000000002900ff11,complete,endpoint_exhausted,
account_guangzhou,9340,verified_local_broadband_guangzhou,guangzhou,0,,reply,6a2591ea000000002202d57c,0,0,2026-08-25T19:38:40,6a265a400000000029024e1f,complete,endpoint_exhausted,
account_guangzhou,9340,verified_local_broadband_guangzhou,guangzhou,0,,reply,6a2591ea000000002202d57c,0,0,2026-08-25T19:38:40,6a26367b000000002900ff76,complete,endpoint_exhausted,
account_guangzhou,9340,verified_local_broadband_guangzhou,guangzhou,0,,reply,6a2591ea000000002202d57c,0,0,2026-08-25T19:38:40,6a264b52000000002702d5ab,complete,endpoint_exhausted,
account_guangzhou,9340,verified_local_broadband_guangzhou,guangzhou,1,,reply,6a2591ea000000002202d57c,1,0,2026-08-25T19:38:40,6a26caa60000000029027e93,complete,endpoint_exhausted,
account_guangzhou,9340,verified_local_broadband_guangzhou,guangzhou,0,,reply,6a2591ea000000002202d57c,0,0,2026-08-25T19:38:40,6a265a5c000000002a02c4b1,complete,endpoint_exhausted,
account_guangzhou,9340,verified_local_broadband_guangzhou,guangzhou,0,,reply,6a2591ea000000002202d57c,0,0,2026-08-25T19:38:40,6a2a8b53000000002803da5b,complete,endpoint_exhausted,
account_guangzhou,9340,verified_local_broadband_guangzhou,guangzhou,0,,reply,6a2591ea000000002202d57c,0,0,2026-08-25T19:38:40,6a2694f900000000280319c8,complete,endpoint_exhausted,
account_guangzhou,9340,verified_local_broadband_guangzhou,guangzhou,0,,reply,6a2591ea000000002202d57c,0,0,2026-08-25T19:38:40,6a26598d000000002a02e83f,complete,endpoint_exhausted,
account_guangzhou,9340,verified_local_broadband_guangzhou,guangzhou,0,,reply,6a2591ea000000002202d57c,0,0,2026-08-25T19:38:56,6a3892cf000000001501124a,complete,endpoint_exhausted,
account_guangzhou,9340,verified_local_broadband_guangzhou,guangzhou,0,,reply,6a2591ea000000002202d57c,0,0,2026-08-25T19:38:56,6a2677fc0000000027029844,complete,endpoint_exhausted,
account_guangzhou,9340,verified_local_broadband_guangzhou,guangzhou,0,,reply,6a2591ea000000002202d57c,0,0,2026-08-25T19:38:56,6a2627450000000027021970,complete,endpoint_exhausted,
account_guangzhou,9340,verified_local_broadband_guangzhou,guangzhou,0,,reply,6a2591ea000000002202d57c,0,0,2026-08-25T19:38:56,6a262c4a0000000028036fba,complete,endpoint_exhausted,
account_guangzhou,9340,verified_local_broadband_guangzhou,guangzhou,0,,reply,6a2591ea000000002202d57c,0,0,2026-08-25T19:38:56,6a3da928000000002b02bc21,complete,endpoint_exhausted,
account_guangzhou,9340,verified_local_broadband_guangzhou,guangzhou,0,,reply,6a2591ea000000002202d57c,0,0,2026-08-25T19:38:56,6a2a17800000000029019e13,complete,endpoint_exhausted,
account_guangzhou,9340,verified_local_broadband_guangzhou,guangzhou,0,,reply,6a2591ea000000002202d57c,0,0,2026-08-25T19:38:56,6a26df190000000028038b12,complete,endpoint_exhausted,
account_guangzhou,9340,verified_local_broadband_guangzhou,guangzhou,0,,reply,6a2591ea000000002202d57c,0,0,2026-08-25T19:38:56,6a26242c000000002b027974,complete,endpoint_exhausted,
account_guangzhou,9340,verified_local_broadband_guangzhou,guangzhou,0,,reply,6a2591ea000000002202d57c,0,0,2026-08-25T19:38:56,6a2612150000000029025f39,complete,endpoint_exhausted,
account_guangzhou,9340,verified_local_broadband_guangzhou,guangzhou,0,,reply,6a2591ea000000002202d57c,0,0,2026-08-25T19:38:56,6a3795a0000000002901a01d,complete,endpoint_exhausted,
account_guangzhou,9340,verified_local_broadband_guangzhou,guangzhou,0,,reply,6a2591ea000000002202d57c,0,0,2026-08-25T19:39:11,6a263b00000000002701c359,complete,endpoint_exhausted,
account_guangzhou,9340,verified_local_broadband_guangzhou,guangzhou,0,,reply,6a2591ea000000002202d57c,0,0,2026-08-25T19:39:11,6a2632df000000002803a45e,complete,endpoint_exhausted,
account_guangzhou,9340,verified_local_broadband_guangzhou,guangzhou,0,,reply,6a2591ea000000002202d57c,0,0,2026-08-25T19:39:11,6a26497a000000002701d9ba,complete,endpoint_exhausted,
account_guangzhou,9340,verified_local_broadband_guangzhou,guangzhou,0,,reply,6a2591ea000000002202d57c,0,0,2026-08-25T19:39:11,6a26216b0000000029026144,complete,endpoint_exhausted,
account_guangzhou,9340,verified_local_broadband_guangzhou,guangzhou,0,,reply,6a2591ea000000002202d57c,0,0,2026-08-25T19:39:11,6a26ce4d000000002803ccd1,complete,endpoint_exhausted,
account_guangzhou,9340,verified_local_broadband_guangzhou,guangzhou,0,,reply,6a2591ea000000002202d57c,0,0,2026-08-25T19:39:11,6a266e73000000002a02f5b1,complete,endpoint_exhausted,
account_guangzhou,9340,verified_local_broadband_guangzhou,guangzhou,0,,reply,6a2591ea000000002202d57c,0,0,2026-08-25T19:39:11,6a265739000000002b0294da,complete,endpoint_exhausted,
account_guangzhou,9340,verified_local_broadband_guangzhou,guangzhou,0,,reply,6a2591ea000000002202d57c,0,0,2026-08-25T19:39:11,6a2bc1270000000029012555,complete,endpoint_exhausted,
account_guangzhou,9340,verified_local_broadband_guangzhou,guangzhou,0,,reply,6a2591ea000000002202d57c,0,0,2026-08-25T19:39:11,6a25a565000000002a025453,complete,endpoint_exhausted,
account_guangzhou,9340,verified_local_broadband_guangzhou,guangzhou,0,,reply,6a2591ea000000002202d57c,0,0,2026-08-25T19:39:11,6a264a050000000028039a3f,complete,endpoint_exhausted,
account_guangzhou,9340,verified_local_broadband_guangzhou,guangzhou,0,,reply,6a2591ea000000002202d57c,0,0,2026-08-25T19:39:26,6a28ef3b000000002900f453,complete,endpoint_exhausted,
account_guangzhou,9340,verified_local_broadband_guangzhou,guangzhou,0,,reply,6a2591ea000000002202d57c,0,0,2026-08-25T19:39:26,6a28b71a000000002b00048c,complete,endpoint_exhausted,
account_guangzhou,9340,verified_local_broadband_guangzhou,guangzhou,0,,reply,6a2591ea000000002202d57c,0,0,2026-08-25T19:39:26,6a2648d6000000002803353a,complete,endpoint_exhausted,
account_guangzhou,9340,verified_local_broadband_guangzhou,guangzhou,0,,reply,6a2591ea000000002202d57c,0,0,2026-08-25T19:39:26,6a801a78000000000703bc74,complete,endpoint_exhausted,
account_guangzhou,9340,verified_local_broadband_guangzhou,guangzhou,0,,reply,6a2591ea000000002202d57c,0,0,2026-08-25T19:39:26,6a264af90000000028008cb4,complete,endpoint_exhausted,
account_guangzhou,9340,verified_local_broadband_guangzhou,guangzhou,0,,reply,6a2591ea000000002202d57c,0,0,2026-08-25T19:39:26,6a25eef20000000028035399,complete,endpoint_exhausted,
account_guangzhou,9340,verified_local_broadband_guangzhou,guangzhou,0,,reply,6a2591ea000000002202d57c,0,0,2026-08-25T19:39:26,6a25e3a70000000029013f43,complete,endpoint_exhausted,
account_guangzhou,9340,verified_local_broadband_guangzhou,guangzhou,0,,reply,6a2591ea000000002202d57c,0,0,2026-08-25T19:39:26,6a26002f0000000028034a6f,complete,endpoint_exhausted,
account_guangzhou,9340,verified_local_broadband_guangzhou,guangzhou,0,,reply,6a2591ea000000002202d57c,0,0,2026-08-25T19:39:26,6a2c20f400000000270286b1,complete,endpoint_exhausted,
account_guangzhou,9340,verified_local_broadband_guangzhou,guangzhou,0,,reply,6a2591ea000000002202d57c,0,0,2026-08-25T19:39:26,6a26b909000000002803322a,complete,endpoint_exhausted,
account_guangzhou,9340,verified_local_broadband_guangzhou,guangzhou,0,,reply,6a2591ea000000002202d57c,0,0,2026-08-25T19:39:42,6a47abb200000000150071a5,complete,endpoint_exhausted,
account_guangzhou,9340,verified_local_broadband_guangzhou,guangzhou,0,,reply,6a2591ea000000002202d57c,0,0,2026-08-25T19:39:42,6a39e6510000000029035ad1,complete,endpoint_exhausted,
account_guangzhou,9340,verified_local_broadband_guangzhou,guangzhou,0,,reply,6a2591ea000000002202d57c,0,0,2026-08-25T19:39:42,6a3233db000000002803f084,complete,endpoint_exhausted,
account_guangzhou,9340,verified_local_broadband_guangzhou,guangzhou,0,,reply,6a2591ea000000002202d57c,0,0,2026-08-25T19:39:42,6a2ba6ca000000002a0068de,complete,endpoint_exhausted,
account_guangzhou,9340,verified_local_broadband_guangzhou,guangzhou,0,,reply,6a2591ea000000002202d57c,0,0,2026-08-25T19:39:42,6a2ce54f0000000027020b2e,complete,endpoint_exhausted,
account_guangzhou,9340,verified_local_broadband_guangzhou,guangzhou,0,,reply,6a2591ea000000002202d57c,0,0,2026-08-25T19:39:42,6a4224350000000015003b3f,complete,endpoint_exhausted,
account_guangzhou,9340,verified_local_broadband_guangzhou,guangzhou,0,,reply,6a2591ea000000002202d57c,0,0,2026-08-25T19:39:42,6a3ddce3000000001501384c,complete,endpoint_exhausted,
account_guangzhou,9340,verified_local_broadband_guangzhou,guangzhou,0,,reply,6a2591ea000000002202d57c,0,0,2026-08-25T19:39:42,6a2685e80000000028034be5,complete,endpoint_exhausted,
account_guangzhou,9340,verified_local_broadband_guangzhou,guangzhou,0,,reply,6a2591ea000000002202d57c,0,0,2026-08-25T19:39:42,6a266b57000000002701774a,complete,endpoint_exhausted,
account_guangzhou,9340,verified_local_broadband_guangzhou,guangzhou,0,,reply,6a2591ea000000002202d57c,0,0,2026-08-25T19:39:42,6a28d0be000000002803352f,complete,endpoint_exhausted,
account_guangzhou,9340,verified_local_broadband_guangzhou,guangzhou,0,,reply,6a2591ea000000002202d57c,0,0,2026-08-25T19:39:57,6a2769a60000000028030545,complete,endpoint_exhausted,
account_guangzhou,9340,verified_local_broadband_guangzhou,guangzhou,0,,reply,6a2591ea000000002202d57c,0,0,2026-08-25T19:39:57,6a3e6672000000000500afe3,complete,endpoint_exhausted,
account_guangzhou,9340,verified_local_broadband_guangzhou,guangzhou,0,,reply,6a2591ea000000002202d57c,0,0,2026-08-25T19:39:57,6a2656ca000000002a02feb9,complete,endpoint_exhausted,
account_guangzhou,9340,verified_local_broadband_guangzhou,guangzhou,0,,reply,6a2591ea000000002202d57c,0,0,2026-08-25T19:39:57,6a4b1c8c000000002b02b800,complete,endpoint_exhausted,
account_guangzhou,9340,verified_local_broadband_guangzhou,guangzhou,0,,reply,6a2591ea000000002202d57c,0,0,2026-08-25T19:39:57,6a43a5a50000000029037c78,complete,endpoint_exhausted,
account_guangzhou,9340,verified_local_broadband_guangzhou,guangzhou,0,,reply,6a2591ea000000002202d57c,0,0,2026-08-25T19:39:57,6a4224300000000015015a16,complete,endpoint_exhausted,
account_guangzhou,9340,verified_local_broadband_guangzhou,guangzhou,0,,reply,6a2591ea000000002202d57c,0,0,2026-08-25T19:39:57,6a3d9fe60000000014038f0a,complete,endpoint_exhausted,
account_guangzhou,9340,verified_local_broadband_guangzhou,guangzhou,0,,reply,6a2591ea000000002202d57c,0,0,2026-08-25T19:39:57,6a3d9e260000000005016d0d,complete,endpoint_exhausted,
account_guangzhou,9340,verified_local_broadband_guangzhou,guangzhou,1,,reply,6a2591ea000000002202d57c,1,0,2026-08-25T19:39:57,6a3cd23e000000002a02c11c,complete,endpoint_exhausted,
account_guangzhou,9340,verified_local_broadband_guangzhou,guangzhou,0,,reply,6a2591ea000000002202d57c,0,0,2026-08-25T19:39:57,6a3bb8ca0000000014039392,complete,endpoint_exhausted,
account_guangzhou,9340,verified_local_broadband_guangzhou,guangzhou,0,,reply,6a2591ea000000002202d57c,0,0,2026-08-25T19:40:12,6a39e6a5000000002a02e1f4,complete,endpoint_exhausted,
account_guangzhou,9340,verified_local_broadband_guangzhou,guangzhou,0,,reply,6a2591ea000000002202d57c,0,0,2026-08-25T19:40:12,6a39c695000000002b001734,complete,endpoint_exhausted,
account_guangzhou,9340,verified_local_broadband_guangzhou,guangzhou,0,,reply,6a2591ea000000002202d57c,0,0,2026-08-25T19:40:12,6a38e806000000001500b1d1,complete,endpoint_exhausted,
account_guangzhou,9340,verified_local_broadband_guangzhou,guangzhou,0,,reply,6a2591ea000000002202d57c,0,0,2026-08-25T19:40:12,6a38925b000000001403b4a0,complete,endpoint_exhausted,
account_guangzhou,9340,verified_local_broadband_guangzhou,guangzhou,0,,reply,6a2591ea000000002202d57c,0,0,2026-08-25T19:40:12,6a369e4d0000000015006639,complete,endpoint_exhausted,
account_guangzhou,9340,verified_local_broadband_guangzhou,guangzhou,0,,reply,6a2591ea000000002202d57c,0,0,2026-08-25T19:40:12,6a2cc0c6000000002803a9c8,complete,endpoint_exhausted,
account_guangzhou,9340,verified_local_broadband_guangzhou,guangzhou,0,,reply,6a2591ea000000002202d57c,0,0,2026-08-25T19:40:12,6a2bfe780000000029036c46,complete,endpoint_exhausted,
account_guangzhou,9340,verified_local_broadband_guangzhou,guangzhou,0,,reply,6a2591ea000000002202d57c,0,0,2026-08-25T19:40:12,6a2babb80000000027021141,complete,endpoint_exhausted,
account_guangzhou,9340,verified_local_broadband_guangzhou,guangzhou,0,,reply,6a2591ea000000002202d57c,0,0,2026-08-25T19:40:12,6a2ab5340000000029025808,complete,endpoint_exhausted,
account_guangzhou,9340,verified_local_broadband_guangzhou,guangzhou,0,,reply,6a2591ea000000002202d57c,0,0,2026-08-25T19:40:12,6a2a46e60000000029012b46,complete,endpoint_exhausted,
account_guangzhou,9340,verified_local_broadband_guangzhou,guangzhou,0,,reply,6a2591ea000000002202d57c,0,0,2026-08-25T19:40:27,6a2a40b10000000029037343,complete,endpoint_exhausted,
account_guangzhou,9340,verified_local_broadband_guangzhou,guangzhou,0,,reply,6a2591ea000000002202d57c,0,0,2026-08-25T19:40:27,6a2a3c17000000002702309b,complete,endpoint_exhausted,
account_guangzhou,9340,verified_local_broadband_guangzhou,guangzhou,0,,reply,6a2591ea000000002202d57c,0,0,2026-08-25T19:40:27,6a2a3514000000002900f139,complete,endpoint_exhausted,
account_guangzhou,9340,verified_local_broadband_guangzhou,guangzhou,0,,reply,6a2591ea000000002202d57c,0,0,2026-08-25T19:40:27,6a2a331200000000280335cf,complete,endpoint_exhausted,
account_guangzhou,9340,verified_local_broadband_guangzhou,guangzhou,0,,reply,6a2591ea000000002202d57c,0,0,2026-08-25T19:40:27,6a2a2da8000000002803c941,complete,endpoint_exhausted,
account_guangzhou,9340,verified_local_broadband_guangzhou,guangzhou,0,,reply,6a2591ea000000002202d57c,0,0,2026-08-25T19:40:27,6a298b610000000027020e18,complete,endpoint_exhausted,
account_guangzhou,9340,verified_local_broadband_guangzhou,guangzhou,0,,reply,6a2591ea000000002202d57c,0,0,2026-08-25T19:40:27,6a296141000000002b0271c1,complete,endpoint_exhausted,
account_guangzhou,9340,verified_local_broadband_guangzhou,guangzhou,0,,reply,6a2591ea000000002202d57c,0,0,2026-08-25T19:40:27,6a294962000000002701425a,complete,endpoint_exhausted,
account_guangzhou,9340,verified_local_broadband_guangzhou,guangzhou,0,,reply,6a2591ea000000002202d57c,0,0,2026-08-25T19:40:27,6a2945480000000027021b0e,complete,endpoint_exhausted,
account_guangzhou,9340,verified_local_broadband_guangzhou,guangzhou,0,,reply,6a2591ea000000002202d57c,0,0,2026-08-25T19:40:27,6a28f811000000002b00347a,complete,endpoint_exhausted,
account_guangzhou,9340,verified_local_broadband_guangzhou,guangzhou,0,,reply,6a2591ea000000002202d57c,0,0,2026-08-25T19:40:43,6a28f622000000002701788f,complete,endpoint_exhausted,
account_guangzhou,9340,verified_local_broadband_guangzhou,guangzhou,0,,reply,6a2591ea000000002202d57c,0,0,2026-08-25T19:40:43,6a28edd4000000002b02b9f6,complete,endpoint_exhausted,
account_guangzhou,9340,verified_local_broadband_guangzhou,guangzhou,0,,reply,6a2591ea000000002202d57c,0,0,2026-08-25T19:40:43,6a28e90a0000000028034d7d,complete,endpoint_exhausted,
account_guangzhou,9340,verified_local_broadband_guangzhou,guangzhou,0,,reply,6a2591ea000000002202d57c,0,0,2026-08-25T19:40:43,6a28e676000000002a02dd22,complete,endpoint_exhausted,
account_guangzhou,9340,verified_local_broadband_guangzhou,guangzhou,0,,reply,6a2591ea000000002202d57c,0,0,2026-08-25T19:40:43,6a28db7f0000000028037885,complete,endpoint_exhausted,
account_guangzhou,9340,verified_local_broadband_guangzhou,guangzhou,0,,reply,6a2591ea000000002202d57c,0,0,2026-08-25T19:40:43,6a28a5de000000002b003be1,complete,endpoint_exhausted,
account_guangzhou,9340,verified_local_broadband_guangzhou,guangzhou,0,,reply,6a2591ea000000002202d57c,0,0,2026-08-25T19:40:43,6a28921e000000002701e2f7,complete,endpoint_exhausted,
account_guangzhou,9340,verified_local_broadband_guangzhou,guangzhou,0,,reply,6a2591ea000000002202d57c,0,0,2026-08-25T19:40:43,6a284a900000000027020dfa,complete,endpoint_exhausted,
account_guangzhou,9340,verified_local_broadband_guangzhou,guangzhou,0,,reply,6a2591ea000000002202d57c,0,0,2026-08-25T19:40:43,6a284534000000002701d171,complete,endpoint_exhausted,
account_guangzhou,9340,verified_local_broadband_guangzhou,guangzhou,0,,reply,6a2591ea000000002202d57c,0,0,2026-08-25T19:40:43,6a2833920000000029036a49,complete,endpoint_exhausted,
account_guangzhou,9340,verified_local_broadband_guangzhou,guangzhou,0,,reply,6a2591ea000000002202d57c,0,0,2026-08-25T19:40:58,6a281a53000000002803a36f,complete,endpoint_exhausted,
account_guangzhou,9340,verified_local_broadband_guangzhou,guangzhou,0,,reply,6a2591ea000000002202d57c,0,0,2026-08-25T19:40:58,6a2812b7000000002701d8d0,complete,endpoint_exhausted,
account_guangzhou,9340,verified_local_broadband_guangzhou,guangzhou,0,,reply,6a2591ea000000002202d57c,0,0,2026-08-25T19:40:58,6a2802e7000000002a030003,complete,endpoint_exhausted,
account_guangzhou,9340,verified_local_broadband_guangzhou,guangzhou,0,,reply,6a2591ea000000002202d57c,0,0,2026-08-25T19:40:58,6a27cfed000000002800a675,complete,endpoint_exhausted,
account_guangzhou,9340,verified_local_broadband_guangzhou,guangzhou,0,,reply,6a2591ea000000002202d57c,0,0,2026-08-25T19:40:58,6a27cfbe0000000028009d81,complete,endpoint_exhausted,
account_guangzhou,9340,verified_local_broadband_guangzhou,guangzhou,0,,reply,6a2591ea000000002202d57c,0,0,2026-08-25T19:40:58,6a27c15d000000002b000264,complete,endpoint_exhausted,
account_guangzhou,9340,verified_local_broadband_guangzhou,guangzhou,0,,reply,6a2591ea000000002202d57c,0,0,2026-08-25T19:40:58,6a27a6770000000028039eab,complete,endpoint_exhausted,
account_guangzhou,9340,verified_local_broadband_guangzhou,guangzhou,0,,reply,6a2591ea000000002202d57c,0,0,2026-08-25T19:40:58,6a27a03c0000000029026d2a,complete,endpoint_exhausted,
account_guangzhou,9340,verified_local_broadband_guangzhou,guangzhou,0,,reply,6a2591ea000000002202d57c,0,0,2026-08-25T19:40:58,6a27a039000000002702d015,complete,endpoint_exhausted,
account_guangzhou,9340,verified_local_broadband_guangzhou,guangzhou,0,,reply,6a2591ea000000002202d57c,0,0,2026-08-25T19:40:58,6a279cfa000000002a024ae6,complete,endpoint_exhausted,
account_guangzhou,9340,verified_local_broadband_guangzhou,guangzhou,0,,reply,6a2591ea000000002202d57c,0,0,2026-08-25T19:41:13,6a279be1000000002701f172,complete,endpoint_exhausted,
account_guangzhou,9340,verified_local_broadband_guangzhou,guangzhou,0,,reply,6a2591ea000000002202d57c,0,0,2026-08-25T19:41:13,6a2793f9000000002b02b2d2,complete,endpoint_exhausted,
account_guangzhou,9340,verified_local_broadband_guangzhou,guangzhou,0,,reply,6a2591ea000000002202d57c,0,0,2026-08-25T19:41:13,6a278f9d000000002902f5ed,complete,endpoint_exhausted,
account_guangzhou,9340,verified_local_broadband_guangzhou,guangzhou,0,,reply,6a2591ea000000002202d57c,0,0,2026-08-25T19:41:13,6a2789d0000000002b002898,complete,endpoint_exhausted,
account_guangzhou,9340,verified_local_broadband_guangzhou,guangzhou,0,,reply,6a2591ea000000002202d57c,0,0,2026-08-25T19:41:13,6a277b6e000000002803cdab,complete,endpoint_exhausted,
account_guangzhou,9340,verified_local_broadband_guangzhou,guangzhou,0,,reply,6a2591ea000000002202d57c,0,0,2026-08-25T19:41:13,6a276cb9000000002b000d36,complete,endpoint_exhausted,
account_guangzhou,9340,verified_local_broadband_guangzhou,guangzhou,0,,reply,6a2591ea000000002202d57c,0,0,2026-08-25T19:41:13,6a276608000000002701c779,complete,endpoint_exhausted,
account_guangzhou,9340,verified_local_broadband_guangzhou,guangzhou,0,,reply,6a2591ea000000002202d57c,0,0,2026-08-25T19:41:13,6a2760f100000000280337c0,complete,endpoint_exhausted,
account_guangzhou,9340,verified_local_broadband_guangzhou,guangzhou,0,,reply,6a2591ea000000002202d57c,0,0,2026-08-25T19:41:13,6a275a9c0000000029012700,complete,endpoint_exhausted,
account_guangzhou,9340,verified_local_broadband_guangzhou,guangzhou,0,,reply,6a2591ea000000002202d57c,0,0,2026-08-25T19:41:13,6a2757bb000000002803b118,complete,endpoint_exhausted,
account_guangzhou,9340,verified_local_broadband_guangzhou,guangzhou,0,,reply,6a2591ea000000002202d57c,0,0,2026-08-25T19:41:29,6a26f0a50000000027022ad2,complete,endpoint_exhausted,
account_guangzhou,9340,verified_local_broadband_guangzhou,guangzhou,0,,reply,6a2591ea000000002202d57c,0,0,2026-08-25T19:41:29,6a26d8be000000002902c54f,complete,endpoint_exhausted,
account_guangzhou,9340,verified_local_broadband_guangzhou,guangzhou,0,,reply,6a2591ea000000002202d57c,0,0,2026-08-25T19:41:29,6a26d12d0000000028009a9c,complete,endpoint_exhausted,
account_guangzhou,9340,verified_local_broadband_guangzhou,guangzhou,0,,reply,6a2591ea000000002202d57c,0,0,2026-08-25T19:41:29,6a26cf8f000000002b0024bc,complete,endpoint_exhausted,
account_guangzhou,9340,verified_local_broadband_guangzhou,guangzhou,0,,reply,6a2591ea000000002202d57c,0,0,2026-08-25T19:41:29,6a26cf5d000000002a030ed0,complete,endpoint_exhausted,
account_guangzhou,9340,verified_local_broadband_guangzhou,guangzhou,0,,reply,6a2591ea000000002202d57c,0,0,2026-08-25T19:41:29,6a26ceae0000000029024854,complete,endpoint_exhausted,
account_guangzhou,9340,verified_local_broadband_guangzhou,guangzhou,0,,reply,6a2591ea000000002202d57c,0,0,2026-08-25T19:41:29,6a26cb29000000002a02c1cf,complete,endpoint_exhausted,
account_guangzhou,9340,verified_local_broadband_guangzhou,guangzhou,0,,reply,6a2591ea000000002202d57c,0,0,2026-08-25T19:41:29,6a26c866000000002903786b,complete,endpoint_exhausted,
account_guangzhou,9340,verified_local_broadband_guangzhou,guangzhou,0,,reply,6a2591ea000000002202d57c,0,0,2026-08-25T19:41:29,6a26c4b7000000002a032e00,complete,endpoint_exhausted,
account_guangzhou,9340,verified_local_broadband_guangzhou,guangzhou,0,,reply,6a2591ea000000002202d57c,0,0,2026-08-25T19:41:29,6a26b5aa0000000029010108,complete,endpoint_exhausted,
account_guangzhou,9340,verified_local_broadband_guangzhou,guangzhou,0,,reply,6a2591ea000000002202d57c,0,0,2026-08-25T19:41:44,6a26b369000000002800b28b,complete,endpoint_exhausted,
account_guangzhou,9340,verified_local_broadband_guangzhou,guangzhou,0,,reply,6a2591ea000000002202d57c,0,0,2026-08-25T19:41:44,6a26aefc0000000028036a2a,complete,endpoint_exhausted,
account_guangzhou,9340,verified_local_broadband_guangzhou,guangzhou,0,,reply,6a2591ea000000002202d57c,0,0,2026-08-25T19:41:44,6a269e9b00000000270284de,complete,endpoint_exhausted,
account_guangzhou,9340,verified_local_broadband_guangzhou,guangzhou,0,,reply,6a2591ea000000002202d57c,0,0,2026-08-25T19:41:44,6a269e0c0000000029034f33,complete,endpoint_exhausted,
account_guangzhou,9340,verified_local_broadband_guangzhou,guangzhou,0,,reply,6a2591ea000000002202d57c,0,0,2026-08-25T19:41:44,6a269cab0000000029012203,complete,endpoint_exhausted,
account_guangzhou,9340,verified_local_broadband_guangzhou,guangzhou,0,,reply,6a2591ea000000002202d57c,0,0,2026-08-25T19:41:44,6a2697ec000000002701e38c,complete,endpoint_exhausted,
account_guangzhou,9340,verified_local_broadband_guangzhou,guangzhou,0,,reply,6a2591ea000000002202d57c,0,0,2026-08-25T19:41:44,6a269422000000002702c6e6,complete,endpoint_exhausted,
account_guangzhou,9340,verified_local_broadband_guangzhou,guangzhou,0,,reply,6a2591ea000000002202d57c,0,0,2026-08-25T19:41:44,6a268237000000002800b499,complete,endpoint_exhausted,
account_guangzhou,9340,verified_local_broadband_guangzhou,guangzhou,0,,reply,6a2591ea000000002202d57c,0,0,2026-08-25T19:41:44,6a2680a8000000002901aa5d,complete,endpoint_exhausted,
account_guangzhou,9340,verified_local_broadband_guangzhou,guangzhou,0,,reply,6a2591ea000000002202d57c,0,0,2026-08-25T19:41:44,6a267f51000000002a032c1b,complete,endpoint_exhausted,
account_guangzhou,9340,verified_local_broadband_guangzhou,guangzhou,0,,reply,6a2591ea000000002202d57c,0,0,2026-08-25T19:41:59,6a267e270000000029034610,complete,endpoint_exhausted,
account_guangzhou,9340,verified_local_broadband_guangzhou,guangzhou,0,,reply,6a2591ea000000002202d57c,0,0,2026-08-25T19:41:59,6a267cd9000000002701ff09,complete,endpoint_exhausted,
account_guangzhou,9340,verified_local_broadband_guangzhou,guangzhou,0,,reply,6a2591ea000000002202d57c,0,0,2026-08-25T19:41:59,6a267757000000002701d005,complete,endpoint_exhausted,
account_guangzhou,9340,verified_local_broadband_guangzhou,guangzhou,0,,reply,6a2591ea000000002202d57c,0,0,2026-08-25T19:41:59,6a2670e4000000002803f10b,complete,endpoint_exhausted,
account_guangzhou,9340,verified_local_broadband_guangzhou,guangzhou,0,,reply,6a2591ea000000002202d57c,0,0,2026-08-25T19:41:59,6a266a91000000002702e35d,complete,endpoint_exhausted,
account_guangzhou,9340,verified_local_broadband_guangzhou,guangzhou,0,,reply,6a2591ea000000002202d57c,0,0,2026-08-25T19:41:59,6a266456000000002b02b3bf,complete,endpoint_exhausted,
account_guangzhou,9340,verified_local_broadband_guangzhou,guangzhou,0,,reply,6a2591ea000000002202d57c,0,0,2026-08-25T19:41:59,6a2663e9000000002702b8cb,complete,endpoint_exhausted,
account_guangzhou,9340,verified_local_broadband_guangzhou,guangzhou,0,,reply,6a2591ea000000002202d57c,0,0,2026-08-25T19:41:59,6a265cc70000000029011a8b,complete,endpoint_exhausted,
account_guangzhou,9340,verified_local_broadband_guangzhou,guangzhou,0,,reply,6a2591ea000000002202d57c,0,0,2026-08-25T19:41:59,6a265afb00000000290378a8,complete,endpoint_exhausted,
account_guangzhou,9340,verified_local_broadband_guangzhou,guangzhou,0,,reply,6a2591ea000000002202d57c,0,0,2026-08-25T19:41:59,6a2657ea0000000027029ce3,complete,endpoint_exhausted,
account_guangzhou,9340,verified_local_broadband_guangzhou,guangzhou,0,,reply,6a2591ea000000002202d57c,0,0,2026-08-25T19:42:15,6a2655b20000000029013099,complete,endpoint_exhausted,
account_guangzhou,9340,verified_local_broadband_guangzhou,guangzhou,0,,reply,6a2591ea000000002202d57c,0,0,2026-08-25T19:42:15,6a26541f000000002a032c0b,complete,endpoint_exhausted,
account_guangzhou,9340,verified_local_broadband_guangzhou,guangzhou,0,,reply,6a2591ea000000002202d57c,0,0,2026-08-25T19:42:15,6a2651eb0000000029037113,complete,endpoint_exhausted,
account_guangzhou,9340,verified_local_broadband_guangzhou,guangzhou,0,,reply,6a2591ea000000002202d57c,0,0,2026-08-25T19:42:15,6a265194000000002701d652,complete,endpoint_exhausted,
account_guangzhou,9340,verified_local_broadband_guangzhou,guangzhou,0,,reply,6a2591ea000000002202d57c,0,0,2026-08-25T19:42:15,6a26518e0000000028034f02,complete,endpoint_exhausted,
account_guangzhou,9340,verified_local_broadband_guangzhou,guangzhou,0,,reply,6a2591ea000000002202d57c,0,0,2026-08-25T19:42:15,6a26510100000000290350fd,complete,endpoint_exhausted,
account_guangzhou,9340,verified_local_broadband_guangzhou,guangzhou,0,,reply,6a2591ea000000002202d57c,0,0,2026-08-25T19:42:15,6a2650cc000000002a02d74e,complete,endpoint_exhausted,
account_guangzhou,9340,verified_local_broadband_guangzhou,guangzhou,0,,reply,6a2591ea000000002202d57c,0,0,2026-08-25T19:42:15,6a2650690000000027029b80,complete,endpoint_exhausted,
account_guangzhou,9340,verified_local_broadband_guangzhou,guangzhou,0,,reply,6a2591ea000000002202d57c,0,0,2026-08-25T19:42:15,6a264d3e00000000280365e4,complete,endpoint_exhausted,
account_guangzhou,9340,verified_local_broadband_guangzhou,guangzhou,0,,reply,6a2591ea000000002202d57c,0,0,2026-08-25T19:42:15,6a264ca2000000002b0028c7,complete,endpoint_exhausted,
account_guangzhou,9340,verified_local_broadband_guangzhou,guangzhou,0,,reply,6a2591ea000000002202d57c,0,0,2026-08-25T19:42:30,6a264bdf00000000290349bb,complete,endpoint_exhausted,
account_guangzhou,9340,verified_local_broadband_guangzhou,guangzhou,0,,reply,6a2591ea000000002202d57c,0,0,2026-08-25T19:42:30,6a264ba8000000002902cddf,complete,endpoint_exhausted,
account_guangzhou,9340,verified_local_broadband_guangzhou,guangzhou,0,,reply,6a2591ea000000002202d57c,0,0,2026-08-25T19:42:30,6a264b68000000002902c408,complete,endpoint_exhausted,
account_guangzhou,9340,verified_local_broadband_guangzhou,guangzhou,0,,reply,6a2591ea000000002202d57c,0,0,2026-08-25T19:42:30,6a264b17000000002803d74d,complete,endpoint_exhausted,
account_guangzhou,9340,verified_local_broadband_guangzhou,guangzhou,0,,reply,6a2591ea000000002202d57c,0,0,2026-08-25T19:42:30,6a2648e30000000027015091,complete,endpoint_exhausted,
account_guangzhou,9340,verified_local_broadband_guangzhou,guangzhou,0,,reply,6a2591ea000000002202d57c,0,0,2026-08-25T19:42:30,6a2648a100000000280082e0,complete,endpoint_exhausted,
account_guangzhou,9340,verified_local_broadband_guangzhou,guangzhou,0,,reply,6a2591ea000000002202d57c,0,0,2026-08-25T19:42:30,6a26485a000000002b003806,complete,endpoint_exhausted,
account_guangzhou,9340,verified_local_broadband_guangzhou,guangzhou,0,,reply,6a2591ea000000002202d57c,0,0,2026-08-25T19:42:30,6a26484f00000000290106a4,complete,endpoint_exhausted,
account_guangzhou,9340,verified_local_broadband_guangzhou,guangzhou,0,,reply,6a2591ea000000002202d57c,0,0,2026-08-25T19:42:30,6a26478a0000000028035abc,complete,endpoint_exhausted,
account_guangzhou,9340,verified_local_broadband_guangzhou,guangzhou,0,,reply,6a2591ea000000002202d57c,0,0,2026-08-25T19:42:30,6a264712000000002a005da4,complete,endpoint_exhausted,
account_guangzhou,9340,verified_local_broadband_guangzhou,guangzhou,0,,reply,6a2591ea000000002202d57c,0,0,2026-08-25T19:42:45,6a26455d000000002b02b6d5,complete,endpoint_exhausted,
account_guangzhou,9340,verified_local_broadband_guangzhou,guangzhou,0,,reply,6a2591ea000000002202d57c,0,0,2026-08-25T19:42:45,6a26454d000000002702f7cc,complete,endpoint_exhausted,
account_guangzhou,9340,verified_local_broadband_guangzhou,guangzhou,0,,reply,6a2591ea000000002202d57c,0,0,2026-08-25T19:42:45,6a2644ca000000002a00402a,complete,endpoint_exhausted,
account_guangzhou,9340,verified_local_broadband_guangzhou,guangzhou,0,,reply,6a2591ea000000002202d57c,0,0,2026-08-25T19:42:45,6a26447a0000000029026544,complete,endpoint_exhausted,
account_guangzhou,9340,verified_local_broadband_guangzhou,guangzhou,0,,reply,6a2591ea000000002202d57c,0,0,2026-08-25T19:42:45,6a264304000000002702fcb7,complete,endpoint_exhausted,
account_guangzhou,9340,verified_local_broadband_guangzhou,guangzhou,0,,reply,6a2591ea000000002202d57c,0,0,2026-08-25T19:42:45,6a2642d3000000002a02e36c,complete,endpoint_exhausted,
account_guangzhou,9340,verified_local_broadband_guangzhou,guangzhou,0,,reply,6a2591ea000000002202d57c,0,0,2026-08-25T19:42:45,6a26428e0000000027028c0c,complete,endpoint_exhausted,
account_guangzhou,9340,verified_local_broadband_guangzhou,guangzhou,0,,reply,6a2591ea000000002202d57c,0,0,2026-08-25T19:42:45,6a26417b000000002901860b,complete,endpoint_exhausted,
account_guangzhou,9340,verified_local_broadband_guangzhou,guangzhou,0,,reply,6a2591ea000000002202d57c,0,0,2026-08-25T19:42:45,6a2640f8000000002b025557,complete,endpoint_exhausted,
account_guangzhou,9340,verified_local_broadband_guangzhou,guangzhou,0,,reply,6a2591ea000000002202d57c,0,0,2026-08-25T19:42:45,6a263f4f000000002901b2be,complete,endpoint_exhausted,
account_guangzhou,9340,verified_local_broadband_guangzhou,guangzhou,0,,reply,6a2591ea000000002202d57c,0,0,2026-08-25T19:43:00,6a263f3e0000000028008140,complete,endpoint_exhausted,
account_guangzhou,9340,verified_local_broadband_guangzhou,guangzhou,0,,reply,6a2591ea000000002202d57c,0,0,2026-08-25T19:43:00,6a263d63000000002900e664,complete,endpoint_exhausted,
account_guangzhou,9340,verified_local_broadband_guangzhou,guangzhou,0,,reply,6a2591ea000000002202d57c,0,0,2026-08-25T19:43:00,6a263cfe000000002902c78e,complete,endpoint_exhausted,
account_guangzhou,9340,verified_local_broadband_guangzhou,guangzhou,0,,reply,6a2591ea000000002202d57c,0,0,2026-08-25T19:43:00,6a263cda000000002701e583,complete,endpoint_exhausted,
account_guangzhou,9340,verified_local_broadband_guangzhou,guangzhou,0,,reply,6a2591ea000000002202d57c,0,0,2026-08-25T19:43:00,6a263bc10000000028038527,complete,endpoint_exhausted,
account_guangzhou,9340,verified_local_broadband_guangzhou,guangzhou,0,,reply,6a2591ea000000002202d57c,0,0,2026-08-25T19:43:00,6a263b4400000000290100e4,complete,endpoint_exhausted,
account_guangzhou,9340,verified_local_broadband_guangzhou,guangzhou,0,,reply,6a2591ea000000002202d57c,0,0,2026-08-25T19:43:00,6a263b32000000002702e350,complete,endpoint_exhausted,
account_guangzhou,9340,verified_local_broadband_guangzhou,guangzhou,0,,reply,6a2591ea000000002202d57c,0,0,2026-08-25T19:43:00,6a263ab70000000029035419,complete,endpoint_exhausted,
account_guangzhou,9340,verified_local_broadband_guangzhou,guangzhou,0,,reply,6a2591ea000000002202d57c,0,0,2026-08-25T19:43:00,6a2638d3000000002702e227,complete,endpoint_exhausted,
account_guangzhou,9340,verified_local_broadband_guangzhou,guangzhou,0,,reply,6a2591ea000000002202d57c,0,0,2026-08-25T19:43:00,6a263478000000002803c2c4,complete,endpoint_exhausted,
account_guangzhou,9340,verified_local_broadband_guangzhou,guangzhou,0,,reply,6a2591ea000000002202d57c,0,0,2026-08-25T19:43:16,6a26336b000000002a02ca3a,complete,endpoint_exhausted,
account_guangzhou,9340,verified_local_broadband_guangzhou,guangzhou,0,,reply,6a2591ea000000002202d57c,0,0,2026-08-25T19:43:16,6a26321a000000002701f118,complete,endpoint_exhausted,
account_guangzhou,9340,verified_local_broadband_guangzhou,guangzhou,0,,reply,6a2591ea000000002202d57c,0,0,2026-08-25T19:43:16,6a263160000000002a0262d3,complete,endpoint_exhausted,
account_guangzhou,9340,verified_local_broadband_guangzhou,guangzhou,0,,reply,6a2591ea000000002202d57c,0,0,2026-08-25T19:43:16,6a262d6b000000002702c989,complete,endpoint_exhausted,
account_guangzhou,9340,verified_local_broadband_guangzhou,guangzhou,0,,reply,6a2591ea000000002202d57c,0,0,2026-08-25T19:43:16,6a262d4a000000002903516b,complete,endpoint_exhausted,
account_guangzhou,9340,verified_local_broadband_guangzhou,guangzhou,0,,reply,6a2591ea000000002202d57c,0,0,2026-08-25T19:43:16,6a262b24000000002b026bb1,complete,endpoint_exhausted,
account_guangzhou,9340,verified_local_broadband_guangzhou,guangzhou,0,,reply,6a2591ea000000002202d57c,0,0,2026-08-25T19:43:16,6a262a71000000000d023002,complete,endpoint_exhausted,
account_guangzhou,9340,verified_local_broadband_guangzhou,guangzhou,0,,reply,6a2591ea000000002202d57c,0,0,2026-08-25T19:43:16,6a262a0b00000000270281be,complete,endpoint_exhausted,
account_guangzhou,9340,verified_local_broadband_guangzhou,guangzhou,0,,reply,6a2591ea000000002202d57c,0,0,2026-08-25T19:43:16,6a2629c9000000002800b1ee,complete,endpoint_exhausted,
account_guangzhou,9340,verified_local_broadband_guangzhou,guangzhou,0,,reply,6a2591ea000000002202d57c,0,0,2026-08-25T19:43:16,6a2628df0000000028034af1,complete,endpoint_exhausted,
account_guangzhou,9340,verified_local_broadband_guangzhou,guangzhou,0,,reply,6a2591ea000000002202d57c,0,0,2026-08-25T19:43:31,6a262545000000002b025d5a,complete,endpoint_exhausted,
account_guangzhou,9340,verified_local_broadband_guangzhou,guangzhou,0,,reply,6a2591ea000000002202d57c,0,0,2026-08-25T19:43:31,6a2624310000000028031b5d,complete,endpoint_exhausted,
account_guangzhou,9340,verified_local_broadband_guangzhou,guangzhou,0,,reply,6a2591ea000000002202d57c,0,0,2026-08-25T19:43:31,6a262252000000000d022000,complete,endpoint_exhausted,
account_guangzhou,9340,verified_local_broadband_guangzhou,guangzhou,0,,reply,6a2591ea000000002202d57c,0,0,2026-08-25T19:43:31,6a262245000000002803ac10,complete,endpoint_exhausted,
account_guangzhou,9340,verified_local_broadband_guangzhou,guangzhou,0,,reply,6a2591ea000000002202d57c,0,0,2026-08-25T19:43:31,6a2621c40000000029026cb4,complete,endpoint_exhausted,
account_guangzhou,9340,verified_local_broadband_guangzhou,guangzhou,0,,reply,6a2591ea000000002202d57c,0,0,2026-08-25T19:43:31,6a262127000000000d022c03,complete,endpoint_exhausted,
account_guangzhou,9340,verified_local_broadband_guangzhou,guangzhou,0,,reply,6a2591ea000000002202d57c,0,0,2026-08-25T19:43:31,6a261f80000000002900d1d9,complete,endpoint_exhausted,
account_guangzhou,9340,verified_local_broadband_guangzhou,guangzhou,0,,reply,6a2591ea000000002202d57c,0,0,2026-08-25T19:43:31,6a261f47000000002902f4e0,complete,endpoint_exhausted,
account_guangzhou,9340,verified_local_broadband_guangzhou,guangzhou,0,,reply,6a2591ea000000002202d57c,0,0,2026-08-25T19:43:31,6a261ecc000000002b02b25c,complete,endpoint_exhausted,
account_guangzhou,9340,verified_local_broadband_guangzhou,guangzhou,0,,reply,6a2591ea000000002202d57c,0,0,2026-08-25T19:43:31,6a261ebe000000002702cd35,complete,endpoint_exhausted,
account_guangzhou,9340,verified_local_broadband_guangzhou,guangzhou,0,,reply,6a2591ea000000002202d57c,0,0,2026-08-25T19:43:46,6a261dfb000000002702ab38,complete,endpoint_exhausted,
account_guangzhou,9340,verified_local_broadband_guangzhou,guangzhou,0,,reply,6a2591ea000000002202d57c,0,0,2026-08-25T19:43:46,6a261df0000000002902cbcd,complete,endpoint_exhausted,
account_guangzhou,9340,verified_local_broadband_guangzhou,guangzhou,0,,reply,6a2591ea000000002202d57c,0,0,2026-08-25T19:43:46,6a2619eb0000000029010848,complete,endpoint_exhausted,
account_guangzhou,9340,verified_local_broadband_guangzhou,guangzhou,0,,reply,6a2591ea000000002202d57c,0,0,2026-08-25T19:43:46,6a261983000000002701f303,complete,endpoint_exhausted,
account_guangzhou,9340,verified_local_broadband_guangzhou,guangzhou,0,,reply,6a2591ea000000002202d57c,0,0,2026-08-25T19:43:46,6a261875000000002a031720,complete,endpoint_exhausted,
account_guangzhou,9340,verified_local_broadband_guangzhou,guangzhou,0,,reply,6a2591ea000000002202d57c,0,0,2026-08-25T19:43:46,6a261730000000002a0332da,complete,endpoint_exhausted,
account_guangzhou,9340,verified_local_broadband_guangzhou,guangzhou,0,,reply,6a2591ea000000002202d57c,0,0,2026-08-25T19:43:46,6a26167f000000002b028296,complete,endpoint_exhausted,
account_guangzhou,9340,verified_local_broadband_guangzhou,guangzhou,0,,reply,6a2591ea000000002202d57c,0,0,2026-08-25T19:43:46,6a2616290000000028035512,complete,endpoint_exhausted,
account_guangzhou,9340,verified_local_broadband_guangzhou,guangzhou,0,,reply,6a2591ea000000002202d57c,0,0,2026-08-25T19:43:46,6a2614c3000000002803249f,complete,endpoint_exhausted,
account_guangzhou,9340,verified_local_broadband_guangzhou,guangzhou,0,,reply,6a2591ea000000002202d57c,0,0,2026-08-25T19:43:46,6a261436000000002900ca90,complete,endpoint_exhausted,
account_guangzhou,9340,verified_local_broadband_guangzhou,guangzhou,0,,reply,6a2591ea000000002202d57c,0,0,2026-08-25T19:44:02,6a2613d300000000280086f6,complete,endpoint_exhausted,
account_guangzhou,9340,verified_local_broadband_guangzhou,guangzhou,0,,reply,6a2591ea000000002202d57c,0,0,2026-08-25T19:44:02,6a2613840000000028033a70,complete,endpoint_exhausted,
account_guangzhou,9340,verified_local_broadband_guangzhou,guangzhou,0,,reply,6a2591ea000000002202d57c,0,0,2026-08-25T19:44:02,6a260d8a000000002803f26a,complete,endpoint_exhausted,
account_guangzhou,9340,verified_local_broadband_guangzhou,guangzhou,0,,reply,6a2591ea000000002202d57c,0,0,2026-08-25T19:44:02,6a260a61000000002902fe29,complete,endpoint_exhausted,
account_guangzhou,9340,verified_local_broadband_guangzhou,guangzhou,0,,reply,6a2591ea000000002202d57c,0,0,2026-08-25T19:44:02,6a260956000000002803fa05,complete,endpoint_exhausted,
account_guangzhou,9340,verified_local_broadband_guangzhou,guangzhou,0,,reply,6a2591ea000000002202d57c,0,0,2026-08-25T19:44:02,6a260911000000002800b34c,complete,endpoint_exhausted,
account_guangzhou,9340,verified_local_broadband_guangzhou,guangzhou,0,,reply,6a2591ea000000002202d57c,0,0,2026-08-25T19:44:02,6a260645000000002a027391,complete,endpoint_exhausted,
account_guangzhou,9340,verified_local_broadband_guangzhou,guangzhou,0,,reply,6a2591ea000000002202d57c,0,0,2026-08-25T19:44:02,6a2604c1000000002900f729,complete,endpoint_exhausted,
account_guangzhou,9340,verified_local_broadband_guangzhou,guangzhou,0,,reply,6a2591ea000000002202d57c,0,0,2026-08-25T19:44:02,6a260065000000000d021803,complete,endpoint_exhausted,
account_guangzhou,9340,verified_local_broadband_guangzhou,guangzhou,0,,reply,6a2591ea000000002202d57c,0,0,2026-08-25T19:44:02,6a25fd9f000000002b0246b5,complete,endpoint_exhausted,
account_guangzhou,9340,verified_local_broadband_guangzhou,guangzhou,0,,reply,6a2591ea000000002202d57c,0,0,2026-08-25T19:44:17,6a25fd560000000027015607,complete,endpoint_exhausted,
account_guangzhou,9340,verified_local_broadband_guangzhou,guangzhou,0,,reply,6a2591ea000000002202d57c,0,0,2026-08-25T19:44:17,6a25f23d00000000290378c2,complete,endpoint_exhausted,
account_guangzhou,9340,verified_local_broadband_guangzhou,guangzhou,0,,reply,6a2591ea000000002202d57c,0,0,2026-08-25T19:44:17,6a25da96000000000d022c03,complete,endpoint_exhausted,
account_guangzhou,9340,verified_local_broadband_guangzhou,guangzhou,0,,reply,6a2591ea000000002202d57c,0,0,2026-08-25T19:44:17,6a25ced0000000002b027ef9,complete,endpoint_exhausted,
account_guangzhou,9340,verified_local_broadband_guangzhou,guangzhou,0,,reply,6a2591ea000000002202d57c,0,0,2026-08-25T19:44:17,6a25c816000000002a007f23,complete,endpoint_exhausted,
account_guangzhou,9340,verified_local_broadband_guangzhou,guangzhou,0,,reply,6a2591ea000000002202d57c,0,0,2026-08-25T19:44:17,6a25c585000000000d021c00,complete,endpoint_exhausted,
account_guangzhou,9340,verified_local_broadband_guangzhou,guangzhou,0,,reply,6a2591ea000000002202d57c,0,0,2026-08-25T19:44:17,6a25b167000000002a033a14,complete,endpoint_exhausted,
account_guangzhou,9340,verified_local_broadband_guangzhou,guangzhou,0,,reply,6a2591ea000000002202d57c,0,0,2026-08-25T19:44:17,6a25ae68000000002902f524,complete,endpoint_exhausted,
account_guangzhou,9340,verified_local_broadband_guangzhou,guangzhou,0,,reply,6a2591ea000000002202d57c,0,0,2026-08-25T19:44:17,6a25aa680000000027017953,complete,endpoint_exhausted,
account_guangzhou,9340,verified_local_broadband_guangzhou,guangzhou,0,,reply,6a2591ea000000002202d57c,0,0,2026-08-25T19:44:17,6a25a71d0000000028035982,complete,endpoint_exhausted,
account_guangzhou,9340,verified_local_broadband_guangzhou,guangzhou,0,,reply,6a2591ea000000002202d57c,0,0,2026-08-25T19:44:32,6a259fec000000002701e205,complete,endpoint_exhausted,
account_guangzhou,9340,verified_local_broadband_guangzhou,guangzhou,20,,reply,6a2591ea000000002202d57c,20,4,2026-08-25T19:45:33,6a27a1ce000000002702e86f,complete,endpoint_exhausted,
account_guangzhou,9340,verified_local_broadband_guangzhou,guangzhou,0,,reply,6a2591ea000000002202d57c,0,0,2026-08-25T19:45:33,6a25c5620000000027016812,complete,endpoint_exhausted,
account_guangzhou,9340,verified_local_broadband_guangzhou,guangzhou,0,,reply,6a2591ea000000002202d57c,0,0,2026-08-25T19:45:33,6a3a271e0000000015003cec,complete,endpoint_exhausted,
account_guangzhou,9340,verified_local_broadband_guangzhou,guangzhou,0,,reply,6a2591ea000000002202d57c,0,0,2026-08-25T19:45:33,6a2ce5030000000027016dc0,complete,endpoint_exhausted,
account_guangzhou,9340,verified_local_broadband_guangzhou,guangzhou,0,,reply,6a2591ea000000002202d57c,0,0,2026-08-25T19:45:33,6a2a22710000000029026c2b,complete,endpoint_exhausted,
account_guangzhou,9340,verified_local_broadband_guangzhou,guangzhou,0,,reply,6a2591ea000000002202d57c,0,0,2026-08-25T19:45:33,6a281dcb00000000290253d0,complete,endpoint_exhausted,
account_guangzhou,9340,verified_local_broadband_guangzhou,guangzhou,0,,reply,6a2591ea000000002202d57c,0,0,2026-08-25T19:45:33,6a27661d0000000028038ba1,complete,endpoint_exhausted,
account_guangzhou,9340,verified_local_broadband_guangzhou,guangzhou,0,,reply,6a2591ea000000002202d57c,0,0,2026-08-25T19:45:33,6a26cb900000000027014983,complete,endpoint_exhausted,
account_guangzhou,9340,verified_local_broadband_guangzhou,guangzhou,0,,reply,6a2591ea000000002202d57c,0,0,2026-08-25T19:45:33,6a264698000000002803d159,complete,endpoint_exhausted,
account_guangzhou,9340,verified_local_broadband_guangzhou,guangzhou,0,,reply,6a2591ea000000002202d57c,0,0,2026-08-25T19:45:48,6a2643d6000000002701da59,complete,endpoint_exhausted,
account_guangzhou,9340,verified_local_broadband_guangzhou,guangzhou,0,,reply,6a2591ea000000002202d57c,0,0,2026-08-25T19:45:48,6a2643420000000027014a25,complete,endpoint_exhausted,
account_guangzhou,9340,verified_local_broadband_guangzhou,guangzhou,0,,reply,6a2591ea000000002202d57c,0,0,2026-08-25T19:45:48,6a26390c0000000027016753,complete,endpoint_exhausted,
account_guangzhou,9340,verified_local_broadband_guangzhou,guangzhou,0,,reply,6a2591ea000000002202d57c,0,0,2026-08-25T19:45:48,6a2633a10000000027014631,complete,endpoint_exhausted,
account_guangzhou,9340,verified_local_broadband_guangzhou,guangzhou,0,,reply,6a2591ea000000002202d57c,0,0,2026-08-25T19:45:48,6a722117000000000203508e,complete,endpoint_exhausted,
account_guangzhou,9340,verified_local_broadband_guangzhou,guangzhou,0,,reply,6a2591ea000000002202d57c,0,0,2026-08-25T19:45:48,6a47c73b00000000150021e1,complete,endpoint_exhausted,
account_guangzhou,9340,verified_local_broadband_guangzhou,guangzhou,0,,reply,6a2591ea000000002202d57c,0,0,2026-08-25T19:45:48,6a3228d900000000290355a3,complete,endpoint_exhausted,
account_guangzhou,9340,verified_local_broadband_guangzhou,guangzhou,0,,reply,6a2591ea000000002202d57c,0,0,2026-08-25T19:45:48,6a2d1ca70000000028037ddf,complete,endpoint_exhausted,
account_guangzhou,9340,verified_local_broadband_guangzhou,guangzhou,0,,reply,6a2591ea000000002202d57c,0,0,2026-08-25T19:45:48,6a2895800000000028009866,complete,endpoint_exhausted,
account_guangzhou,9340,verified_local_broadband_guangzhou,guangzhou,0,,reply,6a2591ea000000002202d57c,0,0,2026-08-25T19:45:48,6a275d49000000002803e22c,complete,endpoint_exhausted,
account_guangzhou,9340,verified_local_broadband_guangzhou,guangzhou,0,,reply,6a2591ea000000002202d57c,0,0,2026-08-25T19:46:04,6a26ccc5000000002a02d35f,complete,endpoint_exhausted,
account_guangzhou,9340,verified_local_broadband_guangzhou,guangzhou,0,,reply,6a2591ea000000002202d57c,0,0,2026-08-25T19:46:04,6a267f6b000000002900f1cb,complete,endpoint_exhausted,
account_guangzhou,9340,verified_local_broadband_guangzhou,guangzhou,0,,reply,6a2591ea000000002202d57c,0,0,2026-08-25T19:46:04,6a264a54000000002b025de3,complete,endpoint_exhausted,
account_guangzhou,9340,verified_local_broadband_guangzhou,guangzhou,,,top_level,6a2591ea000000002202d57c,283,29,2026-08-25T19:46:04,,complete,endpoint_exhausted,True
account_guangzhou,9340,verified_local_broadband_guangzhou,guangzhou,,,top_level,6a2593e1000000000702fae8,0,1,2026-08-25T19:51:53,,complete,endpoint_exhausted,True
account_guangzhou,9340,verified_local_broadband_guangzhou,guangzhou,,,top_level,6a24d5bb000000000702021c,0,1,2026-08-25T19:57:42,,complete,endpoint_exhausted,True
account_guangzhou,9340,verified_local_broadband_guangzhou,guangzhou,3,,reply,6a262abd0000000008003125,3,1,2026-08-25T20:13:47,6a34bc91000000000d022800,complete,endpoint_exhausted,
account_guangzhou,9340,verified_local_broadband_guangzhou,guangzhou,1,,reply,6a262abd0000000008003125,1,0,2026-08-25T20:13:47,6a2821c7000000002a02782f,complete,endpoint_exhausted,
account_guangzhou,9340,verified_local_broadband_guangzhou,guangzhou,1,,reply,6a262abd0000000008003125,1,0,2026-08-25T20:13:47,6a2d16de000000002702f884,complete,endpoint_exhausted,
account_guangzhou,9340,verified_local_broadband_guangzhou,guangzhou,0,,reply,6a262abd0000000008003125,0,0,2026-08-25T20:13:47,6a26cfff000000002b003bed,complete,endpoint_exhausted,
account_guangzhou,9340,verified_local_broadband_guangzhou,guangzhou,0,,reply,6a262abd0000000008003125,0,0,2026-08-25T20:13:47,6a3fbc03000000002b001f1e,complete,endpoint_exhausted,
account_guangzhou,9340,verified_local_broadband_guangzhou,guangzhou,0,,reply,6a262abd0000000008003125,0,0,2026-08-25T20:13:47,6a353fb6000000002a02d4c3,complete,endpoint_exhausted,
account_guangzhou,9340,verified_local_broadband_guangzhou,guangzhou,0,,reply,6a262abd0000000008003125,0,0,2026-08-25T20:13:47,6a374e8300000000090154c6,complete,endpoint_exhausted,
account_guangzhou,9340,verified_local_broadband_guangzhou,guangzhou,0,,reply,6a262abd0000000008003125,0,0,2026-08-25T20:13:47,6a351b89000000002b024ab3,complete,endpoint_exhausted,
account_guangzhou,9340,verified_local_broadband_guangzhou,guangzhou,0,,reply,6a262abd0000000008003125,0,0,2026-08-25T20:13:47,6a40a3c6000000000403a608,complete,endpoint_exhausted,
account_guangzhou,9340,verified_local_broadband_guangzhou,guangzhou,0,,reply,6a262abd0000000008003125,0,0,2026-08-25T20:13:47,6a3609a10000000004038ecc,complete,endpoint_exhausted,
account_guangzhou,9340,verified_local_broadband_guangzhou,guangzhou,0,,reply,6a262abd0000000008003125,0,0,2026-08-25T20:14:02,6a3567830000000014039280,complete,endpoint_exhausted,
account_guangzhou,9340,verified_local_broadband_guangzhou,guangzhou,0,,reply,6a262abd0000000008003125,0,0,2026-08-25T20:14:02,6a4668e70000000009015fee,complete,endpoint_exhausted,
account_guangzhou,9340,verified_local_broadband_guangzhou,guangzhou,,,top_level,6a262abd0000000008003125,12,2,2026-08-25T20:14:02,,complete,endpoint_exhausted,True
account_guangzhou,9340,verified_local_broadband_guangzhou,guangzhou,11,,reply,6a240f9e000000002202f625,11,2,2026-08-25T20:20:22,6a24ed34000000002b001cf4,complete,endpoint_exhausted,
account_guangzhou,9340,verified_local_broadband_guangzhou,guangzhou,10,,reply,6a240f9e000000002202f625,10,2,2026-08-25T20:20:53,6a2647ca0000000029018a1b,complete,endpoint_exhausted,
account_guangzhou,9340,verified_local_broadband_guangzhou,guangzhou,4,,reply,6a240f9e000000002202f625,4,1,2026-08-25T20:21:08,6a2642b8000000002901b63f,complete,endpoint_exhausted,
account_guangzhou,9340,verified_local_broadband_guangzhou,guangzhou,5,,reply,6a240f9e000000002202f625,5,1,2026-08-25T20:21:23,6a261eca000000002701cb94,complete,endpoint_exhausted,
account_guangzhou,9340,verified_local_broadband_guangzhou,guangzhou,4,,reply,6a240f9e000000002202f625,4,1,2026-08-25T20:21:38,6a26df0700000000280378db,complete,endpoint_exhausted,
account_guangzhou,9340,verified_local_broadband_guangzhou,guangzhou,3,,reply,6a240f9e000000002202f625,3,1,2026-08-25T20:21:54,6a27ba1a000000002a027fe0,complete,endpoint_exhausted,
account_guangzhou,9340,verified_local_broadband_guangzhou,guangzhou,3,,reply,6a240f9e000000002202f625,3,1,2026-08-25T20:22:09,6a27cc2e0000000028031019,complete,endpoint_exhausted,
account_guangzhou,9340,verified_local_broadband_guangzhou,guangzhou,0,,reply,6a240f9e000000002202f625,0,0,2026-08-25T20:22:09,6a341e0b000000001403b6fe,complete,endpoint_exhausted,
account_guangzhou,9340,verified_local_broadband_guangzhou,guangzhou,1,,reply,6a240f9e000000002202f625,1,0,2026-08-25T20:22:09,6a27c7e8000000002901be03,complete,endpoint_exhausted,
account_guangzhou,9340,verified_local_broadband_guangzhou,guangzhou,0,,reply,6a240f9e000000002202f625,0,0,2026-08-25T20:22:09,6a252da8000000002701f65d,complete,endpoint_exhausted,
account_guangzhou,9340,verified_local_broadband_guangzhou,guangzhou,0,,reply,6a240f9e000000002202f625,0,0,2026-08-25T20:22:24,6a27e6d9000000002b000dce,complete,endpoint_exhausted,
account_guangzhou,9340,verified_local_broadband_guangzhou,guangzhou,0,,reply,6a240f9e000000002202f625,0,0,2026-08-25T20:22:24,6a2aa4a6000000002803450b,complete,endpoint_exhausted,
account_guangzhou,9340,verified_local_broadband_guangzhou,guangzhou,0,,reply,6a240f9e000000002202f625,0,0,2026-08-25T20:22:24,6a27cad4000000002a0306ef,complete,endpoint_exhausted,
account_guangzhou,9340,verified_local_broadband_guangzhou,guangzhou,0,,reply,6a240f9e000000002202f625,0,0,2026-08-25T20:22:24,6a275dde0000000028030c9c,complete,endpoint_exhausted,
account_guangzhou,9340,verified_local_broadband_guangzhou,guangzhou,0,,reply,6a240f9e000000002202f625,0,0,2026-08-25T20:22:24,6a26665c000000002701e45c,complete,endpoint_exhausted,
account_guangzhou,9340,verified_local_broadband_guangzhou,guangzhou,0,,reply,6a240f9e000000002202f625,0,0,2026-08-25T20:22:24,6a34fc2f000000002b0250a4,complete,endpoint_exhausted,
account_guangzhou,9340,verified_local_broadband_guangzhou,guangzhou,0,,reply,6a240f9e000000002202f625,0,0,2026-08-25T20:22:24,6a2685e6000000002803fbc6,complete,endpoint_exhausted,
account_guangzhou,9340,verified_local_broadband_guangzhou,guangzhou,0,,reply,6a240f9e000000002202f625,0,0,2026-08-25T20:22:24,6a26cee40000000029025270,complete,endpoint_exhausted,
account_guangzhou,9340,verified_local_broadband_guangzhou,guangzhou,0,,reply,6a240f9e000000002202f625,0,0,2026-08-25T20:22:24,6a2575ce000000002701d052,complete,endpoint_exhausted,
account_guangzhou,9340,verified_local_broadband_guangzhou,guangzhou,0,,reply,6a240f9e000000002202f625,0,0,2026-08-25T20:22:24,6a2690c1000000002a024ca0,complete,endpoint_exhausted,
account_guangzhou,9340,verified_local_broadband_guangzhou,guangzhou,0,,reply,6a240f9e000000002202f625,0,0,2026-08-25T20:22:40,6a26b56e000000002b02665c,complete,endpoint_exhausted,
account_guangzhou,9340,verified_local_broadband_guangzhou,guangzhou,0,,reply,6a240f9e000000002202f625,0,0,2026-08-25T20:22:40,6a2a02bf0000000028037d57,complete,endpoint_exhausted,
account_guangzhou,9340,verified_local_broadband_guangzhou,guangzhou,0,,reply,6a240f9e000000002202f625,0,0,2026-08-25T20:22:40,6a39f505000000001500b39f,complete,endpoint_exhausted,
account_guangzhou,9340,verified_local_broadband_guangzhou,guangzhou,0,,reply,6a240f9e000000002202f625,0,0,2026-08-25T20:22:40,6a27a54400000000270234b0,complete,endpoint_exhausted,
account_guangzhou,9340,verified_local_broadband_guangzhou,guangzhou,0,,reply,6a240f9e000000002202f625,0,0,2026-08-25T20:22:40,6a2afbb80000000027016df4,complete,endpoint_exhausted,
account_guangzhou,9340,verified_local_broadband_guangzhou,guangzhou,0,,reply,6a240f9e000000002202f625,0,0,2026-08-25T20:22:40,6a3fd04d0000000015011d6e,complete,endpoint_exhausted,
account_guangzhou,9340,verified_local_broadband_guangzhou,guangzhou,0,,reply,6a240f9e000000002202f625,0,0,2026-08-25T20:22:40,6a27cd3d000000002803d408,complete,endpoint_exhausted,
account_guangzhou,9340,verified_local_broadband_guangzhou,guangzhou,1,,reply,6a240f9e000000002202f625,1,0,2026-08-25T20:22:40,6a3293410000000029037012,complete,endpoint_exhausted,
account_guangzhou,9340,verified_local_broadband_guangzhou,guangzhou,0,,reply,6a240f9e000000002202f625,0,0,2026-08-25T20:22:40,6a2fd1f400000000290117c3,complete,endpoint_exhausted,
account_guangzhou,9340,verified_local_broadband_guangzhou,guangzhou,0,,reply,6a240f9e000000002202f625,0,0,2026-08-25T20:22:40,6a26b9a3000000002b0271dd,complete,endpoint_exhausted,
account_guangzhou,9340,verified_local_broadband_guangzhou,guangzhou,0,,reply,6a240f9e000000002202f625,0,0,2026-08-25T20:22:55,6a2bf279000000002902fe42,complete,endpoint_exhausted,
account_guangzhou,9340,verified_local_broadband_guangzhou,guangzhou,0,,reply,6a240f9e000000002202f625,0,0,2026-08-25T20:22:55,6a4b09b2000000001403bdb8,complete,endpoint_exhausted,
account_guangzhou,9340,verified_local_broadband_guangzhou,guangzhou,0,,reply,6a240f9e000000002202f625,0,0,2026-08-25T20:22:55,6a44c978000000002a02d2af,complete,endpoint_exhausted,
account_guangzhou,9340,verified_local_broadband_guangzhou,guangzhou,0,,reply,6a240f9e000000002202f625,0,0,2026-08-25T20:22:55,6a27f6f9000000002803c1d9,complete,endpoint_exhausted,
account_guangzhou,9340,verified_local_broadband_guangzhou,guangzhou,0,,reply,6a240f9e000000002202f625,0,0,2026-08-25T20:22:55,6a28f597000000002a032e3e,complete,endpoint_exhausted,
account_guangzhou,9340,verified_local_broadband_guangzhou,guangzhou,0,,reply,6a240f9e000000002202f625,0,0,2026-08-25T20:22:55,6a27c337000000002a03140f,complete,endpoint_exhausted,
account_guangzhou,9340,verified_local_broadband_guangzhou,guangzhou,0,,reply,6a240f9e000000002202f625,0,0,2026-08-25T20:22:55,6a450693000000000500b335,complete,endpoint_exhausted,
account_guangzhou,9340,verified_local_broadband_guangzhou,guangzhou,0,,reply,6a240f9e000000002202f625,0,0,2026-08-25T20:22:55,6a28ad85000000002702e6d1,complete,endpoint_exhausted,
account_guangzhou,9340,verified_local_broadband_guangzhou,guangzhou,0,,reply,6a240f9e000000002202f625,0,0,2026-08-25T20:22:55,6a269e74000000002900ffde,complete,endpoint_exhausted,
account_guangzhou,9340,verified_local_broadband_guangzhou,guangzhou,0,,reply,6a240f9e000000002202f625,0,0,2026-08-25T20:22:55,6a26af26000000002a005c7d,complete,endpoint_exhausted,
account_guangzhou,9340,verified_local_broadband_guangzhou,guangzhou,0,,reply,6a240f9e000000002202f625,0,0,2026-08-25T20:23:10,6a3624a00000000015005692,complete,endpoint_exhausted,
account_guangzhou,9340,verified_local_broadband_guangzhou,guangzhou,0,,reply,6a240f9e000000002202f625,0,0,2026-08-25T20:23:10,6a28e5360000000029013b25,complete,endpoint_exhausted,
account_guangzhou,9340,verified_local_broadband_guangzhou,guangzhou,0,,reply,6a240f9e000000002202f625,0,0,2026-08-25T20:23:10,6a28c673000000002a007bf5,complete,endpoint_exhausted,
account_guangzhou,9340,verified_local_broadband_guangzhou,guangzhou,0,,reply,6a240f9e000000002202f625,0,0,2026-08-25T20:23:10,6a28d35c000000002b02b1f3,complete,endpoint_exhausted,
account_guangzhou,9340,verified_local_broadband_guangzhou,guangzhou,0,,reply,6a240f9e000000002202f625,0,0,2026-08-25T20:23:10,6a2a0bfe0000000028030fae,complete,endpoint_exhausted,
account_guangzhou,9340,verified_local_broadband_guangzhou,guangzhou,0,,reply,6a240f9e000000002202f625,0,0,2026-08-25T20:23:10,6a27c15e000000002a0079c5,complete,endpoint_exhausted,
account_guangzhou,9340,verified_local_broadband_guangzhou,guangzhou,0,,reply,6a240f9e000000002202f625,0,0,2026-08-25T20:23:10,6a2f6be200000000290193fe,complete,endpoint_exhausted,
account_guangzhou,9340,verified_local_broadband_guangzhou,guangzhou,0,,reply,6a240f9e000000002202f625,0,0,2026-08-25T20:23:10,6a26799c0000000027023383,complete,endpoint_exhausted,
account_guangzhou,9340,verified_local_broadband_guangzhou,guangzhou,0,,reply,6a240f9e000000002202f625,0,0,2026-08-25T20:23:10,6a3504ce000000000802d5fc,complete,endpoint_exhausted,
account_guangzhou,9340,verified_local_broadband_guangzhou,guangzhou,0,,reply,6a240f9e000000002202f625,0,0,2026-08-25T20:23:10,6a27be8f000000002702c502,complete,endpoint_exhausted,
account_guangzhou,9340,verified_local_broadband_guangzhou,guangzhou,0,,reply,6a240f9e000000002202f625,0,0,2026-08-25T20:23:25,6a27b8ea000000002b00031c,complete,endpoint_exhausted,
account_guangzhou,9340,verified_local_broadband_guangzhou,guangzhou,0,,reply,6a240f9e000000002202f625,0,0,2026-08-25T20:23:25,6a27b0860000000027029442,complete,endpoint_exhausted,
account_guangzhou,9340,verified_local_broadband_guangzhou,guangzhou,0,,reply,6a240f9e000000002202f625,0,0,2026-08-25T20:23:25,6a27af8d000000002a032179,complete,endpoint_exhausted,
account_guangzhou,9340,verified_local_broadband_guangzhou,guangzhou,0,,reply,6a240f9e000000002202f625,0,0,2026-08-25T20:23:25,6a27af03000000002a02d6a4,complete,endpoint_exhausted,
account_guangzhou,9340,verified_local_broadband_guangzhou,guangzhou,0,,reply,6a240f9e000000002202f625,0,0,2026-08-25T20:23:25,6a279af4000000002902c106,complete,endpoint_exhausted,
account_guangzhou,9340,verified_local_broadband_guangzhou,guangzhou,0,,reply,6a240f9e000000002202f625,0,0,2026-08-25T20:23:25,6a27825d000000002803e7c0,complete,endpoint_exhausted,
account_guangzhou,9340,verified_local_broadband_guangzhou,guangzhou,0,,reply,6a240f9e000000002202f625,0,0,2026-08-25T20:23:25,6a2776c90000000029010d74,complete,endpoint_exhausted,
account_guangzhou,9340,verified_local_broadband_guangzhou,guangzhou,0,,reply,6a240f9e000000002202f625,0,0,2026-08-25T20:23:25,6a27680b00000000280303e6,complete,endpoint_exhausted,
account_guangzhou,9340,verified_local_broadband_guangzhou,guangzhou,0,,reply,6a240f9e000000002202f625,0,0,2026-08-25T20:23:25,6a2766eb0000000028037b9d,complete,endpoint_exhausted,
account_guangzhou,9340,verified_local_broadband_guangzhou,guangzhou,0,,reply,6a240f9e000000002202f625,0,0,2026-08-25T20:23:25,6a26e5ea000000002902dc48,complete,endpoint_exhausted,
account_guangzhou,9340,verified_local_broadband_guangzhou,guangzhou,0,,reply,6a240f9e000000002202f625,0,0,2026-08-25T20:23:41,6a26c614000000002300f5b5,complete,endpoint_exhausted,
account_guangzhou,9340,verified_local_broadband_guangzhou,guangzhou,0,,reply,6a240f9e000000002202f625,0,0,2026-08-25T20:23:41,6a26a9bf000000002701607e,complete,endpoint_exhausted,
account_guangzhou,9340,verified_local_broadband_guangzhou,guangzhou,0,,reply,6a240f9e000000002202f625,0,0,2026-08-25T20:23:41,6a269e6c000000002803ca76,complete,endpoint_exhausted,
account_guangzhou,9340,verified_local_broadband_guangzhou,guangzhou,0,,reply,6a240f9e000000002202f625,0,0,2026-08-25T20:23:41,6a269519000000002702859e,complete,endpoint_exhausted,
account_guangzhou,9340,verified_local_broadband_guangzhou,guangzhou,0,,reply,6a240f9e000000002202f625,0,0,2026-08-25T20:23:41,6a268c5e000000002b02bb87,complete,endpoint_exhausted,
account_guangzhou,9340,verified_local_broadband_guangzhou,guangzhou,0,,reply,6a240f9e000000002202f625,0,0,2026-08-25T20:23:41,6a354387000000001500b105,complete,endpoint_exhausted,
account_guangzhou,9340,verified_local_broadband_guangzhou,guangzhou,0,,reply,6a240f9e000000002202f625,0,0,2026-08-25T20:23:41,6a26fe7c000000002a006471,complete,endpoint_exhausted,
account_guangzhou,9340,verified_local_broadband_guangzhou,guangzhou,0,,reply,6a240f9e000000002202f625,0,0,2026-08-25T20:23:41,6a2553a3000000002a006466,complete,endpoint_exhausted,
account_guangzhou,9340,verified_local_broadband_guangzhou,guangzhou,0,,reply,6a240f9e000000002202f625,0,0,2026-08-25T20:23:41,6a48b185000000000802f015,complete,endpoint_exhausted,
account_guangzhou,9340,verified_local_broadband_guangzhou,guangzhou,0,,reply,6a240f9e000000002202f625,0,0,2026-08-25T20:23:41,6a3657a500000000150068c1,complete,endpoint_exhausted,
account_guangzhou,9340,verified_local_broadband_guangzhou,guangzhou,0,,reply,6a240f9e000000002202f625,0,0,2026-08-25T20:23:56,6a35569100000000150135d7,complete,endpoint_exhausted,
account_guangzhou,9340,verified_local_broadband_guangzhou,guangzhou,0,,reply,6a240f9e000000002202f625,0,0,2026-08-25T20:23:56,6a2aa581000000002900f2ac,complete,endpoint_exhausted,
account_guangzhou,9340,verified_local_broadband_guangzhou,guangzhou,0,,reply,6a240f9e000000002202f625,0,0,2026-08-25T20:23:56,6a282cca000000002b029d77,complete,endpoint_exhausted,
account_guangzhou,9340,verified_local_broadband_guangzhou,guangzhou,0,,reply,6a240f9e000000002202f625,0,0,2026-08-25T20:23:56,6a27c0330000000028038f8f,complete,endpoint_exhausted,
account_guangzhou,9340,verified_local_broadband_guangzhou,guangzhou,0,,reply,6a240f9e000000002202f625,0,0,2026-08-25T20:23:56,6a27a34d000000002702f57a,complete,endpoint_exhausted,
account_guangzhou,9340,verified_local_broadband_guangzhou,guangzhou,1,,reply,6a240f9e000000002202f625,1,0,2026-08-25T20:23:56,6a27928f000000002701f58f,complete,endpoint_exhausted,
account_guangzhou,9340,verified_local_broadband_guangzhou,guangzhou,0,,reply,6a240f9e000000002202f625,0,0,2026-08-25T20:23:56,6a26d5f900000000280352fc,complete,endpoint_exhausted,
account_guangzhou,9340,verified_local_broadband_guangzhou,guangzhou,0,,reply,6a240f9e000000002202f625,0,0,2026-08-25T20:23:56,6a26ab83000000002a030600,complete,endpoint_exhausted,
account_guangzhou,9340,verified_local_broadband_guangzhou,guangzhou,1,,reply,6a240f9e000000002202f625,1,0,2026-08-25T20:23:56,6a265a4700000000210135d6,complete,endpoint_exhausted,
account_guangzhou,9340,verified_local_broadband_guangzhou,guangzhou,,,top_level,6a240f9e000000002202f625,79,8,2026-08-25T20:23:56,,complete,endpoint_exhausted,True
account_guangzhou,9340,verified_local_broadband_guangzhou,guangzhou,0,,reply,6a25096e0000000035030459,0,0,2026-08-25T20:29:46,6a26ab84000000002902470b,complete,endpoint_exhausted,
account_guangzhou,9340,verified_local_broadband_guangzhou,guangzhou,,,top_level,6a25096e0000000035030459,1,1,2026-08-25T20:29:46,,complete,endpoint_exhausted,True
account_guangzhou,9340,verified_local_broadband_guangzhou,guangzhou,1,,reply,6a24cb23000000002200bf8b,1,0,2026-08-25T20:35:35,6a250033000000002b02ba33,complete,endpoint_exhausted,
account_guangzhou,9340,verified_local_broadband_guangzhou,guangzhou,1,,reply,6a24cb23000000002200bf8b,1,0,2026-08-25T20:35:35,6a24ccd6000000002a024185,complete,endpoint_exhausted,
account_guangzhou,9340,verified_local_broadband_guangzhou,guangzhou,,,top_level,6a24cb23000000002200bf8b,2,1,2026-08-25T20:35:35,,complete,endpoint_exhausted,True
account_guangzhou,9340,verified_local_broadband_guangzhou,guangzhou,10,,reply,6a26495d00000000150270b5,10,2,2026-08-25T20:41:57,6a26d641000000002701c983,complete,endpoint_exhausted,
account_guangzhou,9340,verified_local_broadband_guangzhou,guangzhou,0,,reply,6a26495d00000000150270b5,0,0,2026-08-25T20:41:57,6a2b63670000000028032c32,complete,endpoint_exhausted,
account_guangzhou,9340,verified_local_broadband_guangzhou,guangzhou,0,,reply,6a26495d00000000150270b5,0,0,2026-08-25T20:41:57,6a2b00b8000000002701f002,complete,endpoint_exhausted,
account_guangzhou,9340,verified_local_broadband_guangzhou,guangzhou,0,,reply,6a26495d00000000150270b5,0,0,2026-08-25T20:41:57,6a6b0ce60000000009016cd3,complete,endpoint_exhausted,
account_guangzhou,9340,verified_local_broadband_guangzhou,guangzhou,0,,reply,6a26495d00000000150270b5,0,0,2026-08-25T20:41:57,6a848060000000000b018d6f,complete,endpoint_exhausted,
account_guangzhou,9340,verified_local_broadband_guangzhou,guangzhou,0,,reply,6a26495d00000000150270b5,0,0,2026-08-25T20:41:57,6a2e65f40000000027014dc9,complete,endpoint_exhausted,
account_guangzhou,9340,verified_local_broadband_guangzhou,guangzhou,0,,reply,6a26495d00000000150270b5,0,0,2026-08-25T20:41:57,6a7c60d30000000003017ff5,complete,endpoint_exhausted,
account_guangzhou,9340,verified_local_broadband_guangzhou,guangzhou,1,,reply,6a26495d00000000150270b5,1,0,2026-08-25T20:41:57,6a264c08000000002803681e,complete,endpoint_exhausted,
account_guangzhou,9340,verified_local_broadband_guangzhou,guangzhou,0,,reply,6a26495d00000000150270b5,0,0,2026-08-25T20:41:57,6a306d1500000000270289d9,complete,endpoint_exhausted,
account_guangzhou,9340,verified_local_broadband_guangzhou,guangzhou,0,,reply,6a26495d00000000150270b5,0,0,2026-08-25T20:41:57,6a2829230000000027014459,complete,endpoint_exhausted,
account_guangzhou,9340,verified_local_broadband_guangzhou,guangzhou,0,,reply,6a26495d00000000150270b5,0,0,2026-08-25T20:42:12,6a26969e000000002b003a13,complete,endpoint_exhausted,
account_guangzhou,9340,verified_local_broadband_guangzhou,guangzhou,0,,reply,6a26495d00000000150270b5,0,0,2026-08-25T20:42:12,6a27e9590000000029034522,complete,endpoint_exhausted,
account_guangzhou,9340,verified_local_broadband_guangzhou,guangzhou,0,,reply,6a26495d00000000150270b5,0,0,2026-08-25T20:42:12,6a2fc0a400000000270213e9,complete,endpoint_exhausted,
account_guangzhou,9340,verified_local_broadband_guangzhou,guangzhou,1,,reply,6a26495d00000000150270b5,1,0,2026-08-25T20:42:12,6a7c8f0c0000000014021335,complete,endpoint_exhausted,
account_guangzhou,9340,verified_local_broadband_guangzhou,guangzhou,0,,reply,6a26495d00000000150270b5,0,0,2026-08-25T20:42:12,6a6edbce000000001403b7fe,complete,endpoint_exhausted,
account_guangzhou,9340,verified_local_broadband_guangzhou,guangzhou,,,top_level,6a26495d00000000150270b5,15,2,2026-08-25T20:42:12,,complete,endpoint_exhausted,True
account_guangzhou,9340,verified_local_broadband_guangzhou,guangzhou,1,,reply,6a25500d00000000350297aa,1,0,2026-08-25T20:48:02,6a256119000000002b0025d2,complete,endpoint_exhausted,
account_guangzhou,9340,verified_local_broadband_guangzhou,guangzhou,1,,reply,6a25500d00000000350297aa,1,0,2026-08-25T20:48:02,6a2552910000000027023b13,complete,endpoint_exhausted,
account_guangzhou,9340,verified_local_broadband_guangzhou,guangzhou,0,,reply,6a25500d00000000350297aa,0,0,2026-08-25T20:48:02,6a2615ae0000000027022bd5,complete,endpoint_exhausted,
account_guangzhou,9340,verified_local_broadband_guangzhou,guangzhou,,,top_level,6a25500d00000000350297aa,3,1,2026-08-25T20:48:02,,complete,endpoint_exhausted,True
account_guangzhou,9340,verified_local_broadband_guangzhou,guangzhou,0,,reply,6a2631270000000035020d7d,0,0,2026-08-25T21:03:54,6a2ec06d000000002a00763b,complete,endpoint_exhausted,
account_guangzhou,9340,verified_local_broadband_guangzhou,guangzhou,0,,reply,6a2631270000000035020d7d,0,0,2026-08-25T21:03:54,6a2cad09000000002803ae6c,complete,endpoint_exhausted,
account_guangzhou,9340,verified_local_broadband_guangzhou,guangzhou,,,top_level,6a2631270000000035020d7d,2,1,2026-08-25T21:03:54,,complete,endpoint_exhausted,True
account_guangzhou,9340,verified_local_broadband_guangzhou,guangzhou,,,top_level,6a24f213000000001c024c78,0,1,2026-08-25T21:09:44,,complete,endpoint_exhausted,True
account_guangzhou,9340,verified_local_broadband_guangzhou,guangzhou,0,,reply,6a250459000000001702b6da,0,0,2026-08-25T21:15:34,6a29339b00000000290100a0,complete,endpoint_exhausted,
account_guangzhou,9340,verified_local_broadband_guangzhou,guangzhou,,,top_level,6a250459000000001702b6da,1,1,2026-08-25T21:15:34,,complete,endpoint_exhausted,True
account_guangzhou,9340,verified_local_broadband_guangzhou,guangzhou,1,,reply,6a24bfcd000000001702adbd,1,0,2026-08-25T21:21:25,6a24c186000000002b003b0b,complete,endpoint_exhausted,
account_guangzhou,9340,verified_local_broadband_guangzhou,guangzhou,0,,reply,6a24bfcd000000001702adbd,0,0,2026-08-25T21:21:25,6a24e350000000002b0289f2,complete,endpoint_exhausted,
account_guangzhou,9340,verified_local_broadband_guangzhou,guangzhou,2,,reply,6a24bfcd000000001702adbd,2,1,2026-08-25T21:21:40,6a24f46b000000002900faa1,complete,endpoint_exhausted,
account_guangzhou,9340,verified_local_broadband_guangzhou,guangzhou,0,,reply,6a24bfcd000000001702adbd,0,0,2026-08-25T21:21:40,6a27a95e0000000028008050,complete,endpoint_exhausted,
account_guangzhou,9340,verified_local_broadband_guangzhou,guangzhou,0,,reply,6a24bfcd000000001702adbd,0,0,2026-08-25T21:21:40,6a261ca1000000002b02ab92,complete,endpoint_exhausted,
account_guangzhou,9340,verified_local_broadband_guangzhou,guangzhou,,,top_level,6a24bfcd000000001702adbd,5,1,2026-08-25T21:21:40,,complete,endpoint_exhausted,True
account_guangzhou,9340,verified_local_broadband_guangzhou,guangzhou,2,,reply,6a269a2200000000150246f4,2,1,2026-08-25T21:27:46,6a26a290000000002a0078fb,complete,endpoint_exhausted,
account_guangzhou,9340,verified_local_broadband_guangzhou,guangzhou,2,,reply,6a269a2200000000150246f4,2,1,2026-08-25T21:28:01,6a269b7d0000000029025a17,complete,endpoint_exhausted,
account_guangzhou,9340,verified_local_broadband_guangzhou,guangzhou,0,,reply,6a269a2200000000150246f4,0,0,2026-08-25T21:28:01,6a276b7f000000002b0289e3,complete,endpoint_exhausted,
account_guangzhou,9340,verified_local_broadband_guangzhou,guangzhou,0,,reply,6a269a2200000000150246f4,0,0,2026-08-25T21:28:01,6a290005000000002900cebf,complete,endpoint_exhausted,
account_guangzhou,9340,verified_local_broadband_guangzhou,guangzhou,,,top_level,6a269a2200000000150246f4,4,1,2026-08-25T21:28:01,,complete,endpoint_exhausted,True
account_guangzhou,9340,verified_local_broadband_guangzhou,guangzhou,5,,reply,6a24bc7a0000000022020a0f,5,1,2026-08-25T21:34:06,6a24efd8000000002701f9d9,complete,endpoint_exhausted,
account_guangzhou,9340,verified_local_broadband_guangzhou,guangzhou,5,,reply,6a24bc7a0000000022020a0f,5,1,2026-08-25T21:34:21,6a250fbe000000002803b136,complete,endpoint_exhausted,
account_guangzhou,9340,verified_local_broadband_guangzhou,guangzhou,1,,reply,6a24bc7a0000000022020a0f,1,0,2026-08-25T21:34:22,6a24f6b4000000002803bfe1,complete,endpoint_exhausted,
account_guangzhou,9340,verified_local_broadband_guangzhou,guangzhou,1,,reply,6a24bc7a0000000022020a0f,1,0,2026-08-25T21:34:22,6a2523740000000028034ba0,complete,endpoint_exhausted,
account_guangzhou,9340,verified_local_broadband_guangzhou,guangzhou,1,,reply,6a24bc7a0000000022020a0f,1,0,2026-08-25T21:34:22,6a250f87000000002a02f367,complete,endpoint_exhausted,
account_guangzhou,9340,verified_local_broadband_guangzhou,guangzhou,1,,reply,6a24bc7a0000000022020a0f,1,0,2026-08-25T21:34:22,6a24def7000000002803ac55,complete,endpoint_exhausted,
account_guangzhou,9340,verified_local_broadband_guangzhou,guangzhou,1,,reply,6a24bc7a0000000022020a0f,1,0,2026-08-25T21:34:22,6a24c9f700000000280348c8,complete,endpoint_exhausted,
account_guangzhou,9340,verified_local_broadband_guangzhou,guangzhou,0,,reply,6a24bc7a0000000022020a0f,0,0,2026-08-25T21:34:22,6a2512f0000000002701f4d3,complete,endpoint_exhausted,
account_guangzhou,9340,verified_local_broadband_guangzhou,guangzhou,0,,reply,6a24bc7a0000000022020a0f,0,0,2026-08-25T21:34:22,6a2507db000000002803002c,complete,endpoint_exhausted,
account_guangzhou,9340,verified_local_broadband_guangzhou,guangzhou,0,,reply,6a24bc7a0000000022020a0f,0,0,2026-08-25T21:34:22,6a25289b000000002a025d67,complete,endpoint_exhausted,
account_guangzhou,9340,verified_local_broadband_guangzhou,guangzhou,0,,reply,6a24bc7a0000000022020a0f,0,0,2026-08-25T21:34:37,6a250e3b00000000270235d0,complete,endpoint_exhausted,
account_guangzhou,9340,verified_local_broadband_guangzhou,guangzhou,0,,reply,6a24bc7a0000000022020a0f,0,0,2026-08-25T21:34:37,6a250d2b000000002a006e6d,complete,endpoint_exhausted,
account_guangzhou,9340,verified_local_broadband_guangzhou,guangzhou,0,,reply,6a24bc7a0000000022020a0f,0,0,2026-08-25T21:34:37,6a250a230000000027017ba6,complete,endpoint_exhausted,
account_guangzhou,9340,verified_local_broadband_guangzhou,guangzhou,0,,reply,6a24bc7a0000000022020a0f,0,0,2026-08-25T21:34:37,6a25082e000000000d023001,complete,endpoint_exhausted,
account_guangzhou,9340,verified_local_broadband_guangzhou,guangzhou,0,,reply,6a24bc7a0000000022020a0f,0,0,2026-08-25T21:34:37,6a24f2d3000000002a0044bd,complete,endpoint_exhausted,
account_guangzhou,9340,verified_local_broadband_guangzhou,guangzhou,0,,reply,6a24bc7a0000000022020a0f,0,0,2026-08-25T21:34:37,6a24c95c000000002900dd8b,complete,endpoint_exhausted,
account_guangzhou,9340,verified_local_broadband_guangzhou,guangzhou,0,,reply,6a24bc7a0000000022020a0f,0,0,2026-08-25T21:34:37,6a24c5af00000000280349c5,complete,endpoint_exhausted,
account_guangzhou,9340,verified_local_broadband_guangzhou,guangzhou,0,,reply,6a24bc7a0000000022020a0f,0,0,2026-08-25T21:34:37,6a24f28e0000000027028546,complete,endpoint_exhausted,
account_guangzhou,9340,verified_local_broadband_guangzhou,guangzhou,,,top_level,6a24bc7a0000000022020a0f,18,2,2026-08-25T21:34:37,,complete,endpoint_exhausted,True
account_guangzhou,9340,verified_local_broadband_guangzhou,guangzhou,4,,reply,6a254f9f000000002103ec8e,4,1,2026-08-25T21:50:42,6a292a49000000002702251a,complete,endpoint_exhausted,
account_guangzhou,9340,verified_local_broadband_guangzhou,guangzhou,2,,reply,6a254f9f000000002103ec8e,2,1,2026-08-25T21:50:57,6a27bb9400000000290243fe,complete,endpoint_exhausted,
account_guangzhou,9340,verified_local_broadband_guangzhou,guangzhou,1,,reply,6a254f9f000000002103ec8e,1,0,2026-08-25T21:50:57,6a2784f5000000002901a958,complete,endpoint_exhausted,
account_guangzhou,9340,verified_local_broadband_guangzhou,guangzhou,0,,reply,6a254f9f000000002103ec8e,0,0,2026-08-25T21:50:57,6a2636130000000029012266,complete,endpoint_exhausted,
account_guangzhou,9340,verified_local_broadband_guangzhou,guangzhou,0,,reply,6a254f9f000000002103ec8e,0,0,2026-08-25T21:50:57,6a254ffb000000002800bdad,complete,endpoint_exhausted,
account_guangzhou,9340,verified_local_broadband_guangzhou,guangzhou,0,,reply,6a254f9f000000002103ec8e,0,0,2026-08-25T21:50:57,6a2579f00000000028031c13,complete,endpoint_exhausted,
account_guangzhou,9340,verified_local_broadband_guangzhou,guangzhou,0,,reply,6a254f9f000000002103ec8e,0,0,2026-08-25T21:50:57,6a29670c0000000027020577,complete,endpoint_exhausted,
account_guangzhou,9340,verified_local_broadband_guangzhou,guangzhou,0,,reply,6a254f9f000000002103ec8e,0,0,2026-08-25T21:50:57,6a29594e000000002803641c,complete,endpoint_exhausted,
account_guangzhou,9340,verified_local_broadband_guangzhou,guangzhou,1,,reply,6a254f9f000000002103ec8e,1,0,2026-08-25T21:50:57,6a2cf2290000000029010503,complete,endpoint_exhausted,
account_guangzhou,9340,verified_local_broadband_guangzhou,guangzhou,0,,reply,6a254f9f000000002103ec8e,0,0,2026-08-25T21:50:57,6a2cdfd6000000002b025e59,complete,endpoint_exhausted,
account_guangzhou,9340,verified_local_broadband_guangzhou,guangzhou,2,,reply,6a254f9f000000002103ec8e,2,1,2026-08-25T21:51:28,6a279fa50000000029034999,complete,endpoint_exhausted,
account_guangzhou,9340,verified_local_broadband_guangzhou,guangzhou,,,top_level,6a254f9f000000002103ec8e,11,2,2026-08-25T21:51:28,,complete,endpoint_exhausted,True
account_guangzhou,9340,verified_local_broadband_guangzhou,guangzhou,0,,reply,6a265d5a000000002101a9c9,0,0,2026-08-25T21:57:17,6a26684100000000280328f1,complete,endpoint_exhausted,
account_guangzhou,9340,verified_local_broadband_guangzhou,guangzhou,0,,reply,6a265d5a000000002101a9c9,0,0,2026-08-25T21:57:17,6a751929000000002a027916,complete,endpoint_exhausted,
account_guangzhou,9340,verified_local_broadband_guangzhou,guangzhou,0,,reply,6a265d5a000000002101a9c9,0,0,2026-08-25T21:57:17,6a2e212700000000290122fb,complete,endpoint_exhausted,
account_guangzhou,9340,verified_local_broadband_guangzhou,guangzhou,0,,reply,6a265d5a000000002101a9c9,0,0,2026-08-25T21:57:17,6a27ae2b0000000028034e52,complete,endpoint_exhausted,
account_guangzhou,9340,verified_local_broadband_guangzhou,guangzhou,0,,reply,6a265d5a000000002101a9c9,0,0,2026-08-25T21:57:17,6a266eff000000002702021d,complete,endpoint_exhausted,
account_guangzhou,9340,verified_local_broadband_guangzhou,guangzhou,20,,reply,6a265d5a000000002101a9c9,20,4,2026-08-25T21:58:18,6a27acbf000000002702db72,complete,endpoint_exhausted,
account_guangzhou,9340,verified_local_broadband_guangzhou,guangzhou,0,,reply,6a265d5a000000002101a9c9,0,0,2026-08-25T21:58:18,6a2fc8fa0000000028033ce9,complete,endpoint_exhausted,
account_guangzhou,9340,verified_local_broadband_guangzhou,guangzhou,,,top_level,6a265d5a000000002101a9c9,7,1,2026-08-25T21:58:18,,complete,endpoint_exhausted,True
account_guangzhou,9340,verified_local_broadband_guangzhou,guangzhou,0,,reply,6a24d453000000001603cf9d,0,0,2026-08-25T22:04:08,6a24f677000000002a032009,complete,endpoint_exhausted,
account_guangzhou,9340,verified_local_broadband_guangzhou,guangzhou,0,,reply,6a24d453000000001603cf9d,0,0,2026-08-25T22:04:08,6a24ddfe000000002803436e,complete,endpoint_exhausted,
account_guangzhou,9340,verified_local_broadband_guangzhou,guangzhou,,,top_level,6a24d453000000001603cf9d,2,1,2026-08-25T22:04:08,,complete,endpoint_exhausted,True
account_guangzhou,9340,verified_local_broadband_guangzhou,guangzhou,2,,reply,6a256c820000000006034720,2,1,2026-08-25T22:10:14,6a26bd01000000002803f303,complete,endpoint_exhausted,
account_guangzhou,9340,verified_local_broadband_guangzhou,guangzhou,0,,reply,6a256c820000000006034720,0,0,2026-08-25T22:10:14,6a2d54540000000029012744,complete,endpoint_exhausted,
account_guangzhou,9340,verified_local_broadband_guangzhou,guangzhou,0,,reply,6a256c820000000006034720,0,0,2026-08-25T22:10:14,6a4682320000000005014717,complete,endpoint_exhausted,
account_guangzhou,9340,verified_local_broadband_guangzhou,guangzhou,,,top_level,6a256c820000000006034720,3,1,2026-08-25T22:10:14,,complete,endpoint_exhausted,True
account_guangzhou,9340,verified_local_broadband_guangzhou,guangzhou,,,top_level,6a260fc500000000080276d2,0,1,2026-08-25T22:16:03,,complete,endpoint_exhausted,True
account_guangzhou,9340,verified_local_broadband_guangzhou,guangzhou,,,top_level,6a2509890000000035022b68,0,1,2026-08-25T22:21:54,,complete,endpoint_exhausted,True
account_guangzhou,9340,verified_local_broadband_guangzhou,guangzhou,,,top_level,6a2689670000000006030e24,0,1,2026-08-25T22:37:44,,complete,endpoint_exhausted,True
account_guangzhou,9340,verified_local_broadband_guangzhou,guangzhou,11,,reply,6a2516cc00000000070134e4,11,2,2026-08-25T22:44:04,6a2519d4000000002901a738,complete,endpoint_exhausted,
account_guangzhou,9340,verified_local_broadband_guangzhou,guangzhou,2,,reply,6a2516cc00000000070134e4,2,1,2026-08-25T22:44:20,6a25a02100000000270165d5,complete,endpoint_exhausted,
account_guangzhou,9340,verified_local_broadband_guangzhou,guangzhou,1,,reply,6a2516cc00000000070134e4,1,0,2026-08-25T22:44:20,6a261b7b000000002a0066b2,complete,endpoint_exhausted,
account_guangzhou,9340,verified_local_broadband_guangzhou,guangzhou,0,,reply,6a2516cc00000000070134e4,0,0,2026-08-25T22:44:20,6a253b00000000002803085a,complete,endpoint_exhausted,
account_guangzhou,9340,verified_local_broadband_guangzhou,guangzhou,0,,reply,6a2516cc00000000070134e4,0,0,2026-08-25T22:44:20,6a2554d3000000002803985b,complete,endpoint_exhausted,
account_guangzhou,9340,verified_local_broadband_guangzhou,guangzhou,0,,reply,6a2516cc00000000070134e4,0,0,2026-08-25T22:44:20,6a26af1f000000002a033769,complete,endpoint_exhausted,
account_guangzhou,9340,verified_local_broadband_guangzhou,guangzhou,,,top_level,6a2516cc00000000070134e4,6,1,2026-08-25T22:44:20,,complete,endpoint_exhausted,True
account_guangzhou,9340,verified_local_broadband_guangzhou,guangzhou,16,,reply,6a26a0e60000000008001c46,16,3,2026-08-25T22:50:56,6a26c630000000002b029603,complete,endpoint_exhausted,
account_guangzhou,9340,verified_local_broadband_guangzhou,guangzhou,1,,reply,6a26a0e60000000008001c46,1,0,2026-08-25T22:50:56,6a27d027000000002b0277b6,complete,endpoint_exhausted,
account_guangzhou,9340,verified_local_broadband_guangzhou,guangzhou,1,,reply,6a26a0e60000000008001c46,1,0,2026-08-25T22:50:56,6a2fe4a0000000002b028588,complete,endpoint_exhausted,
account_guangzhou,9340,verified_local_broadband_guangzhou,guangzhou,0,,reply,6a26a0e60000000008001c46,0,0,2026-08-25T22:50:56,6a3b7de80000000014038bb6,complete,endpoint_exhausted,
account_guangzhou,9340,verified_local_broadband_guangzhou,guangzhou,1,,reply,6a26a0e60000000008001c46,1,0,2026-08-25T22:50:56,6a34f4500000000005009a60,complete,endpoint_exhausted,
account_guangzhou,9340,verified_local_broadband_guangzhou,guangzhou,0,,reply,6a26a0e60000000008001c46,0,0,2026-08-25T22:50:56,6a588d3d000000002a02cbd3,complete,endpoint_exhausted,
account_guangzhou,9340,verified_local_broadband_guangzhou,guangzhou,0,,reply,6a26a0e60000000008001c46,0,0,2026-08-25T22:50:56,6a28f75b000000002800a76d,complete,endpoint_exhausted,
account_guangzhou,9340,verified_local_broadband_guangzhou,guangzhou,0,,reply,6a26a0e60000000008001c46,0,0,2026-08-25T22:50:56,6a410cb0000000002901a7be,complete,endpoint_exhausted,
account_guangzhou,9340,verified_local_broadband_guangzhou,guangzhou,0,,reply,6a26a0e60000000008001c46,0,0,2026-08-25T22:50:56,6a379418000000002a03277b,complete,endpoint_exhausted,
account_guangzhou,9340,verified_local_broadband_guangzhou,guangzhou,0,,reply,6a26a0e60000000008001c46,0,0,2026-08-25T22:50:56,6a2baa3b000000002b02a8aa,complete,endpoint_exhausted,
account_guangzhou,9340,verified_local_broadband_guangzhou,guangzhou,0,,reply,6a26a0e60000000008001c46,0,0,2026-08-25T22:51:11,6a280df0000000002702cdcb,complete,endpoint_exhausted,
account_guangzhou,9340,verified_local_broadband_guangzhou,guangzhou,,,top_level,6a26a0e60000000008001c46,11,2,2026-08-25T22:51:11,,complete,endpoint_exhausted,True
account_guangzhou,9340,verified_local_broadband_guangzhou,guangzhou,,,top_level,6a2531350000000016024dd1,0,1,2026-08-25T22:57:01,,complete,endpoint_exhausted,True
account_guangzhou,9340,verified_local_broadband_guangzhou,guangzhou,10,,reply,6a2453f40000000021009a44,10,2,2026-08-25T23:03:21,6a2456ed0000000029011462,complete,endpoint_exhausted,
account_guangzhou,9340,verified_local_broadband_guangzhou,guangzhou,5,,reply,6a2453f40000000021009a44,5,1,2026-08-25T23:03:36,6a24fe8a000000002702bd54,complete,endpoint_exhausted,
account_guangzhou,9340,verified_local_broadband_guangzhou,guangzhou,1,,reply,6a2453f40000000021009a44,1,0,2026-08-25T23:03:36,6a249b820000000028032ed1,complete,endpoint_exhausted,
account_guangzhou,9340,verified_local_broadband_guangzhou,guangzhou,1,,reply,6a2453f40000000021009a44,1,0,2026-08-25T23:03:36,6a5baa4f000000000901532e,complete,endpoint_exhausted,
account_guangzhou,9340,verified_local_broadband_guangzhou,guangzhou,0,,reply,6a2453f40000000021009a44,0,0,2026-08-25T23:03:36,6a24c93c000000002702c6a3,complete,endpoint_exhausted,
account_guangzhou,9340,verified_local_broadband_guangzhou,guangzhou,0,,reply,6a2453f40000000021009a44,0,0,2026-08-25T23:03:36,6a333c5e00000000280307cb,complete,endpoint_exhausted,
account_guangzhou,9340,verified_local_broadband_guangzhou,guangzhou,0,,reply,6a2453f40000000021009a44,0,0,2026-08-25T23:03:36,6a268823000000002a0249e7,complete,endpoint_exhausted,
account_guangzhou,9340,verified_local_broadband_guangzhou,guangzhou,0,,reply,6a2453f40000000021009a44,0,0,2026-08-25T23:03:36,6a2500b9000000002b002b0e,complete,endpoint_exhausted,
account_guangzhou,9340,verified_local_broadband_guangzhou,guangzhou,0,,reply,6a2453f40000000021009a44,0,0,2026-08-25T23:03:36,6a24d144000000002900c8ac,complete,endpoint_exhausted,
account_guangzhou,9340,verified_local_broadband_guangzhou,guangzhou,0,,reply,6a2453f40000000021009a44,0,0,2026-08-25T23:03:36,6a24d40e0000000029019c27,complete,endpoint_exhausted,
account_guangzhou,9340,verified_local_broadband_guangzhou,guangzhou,1,,reply,6a2453f40000000021009a44,1,0,2026-08-25T23:03:51,6a2cf0c1000000002901361b,complete,endpoint_exhausted,
account_guangzhou,9340,verified_local_broadband_guangzhou,guangzhou,0,,reply,6a2453f40000000021009a44,0,0,2026-08-25T23:03:51,6a24e29f000000002b0016e0,complete,endpoint_exhausted,
account_guangzhou,9340,verified_local_broadband_guangzhou,guangzhou,,,top_level,6a2453f40000000021009a44,12,2,2026-08-25T23:03:51,,complete,endpoint_exhausted,True
account_guangzhou,9340,verified_local_broadband_guangzhou,guangzhou,4,,reply,6a24d3e700000000210181d4,4,1,2026-08-25T23:09:56,6a24d5c0000000002a0058a1,complete,endpoint_exhausted,
account_guangzhou,9340,verified_local_broadband_guangzhou,guangzhou,4,,reply,6a24d3e700000000210181d4,4,1,2026-08-25T23:10:12,6a24df39000000002902fc72,complete,endpoint_exhausted,
account_guangzhou,9340,verified_local_broadband_guangzhou,guangzhou,2,,reply,6a24d3e700000000210181d4,2,1,2026-08-25T23:10:27,6a255ac3000000002b029cb9,complete,endpoint_exhausted,
account_guangzhou,9340,verified_local_broadband_guangzhou,guangzhou,5,,reply,6a24d3e700000000210181d4,5,1,2026-08-25T23:10:42,6a27d54b000000002b024b5d,complete,endpoint_exhausted,
account_guangzhou,9340,verified_local_broadband_guangzhou,guangzhou,1,,reply,6a24d3e700000000210181d4,1,0,2026-08-25T23:10:42,6a25201f000000002803c19c,complete,endpoint_exhausted,
account_guangzhou,9340,verified_local_broadband_guangzhou,guangzhou,5,,reply,6a24d3e700000000210181d4,5,1,2026-08-25T23:10:58,6a24f07a000000002900fdb2,complete,endpoint_exhausted,
account_guangzhou,9340,verified_local_broadband_guangzhou,guangzhou,2,,reply,6a24d3e700000000210181d4,2,1,2026-08-25T23:11:13,6a2506ef000000002702c3b0,complete,endpoint_exhausted,
account_guangzhou,9340,verified_local_broadband_guangzhou,guangzhou,0,,reply,6a24d3e700000000210181d4,0,0,2026-08-25T23:11:13,6a250241000000002b0293df,complete,endpoint_exhausted,
account_guangzhou,9340,verified_local_broadband_guangzhou,guangzhou,0,,reply,6a24d3e700000000210181d4,0,0,2026-08-25T23:11:13,6a24fd2d000000002b000e9e,complete,endpoint_exhausted,
account_guangzhou,9340,verified_local_broadband_guangzhou,guangzhou,0,,reply,6a24d3e700000000210181d4,0,0,2026-08-25T23:11:13,6a24dcd7000000002a007bc1,complete,endpoint_exhausted,
account_guangzhou,9340,verified_local_broadband_guangzhou,guangzhou,0,,reply,6a24d3e700000000210181d4,0,0,2026-08-25T23:11:28,6a2504e8000000002b028a99,complete,endpoint_exhausted,
account_guangzhou,9340,verified_local_broadband_guangzhou,guangzhou,0,,reply,6a24d3e700000000210181d4,0,0,2026-08-25T23:11:28,6a24fc71000000002702e3ac,complete,endpoint_exhausted,
account_guangzhou,9340,verified_local_broadband_guangzhou,guangzhou,0,,reply,6a24d3e700000000210181d4,0,0,2026-08-25T23:11:28,6a24eb2f000000002b0000ea,complete,endpoint_exhausted,
account_guangzhou,9340,verified_local_broadband_guangzhou,guangzhou,0,,reply,6a24d3e700000000210181d4,0,0,2026-08-25T23:11:28,6a24d6a8000000002b0036c6,complete,endpoint_exhausted,
account_guangzhou,9340,verified_local_broadband_guangzhou,guangzhou,0,,reply,6a24d3e700000000210181d4,0,0,2026-08-25T23:11:28,6a250498000000002901ad6a,complete,endpoint_exhausted,
account_guangzhou,9340,verified_local_broadband_guangzhou,guangzhou,0,,reply,6a24d3e700000000210181d4,0,0,2026-08-25T23:11:28,6a24ec6d000000002803bbe2,complete,endpoint_exhausted,
account_guangzhou,9340,verified_local_broadband_guangzhou,guangzhou,0,,reply,6a24d3e700000000210181d4,0,0,2026-08-25T23:11:28,6a24fbb7000000002b00060e,complete,endpoint_exhausted,
account_guangzhou,9340,verified_local_broadband_guangzhou,guangzhou,0,,reply,6a24d3e700000000210181d4,0,0,2026-08-25T23:11:28,6a24fdd5000000002701e034,complete,endpoint_exhausted,
account_guangzhou,9340,verified_local_broadband_guangzhou,guangzhou,0,,reply,6a24d3e700000000210181d4,0,0,2026-08-25T23:11:28,6a2537fb0000000028009159,complete,endpoint_exhausted,
account_guangzhou,9340,verified_local_broadband_guangzhou,guangzhou,0,,reply,6a24d3e700000000210181d4,0,0,2026-08-25T23:11:28,6a24f5a6000000002b028ce1,complete,endpoint_exhausted,
account_guangzhou,9340,verified_local_broadband_guangzhou,guangzhou,0,,reply,6a24d3e700000000210181d4,0,0,2026-08-25T23:11:44,6a24f68c000000002803cb16,complete,endpoint_exhausted,
account_guangzhou,9340,verified_local_broadband_guangzhou,guangzhou,0,,reply,6a24d3e700000000210181d4,0,0,2026-08-25T23:11:44,6a252e480000000027029d3a,complete,endpoint_exhausted,
account_guangzhou,9340,verified_local_broadband_guangzhou,guangzhou,0,,reply,6a24d3e700000000210181d4,0,0,2026-08-25T23:11:44,6a279e8500000000280304f9,complete,endpoint_exhausted,
account_guangzhou,9340,verified_local_broadband_guangzhou,guangzhou,0,,reply,6a24d3e700000000210181d4,0,0,2026-08-25T23:11:44,6a24d5ae000000002b029d20,complete,endpoint_exhausted,
account_guangzhou,9340,verified_local_broadband_guangzhou,guangzhou,0,,reply,6a24d3e700000000210181d4,0,0,2026-08-25T23:11:44,6a250902000000002701e3ae,complete,endpoint_exhausted,
account_guangzhou,9340,verified_local_broadband_guangzhou,guangzhou,0,,reply,6a24d3e700000000210181d4,0,0,2026-08-25T23:11:44,6a255f070000000027017df0,complete,endpoint_exhausted,
account_guangzhou,9340,verified_local_broadband_guangzhou,guangzhou,0,,reply,6a24d3e700000000210181d4,0,0,2026-08-25T23:11:44,6a275d65000000002902c3bd,complete,endpoint_exhausted,
account_guangzhou,9340,verified_local_broadband_guangzhou,guangzhou,0,,reply,6a24d3e700000000210181d4,0,0,2026-08-25T23:11:44,6a252107000000002300317c,complete,endpoint_exhausted,
account_guangzhou,9340,verified_local_broadband_guangzhou,guangzhou,0,,reply,6a24d3e700000000210181d4,0,0,2026-08-25T23:11:44,6a25071e0000000027029b0f,complete,endpoint_exhausted,
account_guangzhou,9340,verified_local_broadband_guangzhou,guangzhou,0,,reply,6a24d3e700000000210181d4,0,0,2026-08-25T23:11:44,6a2826dc000000002a00417a,complete,endpoint_exhausted,
account_guangzhou,9340,verified_local_broadband_guangzhou,guangzhou,0,,reply,6a24d3e700000000210181d4,0,0,2026-08-25T23:11:59,6a279aa0000000002702dced,complete,endpoint_exhausted,
account_guangzhou,9340,verified_local_broadband_guangzhou,guangzhou,0,,reply,6a24d3e700000000210181d4,0,0,2026-08-25T23:11:59,6a29fd0f000000000d021400,complete,endpoint_exhausted,
account_guangzhou,9340,verified_local_broadband_guangzhou,guangzhou,0,,reply,6a24d3e700000000210181d4,0,0,2026-08-25T23:11:59,6a250f510000000027023471,complete,endpoint_exhausted,
account_guangzhou,9340,verified_local_broadband_guangzhou,guangzhou,0,,reply,6a24d3e700000000210181d4,0,0,2026-08-25T23:11:59,6a262bb3000000002800925a,complete,endpoint_exhausted,
account_guangzhou,9340,verified_local_broadband_guangzhou,guangzhou,0,,reply,6a24d3e700000000210181d4,0,0,2026-08-25T23:11:59,6a311783000000002a033a63,complete,endpoint_exhausted,
account_guangzhou,9340,verified_local_broadband_guangzhou,guangzhou,0,,reply,6a24d3e700000000210181d4,0,0,2026-08-25T23:11:59,6a2a2257000000002803fdfd,complete,endpoint_exhausted,
account_guangzhou,9340,verified_local_broadband_guangzhou,guangzhou,0,,reply,6a24d3e700000000210181d4,0,0,2026-08-25T23:11:59,6a25124e0000000029010700,complete,endpoint_exhausted,
account_guangzhou,9340,verified_local_broadband_guangzhou,guangzhou,0,,reply,6a24d3e700000000210181d4,0,0,2026-08-25T23:11:59,6a24e79e000000002b028487,complete,endpoint_exhausted,
account_guangzhou,9340,verified_local_broadband_guangzhou,guangzhou,0,,reply,6a24d3e700000000210181d4,0,0,2026-08-25T23:11:59,6a24d85d0000000028038b0f,complete,endpoint_exhausted,
account_guangzhou,9340,verified_local_broadband_guangzhou,guangzhou,0,,reply,6a24d3e700000000210181d4,0,0,2026-08-25T23:11:59,6a24fb94000000002a02e9dc,complete,endpoint_exhausted,
account_guangzhou,9340,verified_local_broadband_guangzhou,guangzhou,,,top_level,6a24d3e700000000210181d4,40,5,2026-08-25T23:12:14,,complete,endpoint_exhausted,True
account_guangzhou,9340,verified_local_broadband_guangzhou,guangzhou,5,,reply,6a24ddc600000000080317eb,5,1,2026-08-25T23:28:20,6a253b1b0000000029019f9c,complete,endpoint_exhausted,
account_guangzhou,9340,verified_local_broadband_guangzhou,guangzhou,1,,reply,6a24ddc600000000080317eb,1,0,2026-08-25T23:28:20,6a24e7070000000028009429,complete,endpoint_exhausted,
account_guangzhou,9340,verified_local_broadband_guangzhou,guangzhou,4,,reply,6a24ddc600000000080317eb,4,1,2026-08-25T23:28:36,6a2526ca0000000028009768,complete,endpoint_exhausted,
account_guangzhou,9340,verified_local_broadband_guangzhou,guangzhou,2,,reply,6a24ddc600000000080317eb,2,1,2026-08-25T23:28:51,6a25328b000000002b025d10,complete,endpoint_exhausted,
account_guangzhou,9340,verified_local_broadband_guangzhou,guangzhou,1,,reply,6a24ddc600000000080317eb,1,0,2026-08-25T23:28:51,6a252f330000000028039cff,complete,endpoint_exhausted,
account_guangzhou,9340,verified_local_broadband_guangzhou,guangzhou,1,,reply,6a24ddc600000000080317eb,1,0,2026-08-25T23:28:51,6a253ac7000000002701c3cc,complete,endpoint_exhausted,
account_guangzhou,9340,verified_local_broadband_guangzhou,guangzhou,1,,reply,6a24ddc600000000080317eb,1,0,2026-08-25T23:28:51,6a2508b2000000002803ecc7,complete,endpoint_exhausted,
account_guangzhou,9340,verified_local_broadband_guangzhou,guangzhou,1,,reply,6a24ddc600000000080317eb,1,0,2026-08-25T23:28:51,6a250333000000002803937c,complete,endpoint_exhausted,
account_guangzhou,9340,verified_local_broadband_guangzhou,guangzhou,0,,reply,6a24ddc600000000080317eb,0,0,2026-08-25T23:28:51,6a260db8000000002a024761,complete,endpoint_exhausted,
account_guangzhou,9340,verified_local_broadband_guangzhou,guangzhou,0,,reply,6a24ddc600000000080317eb,0,0,2026-08-25T23:28:51,6a2786eb00000000280329c4,complete,endpoint_exhausted,
account_guangzhou,9340,verified_local_broadband_guangzhou,guangzhou,1,,reply,6a24ddc600000000080317eb,1,0,2026-08-25T23:29:06,6a263b0d000000002b002399,complete,endpoint_exhausted,
account_guangzhou,9340,verified_local_broadband_guangzhou,guangzhou,0,,reply,6a24ddc600000000080317eb,0,0,2026-08-25T23:29:06,6a27c8240000000027014aff,complete,endpoint_exhausted,
account_guangzhou,9340,verified_local_broadband_guangzhou,guangzhou,0,,reply,6a24ddc600000000080317eb,0,0,2026-08-25T23:29:06,6a27d41e000000002803692e,complete,endpoint_exhausted,
account_guangzhou,9340,verified_local_broadband_guangzhou,guangzhou,0,,reply,6a24ddc600000000080317eb,0,0,2026-08-25T23:29:06,6a262fb2000000002803637a,complete,endpoint_exhausted,
account_guangzhou,9340,verified_local_broadband_guangzhou,guangzhou,,,top_level,6a24ddc600000000080317eb,14,2,2026-08-25T23:29:06,,complete,endpoint_exhausted,True
account_guangzhou,9340,verified_local_broadband_guangzhou,guangzhou,3,,reply,6a2556860000000035038960,3,1,2026-08-25T23:35:11,6a25581a000000002903590e,complete,endpoint_exhausted,
account_guangzhou,9340,verified_local_broadband_guangzhou,guangzhou,0,,reply,6a2556860000000035038960,0,0,2026-08-25T23:35:11,6a2776f6000000000d023000,complete,endpoint_exhausted,
account_guangzhou,9340,verified_local_broadband_guangzhou,guangzhou,0,,reply,6a2556860000000035038960,0,0,2026-08-25T23:35:11,6a25949a000000002702dbee,complete,endpoint_exhausted,
account_guangzhou,9340,verified_local_broadband_guangzhou,guangzhou,0,,reply,6a2556860000000035038960,0,0,2026-08-25T23:35:11,6a278cfa0000000028038ce5,complete,endpoint_exhausted,
account_guangzhou,9340,verified_local_broadband_guangzhou,guangzhou,0,,reply,6a2556860000000035038960,0,0,2026-08-25T23:35:11,6a262289000000002b0245c5,complete,endpoint_exhausted,
account_guangzhou,9340,verified_local_broadband_guangzhou,guangzhou,0,,reply,6a2556860000000035038960,0,0,2026-08-25T23:35:11,6a291010000000002701ee02,complete,endpoint_exhausted,
account_guangzhou,9340,verified_local_broadband_guangzhou,guangzhou,0,,reply,6a2556860000000035038960,0,0,2026-08-25T23:35:11,6a26b6d0000000002a024c45,complete,endpoint_exhausted,
account_guangzhou,9340,verified_local_broadband_guangzhou,guangzhou,0,,reply,6a2556860000000035038960,0,0,2026-08-25T23:35:11,6a256b84000000002702338f,complete,endpoint_exhausted,
account_guangzhou,9340,verified_local_broadband_guangzhou,guangzhou,0,,reply,6a2556860000000035038960,0,0,2026-08-25T23:35:11,6a71dc4c000000002901aeba,complete,endpoint_exhausted,
account_guangzhou,9340,verified_local_broadband_guangzhou,guangzhou,0,,reply,6a2556860000000035038960,0,0,2026-08-25T23:35:11,6a2f77010000000027015018,complete,endpoint_exhausted,
account_guangzhou,9340,verified_local_broadband_guangzhou,guangzhou,0,,reply,6a2556860000000035038960,0,0,2026-08-25T23:35:26,6a264a11000000002800935e,complete,endpoint_exhausted,
account_guangzhou,9340,verified_local_broadband_guangzhou,guangzhou,0,,reply,6a2556860000000035038960,0,0,2026-08-25T23:35:26,6a258c91000000002701c2cd,complete,endpoint_exhausted,
account_guangzhou,9340,verified_local_broadband_guangzhou,guangzhou,0,,reply,6a2556860000000035038960,0,0,2026-08-25T23:35:26,6a28308b000000002701f97f,complete,endpoint_exhausted,
account_guangzhou,9340,verified_local_broadband_guangzhou,guangzhou,0,,reply,6a2556860000000035038960,0,0,2026-08-25T23:35:26,6a26d452000000002701632e,complete,endpoint_exhausted,
account_guangzhou,9340,verified_local_broadband_guangzhou,guangzhou,0,,reply,6a2556860000000035038960,0,0,2026-08-25T23:35:26,6a28a5c1000000002902d80e,complete,endpoint_exhausted,
account_guangzhou,9340,verified_local_broadband_guangzhou,guangzhou,,,top_level,6a2556860000000035038960,15,2,2026-08-25T23:35:26,,complete,endpoint_exhausted,True
account_guangzhou,9340,verified_local_broadband_guangzhou,guangzhou,,,top_level,6a241215000000000701142c,0,1,2026-08-25T23:41:16,,complete,endpoint_exhausted,True
account_guangzhou,9340,verified_local_broadband_guangzhou,guangzhou,1,,reply,6a24d3e2000000001c026bef,1,0,2026-08-25T23:47:06,6a252648000000002800ba45,complete,endpoint_exhausted,
account_guangzhou,9340,verified_local_broadband_guangzhou,guangzhou,0,,reply,6a24d3e2000000001c026bef,0,0,2026-08-25T23:47:06,6a24d71f0000000028038807,complete,endpoint_exhausted,
account_guangzhou,9340,verified_local_broadband_guangzhou,guangzhou,,,top_level,6a24d3e2000000001c026bef,2,1,2026-08-25T23:47:06,,complete,endpoint_exhausted,True
account_guangzhou,9340,verified_local_broadband_guangzhou,guangzhou,,,top_level,6a24e5eb000000001c024934,0,1,2026-08-25T23:52:56,,complete,endpoint_exhausted,True
account_guangzhou,9340,verified_local_broadband_guangzhou,guangzhou,8,,reply,6a24cf5e000000002100b473,8,2,2026-08-25T23:59:17,6a24e31e000000002a030379,complete,endpoint_exhausted,
account_guangzhou,9340,verified_local_broadband_guangzhou,guangzhou,8,,reply,6a24cf5e000000002100b473,8,2,2026-08-25T23:59:47,6a253ed9000000002b0289d7,complete,endpoint_exhausted,
account_guangzhou,9340,verified_local_broadband_guangzhou,guangzhou,1,,reply,6a24cf5e000000002100b473,1,0,2026-08-25T23:59:47,6a24eddd000000002900e2cc,complete,endpoint_exhausted,
account_guangzhou,9340,verified_local_broadband_guangzhou,guangzhou,0,,reply,6a24cf5e000000002100b473,0,0,2026-08-25T23:59:47,6a251c44000000000d022c01,complete,endpoint_exhausted,
account_guangzhou,9340,verified_local_broadband_guangzhou,guangzhou,1,,reply,6a24cf5e000000002100b473,1,0,2026-08-25T23:59:47,6a24e1bd000000000d021402,complete,endpoint_exhausted,
account_guangzhou,9340,verified_local_broadband_guangzhou,guangzhou,1,,reply,6a24cf5e000000002100b473,1,0,2026-08-25T23:59:47,6a251da6000000002702ca79,complete,endpoint_exhausted,
account_guangzhou,9340,verified_local_broadband_guangzhou,guangzhou,0,,reply,6a24cf5e000000002100b473,0,0,2026-08-25T23:59:47,6a24f103000000002701c577,complete,endpoint_exhausted,
account_guangzhou,9340,verified_local_broadband_guangzhou,guangzhou,1,,reply,6a24cf5e000000002100b473,1,0,2026-08-25T23:59:47,6a26c130000000002803cd47,complete,endpoint_exhausted,
account_guangzhou,9340,verified_local_broadband_guangzhou,guangzhou,0,,reply,6a24cf5e000000002100b473,0,0,2026-08-25T23:59:47,6a24d9d1000000002803122b,complete,endpoint_exhausted,
account_guangzhou,9340,verified_local_broadband_guangzhou,guangzhou,0,,reply,6a24cf5e000000002100b473,0,0,2026-08-25T23:59:47,6a250c23000000002b02935f,complete,endpoint_exhausted,
account_guangzhou,9340,verified_local_broadband_guangzhou,guangzhou,1,,reply,6a24cf5e000000002100b473,1,0,2026-08-26T00:00:03,6a2702d9000000002800bec4,complete,endpoint_exhausted,
account_guangzhou,9340,verified_local_broadband_guangzhou,guangzhou,0,,reply,6a24cf5e000000002100b473,0,0,2026-08-26T00:00:03,6a254c990000000029034dbe,complete,endpoint_exhausted,
account_guangzhou,9340,verified_local_broadband_guangzhou,guangzhou,0,,reply,6a24cf5e000000002100b473,0,0,2026-08-26T00:00:03,6a2581af000000002b025964,complete,endpoint_exhausted,
account_guangzhou,9340,verified_local_broadband_guangzhou,guangzhou,0,,reply,6a24cf5e000000002100b473,0,0,2026-08-26T00:00:03,6a250c0a000000000d023000,complete,endpoint_exhausted,
account_guangzhou,9340,verified_local_broadband_guangzhou,guangzhou,0,,reply,6a24cf5e000000002100b473,0,0,2026-08-26T00:00:03,6a24f8cd000000002b003d60,complete,endpoint_exhausted,
account_guangzhou,9340,verified_local_broadband_guangzhou,guangzhou,0,,reply,6a24cf5e000000002100b473,0,0,2026-08-26T00:00:03,6a2509f3000000002803a889,complete,endpoint_exhausted,
account_guangzhou,9340,verified_local_broadband_guangzhou,guangzhou,,,top_level,6a24cf5e000000002100b473,16,2,2026-08-26T00:00:03,,complete,endpoint_exhausted,True
account_guangzhou,9340,verified_local_broadband_guangzhou,guangzhou,,,top_level,6a25273f00000000220147f4,0,1,2026-08-26T00:15:52,,complete,endpoint_exhausted,True
account_guangzhou,9340,verified_local_broadband_guangzhou,guangzhou,,,top_level,6a24baf10000000008030e37,0,1,2026-08-26T12:19:28,,complete,endpoint_exhausted,True
account_guangzhou,9340,verified_local_broadband_guangzhou,guangzhou,0,,reply,6a25a933000000001700b32d,0,0,2026-08-26T12:25:21,6a27093c000000002803d8e6,complete,endpoint_exhausted,
account_guangzhou,9340,verified_local_broadband_guangzhou,guangzhou,,,top_level,6a25a933000000001700b32d,1,1,2026-08-26T12:25:21,,complete,endpoint_exhausted,True
account_guangzhou,9340,verified_local_broadband_guangzhou,guangzhou,,,top_level,6a259334000000001700b3be,0,1,2026-08-26T12:31:12,,complete,endpoint_exhausted,True
account_guangzhou,9340,verified_local_broadband_guangzhou,guangzhou,,,top_level,6a24efc500000000220164b5,0,1,2026-08-26T12:37:02,,complete,endpoint_exhausted,True
account_guangzhou,9340,verified_local_broadband_guangzhou,guangzhou,0,,reply,6a24c9c9000000002201914c,0,0,2026-08-26T12:42:53,6a259def000000002a02f749,complete,endpoint_exhausted,
account_guangzhou,9340,verified_local_broadband_guangzhou,guangzhou,,,top_level,6a24c9c9000000002201914c,1,1,2026-08-26T12:42:53,,complete,endpoint_exhausted,True
account_guangzhou,9340,verified_local_broadband_guangzhou,guangzhou,3,,reply,6a251aa7000000003501d2c2,3,1,2026-08-26T12:48:58,6a251bcb000000002b025fb5,complete,endpoint_exhausted,
account_guangzhou,9340,verified_local_broadband_guangzhou,guangzhou,7,,reply,6a251aa7000000003501d2c2,7,2,2026-08-26T12:49:29,6a2522b8000000002702a88f,complete,endpoint_exhausted,
account_guangzhou,9340,verified_local_broadband_guangzhou,guangzhou,1,,reply,6a251aa7000000003501d2c2,1,0,2026-08-26T12:49:29,6a268969000000002803ceac,complete,endpoint_exhausted,
account_guangzhou,9340,verified_local_broadband_guangzhou,guangzhou,4,,reply,6a251aa7000000003501d2c2,4,1,2026-08-26T12:49:44,6a2521e8000000002800b69c,complete,endpoint_exhausted,
account_guangzhou,9340,verified_local_broadband_guangzhou,guangzhou,9,,reply,6a251aa7000000003501d2c2,9,2,2026-08-26T12:50:15,6a26386a000000002203cdec,complete,endpoint_exhausted,
account_guangzhou,9340,verified_local_broadband_guangzhou,guangzhou,1,,reply,6a251aa7000000003501d2c2,1,0,2026-08-26T12:50:15,6a251dea000000002902dda6,complete,endpoint_exhausted,
account_guangzhou,9340,verified_local_broadband_guangzhou,guangzhou,3,,reply,6a251aa7000000003501d2c2,3,1,2026-08-26T12:50:30,6a26394d00000000290360e3,complete,endpoint_exhausted,
account_guangzhou,9340,verified_local_broadband_guangzhou,guangzhou,1,,reply,6a251aa7000000003501d2c2,1,0,2026-08-26T12:50:30,6a251bd10000000028031ad5,complete,endpoint_exhausted,
account_guangzhou,9340,verified_local_broadband_guangzhou,guangzhou,2,,reply,6a251aa7000000003501d2c2,2,1,2026-08-26T12:50:45,6a251bc1000000002902684f,complete,endpoint_exhausted,
account_guangzhou,9340,verified_local_broadband_guangzhou,guangzhou,2,,reply,6a251aa7000000003501d2c2,2,1,2026-08-26T12:51:01,6a261d120000000029010814,complete,endpoint_exhausted,
account_guangzhou,9340,verified_local_broadband_guangzhou,guangzhou,0,,reply,6a251aa7000000003501d2c2,0,0,2026-08-26T12:51:16,6a2b4da7000000002b0254a4,complete,endpoint_exhausted,
account_guangzhou,9340,verified_local_broadband_guangzhou,guangzhou,0,,reply,6a251aa7000000003501d2c2,0,0,2026-08-26T12:51:16,6a2a0670000000002900dc0a,complete,endpoint_exhausted,
account_guangzhou,9340,verified_local_broadband_guangzhou,guangzhou,0,,reply,6a251aa7000000003501d2c2,0,0,2026-08-26T12:51:16,6a2986d6000000002701e212,complete,endpoint_exhausted,
account_guangzhou,9340,verified_local_broadband_guangzhou,guangzhou,0,,reply,6a251aa7000000003501d2c2,0,0,2026-08-26T12:51:16,6a293ed2000000002803f74f,complete,endpoint_exhausted,
account_guangzhou,9340,verified_local_broadband_guangzhou,guangzhou,0,,reply,6a251aa7000000003501d2c2,0,0,2026-08-26T12:51:16,6a2935e300000000270161af,complete,endpoint_exhausted,
account_guangzhou,9340,verified_local_broadband_guangzhou,guangzhou,0,,reply,6a251aa7000000003501d2c2,0,0,2026-08-26T12:51:16,6a290952000000002902dd18,complete,endpoint_exhausted,
account_guangzhou,9340,verified_local_broadband_guangzhou,guangzhou,0,,reply,6a251aa7000000003501d2c2,0,0,2026-08-26T12:51:16,6a28f6f30000000027022f38,complete,endpoint_exhausted,
account_guangzhou,9340,verified_local_broadband_guangzhou,guangzhou,0,,reply,6a251aa7000000003501d2c2,0,0,2026-08-26T12:51:16,6a28dacc0000000027021954,complete,endpoint_exhausted,
account_guangzhou,9340,verified_local_broadband_guangzhou,guangzhou,0,,reply,6a251aa7000000003501d2c2,0,0,2026-08-26T12:51:16,6a28b40b000000002902c367,complete,endpoint_exhausted,
account_guangzhou,9340,verified_local_broadband_guangzhou,guangzhou,0,,reply,6a251aa7000000003501d2c2,0,0,2026-08-26T12:51:16,6a286a09000000002a00435a,complete,endpoint_exhausted,
account_guangzhou,9340,verified_local_broadband_guangzhou,guangzhou,0,,reply,6a251aa7000000003501d2c2,0,0,2026-08-26T12:51:31,6a281a96000000002a024425,complete,endpoint_exhausted,
account_guangzhou,9340,verified_local_broadband_guangzhou,guangzhou,0,,reply,6a251aa7000000003501d2c2,0,0,2026-08-26T12:51:31,6a280cfd000000002702ca84,complete,endpoint_exhausted,
account_guangzhou,9340,verified_local_broadband_guangzhou,guangzhou,0,,reply,6a251aa7000000003501d2c2,0,0,2026-08-26T12:51:31,6a27f6a8000000002901258e,complete,endpoint_exhausted,
account_guangzhou,9340,verified_local_broadband_guangzhou,guangzhou,0,,reply,6a251aa7000000003501d2c2,0,0,2026-08-26T12:51:31,6a27f09c000000002a025e43,complete,endpoint_exhausted,
account_guangzhou,9340,verified_local_broadband_guangzhou,guangzhou,0,,reply,6a251aa7000000003501d2c2,0,0,2026-08-26T12:51:31,6a27e438000000002702b16c,complete,endpoint_exhausted,
account_guangzhou,9340,verified_local_broadband_guangzhou,guangzhou,0,,reply,6a251aa7000000003501d2c2,0,0,2026-08-26T12:51:31,6a27dc5d000000002701c17b,complete,endpoint_exhausted,
account_guangzhou,9340,verified_local_broadband_guangzhou,guangzhou,0,,reply,6a251aa7000000003501d2c2,0,0,2026-08-26T12:51:31,6a27d177000000002800bbae,complete,endpoint_exhausted,
account_guangzhou,9340,verified_local_broadband_guangzhou,guangzhou,0,,reply,6a251aa7000000003501d2c2,0,0,2026-08-26T12:51:31,6a27bf870000000027020091,complete,endpoint_exhausted,
account_guangzhou,9340,verified_local_broadband_guangzhou,guangzhou,0,,reply,6a251aa7000000003501d2c2,0,0,2026-08-26T12:51:31,6a27b3dc000000002100e91c,complete,endpoint_exhausted,
account_guangzhou,9340,verified_local_broadband_guangzhou,guangzhou,0,,reply,6a251aa7000000003501d2c2,0,0,2026-08-26T12:51:31,6a2794440000000028035f44,complete,endpoint_exhausted,
account_guangzhou,9340,verified_local_broadband_guangzhou,guangzhou,0,,reply,6a251aa7000000003501d2c2,0,0,2026-08-26T12:51:47,6a278f6300000000290250b4,complete,endpoint_exhausted,
account_guangzhou,9340,verified_local_broadband_guangzhou,guangzhou,0,,reply,6a251aa7000000003501d2c2,0,0,2026-08-26T12:51:47,6a278c3a00000000280368aa,complete,endpoint_exhausted,
account_guangzhou,9340,verified_local_broadband_guangzhou,guangzhou,2,,reply,6a251aa7000000003501d2c2,2,1,2026-08-26T12:52:02,6a278aed000000002b0240a6,complete,endpoint_exhausted,
account_guangzhou,9340,verified_local_broadband_guangzhou,guangzhou,0,,reply,6a251aa7000000003501d2c2,0,0,2026-08-26T12:52:02,6a277c3d0000000029037e4e,complete,endpoint_exhausted,
account_guangzhou,9340,verified_local_broadband_guangzhou,guangzhou,0,,reply,6a251aa7000000003501d2c2,0,0,2026-08-26T12:52:02,6a27631000000000270170c0,complete,endpoint_exhausted,
account_guangzhou,9340,verified_local_broadband_guangzhou,guangzhou,0,,reply,6a251aa7000000003501d2c2,0,0,2026-08-26T12:52:02,6a2760b5000000002701603d,complete,endpoint_exhausted,
account_guangzhou,9340,verified_local_broadband_guangzhou,guangzhou,0,,reply,6a251aa7000000003501d2c2,0,0,2026-08-26T12:52:02,6a27577d000000002803fb3b,complete,endpoint_exhausted,
account_guangzhou,9340,verified_local_broadband_guangzhou,guangzhou,0,,reply,6a251aa7000000003501d2c2,0,0,2026-08-26T12:52:02,6a275170000000002b024df9,complete,endpoint_exhausted,
account_guangzhou,9340,verified_local_broadband_guangzhou,guangzhou,0,,reply,6a251aa7000000003501d2c2,0,0,2026-08-26T12:52:02,6a26eb7b000000002a0069c7,complete,endpoint_exhausted,
account_guangzhou,9340,verified_local_broadband_guangzhou,guangzhou,0,,reply,6a251aa7000000003501d2c2,0,0,2026-08-26T12:52:02,6a26d4600000000027023958,complete,endpoint_exhausted,
account_guangzhou,9340,verified_local_broadband_guangzhou,guangzhou,0,,reply,6a251aa7000000003501d2c2,0,0,2026-08-26T12:52:18,6a26c95b000000002a031b61,complete,endpoint_exhausted,
account_guangzhou,9340,verified_local_broadband_guangzhou,guangzhou,0,,reply,6a251aa7000000003501d2c2,0,0,2026-08-26T12:52:18,6a26c936000000002902e2fb,complete,endpoint_exhausted,
account_guangzhou,9340,verified_local_broadband_guangzhou,guangzhou,1,,reply,6a251aa7000000003501d2c2,1,0,2026-08-26T12:52:18,6a26bc79000000002901128f,complete,endpoint_exhausted,
account_guangzhou,9340,verified_local_broadband_guangzhou,guangzhou,0,,reply,6a251aa7000000003501d2c2,0,0,2026-08-26T12:52:18,6a26a5c7000000002a03336f,complete,endpoint_exhausted,
account_guangzhou,9340,verified_local_broadband_guangzhou,guangzhou,0,,reply,6a251aa7000000003501d2c2,0,0,2026-08-26T12:52:18,6a269ff300000000270235f2,complete,endpoint_exhausted,
account_guangzhou,9340,verified_local_broadband_guangzhou,guangzhou,0,,reply,6a251aa7000000003501d2c2,0,0,2026-08-26T12:52:18,6a269fc6000000002702d761,complete,endpoint_exhausted,
account_guangzhou,9340,verified_local_broadband_guangzhou,guangzhou,0,,reply,6a251aa7000000003501d2c2,0,0,2026-08-26T12:52:18,6a269511000000002902721f,complete,endpoint_exhausted,
account_guangzhou,9340,verified_local_broadband_guangzhou,guangzhou,0,,reply,6a251aa7000000003501d2c2,0,0,2026-08-26T12:52:18,6a268896000000002803dd58,complete,endpoint_exhausted,
account_guangzhou,9340,verified_local_broadband_guangzhou,guangzhou,0,,reply,6a251aa7000000003501d2c2,0,0,2026-08-26T12:52:18,6a2685a2000000002702f6ba,complete,endpoint_exhausted,
account_guangzhou,9340,verified_local_broadband_guangzhou,guangzhou,0,,reply,6a251aa7000000003501d2c2,0,0,2026-08-26T12:52:18,6a267ef80000000029019dda,complete,endpoint_exhausted,
account_guangzhou,9340,verified_local_broadband_guangzhou,guangzhou,0,,reply,6a251aa7000000003501d2c2,0,0,2026-08-26T12:52:33,6a267e6a000000002a02f885,complete,endpoint_exhausted,
account_guangzhou,9340,verified_local_broadband_guangzhou,guangzhou,0,,reply,6a251aa7000000003501d2c2,0,0,2026-08-26T12:52:33,6a2679e000000000290197d7,complete,endpoint_exhausted,
account_guangzhou,9340,verified_local_broadband_guangzhou,guangzhou,0,,reply,6a251aa7000000003501d2c2,0,0,2026-08-26T12:52:33,6a2678410000000027016722,complete,endpoint_exhausted,
account_guangzhou,9340,verified_local_broadband_guangzhou,guangzhou,0,,reply,6a251aa7000000003501d2c2,0,0,2026-08-26T12:52:33,6a266ae5000000002701c5d7,complete,endpoint_exhausted,
account_guangzhou,9340,verified_local_broadband_guangzhou,guangzhou,0,,reply,6a251aa7000000003501d2c2,0,0,2026-08-26T12:52:33,6a2667bc000000002900ed08,complete,endpoint_exhausted,
account_guangzhou,9340,verified_local_broadband_guangzhou,guangzhou,0,,reply,6a251aa7000000003501d2c2,0,0,2026-08-26T12:52:33,6a2658ed0000000029011391,complete,endpoint_exhausted,
account_guangzhou,9340,verified_local_broadband_guangzhou,guangzhou,0,,reply,6a251aa7000000003501d2c2,0,0,2026-08-26T12:52:33,6a2655bc000000002900ccbe,complete,endpoint_exhausted,
account_guangzhou,9340,verified_local_broadband_guangzhou,guangzhou,0,,reply,6a251aa7000000003501d2c2,0,0,2026-08-26T12:52:33,6a265562000000002b02929f,complete,endpoint_exhausted,
account_guangzhou,9340,verified_local_broadband_guangzhou,guangzhou,0,,reply,6a251aa7000000003501d2c2,0,0,2026-08-26T12:52:33,6a26536c000000002701f1ff,complete,endpoint_exhausted,
account_guangzhou,9340,verified_local_broadband_guangzhou,guangzhou,0,,reply,6a251aa7000000003501d2c2,0,0,2026-08-26T12:52:33,6a2650cc0000000029012b2e,complete,endpoint_exhausted,
account_guangzhou,9340,verified_local_broadband_guangzhou,guangzhou,0,,reply,6a251aa7000000003501d2c2,0,0,2026-08-26T12:52:48,6a265051000000002a024f20,complete,endpoint_exhausted,
account_guangzhou,9340,verified_local_broadband_guangzhou,guangzhou,0,,reply,6a251aa7000000003501d2c2,0,0,2026-08-26T12:52:48,6a264fb7000000002a0274d2,complete,endpoint_exhausted,
account_guangzhou,9340,verified_local_broadband_guangzhou,guangzhou,0,,reply,6a251aa7000000003501d2c2,0,0,2026-08-26T12:52:48,6a264f1e000000002803500e,complete,endpoint_exhausted,
account_guangzhou,9340,verified_local_broadband_guangzhou,guangzhou,0,,reply,6a251aa7000000003501d2c2,0,0,2026-08-26T12:52:48,6a264de60000000027023cbc,complete,endpoint_exhausted,
account_guangzhou,9340,verified_local_broadband_guangzhou,guangzhou,0,,reply,6a251aa7000000003501d2c2,0,0,2026-08-26T12:52:48,6a2642ed000000002a02e772,complete,endpoint_exhausted,
account_guangzhou,9340,verified_local_broadband_guangzhou,guangzhou,0,,reply,6a251aa7000000003501d2c2,0,0,2026-08-26T12:52:48,6a263ab1000000002803ff99,complete,endpoint_exhausted,
account_guangzhou,9340,verified_local_broadband_guangzhou,guangzhou,0,,reply,6a251aa7000000003501d2c2,0,0,2026-08-26T12:52:48,6a26389d0000000028034a8a,complete,endpoint_exhausted,
account_guangzhou,9340,verified_local_broadband_guangzhou,guangzhou,0,,reply,6a251aa7000000003501d2c2,0,0,2026-08-26T12:52:48,6a263690000000002900c437,complete,endpoint_exhausted,
account_guangzhou,9340,verified_local_broadband_guangzhou,guangzhou,0,,reply,6a251aa7000000003501d2c2,0,0,2026-08-26T12:52:48,6a263659000000002902c721,complete,endpoint_exhausted,
account_guangzhou,9340,verified_local_broadband_guangzhou,guangzhou,0,,reply,6a251aa7000000003501d2c2,0,0,2026-08-26T12:52:48,6a262eb70000000029010770,complete,endpoint_exhausted,
account_guangzhou,9340,verified_local_broadband_guangzhou,guangzhou,0,,reply,6a251aa7000000003501d2c2,0,0,2026-08-26T12:53:04,6a262dfe000000002803485b,complete,endpoint_exhausted,
account_guangzhou,9340,verified_local_broadband_guangzhou,guangzhou,0,,reply,6a251aa7000000003501d2c2,0,0,2026-08-26T12:53:04,6a262c380000000029018ad3,complete,endpoint_exhausted,
account_guangzhou,9340,verified_local_broadband_guangzhou,guangzhou,0,,reply,6a251aa7000000003501d2c2,0,0,2026-08-26T12:53:04,6a262419000000002b02a2ff,complete,endpoint_exhausted,
account_guangzhou,9340,verified_local_broadband_guangzhou,guangzhou,0,,reply,6a251aa7000000003501d2c2,0,0,2026-08-26T12:53:04,6a261fb9000000002b02902f,complete,endpoint_exhausted,
account_guangzhou,9340,verified_local_broadband_guangzhou,guangzhou,0,,reply,6a251aa7000000003501d2c2,0,0,2026-08-26T12:53:04,6a261a200000000028032e81,complete,endpoint_exhausted,
account_guangzhou,9340,verified_local_broadband_guangzhou,guangzhou,0,,reply,6a251aa7000000003501d2c2,0,0,2026-08-26T12:53:04,6a261937000000002b028ed6,complete,endpoint_exhausted,
account_guangzhou,9340,verified_local_broadband_guangzhou,guangzhou,0,,reply,6a251aa7000000003501d2c2,0,0,2026-08-26T12:53:04,6a261739000000002803fa9b,complete,endpoint_exhausted,
account_guangzhou,9340,verified_local_broadband_guangzhou,guangzhou,0,,reply,6a251aa7000000003501d2c2,0,0,2026-08-26T12:53:04,6a260f3e0000000029013daa,complete,endpoint_exhausted,
account_guangzhou,9340,verified_local_broadband_guangzhou,guangzhou,0,,reply,6a251aa7000000003501d2c2,0,0,2026-08-26T12:53:04,6a260e5d0000000028008ee1,complete,endpoint_exhausted,
account_guangzhou,9340,verified_local_broadband_guangzhou,guangzhou,0,,reply,6a251aa7000000003501d2c2,0,0,2026-08-26T12:53:04,6a25e8fe000000002b025e98,complete,endpoint_exhausted,
account_guangzhou,9340,verified_local_broadband_guangzhou,guangzhou,0,,reply,6a251aa7000000003501d2c2,0,0,2026-08-26T12:53:19,6a25e56c000000002903747d,complete,endpoint_exhausted,
account_guangzhou,9340,verified_local_broadband_guangzhou,guangzhou,0,,reply,6a251aa7000000003501d2c2,0,0,2026-08-26T12:53:19,6a2592890000000029024a09,complete,endpoint_exhausted,
account_guangzhou,9340,verified_local_broadband_guangzhou,guangzhou,0,,reply,6a251aa7000000003501d2c2,0,0,2026-08-26T12:53:19,6a257d19000000002702cb14,complete,endpoint_exhausted,
account_guangzhou,9340,verified_local_broadband_guangzhou,guangzhou,0,,reply,6a251aa7000000003501d2c2,0,0,2026-08-26T12:53:19,6a255897000000002b02bb30,complete,endpoint_exhausted,
account_guangzhou,9340,verified_local_broadband_guangzhou,guangzhou,0,,reply,6a251aa7000000003501d2c2,0,0,2026-08-26T12:53:19,6a25462b00000000280330da,complete,endpoint_exhausted,
account_guangzhou,9340,verified_local_broadband_guangzhou,guangzhou,0,,reply,6a251aa7000000003501d2c2,0,0,2026-08-26T12:53:19,6a25381c000000002803861a,complete,endpoint_exhausted,
account_guangzhou,9340,verified_local_broadband_guangzhou,guangzhou,0,,reply,6a251aa7000000003501d2c2,0,0,2026-08-26T12:53:19,6a253605000000002a02f422,complete,endpoint_exhausted,
account_guangzhou,9340,verified_local_broadband_guangzhou,guangzhou,1,,reply,6a251aa7000000003501d2c2,1,0,2026-08-26T12:53:19,6a25249400000000290373eb,complete,endpoint_exhausted,
account_guangzhou,9340,verified_local_broadband_guangzhou,guangzhou,0,,reply,6a251aa7000000003501d2c2,0,0,2026-08-26T12:53:19,6a252423000000002702bb77,complete,endpoint_exhausted,
account_guangzhou,9340,verified_local_broadband_guangzhou,guangzhou,0,,reply,6a251aa7000000003501d2c2,0,0,2026-08-26T12:53:19,6a25241f0000000028038d34,complete,endpoint_exhausted,
account_guangzhou,9340,verified_local_broadband_guangzhou,guangzhou,0,,reply,6a251aa7000000003501d2c2,0,0,2026-08-26T12:53:35,6a2522590000000027029313,complete,endpoint_exhausted,
account_guangzhou,9340,verified_local_broadband_guangzhou,guangzhou,0,,reply,6a251aa7000000003501d2c2,0,0,2026-08-26T12:53:35,6a252026000000002701e9a9,complete,endpoint_exhausted,
account_guangzhou,9340,verified_local_broadband_guangzhou,guangzhou,0,,reply,6a251aa7000000003501d2c2,0,0,2026-08-26T12:53:35,6a375bf700000000140397b1,complete,endpoint_exhausted,
account_guangzhou,9340,verified_local_broadband_guangzhou,guangzhou,0,,reply,6a251aa7000000003501d2c2,0,0,2026-08-26T12:53:35,6a293a3e00000000280394f9,complete,endpoint_exhausted,
account_guangzhou,9340,verified_local_broadband_guangzhou,guangzhou,0,,reply,6a251aa7000000003501d2c2,0,0,2026-08-26T12:53:35,6a292a9f000000002a0253b8,complete,endpoint_exhausted,
account_guangzhou,9340,verified_local_broadband_guangzhou,guangzhou,0,,reply,6a251aa7000000003501d2c2,0,0,2026-08-26T12:53:35,6a2913750000000027023b31,complete,endpoint_exhausted,
account_guangzhou,9340,verified_local_broadband_guangzhou,guangzhou,0,,reply,6a251aa7000000003501d2c2,0,0,2026-08-26T12:53:35,6a290b5c000000002803d3ea,complete,endpoint_exhausted,
account_guangzhou,9340,verified_local_broadband_guangzhou,guangzhou,0,,reply,6a251aa7000000003501d2c2,0,0,2026-08-26T12:53:35,6a28fc8d000000002800b4e3,complete,endpoint_exhausted,
account_guangzhou,9340,verified_local_broadband_guangzhou,guangzhou,1,,reply,6a251aa7000000003501d2c2,1,0,2026-08-26T12:53:35,6a269020000000002902f17c,complete,endpoint_exhausted,
account_guangzhou,9340,verified_local_broadband_guangzhou,guangzhou,1,,reply,6a251aa7000000003501d2c2,1,0,2026-08-26T12:53:35,6a252199000000002b0283c0,complete,endpoint_exhausted,
account_guangzhou,9340,verified_local_broadband_guangzhou,guangzhou,0,,reply,6a251aa7000000003501d2c2,0,0,2026-08-26T12:53:50,6a28e191000000002901b7d5,complete,endpoint_exhausted,
account_guangzhou,9340,verified_local_broadband_guangzhou,guangzhou,0,,reply,6a251aa7000000003501d2c2,0,0,2026-08-26T12:53:50,6a28baa90000000028033c3d,complete,endpoint_exhausted,
account_guangzhou,9340,verified_local_broadband_guangzhou,guangzhou,0,,reply,6a251aa7000000003501d2c2,0,0,2026-08-26T12:53:50,6a28b330000000002803277c,complete,endpoint_exhausted,
account_guangzhou,9340,verified_local_broadband_guangzhou,guangzhou,0,,reply,6a251aa7000000003501d2c2,0,0,2026-08-26T12:53:50,6a2826c30000000028032d5c,complete,endpoint_exhausted,
account_guangzhou,9340,verified_local_broadband_guangzhou,guangzhou,0,,reply,6a251aa7000000003501d2c2,0,0,2026-08-26T12:53:50,6a27e2e6000000002900c4ee,complete,endpoint_exhausted,
account_guangzhou,9340,verified_local_broadband_guangzhou,guangzhou,0,,reply,6a251aa7000000003501d2c2,0,0,2026-08-26T12:53:50,6a27dfc9000000002902569e,complete,endpoint_exhausted,
account_guangzhou,9340,verified_local_broadband_guangzhou,guangzhou,0,,reply,6a251aa7000000003501d2c2,0,0,2026-08-26T12:53:50,6a27cddd00000000290356b2,complete,endpoint_exhausted,
account_guangzhou,9340,verified_local_broadband_guangzhou,guangzhou,0,,reply,6a251aa7000000003501d2c2,0,0,2026-08-26T12:53:50,6a27bfeb000000002702bbbd,complete,endpoint_exhausted,
account_guangzhou,9340,verified_local_broadband_guangzhou,guangzhou,0,,reply,6a251aa7000000003501d2c2,0,0,2026-08-26T12:53:50,6a27bcc40000000029036bb1,complete,endpoint_exhausted,
account_guangzhou,9340,verified_local_broadband_guangzhou,guangzhou,0,,reply,6a251aa7000000003501d2c2,0,0,2026-08-26T12:53:50,6a27b5a8000000000d023c00,complete,endpoint_exhausted,
account_guangzhou,9340,verified_local_broadband_guangzhou,guangzhou,0,,reply,6a251aa7000000003501d2c2,0,0,2026-08-26T12:54:06,6a27ab48000000002b003f3a,complete,endpoint_exhausted,
account_guangzhou,9340,verified_local_broadband_guangzhou,guangzhou,0,,reply,6a251aa7000000003501d2c2,0,0,2026-08-26T12:54:06,6a279ad100000000270144a9,complete,endpoint_exhausted,
account_guangzhou,9340,verified_local_broadband_guangzhou,guangzhou,0,,reply,6a251aa7000000003501d2c2,0,0,2026-08-26T12:54:06,6a27988a000000002901a46f,complete,endpoint_exhausted,
account_guangzhou,9340,verified_local_broadband_guangzhou,guangzhou,0,,reply,6a251aa7000000003501d2c2,0,0,2026-08-26T12:54:06,6a2781420000000027016110,complete,endpoint_exhausted,
account_guangzhou,9340,verified_local_broadband_guangzhou,guangzhou,0,,reply,6a251aa7000000003501d2c2,0,0,2026-08-26T12:54:06,6a2771a7000000002901b324,complete,endpoint_exhausted,
account_guangzhou,9340,verified_local_broadband_guangzhou,guangzhou,0,,reply,6a251aa7000000003501d2c2,0,0,2026-08-26T12:54:06,6a276e190000000028033c87,complete,endpoint_exhausted,
account_guangzhou,9340,verified_local_broadband_guangzhou,guangzhou,0,,reply,6a251aa7000000003501d2c2,0,0,2026-08-26T12:54:06,6a2754f8000000002a033619,complete,endpoint_exhausted,
account_guangzhou,9340,verified_local_broadband_guangzhou,guangzhou,0,,reply,6a251aa7000000003501d2c2,0,0,2026-08-26T12:54:06,6a26d56d00000000270238c2,complete,endpoint_exhausted,
account_guangzhou,9340,verified_local_broadband_guangzhou,guangzhou,0,,reply,6a251aa7000000003501d2c2,0,0,2026-08-26T12:54:06,6a26d3b1000000002a032177,complete,endpoint_exhausted,
account_guangzhou,9340,verified_local_broadband_guangzhou,guangzhou,0,,reply,6a251aa7000000003501d2c2,0,0,2026-08-26T12:54:06,6a26aabd00000000270214bd,complete,endpoint_exhausted,
account_guangzhou,9340,verified_local_broadband_guangzhou,guangzhou,0,,reply,6a251aa7000000003501d2c2,0,0,2026-08-26T12:54:21,6a269ce700000000270239a6,complete,endpoint_exhausted,
account_guangzhou,9340,verified_local_broadband_guangzhou,guangzhou,0,,reply,6a251aa7000000003501d2c2,0,0,2026-08-26T12:54:21,6a2682a6000000002203f892,complete,endpoint_exhausted,
account_guangzhou,9340,verified_local_broadband_guangzhou,guangzhou,0,,reply,6a251aa7000000003501d2c2,0,0,2026-08-26T12:54:21,6a267fec0000000027028dc4,complete,endpoint_exhausted,
account_guangzhou,9340,verified_local_broadband_guangzhou,guangzhou,0,,reply,6a251aa7000000003501d2c2,0,0,2026-08-26T12:54:21,6a267679000000002800af8b,complete,endpoint_exhausted,
account_guangzhou,9340,verified_local_broadband_guangzhou,guangzhou,0,,reply,6a251aa7000000003501d2c2,0,0,2026-08-26T12:54:21,6a267297000000002803d0d8,complete,endpoint_exhausted,
account_guangzhou,9340,verified_local_broadband_guangzhou,guangzhou,0,,reply,6a251aa7000000003501d2c2,0,0,2026-08-26T12:54:21,6a26708900000000280358b8,complete,endpoint_exhausted,
account_guangzhou,9340,verified_local_broadband_guangzhou,guangzhou,0,,reply,6a251aa7000000003501d2c2,0,0,2026-08-26T12:54:21,6a2669020000000027017b5d,complete,endpoint_exhausted,
account_guangzhou,9340,verified_local_broadband_guangzhou,guangzhou,0,,reply,6a251aa7000000003501d2c2,0,0,2026-08-26T12:54:21,6a2666b1000000002803a480,complete,endpoint_exhausted,
account_guangzhou,9340,verified_local_broadband_guangzhou,guangzhou,0,,reply,6a251aa7000000003501d2c2,0,0,2026-08-26T12:54:21,6a26629100000000290349e1,complete,endpoint_exhausted,
account_guangzhou,9340,verified_local_broadband_guangzhou,guangzhou,0,,reply,6a251aa7000000003501d2c2,0,0,2026-08-26T12:54:21,6a265e010000000027021614,complete,endpoint_exhausted,
account_guangzhou,9340,verified_local_broadband_guangzhou,guangzhou,0,,reply,6a251aa7000000003501d2c2,0,0,2026-08-26T12:54:36,6a2659bd0000000029018579,complete,endpoint_exhausted,
account_guangzhou,9340,verified_local_broadband_guangzhou,guangzhou,0,,reply,6a251aa7000000003501d2c2,0,0,2026-08-26T12:54:36,6a264c49000000002803755a,complete,endpoint_exhausted,
account_guangzhou,9340,verified_local_broadband_guangzhou,guangzhou,0,,reply,6a251aa7000000003501d2c2,0,0,2026-08-26T12:54:36,6a264961000000002b002450,complete,endpoint_exhausted,
account_guangzhou,9340,verified_local_broadband_guangzhou,guangzhou,0,,reply,6a251aa7000000003501d2c2,0,0,2026-08-26T12:54:36,6a264709000000002803a863,complete,endpoint_exhausted,
account_guangzhou,9340,verified_local_broadband_guangzhou,guangzhou,0,,reply,6a251aa7000000003501d2c2,0,0,2026-08-26T12:54:36,6a264542000000002803c4a1,complete,endpoint_exhausted,
account_guangzhou,9340,verified_local_broadband_guangzhou,guangzhou,0,,reply,6a251aa7000000003501d2c2,0,0,2026-08-26T12:54:36,6a2644d9000000002b0028f6,complete,endpoint_exhausted,
account_guangzhou,9340,verified_local_broadband_guangzhou,guangzhou,0,,reply,6a251aa7000000003501d2c2,0,0,2026-08-26T12:54:36,6a26433b000000002702c840,complete,endpoint_exhausted,
account_guangzhou,9340,verified_local_broadband_guangzhou,guangzhou,0,,reply,6a251aa7000000003501d2c2,0,0,2026-08-26T12:54:36,6a263eb10000000028031037,complete,endpoint_exhausted,
account_guangzhou,9340,verified_local_broadband_guangzhou,guangzhou,0,,reply,6a251aa7000000003501d2c2,0,0,2026-08-26T12:54:36,6a263e40000000002b001899,complete,endpoint_exhausted,
account_guangzhou,9340,verified_local_broadband_guangzhou,guangzhou,0,,reply,6a251aa7000000003501d2c2,0,0,2026-08-26T12:54:36,6a263d14000000002902cb5a,complete,endpoint_exhausted,
account_guangzhou,9340,verified_local_broadband_guangzhou,guangzhou,0,,reply,6a251aa7000000003501d2c2,0,0,2026-08-26T12:54:52,6a263922000000000d021803,complete,endpoint_exhausted,
account_guangzhou,9340,verified_local_broadband_guangzhou,guangzhou,0,,reply,6a251aa7000000003501d2c2,0,0,2026-08-26T12:54:52,6a2637a20000000028032064,complete,endpoint_exhausted,
account_guangzhou,9340,verified_local_broadband_guangzhou,guangzhou,0,,reply,6a251aa7000000003501d2c2,0,0,2026-08-26T12:54:52,6a2635e2000000002702d03e,complete,endpoint_exhausted,
account_guangzhou,9340,verified_local_broadband_guangzhou,guangzhou,0,,reply,6a251aa7000000003501d2c2,0,0,2026-08-26T12:54:52,6a2633890000000028037458,complete,endpoint_exhausted,
account_guangzhou,9340,verified_local_broadband_guangzhou,guangzhou,0,,reply,6a251aa7000000003501d2c2,0,0,2026-08-26T12:54:52,6a2632d10000000029012b95,complete,endpoint_exhausted,
account_guangzhou,9340,verified_local_broadband_guangzhou,guangzhou,0,,reply,6a251aa7000000003501d2c2,0,0,2026-08-26T12:54:52,6a26318a000000002a026a5d,complete,endpoint_exhausted,
account_guangzhou,9340,verified_local_broadband_guangzhou,guangzhou,0,,reply,6a251aa7000000003501d2c2,0,0,2026-08-26T12:54:52,6a262a340000000021013027,complete,endpoint_exhausted,
account_guangzhou,9340,verified_local_broadband_guangzhou,guangzhou,0,,reply,6a251aa7000000003501d2c2,0,0,2026-08-26T12:54:52,6a26293c0000000027029dde,complete,endpoint_exhausted,
account_guangzhou,9340,verified_local_broadband_guangzhou,guangzhou,0,,reply,6a251aa7000000003501d2c2,0,0,2026-08-26T12:54:52,6a2625a8000000002901a1fc,complete,endpoint_exhausted,
account_guangzhou,9340,verified_local_broadband_guangzhou,guangzhou,0,,reply,6a251aa7000000003501d2c2,0,0,2026-08-26T12:54:52,6a2622fa0000000023000a1c,complete,endpoint_exhausted,
account_guangzhou,9340,verified_local_broadband_guangzhou,guangzhou,0,,reply,6a251aa7000000003501d2c2,0,0,2026-08-26T12:55:07,6a261e36000000002b029e06,complete,endpoint_exhausted,
account_guangzhou,9340,verified_local_broadband_guangzhou,guangzhou,0,,reply,6a251aa7000000003501d2c2,0,0,2026-08-26T12:55:07,6a261700000000002701d74e,complete,endpoint_exhausted,
account_guangzhou,9340,verified_local_broadband_guangzhou,guangzhou,0,,reply,6a251aa7000000003501d2c2,0,0,2026-08-26T12:55:07,6a2613c100000000280377c7,complete,endpoint_exhausted,
account_guangzhou,9340,verified_local_broadband_guangzhou,guangzhou,0,,reply,6a251aa7000000003501d2c2,0,0,2026-08-26T12:55:07,6a260639000000002b00127c,complete,endpoint_exhausted,
account_guangzhou,9340,verified_local_broadband_guangzhou,guangzhou,0,,reply,6a251aa7000000003501d2c2,0,0,2026-08-26T12:55:07,6a2585da0000000029035431,complete,endpoint_exhausted,
account_guangzhou,9340,verified_local_broadband_guangzhou,guangzhou,0,,reply,6a251aa7000000003501d2c2,0,0,2026-08-26T12:55:07,6a2582330000000027014f1f,complete,endpoint_exhausted,
account_guangzhou,9340,verified_local_broadband_guangzhou,guangzhou,0,,reply,6a251aa7000000003501d2c2,0,0,2026-08-26T12:55:07,6a257aee0000000028031cea,complete,endpoint_exhausted,
account_guangzhou,9340,verified_local_broadband_guangzhou,guangzhou,0,,reply,6a251aa7000000003501d2c2,0,0,2026-08-26T12:55:07,6a257716000000002a025239,complete,endpoint_exhausted,
account_guangzhou,9340,verified_local_broadband_guangzhou,guangzhou,0,,reply,6a251aa7000000003501d2c2,0,0,2026-08-26T12:55:07,6a257082000000002901a795,complete,endpoint_exhausted,
account_guangzhou,9340,verified_local_broadband_guangzhou,guangzhou,0,,reply,6a251aa7000000003501d2c2,0,0,2026-08-26T12:55:07,6a25301a000000002702d066,complete,endpoint_exhausted,
account_guangzhou,9340,verified_local_broadband_guangzhou,guangzhou,0,,reply,6a251aa7000000003501d2c2,0,0,2026-08-26T12:55:22,6a252fb4000000002b0020a0,complete,endpoint_exhausted,
account_guangzhou,9340,verified_local_broadband_guangzhou,guangzhou,1,,reply,6a251aa7000000003501d2c2,1,0,2026-08-26T12:55:22,6a252a6600000000270157cd,complete,endpoint_exhausted,
account_guangzhou,9340,verified_local_broadband_guangzhou,guangzhou,0,,reply,6a251aa7000000003501d2c2,0,0,2026-08-26T12:55:22,6a2523e7000000002a007c0d,complete,endpoint_exhausted,
account_guangzhou,9340,verified_local_broadband_guangzhou,guangzhou,1,,reply,6a251aa7000000003501d2c2,1,0,2026-08-26T12:55:22,6a2520c6000000002b0299de,complete,endpoint_exhausted,
account_guangzhou,9340,verified_local_broadband_guangzhou,guangzhou,1,,reply,6a251aa7000000003501d2c2,1,0,2026-08-26T12:55:22,6a251ef7000000002a027ef4,complete,endpoint_exhausted,
account_guangzhou,9340,verified_local_broadband_guangzhou,guangzhou,2,,reply,6a251aa7000000003501d2c2,2,1,2026-08-26T12:55:38,6a251eac000000002702252f,complete,endpoint_exhausted,
account_guangzhou,9340,verified_local_broadband_guangzhou,guangzhou,2,,reply,6a251aa7000000003501d2c2,2,1,2026-08-26T12:55:53,6a251bfe0000000029013fcc,complete,endpoint_exhausted,
account_guangzhou,9340,verified_local_broadband_guangzhou,guangzhou,0,,reply,6a251aa7000000003501d2c2,0,0,2026-08-26T12:55:53,6a2876e0000000002a007c4c,complete,endpoint_exhausted,
account_guangzhou,9340,verified_local_broadband_guangzhou,guangzhou,0,,reply,6a251aa7000000003501d2c2,0,0,2026-08-26T12:55:53,6a27eef3000000002a004111,complete,endpoint_exhausted,
account_guangzhou,9340,verified_local_broadband_guangzhou,guangzhou,0,,reply,6a251aa7000000003501d2c2,0,0,2026-08-26T12:55:53,6a27e9fc000000002803e8af,complete,endpoint_exhausted,
account_guangzhou,9340,verified_local_broadband_guangzhou,guangzhou,,,top_level,6a251aa7000000003501d2c2,170,17,2026-08-26T12:55:53,,complete,endpoint_exhausted,True
account_guangzhou,9340,verified_local_broadband_guangzhou,guangzhou,2,,reply,6a251cd40000000022022ba1,2,1,2026-08-26T13:11:59,6a26568f000000002702e08a,complete,endpoint_exhausted,
account_guangzhou,9340,verified_local_broadband_guangzhou,guangzhou,2,,reply,6a251cd40000000022022ba1,2,1,2026-08-26T13:12:15,6a251ef50000000028037b64,complete,endpoint_exhausted,
account_guangzhou,9340,verified_local_broadband_guangzhou,guangzhou,1,,reply,6a251cd40000000022022ba1,1,0,2026-08-26T13:12:15,6a251d71000000002900fa88,complete,endpoint_exhausted,
account_guangzhou,9340,verified_local_broadband_guangzhou,guangzhou,1,,reply,6a251cd40000000022022ba1,1,0,2026-08-26T13:12:15,6a261403000000002902e648,complete,endpoint_exhausted,
account_guangzhou,9340,verified_local_broadband_guangzhou,guangzhou,2,,reply,6a251cd40000000022022ba1,2,1,2026-08-26T13:12:30,6a261222000000002a032312,complete,endpoint_exhausted,
account_guangzhou,9340,verified_local_broadband_guangzhou,guangzhou,0,,reply,6a251cd40000000022022ba1,0,0,2026-08-26T13:12:30,6a2676f30000000027022838,complete,endpoint_exhausted,
account_guangzhou,9340,verified_local_broadband_guangzhou,guangzhou,0,,reply,6a251cd40000000022022ba1,0,0,2026-08-26T13:12:30,6a299310000000002702d1d4,complete,endpoint_exhausted,
account_guangzhou,9340,verified_local_broadband_guangzhou,guangzhou,0,,reply,6a251cd40000000022022ba1,0,0,2026-08-26T13:12:30,6a25f45d000000002a03378d,complete,endpoint_exhausted,
account_guangzhou,9340,verified_local_broadband_guangzhou,guangzhou,0,,reply,6a251cd40000000022022ba1,0,0,2026-08-26T13:12:30,6a2638c7000000002701d678,complete,endpoint_exhausted,
account_guangzhou,9340,verified_local_broadband_guangzhou,guangzhou,0,,reply,6a251cd40000000022022ba1,0,0,2026-08-26T13:12:30,6a2628dd0000000027028cce,complete,endpoint_exhausted,
account_guangzhou,9340,verified_local_broadband_guangzhou,guangzhou,0,,reply,6a251cd40000000022022ba1,0,0,2026-08-26T13:12:46,6a26d870000000002803ca0e,complete,endpoint_exhausted,
account_guangzhou,9340,verified_local_broadband_guangzhou,guangzhou,0,,reply,6a251cd40000000022022ba1,0,0,2026-08-26T13:12:46,6a25364d0000000029026b20,complete,endpoint_exhausted,
account_guangzhou,9340,verified_local_broadband_guangzhou,guangzhou,0,,reply,6a251cd40000000022022ba1,0,0,2026-08-26T13:12:46,6a26a65e000000002b0007eb,complete,endpoint_exhausted,
account_guangzhou,9340,verified_local_broadband_guangzhou,guangzhou,0,,reply,6a251cd40000000022022ba1,0,0,2026-08-26T13:12:46,6a3bc49a0000000015002f61,complete,endpoint_exhausted,
account_guangzhou,9340,verified_local_broadband_guangzhou,guangzhou,0,,reply,6a251cd40000000022022ba1,0,0,2026-08-26T13:12:46,6a266aff0000000029011019,complete,endpoint_exhausted,
account_guangzhou,9340,verified_local_broadband_guangzhou,guangzhou,0,,reply,6a251cd40000000022022ba1,0,0,2026-08-26T13:12:46,6a265bef000000002a030e21,complete,endpoint_exhausted,
account_guangzhou,9340,verified_local_broadband_guangzhou,guangzhou,0,,reply,6a251cd40000000022022ba1,0,0,2026-08-26T13:12:46,6a2682ba000000002901859b,complete,endpoint_exhausted,
account_guangzhou,9340,verified_local_broadband_guangzhou,guangzhou,0,,reply,6a251cd40000000022022ba1,0,0,2026-08-26T13:12:46,6a257a1e000000002a0265c6,complete,endpoint_exhausted,
account_guangzhou,9340,verified_local_broadband_guangzhou,guangzhou,0,,reply,6a251cd40000000022022ba1,0,0,2026-08-26T13:12:46,6a264881000000002a0060a4,complete,endpoint_exhausted,
account_guangzhou,9340,verified_local_broadband_guangzhou,guangzhou,0,,reply,6a251cd40000000022022ba1,0,0,2026-08-26T13:12:46,6a26139e000000002b0276e8,complete,endpoint_exhausted,
account_guangzhou,9340,verified_local_broadband_guangzhou,guangzhou,0,,reply,6a251cd40000000022022ba1,0,0,2026-08-26T13:13:01,6a266a010000000028030841,complete,endpoint_exhausted,
account_guangzhou,9340,verified_local_broadband_guangzhou,guangzhou,0,,reply,6a251cd40000000022022ba1,0,0,2026-08-26T13:13:01,6a3a4f1f000000002a0253a3,complete,endpoint_exhausted,
account_guangzhou,9340,verified_local_broadband_guangzhou,guangzhou,0,,reply,6a251cd40000000022022ba1,0,0,2026-08-26T13:13:01,6a26208e00000000280335a3,complete,endpoint_exhausted,
account_guangzhou,9340,verified_local_broadband_guangzhou,guangzhou,0,,reply,6a251cd40000000022022ba1,0,0,2026-08-26T13:13:01,6a2680fd0000000028033153,complete,endpoint_exhausted,
account_guangzhou,9340,verified_local_broadband_guangzhou,guangzhou,0,,reply,6a251cd40000000022022ba1,0,0,2026-08-26T13:13:01,6a26d769000000002900c8fc,complete,endpoint_exhausted,
account_guangzhou,9340,verified_local_broadband_guangzhou,guangzhou,0,,reply,6a251cd40000000022022ba1,0,0,2026-08-26T13:13:01,6a27ba33000000002900fd62,complete,endpoint_exhausted,
account_guangzhou,9340,verified_local_broadband_guangzhou,guangzhou,0,,reply,6a251cd40000000022022ba1,0,0,2026-08-26T13:13:01,6a2669d3000000002b003a38,complete,endpoint_exhausted,
account_guangzhou,9340,verified_local_broadband_guangzhou,guangzhou,0,,reply,6a251cd40000000022022ba1,0,0,2026-08-26T13:13:01,6a2620c1000000002b02b1bd,complete,endpoint_exhausted,
account_guangzhou,9340,verified_local_broadband_guangzhou,guangzhou,0,,reply,6a251cd40000000022022ba1,0,0,2026-08-26T13:13:01,6a2752a70000000028032821,complete,endpoint_exhausted,
account_guangzhou,9340,verified_local_broadband_guangzhou,guangzhou,0,,reply,6a251cd40000000022022ba1,0,0,2026-08-26T13:13:01,6a253184000000002701458b,complete,endpoint_exhausted,
account_guangzhou,9340,verified_local_broadband_guangzhou,guangzhou,0,,reply,6a251cd40000000022022ba1,0,0,2026-08-26T13:13:17,6a257e050000000027021e2b,complete,endpoint_exhausted,
account_guangzhou,9340,verified_local_broadband_guangzhou,guangzhou,,,top_level,6a251cd40000000022022ba1,31,4,2026-08-26T13:13:17,,complete,endpoint_exhausted,True
account_guangzhou,9340,verified_local_broadband_guangzhou,guangzhou,0,,reply,6a24ddc00000000022021baa,0,0,2026-08-26T13:19:07,6a25064f000000002a024ba0,complete,endpoint_exhausted,
account_guangzhou,9340,verified_local_broadband_guangzhou,guangzhou,0,,reply,6a24ddc00000000022021baa,0,0,2026-08-26T13:19:07,6a24e30600000000280370b8,complete,endpoint_exhausted,
account_guangzhou,9340,verified_local_broadband_guangzhou,guangzhou,,,top_level,6a24ddc00000000022021baa,2,1,2026-08-26T13:19:07,,complete,endpoint_exhausted,True
account_guangzhou,9340,verified_local_broadband_guangzhou,guangzhou,3,,reply,6a23cc90000000001702ab29,3,1,2026-08-26T13:25:12,6a244230000000002b00147e,complete,endpoint_exhausted,
account_guangzhou,9340,verified_local_broadband_guangzhou,guangzhou,4,,reply,6a23cc90000000001702ab29,4,1,2026-08-26T13:25:27,6a23cddc00000000270280cb,complete,endpoint_exhausted,
account_guangzhou,9340,verified_local_broadband_guangzhou,guangzhou,0,,reply,6a23cc90000000001702ab29,0,0,2026-08-26T13:25:27,6a23f975000000002a004022,complete,endpoint_exhausted,
account_guangzhou,9340,verified_local_broadband_guangzhou,guangzhou,1,,reply,6a23cc90000000001702ab29,1,0,2026-08-26T13:25:27,6a23ce31000000002702e736,complete,endpoint_exhausted,
account_guangzhou,9340,verified_local_broadband_guangzhou,guangzhou,0,,reply,6a23cc90000000001702ab29,0,0,2026-08-26T13:25:27,6a52a0520000000021010d32,complete,endpoint_exhausted,
account_guangzhou,9340,verified_local_broadband_guangzhou,guangzhou,,,top_level,6a23cc90000000001702ab29,5,1,2026-08-26T13:25:27,,complete,endpoint_exhausted,True
account_guangzhou,9340,verified_local_broadband_guangzhou,guangzhou,9,,reply,6a251b030000000007020a50,9,2,2026-08-26T13:31:48,6a256e750000000027022d70,complete,endpoint_exhausted,
account_guangzhou,9340,verified_local_broadband_guangzhou,guangzhou,3,,reply,6a251b030000000007020a50,3,1,2026-08-26T13:32:03,6a2cba6a00000000270171e9,complete,endpoint_exhausted,
account_guangzhou,9340,verified_local_broadband_guangzhou,guangzhou,2,,reply,6a251b030000000007020a50,2,1,2026-08-26T13:32:19,6a257080000000002803bbac,complete,endpoint_exhausted,
account_guangzhou,9340,verified_local_broadband_guangzhou,guangzhou,1,,reply,6a251b030000000007020a50,1,0,2026-08-26T13:32:19,6a2609cb00000000270296b6,complete,endpoint_exhausted,
account_guangzhou,9340,verified_local_broadband_guangzhou,guangzhou,1,,reply,6a251b030000000007020a50,1,0,2026-08-26T13:32:19,6a27ac14000000002803b724,complete,endpoint_exhausted,
account_guangzhou,9340,verified_local_broadband_guangzhou,guangzhou,1,,reply,6a251b030000000007020a50,1,0,2026-08-26T13:32:19,6a2a4f310000000028036a30,complete,endpoint_exhausted,
account_guangzhou,9340,verified_local_broadband_guangzhou,guangzhou,1,,reply,6a251b030000000007020a50,1,0,2026-08-26T13:32:19,6a2611d4000000002a005c6e,complete,endpoint_exhausted,
account_guangzhou,9340,verified_local_broadband_guangzhou,guangzhou,0,,reply,6a251b030000000007020a50,0,0,2026-08-26T13:32:19,6a26391f000000002701e870,complete,endpoint_exhausted,
account_guangzhou,9340,verified_local_broadband_guangzhou,guangzhou,0,,reply,6a251b030000000007020a50,0,0,2026-08-26T13:32:19,6a28080b000000002702f7c5,complete,endpoint_exhausted,
account_guangzhou,9340,verified_local_broadband_guangzhou,guangzhou,0,,reply,6a251b030000000007020a50,0,0,2026-08-26T13:32:19,6a25360b000000002803e9ae,complete,endpoint_exhausted,
account_guangzhou,9340,verified_local_broadband_guangzhou,guangzhou,4,,reply,6a251b030000000007020a50,4,1,2026-08-26T13:32:49,6a26b236000000002b029450,complete,endpoint_exhausted,
account_guangzhou,9340,verified_local_broadband_guangzhou,guangzhou,0,,reply,6a251b030000000007020a50,0,0,2026-08-26T13:32:49,6a27bb1e000000002702106f,complete,endpoint_exhausted,
account_guangzhou,9340,verified_local_broadband_guangzhou,guangzhou,0,,reply,6a251b030000000007020a50,0,0,2026-08-26T13:32:49,6a2573ae000000002b0268d4,complete,endpoint_exhausted,
account_guangzhou,9340,verified_local_broadband_guangzhou,guangzhou,0,,reply,6a251b030000000007020a50,0,0,2026-08-26T13:32:49,6a259ca7000000002903564c,complete,endpoint_exhausted,
account_guangzhou,9340,verified_local_broadband_guangzhou,guangzhou,0,,reply,6a251b030000000007020a50,0,0,2026-08-26T13:32:49,6a2660940000000029018be1,complete,endpoint_exhausted,
account_guangzhou,9340,verified_local_broadband_guangzhou,guangzhou,0,,reply,6a251b030000000007020a50,0,0,2026-08-26T13:32:49,6a27719a000000002a026182,complete,endpoint_exhausted,
account_guangzhou,9340,verified_local_broadband_guangzhou,guangzhou,0,,reply,6a251b030000000007020a50,0,0,2026-08-26T13:32:49,6a2576160000000028032338,complete,endpoint_exhausted,
account_guangzhou,9340,verified_local_broadband_guangzhou,guangzhou,0,,reply,6a251b030000000007020a50,0,0,2026-08-26T13:32:49,6a25fe6a000000002902c249,complete,endpoint_exhausted,
account_guangzhou,9340,verified_local_broadband_guangzhou,guangzhou,0,,reply,6a251b030000000007020a50,0,0,2026-08-26T13:32:49,6a470a1600000000290251d4,complete,endpoint_exhausted,
account_guangzhou,9340,verified_local_broadband_guangzhou,guangzhou,0,,reply,6a251b030000000007020a50,0,0,2026-08-26T13:32:49,6a289a9a000000002803c1d3,complete,endpoint_exhausted,
account_guangzhou,9340,verified_local_broadband_guangzhou,guangzhou,0,,reply,6a251b030000000007020a50,0,0,2026-08-26T13:33:05,6a280a8700000000270297e1,complete,endpoint_exhausted,
account_guangzhou,9340,verified_local_broadband_guangzhou,guangzhou,0,,reply,6a251b030000000007020a50,0,0,2026-08-26T13:33:05,6a257569000000002902db4d,complete,endpoint_exhausted,
account_guangzhou,9340,verified_local_broadband_guangzhou,guangzhou,1,,reply,6a251b030000000007020a50,1,0,2026-08-26T13:33:05,6a262396000000002702240a,complete,endpoint_exhausted,
account_guangzhou,9340,verified_local_broadband_guangzhou,guangzhou,0,,reply,6a251b030000000007020a50,0,0,2026-08-26T13:33:05,6a2f1eba000000002b02ad14,complete,endpoint_exhausted,
account_guangzhou,9340,verified_local_broadband_guangzhou,guangzhou,0,,reply,6a251b030000000007020a50,0,0,2026-08-26T13:33:05,6a4311b6000000002a02c03f,complete,endpoint_exhausted,
account_guangzhou,9340,verified_local_broadband_guangzhou,guangzhou,0,,reply,6a251b030000000007020a50,0,0,2026-08-26T13:33:05,6a3efe38000000002902e7fe,complete,endpoint_exhausted,
account_guangzhou,9340,verified_local_broadband_guangzhou,guangzhou,1,,reply,6a251b030000000007020a50,1,0,2026-08-26T13:33:05,6a263e6b0000000029012635,complete,endpoint_exhausted,
account_guangzhou,9340,verified_local_broadband_guangzhou,guangzhou,1,,reply,6a251b030000000007020a50,1,0,2026-08-26T13:33:05,6a261146000000002a030d77,complete,endpoint_exhausted,
account_guangzhou,9340,verified_local_broadband_guangzhou,guangzhou,0,,reply,6a251b030000000007020a50,0,0,2026-08-26T13:33:05,6a2cabf10000000028034085,complete,endpoint_exhausted,
account_guangzhou,9340,verified_local_broadband_guangzhou,guangzhou,0,,reply,6a251b030000000007020a50,0,0,2026-08-26T13:33:05,6a2fab6d000000002701f339,complete,endpoint_exhausted,
account_guangzhou,9340,verified_local_broadband_guangzhou,guangzhou,0,,reply,6a251b030000000007020a50,0,0,2026-08-26T13:33:20,6a28b8ba00000000290250f5,complete,endpoint_exhausted,
account_guangzhou,9340,verified_local_broadband_guangzhou,guangzhou,0,,reply,6a251b030000000007020a50,0,0,2026-08-26T13:33:20,6a28cac100000000280386d7,complete,endpoint_exhausted,
account_guangzhou,9340,verified_local_broadband_guangzhou,guangzhou,0,,reply,6a251b030000000007020a50,0,0,2026-08-26T13:33:20,6a3b23a7000000000b039fa9,complete,endpoint_exhausted,
account_guangzhou,9340,verified_local_broadband_guangzhou,guangzhou,0,,reply,6a251b030000000007020a50,0,0,2026-08-26T13:33:20,6a289937000000002a00667e,complete,endpoint_exhausted,
account_guangzhou,9340,verified_local_broadband_guangzhou,guangzhou,0,,reply,6a251b030000000007020a50,0,0,2026-08-26T13:33:20,6a3ea0a60000000015010404,complete,endpoint_exhausted,
account_guangzhou,9340,verified_local_broadband_guangzhou,guangzhou,0,,reply,6a251b030000000007020a50,0,0,2026-08-26T13:33:20,6a2cb26f000000002701dde2,complete,endpoint_exhausted,
account_guangzhou,9340,verified_local_broadband_guangzhou,guangzhou,0,,reply,6a251b030000000007020a50,0,0,2026-08-26T13:33:20,6a28d6eb000000002a0066b9,complete,endpoint_exhausted,
account_guangzhou,9340,verified_local_broadband_guangzhou,guangzhou,0,,reply,6a251b030000000007020a50,0,0,2026-08-26T13:33:20,6a338dee000000002702b9f5,complete,endpoint_exhausted,
account_guangzhou,9340,verified_local_broadband_guangzhou,guangzhou,0,,reply,6a251b030000000007020a50,0,0,2026-08-26T13:33:20,6a2da3e40000000028008cd7,complete,endpoint_exhausted,
account_guangzhou,9340,verified_local_broadband_guangzhou,guangzhou,0,,reply,6a251b030000000007020a50,0,0,2026-08-26T13:33:20,6a28a8ca00000000280355df,complete,endpoint_exhausted,
account_guangzhou,9340,verified_local_broadband_guangzhou,guangzhou,0,,reply,6a251b030000000007020a50,0,0,2026-08-26T13:33:36,6a375b3e0000000029025a10,complete,endpoint_exhausted,
account_guangzhou,9340,verified_local_broadband_guangzhou,guangzhou,0,,reply,6a251b030000000007020a50,0,0,2026-08-26T13:33:36,6a3e05d9000000002902f615,complete,endpoint_exhausted,
account_guangzhou,9340,verified_local_broadband_guangzhou,guangzhou,0,,reply,6a251b030000000007020a50,0,0,2026-08-26T13:33:36,6a30932f00000000290259ec,complete,endpoint_exhausted,
account_guangzhou,9340,verified_local_broadband_guangzhou,guangzhou,0,,reply,6a251b030000000007020a50,0,0,2026-08-26T13:33:36,6a30eaf7000000002a0307e0,complete,endpoint_exhausted,
account_guangzhou,9340,verified_local_broadband_guangzhou,guangzhou,0,,reply,6a251b030000000007020a50,0,0,2026-08-26T13:33:36,6a29de9e000000002a02f7f0,complete,endpoint_exhausted,
account_guangzhou,9340,verified_local_broadband_guangzhou,guangzhou,0,,reply,6a251b030000000007020a50,0,0,2026-08-26T13:33:36,6a28aed90000000029025088,complete,endpoint_exhausted,
account_guangzhou,9340,verified_local_broadband_guangzhou,guangzhou,0,,reply,6a251b030000000007020a50,0,0,2026-08-26T13:33:36,6a3106500000000029011f91,complete,endpoint_exhausted,
account_guangzhou,9340,verified_local_broadband_guangzhou,guangzhou,0,,reply,6a251b030000000007020a50,0,0,2026-08-26T13:33:36,6a2e1849000000002a0063e3,complete,endpoint_exhausted,
account_guangzhou,9340,verified_local_broadband_guangzhou,guangzhou,0,,reply,6a251b030000000007020a50,0,0,2026-08-26T13:33:36,6a28fd5c000000002702ed81,complete,endpoint_exhausted,
account_guangzhou,9340,verified_local_broadband_guangzhou,guangzhou,0,,reply,6a251b030000000007020a50,0,0,2026-08-26T13:33:36,6a2a76cf000000002a032e4e,complete,endpoint_exhausted,
account_guangzhou,9340,verified_local_broadband_guangzhou,guangzhou,0,,reply,6a251b030000000007020a50,0,0,2026-08-26T13:33:51,6a2851d90000000028030c0d,complete,endpoint_exhausted,
account_guangzhou,9340,verified_local_broadband_guangzhou,guangzhou,0,,reply,6a251b030000000007020a50,0,0,2026-08-26T13:33:51,6a27ff540000000029027d0d,complete,endpoint_exhausted,
account_guangzhou,9340,verified_local_broadband_guangzhou,guangzhou,0,,reply,6a251b030000000007020a50,0,0,2026-08-26T13:33:51,6a27f994000000002a027bc9,complete,endpoint_exhausted,
account_guangzhou,9340,verified_local_broadband_guangzhou,guangzhou,0,,reply,6a251b030000000007020a50,0,0,2026-08-26T13:33:51,6a27d9b0000000002701e19e,complete,endpoint_exhausted,
account_guangzhou,9340,verified_local_broadband_guangzhou,guangzhou,0,,reply,6a251b030000000007020a50,0,0,2026-08-26T13:33:51,6a27d7e6000000002702d67a,complete,endpoint_exhausted,
account_guangzhou,9340,verified_local_broadband_guangzhou,guangzhou,0,,reply,6a251b030000000007020a50,0,0,2026-08-26T13:33:51,6a27d7ce0000000029037f1a,complete,endpoint_exhausted,
account_guangzhou,9340,verified_local_broadband_guangzhou,guangzhou,0,,reply,6a251b030000000007020a50,0,0,2026-08-26T13:33:51,6a27d29900000000280381aa,complete,endpoint_exhausted,
account_guangzhou,9340,verified_local_broadband_guangzhou,guangzhou,0,,reply,6a251b030000000007020a50,0,0,2026-08-26T13:33:51,6a27cde9000000002b02a589,complete,endpoint_exhausted,
account_guangzhou,9340,verified_local_broadband_guangzhou,guangzhou,0,,reply,6a251b030000000007020a50,0,0,2026-08-26T13:33:51,6a27b5480000000028031acc,complete,endpoint_exhausted,
account_guangzhou,9340,verified_local_broadband_guangzhou,guangzhou,0,,reply,6a251b030000000007020a50,0,0,2026-08-26T13:33:51,6a279452000000002a02d0b1,complete,endpoint_exhausted,
account_guangzhou,9340,verified_local_broadband_guangzhou,guangzhou,0,,reply,6a251b030000000007020a50,0,0,2026-08-26T13:34:06,6a278dff0000000029013afb,complete,endpoint_exhausted,
account_guangzhou,9340,verified_local_broadband_guangzhou,guangzhou,0,,reply,6a251b030000000007020a50,0,0,2026-08-26T13:34:06,6a277f7e0000000028037896,complete,endpoint_exhausted,
account_guangzhou,9340,verified_local_broadband_guangzhou,guangzhou,0,,reply,6a251b030000000007020a50,0,0,2026-08-26T13:34:06,6a276e210000000028036e86,complete,endpoint_exhausted,
account_guangzhou,9340,verified_local_broadband_guangzhou,guangzhou,0,,reply,6a251b030000000007020a50,0,0,2026-08-26T13:34:06,6a275b7d0000000028036272,complete,endpoint_exhausted,
account_guangzhou,9340,verified_local_broadband_guangzhou,guangzhou,0,,reply,6a251b030000000007020a50,0,0,2026-08-26T13:34:06,6a27570d000000002803f11f,complete,endpoint_exhausted,
account_guangzhou,9340,verified_local_broadband_guangzhou,guangzhou,0,,reply,6a251b030000000007020a50,0,0,2026-08-26T13:34:06,6a272ae30000000027014a0d,complete,endpoint_exhausted,
account_guangzhou,9340,verified_local_broadband_guangzhou,guangzhou,0,,reply,6a251b030000000007020a50,0,0,2026-08-26T13:34:06,6a271cdb000000002b000d1b,complete,endpoint_exhausted,
account_guangzhou,9340,verified_local_broadband_guangzhou,guangzhou,0,,reply,6a251b030000000007020a50,0,0,2026-08-26T13:34:06,6a270d9d000000002900f443,complete,endpoint_exhausted,
account_guangzhou,9340,verified_local_broadband_guangzhou,guangzhou,0,,reply,6a251b030000000007020a50,0,0,2026-08-26T13:34:06,6a270564000000002a03196a,complete,endpoint_exhausted,
account_guangzhou,9340,verified_local_broadband_guangzhou,guangzhou,0,,reply,6a251b030000000007020a50,0,0,2026-08-26T13:34:06,6a26e4d300000000290358a4,complete,endpoint_exhausted,
account_guangzhou,9340,verified_local_broadband_guangzhou,guangzhou,0,,reply,6a251b030000000007020a50,0,0,2026-08-26T13:34:22,6a26d67f000000002a00472d,complete,endpoint_exhausted,
account_guangzhou,9340,verified_local_broadband_guangzhou,guangzhou,0,,reply,6a251b030000000007020a50,0,0,2026-08-26T13:34:22,6a26d5f8000000002900ec4d,complete,endpoint_exhausted,
account_guangzhou,9340,verified_local_broadband_guangzhou,guangzhou,0,,reply,6a251b030000000007020a50,0,0,2026-08-26T13:34:22,6a26bcbd000000002701f03e,complete,endpoint_exhausted,
account_guangzhou,9340,verified_local_broadband_guangzhou,guangzhou,0,,reply,6a251b030000000007020a50,0,0,2026-08-26T13:34:22,6a26b2f3000000002a032dd5,complete,endpoint_exhausted,
account_guangzhou,9340,verified_local_broadband_guangzhou,guangzhou,0,,reply,6a251b030000000007020a50,0,0,2026-08-26T13:34:22,6a26a3ae000000002b024610,complete,endpoint_exhausted,
account_guangzhou,9340,verified_local_broadband_guangzhou,guangzhou,0,,reply,6a251b030000000007020a50,0,0,2026-08-26T13:34:22,6a26a0f20000000028008791,complete,endpoint_exhausted,
account_guangzhou,9340,verified_local_broadband_guangzhou,guangzhou,0,,reply,6a251b030000000007020a50,0,0,2026-08-26T13:34:22,6a269ccb000000002701c8ec,complete,endpoint_exhausted,
account_guangzhou,9340,verified_local_broadband_guangzhou,guangzhou,0,,reply,6a251b030000000007020a50,0,0,2026-08-26T13:34:22,6a26963a000000002702c701,complete,endpoint_exhausted,
account_guangzhou,9340,verified_local_broadband_guangzhou,guangzhou,0,,reply,6a251b030000000007020a50,0,0,2026-08-26T13:34:22,6a2691cd000000002803c3be,complete,endpoint_exhausted,
account_guangzhou,9340,verified_local_broadband_guangzhou,guangzhou,0,,reply,6a251b030000000007020a50,0,0,2026-08-26T13:34:22,6a2690b3000000002902c7b9,complete,endpoint_exhausted,
account_guangzhou,9340,verified_local_broadband_guangzhou,guangzhou,0,,reply,6a251b030000000007020a50,0,0,2026-08-26T13:34:37,6a268c9f000000002702227c,complete,endpoint_exhausted,
account_guangzhou,9340,verified_local_broadband_guangzhou,guangzhou,0,,reply,6a251b030000000007020a50,0,0,2026-08-26T13:34:37,6a268ba9000000002a025e95,complete,endpoint_exhausted,
account_guangzhou,9340,verified_local_broadband_guangzhou,guangzhou,0,,reply,6a251b030000000007020a50,0,0,2026-08-26T13:34:37,6a268a05000000002a0337c0,complete,endpoint_exhausted,
account_guangzhou,9340,verified_local_broadband_guangzhou,guangzhou,0,,reply,6a251b030000000007020a50,0,0,2026-08-26T13:34:37,6a268713000000002702cca8,complete,endpoint_exhausted,
account_guangzhou,9340,verified_local_broadband_guangzhou,guangzhou,0,,reply,6a251b030000000007020a50,0,0,2026-08-26T13:34:37,6a268656000000002b00310e,complete,endpoint_exhausted,
account_guangzhou,9340,verified_local_broadband_guangzhou,guangzhou,0,,reply,6a251b030000000007020a50,0,0,2026-08-26T13:34:37,6a2676e0000000002803f75b,complete,endpoint_exhausted,
account_guangzhou,9340,verified_local_broadband_guangzhou,guangzhou,0,,reply,6a251b030000000007020a50,0,0,2026-08-26T13:34:37,6a26736b000000002901a1c1,complete,endpoint_exhausted,
account_guangzhou,9340,verified_local_broadband_guangzhou,guangzhou,0,,reply,6a251b030000000007020a50,0,0,2026-08-26T13:34:37,6a2672bc0000000029018a54,complete,endpoint_exhausted,
account_guangzhou,9340,verified_local_broadband_guangzhou,guangzhou,0,,reply,6a251b030000000007020a50,0,0,2026-08-26T13:34:37,6a2671ce000000002701506a,complete,endpoint_exhausted,
account_guangzhou,9340,verified_local_broadband_guangzhou,guangzhou,0,,reply,6a251b030000000007020a50,0,0,2026-08-26T13:34:37,6a266c0d000000002701fdfb,complete,endpoint_exhausted,
account_guangzhou,9340,verified_local_broadband_guangzhou,guangzhou,0,,reply,6a251b030000000007020a50,0,0,2026-08-26T13:34:53,6a265fb9000000002702a3bd,complete,endpoint_exhausted,
account_guangzhou,9340,verified_local_broadband_guangzhou,guangzhou,0,,reply,6a251b030000000007020a50,0,0,2026-08-26T13:34:53,6a265d1d000000002a02e48d,complete,endpoint_exhausted,
account_guangzhou,9340,verified_local_broadband_guangzhou,guangzhou,0,,reply,6a251b030000000007020a50,0,0,2026-08-26T13:34:53,6a263e8e000000002900e335,complete,endpoint_exhausted,
account_guangzhou,9340,verified_local_broadband_guangzhou,guangzhou,0,,reply,6a251b030000000007020a50,0,0,2026-08-26T13:34:53,6a262d27000000002803c87c,complete,endpoint_exhausted,
account_guangzhou,9340,verified_local_broadband_guangzhou,guangzhou,0,,reply,6a251b030000000007020a50,0,0,2026-08-26T13:34:53,6a26277b0000000029012253,complete,endpoint_exhausted,
account_guangzhou,9340,verified_local_broadband_guangzhou,guangzhou,0,,reply,6a251b030000000007020a50,0,0,2026-08-26T13:34:53,6a262550000000002b001dab,complete,endpoint_exhausted,
account_guangzhou,9340,verified_local_broadband_guangzhou,guangzhou,0,,reply,6a251b030000000007020a50,0,0,2026-08-26T13:34:53,6a26248100000000290242b1,complete,endpoint_exhausted,
account_guangzhou,9340,verified_local_broadband_guangzhou,guangzhou,0,,reply,6a251b030000000007020a50,0,0,2026-08-26T13:34:53,6a26224a000000002b02a1d1,complete,endpoint_exhausted,
account_guangzhou,9340,verified_local_broadband_guangzhou,guangzhou,0,,reply,6a251b030000000007020a50,0,0,2026-08-26T13:34:53,6a262044000000002a024da3,complete,endpoint_exhausted,
account_guangzhou,9340,verified_local_broadband_guangzhou,guangzhou,0,,reply,6a251b030000000007020a50,0,0,2026-08-26T13:34:53,6a261ae3000000002a02fc63,complete,endpoint_exhausted,
account_guangzhou,9340,verified_local_broadband_guangzhou,guangzhou,0,,reply,6a251b030000000007020a50,0,0,2026-08-26T13:35:08,6a26194d0000000028009b66,complete,endpoint_exhausted,
account_guangzhou,9340,verified_local_broadband_guangzhou,guangzhou,0,,reply,6a251b030000000007020a50,0,0,2026-08-26T13:35:08,6a2612fc0000000027014f77,complete,endpoint_exhausted,
account_guangzhou,9340,verified_local_broadband_guangzhou,guangzhou,0,,reply,6a251b030000000007020a50,0,0,2026-08-26T13:35:08,6a2610e7000000002800a4a2,complete,endpoint_exhausted,
account_guangzhou,9340,verified_local_broadband_guangzhou,guangzhou,0,,reply,6a251b030000000007020a50,0,0,2026-08-26T13:35:08,6a260e5300000000270298a0,complete,endpoint_exhausted,
account_guangzhou,9340,verified_local_broadband_guangzhou,guangzhou,0,,reply,6a251b030000000007020a50,0,0,2026-08-26T13:35:08,6a2607bb000000002b02a787,complete,endpoint_exhausted,
account_guangzhou,9340,verified_local_broadband_guangzhou,guangzhou,0,,reply,6a251b030000000007020a50,0,0,2026-08-26T13:35:08,6a26045a000000002901a303,complete,endpoint_exhausted,
account_guangzhou,9340,verified_local_broadband_guangzhou,guangzhou,0,,reply,6a251b030000000007020a50,0,0,2026-08-26T13:35:08,6a260433000000002803c50f,complete,endpoint_exhausted,
account_guangzhou,9340,verified_local_broadband_guangzhou,guangzhou,0,,reply,6a251b030000000007020a50,0,0,2026-08-26T13:35:08,6a2602dc00000000280386ca,complete,endpoint_exhausted,
account_guangzhou,9340,verified_local_broadband_guangzhou,guangzhou,0,,reply,6a251b030000000007020a50,0,0,2026-08-26T13:35:08,6a25bc99000000002803cd9d,complete,endpoint_exhausted,
account_guangzhou,9340,verified_local_broadband_guangzhou,guangzhou,0,,reply,6a251b030000000007020a50,0,0,2026-08-26T13:35:08,6a25bc4b000000002b02974c,complete,endpoint_exhausted,
account_guangzhou,9340,verified_local_broadband_guangzhou,guangzhou,0,,reply,6a251b030000000007020a50,0,0,2026-08-26T13:35:23,6a25afc1000000002b024a04,complete,endpoint_exhausted,
account_guangzhou,9340,verified_local_broadband_guangzhou,guangzhou,0,,reply,6a251b030000000007020a50,0,0,2026-08-26T13:35:23,6a257dc70000000029012833,complete,endpoint_exhausted,
account_guangzhou,9340,verified_local_broadband_guangzhou,guangzhou,0,,reply,6a251b030000000007020a50,0,0,2026-08-26T13:35:23,6a257aab000000002a024668,complete,endpoint_exhausted,
account_guangzhou,9340,verified_local_broadband_guangzhou,guangzhou,0,,reply,6a251b030000000007020a50,0,0,2026-08-26T13:35:23,6a2576fc00000000290110da,complete,endpoint_exhausted,
account_guangzhou,9340,verified_local_broadband_guangzhou,guangzhou,0,,reply,6a251b030000000007020a50,0,0,2026-08-26T13:35:23,6a25550c000000002701c6f4,complete,endpoint_exhausted,
account_guangzhou,9340,verified_local_broadband_guangzhou,guangzhou,0,,reply,6a251b030000000007020a50,0,0,2026-08-26T13:35:23,6a253881000000002b029903,complete,endpoint_exhausted,
account_guangzhou,9340,verified_local_broadband_guangzhou,guangzhou,0,,reply,6a251b030000000007020a50,0,0,2026-08-26T13:35:23,6a2520df000000002900ff05,complete,endpoint_exhausted,
account_guangzhou,9340,verified_local_broadband_guangzhou,guangzhou,0,,reply,6a251b030000000007020a50,0,0,2026-08-26T13:35:23,6a251f9a0000000028036370,complete,endpoint_exhausted,
account_guangzhou,9340,verified_local_broadband_guangzhou,guangzhou,0,,reply,6a251b030000000007020a50,0,0,2026-08-26T13:35:23,6a26ba5d000000002a006f13,complete,endpoint_exhausted,
account_guangzhou,9340,verified_local_broadband_guangzhou,guangzhou,0,,reply,6a251b030000000007020a50,0,0,2026-08-26T13:35:23,6a25a0d700000000280084dd,complete,endpoint_exhausted,
account_guangzhou,9340,verified_local_broadband_guangzhou,guangzhou,0,,reply,6a251b030000000007020a50,0,0,2026-08-26T13:35:39,6a257bfa000000002a03127b,complete,endpoint_exhausted,
account_guangzhou,9340,verified_local_broadband_guangzhou,guangzhou,,,top_level,6a251b030000000007020a50,121,13,2026-08-26T13:35:39,,complete,endpoint_exhausted,True
account_guangzhou,9340,verified_local_broadband_guangzhou,guangzhou,14,,reply,6a24fe910000000022008d3b,14,3,2026-08-26T15:06:08,6a25a880000000002701c0c2,complete,endpoint_exhausted,
account_guangzhou,9340,verified_local_broadband_guangzhou,guangzhou,36,,reply,6a24fe910000000022008d3b,36,7,2026-08-26T15:07:55,6a2527e0000000002a027bfc,complete,endpoint_exhausted,
account_guangzhou,9340,verified_local_broadband_guangzhou,guangzhou,9,,reply,6a24fe910000000022008d3b,9,2,2026-08-26T15:08:26,6a24ff99000000002900c56e,complete,endpoint_exhausted,
account_guangzhou,9340,verified_local_broadband_guangzhou,guangzhou,3,,reply,6a24fe910000000022008d3b,3,1,2026-08-26T15:08:42,6a26170a000000002702d45a,complete,endpoint_exhausted,
account_guangzhou,9340,verified_local_broadband_guangzhou,guangzhou,27,,reply,6a24fe910000000022008d3b,27,6,2026-08-26T15:10:14,6a25a3010000000027017ceb,complete,endpoint_exhausted,
account_guangzhou,9340,verified_local_broadband_guangzhou,guangzhou,1,,reply,6a24fe910000000022008d3b,1,0,2026-08-26T15:10:14,6a25c00d000000002701e348,complete,endpoint_exhausted,
account_guangzhou,9340,verified_local_broadband_guangzhou,guangzhou,9,,reply,6a24fe910000000022008d3b,9,2,2026-08-26T15:10:44,6a257f83000000002702e7a7,complete,endpoint_exhausted,
account_guangzhou,9340,verified_local_broadband_guangzhou,guangzhou,4,,reply,6a24fe910000000022008d3b,4,1,2026-08-26T15:11:00,6a26453d0000000028008b95,complete,endpoint_exhausted,
account_guangzhou,9340,verified_local_broadband_guangzhou,guangzhou,7,,reply,6a24fe910000000022008d3b,7,2,2026-08-26T15:11:31,6a262a55000000002702eea1,complete,endpoint_exhausted,
account_guangzhou,9340,verified_local_broadband_guangzhou,guangzhou,4,,reply,6a24fe910000000022008d3b,4,1,2026-08-26T15:11:46,6a259b3e0000000027028cc6,complete,endpoint_exhausted,
account_guangzhou,9340,verified_local_broadband_guangzhou,guangzhou,0,,reply,6a24fe910000000022008d3b,0,0,2026-08-26T15:12:01,6a29387f0000000028036bf9,complete,endpoint_exhausted,
account_guangzhou,9340,verified_local_broadband_guangzhou,guangzhou,1,,reply,6a24fe910000000022008d3b,1,0,2026-08-26T15:12:01,6a28e91d00000000290117cb,complete,endpoint_exhausted,
account_guangzhou,9340,verified_local_broadband_guangzhou,guangzhou,0,,reply,6a24fe910000000022008d3b,0,0,2026-08-26T15:12:01,6a28c0ef000000002803bcb2,complete,endpoint_exhausted,
account_guangzhou,9340,verified_local_broadband_guangzhou,guangzhou,0,,reply,6a24fe910000000022008d3b,0,0,2026-08-26T15:12:01,6a28b941000000002900f575,complete,endpoint_exhausted,
account_guangzhou,9340,verified_local_broadband_guangzhou,guangzhou,0,,reply,6a24fe910000000022008d3b,0,0,2026-08-26T15:12:01,6a281e39000000002803b9d8,complete,endpoint_exhausted,
account_guangzhou,9340,verified_local_broadband_guangzhou,guangzhou,0,,reply,6a24fe910000000022008d3b,0,0,2026-08-26T15:12:01,6a27ff75000000000d022000,complete,endpoint_exhausted,
account_guangzhou,9340,verified_local_broadband_guangzhou,guangzhou,2,,reply,6a24fe910000000022008d3b,2,1,2026-08-26T15:12:17,6a27ebb10000000029027070,complete,endpoint_exhausted,
account_guangzhou,9340,verified_local_broadband_guangzhou,guangzhou,0,,reply,6a24fe910000000022008d3b,0,0,2026-08-26T15:12:17,6a27d07e000000002702e90b,complete,endpoint_exhausted,
account_guangzhou,9340,verified_local_broadband_guangzhou,guangzhou,0,,reply,6a24fe910000000022008d3b,0,0,2026-08-26T15:12:17,6a2793bb0000000027017478,complete,endpoint_exhausted,
account_guangzhou,9340,verified_local_broadband_guangzhou,guangzhou,0,,reply,6a24fe910000000022008d3b,0,0,2026-08-26T15:12:17,6a278f10000000002800bf41,complete,endpoint_exhausted,
account_guangzhou,9340,verified_local_broadband_guangzhou,guangzhou,0,,reply,6a24fe910000000022008d3b,0,0,2026-08-26T15:12:32,6a277be00000000029025b2b,complete,endpoint_exhausted,
account_guangzhou,9340,verified_local_broadband_guangzhou,guangzhou,0,,reply,6a24fe910000000022008d3b,0,0,2026-08-26T15:12:32,6a276e65000000002901116b,complete,endpoint_exhausted,
account_guangzhou,9340,verified_local_broadband_guangzhou,guangzhou,2,,reply,6a24fe910000000022008d3b,2,1,2026-08-26T15:12:47,6a275aed0000000027029ac8,complete,endpoint_exhausted,
account_guangzhou,9340,verified_local_broadband_guangzhou,guangzhou,0,,reply,6a24fe910000000022008d3b,0,0,2026-08-26T15:12:47,6a2747ee000000002b0018ef,complete,endpoint_exhausted,
account_guangzhou,9340,verified_local_broadband_guangzhou,guangzhou,0,,reply,6a24fe910000000022008d3b,0,0,2026-08-26T15:12:47,6a2741e10000000029027ed4,complete,endpoint_exhausted,
account_guangzhou,9340,verified_local_broadband_guangzhou,guangzhou,0,,reply,6a24fe910000000022008d3b,0,0,2026-08-26T15:12:47,6a26d661000000002803390e,complete,endpoint_exhausted,
account_guangzhou,9340,verified_local_broadband_guangzhou,guangzhou,0,,reply,6a24fe910000000022008d3b,0,0,2026-08-26T15:12:47,6a26d5b6000000002803407a,complete,endpoint_exhausted,
account_guangzhou,9340,verified_local_broadband_guangzhou,guangzhou,0,,reply,6a24fe910000000022008d3b,0,0,2026-08-26T15:12:47,6a269407000000002900c128,complete,endpoint_exhausted,
account_guangzhou,9340,verified_local_broadband_guangzhou,guangzhou,0,,reply,6a24fe910000000022008d3b,0,0,2026-08-26T15:12:47,6a2691a3000000002702bc6d,complete,endpoint_exhausted,
account_guangzhou,9340,verified_local_broadband_guangzhou,guangzhou,1,,reply,6a24fe910000000022008d3b,1,0,2026-08-26T15:12:47,6a268e3d000000002100d62f,complete,endpoint_exhausted,
account_guangzhou,9340,verified_local_broadband_guangzhou,guangzhou,0,,reply,6a24fe910000000022008d3b,0,0,2026-08-26T15:13:03,6a26835d00000000230037fd,complete,endpoint_exhausted,
account_guangzhou,9340,verified_local_broadband_guangzhou,guangzhou,3,,reply,6a24fe910000000022008d3b,3,1,2026-08-26T15:13:18,6a267b1b000000002803a1b9,complete,endpoint_exhausted,
account_guangzhou,9340,verified_local_broadband_guangzhou,guangzhou,0,,reply,6a24fe910000000022008d3b,0,0,2026-08-26T15:13:18,6a26745c000000002b02b4f3,complete,endpoint_exhausted,
account_guangzhou,9340,verified_local_broadband_guangzhou,guangzhou,0,,reply,6a24fe910000000022008d3b,0,0,2026-08-26T15:13:18,6a26732c0000000028032193,complete,endpoint_exhausted,
account_guangzhou,9340,verified_local_broadband_guangzhou,guangzhou,0,,reply,6a24fe910000000022008d3b,0,0,2026-08-26T15:13:18,6a26708b000000002702e567,complete,endpoint_exhausted,
account_guangzhou,9340,verified_local_broadband_guangzhou,guangzhou,0,,reply,6a24fe910000000022008d3b,0,0,2026-08-26T15:13:18,6a266fe80000000028038a44,complete,endpoint_exhausted,
account_guangzhou,9340,verified_local_broadband_guangzhou,guangzhou,0,,reply,6a24fe910000000022008d3b,0,0,2026-08-26T15:13:18,6a2665290000000028030e7c,complete,endpoint_exhausted,
account_guangzhou,9340,verified_local_broadband_guangzhou,guangzhou,0,,reply,6a24fe910000000022008d3b,0,0,2026-08-26T15:13:18,6a265d6d000000002a027728,complete,endpoint_exhausted,
account_guangzhou,9340,verified_local_broadband_guangzhou,guangzhou,1,,reply,6a24fe910000000022008d3b,1,0,2026-08-26T15:13:18,6a265959000000002a02e0d0,complete,endpoint_exhausted,
account_guangzhou,9340,verified_local_broadband_guangzhou,guangzhou,0,,reply,6a24fe910000000022008d3b,0,0,2026-08-26T15:13:18,6a2657b5000000002b025fb4,complete,endpoint_exhausted,
account_guangzhou,9340,verified_local_broadband_guangzhou,guangzhou,0,,reply,6a24fe910000000022008d3b,0,0,2026-08-26T15:13:33,6a26569e000000002900f5ef,complete,endpoint_exhausted,
account_guangzhou,9340,verified_local_broadband_guangzhou,guangzhou,0,,reply,6a24fe910000000022008d3b,0,0,2026-08-26T15:13:33,6a264ffc000000002b002d7e,complete,endpoint_exhausted,
account_guangzhou,9340,verified_local_broadband_guangzhou,guangzhou,0,,reply,6a24fe910000000022008d3b,0,0,2026-08-26T15:13:33,6a264d7b000000002701f6ec,complete,endpoint_exhausted,
account_guangzhou,9340,verified_local_broadband_guangzhou,guangzhou,0,,reply,6a24fe910000000022008d3b,0,0,2026-08-26T15:13:33,6a264d7300000000280339bd,complete,endpoint_exhausted,
account_guangzhou,9340,verified_local_broadband_guangzhou,guangzhou,0,,reply,6a24fe910000000022008d3b,0,0,2026-08-26T15:13:33,6a264b63000000002b02bc73,complete,endpoint_exhausted,
account_guangzhou,9340,verified_local_broadband_guangzhou,guangzhou,0,,reply,6a24fe910000000022008d3b,0,0,2026-08-26T15:13:33,6a264b1e00000000280094c4,complete,endpoint_exhausted,
account_guangzhou,9340,verified_local_broadband_guangzhou,guangzhou,0,,reply,6a24fe910000000022008d3b,0,0,2026-08-26T15:13:33,6a264a940000000029018161,complete,endpoint_exhausted,
account_guangzhou,9340,verified_local_broadband_guangzhou,guangzhou,0,,reply,6a24fe910000000022008d3b,0,0,2026-08-26T15:13:33,6a2644ea000000002803b2c9,complete,endpoint_exhausted,
account_guangzhou,9340,verified_local_broadband_guangzhou,guangzhou,0,,reply,6a24fe910000000022008d3b,0,0,2026-08-26T15:13:33,6a2644820000000027023702,complete,endpoint_exhausted,
account_guangzhou,9340,verified_local_broadband_guangzhou,guangzhou,0,,reply,6a24fe910000000022008d3b,0,0,2026-08-26T15:13:33,6a26442c000000002901116b,complete,endpoint_exhausted,
account_guangzhou,9340,verified_local_broadband_guangzhou,guangzhou,0,,reply,6a24fe910000000022008d3b,0,0,2026-08-26T15:13:49,6a263e9f000000002702d2e8,complete,endpoint_exhausted,
account_guangzhou,9340,verified_local_broadband_guangzhou,guangzhou,1,,reply,6a24fe910000000022008d3b,1,0,2026-08-26T15:13:49,6a263b76000000002a027220,complete,endpoint_exhausted,
account_guangzhou,9340,verified_local_broadband_guangzhou,guangzhou,0,,reply,6a24fe910000000022008d3b,0,0,2026-08-26T15:13:49,6a263b21000000002901383c,complete,endpoint_exhausted,
account_guangzhou,9340,verified_local_broadband_guangzhou,guangzhou,0,,reply,6a24fe910000000022008d3b,0,0,2026-08-26T15:13:49,6a2639900000000027014559,complete,endpoint_exhausted,
account_guangzhou,9340,verified_local_broadband_guangzhou,guangzhou,0,,reply,6a24fe910000000022008d3b,0,0,2026-08-26T15:13:49,6a26381900000000290269b5,complete,endpoint_exhausted,
account_guangzhou,9340,verified_local_broadband_guangzhou,guangzhou,0,,reply,6a24fe910000000022008d3b,0,0,2026-08-26T15:13:49,6a2637e300000000290260b1,complete,endpoint_exhausted,
account_guangzhou,9340,verified_local_broadband_guangzhou,guangzhou,0,,reply,6a24fe910000000022008d3b,0,0,2026-08-26T15:13:49,6a2633ee000000002b000861,complete,endpoint_exhausted,
account_guangzhou,9340,verified_local_broadband_guangzhou,guangzhou,0,,reply,6a24fe910000000022008d3b,0,0,2026-08-26T15:13:49,6a2633c3000000002702b3fa,complete,endpoint_exhausted,
account_guangzhou,9340,verified_local_broadband_guangzhou,guangzhou,0,,reply,6a24fe910000000022008d3b,0,0,2026-08-26T15:13:49,6a263148000000002800aab2,complete,endpoint_exhausted,
account_guangzhou,9340,verified_local_broadband_guangzhou,guangzhou,0,,reply,6a24fe910000000022008d3b,0,0,2026-08-26T15:13:49,6a2630cc000000002803b6ec,complete,endpoint_exhausted,
account_guangzhou,9340,verified_local_broadband_guangzhou,guangzhou,1,,reply,6a24fe910000000022008d3b,1,0,2026-08-26T15:14:04,6a262fbf000000002b028a76,complete,endpoint_exhausted,
account_guangzhou,9340,verified_local_broadband_guangzhou,guangzhou,0,,reply,6a24fe910000000022008d3b,0,0,2026-08-26T15:14:04,6a262f0c000000002902e570,complete,endpoint_exhausted,
account_guangzhou,9340,verified_local_broadband_guangzhou,guangzhou,0,,reply,6a24fe910000000022008d3b,0,0,2026-08-26T15:14:04,6a262c87000000002803e8cb,complete,endpoint_exhausted,
account_guangzhou,9340,verified_local_broadband_guangzhou,guangzhou,0,,reply,6a24fe910000000022008d3b,0,0,2026-08-26T15:14:04,6a262ae9000000002b02935f,complete,endpoint_exhausted,
account_guangzhou,9340,verified_local_broadband_guangzhou,guangzhou,0,,reply,6a24fe910000000022008d3b,0,0,2026-08-26T15:14:04,6a26226b0000000028035e7a,complete,endpoint_exhausted,
account_guangzhou,9340,verified_local_broadband_guangzhou,guangzhou,0,,reply,6a24fe910000000022008d3b,0,0,2026-08-26T15:14:04,6a261c37000000002701de6a,complete,endpoint_exhausted,
account_guangzhou,9340,verified_local_broadband_guangzhou,guangzhou,0,,reply,6a24fe910000000022008d3b,0,0,2026-08-26T15:14:04,6a261bd50000000027021497,complete,endpoint_exhausted,
account_guangzhou,9340,verified_local_broadband_guangzhou,guangzhou,0,,reply,6a24fe910000000022008d3b,0,0,2026-08-26T15:14:04,6a261b83000000002b002532,complete,endpoint_exhausted,
account_guangzhou,9340,verified_local_broadband_guangzhou,guangzhou,0,,reply,6a24fe910000000022008d3b,0,0,2026-08-26T15:14:04,6a261aca000000002a02f97f,complete,endpoint_exhausted,
account_guangzhou,9340,verified_local_broadband_guangzhou,guangzhou,1,,reply,6a24fe910000000022008d3b,1,0,2026-08-26T15:14:04,6a261927000000002b002264,complete,endpoint_exhausted,
account_guangzhou,9340,verified_local_broadband_guangzhou,guangzhou,0,,reply,6a24fe910000000022008d3b,0,0,2026-08-26T15:14:20,6a2617fb000000002702adb3,complete,endpoint_exhausted,
account_guangzhou,9340,verified_local_broadband_guangzhou,guangzhou,0,,reply,6a24fe910000000022008d3b,0,0,2026-08-26T15:14:20,6a2616660000000027015111,complete,endpoint_exhausted,
account_guangzhou,9340,verified_local_broadband_guangzhou,guangzhou,0,,reply,6a24fe910000000022008d3b,0,0,2026-08-26T15:14:20,6a2614d200000000280326dc,complete,endpoint_exhausted,
account_guangzhou,9340,verified_local_broadband_guangzhou,guangzhou,0,,reply,6a24fe910000000022008d3b,0,0,2026-08-26T15:14:20,6a26108e0000000028031149,complete,endpoint_exhausted,
account_guangzhou,9340,verified_local_broadband_guangzhou,guangzhou,0,,reply,6a24fe910000000022008d3b,0,0,2026-08-26T15:14:20,6a260f30000000002702b298,complete,endpoint_exhausted,
account_guangzhou,9340,verified_local_broadband_guangzhou,guangzhou,0,,reply,6a24fe910000000022008d3b,0,0,2026-08-26T15:14:20,6a260b74000000002b02733b,complete,endpoint_exhausted,
account_guangzhou,9340,verified_local_broadband_guangzhou,guangzhou,0,,reply,6a24fe910000000022008d3b,0,0,2026-08-26T15:14:20,6a260b6c00000000290244f4,complete,endpoint_exhausted,
account_guangzhou,9340,verified_local_broadband_guangzhou,guangzhou,0,,reply,6a24fe910000000022008d3b,0,0,2026-08-26T15:14:20,6a260999000000002702cfd5,complete,endpoint_exhausted,
account_guangzhou,9340,verified_local_broadband_guangzhou,guangzhou,2,,reply,6a24fe910000000022008d3b,2,1,2026-08-26T15:14:35,6a26059f000000002a02ea7d,complete,endpoint_exhausted,
account_guangzhou,9340,verified_local_broadband_guangzhou,guangzhou,0,,reply,6a24fe910000000022008d3b,0,0,2026-08-26T15:14:35,6a2601ce00000000280093f2,complete,endpoint_exhausted,
account_guangzhou,9340,verified_local_broadband_guangzhou,guangzhou,1,,reply,6a24fe910000000022008d3b,1,0,2026-08-26T15:14:50,6a25fdf9000000002701fbef,complete,endpoint_exhausted,
account_guangzhou,9340,verified_local_broadband_guangzhou,guangzhou,0,,reply,6a24fe910000000022008d3b,0,0,2026-08-26T15:14:50,6a25fce1000000002900dd8a,complete,endpoint_exhausted,
account_guangzhou,9340,verified_local_broadband_guangzhou,guangzhou,2,,reply,6a24fe910000000022008d3b,2,1,2026-08-26T15:15:06,6a25faf9000000002a004404,complete,endpoint_exhausted,
account_guangzhou,9340,verified_local_broadband_guangzhou,guangzhou,0,,reply,6a24fe910000000022008d3b,0,0,2026-08-26T15:15:06,6a25eee90000000027022aa2,complete,endpoint_exhausted,
account_guangzhou,9340,verified_local_broadband_guangzhou,guangzhou,0,,reply,6a24fe910000000022008d3b,0,0,2026-08-26T15:15:06,6a25dace000000002901a96f,complete,endpoint_exhausted,
account_guangzhou,9340,verified_local_broadband_guangzhou,guangzhou,0,,reply,6a24fe910000000022008d3b,0,0,2026-08-26T15:15:06,6a25a9d900000000270210b2,complete,endpoint_exhausted,
account_guangzhou,9340,verified_local_broadband_guangzhou,guangzhou,0,,reply,6a24fe910000000022008d3b,0,0,2026-08-26T15:15:06,6a25a33f000000002900ea21,complete,endpoint_exhausted,
account_guangzhou,9340,verified_local_broadband_guangzhou,guangzhou,1,,reply,6a24fe910000000022008d3b,1,0,2026-08-26T15:15:06,6a259ee0000000002803a9b3,complete,endpoint_exhausted,
account_guangzhou,9340,verified_local_broadband_guangzhou,guangzhou,0,,reply,6a24fe910000000022008d3b,0,0,2026-08-26T15:15:06,6a2594cf000000002702e730,complete,endpoint_exhausted,
account_guangzhou,9340,verified_local_broadband_guangzhou,guangzhou,1,,reply,6a24fe910000000022008d3b,1,0,2026-08-26T15:15:06,6a25943e000000002702afb0,complete,endpoint_exhausted,
account_guangzhou,9340,verified_local_broadband_guangzhou,guangzhou,0,,reply,6a24fe910000000022008d3b,0,0,2026-08-26T15:15:21,6a258d3b00000000290350c7,complete,endpoint_exhausted,
account_guangzhou,9340,verified_local_broadband_guangzhou,guangzhou,0,,reply,6a24fe910000000022008d3b,0,0,2026-08-26T15:15:21,6a25868b000000002702db7b,complete,endpoint_exhausted,
account_guangzhou,9340,verified_local_broadband_guangzhou,guangzhou,0,,reply,6a24fe910000000022008d3b,0,0,2026-08-26T15:15:21,6a258533000000002900d175,complete,endpoint_exhausted,
account_guangzhou,9340,verified_local_broadband_guangzhou,guangzhou,0,,reply,6a24fe910000000022008d3b,0,0,2026-08-26T15:15:21,6a258509000000002800ac0d,complete,endpoint_exhausted,
account_guangzhou,9340,verified_local_broadband_guangzhou,guangzhou,0,,reply,6a24fe910000000022008d3b,0,0,2026-08-26T15:15:21,6a257f9a000000002b0279af,complete,endpoint_exhausted,
account_guangzhou,9340,verified_local_broadband_guangzhou,guangzhou,0,,reply,6a24fe910000000022008d3b,0,0,2026-08-26T15:15:21,6a257d9a000000002b0256eb,complete,endpoint_exhausted,
account_guangzhou,9340,verified_local_broadband_guangzhou,guangzhou,0,,reply,6a24fe910000000022008d3b,0,0,2026-08-26T15:15:21,6a257999000000002a02d64a,complete,endpoint_exhausted,
account_guangzhou,9340,verified_local_broadband_guangzhou,guangzhou,5,,reply,6a24fe910000000022008d3b,5,1,2026-08-26T15:15:36,6a2572db000000002b0030a3,complete,endpoint_exhausted,
account_guangzhou,9340,verified_local_broadband_guangzhou,guangzhou,0,,reply,6a24fe910000000022008d3b,0,0,2026-08-26T15:15:36,6a2564170000000028037590,complete,endpoint_exhausted,
account_guangzhou,9340,verified_local_broadband_guangzhou,guangzhou,1,,reply,6a24fe910000000022008d3b,1,0,2026-08-26T15:15:36,6a2560d2000000002701e8d2,complete,endpoint_exhausted,
account_guangzhou,9340,verified_local_broadband_guangzhou,guangzhou,2,,reply,6a24fe910000000022008d3b,2,1,2026-08-26T15:16:07,6a2557a6000000002701e4f0,complete,endpoint_exhausted,
account_guangzhou,9340,verified_local_broadband_guangzhou,guangzhou,0,,reply,6a24fe910000000022008d3b,0,0,2026-08-26T15:16:07,6a2551be000000002a030af3,complete,endpoint_exhausted,
account_guangzhou,9340,verified_local_broadband_guangzhou,guangzhou,0,,reply,6a24fe910000000022008d3b,0,0,2026-08-26T15:16:07,6a25492a000000002b027b9e,complete,endpoint_exhausted,
account_guangzhou,9340,verified_local_broadband_guangzhou,guangzhou,1,,reply,6a24fe910000000022008d3b,1,0,2026-08-26T15:16:07,6a2539f2000000002902541a,complete,endpoint_exhausted,
account_guangzhou,9340,verified_local_broadband_guangzhou,guangzhou,1,,reply,6a24fe910000000022008d3b,1,0,2026-08-26T15:16:07,6a250990000000002900e1e7,complete,endpoint_exhausted,
account_guangzhou,9340,verified_local_broadband_guangzhou,guangzhou,1,,reply,6a24fe910000000022008d3b,1,0,2026-08-26T15:16:07,6a250355000000002903583d,complete,endpoint_exhausted,
account_guangzhou,9340,verified_local_broadband_guangzhou,guangzhou,12,,reply,6a24fe910000000022008d3b,12,3,2026-08-26T15:16:53,6a2565f8000000002803cb71,complete,endpoint_exhausted,
account_guangzhou,9340,verified_local_broadband_guangzhou,guangzhou,0,,reply,6a24fe910000000022008d3b,0,0,2026-08-26T15:16:53,6a25256b00000000290248c8,complete,endpoint_exhausted,
account_guangzhou,9340,verified_local_broadband_guangzhou,guangzhou,0,,reply,6a24fe910000000022008d3b,0,0,2026-08-26T15:16:53,6a2577cf00000000280348b1,complete,endpoint_exhausted,
account_guangzhou,9340,verified_local_broadband_guangzhou,guangzhou,1,,reply,6a24fe910000000022008d3b,1,0,2026-08-26T15:16:53,6a252d6f000000002900f078,complete,endpoint_exhausted,
account_guangzhou,9340,verified_local_broadband_guangzhou,guangzhou,0,,reply,6a24fe910000000022008d3b,0,0,2026-08-26T15:17:09,6a25ffe80000000028038e24,complete,endpoint_exhausted,
account_guangzhou,9340,verified_local_broadband_guangzhou,guangzhou,0,,reply,6a24fe910000000022008d3b,0,0,2026-08-26T15:17:09,6a2acfe8000000002b003b0b,complete,endpoint_exhausted,
account_guangzhou,9340,verified_local_broadband_guangzhou,guangzhou,0,,reply,6a24fe910000000022008d3b,0,0,2026-08-26T15:17:09,6a29f69f0000000029025740,complete,endpoint_exhausted,
account_guangzhou,9340,verified_local_broadband_guangzhou,guangzhou,0,,reply,6a24fe910000000022008d3b,0,0,2026-08-26T15:17:09,6a27ae4f000000002803cf86,complete,endpoint_exhausted,
account_guangzhou,9340,verified_local_broadband_guangzhou,guangzhou,0,,reply,6a24fe910000000022008d3b,0,0,2026-08-26T15:17:09,6a276983000000002a004e47,complete,endpoint_exhausted,
account_guangzhou,9340,verified_local_broadband_guangzhou,guangzhou,0,,reply,6a24fe910000000022008d3b,0,0,2026-08-26T15:17:09,6a26bc010000000028033d7e,complete,endpoint_exhausted,
account_guangzhou,9340,verified_local_broadband_guangzhou,guangzhou,0,,reply,6a24fe910000000022008d3b,0,0,2026-08-26T15:17:09,6a26b7e3000000002902cff6,complete,endpoint_exhausted,
account_guangzhou,9340,verified_local_broadband_guangzhou,guangzhou,0,,reply,6a24fe910000000022008d3b,0,0,2026-08-26T15:17:09,6a268f3a000000002b0240ec,complete,endpoint_exhausted,
account_guangzhou,9340,verified_local_broadband_guangzhou,guangzhou,0,,reply,6a24fe910000000022008d3b,0,0,2026-08-26T15:17:09,6a2687aa000000002100ffb3,complete,endpoint_exhausted,
account_guangzhou,9340,verified_local_broadband_guangzhou,guangzhou,0,,reply,6a24fe910000000022008d3b,0,0,2026-08-26T15:17:09,6a2680820000000029025993,complete,endpoint_exhausted,
account_guangzhou,9340,verified_local_broadband_guangzhou,guangzhou,0,,reply,6a24fe910000000022008d3b,0,0,2026-08-26T15:17:24,6a266f6b00000000270152d4,complete,endpoint_exhausted,
account_guangzhou,9340,verified_local_broadband_guangzhou,guangzhou,0,,reply,6a24fe910000000022008d3b,0,0,2026-08-26T15:17:24,6a26613200000000290356e1,complete,endpoint_exhausted,
account_guangzhou,9340,verified_local_broadband_guangzhou,guangzhou,0,,reply,6a24fe910000000022008d3b,0,0,2026-08-26T15:17:24,6a2659850000000028031a55,complete,endpoint_exhausted,
account_guangzhou,9340,verified_local_broadband_guangzhou,guangzhou,0,,reply,6a24fe910000000022008d3b,0,0,2026-08-26T15:17:24,6a2648350000000029027efe,complete,endpoint_exhausted,
account_guangzhou,9340,verified_local_broadband_guangzhou,guangzhou,0,,reply,6a24fe910000000022008d3b,0,0,2026-08-26T15:17:24,6a2643be000000002a02410d,complete,endpoint_exhausted,
account_guangzhou,9340,verified_local_broadband_guangzhou,guangzhou,0,,reply,6a24fe910000000022008d3b,0,0,2026-08-26T15:17:24,6a26400b000000002701d4d0,complete,endpoint_exhausted,
account_guangzhou,9340,verified_local_broadband_guangzhou,guangzhou,0,,reply,6a24fe910000000022008d3b,0,0,2026-08-26T15:17:24,6a263c93000000002803667a,complete,endpoint_exhausted,
account_guangzhou,9340,verified_local_broadband_guangzhou,guangzhou,0,,reply,6a24fe910000000022008d3b,0,0,2026-08-26T15:17:24,6a2631120000000028030df6,complete,endpoint_exhausted,
account_guangzhou,9340,verified_local_broadband_guangzhou,guangzhou,0,,reply,6a24fe910000000022008d3b,0,0,2026-08-26T15:17:24,6a26302f000000002702e119,complete,endpoint_exhausted,
account_guangzhou,9340,verified_local_broadband_guangzhou,guangzhou,28,,reply,6a24fe910000000022008d3b,28,6,2026-08-26T15:18:56,6a2629c30000000028038cb5,complete,endpoint_exhausted,
account_guangzhou,9340,verified_local_broadband_guangzhou,guangzhou,1,,reply,6a24fe910000000022008d3b,1,0,2026-08-26T15:19:12,6a26215a000000002902f32a,complete,endpoint_exhausted,
account_guangzhou,9340,verified_local_broadband_guangzhou,guangzhou,3,,reply,6a24fe910000000022008d3b,3,1,2026-08-26T15:19:27,6a261f260000000028008cd2,complete,endpoint_exhausted,
account_guangzhou,9340,verified_local_broadband_guangzhou,guangzhou,0,,reply,6a24fe910000000022008d3b,0,0,2026-08-26T15:19:27,6a261bcb0000000028037a81,complete,endpoint_exhausted,
account_guangzhou,9340,verified_local_broadband_guangzhou,guangzhou,0,,reply,6a24fe910000000022008d3b,0,0,2026-08-26T15:19:27,6a26188a000000002800bd06,complete,endpoint_exhausted,
account_guangzhou,9340,verified_local_broadband_guangzhou,guangzhou,6,,reply,6a24fe910000000022008d3b,6,1,2026-08-26T15:19:42,6a260e49000000002701efc1,complete,endpoint_exhausted,
account_guangzhou,9340,verified_local_broadband_guangzhou,guangzhou,0,,reply,6a24fe910000000022008d3b,0,0,2026-08-26T15:19:42,6a260bae0000000029035835,complete,endpoint_exhausted,
account_guangzhou,9340,verified_local_broadband_guangzhou,guangzhou,0,,reply,6a24fe910000000022008d3b,0,0,2026-08-26T15:19:42,6a2604c4000000002a0304ac,complete,endpoint_exhausted,
account_guangzhou,9340,verified_local_broadband_guangzhou,guangzhou,0,,reply,6a24fe910000000022008d3b,0,0,2026-08-26T15:19:42,6a25fbff000000000d022800,complete,endpoint_exhausted,
account_guangzhou,9340,verified_local_broadband_guangzhou,guangzhou,0,,reply,6a24fe910000000022008d3b,0,0,2026-08-26T15:19:42,6a25ebbf0000000028037a4c,complete,endpoint_exhausted,
account_guangzhou,9340,verified_local_broadband_guangzhou,guangzhou,3,,reply,6a24fe910000000022008d3b,3,1,2026-08-26T15:19:58,6a25eb670000000028033218,complete,endpoint_exhausted,
account_guangzhou,9340,verified_local_broadband_guangzhou,guangzhou,0,,reply,6a24fe910000000022008d3b,0,0,2026-08-26T15:20:13,6a25ddab000000002800aa52,complete,endpoint_exhausted,
account_guangzhou,9340,verified_local_broadband_guangzhou,guangzhou,0,,reply,6a24fe910000000022008d3b,0,0,2026-08-26T15:20:13,6a25b939000000002a025d6a,complete,endpoint_exhausted,
account_guangzhou,9340,verified_local_broadband_guangzhou,guangzhou,0,,reply,6a24fe910000000022008d3b,0,0,2026-08-26T15:20:13,6a25b409000000002a03149c,complete,endpoint_exhausted,
account_guangzhou,9340,verified_local_broadband_guangzhou,guangzhou,0,,reply,6a24fe910000000022008d3b,0,0,2026-08-26T15:20:13,6a25ab580000000029037e3b,complete,endpoint_exhausted,
account_guangzhou,9340,verified_local_broadband_guangzhou,guangzhou,1,,reply,6a24fe910000000022008d3b,1,0,2026-08-26T15:20:13,6a259dd2000000002803e043,complete,endpoint_exhausted,
account_guangzhou,9340,verified_local_broadband_guangzhou,guangzhou,0,,reply,6a24fe910000000022008d3b,0,0,2026-08-26T15:20:13,6a258fa1000000002702884c,complete,endpoint_exhausted,
account_guangzhou,9340,verified_local_broadband_guangzhou,guangzhou,0,,reply,6a24fe910000000022008d3b,0,0,2026-08-26T15:20:13,6a2580df000000002900fb67,complete,endpoint_exhausted,
account_guangzhou,9340,verified_local_broadband_guangzhou,guangzhou,4,,reply,6a24fe910000000022008d3b,4,1,2026-08-26T15:20:28,6a25548a000000002903716d,complete,endpoint_exhausted,
account_guangzhou,9340,verified_local_broadband_guangzhou,guangzhou,0,,reply,6a24fe910000000022008d3b,0,0,2026-08-26T15:20:28,6a2500c2000000002900cb46,complete,endpoint_exhausted,
account_guangzhou,9340,verified_local_broadband_guangzhou,guangzhou,0,,reply,6a24fe910000000022008d3b,0,0,2026-08-26T15:20:28,6a27d07b000000002b02469b,complete,endpoint_exhausted,
account_guangzhou,9340,verified_local_broadband_guangzhou,guangzhou,0,,reply,6a24fe910000000022008d3b,0,0,2026-08-26T15:20:44,6a27d06d000000002a00554e,complete,endpoint_exhausted,
account_guangzhou,9340,verified_local_broadband_guangzhou,guangzhou,0,,reply,6a24fe910000000022008d3b,0,0,2026-08-26T15:20:44,6a262e680000000029013635,complete,endpoint_exhausted,
account_guangzhou,9340,verified_local_broadband_guangzhou,guangzhou,0,,reply,6a24fe910000000022008d3b,0,0,2026-08-26T15:20:44,6a25d5040000000028008129,complete,endpoint_exhausted,
account_guangzhou,9340,verified_local_broadband_guangzhou,guangzhou,,,top_level,6a24fe910000000022008d3b,153,16,2026-08-26T15:20:44,,complete,endpoint_exhausted,True
account_guangzhou,9340,verified_local_broadband_guangzhou,guangzhou,,,top_level,6a26ae45000000000702e44f,0,1,2026-08-26T15:26:35,,complete,endpoint_exhausted,True
account_guangzhou,9340,verified_local_broadband_guangzhou,guangzhou,0,,reply,6a2534d3000000001603e05a,0,0,2026-08-26T15:32:26,6a2544340000000028038086,complete,endpoint_exhausted,
account_guangzhou,9340,verified_local_broadband_guangzhou,guangzhou,,,top_level,6a2534d3000000001603e05a,1,1,2026-08-26T15:32:26,,complete,endpoint_exhausted,True
account_guangzhou,9340,verified_local_broadband_guangzhou,guangzhou,0,,reply,6a2643570000000022028df3,0,0,2026-08-26T15:38:16,6a26d744000000002702bec7,complete,endpoint_exhausted,
account_guangzhou,9340,verified_local_broadband_guangzhou,guangzhou,,,top_level,6a2643570000000022028df3,1,1,2026-08-26T15:38:16,,complete,endpoint_exhausted,True
account_guangzhou,9340,verified_local_broadband_guangzhou,guangzhou,7,,reply,6a24091b0000000022029cb4,7,2,2026-08-26T15:44:37,6a24eabf000000002702ce6c,complete,endpoint_exhausted,
account_guangzhou,9340,verified_local_broadband_guangzhou,guangzhou,8,,reply,6a24091b0000000022029cb4,8,2,2026-08-26T15:45:08,6a243d35000000002803571e,complete,endpoint_exhausted,
account_guangzhou,9340,verified_local_broadband_guangzhou,guangzhou,0,,reply,6a24091b0000000022029cb4,0,0,2026-08-26T15:45:08,6a2448da000000002702b165,complete,endpoint_exhausted,
account_guangzhou,9340,verified_local_broadband_guangzhou,guangzhou,2,,reply,6a24091b0000000022029cb4,2,1,2026-08-26T15:45:23,6a245ad30000000028036b3d,complete,endpoint_exhausted,
account_guangzhou,9340,verified_local_broadband_guangzhou,guangzhou,2,,reply,6a24091b0000000022029cb4,2,1,2026-08-26T15:45:38,6a253e500000000028036194,complete,endpoint_exhausted,
account_guangzhou,9340,verified_local_broadband_guangzhou,guangzhou,1,,reply,6a24091b0000000022029cb4,1,0,2026-08-26T15:45:38,6a2424e4000000002a0262c0,complete,endpoint_exhausted,
account_guangzhou,9340,verified_local_broadband_guangzhou,guangzhou,2,,reply,6a24091b0000000022029cb4,2,1,2026-08-26T15:45:54,6a2526dc000000002803d143,complete,endpoint_exhausted,
account_guangzhou,9340,verified_local_broadband_guangzhou,guangzhou,1,,reply,6a24091b0000000022029cb4,1,0,2026-08-26T15:45:54,6a255024000000002803aa7b,complete,endpoint_exhausted,
account_guangzhou,9340,verified_local_broadband_guangzhou,guangzhou,0,,reply,6a24091b0000000022029cb4,0,0,2026-08-26T15:45:54,6a2773fa000000002a00576a,complete,endpoint_exhausted,
account_guangzhou,9340,verified_local_broadband_guangzhou,guangzhou,1,,reply,6a24091b0000000022029cb4,1,0,2026-08-26T15:45:54,6a25444400000000290277d2,complete,endpoint_exhausted,
account_guangzhou,9340,verified_local_broadband_guangzhou,guangzhou,1,,reply,6a24091b0000000022029cb4,1,0,2026-08-26T15:46:09,6a253cb40000000027028701,complete,endpoint_exhausted,
account_guangzhou,9340,verified_local_broadband_guangzhou,guangzhou,2,,reply,6a24091b0000000022029cb4,2,1,2026-08-26T15:46:24,6a24c51e00000000280370f5,complete,endpoint_exhausted,
account_guangzhou,9340,verified_local_broadband_guangzhou,guangzhou,1,,reply,6a24091b0000000022029cb4,1,0,2026-08-26T15:46:24,6a2501010000000029011ec2,complete,endpoint_exhausted,
account_guangzhou,9340,verified_local_broadband_guangzhou,guangzhou,1,,reply,6a24091b0000000022029cb4,1,0,2026-08-26T15:46:24,6a27b8d00000000027015d57,complete,endpoint_exhausted,
account_guangzhou,9340,verified_local_broadband_guangzhou,guangzhou,1,,reply,6a24091b0000000022029cb4,1,0,2026-08-26T15:46:24,6a27fffc0000000029013a5e,complete,endpoint_exhausted,
account_guangzhou,9340,verified_local_broadband_guangzhou,guangzhou,3,,reply,6a24091b0000000022029cb4,3,1,2026-08-26T15:46:40,6a241e310000000029036ef8,complete,endpoint_exhausted,
account_guangzhou,9340,verified_local_broadband_guangzhou,guangzhou,0,,reply,6a24091b0000000022029cb4,0,0,2026-08-26T15:46:40,6a251a680000000027028171,complete,endpoint_exhausted,
account_guangzhou,9340,verified_local_broadband_guangzhou,guangzhou,0,,reply,6a24091b0000000022029cb4,0,0,2026-08-26T15:46:40,6a240ad9000000002b029772,complete,endpoint_exhausted,
account_guangzhou,9340,verified_local_broadband_guangzhou,guangzhou,2,,reply,6a24091b0000000022029cb4,2,1,2026-08-26T15:46:55,6a24374f00000000270151e9,complete,endpoint_exhausted,
account_guangzhou,9340,verified_local_broadband_guangzhou,guangzhou,0,,reply,6a24091b0000000022029cb4,0,0,2026-08-26T15:46:55,6a244c8900000000270171e7,complete,endpoint_exhausted,
account_guangzhou,9340,verified_local_broadband_guangzhou,guangzhou,1,,reply,6a24091b0000000022029cb4,1,0,2026-08-26T15:47:10,6a24373b0000000029024fc2,complete,endpoint_exhausted,
account_guangzhou,9340,verified_local_broadband_guangzhou,guangzhou,0,,reply,6a24091b0000000022029cb4,0,0,2026-08-26T15:47:10,6a2ba4b2000000002901ba15,complete,endpoint_exhausted,
account_guangzhou,9340,verified_local_broadband_guangzhou,guangzhou,0,,reply,6a24091b0000000022029cb4,0,0,2026-08-26T15:47:10,6a24e277000000002902c4a6,complete,endpoint_exhausted,
account_guangzhou,9340,verified_local_broadband_guangzhou,guangzhou,0,,reply,6a24091b0000000022029cb4,0,0,2026-08-26T15:47:10,6a24db1900000000280313a4,complete,endpoint_exhausted,
account_guangzhou,9340,verified_local_broadband_guangzhou,guangzhou,0,,reply,6a24091b0000000022029cb4,0,0,2026-08-26T15:47:10,6a24921a0000000029026e34,complete,endpoint_exhausted,
account_guangzhou,9340,verified_local_broadband_guangzhou,guangzhou,0,,reply,6a24091b0000000022029cb4,0,0,2026-08-26T15:47:10,6a2455f00000000029026e94,complete,endpoint_exhausted,
account_guangzhou,9340,verified_local_broadband_guangzhou,guangzhou,0,,reply,6a24091b0000000022029cb4,0,0,2026-08-26T15:47:10,6a2454920000000027029327,complete,endpoint_exhausted,
account_guangzhou,9340,verified_local_broadband_guangzhou,guangzhou,0,,reply,6a24091b0000000022029cb4,0,0,2026-08-26T15:47:10,6a24219d000000002701d664,complete,endpoint_exhausted,
account_guangzhou,9340,verified_local_broadband_guangzhou,guangzhou,0,,reply,6a24091b0000000022029cb4,0,0,2026-08-26T15:47:10,6a249cfc000000002901b86d,complete,endpoint_exhausted,
account_guangzhou,9340,verified_local_broadband_guangzhou,guangzhou,0,,reply,6a24091b0000000022029cb4,0,0,2026-08-26T15:47:10,6a251e25000000002803cd51,complete,endpoint_exhausted,
account_guangzhou,9340,verified_local_broadband_guangzhou,guangzhou,0,,reply,6a24091b0000000022029cb4,0,0,2026-08-26T15:47:26,6a2427660000000028008ea5,complete,endpoint_exhausted,
account_guangzhou,9340,verified_local_broadband_guangzhou,guangzhou,0,,reply,6a24091b0000000022029cb4,0,0,2026-08-26T15:47:26,6a24ba1200000000280316cd,complete,endpoint_exhausted,
account_guangzhou,9340,verified_local_broadband_guangzhou,guangzhou,0,,reply,6a24091b0000000022029cb4,0,0,2026-08-26T15:47:26,6a24461e000000002702d0d8,complete,endpoint_exhausted,
account_guangzhou,9340,verified_local_broadband_guangzhou,guangzhou,1,,reply,6a24091b0000000022029cb4,1,0,2026-08-26T15:47:26,6a6d9f3b0000000005009b34,complete,endpoint_exhausted,
account_guangzhou,9340,verified_local_broadband_guangzhou,guangzhou,0,,reply,6a24091b0000000022029cb4,0,0,2026-08-26T15:47:26,6a24f57e000000002902d0d8,complete,endpoint_exhausted,
account_guangzhou,9340,verified_local_broadband_guangzhou,guangzhou,0,,reply,6a24091b0000000022029cb4,0,0,2026-08-26T15:47:26,6a244ec0000000002900fa9a,complete,endpoint_exhausted,
account_guangzhou,9340,verified_local_broadband_guangzhou,guangzhou,0,,reply,6a24091b0000000022029cb4,0,0,2026-08-26T15:47:26,6a43528c000000000b039be8,complete,endpoint_exhausted,
account_guangzhou,9340,verified_local_broadband_guangzhou,guangzhou,1,,reply,6a24091b0000000022029cb4,1,0,2026-08-26T15:47:26,6a2fae32000000002900c4b1,complete,endpoint_exhausted,
account_guangzhou,9340,verified_local_broadband_guangzhou,guangzhou,1,,reply,6a24091b0000000022029cb4,1,0,2026-08-26T15:47:26,6a256653000000002803e304,complete,endpoint_exhausted,
account_guangzhou,9340,verified_local_broadband_guangzhou,guangzhou,0,,reply,6a24091b0000000022029cb4,0,0,2026-08-26T15:47:26,6a2460c9000000002a02efe2,complete,endpoint_exhausted,
account_guangzhou,9340,verified_local_broadband_guangzhou,guangzhou,0,,reply,6a24091b0000000022029cb4,0,0,2026-08-26T15:47:41,6a244c3d000000002701c6c0,complete,endpoint_exhausted,
account_guangzhou,9340,verified_local_broadband_guangzhou,guangzhou,0,,reply,6a24091b0000000022029cb4,0,0,2026-08-26T15:47:41,6a2449db000000002a02d0c7,complete,endpoint_exhausted,
account_guangzhou,9340,verified_local_broadband_guangzhou,guangzhou,0,,reply,6a24091b0000000022029cb4,0,0,2026-08-26T15:47:41,6a2448f30000000027023c51,complete,endpoint_exhausted,
account_guangzhou,9340,verified_local_broadband_guangzhou,guangzhou,0,,reply,6a24091b0000000022029cb4,0,0,2026-08-26T15:47:41,6a2442d8000000002701c241,complete,endpoint_exhausted,
account_guangzhou,9340,verified_local_broadband_guangzhou,guangzhou,0,,reply,6a24091b0000000022029cb4,0,0,2026-08-26T15:47:41,6a243f03000000002a02da87,complete,endpoint_exhausted,
account_guangzhou,9340,verified_local_broadband_guangzhou,guangzhou,0,,reply,6a24091b0000000022029cb4,0,0,2026-08-26T15:47:41,6a24351a0000000029036868,complete,endpoint_exhausted,
account_guangzhou,9340,verified_local_broadband_guangzhou,guangzhou,0,,reply,6a24091b0000000022029cb4,0,0,2026-08-26T15:47:41,6a24349e000000002900d560,complete,endpoint_exhausted,
account_guangzhou,9340,verified_local_broadband_guangzhou,guangzhou,0,,reply,6a24091b0000000022029cb4,0,0,2026-08-26T15:47:41,6a242cf1000000002a0339d0,complete,endpoint_exhausted,
account_guangzhou,9340,verified_local_broadband_guangzhou,guangzhou,0,,reply,6a24091b0000000022029cb4,0,0,2026-08-26T15:47:41,6a241980000000002b025019,complete,endpoint_exhausted,
account_guangzhou,9340,verified_local_broadband_guangzhou,guangzhou,0,,reply,6a24091b0000000022029cb4,0,0,2026-08-26T15:47:41,6a24170f0000000029025977,complete,endpoint_exhausted,
account_guangzhou,9340,verified_local_broadband_guangzhou,guangzhou,0,,reply,6a24091b0000000022029cb4,0,0,2026-08-26T15:47:56,6a240dd40000000029010640,complete,endpoint_exhausted,
account_guangzhou,9340,verified_local_broadband_guangzhou,guangzhou,1,,reply,6a24091b0000000022029cb4,1,0,2026-08-26T15:47:56,6a428f4a0000000029019459,complete,endpoint_exhausted,
account_guangzhou,9340,verified_local_broadband_guangzhou,guangzhou,0,,reply,6a24091b0000000022029cb4,0,0,2026-08-26T15:47:56,6a245a58000000002a004655,complete,endpoint_exhausted,
account_guangzhou,9340,verified_local_broadband_guangzhou,guangzhou,1,,reply,6a24091b0000000022029cb4,1,0,2026-08-26T15:47:56,6a250f4200000000290368a6,complete,endpoint_exhausted,
account_guangzhou,9340,verified_local_broadband_guangzhou,guangzhou,0,,reply,6a24091b0000000022029cb4,0,0,2026-08-26T15:47:56,6a250970000000002701fc80,complete,endpoint_exhausted,
account_guangzhou,9340,verified_local_broadband_guangzhou,guangzhou,0,,reply,6a24091b0000000022029cb4,0,0,2026-08-26T15:47:56,6a24f04d000000002803c459,complete,endpoint_exhausted,
account_guangzhou,9340,verified_local_broadband_guangzhou,guangzhou,0,,reply,6a24091b0000000022029cb4,0,0,2026-08-26T15:47:56,6a24d13b000000002803febe,complete,endpoint_exhausted,
account_guangzhou,9340,verified_local_broadband_guangzhou,guangzhou,0,,reply,6a24091b0000000022029cb4,0,0,2026-08-26T15:47:56,6a24c672000000002b028e27,complete,endpoint_exhausted,
account_guangzhou,9340,verified_local_broadband_guangzhou,guangzhou,1,,reply,6a24091b0000000022029cb4,1,0,2026-08-26T15:47:56,6a24c38900000000280398de,complete,endpoint_exhausted,
account_guangzhou,9340,verified_local_broadband_guangzhou,guangzhou,1,,reply,6a24091b0000000022029cb4,1,0,2026-08-26T15:47:56,6a2445070000000028009b29,complete,endpoint_exhausted,
account_guangzhou,9340,verified_local_broadband_guangzhou,guangzhou,,,top_level,6a24091b0000000022029cb4,60,7,2026-08-26T15:48:12,,complete,endpoint_exhausted,True
account_guangzhou,9340,verified_local_broadband_guangzhou,guangzhou,,,top_level,6a258eb400000000360008e0,0,1,2026-08-24T12:52:39,,complete,endpoint_exhausted,True
account_guangzhou,9340,verified_local_broadband_guangzhou,guangzhou,,,top_level,6a2561ac000000000803cd6a,0,1,2026-08-24T12:58:33,,complete,endpoint_exhausted,True
account_guangzhou,9340,verified_local_broadband_guangzhou,guangzhou,,,top_level,6a24b5e8000000000803e9f1,0,1,2026-08-24T13:04:22,,complete,endpoint_exhausted,True
account_guangzhou,9340,verified_local_broadband_guangzhou,guangzhou,166,,reply,6a257519000000000803cd69,166,33,2026-08-24T13:18:38,6a2758a10000000027015c9f,complete,endpoint_exhausted,
account_guangzhou,9340,verified_local_broadband_guangzhou,guangzhou,48,,reply,6a257519000000000803cd69,48,10,2026-08-24T13:21:11,6a276a7300000000280326d0,complete,endpoint_exhausted,
account_guangzhou,9340,verified_local_broadband_guangzhou,guangzhou,8,,reply,6a257519000000000803cd69,8,2,2026-08-24T13:21:42,6a26d5630000000027028cc3,complete,endpoint_exhausted,
account_guangzhou,9340,verified_local_broadband_guangzhou,guangzhou,7,,reply,6a257519000000000803cd69,7,2,2026-08-24T13:22:13,6a26f58b000000002b02568b,complete,endpoint_exhausted,
account_guangzhou,9340,verified_local_broadband_guangzhou,guangzhou,12,,reply,6a257519000000000803cd69,12,3,2026-08-24T13:22:59,6a280df8000000002701cbae,complete,endpoint_exhausted,
account_guangzhou,9340,verified_local_broadband_guangzhou,guangzhou,2,,reply,6a257519000000000803cd69,2,1,2026-08-24T13:23:14,6a28f3df000000002800b6f9,complete,endpoint_exhausted,
account_guangzhou,9340,verified_local_broadband_guangzhou,guangzhou,1,,reply,6a257519000000000803cd69,1,0,2026-08-24T13:23:14,6a28fbef0000000028031c9e,complete,endpoint_exhausted,
account_guangzhou,9340,verified_local_broadband_guangzhou,guangzhou,1,,reply,6a257519000000000803cd69,1,0,2026-08-24T13:23:14,6a27fec0000000002b002826,complete,endpoint_exhausted,
account_guangzhou,9340,verified_local_broadband_guangzhou,guangzhou,2,,reply,6a257519000000000803cd69,2,1,2026-08-24T13:23:29,6a281a290000000027014dfd,complete,endpoint_exhausted,
account_guangzhou,9340,verified_local_broadband_guangzhou,guangzhou,1,,reply,6a257519000000000803cd69,1,0,2026-08-24T13:23:29,6a2a61750000000028038012,complete,endpoint_exhausted,
account_guangzhou,9340,verified_local_broadband_guangzhou,guangzhou,0,,reply,6a257519000000000803cd69,0,0,2026-08-24T13:23:45,6a2a0900000000002702f7b3,complete,endpoint_exhausted,
account_guangzhou,9340,verified_local_broadband_guangzhou,guangzhou,0,,reply,6a257519000000000803cd69,0,0,2026-08-24T13:23:45,6a298c940000000027014ebf,complete,endpoint_exhausted,
account_guangzhou,9340,verified_local_broadband_guangzhou,guangzhou,0,,reply,6a257519000000000803cd69,0,0,2026-08-24T13:23:45,6a298125000000002900de67,complete,endpoint_exhausted,
account_guangzhou,9340,verified_local_broadband_guangzhou,guangzhou,0,,reply,6a257519000000000803cd69,0,0,2026-08-24T13:23:45,6a2939e80000000029012b45,complete,endpoint_exhausted,
account_guangzhou,9340,verified_local_broadband_guangzhou,guangzhou,0,,reply,6a257519000000000803cd69,0,0,2026-08-24T13:23:45,6a2935f500000000270165a7,complete,endpoint_exhausted,
account_guangzhou,9340,verified_local_broadband_guangzhou,guangzhou,0,,reply,6a257519000000000803cd69,0,0,2026-08-24T13:23:45,6a291ad7000000002902fb0b,complete,endpoint_exhausted,
account_guangzhou,9340,verified_local_broadband_guangzhou,guangzhou,0,,reply,6a257519000000000803cd69,0,0,2026-08-24T13:23:45,6a291016000000002701ef35,complete,endpoint_exhausted,
account_guangzhou,9340,verified_local_broadband_guangzhou,guangzhou,1,,reply,6a257519000000000803cd69,1,0,2026-08-24T13:23:45,6a28fbef0000000028031c9e,complete,endpoint_exhausted,
account_guangzhou,9340,verified_local_broadband_guangzhou,guangzhou,2,,reply,6a257519000000000803cd69,2,1,2026-08-24T13:24:00,6a28f3df000000002800b6f9,complete,endpoint_exhausted,
account_guangzhou,9340,verified_local_broadband_guangzhou,guangzhou,0,,reply,6a257519000000000803cd69,0,0,2026-08-24T13:24:00,6a28df0c000000002803eed1,complete,endpoint_exhausted,
account_guangzhou,9340,verified_local_broadband_guangzhou,guangzhou,0,,reply,6a257519000000000803cd69,0,0,2026-08-24T13:24:15,6a28b41b00000000280307d9,complete,endpoint_exhausted,
account_guangzhou,9340,verified_local_broadband_guangzhou,guangzhou,0,,reply,6a257519000000000803cd69,0,0,2026-08-24T13:24:15,6a28a2c5000000002a024d75,complete,endpoint_exhausted,
account_guangzhou,9340,verified_local_broadband_guangzhou,guangzhou,0,,reply,6a257519000000000803cd69,0,0,2026-08-24T13:24:15,6a289f5b00000000290111e5,complete,endpoint_exhausted,
account_guangzhou,9340,verified_local_broadband_guangzhou,guangzhou,0,,reply,6a257519000000000803cd69,0,0,2026-08-24T13:24:15,6a289eb8000000000d021400,complete,endpoint_exhausted,
account_guangzhou,9340,verified_local_broadband_guangzhou,guangzhou,0,,reply,6a257519000000000803cd69,0,0,2026-08-24T13:24:15,6a2895bd00000000270230ab,complete,endpoint_exhausted,
account_guangzhou,9340,verified_local_broadband_guangzhou,guangzhou,0,,reply,6a257519000000000803cd69,0,0,2026-08-24T13:24:15,6a286568000000002900ee8f,complete,endpoint_exhausted,
account_guangzhou,9340,verified_local_broadband_guangzhou,guangzhou,0,,reply,6a257519000000000803cd69,0,0,2026-08-24T13:24:15,6a285fa8000000002902c35d,complete,endpoint_exhausted,
account_guangzhou,9340,verified_local_broadband_guangzhou,guangzhou,0,,reply,6a257519000000000803cd69,0,0,2026-08-24T13:24:15,6a285a300000000029025ab3,complete,endpoint_exhausted,
account_guangzhou,9340,verified_local_broadband_guangzhou,guangzhou,0,,reply,6a257519000000000803cd69,0,0,2026-08-24T13:24:15,6a284fe200000000270239fc,complete,endpoint_exhausted,
account_guangzhou,9340,verified_local_broadband_guangzhou,guangzhou,0,,reply,6a257519000000000803cd69,0,0,2026-08-24T13:24:15,6a284b86000000002803136e,complete,endpoint_exhausted,
account_guangzhou,9340,verified_local_broadband_guangzhou,guangzhou,0,,reply,6a257519000000000803cd69,0,0,2026-08-24T13:24:31,6a2843840000000029018268,complete,endpoint_exhausted,
account_guangzhou,9340,verified_local_broadband_guangzhou,guangzhou,0,,reply,6a257519000000000803cd69,0,0,2026-08-24T13:24:31,6a2841ed000000002702bb2d,complete,endpoint_exhausted,
account_guangzhou,9340,verified_local_broadband_guangzhou,guangzhou,0,,reply,6a257519000000000803cd69,0,0,2026-08-24T13:24:31,6a283e7d000000002803f1a7,complete,endpoint_exhausted,
account_guangzhou,9340,verified_local_broadband_guangzhou,guangzhou,0,,reply,6a257519000000000803cd69,0,0,2026-08-24T13:24:31,6a2839c200000000270233fc,complete,endpoint_exhausted,
account_guangzhou,9340,verified_local_broadband_guangzhou,guangzhou,0,,reply,6a257519000000000803cd69,0,0,2026-08-24T13:24:31,6a283986000000002701f714,complete,endpoint_exhausted,
account_guangzhou,9340,verified_local_broadband_guangzhou,guangzhou,0,,reply,6a257519000000000803cd69,0,0,2026-08-24T13:24:31,6a283934000000002901ad88,complete,endpoint_exhausted,
account_guangzhou,9340,verified_local_broadband_guangzhou,guangzhou,0,,reply,6a257519000000000803cd69,0,0,2026-08-24T13:24:31,6a28357b0000000028031a43,complete,endpoint_exhausted,
account_guangzhou,9340,verified_local_broadband_guangzhou,guangzhou,0,,reply,6a257519000000000803cd69,0,0,2026-08-24T13:24:31,6a28344d0000000029027dcb,complete,endpoint_exhausted,
account_guangzhou,9340,verified_local_broadband_guangzhou,guangzhou,0,,reply,6a257519000000000803cd69,0,0,2026-08-24T13:24:31,6a28343f000000002b028c60,complete,endpoint_exhausted,
account_guangzhou,9340,verified_local_broadband_guangzhou,guangzhou,0,,reply,6a257519000000000803cd69,0,0,2026-08-24T13:24:31,6a283423000000002803e5ce,complete,endpoint_exhausted,
account_guangzhou,9340,verified_local_broadband_guangzhou,guangzhou,0,,reply,6a257519000000000803cd69,0,0,2026-08-24T13:24:46,6a282f610000000027028ac1,complete,endpoint_exhausted,
account_guangzhou,9340,verified_local_broadband_guangzhou,guangzhou,0,,reply,6a257519000000000803cd69,0,0,2026-08-24T13:24:46,6a282e9b000000002a024ae9,complete,endpoint_exhausted,
account_guangzhou,9340,verified_local_broadband_guangzhou,guangzhou,0,,reply,6a257519000000000803cd69,0,0,2026-08-24T13:24:46,6a282dd2000000002701e4db,complete,endpoint_exhausted,
account_guangzhou,9340,verified_local_broadband_guangzhou,guangzhou,0,,reply,6a257519000000000803cd69,0,0,2026-08-24T13:24:46,6a282b50000000002803fa27,complete,endpoint_exhausted,
account_guangzhou,9340,verified_local_broadband_guangzhou,guangzhou,0,,reply,6a257519000000000803cd69,0,0,2026-08-24T13:24:46,6a282aeb000000002a02e727,complete,endpoint_exhausted,
account_guangzhou,9340,verified_local_broadband_guangzhou,guangzhou,0,,reply,6a257519000000000803cd69,0,0,2026-08-24T13:24:46,6a282a8e00000000270206de,complete,endpoint_exhausted,
account_guangzhou,9340,verified_local_broadband_guangzhou,guangzhou,0,,reply,6a257519000000000803cd69,0,0,2026-08-24T13:24:46,6a282a7d000000002b02b874,complete,endpoint_exhausted,
account_guangzhou,9340,verified_local_broadband_guangzhou,guangzhou,0,,reply,6a257519000000000803cd69,0,0,2026-08-24T13:24:46,6a282821000000002701447d,complete,endpoint_exhausted,
account_guangzhou,9340,verified_local_broadband_guangzhou,guangzhou,0,,reply,6a257519000000000803cd69,0,0,2026-08-24T13:24:46,6a28263d000000002702dd07,complete,endpoint_exhausted,
account_guangzhou,9340,verified_local_broadband_guangzhou,guangzhou,0,,reply,6a257519000000000803cd69,0,0,2026-08-24T13:24:46,6a2824c1000000002b000041,complete,endpoint_exhausted,
account_guangzhou,9340,verified_local_broadband_guangzhou,guangzhou,0,,reply,6a257519000000000803cd69,0,0,2026-08-24T13:25:02,6a282234000000002702bbf2,complete,endpoint_exhausted,
account_guangzhou,9340,verified_local_broadband_guangzhou,guangzhou,0,,reply,6a257519000000000803cd69,0,0,2026-08-24T13:25:02,6a28222d000000002800b59f,complete,endpoint_exhausted,
account_guangzhou,9340,verified_local_broadband_guangzhou,guangzhou,0,,reply,6a257519000000000803cd69,0,0,2026-08-24T13:25:02,6a282206000000002800ab27,complete,endpoint_exhausted,
account_guangzhou,9340,verified_local_broadband_guangzhou,guangzhou,0,,reply,6a257519000000000803cd69,0,0,2026-08-24T13:25:02,6a281fd6000000002902f9c4,complete,endpoint_exhausted,
account_guangzhou,9340,verified_local_broadband_guangzhou,guangzhou,0,,reply,6a257519000000000803cd69,0,0,2026-08-24T13:25:02,6a281dad000000002800854f,complete,endpoint_exhausted,
account_guangzhou,9340,verified_local_broadband_guangzhou,guangzhou,0,,reply,6a257519000000000803cd69,0,0,2026-08-24T13:25:02,6a281c070000000028034363,complete,endpoint_exhausted,
account_guangzhou,9340,verified_local_broadband_guangzhou,guangzhou,2,,reply,6a257519000000000803cd69,2,1,2026-08-24T13:25:17,6a281a290000000027014dfd,complete,endpoint_exhausted,
account_guangzhou,9340,verified_local_broadband_guangzhou,guangzhou,0,,reply,6a257519000000000803cd69,0,0,2026-08-24T13:25:17,6a281a2700000000290129a3,complete,endpoint_exhausted,
account_guangzhou,9340,verified_local_broadband_guangzhou,guangzhou,0,,reply,6a257519000000000803cd69,0,0,2026-08-24T13:25:17,6a2818c20000000028035e97,complete,endpoint_exhausted,
account_guangzhou,9340,verified_local_broadband_guangzhou,guangzhou,0,,reply,6a257519000000000803cd69,0,0,2026-08-24T13:25:17,6a281559000000002a007d79,complete,endpoint_exhausted,
account_guangzhou,9340,verified_local_broadband_guangzhou,guangzhou,0,,reply,6a257519000000000803cd69,0,0,2026-08-24T13:25:32,6a2813ea0000000028033e68,complete,endpoint_exhausted,
account_guangzhou,9340,verified_local_broadband_guangzhou,guangzhou,0,,reply,6a257519000000000803cd69,0,0,2026-08-24T13:25:32,6a2811980000000021010ee2,complete,endpoint_exhausted,
account_guangzhou,9340,verified_local_broadband_guangzhou,guangzhou,0,,reply,6a257519000000000803cd69,0,0,2026-08-24T13:25:32,6a28110a000000002a03018b,complete,endpoint_exhausted,
account_guangzhou,9340,verified_local_broadband_guangzhou,guangzhou,0,,reply,6a257519000000000803cd69,0,0,2026-08-24T13:25:32,6a280dc5000000002a0240e5,complete,endpoint_exhausted,
account_guangzhou,9340,verified_local_broadband_guangzhou,guangzhou,0,,reply,6a257519000000000803cd69,0,0,2026-08-24T13:25:32,6a280b8d0000000029013b8a,complete,endpoint_exhausted,
account_guangzhou,9340,verified_local_broadband_guangzhou,guangzhou,0,,reply,6a257519000000000803cd69,0,0,2026-08-24T13:25:32,6a280b29000000002701d7bf,complete,endpoint_exhausted,
account_guangzhou,9340,verified_local_broadband_guangzhou,guangzhou,0,,reply,6a257519000000000803cd69,0,0,2026-08-24T13:25:32,6a2808d00000000029010575,complete,endpoint_exhausted,
account_guangzhou,9340,verified_local_broadband_guangzhou,guangzhou,0,,reply,6a257519000000000803cd69,0,0,2026-08-24T13:25:32,6a280853000000002901266a,complete,endpoint_exhausted,
account_guangzhou,9340,verified_local_broadband_guangzhou,guangzhou,0,,reply,6a257519000000000803cd69,0,0,2026-08-24T13:25:32,6a2806ff0000000028039eaf,complete,endpoint_exhausted,
account_guangzhou,9340,verified_local_broadband_guangzhou,guangzhou,0,,reply,6a257519000000000803cd69,0,0,2026-08-24T13:25:32,6a28064d000000002b00201a,complete,endpoint_exhausted,
account_guangzhou,9340,verified_local_broadband_guangzhou,guangzhou,0,,reply,6a257519000000000803cd69,0,0,2026-08-24T13:25:48,6a28061500000000280347b8,complete,endpoint_exhausted,
account_guangzhou,9340,verified_local_broadband_guangzhou,guangzhou,0,,reply,6a257519000000000803cd69,0,0,2026-08-24T13:25:48,6a280393000000002702d71f,complete,endpoint_exhausted,
account_guangzhou,9340,verified_local_broadband_guangzhou,guangzhou,0,,reply,6a257519000000000803cd69,0,0,2026-08-24T13:25:48,6a2803920000000029027e51,complete,endpoint_exhausted,
account_guangzhou,9340,verified_local_broadband_guangzhou,guangzhou,0,,reply,6a257519000000000803cd69,0,0,2026-08-24T13:25:48,6a280360000000002a00433d,complete,endpoint_exhausted,
account_guangzhou,9340,verified_local_broadband_guangzhou,guangzhou,0,,reply,6a257519000000000803cd69,0,0,2026-08-24T13:25:48,6a2802f1000000002902c65c,complete,endpoint_exhausted,
account_guangzhou,9340,verified_local_broadband_guangzhou,guangzhou,0,,reply,6a257519000000000803cd69,0,0,2026-08-24T13:25:48,6a2802b9000000002a02ded3,complete,endpoint_exhausted,
account_guangzhou,9340,verified_local_broadband_guangzhou,guangzhou,0,,reply,6a257519000000000803cd69,0,0,2026-08-24T13:25:48,6a28025d000000002b0255af,complete,endpoint_exhausted,
account_guangzhou,9340,verified_local_broadband_guangzhou,guangzhou,0,,reply,6a257519000000000803cd69,0,0,2026-08-24T13:25:48,6a2800d40000000028033e0e,complete,endpoint_exhausted,
account_guangzhou,9340,verified_local_broadband_guangzhou,guangzhou,0,,reply,6a257519000000000803cd69,0,0,2026-08-24T13:25:48,6a2800710000000027028be1,complete,endpoint_exhausted,
account_guangzhou,9340,verified_local_broadband_guangzhou,guangzhou,0,,reply,6a257519000000000803cd69,0,0,2026-08-24T13:25:48,6a27ff93000000002a0321b8,complete,endpoint_exhausted,
account_guangzhou,9340,verified_local_broadband_guangzhou,guangzhou,1,,reply,6a257519000000000803cd69,1,0,2026-08-24T13:26:03,6a27fec0000000002b002826,complete,endpoint_exhausted,
account_guangzhou,9340,verified_local_broadband_guangzhou,guangzhou,0,,reply,6a257519000000000803cd69,0,0,2026-08-24T13:26:03,6a27fe48000000002803b138,complete,endpoint_exhausted,
account_guangzhou,9340,verified_local_broadband_guangzhou,guangzhou,0,,reply,6a257519000000000803cd69,0,0,2026-08-24T13:26:03,6a27fd84000000002b002cce,complete,endpoint_exhausted,
account_guangzhou,9340,verified_local_broadband_guangzhou,guangzhou,0,,reply,6a257519000000000803cd69,0,0,2026-08-24T13:26:03,6a27fd19000000002702eb15,complete,endpoint_exhausted,
account_guangzhou,9340,verified_local_broadband_guangzhou,guangzhou,0,,reply,6a257519000000000803cd69,0,0,2026-08-24T13:26:03,6a27fc8e0000000029034398,complete,endpoint_exhausted,
account_guangzhou,9340,verified_local_broadband_guangzhou,guangzhou,0,,reply,6a257519000000000803cd69,0,0,2026-08-24T13:26:03,6a27fc26000000002a0072e0,complete,endpoint_exhausted,
account_guangzhou,9340,verified_local_broadband_guangzhou,guangzhou,0,,reply,6a257519000000000803cd69,0,0,2026-08-24T13:26:03,6a27fbe3000000002b001f14,complete,endpoint_exhausted,
account_guangzhou,9340,verified_local_broadband_guangzhou,guangzhou,0,,reply,6a257519000000000803cd69,0,0,2026-08-24T13:26:03,6a27fa2e000000002a031d9a,complete,endpoint_exhausted,
account_guangzhou,9340,verified_local_broadband_guangzhou,guangzhou,0,,reply,6a257519000000000803cd69,0,0,2026-08-24T13:26:03,6a27fa29000000002803c024,complete,endpoint_exhausted,
account_guangzhou,9340,verified_local_broadband_guangzhou,guangzhou,0,,reply,6a257519000000000803cd69,0,0,2026-08-24T13:26:03,6a27fa040000000027016449,complete,endpoint_exhausted,
account_guangzhou,9340,verified_local_broadband_guangzhou,guangzhou,1,,reply,6a257519000000000803cd69,1,0,2026-08-24T13:26:18,6a27f9200000000029025bb5,complete,endpoint_exhausted,
account_guangzhou,9340,verified_local_broadband_guangzhou,guangzhou,0,,reply,6a257519000000000803cd69,0,0,2026-08-24T13:26:18,6a27f887000000002701da17,complete,endpoint_exhausted,
account_guangzhou,9340,verified_local_broadband_guangzhou,guangzhou,0,,reply,6a257519000000000803cd69,0,0,2026-08-24T13:26:18,6a27f87f0000000029011bf4,complete,endpoint_exhausted,
account_guangzhou,9340,verified_local_broadband_guangzhou,guangzhou,0,,reply,6a257519000000000803cd69,0,0,2026-08-24T13:26:18,6a27f824000000002a030116,complete,endpoint_exhausted,
account_guangzhou,9340,verified_local_broadband_guangzhou,guangzhou,0,,reply,6a257519000000000803cd69,0,0,2026-08-24T13:26:18,6a27f7eb0000000028036ec6,complete,endpoint_exhausted,
account_guangzhou,9340,verified_local_broadband_guangzhou,guangzhou,0,,reply,6a257519000000000803cd69,0,0,2026-08-24T13:26:18,6a27f6e2000000002803fc95,complete,endpoint_exhausted,
account_guangzhou,9340,verified_local_broadband_guangzhou,guangzhou,0,,reply,6a257519000000000803cd69,0,0,2026-08-24T13:26:18,6a27f666000000002a02c6bd,complete,endpoint_exhausted,
account_guangzhou,9340,verified_local_broadband_guangzhou,guangzhou,0,,reply,6a257519000000000803cd69,0,0,2026-08-24T13:26:18,6a27f60c0000000029013d62,complete,endpoint_exhausted,
account_guangzhou,9340,verified_local_broadband_guangzhou,guangzhou,0,,reply,6a257519000000000803cd69,0,0,2026-08-24T13:26:18,6a27f6050000000028036779,complete,endpoint_exhausted,
account_guangzhou,9340,verified_local_broadband_guangzhou,guangzhou,0,,reply,6a257519000000000803cd69,0,0,2026-08-24T13:26:18,6a27f50a0000000028008bb4,complete,endpoint_exhausted,
account_guangzhou,9340,verified_local_broadband_guangzhou,guangzhou,0,,reply,6a257519000000000803cd69,0,0,2026-08-24T13:26:34,6a27f4c2000000002900e80d,complete,endpoint_exhausted,
account_guangzhou,9340,verified_local_broadband_guangzhou,guangzhou,0,,reply,6a257519000000000803cd69,0,0,2026-08-24T13:26:34,6a27f44e000000002a024526,complete,endpoint_exhausted,
account_guangzhou,9340,verified_local_broadband_guangzhou,guangzhou,0,,reply,6a257519000000000803cd69,0,0,2026-08-24T13:26:34,6a27f431000000002a02dcae,complete,endpoint_exhausted,
account_guangzhou,9340,verified_local_broadband_guangzhou,guangzhou,0,,reply,6a257519000000000803cd69,0,0,2026-08-24T13:26:34,6a27f419000000002803d44f,complete,endpoint_exhausted,
account_guangzhou,9340,verified_local_broadband_guangzhou,guangzhou,0,,reply,6a257519000000000803cd69,0,0,2026-08-24T13:26:34,6a27f408000000002803ba6e,complete,endpoint_exhausted,
account_guangzhou,9340,verified_local_broadband_guangzhou,guangzhou,0,,reply,6a257519000000000803cd69,0,0,2026-08-24T13:26:34,6a27f2770000000029026071,complete,endpoint_exhausted,
account_guangzhou,9340,verified_local_broadband_guangzhou,guangzhou,0,,reply,6a257519000000000803cd69,0,0,2026-08-24T13:26:34,6a27f222000000002803224f,complete,endpoint_exhausted,
account_guangzhou,9340,verified_local_broadband_guangzhou,guangzhou,0,,reply,6a257519000000000803cd69,0,0,2026-08-24T13:26:34,6a27f18c00000000280300bf,complete,endpoint_exhausted,
account_guangzhou,9340,verified_local_broadband_guangzhou,guangzhou,0,,reply,6a257519000000000803cd69,0,0,2026-08-24T13:26:34,6a27f1610000000027029082,complete,endpoint_exhausted,
account_guangzhou,9340,verified_local_broadband_guangzhou,guangzhou,0,,reply,6a257519000000000803cd69,0,0,2026-08-24T13:26:34,6a27f0e5000000002902c1f6,complete,endpoint_exhausted,
account_guangzhou,9340,verified_local_broadband_guangzhou,guangzhou,5,,reply,6a257519000000000803cd69,5,1,2026-08-24T13:27:04,6a27f0900000000028034ca5,complete,endpoint_exhausted,
account_guangzhou,9340,verified_local_broadband_guangzhou,guangzhou,2,,reply,6a257519000000000803cd69,2,1,2026-08-24T13:27:20,6a27f003000000002b0030cb,complete,endpoint_exhausted,
account_guangzhou,9340,verified_local_broadband_guangzhou,guangzhou,0,,reply,6a257519000000000803cd69,0,0,2026-08-24T13:27:20,6a27f003000000002a0240a5,complete,endpoint_exhausted,
account_guangzhou,9340,verified_local_broadband_guangzhou,guangzhou,0,,reply,6a257519000000000803cd69,0,0,2026-08-24T13:27:20,6a27ef1b000000002a032164,complete,endpoint_exhausted,
account_guangzhou,9340,verified_local_broadband_guangzhou,guangzhou,0,,reply,6a257519000000000803cd69,0,0,2026-08-24T13:27:20,6a27eebc000000002702aa50,complete,endpoint_exhausted,
account_guangzhou,9340,verified_local_broadband_guangzhou,guangzhou,0,,reply,6a257519000000000803cd69,0,0,2026-08-24T13:27:20,6a27ee9f0000000029011e73,complete,endpoint_exhausted,
account_guangzhou,9340,verified_local_broadband_guangzhou,guangzhou,0,,reply,6a257519000000000803cd69,0,0,2026-08-24T13:27:20,6a27ee3b00000000290103d0,complete,endpoint_exhausted,
account_guangzhou,9340,verified_local_broadband_guangzhou,guangzhou,0,,reply,6a257519000000000803cd69,0,0,2026-08-24T13:27:20,6a27ee260000000028037154,complete,endpoint_exhausted,
account_guangzhou,9340,verified_local_broadband_guangzhou,guangzhou,0,,reply,6a257519000000000803cd69,0,0,2026-08-24T13:27:20,6a27edeb0000000029034d14,complete,endpoint_exhausted,
account_guangzhou,9340,verified_local_broadband_guangzhou,guangzhou,0,,reply,6a257519000000000803cd69,0,0,2026-08-24T13:27:20,6a27ec22000000002b0039db,complete,endpoint_exhausted,
account_guangzhou,9340,verified_local_broadband_guangzhou,guangzhou,0,,reply,6a257519000000000803cd69,0,0,2026-08-24T13:27:35,6a27eb5c0000000028030bce,complete,endpoint_exhausted,
account_guangzhou,9340,verified_local_broadband_guangzhou,guangzhou,0,,reply,6a257519000000000803cd69,0,0,2026-08-24T13:27:35,6a27ead5000000002900efe9,complete,endpoint_exhausted,
account_guangzhou,9340,verified_local_broadband_guangzhou,guangzhou,1,,reply,6a257519000000000803cd69,1,0,2026-08-24T13:27:35,6a27ea72000000002b02ab86,complete,endpoint_exhausted,
account_guangzhou,9340,verified_local_broadband_guangzhou,guangzhou,0,,reply,6a257519000000000803cd69,0,0,2026-08-24T13:27:35,6a27e9e0000000002a005e19,complete,endpoint_exhausted,
account_guangzhou,9340,verified_local_broadband_guangzhou,guangzhou,0,,reply,6a257519000000000803cd69,0,0,2026-08-24T13:27:35,6a27e9a6000000002900e470,complete,endpoint_exhausted,
account_guangzhou,9340,verified_local_broadband_guangzhou,guangzhou,0,,reply,6a257519000000000803cd69,0,0,2026-08-24T13:27:35,6a27e95e000000002a031cca,complete,endpoint_exhausted,
account_guangzhou,9340,verified_local_broadband_guangzhou,guangzhou,0,,reply,6a257519000000000803cd69,0,0,2026-08-24T13:27:35,6a27e88f000000002b001ab2,complete,endpoint_exhausted,
account_guangzhou,9340,verified_local_broadband_guangzhou,guangzhou,2,,reply,6a257519000000000803cd69,2,1,2026-08-24T13:27:50,6a27e8060000000028008539,complete,endpoint_exhausted,
account_guangzhou,9340,verified_local_broadband_guangzhou,guangzhou,0,,reply,6a257519000000000803cd69,0,0,2026-08-24T13:27:50,6a27e7f300000000230005f4,complete,endpoint_exhausted,
account_guangzhou,9340,verified_local_broadband_guangzhou,guangzhou,0,,reply,6a257519000000000803cd69,0,0,2026-08-24T13:27:50,6a27e6f00000000029010951,complete,endpoint_exhausted,
account_guangzhou,9340,verified_local_broadband_guangzhou,guangzhou,0,,reply,6a257519000000000803cd69,0,0,2026-08-24T13:28:06,6a27e4ce0000000027029587,complete,endpoint_exhausted,
account_guangzhou,9340,verified_local_broadband_guangzhou,guangzhou,2,,reply,6a257519000000000803cd69,2,1,2026-08-24T13:28:21,6a27e3dd0000000029025197,complete,endpoint_exhausted,
account_guangzhou,9340,verified_local_broadband_guangzhou,guangzhou,0,,reply,6a257519000000000803cd69,0,0,2026-08-24T13:28:21,6a27e3d8000000002a004be3,complete,endpoint_exhausted,
account_guangzhou,9340,verified_local_broadband_guangzhou,guangzhou,0,,reply,6a257519000000000803cd69,0,0,2026-08-24T13:28:21,6a27e2000000000027017dcb,complete,endpoint_exhausted,
account_guangzhou,9340,verified_local_broadband_guangzhou,guangzhou,0,,reply,6a257519000000000803cd69,0,0,2026-08-24T13:28:21,6a27e1e40000000027020e57,complete,endpoint_exhausted,
account_guangzhou,9340,verified_local_broadband_guangzhou,guangzhou,8,,reply,6a257519000000000803cd69,8,2,2026-08-24T13:28:52,6a27e0e6000000002701d0f5,complete,endpoint_exhausted,
account_guangzhou,9340,verified_local_broadband_guangzhou,guangzhou,0,,reply,6a257519000000000803cd69,0,0,2026-08-24T13:28:52,6a27e07100000000270153e8,complete,endpoint_exhausted,
account_guangzhou,9340,verified_local_broadband_guangzhou,guangzhou,0,,reply,6a257519000000000803cd69,0,0,2026-08-24T13:28:52,6a27df10000000002b003165,complete,endpoint_exhausted,
account_guangzhou,9340,verified_local_broadband_guangzhou,guangzhou,0,,reply,6a257519000000000803cd69,0,0,2026-08-24T13:28:52,6a27def9000000002803b76c,complete,endpoint_exhausted,
account_guangzhou,9340,verified_local_broadband_guangzhou,guangzhou,0,,reply,6a257519000000000803cd69,0,0,2026-08-24T13:28:52,6a27de96000000002701cb54,complete,endpoint_exhausted,
account_guangzhou,9340,verified_local_broadband_guangzhou,guangzhou,0,,reply,6a257519000000000803cd69,0,0,2026-08-24T13:29:07,6a27dded0000000029034a22,complete,endpoint_exhausted,
account_guangzhou,9340,verified_local_broadband_guangzhou,guangzhou,0,,reply,6a257519000000000803cd69,0,0,2026-08-24T13:29:07,6a27ddba000000002a006ce6,complete,endpoint_exhausted,
account_guangzhou,9340,verified_local_broadband_guangzhou,guangzhou,0,,reply,6a257519000000000803cd69,0,0,2026-08-24T13:29:07,6a27dd670000000028008824,complete,endpoint_exhausted,
account_guangzhou,9340,verified_local_broadband_guangzhou,guangzhou,0,,reply,6a257519000000000803cd69,0,0,2026-08-24T13:29:07,6a27dd660000000028039519,complete,endpoint_exhausted,
account_guangzhou,9340,verified_local_broadband_guangzhou,guangzhou,1,,reply,6a257519000000000803cd69,1,0,2026-08-24T13:29:07,6a27dd5500000000290195bb,complete,endpoint_exhausted,
account_guangzhou,9340,verified_local_broadband_guangzhou,guangzhou,0,,reply,6a257519000000000803cd69,0,0,2026-08-24T13:29:07,6a27dd01000000002803dc0e,complete,endpoint_exhausted,
account_guangzhou,9340,verified_local_broadband_guangzhou,guangzhou,0,,reply,6a257519000000000803cd69,0,0,2026-08-24T13:29:07,6a27dc33000000002902768d,complete,endpoint_exhausted,
account_guangzhou,9340,verified_local_broadband_guangzhou,guangzhou,0,,reply,6a257519000000000803cd69,0,0,2026-08-24T13:29:07,6a27dbc2000000002901945d,complete,endpoint_exhausted,
account_guangzhou,9340,verified_local_broadband_guangzhou,guangzhou,0,,reply,6a257519000000000803cd69,0,0,2026-08-24T13:29:07,6a27d9a9000000002702208f,complete,endpoint_exhausted,
account_guangzhou,9340,verified_local_broadband_guangzhou,guangzhou,0,,reply,6a257519000000000803cd69,0,0,2026-08-24T13:29:07,6a27d976000000002803a664,complete,endpoint_exhausted,
account_guangzhou,9340,verified_local_broadband_guangzhou,guangzhou,0,,reply,6a257519000000000803cd69,0,0,2026-08-24T13:29:23,6a27d7b8000000002902fc14,complete,endpoint_exhausted,
account_guangzhou,9340,verified_local_broadband_guangzhou,guangzhou,0,,reply,6a257519000000000803cd69,0,0,2026-08-24T13:29:23,6a27d7720000000028031267,complete,endpoint_exhausted,
account_guangzhou,9340,verified_local_broadband_guangzhou,guangzhou,0,,reply,6a257519000000000803cd69,0,0,2026-08-24T13:29:23,6a27d64f00000000280365d6,complete,endpoint_exhausted,
account_guangzhou,9340,verified_local_broadband_guangzhou,guangzhou,0,,reply,6a257519000000000803cd69,0,0,2026-08-24T13:29:23,6a27d390000000002902c103,complete,endpoint_exhausted,
account_guangzhou,9340,verified_local_broadband_guangzhou,guangzhou,0,,reply,6a257519000000000803cd69,0,0,2026-08-24T13:29:23,6a27d2e6000000002902e34e,complete,endpoint_exhausted,
account_guangzhou,9340,verified_local_broadband_guangzhou,guangzhou,0,,reply,6a257519000000000803cd69,0,0,2026-08-24T13:29:23,6a27d2b7000000002a00404e,complete,endpoint_exhausted,
account_guangzhou,9340,verified_local_broadband_guangzhou,guangzhou,1,,reply,6a257519000000000803cd69,1,0,2026-08-24T13:29:23,6a27cfee00000000290367be,complete,endpoint_exhausted,
account_guangzhou,9340,verified_local_broadband_guangzhou,guangzhou,3,,reply,6a257519000000000803cd69,3,1,2026-08-24T13:29:38,6a27cfdc0000000029026563,complete,endpoint_exhausted,
account_guangzhou,9340,verified_local_broadband_guangzhou,guangzhou,0,,reply,6a257519000000000803cd69,0,0,2026-08-24T13:29:38,6a27cf67000000002a02f89c,complete,endpoint_exhausted,
account_guangzhou,9340,verified_local_broadband_guangzhou,guangzhou,0,,reply,6a257519000000000803cd69,0,0,2026-08-24T13:29:38,6a27cf38000000002b003631,complete,endpoint_exhausted,
account_guangzhou,9340,verified_local_broadband_guangzhou,guangzhou,0,,reply,6a257519000000000803cd69,0,0,2026-08-24T13:29:54,6a27cec10000000023000027,complete,endpoint_exhausted,
account_guangzhou,9340,verified_local_broadband_guangzhou,guangzhou,7,,reply,6a257519000000000803cd69,7,2,2026-08-24T13:30:24,6a27cd490000000027021f88,complete,endpoint_exhausted,
account_guangzhou,9340,verified_local_broadband_guangzhou,guangzhou,0,,reply,6a257519000000000803cd69,0,0,2026-08-24T13:30:24,6a27cc93000000002702c6ec,complete,endpoint_exhausted,
account_guangzhou,9340,verified_local_broadband_guangzhou,guangzhou,0,,reply,6a257519000000000803cd69,0,0,2026-08-24T13:30:24,6a27cbb4000000002b02819a,complete,endpoint_exhausted,
account_guangzhou,9340,verified_local_broadband_guangzhou,guangzhou,1,,reply,6a257519000000000803cd69,1,0,2026-08-24T13:30:24,6a27cb35000000002702ab8b,complete,endpoint_exhausted,
account_guangzhou,9340,verified_local_broadband_guangzhou,guangzhou,0,,reply,6a257519000000000803cd69,0,0,2026-08-24T13:30:24,6a27cb1e0000000028039ddb,complete,endpoint_exhausted,
account_guangzhou,9340,verified_local_broadband_guangzhou,guangzhou,0,,reply,6a257519000000000803cd69,0,0,2026-08-24T13:30:24,6a27cb16000000002803dcf7,complete,endpoint_exhausted,
account_guangzhou,9340,verified_local_broadband_guangzhou,guangzhou,0,,reply,6a257519000000000803cd69,0,0,2026-08-24T13:30:24,6a27cafe00000000270222a4,complete,endpoint_exhausted,
account_guangzhou,9340,verified_local_broadband_guangzhou,guangzhou,0,,reply,6a257519000000000803cd69,0,0,2026-08-24T13:30:24,6a27ca18000000002701f192,complete,endpoint_exhausted,
account_guangzhou,9340,verified_local_broadband_guangzhou,guangzhou,0,,reply,6a257519000000000803cd69,0,0,2026-08-24T13:30:24,6a27c94d000000002903605c,complete,endpoint_exhausted,
account_guangzhou,9340,verified_local_broadband_guangzhou,guangzhou,0,,reply,6a257519000000000803cd69,0,0,2026-08-24T13:30:40,6a27c9050000000027014169,complete,endpoint_exhausted,
account_guangzhou,9340,verified_local_broadband_guangzhou,guangzhou,0,,reply,6a257519000000000803cd69,0,0,2026-08-24T13:30:40,6a27c8f6000000002a02e65e,complete,endpoint_exhausted,
account_guangzhou,9340,verified_local_broadband_guangzhou,guangzhou,0,,reply,6a257519000000000803cd69,0,0,2026-08-24T13:30:40,6a27c8ee000000002902c891,complete,endpoint_exhausted,
account_guangzhou,9340,verified_local_broadband_guangzhou,guangzhou,0,,reply,6a257519000000000803cd69,0,0,2026-08-24T13:30:40,6a27c8570000000029018f55,complete,endpoint_exhausted,
account_guangzhou,9340,verified_local_broadband_guangzhou,guangzhou,0,,reply,6a257519000000000803cd69,0,0,2026-08-24T13:30:40,6a27c80e000000002b029fbc,complete,endpoint_exhausted,
account_guangzhou,9340,verified_local_broadband_guangzhou,guangzhou,0,,reply,6a257519000000000803cd69,0,0,2026-08-24T13:30:40,6a27c7ea0000000027017eb3,complete,endpoint_exhausted,
account_guangzhou,9340,verified_local_broadband_guangzhou,guangzhou,0,,reply,6a257519000000000803cd69,0,0,2026-08-24T13:30:40,6a27c7e5000000002701feed,complete,endpoint_exhausted,
account_guangzhou,9340,verified_local_broadband_guangzhou,guangzhou,0,,reply,6a257519000000000803cd69,0,0,2026-08-24T13:30:40,6a27c7450000000029024991,complete,endpoint_exhausted,
account_guangzhou,9340,verified_local_broadband_guangzhou,guangzhou,0,,reply,6a257519000000000803cd69,0,0,2026-08-24T13:30:40,6a27c5fb000000002b024a51,complete,endpoint_exhausted,
account_guangzhou,9340,verified_local_broadband_guangzhou,guangzhou,0,,reply,6a257519000000000803cd69,0,0,2026-08-24T13:30:40,6a27c48f0000000027014976,complete,endpoint_exhausted,
account_guangzhou,9340,verified_local_broadband_guangzhou,guangzhou,0,,reply,6a257519000000000803cd69,0,0,2026-08-24T13:30:55,6a27c3bf00000000280348c1,complete,endpoint_exhausted,
account_guangzhou,9340,verified_local_broadband_guangzhou,guangzhou,0,,reply,6a257519000000000803cd69,0,0,2026-08-24T13:30:55,6a27c24a0000000029034dd3,complete,endpoint_exhausted,
account_guangzhou,9340,verified_local_broadband_guangzhou,guangzhou,0,,reply,6a257519000000000803cd69,0,0,2026-08-24T13:30:55,6a27c225000000002b02717c,complete,endpoint_exhausted,
account_guangzhou,9340,verified_local_broadband_guangzhou,guangzhou,0,,reply,6a257519000000000803cd69,0,0,2026-08-24T13:30:55,6a27c1d5000000002900cfa7,complete,endpoint_exhausted,
account_guangzhou,9340,verified_local_broadband_guangzhou,guangzhou,1,,reply,6a257519000000000803cd69,1,0,2026-08-24T13:30:55,6a27c1c200000000290132c2,complete,endpoint_exhausted,
account_guangzhou,9340,verified_local_broadband_guangzhou,guangzhou,0,,reply,6a257519000000000803cd69,0,0,2026-08-24T13:30:55,6a27c0b4000000002800b0ec,complete,endpoint_exhausted,
account_guangzhou,9340,verified_local_broadband_guangzhou,guangzhou,0,,reply,6a257519000000000803cd69,0,0,2026-08-24T13:30:55,6a27c038000000002803cd10,complete,endpoint_exhausted,
account_guangzhou,9340,verified_local_broadband_guangzhou,guangzhou,0,,reply,6a257519000000000803cd69,0,0,2026-08-24T13:30:55,6a27bec6000000002803c007,complete,endpoint_exhausted,
account_guangzhou,9340,verified_local_broadband_guangzhou,guangzhou,0,,reply,6a257519000000000803cd69,0,0,2026-08-24T13:30:55,6a27bd83000000002702c9e6,complete,endpoint_exhausted,
account_guangzhou,9340,verified_local_broadband_guangzhou,guangzhou,0,,reply,6a257519000000000803cd69,0,0,2026-08-24T13:30:55,6a27bd65000000002a024924,complete,endpoint_exhausted,
account_guangzhou,9340,verified_local_broadband_guangzhou,guangzhou,0,,reply,6a257519000000000803cd69,0,0,2026-08-24T13:31:10,6a27bcc6000000002b0256d6,complete,endpoint_exhausted,
account_guangzhou,9340,verified_local_broadband_guangzhou,guangzhou,0,,reply,6a257519000000000803cd69,0,0,2026-08-24T13:31:10,6a27bc820000000027021a8b,complete,endpoint_exhausted,
account_guangzhou,9340,verified_local_broadband_guangzhou,guangzhou,0,,reply,6a257519000000000803cd69,0,0,2026-08-24T13:31:10,6a27bb34000000002a02db7a,complete,endpoint_exhausted,
account_guangzhou,9340,verified_local_broadband_guangzhou,guangzhou,0,,reply,6a257519000000000803cd69,0,0,2026-08-24T13:31:10,6a27b80c000000002a027240,complete,endpoint_exhausted,
account_guangzhou,9340,verified_local_broadband_guangzhou,guangzhou,0,,reply,6a257519000000000803cd69,0,0,2026-08-24T13:31:10,6a27b739000000002a033e81,complete,endpoint_exhausted,
account_guangzhou,9340,verified_local_broadband_guangzhou,guangzhou,0,,reply,6a257519000000000803cd69,0,0,2026-08-24T13:31:10,6a27b7380000000028035f38,complete,endpoint_exhausted,
account_guangzhou,9340,verified_local_broadband_guangzhou,guangzhou,0,,reply,6a257519000000000803cd69,0,0,2026-08-24T13:31:10,6a27b694000000002b002770,complete,endpoint_exhausted,
account_guangzhou,9340,verified_local_broadband_guangzhou,guangzhou,0,,reply,6a257519000000000803cd69,0,0,2026-08-24T13:31:10,6a27b65e000000002900fe50,complete,endpoint_exhausted,
account_guangzhou,9340,verified_local_broadband_guangzhou,guangzhou,0,,reply,6a257519000000000803cd69,0,0,2026-08-24T13:31:10,6a27b51b000000002702b8fc,complete,endpoint_exhausted,
account_guangzhou,9340,verified_local_broadband_guangzhou,guangzhou,0,,reply,6a257519000000000803cd69,0,0,2026-08-24T13:31:10,6a27b27900000000280312d5,complete,endpoint_exhausted,
account_guangzhou,9340,verified_local_broadband_guangzhou,guangzhou,0,,reply,6a257519000000000803cd69,0,0,2026-08-24T13:31:26,6a27b17b000000002b0298a2,complete,endpoint_exhausted,
account_guangzhou,9340,verified_local_broadband_guangzhou,guangzhou,0,,reply,6a257519000000000803cd69,0,0,2026-08-24T13:31:26,6a27aec10000000029019592,complete,endpoint_exhausted,
account_guangzhou,9340,verified_local_broadband_guangzhou,guangzhou,0,,reply,6a257519000000000803cd69,0,0,2026-08-24T13:31:26,6a27aeb7000000002b027db3,complete,endpoint_exhausted,
account_guangzhou,9340,verified_local_broadband_guangzhou,guangzhou,0,,reply,6a257519000000000803cd69,0,0,2026-08-24T13:31:26,6a27ae95000000002900e8c9,complete,endpoint_exhausted,
account_guangzhou,9340,verified_local_broadband_guangzhou,guangzhou,0,,reply,6a257519000000000803cd69,0,0,2026-08-24T13:31:26,6a27ae51000000002900dc89,complete,endpoint_exhausted,
account_guangzhou,9340,verified_local_broadband_guangzhou,guangzhou,0,,reply,6a257519000000000803cd69,0,0,2026-08-24T13:31:26,6a27aaa1000000002701e27a,complete,endpoint_exhausted,
account_guangzhou,9340,verified_local_broadband_guangzhou,guangzhou,0,,reply,6a257519000000000803cd69,0,0,2026-08-24T13:31:26,6a27aa73000000002800b899,complete,endpoint_exhausted,
account_guangzhou,9340,verified_local_broadband_guangzhou,guangzhou,0,,reply,6a257519000000000803cd69,0,0,2026-08-24T13:31:26,6a27aa1a000000002a02e526,complete,endpoint_exhausted,
account_guangzhou,9340,verified_local_broadband_guangzhou,guangzhou,0,,reply,6a257519000000000803cd69,0,0,2026-08-24T13:31:26,6a27a57d000000002702920d,complete,endpoint_exhausted,
account_guangzhou,9340,verified_local_broadband_guangzhou,guangzhou,0,,reply,6a257519000000000803cd69,0,0,2026-08-24T13:31:26,6a27a41a0000000029024508,complete,endpoint_exhausted,
account_guangzhou,9340,verified_local_broadband_guangzhou,guangzhou,0,,reply,6a257519000000000803cd69,0,0,2026-08-24T13:31:41,6a27a16e000000002a0064f8,complete,endpoint_exhausted,
account_guangzhou,9340,verified_local_broadband_guangzhou,guangzhou,0,,reply,6a257519000000000803cd69,0,0,2026-08-24T13:31:41,6a279d460000000029027ec8,complete,endpoint_exhausted,
account_guangzhou,9340,verified_local_broadband_guangzhou,guangzhou,0,,reply,6a257519000000000803cd69,0,0,2026-08-24T13:31:41,6a279b88000000002a0322b1,complete,endpoint_exhausted,
account_guangzhou,9340,verified_local_broadband_guangzhou,guangzhou,0,,reply,6a257519000000000803cd69,0,0,2026-08-24T13:31:41,6a27998f000000002803c295,complete,endpoint_exhausted,
account_guangzhou,9340,verified_local_broadband_guangzhou,guangzhou,0,,reply,6a257519000000000803cd69,0,0,2026-08-24T13:31:41,6a279954000000002a0305ca,complete,endpoint_exhausted,
account_guangzhou,9340,verified_local_broadband_guangzhou,guangzhou,0,,reply,6a257519000000000803cd69,0,0,2026-08-24T13:31:41,6a27990e00000000270222b7,complete,endpoint_exhausted,
account_guangzhou,9340,verified_local_broadband_guangzhou,guangzhou,0,,reply,6a257519000000000803cd69,0,0,2026-08-24T13:31:41,6a2798a3000000002b002987,complete,endpoint_exhausted,
account_guangzhou,9340,verified_local_broadband_guangzhou,guangzhou,0,,reply,6a257519000000000803cd69,0,0,2026-08-24T13:31:41,6a279832000000002b024a01,complete,endpoint_exhausted,
account_guangzhou,9340,verified_local_broadband_guangzhou,guangzhou,0,,reply,6a257519000000000803cd69,0,0,2026-08-24T13:31:41,6a2797e9000000002702ab9d,complete,endpoint_exhausted,
account_guangzhou,9340,verified_local_broadband_guangzhou,guangzhou,0,,reply,6a257519000000000803cd69,0,0,2026-08-24T13:31:41,6a27966b000000002902fe65,complete,endpoint_exhausted,
account_guangzhou,9340,verified_local_broadband_guangzhou,guangzhou,0,,reply,6a257519000000000803cd69,0,0,2026-08-24T13:31:57,6a2796680000000029025fc9,complete,endpoint_exhausted,
account_guangzhou,9340,verified_local_broadband_guangzhou,guangzhou,0,,reply,6a257519000000000803cd69,0,0,2026-08-24T13:31:57,6a279588000000002803dc40,complete,endpoint_exhausted,
account_guangzhou,9340,verified_local_broadband_guangzhou,guangzhou,14,,reply,6a257519000000000803cd69,14,3,2026-08-24T13:32:43,6a2795640000000027014cc4,complete,endpoint_exhausted,
account_guangzhou,9340,verified_local_broadband_guangzhou,guangzhou,0,,reply,6a257519000000000803cd69,0,0,2026-08-24T13:32:43,6a278e9f000000002702bbba,complete,endpoint_exhausted,
account_guangzhou,9340,verified_local_broadband_guangzhou,guangzhou,0,,reply,6a257519000000000803cd69,0,0,2026-08-24T13:32:43,6a278aa900000000280351b7,complete,endpoint_exhausted,
account_guangzhou,9340,verified_local_broadband_guangzhou,guangzhou,0,,reply,6a257519000000000803cd69,0,0,2026-08-24T13:32:43,6a278aa8000000002b0297f3,complete,endpoint_exhausted,
account_guangzhou,9340,verified_local_broadband_guangzhou,guangzhou,3,,reply,6a257519000000000803cd69,3,1,2026-08-24T13:32:58,6a27897e000000002b024452,complete,endpoint_exhausted,
account_guangzhou,9340,verified_local_broadband_guangzhou,guangzhou,0,,reply,6a257519000000000803cd69,0,0,2026-08-24T13:32:58,6a278761000000002a030c7c,complete,endpoint_exhausted,
account_guangzhou,9340,verified_local_broadband_guangzhou,guangzhou,0,,reply,6a257519000000000803cd69,0,0,2026-08-24T13:32:58,6a278733000000002702c29e,complete,endpoint_exhausted,
account_guangzhou,9340,verified_local_broadband_guangzhou,guangzhou,13,,reply,6a257519000000000803cd69,13,3,2026-08-24T13:33:44,6a2783e6000000002a0300dc,complete,endpoint_exhausted,
account_guangzhou,9340,verified_local_broadband_guangzhou,guangzhou,0,,reply,6a257519000000000803cd69,0,0,2026-08-24T13:33:59,6a2781c5000000002901389f,complete,endpoint_exhausted,
account_guangzhou,9340,verified_local_broadband_guangzhou,guangzhou,2,,reply,6a257519000000000803cd69,2,1,2026-08-24T13:34:14,6a278069000000002902e6ab,complete,endpoint_exhausted,
account_guangzhou,9340,verified_local_broadband_guangzhou,guangzhou,4,,reply,6a257519000000000803cd69,4,1,2026-08-24T13:34:30,6a278029000000002803a8b9,complete,endpoint_exhausted,
account_guangzhou,9340,verified_local_broadband_guangzhou,guangzhou,0,,reply,6a257519000000000803cd69,0,0,2026-08-24T13:34:30,6a277f8a000000002701ef83,complete,endpoint_exhausted,
account_guangzhou,9340,verified_local_broadband_guangzhou,guangzhou,0,,reply,6a257519000000000803cd69,0,0,2026-08-24T13:34:30,6a277e85000000002702a4ca,complete,endpoint_exhausted,
account_guangzhou,9340,verified_local_broadband_guangzhou,guangzhou,0,,reply,6a257519000000000803cd69,0,0,2026-08-24T13:34:30,6a277d3c00000000210102c7,complete,endpoint_exhausted,
account_guangzhou,9340,verified_local_broadband_guangzhou,guangzhou,5,,reply,6a257519000000000803cd69,5,1,2026-08-24T13:34:45,6a277af7000000002902d43e,complete,endpoint_exhausted,
account_guangzhou,9340,verified_local_broadband_guangzhou,guangzhou,0,,reply,6a257519000000000803cd69,0,0,2026-08-24T13:34:45,6a277a3f000000002702e87d,complete,endpoint_exhausted,
account_guangzhou,9340,verified_local_broadband_guangzhou,guangzhou,0,,reply,6a257519000000000803cd69,0,0,2026-08-24T13:34:45,6a277a170000000027017956,complete,endpoint_exhausted,
account_guangzhou,9340,verified_local_broadband_guangzhou,guangzhou,0,,reply,6a257519000000000803cd69,0,0,2026-08-24T13:34:45,6a2778cf000000002800a830,complete,endpoint_exhausted,
account_guangzhou,9340,verified_local_broadband_guangzhou,guangzhou,0,,reply,6a257519000000000803cd69,0,0,2026-08-24T13:35:00,6a2777b2000000002803945f,complete,endpoint_exhausted,
account_guangzhou,9340,verified_local_broadband_guangzhou,guangzhou,0,,reply,6a257519000000000803cd69,0,0,2026-08-24T13:35:00,6a2776df0000000029037b90,complete,endpoint_exhausted,
account_guangzhou,9340,verified_local_broadband_guangzhou,guangzhou,0,,reply,6a257519000000000803cd69,0,0,2026-08-24T13:35:00,6a2776a9000000002702fac0,complete,endpoint_exhausted,
account_guangzhou,9340,verified_local_broadband_guangzhou,guangzhou,0,,reply,6a257519000000000803cd69,0,0,2026-08-24T13:35:00,6a27756f000000002900e466,complete,endpoint_exhausted,
account_guangzhou,9340,verified_local_broadband_guangzhou,guangzhou,0,,reply,6a257519000000000803cd69,0,0,2026-08-24T13:35:00,6a2774f3000000002702e9ff,complete,endpoint_exhausted,
account_guangzhou,9340,verified_local_broadband_guangzhou,guangzhou,0,,reply,6a257519000000000803cd69,0,0,2026-08-24T13:35:00,6a2774d4000000002a0078e6,complete,endpoint_exhausted,
account_guangzhou,9340,verified_local_broadband_guangzhou,guangzhou,4,,reply,6a257519000000000803cd69,4,1,2026-08-24T13:35:16,6a2774c70000000029012d2b,complete,endpoint_exhausted,
account_guangzhou,9340,verified_local_broadband_guangzhou,guangzhou,0,,reply,6a257519000000000803cd69,0,0,2026-08-24T13:35:16,6a277369000000002a004304,complete,endpoint_exhausted,
account_guangzhou,9340,verified_local_broadband_guangzhou,guangzhou,0,,reply,6a257519000000000803cd69,0,0,2026-08-24T13:35:16,6a277168000000002a02c801,complete,endpoint_exhausted,
account_guangzhou,9340,verified_local_broadband_guangzhou,guangzhou,0,,reply,6a257519000000000803cd69,0,0,2026-08-24T13:35:16,6a2770da000000002b0011ed,complete,endpoint_exhausted,
account_guangzhou,9340,verified_local_broadband_guangzhou,guangzhou,2,,reply,6a257519000000000803cd69,2,1,2026-08-24T13:35:46,6a27709d000000002800b434,complete,endpoint_exhausted,
account_guangzhou,9340,verified_local_broadband_guangzhou,guangzhou,0,,reply,6a257519000000000803cd69,0,0,2026-08-24T13:35:46,6a277096000000002b02a8aa,complete,endpoint_exhausted,
account_guangzhou,9340,verified_local_broadband_guangzhou,guangzhou,0,,reply,6a257519000000000803cd69,0,0,2026-08-24T13:35:46,6a276fca0000000028009199,complete,endpoint_exhausted,
account_guangzhou,9340,verified_local_broadband_guangzhou,guangzhou,0,,reply,6a257519000000000803cd69,0,0,2026-08-24T13:35:46,6a276fb6000000002900db38,complete,endpoint_exhausted,
account_guangzhou,9340,verified_local_broadband_guangzhou,guangzhou,0,,reply,6a257519000000000803cd69,0,0,2026-08-24T13:35:46,6a276f7b000000002900d037,complete,endpoint_exhausted,
account_guangzhou,9340,verified_local_broadband_guangzhou,guangzhou,0,,reply,6a257519000000000803cd69,0,0,2026-08-24T13:35:46,6a276f1e0000000028032953,complete,endpoint_exhausted,
account_guangzhou,9340,verified_local_broadband_guangzhou,guangzhou,0,,reply,6a257519000000000803cd69,0,0,2026-08-24T13:35:46,6a276f10000000002b0271f0,complete,endpoint_exhausted,
account_guangzhou,9340,verified_local_broadband_guangzhou,guangzhou,0,,reply,6a257519000000000803cd69,0,0,2026-08-24T13:35:46,6a276e98000000002a030a8a,complete,endpoint_exhausted,
account_guangzhou,9340,verified_local_broadband_guangzhou,guangzhou,1,,reply,6a257519000000000803cd69,1,0,2026-08-24T13:35:46,6a276e91000000002a02e8d0,complete,endpoint_exhausted,
account_guangzhou,9340,verified_local_broadband_guangzhou,guangzhou,0,,reply,6a257519000000000803cd69,0,0,2026-08-24T13:35:46,6a276dca0000000027029417,complete,endpoint_exhausted,
account_guangzhou,9340,verified_local_broadband_guangzhou,guangzhou,0,,reply,6a257519000000000803cd69,0,0,2026-08-24T13:36:02,6a276db5000000002902d518,complete,endpoint_exhausted,
account_guangzhou,9340,verified_local_broadband_guangzhou,guangzhou,0,,reply,6a257519000000000803cd69,0,0,2026-08-24T13:36:02,6a276cb40000000028030202,complete,endpoint_exhausted,
account_guangzhou,9340,verified_local_broadband_guangzhou,guangzhou,0,,reply,6a257519000000000803cd69,0,0,2026-08-24T13:36:02,6a276c7a000000002803df69,complete,endpoint_exhausted,
account_guangzhou,9340,verified_local_broadband_guangzhou,guangzhou,0,,reply,6a257519000000000803cd69,0,0,2026-08-24T13:36:02,6a276c6d0000000027021f5d,complete,endpoint_exhausted,
account_guangzhou,9340,verified_local_broadband_guangzhou,guangzhou,0,,reply,6a257519000000000803cd69,0,0,2026-08-24T13:36:02,6a276c5e00000000280335ca,complete,endpoint_exhausted,
account_guangzhou,9340,verified_local_broadband_guangzhou,guangzhou,0,,reply,6a257519000000000803cd69,0,0,2026-08-24T13:36:02,6a276c50000000000d021800,complete,endpoint_exhausted,
account_guangzhou,9340,verified_local_broadband_guangzhou,guangzhou,0,,reply,6a257519000000000803cd69,0,0,2026-08-24T13:36:02,6a276c450000000028038d11,complete,endpoint_exhausted,
account_guangzhou,9340,verified_local_broadband_guangzhou,guangzhou,0,,reply,6a257519000000000803cd69,0,0,2026-08-24T13:36:02,6a276c24000000002900c53f,complete,endpoint_exhausted,
account_guangzhou,9340,verified_local_broadband_guangzhou,guangzhou,0,,reply,6a257519000000000803cd69,0,0,2026-08-24T13:36:02,6a276bf6000000002902dd1b,complete,endpoint_exhausted,
account_guangzhou,9340,verified_local_broadband_guangzhou,guangzhou,0,,reply,6a257519000000000803cd69,0,0,2026-08-24T13:36:02,6a276bab000000002b002f17,complete,endpoint_exhausted,
account_guangzhou,9340,verified_local_broadband_guangzhou,guangzhou,0,,reply,6a257519000000000803cd69,0,0,2026-08-24T13:36:17,6a276aaf000000002a007277,complete,endpoint_exhausted,
account_guangzhou,9340,verified_local_broadband_guangzhou,guangzhou,0,,reply,6a257519000000000803cd69,0,0,2026-08-24T13:36:17,6a276a9a000000002803d082,complete,endpoint_exhausted,
account_guangzhou,9340,verified_local_broadband_guangzhou,guangzhou,0,,reply,6a257519000000000803cd69,0,0,2026-08-24T13:36:17,6a276a7e000000002701674b,complete,endpoint_exhausted,
account_guangzhou,9340,verified_local_broadband_guangzhou,guangzhou,0,,reply,6a257519000000000803cd69,0,0,2026-08-24T13:36:17,6a276a7d000000002a027bef,complete,endpoint_exhausted,
account_guangzhou,9340,verified_local_broadband_guangzhou,guangzhou,0,,reply,6a257519000000000803cd69,0,0,2026-08-24T13:36:17,6a276a2b000000002800a70c,complete,endpoint_exhausted,
account_guangzhou,9340,verified_local_broadband_guangzhou,guangzhou,0,,reply,6a257519000000000803cd69,0,0,2026-08-24T13:36:17,6a2769ee000000002a026b89,complete,endpoint_exhausted,
account_guangzhou,9340,verified_local_broadband_guangzhou,guangzhou,0,,reply,6a257519000000000803cd69,0,0,2026-08-24T13:36:17,6a2769e7000000002803a799,complete,endpoint_exhausted,
account_guangzhou,9340,verified_local_broadband_guangzhou,guangzhou,0,,reply,6a257519000000000803cd69,0,0,2026-08-24T13:36:17,6a2769c3000000002800961e,complete,endpoint_exhausted,
account_guangzhou,9340,verified_local_broadband_guangzhou,guangzhou,0,,reply,6a257519000000000803cd69,0,0,2026-08-24T13:36:17,6a27695d000000002a032d71,complete,endpoint_exhausted,
account_guangzhou,9340,verified_local_broadband_guangzhou,guangzhou,0,,reply,6a257519000000000803cd69,0,0,2026-08-24T13:36:17,6a276949000000002b0278f6,complete,endpoint_exhausted,
account_guangzhou,9340,verified_local_broadband_guangzhou,guangzhou,0,,reply,6a257519000000000803cd69,0,0,2026-08-24T13:36:33,6a276932000000002900cf9c,complete,endpoint_exhausted,
account_guangzhou,9340,verified_local_broadband_guangzhou,guangzhou,0,,reply,6a257519000000000803cd69,0,0,2026-08-24T13:36:33,6a2768fb000000002900c612,complete,endpoint_exhausted,
account_guangzhou,9340,verified_local_broadband_guangzhou,guangzhou,0,,reply,6a257519000000000803cd69,0,0,2026-08-24T13:36:33,6a2768f0000000002b026db4,complete,endpoint_exhausted,
account_guangzhou,9340,verified_local_broadband_guangzhou,guangzhou,0,,reply,6a257519000000000803cd69,0,0,2026-08-24T13:36:33,6a2768e6000000002800b3c6,complete,endpoint_exhausted,
account_guangzhou,9340,verified_local_broadband_guangzhou,guangzhou,0,,reply,6a257519000000000803cd69,0,0,2026-08-24T13:36:33,6a2768d9000000002803c8e0,complete,endpoint_exhausted,
account_guangzhou,9340,verified_local_broadband_guangzhou,guangzhou,0,,reply,6a257519000000000803cd69,0,0,2026-08-24T13:36:33,6a2768c3000000002803c5bb,complete,endpoint_exhausted,
account_guangzhou,9340,verified_local_broadband_guangzhou,guangzhou,6,,reply,6a257519000000000803cd69,6,1,2026-08-24T13:36:48,6a2768b60000000027020646,complete,endpoint_exhausted,
account_guangzhou,9340,verified_local_broadband_guangzhou,guangzhou,0,,reply,6a257519000000000803cd69,0,0,2026-08-24T13:36:48,6a276895000000002b02623d,complete,endpoint_exhausted,
account_guangzhou,9340,verified_local_broadband_guangzhou,guangzhou,0,,reply,6a257519000000000803cd69,0,0,2026-08-24T13:36:48,6a27677e000000002a0330ae,complete,endpoint_exhausted,
account_guangzhou,9340,verified_local_broadband_guangzhou,guangzhou,0,,reply,6a257519000000000803cd69,0,0,2026-08-24T13:36:48,6a2767630000000027020f8d,complete,endpoint_exhausted,
account_guangzhou,9340,verified_local_broadband_guangzhou,guangzhou,0,,reply,6a257519000000000803cd69,0,0,2026-08-24T13:37:03,6a27673e000000002a00424d,complete,endpoint_exhausted,
account_guangzhou,9340,verified_local_broadband_guangzhou,guangzhou,0,,reply,6a257519000000000803cd69,0,0,2026-08-24T13:37:03,6a27673b000000002a025aff,complete,endpoint_exhausted,
account_guangzhou,9340,verified_local_broadband_guangzhou,guangzhou,0,,reply,6a257519000000000803cd69,0,0,2026-08-24T13:37:03,6a276707000000002803fc29,complete,endpoint_exhausted,
account_guangzhou,9340,verified_local_broadband_guangzhou,guangzhou,0,,reply,6a257519000000000803cd69,0,0,2026-08-24T13:37:03,6a2766b9000000002900e35a,complete,endpoint_exhausted,
account_guangzhou,9340,verified_local_broadband_guangzhou,guangzhou,0,,reply,6a257519000000000803cd69,0,0,2026-08-24T13:37:03,6a2766a8000000002701de16,complete,endpoint_exhausted,
account_guangzhou,9340,verified_local_broadband_guangzhou,guangzhou,0,,reply,6a257519000000000803cd69,0,0,2026-08-24T13:37:03,6a2766870000000028036bbf,complete,endpoint_exhausted,
account_guangzhou,9340,verified_local_broadband_guangzhou,guangzhou,0,,reply,6a257519000000000803cd69,0,0,2026-08-24T13:37:03,6a27665d000000002a030a1c,complete,endpoint_exhausted,
account_guangzhou,9340,verified_local_broadband_guangzhou,guangzhou,0,,reply,6a257519000000000803cd69,0,0,2026-08-24T13:37:03,6a2765da000000002a02723c,complete,endpoint_exhausted,
account_guangzhou,9340,verified_local_broadband_guangzhou,guangzhou,0,,reply,6a257519000000000803cd69,0,0,2026-08-24T13:37:03,6a276564000000002b02407e,complete,endpoint_exhausted,
account_guangzhou,9340,verified_local_broadband_guangzhou,guangzhou,0,,reply,6a257519000000000803cd69,0,0,2026-08-24T13:37:03,6a276549000000002b003464,complete,endpoint_exhausted,
account_guangzhou,9340,verified_local_broadband_guangzhou,guangzhou,20,,reply,6a257519000000000803cd69,20,4,2026-08-24T13:38:20,6a276535000000002a02c01e,complete,endpoint_exhausted,
account_guangzhou,9340,verified_local_broadband_guangzhou,guangzhou,0,,reply,6a257519000000000803cd69,0,0,2026-08-24T13:38:20,6a276530000000002900e6b0,complete,endpoint_exhausted,
account_guangzhou,9340,verified_local_broadband_guangzhou,guangzhou,0,,reply,6a257519000000000803cd69,0,0,2026-08-24T13:38:20,6a2765280000000027023630,complete,endpoint_exhausted,
account_guangzhou,9340,verified_local_broadband_guangzhou,guangzhou,0,,reply,6a257519000000000803cd69,0,0,2026-08-24T13:38:20,6a2764fb0000000028030a57,complete,endpoint_exhausted,
account_guangzhou,9340,verified_local_broadband_guangzhou,guangzhou,0,,reply,6a257519000000000803cd69,0,0,2026-08-24T13:38:20,6a2764700000000028035de7,complete,endpoint_exhausted,
account_guangzhou,9340,verified_local_broadband_guangzhou,guangzhou,0,,reply,6a257519000000000803cd69,0,0,2026-08-24T13:38:20,6a27646d000000002a024809,complete,endpoint_exhausted,
account_guangzhou,9340,verified_local_broadband_guangzhou,guangzhou,0,,reply,6a257519000000000803cd69,0,0,2026-08-24T13:38:20,6a276403000000002a02e16c,complete,endpoint_exhausted,
account_guangzhou,9340,verified_local_broadband_guangzhou,guangzhou,1,,reply,6a257519000000000803cd69,1,0,2026-08-24T13:38:20,6a2763f9000000002803baff,complete,endpoint_exhausted,
account_guangzhou,9340,verified_local_broadband_guangzhou,guangzhou,0,,reply,6a257519000000000803cd69,0,0,2026-08-24T13:38:20,6a2763c80000000027014ca7,complete,endpoint_exhausted,
account_guangzhou,9340,verified_local_broadband_guangzhou,guangzhou,0,,reply,6a257519000000000803cd69,0,0,2026-08-24T13:38:20,6a27638c000000002b0009a6,complete,endpoint_exhausted,
account_guangzhou,9340,verified_local_broadband_guangzhou,guangzhou,0,,reply,6a257519000000000803cd69,0,0,2026-08-24T13:38:35,6a276389000000002702ce81,complete,endpoint_exhausted,
account_guangzhou,9340,verified_local_broadband_guangzhou,guangzhou,0,,reply,6a257519000000000803cd69,0,0,2026-08-24T13:38:35,6a276362000000002a033644,complete,endpoint_exhausted,
account_guangzhou,9340,verified_local_broadband_guangzhou,guangzhou,9,,reply,6a257519000000000803cd69,9,2,2026-08-24T13:39:06,6a276322000000002702fe2e,complete,endpoint_exhausted,
account_guangzhou,9340,verified_local_broadband_guangzhou,guangzhou,0,,reply,6a257519000000000803cd69,0,0,2026-08-24T13:39:06,6a276317000000002701dd17,complete,endpoint_exhausted,
account_guangzhou,9340,verified_local_broadband_guangzhou,guangzhou,0,,reply,6a257519000000000803cd69,0,0,2026-08-24T13:39:06,6a276269000000002902ff2e,complete,endpoint_exhausted,
account_guangzhou,9340,verified_local_broadband_guangzhou,guangzhou,0,,reply,6a257519000000000803cd69,0,0,2026-08-24T13:39:06,6a2761cb000000002803ab7e,complete,endpoint_exhausted,
account_guangzhou,9340,verified_local_broadband_guangzhou,guangzhou,0,,reply,6a257519000000000803cd69,0,0,2026-08-24T13:39:06,6a27619c000000002903505e,complete,endpoint_exhausted,
account_guangzhou,9340,verified_local_broadband_guangzhou,guangzhou,0,,reply,6a257519000000000803cd69,0,0,2026-08-24T13:39:06,6a276156000000002702ab4c,complete,endpoint_exhausted,
account_guangzhou,9340,verified_local_broadband_guangzhou,guangzhou,0,,reply,6a257519000000000803cd69,0,0,2026-08-24T13:39:06,6a276145000000002a006675,complete,endpoint_exhausted,
account_guangzhou,9340,verified_local_broadband_guangzhou,guangzhou,0,,reply,6a257519000000000803cd69,0,0,2026-08-24T13:39:06,6a2760dd000000002901b68e,complete,endpoint_exhausted,
account_guangzhou,9340,verified_local_broadband_guangzhou,guangzhou,0,,reply,6a257519000000000803cd69,0,0,2026-08-24T13:39:21,6a2760d8000000002701cc52,complete,endpoint_exhausted,
account_guangzhou,9340,verified_local_broadband_guangzhou,guangzhou,0,,reply,6a257519000000000803cd69,0,0,2026-08-24T13:39:21,6a2760660000000027020835,complete,endpoint_exhausted,
account_guangzhou,9340,verified_local_broadband_guangzhou,guangzhou,0,,reply,6a257519000000000803cd69,0,0,2026-08-24T13:39:21,6a276048000000000d022c00,complete,endpoint_exhausted,
account_guangzhou,9340,verified_local_broadband_guangzhou,guangzhou,0,,reply,6a257519000000000803cd69,0,0,2026-08-24T13:39:21,6a275f90000000002900e18f,complete,endpoint_exhausted,
account_guangzhou,9340,verified_local_broadband_guangzhou,guangzhou,0,,reply,6a257519000000000803cd69,0,0,2026-08-24T13:39:21,6a275f8c000000002701e39f,complete,endpoint_exhausted,
account_guangzhou,9340,verified_local_broadband_guangzhou,guangzhou,0,,reply,6a257519000000000803cd69,0,0,2026-08-24T13:39:21,6a275f5100000000290271e7,complete,endpoint_exhausted,
account_guangzhou,9340,verified_local_broadband_guangzhou,guangzhou,0,,reply,6a257519000000000803cd69,0,0,2026-08-24T13:39:21,6a275ef6000000002a027689,complete,endpoint_exhausted,
account_guangzhou,9340,verified_local_broadband_guangzhou,guangzhou,0,,reply,6a257519000000000803cd69,0,0,2026-08-24T13:39:21,6a275ee1000000002a0307a5,complete,endpoint_exhausted,
account_guangzhou,9340,verified_local_broadband_guangzhou,guangzhou,0,,reply,6a257519000000000803cd69,0,0,2026-08-24T13:39:21,6a275ed9000000002702e8f0,complete,endpoint_exhausted,
account_guangzhou,9340,verified_local_broadband_guangzhou,guangzhou,0,,reply,6a257519000000000803cd69,0,0,2026-08-24T13:39:21,6a275e78000000002a033e1e,complete,endpoint_exhausted,
account_guangzhou,9340,verified_local_broadband_guangzhou,guangzhou,0,,reply,6a257519000000000803cd69,0,0,2026-08-24T13:39:37,6a275e50000000002800b02e,complete,endpoint_exhausted,
account_guangzhou,9340,verified_local_broadband_guangzhou,guangzhou,0,,reply,6a257519000000000803cd69,0,0,2026-08-24T13:39:37,6a275e4f00000000270143b4,complete,endpoint_exhausted,
account_guangzhou,9340,verified_local_broadband_guangzhou,guangzhou,0,,reply,6a257519000000000803cd69,0,0,2026-08-24T13:39:37,6a275e4e0000000028037832,complete,endpoint_exhausted,
account_guangzhou,9340,verified_local_broadband_guangzhou,guangzhou,0,,reply,6a257519000000000803cd69,0,0,2026-08-24T13:39:37,6a275e3a00000000270203dd,complete,endpoint_exhausted,
account_guangzhou,9340,verified_local_broadband_guangzhou,guangzhou,0,,reply,6a257519000000000803cd69,0,0,2026-08-24T13:39:37,6a275e31000000002702821b,complete,endpoint_exhausted,
account_guangzhou,9340,verified_local_broadband_guangzhou,guangzhou,0,,reply,6a257519000000000803cd69,0,0,2026-08-24T13:39:37,6a275e29000000002b003afa,complete,endpoint_exhausted,
account_guangzhou,9340,verified_local_broadband_guangzhou,guangzhou,0,,reply,6a257519000000000803cd69,0,0,2026-08-24T13:39:37,6a275e0c0000000027023ee6,complete,endpoint_exhausted,
account_guangzhou,9340,verified_local_broadband_guangzhou,guangzhou,0,,reply,6a257519000000000803cd69,0,0,2026-08-24T13:39:37,6a275db2000000002b028b1f,complete,endpoint_exhausted,
account_guangzhou,9340,verified_local_broadband_guangzhou,guangzhou,1,,reply,6a257519000000000803cd69,1,0,2026-08-24T13:39:37,6a275da0000000002803ed37,complete,endpoint_exhausted,
account_guangzhou,9340,verified_local_broadband_guangzhou,guangzhou,0,,reply,6a257519000000000803cd69,0,0,2026-08-24T13:39:37,6a275d9a0000000027016e11,complete,endpoint_exhausted,
account_guangzhou,9340,verified_local_broadband_guangzhou,guangzhou,0,,reply,6a257519000000000803cd69,0,0,2026-08-24T13:39:52,6a275d79000000002900dc1e,complete,endpoint_exhausted,
account_guangzhou,9340,verified_local_broadband_guangzhou,guangzhou,0,,reply,6a257519000000000803cd69,0,0,2026-08-24T13:39:52,6a275d2e00000000280337aa,complete,endpoint_exhausted,
account_guangzhou,9340,verified_local_broadband_guangzhou,guangzhou,0,,reply,6a257519000000000803cd69,0,0,2026-08-24T13:39:52,6a275cbb00000000280329ff,complete,endpoint_exhausted,
account_guangzhou,9340,verified_local_broadband_guangzhou,guangzhou,0,,reply,6a257519000000000803cd69,0,0,2026-08-24T13:39:52,6a275c66000000002803b42f,complete,endpoint_exhausted,
account_guangzhou,9340,verified_local_broadband_guangzhou,guangzhou,1,,reply,6a257519000000000803cd69,1,0,2026-08-24T13:39:52,6a275c290000000027020146,complete,endpoint_exhausted,
account_guangzhou,9340,verified_local_broadband_guangzhou,guangzhou,0,,reply,6a257519000000000803cd69,0,0,2026-08-24T13:39:52,6a275adb0000000029012d4e,complete,endpoint_exhausted,
account_guangzhou,9340,verified_local_broadband_guangzhou,guangzhou,0,,reply,6a257519000000000803cd69,0,0,2026-08-24T13:39:52,6a275a5100000000270288e1,complete,endpoint_exhausted,
account_guangzhou,9340,verified_local_broadband_guangzhou,guangzhou,0,,reply,6a257519000000000803cd69,0,0,2026-08-24T13:39:52,6a2759f6000000002901165f,complete,endpoint_exhausted,
account_guangzhou,9340,verified_local_broadband_guangzhou,guangzhou,0,,reply,6a257519000000000803cd69,0,0,2026-08-24T13:39:52,6a2759aa000000002702c970,complete,endpoint_exhausted,
account_guangzhou,9340,verified_local_broadband_guangzhou,guangzhou,0,,reply,6a257519000000000803cd69,0,0,2026-08-24T13:39:52,6a27598f000000002b0018d0,complete,endpoint_exhausted,
account_guangzhou,9340,verified_local_broadband_guangzhou,guangzhou,0,,reply,6a257519000000000803cd69,0,0,2026-08-24T13:40:08,6a275926000000002702fb37,complete,endpoint_exhausted,
account_guangzhou,9340,verified_local_broadband_guangzhou,guangzhou,0,,reply,6a257519000000000803cd69,0,0,2026-08-24T13:40:08,6a2758de000000002b02a362,complete,endpoint_exhausted,
account_guangzhou,9340,verified_local_broadband_guangzhou,guangzhou,0,,reply,6a257519000000000803cd69,0,0,2026-08-24T13:40:08,6a2758500000000029012ac6,complete,endpoint_exhausted,
account_guangzhou,9340,verified_local_broadband_guangzhou,guangzhou,0,,reply,6a257519000000000803cd69,0,0,2026-08-24T13:40:08,6a2757c2000000002b027c97,complete,endpoint_exhausted,
account_guangzhou,9340,verified_local_broadband_guangzhou,guangzhou,14,,reply,6a257519000000000803cd69,14,3,2026-08-24T13:40:54,6a275798000000002702835a,complete,endpoint_exhausted,
account_guangzhou,9340,verified_local_broadband_guangzhou,guangzhou,0,,reply,6a257519000000000803cd69,0,0,2026-08-24T13:40:54,6a27572d000000002803a418,complete,endpoint_exhausted,
account_guangzhou,9340,verified_local_broadband_guangzhou,guangzhou,0,,reply,6a257519000000000803cd69,0,0,2026-08-24T13:40:54,6a275719000000002a02e3b1,complete,endpoint_exhausted,
account_guangzhou,9340,verified_local_broadband_guangzhou,guangzhou,0,,reply,6a257519000000000803cd69,0,0,2026-08-24T13:40:54,6a2756eb000000002803ee09,complete,endpoint_exhausted,
account_guangzhou,9340,verified_local_broadband_guangzhou,guangzhou,0,,reply,6a257519000000000803cd69,0,0,2026-08-24T13:40:54,6a2755ca0000000029012f57,complete,endpoint_exhausted,
account_guangzhou,9340,verified_local_broadband_guangzhou,guangzhou,0,,reply,6a257519000000000803cd69,0,0,2026-08-24T13:40:54,6a2755a500000000270297d4,complete,endpoint_exhausted,
account_guangzhou,9340,verified_local_broadband_guangzhou,guangzhou,0,,reply,6a257519000000000803cd69,0,0,2026-08-24T13:41:09,6a27559600000000280342b7,complete,endpoint_exhausted,
account_guangzhou,9340,verified_local_broadband_guangzhou,guangzhou,0,,reply,6a257519000000000803cd69,0,0,2026-08-24T13:41:09,6a275555000000002903435c,complete,endpoint_exhausted,
account_guangzhou,9340,verified_local_broadband_guangzhou,guangzhou,0,,reply,6a257519000000000803cd69,0,0,2026-08-24T13:41:09,6a2754a7000000002702820b,complete,endpoint_exhausted,
account_guangzhou,9340,verified_local_broadband_guangzhou,guangzhou,0,,reply,6a257519000000000803cd69,0,0,2026-08-24T13:41:09,6a275486000000002b003bd4,complete,endpoint_exhausted,
account_guangzhou,9340,verified_local_broadband_guangzhou,guangzhou,0,,reply,6a257519000000000803cd69,0,0,2026-08-24T13:41:09,6a2753ab000000002a004412,complete,endpoint_exhausted,
account_guangzhou,9340,verified_local_broadband_guangzhou,guangzhou,0,,reply,6a257519000000000803cd69,0,0,2026-08-24T13:41:09,6a2753a0000000002a032206,complete,endpoint_exhausted,
account_guangzhou,9340,verified_local_broadband_guangzhou,guangzhou,0,,reply,6a257519000000000803cd69,0,0,2026-08-24T13:41:09,6a275390000000002b028866,complete,endpoint_exhausted,
account_guangzhou,9340,verified_local_broadband_guangzhou,guangzhou,0,,reply,6a257519000000000803cd69,0,0,2026-08-24T13:41:09,6a2752f60000000027029dcc,complete,endpoint_exhausted,
account_guangzhou,9340,verified_local_broadband_guangzhou,guangzhou,0,,reply,6a257519000000000803cd69,0,0,2026-08-24T13:41:09,6a2752bd000000002803d085,complete,endpoint_exhausted,
account_guangzhou,9340,verified_local_broadband_guangzhou,guangzhou,0,,reply,6a257519000000000803cd69,0,0,2026-08-24T13:41:09,6a27527c0000000027020ddf,complete,endpoint_exhausted,
account_guangzhou,9340,verified_local_broadband_guangzhou,guangzhou,0,,reply,6a257519000000000803cd69,0,0,2026-08-24T13:41:24,6a27521e0000000028031ddf,complete,endpoint_exhausted,
account_guangzhou,9340,verified_local_broadband_guangzhou,guangzhou,0,,reply,6a257519000000000803cd69,0,0,2026-08-24T13:41:24,6a2751a100000000280313fb,complete,endpoint_exhausted,
account_guangzhou,9340,verified_local_broadband_guangzhou,guangzhou,0,,reply,6a257519000000000803cd69,0,0,2026-08-24T13:41:24,6a275146000000002800a66d,complete,endpoint_exhausted,
account_guangzhou,9340,verified_local_broadband_guangzhou,guangzhou,0,,reply,6a257519000000000803cd69,0,0,2026-08-24T13:41:24,6a2750d900000000290265c1,complete,endpoint_exhausted,
account_guangzhou,9340,verified_local_broadband_guangzhou,guangzhou,0,,reply,6a257519000000000803cd69,0,0,2026-08-24T13:41:24,6a274fa300000000280087b3,complete,endpoint_exhausted,
account_guangzhou,9340,verified_local_broadband_guangzhou,guangzhou,0,,reply,6a257519000000000803cd69,0,0,2026-08-24T13:41:24,6a274f82000000002a004744,complete,endpoint_exhausted,
account_guangzhou,9340,verified_local_broadband_guangzhou,guangzhou,0,,reply,6a257519000000000803cd69,0,0,2026-08-24T13:41:24,6a274eb4000000002b0282b5,complete,endpoint_exhausted,
account_guangzhou,9340,verified_local_broadband_guangzhou,guangzhou,0,,reply,6a257519000000000803cd69,0,0,2026-08-24T13:41:24,6a274e89000000002701fde9,complete,endpoint_exhausted,
account_guangzhou,9340,verified_local_broadband_guangzhou,guangzhou,0,,reply,6a257519000000000803cd69,0,0,2026-08-24T13:41:24,6a274e3c000000002800af4d,complete,endpoint_exhausted,
account_guangzhou,9340,verified_local_broadband_guangzhou,guangzhou,0,,reply,6a257519000000000803cd69,0,0,2026-08-24T13:41:24,6a274de1000000002a02750c,complete,endpoint_exhausted,
account_guangzhou,9340,verified_local_broadband_guangzhou,guangzhou,0,,reply,6a257519000000000803cd69,0,0,2026-08-24T13:41:40,6a274c5c000000002702a036,complete,endpoint_exhausted,
account_guangzhou,9340,verified_local_broadband_guangzhou,guangzhou,0,,reply,6a257519000000000803cd69,0,0,2026-08-24T13:41:40,6a274c1f000000002701d13d,complete,endpoint_exhausted,
account_guangzhou,9340,verified_local_broadband_guangzhou,guangzhou,0,,reply,6a257519000000000803cd69,0,0,2026-08-24T13:41:40,6a274bdd000000002702d8d0,complete,endpoint_exhausted,
account_guangzhou,9340,verified_local_broadband_guangzhou,guangzhou,0,,reply,6a257519000000000803cd69,0,0,2026-08-24T13:41:40,6a274bc100000000270295d5,complete,endpoint_exhausted,
account_guangzhou,9340,verified_local_broadband_guangzhou,guangzhou,0,,reply,6a257519000000000803cd69,0,0,2026-08-24T13:41:40,6a274bb700000000280085e8,complete,endpoint_exhausted,
account_guangzhou,9340,verified_local_broadband_guangzhou,guangzhou,0,,reply,6a257519000000000803cd69,0,0,2026-08-24T13:41:40,6a274b260000000029011d1c,complete,endpoint_exhausted,
account_guangzhou,9340,verified_local_broadband_guangzhou,guangzhou,0,,reply,6a257519000000000803cd69,0,0,2026-08-24T13:41:40,6a274a890000000029036e39,complete,endpoint_exhausted,
account_guangzhou,9340,verified_local_broadband_guangzhou,guangzhou,0,,reply,6a257519000000000803cd69,0,0,2026-08-24T13:41:40,6a274a22000000002b027213,complete,endpoint_exhausted,
account_guangzhou,9340,verified_local_broadband_guangzhou,guangzhou,0,,reply,6a257519000000000803cd69,0,0,2026-08-24T13:41:40,6a2749cc000000002901a399,complete,endpoint_exhausted,
account_guangzhou,9340,verified_local_broadband_guangzhou,guangzhou,0,,reply,6a257519000000000803cd69,0,0,2026-08-24T13:41:40,6a27497b0000000029024179,complete,endpoint_exhausted,
account_guangzhou,9340,verified_local_broadband_guangzhou,guangzhou,0,,reply,6a257519000000000803cd69,0,0,2026-08-24T13:41:55,6a2748ee000000002702a8c1,complete,endpoint_exhausted,
account_guangzhou,9340,verified_local_broadband_guangzhou,guangzhou,0,,reply,6a257519000000000803cd69,0,0,2026-08-24T13:41:55,6a2748d5000000002b0020ad,complete,endpoint_exhausted,
account_guangzhou,9340,verified_local_broadband_guangzhou,guangzhou,0,,reply,6a257519000000000803cd69,0,0,2026-08-24T13:41:55,6a27488f0000000027022021,complete,endpoint_exhausted,
account_guangzhou,9340,verified_local_broadband_guangzhou,guangzhou,0,,reply,6a257519000000000803cd69,0,0,2026-08-24T13:41:55,6a2748720000000028038dda,complete,endpoint_exhausted,
account_guangzhou,9340,verified_local_broadband_guangzhou,guangzhou,0,,reply,6a257519000000000803cd69,0,0,2026-08-24T13:41:55,6a274798000000002b0015a5,complete,endpoint_exhausted,
account_guangzhou,9340,verified_local_broadband_guangzhou,guangzhou,0,,reply,6a257519000000000803cd69,0,0,2026-08-24T13:41:55,6a27472600000000290187f9,complete,endpoint_exhausted,
account_guangzhou,9340,verified_local_broadband_guangzhou,guangzhou,0,,reply,6a257519000000000803cd69,0,0,2026-08-24T13:41:55,6a2746ee0000000028032037,complete,endpoint_exhausted,
account_guangzhou,9340,verified_local_broadband_guangzhou,guangzhou,0,,reply,6a257519000000000803cd69,0,0,2026-08-24T13:41:55,6a2746ec0000000027028ddc,complete,endpoint_exhausted,
account_guangzhou,9340,verified_local_broadband_guangzhou,guangzhou,0,,reply,6a257519000000000803cd69,0,0,2026-08-24T13:41:55,6a27445b0000000027016b33,complete,endpoint_exhausted,
account_guangzhou,9340,verified_local_broadband_guangzhou,guangzhou,0,,reply,6a257519000000000803cd69,0,0,2026-08-24T13:41:55,6a2743ea000000002902cd41,complete,endpoint_exhausted,
account_guangzhou,9340,verified_local_broadband_guangzhou,guangzhou,0,,reply,6a257519000000000803cd69,0,0,2026-08-24T13:42:11,6a27435e000000002b028772,complete,endpoint_exhausted,
account_guangzhou,9340,verified_local_broadband_guangzhou,guangzhou,0,,reply,6a257519000000000803cd69,0,0,2026-08-24T13:42:11,6a274325000000002901a2bb,complete,endpoint_exhausted,
account_guangzhou,9340,verified_local_broadband_guangzhou,guangzhou,7,,reply,6a257519000000000803cd69,7,2,2026-08-24T13:42:41,6a274253000000002b0025a1,complete,endpoint_exhausted,
account_guangzhou,9340,verified_local_broadband_guangzhou,guangzhou,0,,reply,6a257519000000000803cd69,0,0,2026-08-24T13:42:41,6a273f95000000002701f715,complete,endpoint_exhausted,
account_guangzhou,9340,verified_local_broadband_guangzhou,guangzhou,0,,reply,6a257519000000000803cd69,0,0,2026-08-24T13:42:41,6a273d81000000002702b0e8,complete,endpoint_exhausted,
account_guangzhou,9340,verified_local_broadband_guangzhou,guangzhou,0,,reply,6a257519000000000803cd69,0,0,2026-08-24T13:42:41,6a2739d4000000002a025090,complete,endpoint_exhausted,
account_guangzhou,9340,verified_local_broadband_guangzhou,guangzhou,0,,reply,6a257519000000000803cd69,0,0,2026-08-24T13:42:41,6a27320300000000290272f2,complete,endpoint_exhausted,
account_guangzhou,9340,verified_local_broadband_guangzhou,guangzhou,0,,reply,6a257519000000000803cd69,0,0,2026-08-24T13:42:41,6a272ee4000000002702df83,complete,endpoint_exhausted,
account_guangzhou,9340,verified_local_broadband_guangzhou,guangzhou,0,,reply,6a257519000000000803cd69,0,0,2026-08-24T13:42:41,6a2728910000000027017f25,complete,endpoint_exhausted,
account_guangzhou,9340,verified_local_broadband_guangzhou,guangzhou,0,,reply,6a257519000000000803cd69,0,0,2026-08-24T13:42:41,6a2726f6000000002803ac1f,complete,endpoint_exhausted,
account_guangzhou,9340,verified_local_broadband_guangzhou,guangzhou,0,,reply,6a257519000000000803cd69,0,0,2026-08-24T13:42:57,6a272332000000002b002614,complete,endpoint_exhausted,
account_guangzhou,9340,verified_local_broadband_guangzhou,guangzhou,1,,reply,6a257519000000000803cd69,1,0,2026-08-24T13:42:57,6a271b7d000000002a033a08,complete,endpoint_exhausted,
account_guangzhou,9340,verified_local_broadband_guangzhou,guangzhou,2,,reply,6a257519000000000803cd69,2,1,2026-08-24T13:43:12,6a27171e000000000d021c00,complete,endpoint_exhausted,
account_guangzhou,9340,verified_local_broadband_guangzhou,guangzhou,30,,reply,6a257519000000000803cd69,30,6,2026-08-24T13:44:44,6a271712000000002901a2ae,complete,endpoint_exhausted,
account_guangzhou,9340,verified_local_broadband_guangzhou,guangzhou,1,,reply,6a257519000000000803cd69,1,0,2026-08-24T13:44:44,6a2714db000000002701c385,complete,endpoint_exhausted,
account_guangzhou,9340,verified_local_broadband_guangzhou,guangzhou,2,,reply,6a257519000000000803cd69,2,1,2026-08-24T13:45:00,6a2714780000000028036c70,complete,endpoint_exhausted,
account_guangzhou,9340,verified_local_broadband_guangzhou,guangzhou,3,,reply,6a257519000000000803cd69,3,1,2026-08-24T13:45:15,6a2712c5000000002902f04c,complete,endpoint_exhausted,
account_guangzhou,9340,verified_local_broadband_guangzhou,guangzhou,1,,reply,6a257519000000000803cd69,1,0,2026-08-24T13:45:15,6a271259000000002a02c87f,complete,endpoint_exhausted,
account_guangzhou,9340,verified_local_broadband_guangzhou,guangzhou,1,,reply,6a257519000000000803cd69,1,0,2026-08-24T13:45:15,6a270c95000000002902c615,complete,endpoint_exhausted,
account_guangzhou,9340,verified_local_broadband_guangzhou,guangzhou,3,,reply,6a257519000000000803cd69,3,1,2026-08-24T13:45:30,6a2708b80000000028038606,complete,endpoint_exhausted,
account_guangzhou,9340,verified_local_broadband_guangzhou,guangzhou,1,,reply,6a257519000000000803cd69,1,0,2026-08-24T13:45:46,6a27032a000000002a02c71a,complete,endpoint_exhausted,
account_guangzhou,9340,verified_local_broadband_guangzhou,guangzhou,0,,reply,6a257519000000000803cd69,0,0,2026-08-24T13:45:46,6a27021a000000002a025e9d,complete,endpoint_exhausted,
account_guangzhou,9340,verified_local_broadband_guangzhou,guangzhou,3,,reply,6a257519000000000803cd69,3,1,2026-08-24T13:46:01,6a26ffef00000000280387e6,complete,endpoint_exhausted,
account_guangzhou,9340,verified_local_broadband_guangzhou,guangzhou,0,,reply,6a257519000000000803cd69,0,0,2026-08-24T13:46:01,6a26ff2e000000002b02bc9f,complete,endpoint_exhausted,
account_guangzhou,9340,verified_local_broadband_guangzhou,guangzhou,1,,reply,6a257519000000000803cd69,1,0,2026-08-24T13:46:01,6a26fd26000000000d022c00,complete,endpoint_exhausted,
account_guangzhou,9340,verified_local_broadband_guangzhou,guangzhou,1,,reply,6a257519000000000803cd69,1,0,2026-08-24T13:46:01,6a26fa2e000000002900cdb2,complete,endpoint_exhausted,
account_guangzhou,9340,verified_local_broadband_guangzhou,guangzhou,1,,reply,6a257519000000000803cd69,1,0,2026-08-24T13:46:01,6a26fa29000000002b02b44b,complete,endpoint_exhausted,
account_guangzhou,9340,verified_local_broadband_guangzhou,guangzhou,1,,reply,6a257519000000000803cd69,1,0,2026-08-24T13:46:01,6a269052000000002702a659,complete,endpoint_exhausted,
account_guangzhou,9340,verified_local_broadband_guangzhou,guangzhou,1,,reply,6a257519000000000803cd69,1,0,2026-08-24T13:46:01,6a2625b0000000002a033d1b,complete,endpoint_exhausted,
account_guangzhou,9340,verified_local_broadband_guangzhou,guangzhou,1,,reply,6a257519000000000803cd69,1,0,2026-08-24T13:46:01,6a260864000000002900ce36,complete,endpoint_exhausted,
account_guangzhou,9340,verified_local_broadband_guangzhou,guangzhou,1,,reply,6a257519000000000803cd69,1,0,2026-08-24T13:46:16,6a2606f00000000029010870,complete,endpoint_exhausted,
account_guangzhou,9340,verified_local_broadband_guangzhou,guangzhou,0,,reply,6a257519000000000803cd69,0,0,2026-08-24T13:46:16,6a2a23e6000000002900fbf0,complete,endpoint_exhausted,
account_guangzhou,9340,verified_local_broadband_guangzhou,guangzhou,0,,reply,6a257519000000000803cd69,0,0,2026-08-24T13:46:16,6a28e4f30000000028009b2a,complete,endpoint_exhausted,
account_guangzhou,9340,verified_local_broadband_guangzhou,guangzhou,0,,reply,6a257519000000000803cd69,0,0,2026-08-24T13:46:16,6a28920a000000002b0243e1,complete,endpoint_exhausted,
account_guangzhou,9340,verified_local_broadband_guangzhou,guangzhou,0,,reply,6a257519000000000803cd69,0,0,2026-08-24T13:46:16,6a288ee9000000002a005a33,complete,endpoint_exhausted,
account_guangzhou,9340,verified_local_broadband_guangzhou,guangzhou,0,,reply,6a257519000000000803cd69,0,0,2026-08-24T13:46:16,6a284fee000000002a0300bd,complete,endpoint_exhausted,
account_guangzhou,9340,verified_local_broadband_guangzhou,guangzhou,0,,reply,6a257519000000000803cd69,0,0,2026-08-24T13:46:16,6a284cc90000000028009d0c,complete,endpoint_exhausted,
account_guangzhou,9340,verified_local_broadband_guangzhou,guangzhou,0,,reply,6a257519000000000803cd69,0,0,2026-08-24T13:46:16,6a2847380000000027023e97,complete,endpoint_exhausted,
account_guangzhou,9340,verified_local_broadband_guangzhou,guangzhou,0,,reply,6a257519000000000803cd69,0,0,2026-08-24T13:46:16,6a281b310000000028039e3d,complete,endpoint_exhausted,
account_guangzhou,9340,verified_local_broadband_guangzhou,guangzhou,0,,reply,6a257519000000000803cd69,0,0,2026-08-24T13:46:16,6a281775000000002900d56b,complete,endpoint_exhausted,
account_guangzhou,9340,verified_local_broadband_guangzhou,guangzhou,0,,reply,6a257519000000000803cd69,0,0,2026-08-24T13:46:32,6a280420000000002b00340b,complete,endpoint_exhausted,
account_guangzhou,9340,verified_local_broadband_guangzhou,guangzhou,0,,reply,6a257519000000000803cd69,0,0,2026-08-24T13:46:32,6a280055000000002b003d18,complete,endpoint_exhausted,
account_guangzhou,9340,verified_local_broadband_guangzhou,guangzhou,0,,reply,6a257519000000000803cd69,0,0,2026-08-24T13:46:32,6a27f6ab0000000028030321,complete,endpoint_exhausted,
account_guangzhou,9340,verified_local_broadband_guangzhou,guangzhou,0,,reply,6a257519000000000803cd69,0,0,2026-08-24T13:46:32,6a27e8900000000021010f4c,complete,endpoint_exhausted,
account_guangzhou,9340,verified_local_broadband_guangzhou,guangzhou,0,,reply,6a257519000000000803cd69,0,0,2026-08-24T13:46:32,6a27dfc50000000028009345,complete,endpoint_exhausted,
account_guangzhou,9340,verified_local_broadband_guangzhou,guangzhou,0,,reply,6a257519000000000803cd69,0,0,2026-08-24T13:46:32,6a27b702000000002803d762,complete,endpoint_exhausted,
account_guangzhou,9340,verified_local_broadband_guangzhou,guangzhou,0,,reply,6a257519000000000803cd69,0,0,2026-08-24T13:46:32,6a27b44e00000000270170c4,complete,endpoint_exhausted,
account_guangzhou,9340,verified_local_broadband_guangzhou,guangzhou,0,,reply,6a257519000000000803cd69,0,0,2026-08-24T13:46:32,6a278c4a000000002803aa08,complete,endpoint_exhausted,
account_guangzhou,9340,verified_local_broadband_guangzhou,guangzhou,0,,reply,6a257519000000000803cd69,0,0,2026-08-24T13:46:32,6a277fd2000000002b002a47,complete,endpoint_exhausted,
account_guangzhou,9340,verified_local_broadband_guangzhou,guangzhou,0,,reply,6a257519000000000803cd69,0,0,2026-08-24T13:46:32,6a277c59000000002b02b842,complete,endpoint_exhausted,
account_guangzhou,9340,verified_local_broadband_guangzhou,guangzhou,0,,reply,6a257519000000000803cd69,0,0,2026-08-24T13:46:47,6a27720700000000230030e1,complete,endpoint_exhausted,
account_guangzhou,9340,verified_local_broadband_guangzhou,guangzhou,0,,reply,6a257519000000000803cd69,0,0,2026-08-24T13:46:47,6a2771bf0000000027028224,complete,endpoint_exhausted,
account_guangzhou,9340,verified_local_broadband_guangzhou,guangzhou,0,,reply,6a257519000000000803cd69,0,0,2026-08-24T13:46:47,6a2771200000000029026a41,complete,endpoint_exhausted,
account_guangzhou,9340,verified_local_broadband_guangzhou,guangzhou,1,,reply,6a257519000000000803cd69,1,0,2026-08-24T13:46:47,6a277094000000002803cb9a,complete,endpoint_exhausted,
account_guangzhou,9340,verified_local_broadband_guangzhou,guangzhou,0,,reply,6a257519000000000803cd69,0,0,2026-08-24T13:46:47,6a276ec1000000002900efcb,complete,endpoint_exhausted,
account_guangzhou,9340,verified_local_broadband_guangzhou,guangzhou,0,,reply,6a257519000000000803cd69,0,0,2026-08-24T13:46:47,6a276e33000000002701cadc,complete,endpoint_exhausted,
account_guangzhou,9340,verified_local_broadband_guangzhou,guangzhou,0,,reply,6a257519000000000803cd69,0,0,2026-08-24T13:46:47,6a27687d000000002702c613,complete,endpoint_exhausted,
account_guangzhou,9340,verified_local_broadband_guangzhou,guangzhou,0,,reply,6a257519000000000803cd69,0,0,2026-08-24T13:46:47,6a276693000000002900dd16,complete,endpoint_exhausted,
account_guangzhou,9340,verified_local_broadband_guangzhou,guangzhou,0,,reply,6a257519000000000803cd69,0,0,2026-08-24T13:46:47,6a27657a000000002b0242f3,complete,endpoint_exhausted,
account_guangzhou,9340,verified_local_broadband_guangzhou,guangzhou,0,,reply,6a257519000000000803cd69,0,0,2026-08-24T13:46:47,6a2761b90000000029010d8d,complete,endpoint_exhausted,
account_guangzhou,9340,verified_local_broadband_guangzhou,guangzhou,0,,reply,6a257519000000000803cd69,0,0,2026-08-24T13:47:03,6a2761ad000000002803f208,complete,endpoint_exhausted,
account_guangzhou,9340,verified_local_broadband_guangzhou,guangzhou,0,,reply,6a257519000000000803cd69,0,0,2026-08-24T13:47:03,6a27610e000000002803912a,complete,endpoint_exhausted,
account_guangzhou,9340,verified_local_broadband_guangzhou,guangzhou,0,,reply,6a257519000000000803cd69,0,0,2026-08-24T13:47:03,6a275f480000000029034d09,complete,endpoint_exhausted,
account_guangzhou,9340,verified_local_broadband_guangzhou,guangzhou,0,,reply,6a257519000000000803cd69,0,0,2026-08-24T13:47:03,6a275e980000000027028edb,complete,endpoint_exhausted,
account_guangzhou,9340,verified_local_broadband_guangzhou,guangzhou,0,,reply,6a257519000000000803cd69,0,0,2026-08-24T13:47:03,6a275cce00000000280381aa,complete,endpoint_exhausted,
account_guangzhou,9340,verified_local_broadband_guangzhou,guangzhou,0,,reply,6a257519000000000803cd69,0,0,2026-08-24T13:47:03,6a273809000000002b028952,complete,endpoint_exhausted,
account_guangzhou,9340,verified_local_broadband_guangzhou,guangzhou,0,,reply,6a257519000000000803cd69,0,0,2026-08-24T13:47:03,6a27373b000000002800807e,complete,endpoint_exhausted,
account_guangzhou,9340,verified_local_broadband_guangzhou,guangzhou,0,,reply,6a257519000000000803cd69,0,0,2026-08-24T13:47:03,6a282312000000002702b829,complete,endpoint_exhausted,
account_guangzhou,9340,verified_local_broadband_guangzhou,guangzhou,0,,reply,6a257519000000000803cd69,0,0,2026-08-24T13:47:03,6a2773030000000029011720,complete,endpoint_exhausted,
account_guangzhou,9340,verified_local_broadband_guangzhou,guangzhou,0,,reply,6a257519000000000803cd69,0,0,2026-08-24T13:47:03,6a275ff10000000028036ee1,complete,endpoint_exhausted,
account_guangzhou,9340,verified_local_broadband_guangzhou,guangzhou,,,top_level,6a257519000000000803cd69,470,47,2026-08-24T13:47:03,,complete,endpoint_exhausted,True
account_guangzhou,9340,verified_local_broadband_guangzhou,guangzhou,1,,reply,6a17aed4000000003601ee54,1,0,2026-08-24T13:52:53,6a2bb80f0000000029024bad,complete,endpoint_exhausted,
account_guangzhou,9340,verified_local_broadband_guangzhou,guangzhou,0,,reply,6a17aed4000000003601ee54,0,0,2026-08-24T13:52:53,6a23fb9f00000000290108c3,complete,endpoint_exhausted,
account_guangzhou,9340,verified_local_broadband_guangzhou,guangzhou,0,,reply,6a17aed4000000003601ee54,0,0,2026-08-24T13:52:53,6a2dfea2000000002701d0dc,complete,endpoint_exhausted,
account_guangzhou,9340,verified_local_broadband_guangzhou,guangzhou,0,,reply,6a17aed4000000003601ee54,0,0,2026-08-24T13:52:53,6a2ad92200000000210114ed,complete,endpoint_exhausted,
account_guangzhou,9340,verified_local_broadband_guangzhou,guangzhou,0,,reply,6a17aed4000000003601ee54,0,0,2026-08-24T13:52:53,6a2fb2d2000000002b024eac,complete,endpoint_exhausted,
account_guangzhou,9340,verified_local_broadband_guangzhou,guangzhou,,,top_level,6a17aed4000000003601ee54,5,1,2026-08-24T13:52:53,,complete,endpoint_exhausted,True
account_guangzhou,9340,verified_local_broadband_guangzhou,guangzhou,0,,reply,6a261acc000000001702f6ec,0,0,2026-08-24T13:58:43,6a4912a10000000014038ef9,complete,endpoint_exhausted,
account_guangzhou,9340,verified_local_broadband_guangzhou,guangzhou,145,,reply,6a261acc000000001702f6ec,145,29,2026-08-24T14:06:08,6a267451000000002b025e3c,complete,endpoint_exhausted,
account_guangzhou,9340,verified_local_broadband_guangzhou,guangzhou,8,,reply,6a261acc000000001702f6ec,8,2,2026-08-24T14:06:38,6a26de370000000028039d78,complete,endpoint_exhausted,
account_guangzhou,9340,verified_local_broadband_guangzhou,guangzhou,14,,reply,6a261acc000000001702f6ec,14,3,2026-08-24T14:07:24,6a261b3a000000002a02c573,complete,endpoint_exhausted,
account_guangzhou,9340,verified_local_broadband_guangzhou,guangzhou,7,,reply,6a261acc000000001702f6ec,7,2,2026-08-24T14:07:55,6a283faf0000000028033ec4,complete,endpoint_exhausted,
account_guangzhou,9340,verified_local_broadband_guangzhou,guangzhou,9,,reply,6a261acc000000001702f6ec,9,2,2026-08-24T14:08:25,6a27287d0000000029011626,complete,endpoint_exhausted,
account_guangzhou,9340,verified_local_broadband_guangzhou,guangzhou,130,,reply,6a261acc000000001702f6ec,130,26,2026-08-24T14:15:04,6a26d60d00000000280358d4,complete,endpoint_exhausted,
account_guangzhou,9340,verified_local_broadband_guangzhou,guangzhou,22,,reply,6a261acc000000001702f6ec,22,5,2026-08-24T14:16:20,6a26cff30000000027017b94,complete,endpoint_exhausted,
account_guangzhou,9340,verified_local_broadband_guangzhou,guangzhou,11,,reply,6a261acc000000001702f6ec,11,2,2026-08-24T14:16:51,6a26f287000000002900c1ea,complete,endpoint_exhausted,
account_guangzhou,9340,verified_local_broadband_guangzhou,guangzhou,13,,reply,6a261acc000000001702f6ec,13,3,2026-08-24T14:17:37,6a2783e2000000002a027a0c,complete,endpoint_exhausted,
account_guangzhou,9340,verified_local_broadband_guangzhou,guangzhou,0,,reply,6a261acc000000001702f6ec,0,0,2026-08-24T14:17:53,6a2783e1000000002b028f17,complete,endpoint_exhausted,
account_guangzhou,9340,verified_local_broadband_guangzhou,guangzhou,0,,reply,6a261acc000000001702f6ec,0,0,2026-08-24T14:17:53,6a278387000000000d022802,complete,endpoint_exhausted,
account_guangzhou,9340,verified_local_broadband_guangzhou,guangzhou,0,,reply,6a261acc000000001702f6ec,0,0,2026-08-24T14:17:53,6a2782e6000000002803b7be,complete,endpoint_exhausted,
account_guangzhou,9340,verified_local_broadband_guangzhou,guangzhou,0,,reply,6a261acc000000001702f6ec,0,0,2026-08-24T14:17:53,6a2782c3000000002902ff00,complete,endpoint_exhausted,
account_guangzhou,9340,verified_local_broadband_guangzhou,guangzhou,1,,reply,6a261acc000000001702f6ec,1,0,2026-08-24T14:17:53,6a27828d000000002b026a25,complete,endpoint_exhausted,
account_guangzhou,9340,verified_local_broadband_guangzhou,guangzhou,9,,reply,6a261acc000000001702f6ec,9,2,2026-08-24T14:18:23,6a27823f000000002b000215,complete,endpoint_exhausted,
account_guangzhou,9340,verified_local_broadband_guangzhou,guangzhou,1,,reply,6a261acc000000001702f6ec,1,0,2026-08-24T14:18:23,6a278215000000002902e47b,complete,endpoint_exhausted,
account_guangzhou,9340,verified_local_broadband_guangzhou,guangzhou,0,,reply,6a261acc000000001702f6ec,0,0,2026-08-24T14:18:23,6a2781bf000000002803beb9,complete,endpoint_exhausted,
account_guangzhou,9340,verified_local_broadband_guangzhou,guangzhou,0,,reply,6a261acc000000001702f6ec,0,0,2026-08-24T14:18:23,6a27816e000000002701cb9a,complete,endpoint_exhausted,
account_guangzhou,9340,verified_local_broadband_guangzhou,guangzhou,2,,reply,6a261acc000000001702f6ec,2,1,2026-08-24T14:18:38,6a278161000000002702b8b3,complete,endpoint_exhausted,
account_guangzhou,9340,verified_local_broadband_guangzhou,guangzhou,0,,reply,6a261acc000000001702f6ec,0,0,2026-08-24T14:18:54,6a27815a000000002702b71a,complete,endpoint_exhausted,
account_guangzhou,9340,verified_local_broadband_guangzhou,guangzhou,0,,reply,6a261acc000000001702f6ec,0,0,2026-08-24T14:18:54,6a2780f1000000002b02a216,complete,endpoint_exhausted,
account_guangzhou,9340,verified_local_broadband_guangzhou,guangzhou,0,,reply,6a261acc000000001702f6ec,0,0,2026-08-24T14:18:54,6a2780ea000000002b026a8e,complete,endpoint_exhausted,
account_guangzhou,9340,verified_local_broadband_guangzhou,guangzhou,0,,reply,6a261acc000000001702f6ec,0,0,2026-08-24T14:18:54,6a2780ce000000002a007250,complete,endpoint_exhausted,
account_guangzhou,9340,verified_local_broadband_guangzhou,guangzhou,0,,reply,6a261acc000000001702f6ec,0,0,2026-08-24T14:18:54,6a2780360000000028035e05,complete,endpoint_exhausted,
account_guangzhou,9340,verified_local_broadband_guangzhou,guangzhou,0,,reply,6a261acc000000001702f6ec,0,0,2026-08-24T14:18:54,6a277fc2000000002702c48f,complete,endpoint_exhausted,
account_guangzhou,9340,verified_local_broadband_guangzhou,guangzhou,0,,reply,6a261acc000000001702f6ec,0,0,2026-08-24T14:18:54,6a277f86000000002701eeb8,complete,endpoint_exhausted,
account_guangzhou,9340,verified_local_broadband_guangzhou,guangzhou,0,,reply,6a261acc000000001702f6ec,0,0,2026-08-24T14:18:54,6a277f6f000000002b0272a2,complete,endpoint_exhausted,
account_guangzhou,9340,verified_local_broadband_guangzhou,guangzhou,0,,reply,6a261acc000000001702f6ec,0,0,2026-08-24T14:18:54,6a277f5e000000002b001916,complete,endpoint_exhausted,
account_guangzhou,9340,verified_local_broadband_guangzhou,guangzhou,2,,reply,6a261acc000000001702f6ec,2,1,2026-08-24T14:19:09,6a277e9f000000002902444c,complete,endpoint_exhausted,
account_guangzhou,9340,verified_local_broadband_guangzhou,guangzhou,1,,reply,6a261acc000000001702f6ec,1,0,2026-08-24T14:19:25,6a277df5000000002900ccc7,complete,endpoint_exhausted,
account_guangzhou,9340,verified_local_broadband_guangzhou,guangzhou,0,,reply,6a261acc000000001702f6ec,0,0,2026-08-24T14:19:25,6a277d720000000029036d66,complete,endpoint_exhausted,
account_guangzhou,9340,verified_local_broadband_guangzhou,guangzhou,0,,reply,6a261acc000000001702f6ec,0,0,2026-08-24T14:19:25,6a277cf8000000002a02d87f,complete,endpoint_exhausted,
account_guangzhou,9340,verified_local_broadband_guangzhou,guangzhou,0,,reply,6a261acc000000001702f6ec,0,0,2026-08-24T14:19:25,6a277cf6000000002901094a,complete,endpoint_exhausted,
account_guangzhou,9340,verified_local_broadband_guangzhou,guangzhou,0,,reply,6a261acc000000001702f6ec,0,0,2026-08-24T14:19:25,6a277cba0000000027021d67,complete,endpoint_exhausted,
account_guangzhou,9340,verified_local_broadband_guangzhou,guangzhou,0,,reply,6a261acc000000001702f6ec,0,0,2026-08-24T14:19:25,6a277c540000000027020719,complete,endpoint_exhausted,
account_guangzhou,9340,verified_local_broadband_guangzhou,guangzhou,0,,reply,6a261acc000000001702f6ec,0,0,2026-08-24T14:19:25,6a277bff0000000028033ff1,complete,endpoint_exhausted,
account_guangzhou,9340,verified_local_broadband_guangzhou,guangzhou,0,,reply,6a261acc000000001702f6ec,0,0,2026-08-24T14:19:25,6a277b4b000000002902dfc8,complete,endpoint_exhausted,
account_guangzhou,9340,verified_local_broadband_guangzhou,guangzhou,0,,reply,6a261acc000000001702f6ec,0,0,2026-08-24T14:19:25,6a277ad00000000028008605,complete,endpoint_exhausted,
account_guangzhou,9340,verified_local_broadband_guangzhou,guangzhou,0,,reply,6a261acc000000001702f6ec,0,0,2026-08-24T14:19:25,6a277aab000000002b002e8b,complete,endpoint_exhausted,
account_guangzhou,9340,verified_local_broadband_guangzhou,guangzhou,0,,reply,6a261acc000000001702f6ec,0,0,2026-08-24T14:19:40,6a277a82000000002a02552d,complete,endpoint_exhausted,
account_guangzhou,9340,verified_local_broadband_guangzhou,guangzhou,1,,reply,6a261acc000000001702f6ec,1,0,2026-08-24T14:19:40,6a277a7b000000002a007fe2,complete,endpoint_exhausted,
account_guangzhou,9340,verified_local_broadband_guangzhou,guangzhou,0,,reply,6a261acc000000001702f6ec,0,0,2026-08-24T14:19:40,6a277a28000000002b001a0a,complete,endpoint_exhausted,
account_guangzhou,9340,verified_local_broadband_guangzhou,guangzhou,0,,reply,6a261acc000000001702f6ec,0,0,2026-08-24T14:19:40,6a2779d10000000028031643,complete,endpoint_exhausted,
account_guangzhou,9340,verified_local_broadband_guangzhou,guangzhou,0,,reply,6a261acc000000001702f6ec,0,0,2026-08-24T14:19:40,6a27796200000000290243b3,complete,endpoint_exhausted,
account_guangzhou,9340,verified_local_broadband_guangzhou,guangzhou,0,,reply,6a261acc000000001702f6ec,0,0,2026-08-24T14:19:40,6a27795d00000000290242da,complete,endpoint_exhausted,
account_guangzhou,9340,verified_local_broadband_guangzhou,guangzhou,1,,reply,6a261acc000000001702f6ec,1,0,2026-08-24T14:19:40,6a277926000000002a02ced2,complete,endpoint_exhausted,
account_guangzhou,9340,verified_local_broadband_guangzhou,guangzhou,0,,reply,6a261acc000000001702f6ec,0,0,2026-08-24T14:19:40,6a2778aa00000000280363dc,complete,endpoint_exhausted,
account_guangzhou,9340,verified_local_broadband_guangzhou,guangzhou,4,,reply,6a261acc000000001702f6ec,4,1,2026-08-24T14:19:55,6a277872000000002a024cf3,complete,endpoint_exhausted,
account_guangzhou,9340,verified_local_broadband_guangzhou,guangzhou,0,,reply,6a261acc000000001702f6ec,0,0,2026-08-24T14:19:55,6a27782a000000002803eb56,complete,endpoint_exhausted,
account_guangzhou,9340,verified_local_broadband_guangzhou,guangzhou,0,,reply,6a261acc000000001702f6ec,0,0,2026-08-24T14:20:11,6a27774a000000002a0331cb,complete,endpoint_exhausted,
account_guangzhou,9340,verified_local_broadband_guangzhou,guangzhou,0,,reply,6a261acc000000001702f6ec,0,0,2026-08-24T14:20:11,6a27769b000000002900db41,complete,endpoint_exhausted,
account_guangzhou,9340,verified_local_broadband_guangzhou,guangzhou,0,,reply,6a261acc000000001702f6ec,0,0,2026-08-24T14:20:11,6a277607000000002a0275b8,complete,endpoint_exhausted,
account_guangzhou,9340,verified_local_broadband_guangzhou,guangzhou,0,,reply,6a261acc000000001702f6ec,0,0,2026-08-24T14:20:11,6a277586000000002902ce24,complete,endpoint_exhausted,
account_guangzhou,9340,verified_local_broadband_guangzhou,guangzhou,0,,reply,6a261acc000000001702f6ec,0,0,2026-08-24T14:20:11,6a2774a7000000002a02f442,complete,endpoint_exhausted,
account_guangzhou,9340,verified_local_broadband_guangzhou,guangzhou,0,,reply,6a261acc000000001702f6ec,0,0,2026-08-24T14:20:11,6a277392000000002803d370,complete,endpoint_exhausted,
account_guangzhou,9340,verified_local_broadband_guangzhou,guangzhou,0,,reply,6a261acc000000001702f6ec,0,0,2026-08-24T14:20:11,6a277371000000002701e652,complete,endpoint_exhausted,
account_guangzhou,9340,verified_local_broadband_guangzhou,guangzhou,0,,reply,6a261acc000000001702f6ec,0,0,2026-08-24T14:20:11,6a27727d0000000027022532,complete,endpoint_exhausted,
account_guangzhou,9340,verified_local_broadband_guangzhou,guangzhou,0,,reply,6a261acc000000001702f6ec,0,0,2026-08-24T14:20:11,6a2771d6000000002803867f,complete,endpoint_exhausted,
account_guangzhou,9340,verified_local_broadband_guangzhou,guangzhou,0,,reply,6a261acc000000001702f6ec,0,0,2026-08-24T14:20:11,6a277112000000002b02b797,complete,endpoint_exhausted,
account_guangzhou,9340,verified_local_broadband_guangzhou,guangzhou,3,,reply,6a261acc000000001702f6ec,3,1,2026-08-24T14:20:41,6a2770a9000000002a030d0e,complete,endpoint_exhausted,
account_guangzhou,9340,verified_local_broadband_guangzhou,guangzhou,0,,reply,6a261acc000000001702f6ec,0,0,2026-08-24T14:20:41,6a27705c0000000028032173,complete,endpoint_exhausted,
account_guangzhou,9340,verified_local_broadband_guangzhou,guangzhou,0,,reply,6a261acc000000001702f6ec,0,0,2026-08-24T14:20:41,6a276fb0000000002b02477c,complete,endpoint_exhausted,
account_guangzhou,9340,verified_local_broadband_guangzhou,guangzhou,0,,reply,6a261acc000000001702f6ec,0,0,2026-08-24T14:20:41,6a276f9a0000000028033e9a,complete,endpoint_exhausted,
account_guangzhou,9340,verified_local_broadband_guangzhou,guangzhou,0,,reply,6a261acc000000001702f6ec,0,0,2026-08-24T14:20:41,6a276f980000000028039fcf,complete,endpoint_exhausted,
account_guangzhou,9340,verified_local_broadband_guangzhou,guangzhou,0,,reply,6a261acc000000001702f6ec,0,0,2026-08-24T14:20:41,6a276ed30000000027020566,complete,endpoint_exhausted,
account_guangzhou,9340,verified_local_broadband_guangzhou,guangzhou,0,,reply,6a261acc000000001702f6ec,0,0,2026-08-24T14:20:41,6a276cd80000000028030730,complete,endpoint_exhausted,
account_guangzhou,9340,verified_local_broadband_guangzhou,guangzhou,0,,reply,6a261acc000000001702f6ec,0,0,2026-08-24T14:20:41,6a276cae000000002701cb75,complete,endpoint_exhausted,
account_guangzhou,9340,verified_local_broadband_guangzhou,guangzhou,0,,reply,6a261acc000000001702f6ec,0,0,2026-08-24T14:20:41,6a276b2a00000000280091f9,complete,endpoint_exhausted,
account_guangzhou,9340,verified_local_broadband_guangzhou,guangzhou,0,,reply,6a261acc000000001702f6ec,0,0,2026-08-24T14:20:41,6a276a32000000002800a84d,complete,endpoint_exhausted,
account_guangzhou,9340,verified_local_broadband_guangzhou,guangzhou,0,,reply,6a261acc000000001702f6ec,0,0,2026-08-24T14:20:57,6a27678d000000002b027ff1,complete,endpoint_exhausted,
account_guangzhou,9340,verified_local_broadband_guangzhou,guangzhou,0,,reply,6a261acc000000001702f6ec,0,0,2026-08-24T14:20:57,6a27673b000000002800afc0,complete,endpoint_exhausted,
account_guangzhou,9340,verified_local_broadband_guangzhou,guangzhou,0,,reply,6a261acc000000001702f6ec,0,0,2026-08-24T14:20:57,6a276647000000002803dddf,complete,endpoint_exhausted,
account_guangzhou,9340,verified_local_broadband_guangzhou,guangzhou,0,,reply,6a261acc000000001702f6ec,0,0,2026-08-24T14:20:57,6a2765cf000000002800b41c,complete,endpoint_exhausted,
account_guangzhou,9340,verified_local_broadband_guangzhou,guangzhou,0,,reply,6a261acc000000001702f6ec,0,0,2026-08-24T14:20:57,6a2763450000000029037cea,complete,endpoint_exhausted,
account_guangzhou,9340,verified_local_broadband_guangzhou,guangzhou,0,,reply,6a261acc000000001702f6ec,0,0,2026-08-24T14:20:57,6a27633e000000002a0265fd,complete,endpoint_exhausted,
account_guangzhou,9340,verified_local_broadband_guangzhou,guangzhou,0,,reply,6a261acc000000001702f6ec,0,0,2026-08-24T14:20:57,6a276247000000002803bcde,complete,endpoint_exhausted,
account_guangzhou,9340,verified_local_broadband_guangzhou,guangzhou,0,,reply,6a261acc000000001702f6ec,0,0,2026-08-24T14:20:57,6a276095000000002b0039c1,complete,endpoint_exhausted,
account_guangzhou,9340,verified_local_broadband_guangzhou,guangzhou,0,,reply,6a261acc000000001702f6ec,0,0,2026-08-24T14:20:57,6a27600500000000280371e4,complete,endpoint_exhausted,
account_guangzhou,9340,verified_local_broadband_guangzhou,guangzhou,3,,reply,6a261acc000000001702f6ec,3,1,2026-08-24T14:21:12,6a275ebd0000000028032cec,complete,endpoint_exhausted,
account_guangzhou,9340,verified_local_broadband_guangzhou,guangzhou,0,,reply,6a261acc000000001702f6ec,0,0,2026-08-24T14:21:27,6a275cd9000000002902f67f,complete,endpoint_exhausted,
account_guangzhou,9340,verified_local_broadband_guangzhou,guangzhou,0,,reply,6a261acc000000001702f6ec,0,0,2026-08-24T14:21:27,6a275bcb000000002a0267f9,complete,endpoint_exhausted,
account_guangzhou,9340,verified_local_broadband_guangzhou,guangzhou,0,,reply,6a261acc000000001702f6ec,0,0,2026-08-24T14:21:27,6a275b81000000002a033a6c,complete,endpoint_exhausted,
account_guangzhou,9340,verified_local_broadband_guangzhou,guangzhou,0,,reply,6a261acc000000001702f6ec,0,0,2026-08-24T14:21:27,6a2757f30000000027020c37,complete,endpoint_exhausted,
account_guangzhou,9340,verified_local_broadband_guangzhou,guangzhou,0,,reply,6a261acc000000001702f6ec,0,0,2026-08-24T14:21:27,6a2757ef0000000027014ba7,complete,endpoint_exhausted,
account_guangzhou,9340,verified_local_broadband_guangzhou,guangzhou,0,,reply,6a261acc000000001702f6ec,0,0,2026-08-24T14:21:27,6a27545b000000002a032cf9,complete,endpoint_exhausted,
account_guangzhou,9340,verified_local_broadband_guangzhou,guangzhou,0,,reply,6a261acc000000001702f6ec,0,0,2026-08-24T14:21:27,6a2753f8000000002b027956,complete,endpoint_exhausted,
account_guangzhou,9340,verified_local_broadband_guangzhou,guangzhou,0,,reply,6a261acc000000001702f6ec,0,0,2026-08-24T14:21:27,6a274fda000000002b027682,complete,endpoint_exhausted,
account_guangzhou,9340,verified_local_broadband_guangzhou,guangzhou,0,,reply,6a261acc000000001702f6ec,0,0,2026-08-24T14:21:27,6a274fb7000000002900c441,complete,endpoint_exhausted,
account_guangzhou,9340,verified_local_broadband_guangzhou,guangzhou,0,,reply,6a261acc000000001702f6ec,0,0,2026-08-24T14:21:27,6a274ef0000000002a02444c,complete,endpoint_exhausted,
account_guangzhou,9340,verified_local_broadband_guangzhou,guangzhou,0,,reply,6a261acc000000001702f6ec,0,0,2026-08-24T14:21:43,6a274e6d000000002902fec0,complete,endpoint_exhausted,
account_guangzhou,9340,verified_local_broadband_guangzhou,guangzhou,0,,reply,6a261acc000000001702f6ec,0,0,2026-08-24T14:21:43,6a274de8000000002900e3fd,complete,endpoint_exhausted,
account_guangzhou,9340,verified_local_broadband_guangzhou,guangzhou,0,,reply,6a261acc000000001702f6ec,0,0,2026-08-24T14:21:43,6a274d3a00000000280359c3,complete,endpoint_exhausted,
account_guangzhou,9340,verified_local_broadband_guangzhou,guangzhou,0,,reply,6a261acc000000001702f6ec,0,0,2026-08-24T14:21:43,6a274625000000002a025bc3,complete,endpoint_exhausted,
account_guangzhou,9340,verified_local_broadband_guangzhou,guangzhou,0,,reply,6a261acc000000001702f6ec,0,0,2026-08-24T14:21:43,6a2745b9000000002b024842,complete,endpoint_exhausted,
account_guangzhou,9340,verified_local_broadband_guangzhou,guangzhou,0,,reply,6a261acc000000001702f6ec,0,0,2026-08-24T14:21:43,6a274153000000002701c6db,complete,endpoint_exhausted,
account_guangzhou,9340,verified_local_broadband_guangzhou,guangzhou,0,,reply,6a261acc000000001702f6ec,0,0,2026-08-24T14:21:43,6a273b270000000027015df9,complete,endpoint_exhausted,
account_guangzhou,9340,verified_local_broadband_guangzhou,guangzhou,0,,reply,6a261acc000000001702f6ec,0,0,2026-08-24T14:21:43,6a2739a6000000000d021c01,complete,endpoint_exhausted,
account_guangzhou,9340,verified_local_broadband_guangzhou,guangzhou,0,,reply,6a261acc000000001702f6ec,0,0,2026-08-24T14:21:43,6a273530000000002b026d59,complete,endpoint_exhausted,
account_guangzhou,9340,verified_local_broadband_guangzhou,guangzhou,0,,reply,6a261acc000000001702f6ec,0,0,2026-08-24T14:21:43,6a2731b40000000029018f2d,complete,endpoint_exhausted,
account_guangzhou,9340,verified_local_broadband_guangzhou,guangzhou,0,,reply,6a261acc000000001702f6ec,0,0,2026-08-24T14:21:58,6a272d2e000000002b0009dc,complete,endpoint_exhausted,
account_guangzhou,9340,verified_local_broadband_guangzhou,guangzhou,9,,reply,6a261acc000000001702f6ec,9,2,2026-08-24T14:22:29,6a27287d0000000029011626,complete,endpoint_exhausted,
account_guangzhou,9340,verified_local_broadband_guangzhou,guangzhou,0,,reply,6a261acc000000001702f6ec,0,0,2026-08-24T14:22:29,6a272847000000002702bff7,complete,endpoint_exhausted,
account_guangzhou,9340,verified_local_broadband_guangzhou,guangzhou,0,,reply,6a261acc000000001702f6ec,0,0,2026-08-24T14:22:29,6a2726ed0000000029010e81,complete,endpoint_exhausted,
account_guangzhou,9340,verified_local_broadband_guangzhou,guangzhou,0,,reply,6a261acc000000001702f6ec,0,0,2026-08-24T14:22:29,6a2726ab000000002900e4cb,complete,endpoint_exhausted,
account_guangzhou,9340,verified_local_broadband_guangzhou,guangzhou,1,,reply,6a261acc000000001702f6ec,1,0,2026-08-24T14:22:29,6a2723cb0000000028039c80,complete,endpoint_exhausted,
account_guangzhou,9340,verified_local_broadband_guangzhou,guangzhou,0,,reply,6a261acc000000001702f6ec,0,0,2026-08-24T14:22:29,6a272164000000002a031386,complete,endpoint_exhausted,
account_guangzhou,9340,verified_local_broadband_guangzhou,guangzhou,0,,reply,6a261acc000000001702f6ec,0,0,2026-08-24T14:22:29,6a27214b000000002b001e59,complete,endpoint_exhausted,
account_guangzhou,9340,verified_local_broadband_guangzhou,guangzhou,0,,reply,6a261acc000000001702f6ec,0,0,2026-08-24T14:22:29,6a271fca0000000027029562,complete,endpoint_exhausted,
account_guangzhou,9340,verified_local_broadband_guangzhou,guangzhou,0,,reply,6a261acc000000001702f6ec,0,0,2026-08-24T14:22:29,6a271f38000000002a030a2c,complete,endpoint_exhausted,
account_guangzhou,9340,verified_local_broadband_guangzhou,guangzhou,1,,reply,6a261acc000000001702f6ec,1,0,2026-08-24T14:22:44,6a271c4800000000270281af,complete,endpoint_exhausted,
account_guangzhou,9340,verified_local_broadband_guangzhou,guangzhou,0,,reply,6a261acc000000001702f6ec,0,0,2026-08-24T14:22:44,6a2719d40000000029010237,complete,endpoint_exhausted,
account_guangzhou,9340,verified_local_broadband_guangzhou,guangzhou,0,,reply,6a261acc000000001702f6ec,0,0,2026-08-24T14:22:44,6a27174c0000000028034325,complete,endpoint_exhausted,
account_guangzhou,9340,verified_local_broadband_guangzhou,guangzhou,0,,reply,6a261acc000000001702f6ec,0,0,2026-08-24T14:22:44,6a271547000000002902fe7c,complete,endpoint_exhausted,
account_guangzhou,9340,verified_local_broadband_guangzhou,guangzhou,0,,reply,6a261acc000000001702f6ec,0,0,2026-08-24T14:22:44,6a2713ea000000002a027489,complete,endpoint_exhausted,
account_guangzhou,9340,verified_local_broadband_guangzhou,guangzhou,0,,reply,6a261acc000000001702f6ec,0,0,2026-08-24T14:22:44,6a2713aa000000002803fff8,complete,endpoint_exhausted,
account_guangzhou,9340,verified_local_broadband_guangzhou,guangzhou,0,,reply,6a261acc000000001702f6ec,0,0,2026-08-24T14:22:44,6a271377000000002b001965,complete,endpoint_exhausted,
account_guangzhou,9340,verified_local_broadband_guangzhou,guangzhou,3,,reply,6a261acc000000001702f6ec,3,1,2026-08-24T14:22:59,6a2712c8000000002b02ad9f,complete,endpoint_exhausted,
account_guangzhou,9340,verified_local_broadband_guangzhou,guangzhou,0,,reply,6a261acc000000001702f6ec,0,0,2026-08-24T14:22:59,6a27126a000000002b001385,complete,endpoint_exhausted,
account_guangzhou,9340,verified_local_broadband_guangzhou,guangzhou,0,,reply,6a261acc000000001702f6ec,0,0,2026-08-24T14:22:59,6a27121c000000002b02a951,complete,endpoint_exhausted,
account_guangzhou,9340,verified_local_broadband_guangzhou,guangzhou,0,,reply,6a261acc000000001702f6ec,0,0,2026-08-24T14:23:15,6a2711e4000000002b001003,complete,endpoint_exhausted,
account_guangzhou,9340,verified_local_broadband_guangzhou,guangzhou,0,,reply,6a261acc000000001702f6ec,0,0,2026-08-24T14:23:15,6a2711b2000000002702edff,complete,endpoint_exhausted,
account_guangzhou,9340,verified_local_broadband_guangzhou,guangzhou,0,,reply,6a261acc000000001702f6ec,0,0,2026-08-24T14:23:15,6a271107000000002702e7d7,complete,endpoint_exhausted,
account_guangzhou,9340,verified_local_broadband_guangzhou,guangzhou,0,,reply,6a261acc000000001702f6ec,0,0,2026-08-24T14:23:15,6a2710e1000000002902e4f8,complete,endpoint_exhausted,
account_guangzhou,9340,verified_local_broadband_guangzhou,guangzhou,0,,reply,6a261acc000000001702f6ec,0,0,2026-08-24T14:23:15,6a270f5b0000000028032c3f,complete,endpoint_exhausted,
account_guangzhou,9340,verified_local_broadband_guangzhou,guangzhou,0,,reply,6a261acc000000001702f6ec,0,0,2026-08-24T14:23:15,6a270e1c000000002803cc8c,complete,endpoint_exhausted,
account_guangzhou,9340,verified_local_broadband_guangzhou,guangzhou,0,,reply,6a261acc000000001702f6ec,0,0,2026-08-24T14:23:15,6a270bcd000000002803586c,complete,endpoint_exhausted,
account_guangzhou,9340,verified_local_broadband_guangzhou,guangzhou,0,,reply,6a261acc000000001702f6ec,0,0,2026-08-24T14:23:15,6a270b7e000000002702b534,complete,endpoint_exhausted,
account_guangzhou,9340,verified_local_broadband_guangzhou,guangzhou,0,,reply,6a261acc000000001702f6ec,0,0,2026-08-24T14:23:15,6a270b44000000002803a5e3,complete,endpoint_exhausted,
account_guangzhou,9340,verified_local_broadband_guangzhou,guangzhou,0,,reply,6a261acc000000001702f6ec,0,0,2026-08-24T14:23:15,6a270b2d000000002701674e,complete,endpoint_exhausted,
account_guangzhou,9340,verified_local_broadband_guangzhou,guangzhou,0,,reply,6a261acc000000001702f6ec,0,0,2026-08-24T14:23:30,6a270a10000000002900cd18,complete,endpoint_exhausted,
account_guangzhou,9340,verified_local_broadband_guangzhou,guangzhou,0,,reply,6a261acc000000001702f6ec,0,0,2026-08-24T14:23:30,6a2709e700000000270157ea,complete,endpoint_exhausted,
account_guangzhou,9340,verified_local_broadband_guangzhou,guangzhou,0,,reply,6a261acc000000001702f6ec,0,0,2026-08-24T14:23:30,6a2709e6000000000d022001,complete,endpoint_exhausted,
account_guangzhou,9340,verified_local_broadband_guangzhou,guangzhou,0,,reply,6a261acc000000001702f6ec,0,0,2026-08-24T14:23:30,6a2708fd0000000028008f33,complete,endpoint_exhausted,
account_guangzhou,9340,verified_local_broadband_guangzhou,guangzhou,0,,reply,6a261acc000000001702f6ec,0,0,2026-08-24T14:23:30,6a2708e4000000002901bd9a,complete,endpoint_exhausted,
account_guangzhou,9340,verified_local_broadband_guangzhou,guangzhou,0,,reply,6a261acc000000001702f6ec,0,0,2026-08-24T14:23:30,6a2708770000000029012577,complete,endpoint_exhausted,
account_guangzhou,9340,verified_local_broadband_guangzhou,guangzhou,0,,reply,6a261acc000000001702f6ec,0,0,2026-08-24T14:23:30,6a2708380000000027020569,complete,endpoint_exhausted,
account_guangzhou,9340,verified_local_broadband_guangzhou,guangzhou,0,,reply,6a261acc000000001702f6ec,0,0,2026-08-24T14:23:30,6a2707c000000000290251c0,complete,endpoint_exhausted,
account_guangzhou,9340,verified_local_broadband_guangzhou,guangzhou,0,,reply,6a261acc000000001702f6ec,0,0,2026-08-24T14:23:30,6a2707b2000000002803ba9a,complete,endpoint_exhausted,
account_guangzhou,9340,verified_local_broadband_guangzhou,guangzhou,0,,reply,6a261acc000000001702f6ec,0,0,2026-08-24T14:23:30,6a2706cf000000002701717c,complete,endpoint_exhausted,
account_guangzhou,9340,verified_local_broadband_guangzhou,guangzhou,1,,reply,6a261acc000000001702f6ec,1,0,2026-08-24T14:23:46,6a27067b00000000280307ad,complete,endpoint_exhausted,
account_guangzhou,9340,verified_local_broadband_guangzhou,guangzhou,0,,reply,6a261acc000000001702f6ec,0,0,2026-08-24T14:23:46,6a270658000000002702ee79,complete,endpoint_exhausted,
account_guangzhou,9340,verified_local_broadband_guangzhou,guangzhou,0,,reply,6a261acc000000001702f6ec,0,0,2026-08-24T14:23:46,6a27064b000000002901a5bb,complete,endpoint_exhausted,
account_guangzhou,9340,verified_local_broadband_guangzhou,guangzhou,0,,reply,6a261acc000000001702f6ec,0,0,2026-08-24T14:23:46,6a27054d000000002702ab07,complete,endpoint_exhausted,
account_guangzhou,9340,verified_local_broadband_guangzhou,guangzhou,0,,reply,6a261acc000000001702f6ec,0,0,2026-08-24T14:23:46,6a2704f6000000002a02d8db,complete,endpoint_exhausted,
account_guangzhou,9340,verified_local_broadband_guangzhou,guangzhou,0,,reply,6a261acc000000001702f6ec,0,0,2026-08-24T14:23:46,6a2704e7000000000d023c00,complete,endpoint_exhausted,
account_guangzhou,9340,verified_local_broadband_guangzhou,guangzhou,0,,reply,6a261acc000000001702f6ec,0,0,2026-08-24T14:23:46,6a2704ad000000002a006f47,complete,endpoint_exhausted,
account_guangzhou,9340,verified_local_broadband_guangzhou,guangzhou,0,,reply,6a261acc000000001702f6ec,0,0,2026-08-24T14:23:46,6a27047f00000000290356c9,complete,endpoint_exhausted,
account_guangzhou,9340,verified_local_broadband_guangzhou,guangzhou,0,,reply,6a261acc000000001702f6ec,0,0,2026-08-24T14:23:46,6a27038a0000000027014323,complete,endpoint_exhausted,
account_guangzhou,9340,verified_local_broadband_guangzhou,guangzhou,0,,reply,6a261acc000000001702f6ec,0,0,2026-08-24T14:23:46,6a27022a000000002702f1fb,complete,endpoint_exhausted,
account_guangzhou,9340,verified_local_broadband_guangzhou,guangzhou,3,,reply,6a261acc000000001702f6ec,3,1,2026-08-24T14:24:16,6a2701fb000000002b00050a,complete,endpoint_exhausted,
account_guangzhou,9340,verified_local_broadband_guangzhou,guangzhou,0,,reply,6a261acc000000001702f6ec,0,0,2026-08-24T14:24:16,6a2701b8000000002702ebee,complete,endpoint_exhausted,
account_guangzhou,9340,verified_local_broadband_guangzhou,guangzhou,0,,reply,6a261acc000000001702f6ec,0,0,2026-08-24T14:24:16,6a27004f000000002b0030ea,complete,endpoint_exhausted,
account_guangzhou,9340,verified_local_broadband_guangzhou,guangzhou,2,,reply,6a261acc000000001702f6ec,2,1,2026-08-24T14:24:31,6a27004e0000000028032d54,complete,endpoint_exhausted,
account_guangzhou,9340,verified_local_broadband_guangzhou,guangzhou,0,,reply,6a261acc000000001702f6ec,0,0,2026-08-24T14:24:32,6a270033000000002902ccf0,complete,endpoint_exhausted,
account_guangzhou,9340,verified_local_broadband_guangzhou,guangzhou,0,,reply,6a261acc000000001702f6ec,0,0,2026-08-24T14:24:32,6a270008000000002b002d9c,complete,endpoint_exhausted,
account_guangzhou,9340,verified_local_broadband_guangzhou,guangzhou,0,,reply,6a261acc000000001702f6ec,0,0,2026-08-24T14:24:32,6a2700060000000029027c75,complete,endpoint_exhausted,
account_guangzhou,9340,verified_local_broadband_guangzhou,guangzhou,0,,reply,6a261acc000000001702f6ec,0,0,2026-08-24T14:24:32,6a2700010000000029012aa9,complete,endpoint_exhausted,
account_guangzhou,9340,verified_local_broadband_guangzhou,guangzhou,0,,reply,6a261acc000000001702f6ec,0,0,2026-08-24T14:24:32,6a26ff76000000002a0317e4,complete,endpoint_exhausted,
account_guangzhou,9340,verified_local_broadband_guangzhou,guangzhou,1,,reply,6a261acc000000001702f6ec,1,0,2026-08-24T14:24:32,6a26ff110000000027028b8c,complete,endpoint_exhausted,
account_guangzhou,9340,verified_local_broadband_guangzhou,guangzhou,0,,reply,6a261acc000000001702f6ec,0,0,2026-08-24T14:24:47,6a26feb9000000002a030f87,complete,endpoint_exhausted,
account_guangzhou,9340,verified_local_broadband_guangzhou,guangzhou,0,,reply,6a261acc000000001702f6ec,0,0,2026-08-24T14:24:47,6a26fe7f000000002a02d038,complete,endpoint_exhausted,
account_guangzhou,9340,verified_local_broadband_guangzhou,guangzhou,0,,reply,6a261acc000000001702f6ec,0,0,2026-08-24T14:24:47,6a26fe7a000000002701f627,complete,endpoint_exhausted,
account_guangzhou,9340,verified_local_broadband_guangzhou,guangzhou,0,,reply,6a261acc000000001702f6ec,0,0,2026-08-24T14:24:47,6a26fe540000000029034e48,complete,endpoint_exhausted,
account_guangzhou,9340,verified_local_broadband_guangzhou,guangzhou,1,,reply,6a261acc000000001702f6ec,1,0,2026-08-24T14:24:47,6a26fda900000000290102cd,complete,endpoint_exhausted,
account_guangzhou,9340,verified_local_broadband_guangzhou,guangzhou,0,,reply,6a261acc000000001702f6ec,0,0,2026-08-24T14:24:47,6a26fd760000000028034435,complete,endpoint_exhausted,
account_guangzhou,9340,verified_local_broadband_guangzhou,guangzhou,0,,reply,6a261acc000000001702f6ec,0,0,2026-08-24T14:24:47,6a26fcf1000000002702dcfb,complete,endpoint_exhausted,
account_guangzhou,9340,verified_local_broadband_guangzhou,guangzhou,0,,reply,6a261acc000000001702f6ec,0,0,2026-08-24T14:24:47,6a26fbf0000000002702c9f9,complete,endpoint_exhausted,
account_guangzhou,9340,verified_local_broadband_guangzhou,guangzhou,0,,reply,6a261acc000000001702f6ec,0,0,2026-08-24T14:24:47,6a26fb38000000002a032196,complete,endpoint_exhausted,
account_guangzhou,9340,verified_local_broadband_guangzhou,guangzhou,0,,reply,6a261acc000000001702f6ec,0,0,2026-08-24T14:24:47,6a26fb1b000000002800b840,complete,endpoint_exhausted,
account_guangzhou,9340,verified_local_broadband_guangzhou,guangzhou,0,,reply,6a261acc000000001702f6ec,0,0,2026-08-24T14:25:02,6a26fab2000000002701eee4,complete,endpoint_exhausted,
account_guangzhou,9340,verified_local_broadband_guangzhou,guangzhou,0,,reply,6a261acc000000001702f6ec,0,0,2026-08-24T14:25:02,6a26fa36000000002a00670b,complete,endpoint_exhausted,
account_guangzhou,9340,verified_local_broadband_guangzhou,guangzhou,0,,reply,6a261acc000000001702f6ec,0,0,2026-08-24T14:25:02,6a26fa140000000027021e24,complete,endpoint_exhausted,
account_guangzhou,9340,verified_local_broadband_guangzhou,guangzhou,0,,reply,6a261acc000000001702f6ec,0,0,2026-08-24T14:25:02,6a26f9ab000000002701db4a,complete,endpoint_exhausted,
account_guangzhou,9340,verified_local_broadband_guangzhou,guangzhou,0,,reply,6a261acc000000001702f6ec,0,0,2026-08-24T14:25:02,6a26f9570000000028038b8d,complete,endpoint_exhausted,
account_guangzhou,9340,verified_local_broadband_guangzhou,guangzhou,0,,reply,6a261acc000000001702f6ec,0,0,2026-08-24T14:25:02,6a26f956000000002a03046d,complete,endpoint_exhausted,
account_guangzhou,9340,verified_local_broadband_guangzhou,guangzhou,0,,reply,6a261acc000000001702f6ec,0,0,2026-08-24T14:25:02,6a26f8ee000000002a033c84,complete,endpoint_exhausted,
account_guangzhou,9340,verified_local_broadband_guangzhou,guangzhou,0,,reply,6a261acc000000001702f6ec,0,0,2026-08-24T14:25:02,6a26f8e100000000290343eb,complete,endpoint_exhausted,
account_guangzhou,9340,verified_local_broadband_guangzhou,guangzhou,0,,reply,6a261acc000000001702f6ec,0,0,2026-08-24T14:25:02,6a26f8cc000000002902514b,complete,endpoint_exhausted,
account_guangzhou,9340,verified_local_broadband_guangzhou,guangzhou,0,,reply,6a261acc000000001702f6ec,0,0,2026-08-24T14:25:02,6a26f8c0000000002800888f,complete,endpoint_exhausted,
account_guangzhou,9340,verified_local_broadband_guangzhou,guangzhou,0,,reply,6a261acc000000001702f6ec,0,0,2026-08-24T14:25:18,6a26f8690000000029011735,complete,endpoint_exhausted,
account_guangzhou,9340,verified_local_broadband_guangzhou,guangzhou,0,,reply,6a261acc000000001702f6ec,0,0,2026-08-24T14:25:18,6a26f809000000002b0243b3,complete,endpoint_exhausted,
account_guangzhou,9340,verified_local_broadband_guangzhou,guangzhou,0,,reply,6a261acc000000001702f6ec,0,0,2026-08-24T14:25:18,6a26f7ff00000000290374a5,complete,endpoint_exhausted,
account_guangzhou,9340,verified_local_broadband_guangzhou,guangzhou,0,,reply,6a261acc000000001702f6ec,0,0,2026-08-24T14:25:18,6a26f7d0000000002900d459,complete,endpoint_exhausted,
account_guangzhou,9340,verified_local_broadband_guangzhou,guangzhou,0,,reply,6a261acc000000001702f6ec,0,0,2026-08-24T14:25:18,6a26f7a2000000002a024b56,complete,endpoint_exhausted,
account_guangzhou,9340,verified_local_broadband_guangzhou,guangzhou,0,,reply,6a261acc000000001702f6ec,0,0,2026-08-24T14:25:18,6a26f799000000002901a251,complete,endpoint_exhausted,
account_guangzhou,9340,verified_local_broadband_guangzhou,guangzhou,0,,reply,6a261acc000000001702f6ec,0,0,2026-08-24T14:25:18,6a26f75a000000002900c8e1,complete,endpoint_exhausted,
account_guangzhou,9340,verified_local_broadband_guangzhou,guangzhou,0,,reply,6a261acc000000001702f6ec,0,0,2026-08-24T14:25:18,6a26f70e000000002702d846,complete,endpoint_exhausted,
account_guangzhou,9340,verified_local_broadband_guangzhou,guangzhou,0,,reply,6a261acc000000001702f6ec,0,0,2026-08-24T14:25:18,6a26f6e4000000002803e307,complete,endpoint_exhausted,
account_guangzhou,9340,verified_local_broadband_guangzhou,guangzhou,0,,reply,6a261acc000000001702f6ec,0,0,2026-08-24T14:25:18,6a26f6b50000000029026d58,complete,endpoint_exhausted,
account_guangzhou,9340,verified_local_broadband_guangzhou,guangzhou,0,,reply,6a261acc000000001702f6ec,0,0,2026-08-24T14:25:33,6a26f60c000000002702ff8b,complete,endpoint_exhausted,
account_guangzhou,9340,verified_local_broadband_guangzhou,guangzhou,0,,reply,6a261acc000000001702f6ec,0,0,2026-08-24T14:25:33,6a26f5e2000000002900e22e,complete,endpoint_exhausted,
account_guangzhou,9340,verified_local_broadband_guangzhou,guangzhou,0,,reply,6a261acc000000001702f6ec,0,0,2026-08-24T14:25:33,6a26f52d000000002a03350d,complete,endpoint_exhausted,
account_guangzhou,9340,verified_local_broadband_guangzhou,guangzhou,0,,reply,6a261acc000000001702f6ec,0,0,2026-08-24T14:25:33,6a26f5090000000027016a14,complete,endpoint_exhausted,
account_guangzhou,9340,verified_local_broadband_guangzhou,guangzhou,0,,reply,6a261acc000000001702f6ec,0,0,2026-08-24T14:25:33,6a26f4ff000000002701690c,complete,endpoint_exhausted,
account_guangzhou,9340,verified_local_broadband_guangzhou,guangzhou,0,,reply,6a261acc000000001702f6ec,0,0,2026-08-24T14:25:33,6a26f4cc000000002800a65e,complete,endpoint_exhausted,
account_guangzhou,9340,verified_local_broadband_guangzhou,guangzhou,0,,reply,6a261acc000000001702f6ec,0,0,2026-08-24T14:25:33,6a26f4720000000028037663,complete,endpoint_exhausted,
account_guangzhou,9340,verified_local_broadband_guangzhou,guangzhou,0,,reply,6a261acc000000001702f6ec,0,0,2026-08-24T14:25:33,6a26f458000000002701e185,complete,endpoint_exhausted,
account_guangzhou,9340,verified_local_broadband_guangzhou,guangzhou,0,,reply,6a261acc000000001702f6ec,0,0,2026-08-24T14:25:33,6a26f449000000002803e0bc,complete,endpoint_exhausted,
account_guangzhou,9340,verified_local_broadband_guangzhou,guangzhou,0,,reply,6a261acc000000001702f6ec,0,0,2026-08-24T14:25:33,6a26f42a000000002702cf9e,complete,endpoint_exhausted,
account_guangzhou,9340,verified_local_broadband_guangzhou,guangzhou,0,,reply,6a261acc000000001702f6ec,0,0,2026-08-24T14:25:48,6a26f3fb0000000029027a2f,complete,endpoint_exhausted,
account_guangzhou,9340,verified_local_broadband_guangzhou,guangzhou,0,,reply,6a261acc000000001702f6ec,0,0,2026-08-24T14:25:48,6a26f3ce000000002a024341,complete,endpoint_exhausted,
account_guangzhou,9340,verified_local_broadband_guangzhou,guangzhou,0,,reply,6a261acc000000001702f6ec,0,0,2026-08-24T14:25:48,6a26f3bf000000002702c3e2,complete,endpoint_exhausted,
account_guangzhou,9340,verified_local_broadband_guangzhou,guangzhou,0,,reply,6a261acc000000001702f6ec,0,0,2026-08-24T14:25:48,6a26f3950000000027014574,complete,endpoint_exhausted,
account_guangzhou,9340,verified_local_broadband_guangzhou,guangzhou,0,,reply,6a261acc000000001702f6ec,0,0,2026-08-24T14:25:48,6a26f34d000000002701c60d,complete,endpoint_exhausted,
account_guangzhou,9340,verified_local_broadband_guangzhou,guangzhou,0,,reply,6a261acc000000001702f6ec,0,0,2026-08-24T14:25:48,6a26f346000000002800808d,complete,endpoint_exhausted,
account_guangzhou,9340,verified_local_broadband_guangzhou,guangzhou,0,,reply,6a261acc000000001702f6ec,0,0,2026-08-24T14:25:48,6a26f3380000000027017b1c,complete,endpoint_exhausted,
account_guangzhou,9340,verified_local_broadband_guangzhou,guangzhou,0,,reply,6a261acc000000001702f6ec,0,0,2026-08-24T14:25:48,6a26f331000000002b02bbf6,complete,endpoint_exhausted,
account_guangzhou,9340,verified_local_broadband_guangzhou,guangzhou,0,,reply,6a261acc000000001702f6ec,0,0,2026-08-24T14:25:48,6a26f30a0000000029026630,complete,endpoint_exhausted,
account_guangzhou,9340,verified_local_broadband_guangzhou,guangzhou,0,,reply,6a261acc000000001702f6ec,0,0,2026-08-24T14:25:48,6a26f2ee000000002b026024,complete,endpoint_exhausted,
account_guangzhou,9340,verified_local_broadband_guangzhou,guangzhou,0,,reply,6a261acc000000001702f6ec,0,0,2026-08-24T14:26:04,6a26f2dd0000000028034d00,complete,endpoint_exhausted,
account_guangzhou,9340,verified_local_broadband_guangzhou,guangzhou,0,,reply,6a261acc000000001702f6ec,0,0,2026-08-24T14:26:04,6a26f2c1000000002803058a,complete,endpoint_exhausted,
account_guangzhou,9340,verified_local_broadband_guangzhou,guangzhou,0,,reply,6a261acc000000001702f6ec,0,0,2026-08-24T14:26:04,6a26f2c00000000029025fdc,complete,endpoint_exhausted,
account_guangzhou,9340,verified_local_broadband_guangzhou,guangzhou,0,,reply,6a261acc000000001702f6ec,0,0,2026-08-24T14:26:04,6a26f2a7000000002803a504,complete,endpoint_exhausted,
account_guangzhou,9340,verified_local_broadband_guangzhou,guangzhou,0,,reply,6a261acc000000001702f6ec,0,0,2026-08-24T14:26:04,6a26f294000000002901833c,complete,endpoint_exhausted,
account_guangzhou,9340,verified_local_broadband_guangzhou,guangzhou,11,,reply,6a261acc000000001702f6ec,11,2,2026-08-24T14:26:34,6a26f287000000002900c1ea,complete,endpoint_exhausted,
account_guangzhou,9340,verified_local_broadband_guangzhou,guangzhou,0,,reply,6a261acc000000001702f6ec,0,0,2026-08-24T14:26:34,6a26f2790000000027016674,complete,endpoint_exhausted,
account_guangzhou,9340,verified_local_broadband_guangzhou,guangzhou,0,,reply,6a261acc000000001702f6ec,0,0,2026-08-24T14:26:34,6a26f24f00000000270161db,complete,endpoint_exhausted,
account_guangzhou,9340,verified_local_broadband_guangzhou,guangzhou,0,,reply,6a261acc000000001702f6ec,0,0,2026-08-24T14:26:34,6a26f243000000002701609d,complete,endpoint_exhausted,
account_guangzhou,9340,verified_local_broadband_guangzhou,guangzhou,0,,reply,6a261acc000000001702f6ec,0,0,2026-08-24T14:26:34,6a26f235000000002701e5da,complete,endpoint_exhausted,
account_guangzhou,9340,verified_local_broadband_guangzhou,guangzhou,0,,reply,6a261acc000000001702f6ec,0,0,2026-08-24T14:26:50,6a26f2080000000027021293,complete,endpoint_exhausted,
account_guangzhou,9340,verified_local_broadband_guangzhou,guangzhou,0,,reply,6a261acc000000001702f6ec,0,0,2026-08-24T14:26:50,6a26f1fa000000002902e89f,complete,endpoint_exhausted,
account_guangzhou,9340,verified_local_broadband_guangzhou,guangzhou,0,,reply,6a261acc000000001702f6ec,0,0,2026-08-24T14:26:50,6a26f1c4000000002901b1c7,complete,endpoint_exhausted,
account_guangzhou,9340,verified_local_broadband_guangzhou,guangzhou,0,,reply,6a261acc000000001702f6ec,0,0,2026-08-24T14:26:50,6a26f1bc000000000d021400,complete,endpoint_exhausted,
account_guangzhou,9340,verified_local_broadband_guangzhou,guangzhou,0,,reply,6a261acc000000001702f6ec,0,0,2026-08-24T14:26:50,6a26f143000000002701cae3,complete,endpoint_exhausted,
account_guangzhou,9340,verified_local_broadband_guangzhou,guangzhou,0,,reply,6a261acc000000001702f6ec,0,0,2026-08-24T14:26:50,6a26f130000000002803cca9,complete,endpoint_exhausted,
account_guangzhou,9340,verified_local_broadband_guangzhou,guangzhou,0,,reply,6a261acc000000001702f6ec,0,0,2026-08-24T14:26:50,6a26f094000000002a0242a3,complete,endpoint_exhausted,
account_guangzhou,9340,verified_local_broadband_guangzhou,guangzhou,1,,reply,6a261acc000000001702f6ec,1,0,2026-08-24T14:26:50,6a26f05a000000002701f2ac,complete,endpoint_exhausted,
account_guangzhou,9340,verified_local_broadband_guangzhou,guangzhou,0,,reply,6a261acc000000001702f6ec,0,0,2026-08-24T14:26:50,6a26f051000000002902c1fa,complete,endpoint_exhausted,
account_guangzhou,9340,verified_local_broadband_guangzhou,guangzhou,1,,reply,6a261acc000000001702f6ec,1,0,2026-08-24T14:26:50,6a26f01e0000000027015eaa,complete,endpoint_exhausted,
account_guangzhou,9340,verified_local_broadband_guangzhou,guangzhou,0,,reply,6a261acc000000001702f6ec,0,0,2026-08-24T14:27:05,6a26efbd0000000027020c45,complete,endpoint_exhausted,
account_guangzhou,9340,verified_local_broadband_guangzhou,guangzhou,0,,reply,6a261acc000000001702f6ec,0,0,2026-08-24T14:27:05,6a26ef970000000028038b7a,complete,endpoint_exhausted,
account_guangzhou,9340,verified_local_broadband_guangzhou,guangzhou,0,,reply,6a261acc000000001702f6ec,0,0,2026-08-24T14:27:05,6a26ef7e000000002a03379d,complete,endpoint_exhausted,
account_guangzhou,9340,verified_local_broadband_guangzhou,guangzhou,0,,reply,6a261acc000000001702f6ec,0,0,2026-08-24T14:27:05,6a26ef7c000000002901bbd7,complete,endpoint_exhausted,
account_guangzhou,9340,verified_local_broadband_guangzhou,guangzhou,0,,reply,6a261acc000000001702f6ec,0,0,2026-08-24T14:27:05,6a26ef420000000027023db7,complete,endpoint_exhausted,
account_guangzhou,9340,verified_local_broadband_guangzhou,guangzhou,1,,reply,6a261acc000000001702f6ec,1,0,2026-08-24T14:27:05,6a26ef410000000028038020,complete,endpoint_exhausted,
account_guangzhou,9340,verified_local_broadband_guangzhou,guangzhou,0,,reply,6a261acc000000001702f6ec,0,0,2026-08-24T14:27:05,6a26ef3e000000002a02fa77,complete,endpoint_exhausted,
account_guangzhou,9340,verified_local_broadband_guangzhou,guangzhou,0,,reply,6a261acc000000001702f6ec,0,0,2026-08-24T14:27:05,6a26ee9b000000002803abae,complete,endpoint_exhausted,
account_guangzhou,9340,verified_local_broadband_guangzhou,guangzhou,0,,reply,6a261acc000000001702f6ec,0,0,2026-08-24T14:27:05,6a26ee92000000002a00790c,complete,endpoint_exhausted,
account_guangzhou,9340,verified_local_broadband_guangzhou,guangzhou,0,,reply,6a261acc000000001702f6ec,0,0,2026-08-24T14:27:05,6a26ee6c00000000270166eb,complete,endpoint_exhausted,
account_guangzhou,9340,verified_local_broadband_guangzhou,guangzhou,0,,reply,6a261acc000000001702f6ec,0,0,2026-08-24T14:27:20,6a26ee66000000002a02e439,complete,endpoint_exhausted,
account_guangzhou,9340,verified_local_broadband_guangzhou,guangzhou,0,,reply,6a261acc000000001702f6ec,0,0,2026-08-24T14:27:20,6a26ee5f000000002803a51f,complete,endpoint_exhausted,
account_guangzhou,9340,verified_local_broadband_guangzhou,guangzhou,0,,reply,6a261acc000000001702f6ec,0,0,2026-08-24T14:27:20,6a26ee30000000002a02de75,complete,endpoint_exhausted,
account_guangzhou,9340,verified_local_broadband_guangzhou,guangzhou,0,,reply,6a261acc000000001702f6ec,0,0,2026-08-24T14:27:20,6a26ee12000000002b002a25,complete,endpoint_exhausted,
account_guangzhou,9340,verified_local_broadband_guangzhou,guangzhou,0,,reply,6a261acc000000001702f6ec,0,0,2026-08-24T14:27:20,6a26edf4000000002a031118,complete,endpoint_exhausted,
account_guangzhou,9340,verified_local_broadband_guangzhou,guangzhou,0,,reply,6a261acc000000001702f6ec,0,0,2026-08-24T14:27:20,6a26ed6f0000000028038832,complete,endpoint_exhausted,
account_guangzhou,9340,verified_local_broadband_guangzhou,guangzhou,0,,reply,6a261acc000000001702f6ec,0,0,2026-08-24T14:27:20,6a26ed58000000002902660f,complete,endpoint_exhausted,
account_guangzhou,9340,verified_local_broadband_guangzhou,guangzhou,0,,reply,6a261acc000000001702f6ec,0,0,2026-08-24T14:27:20,6a26ed4b000000002b0261b3,complete,endpoint_exhausted,
account_guangzhou,9340,verified_local_broadband_guangzhou,guangzhou,0,,reply,6a261acc000000001702f6ec,0,0,2026-08-24T14:27:20,6a26ed4a000000002702f30b,complete,endpoint_exhausted,
account_guangzhou,9340,verified_local_broadband_guangzhou,guangzhou,0,,reply,6a261acc000000001702f6ec,0,0,2026-08-24T14:27:20,6a26ed38000000002a0270f1,complete,endpoint_exhausted,
account_guangzhou,9340,verified_local_broadband_guangzhou,guangzhou,0,,reply,6a261acc000000001702f6ec,0,0,2026-08-24T14:27:36,6a26ed36000000002901806e,complete,endpoint_exhausted,
account_guangzhou,9340,verified_local_broadband_guangzhou,guangzhou,0,,reply,6a261acc000000001702f6ec,0,0,2026-08-24T14:27:36,6a26ed2b00000000280354dd,complete,endpoint_exhausted,
account_guangzhou,9340,verified_local_broadband_guangzhou,guangzhou,1,,reply,6a261acc000000001702f6ec,1,0,2026-08-24T14:27:36,6a26ecf2000000000d023c01,complete,endpoint_exhausted,
account_guangzhou,9340,verified_local_broadband_guangzhou,guangzhou,0,,reply,6a261acc000000001702f6ec,0,0,2026-08-24T14:27:36,6a26ecc4000000002a033595,complete,endpoint_exhausted,
account_guangzhou,9340,verified_local_broadband_guangzhou,guangzhou,0,,reply,6a261acc000000001702f6ec,0,0,2026-08-24T14:27:36,6a26ecb9000000002901b1c0,complete,endpoint_exhausted,
account_guangzhou,9340,verified_local_broadband_guangzhou,guangzhou,0,,reply,6a261acc000000001702f6ec,0,0,2026-08-24T14:27:36,6a26ec960000000029010d42,complete,endpoint_exhausted,
account_guangzhou,9340,verified_local_broadband_guangzhou,guangzhou,0,,reply,6a261acc000000001702f6ec,0,0,2026-08-24T14:27:36,6a26ec43000000002800a96f,complete,endpoint_exhausted,
account_guangzhou,9340,verified_local_broadband_guangzhou,guangzhou,0,,reply,6a261acc000000001702f6ec,0,0,2026-08-24T14:27:36,6a26ec3200000000270216a4,complete,endpoint_exhausted,
account_guangzhou,9340,verified_local_broadband_guangzhou,guangzhou,0,,reply,6a261acc000000001702f6ec,0,0,2026-08-24T14:27:36,6a26ec1b000000002702c7de,complete,endpoint_exhausted,
account_guangzhou,9340,verified_local_broadband_guangzhou,guangzhou,0,,reply,6a261acc000000001702f6ec,0,0,2026-08-24T14:27:36,6a26ec00000000002b002ee2,complete,endpoint_exhausted,
account_guangzhou,9340,verified_local_broadband_guangzhou,guangzhou,0,,reply,6a261acc000000001702f6ec,0,0,2026-08-24T14:27:51,6a26ebe900000000270293a9,complete,endpoint_exhausted,
account_guangzhou,9340,verified_local_broadband_guangzhou,guangzhou,0,,reply,6a261acc000000001702f6ec,0,0,2026-08-24T14:27:51,6a26ebc4000000002701499c,complete,endpoint_exhausted,
account_guangzhou,9340,verified_local_broadband_guangzhou,guangzhou,0,,reply,6a261acc000000001702f6ec,0,0,2026-08-24T14:27:51,6a26ebae000000002803cf43,complete,endpoint_exhausted,
account_guangzhou,9340,verified_local_broadband_guangzhou,guangzhou,0,,reply,6a261acc000000001702f6ec,0,0,2026-08-24T14:27:51,6a26ebaa000000002a02da57,complete,endpoint_exhausted,
account_guangzhou,9340,verified_local_broadband_guangzhou,guangzhou,0,,reply,6a261acc000000001702f6ec,0,0,2026-08-24T14:27:51,6a26eba20000000027014533,complete,endpoint_exhausted,
account_guangzhou,9340,verified_local_broadband_guangzhou,guangzhou,0,,reply,6a261acc000000001702f6ec,0,0,2026-08-24T14:27:51,6a26ead90000000029034fe2,complete,endpoint_exhausted,
account_guangzhou,9340,verified_local_broadband_guangzhou,guangzhou,0,,reply,6a261acc000000001702f6ec,0,0,2026-08-24T14:27:51,6a26eacf000000002a033d0c,complete,endpoint_exhausted,
account_guangzhou,9340,verified_local_broadband_guangzhou,guangzhou,0,,reply,6a261acc000000001702f6ec,0,0,2026-08-24T14:27:51,6a26eabe0000000028030130,complete,endpoint_exhausted,
account_guangzhou,9340,verified_local_broadband_guangzhou,guangzhou,0,,reply,6a261acc000000001702f6ec,0,0,2026-08-24T14:27:51,6a26eaa9000000002a03390a,complete,endpoint_exhausted,
account_guangzhou,9340,verified_local_broadband_guangzhou,guangzhou,0,,reply,6a261acc000000001702f6ec,0,0,2026-08-24T14:27:51,6a26ea94000000002902f245,complete,endpoint_exhausted,
account_guangzhou,9340,verified_local_broadband_guangzhou,guangzhou,0,,reply,6a261acc000000001702f6ec,0,0,2026-08-24T14:28:07,6a26ea8e000000002b0258b3,complete,endpoint_exhausted,
account_guangzhou,9340,verified_local_broadband_guangzhou,guangzhou,7,,reply,6a261acc000000001702f6ec,7,2,2026-08-24T14:28:37,6a26ea88000000002900f5a1,complete,endpoint_exhausted,
account_guangzhou,9340,verified_local_broadband_guangzhou,guangzhou,0,,reply,6a261acc000000001702f6ec,0,0,2026-08-24T14:28:37,6a26ea750000000028036dc0,complete,endpoint_exhausted,
account_guangzhou,9340,verified_local_broadband_guangzhou,guangzhou,0,,reply,6a261acc000000001702f6ec,0,0,2026-08-24T14:28:37,6a26ea59000000002701e63c,complete,endpoint_exhausted,
account_guangzhou,9340,verified_local_broadband_guangzhou,guangzhou,0,,reply,6a261acc000000001702f6ec,0,0,2026-08-24T14:28:37,6a26ea2d00000000290134ca,complete,endpoint_exhausted,
account_guangzhou,9340,verified_local_broadband_guangzhou,guangzhou,0,,reply,6a261acc000000001702f6ec,0,0,2026-08-24T14:28:37,6a26ea23000000002901338e,complete,endpoint_exhausted,
account_guangzhou,9340,verified_local_broadband_guangzhou,guangzhou,0,,reply,6a261acc000000001702f6ec,0,0,2026-08-24T14:28:37,6a26ea0f0000000027014b18,complete,endpoint_exhausted,
account_guangzhou,9340,verified_local_broadband_guangzhou,guangzhou,14,,reply,6a261acc000000001702f6ec,14,3,2026-08-24T14:29:23,6a26ea0e0000000029037ab4,complete,endpoint_exhausted,
account_guangzhou,9340,verified_local_broadband_guangzhou,guangzhou,0,,reply,6a261acc000000001702f6ec,0,0,2026-08-24T14:29:23,6a26e9d9000000002a0323d8,complete,endpoint_exhausted,
account_guangzhou,9340,verified_local_broadband_guangzhou,guangzhou,0,,reply,6a261acc000000001702f6ec,0,0,2026-08-24T14:29:23,6a26e9d0000000002701d07f,complete,endpoint_exhausted,
account_guangzhou,9340,verified_local_broadband_guangzhou,guangzhou,0,,reply,6a261acc000000001702f6ec,0,0,2026-08-24T14:29:39,6a26e9c2000000002b002e4d,complete,endpoint_exhausted,
account_guangzhou,9340,verified_local_broadband_guangzhou,guangzhou,0,,reply,6a261acc000000001702f6ec,0,0,2026-08-24T14:29:39,6a26e99f0000000027017942,complete,endpoint_exhausted,
account_guangzhou,9340,verified_local_broadband_guangzhou,guangzhou,0,,reply,6a261acc000000001702f6ec,0,0,2026-08-24T14:29:39,6a26e995000000002901951e,complete,endpoint_exhausted,
account_guangzhou,9340,verified_local_broadband_guangzhou,guangzhou,0,,reply,6a261acc000000001702f6ec,0,0,2026-08-24T14:29:39,6a26e99300000000270231ec,complete,endpoint_exhausted,
account_guangzhou,9340,verified_local_broadband_guangzhou,guangzhou,0,,reply,6a261acc000000001702f6ec,0,0,2026-08-24T14:29:39,6a26e98c000000002902d507,complete,endpoint_exhausted,
account_guangzhou,9340,verified_local_broadband_guangzhou,guangzhou,0,,reply,6a261acc000000001702f6ec,0,0,2026-08-24T14:29:39,6a26e98400000000280313f2,complete,endpoint_exhausted,
account_guangzhou,9340,verified_local_broadband_guangzhou,guangzhou,0,,reply,6a261acc000000001702f6ec,0,0,2026-08-24T14:29:39,6a26e98100000000290119c2,complete,endpoint_exhausted,
account_guangzhou,9340,verified_local_broadband_guangzhou,guangzhou,0,,reply,6a261acc000000001702f6ec,0,0,2026-08-24T14:29:39,6a26e97f0000000027017477,complete,endpoint_exhausted,
account_guangzhou,9340,verified_local_broadband_guangzhou,guangzhou,0,,reply,6a261acc000000001702f6ec,0,0,2026-08-24T14:29:39,6a26e978000000002900cd00,complete,endpoint_exhausted,
account_guangzhou,9340,verified_local_broadband_guangzhou,guangzhou,0,,reply,6a261acc000000001702f6ec,0,0,2026-08-24T14:29:39,6a26e958000000002800b952,complete,endpoint_exhausted,
account_guangzhou,9340,verified_local_broadband_guangzhou,guangzhou,0,,reply,6a261acc000000001702f6ec,0,0,2026-08-24T14:29:54,6a26e942000000002900c524,complete,endpoint_exhausted,
account_guangzhou,9340,verified_local_broadband_guangzhou,guangzhou,0,,reply,6a261acc000000001702f6ec,0,0,2026-08-24T14:29:54,6a26e93f0000000029027b78,complete,endpoint_exhausted,
account_guangzhou,9340,verified_local_broadband_guangzhou,guangzhou,0,,reply,6a261acc000000001702f6ec,0,0,2026-08-24T14:29:54,6a26e91e00000000290277b2,complete,endpoint_exhausted,
account_guangzhou,9340,verified_local_broadband_guangzhou,guangzhou,0,,reply,6a261acc000000001702f6ec,0,0,2026-08-24T14:29:54,6a26e8fe000000002803ee8a,complete,endpoint_exhausted,
account_guangzhou,9340,verified_local_broadband_guangzhou,guangzhou,0,,reply,6a261acc000000001702f6ec,0,0,2026-08-24T14:29:54,6a26e8f6000000002701f11f,complete,endpoint_exhausted,
account_guangzhou,9340,verified_local_broadband_guangzhou,guangzhou,0,,reply,6a261acc000000001702f6ec,0,0,2026-08-24T14:29:54,6a26e8e4000000002b00150f,complete,endpoint_exhausted,
account_guangzhou,9340,verified_local_broadband_guangzhou,guangzhou,0,,reply,6a261acc000000001702f6ec,0,0,2026-08-24T14:29:54,6a26e8bd000000002a0301d6,complete,endpoint_exhausted,
account_guangzhou,9340,verified_local_broadband_guangzhou,guangzhou,0,,reply,6a261acc000000001702f6ec,0,0,2026-08-24T14:29:54,6a26e8b1000000002b02b388,complete,endpoint_exhausted,
account_guangzhou,9340,verified_local_broadband_guangzhou,guangzhou,0,,reply,6a261acc000000001702f6ec,0,0,2026-08-24T14:29:54,6a26e8990000000028009cc4,complete,endpoint_exhausted,
account_guangzhou,9340,verified_local_broadband_guangzhou,guangzhou,0,,reply,6a261acc000000001702f6ec,0,0,2026-08-24T14:29:54,6a26e8440000000028038222,complete,endpoint_exhausted,
account_guangzhou,9340,verified_local_broadband_guangzhou,guangzhou,0,,reply,6a261acc000000001702f6ec,0,0,2026-08-24T14:30:09,6a26e83e000000002b025647,complete,endpoint_exhausted,
account_guangzhou,9340,verified_local_broadband_guangzhou,guangzhou,0,,reply,6a261acc000000001702f6ec,0,0,2026-08-24T14:30:09,6a26e83a0000000028008dfd,complete,endpoint_exhausted,
account_guangzhou,9340,verified_local_broadband_guangzhou,guangzhou,1,,reply,6a261acc000000001702f6ec,1,0,2026-08-24T14:30:09,6a26e835000000002a02f6ed,complete,endpoint_exhausted,
account_guangzhou,9340,verified_local_broadband_guangzhou,guangzhou,0,,reply,6a261acc000000001702f6ec,0,0,2026-08-24T14:30:09,6a26e8160000000029025a3a,complete,endpoint_exhausted,
account_guangzhou,9340,verified_local_broadband_guangzhou,guangzhou,0,,reply,6a261acc000000001702f6ec,0,0,2026-08-24T14:30:09,6a26e81100000000270178c5,complete,endpoint_exhausted,
account_guangzhou,9340,verified_local_broadband_guangzhou,guangzhou,0,,reply,6a261acc000000001702f6ec,0,0,2026-08-24T14:30:09,6a26e7f2000000002701c86f,complete,endpoint_exhausted,
account_guangzhou,9340,verified_local_broadband_guangzhou,guangzhou,0,,reply,6a261acc000000001702f6ec,0,0,2026-08-24T14:30:09,6a26e7ee0000000027022cd4,complete,endpoint_exhausted,
account_guangzhou,9340,verified_local_broadband_guangzhou,guangzhou,0,,reply,6a261acc000000001702f6ec,0,0,2026-08-24T14:30:09,6a26e7e4000000002803c1bf,complete,endpoint_exhausted,
account_guangzhou,9340,verified_local_broadband_guangzhou,guangzhou,1,,reply,6a261acc000000001702f6ec,1,0,2026-08-24T14:30:09,6a26e7e2000000002701c5ea,complete,endpoint_exhausted,
account_guangzhou,9340,verified_local_broadband_guangzhou,guangzhou,0,,reply,6a261acc000000001702f6ec,0,0,2026-08-24T14:30:09,6a26e7a0000000002a007529,complete,endpoint_exhausted,
account_guangzhou,9340,verified_local_broadband_guangzhou,guangzhou,0,,reply,6a261acc000000001702f6ec,0,0,2026-08-24T14:30:25,6a26e7970000000029019d6b,complete,endpoint_exhausted,
account_guangzhou,9340,verified_local_broadband_guangzhou,guangzhou,0,,reply,6a261acc000000001702f6ec,0,0,2026-08-24T14:30:25,6a26e782000000002a02e29e,complete,endpoint_exhausted,
account_guangzhou,9340,verified_local_broadband_guangzhou,guangzhou,14,,reply,6a261acc000000001702f6ec,14,3,2026-08-24T14:31:11,6a26e7560000000029027ee3,complete,endpoint_exhausted,
account_guangzhou,9340,verified_local_broadband_guangzhou,guangzhou,0,,reply,6a261acc000000001702f6ec,0,0,2026-08-24T14:31:11,6a26e74000000000290369d9,complete,endpoint_exhausted,
account_guangzhou,9340,verified_local_broadband_guangzhou,guangzhou,0,,reply,6a261acc000000001702f6ec,0,0,2026-08-24T14:31:11,6a26e73c000000002800a406,complete,endpoint_exhausted,
account_guangzhou,9340,verified_local_broadband_guangzhou,guangzhou,0,,reply,6a261acc000000001702f6ec,0,0,2026-08-24T14:31:11,6a26e73a0000000029013fa7,complete,endpoint_exhausted,
account_guangzhou,9340,verified_local_broadband_guangzhou,guangzhou,0,,reply,6a261acc000000001702f6ec,0,0,2026-08-24T14:31:11,6a26e726000000002b0283b3,complete,endpoint_exhausted,
account_guangzhou,9340,verified_local_broadband_guangzhou,guangzhou,0,,reply,6a261acc000000001702f6ec,0,0,2026-08-24T14:31:11,6a26e7110000000028035da6,complete,endpoint_exhausted,
account_guangzhou,9340,verified_local_broadband_guangzhou,guangzhou,0,,reply,6a261acc000000001702f6ec,0,0,2026-08-24T14:31:11,6a26e7030000000028033292,complete,endpoint_exhausted,
account_guangzhou,9340,verified_local_broadband_guangzhou,guangzhou,0,,reply,6a261acc000000001702f6ec,0,0,2026-08-24T14:31:11,6a26e7000000000028009ab7,complete,endpoint_exhausted,
account_guangzhou,9340,verified_local_broadband_guangzhou,guangzhou,0,,reply,6a261acc000000001702f6ec,0,0,2026-08-24T14:31:26,6a26e6d80000000029012fc8,complete,endpoint_exhausted,
account_guangzhou,9340,verified_local_broadband_guangzhou,guangzhou,2,,reply,6a261acc000000001702f6ec,2,1,2026-08-24T14:31:41,6a26e6d1000000002b02b7be,complete,endpoint_exhausted,
account_guangzhou,9340,verified_local_broadband_guangzhou,guangzhou,0,,reply,6a261acc000000001702f6ec,0,0,2026-08-24T14:31:41,6a26e6cb000000002b02b6f3,complete,endpoint_exhausted,
account_guangzhou,9340,verified_local_broadband_guangzhou,guangzhou,1,,reply,6a261acc000000001702f6ec,1,0,2026-08-24T14:31:41,6a26e6ab000000002900d70f,complete,endpoint_exhausted,
account_guangzhou,9340,verified_local_broadband_guangzhou,guangzhou,0,,reply,6a261acc000000001702f6ec,0,0,2026-08-24T14:31:41,6a26e6a0000000002701798a,complete,endpoint_exhausted,
account_guangzhou,9340,verified_local_broadband_guangzhou,guangzhou,0,,reply,6a261acc000000001702f6ec,0,0,2026-08-24T14:31:41,6a26e69d000000002900d49d,complete,endpoint_exhausted,
account_guangzhou,9340,verified_local_broadband_guangzhou,guangzhou,0,,reply,6a261acc000000001702f6ec,0,0,2026-08-24T14:31:41,6a26e6870000000028034688,complete,endpoint_exhausted,
account_guangzhou,9340,verified_local_broadband_guangzhou,guangzhou,0,,reply,6a261acc000000001702f6ec,0,0,2026-08-24T14:31:41,6a26e672000000002702b84c,complete,endpoint_exhausted,
account_guangzhou,9340,verified_local_broadband_guangzhou,guangzhou,0,,reply,6a261acc000000001702f6ec,0,0,2026-08-24T14:31:41,6a26e63300000000290253ad,complete,endpoint_exhausted,
account_guangzhou,9340,verified_local_broadband_guangzhou,guangzhou,2,,reply,6a261acc000000001702f6ec,2,1,2026-08-24T14:31:57,6a26e6170000000028037196,complete,endpoint_exhausted,
account_guangzhou,9340,verified_local_broadband_guangzhou,guangzhou,0,,reply,6a261acc000000001702f6ec,0,0,2026-08-24T14:32:12,6a26e607000000002a026379,complete,endpoint_exhausted,
account_guangzhou,9340,verified_local_broadband_guangzhou,guangzhou,3,,reply,6a261acc000000001702f6ec,3,1,2026-08-24T14:32:27,6a26e603000000002903433a,complete,endpoint_exhausted,
account_guangzhou,9340,verified_local_broadband_guangzhou,guangzhou,0,,reply,6a261acc000000001702f6ec,0,0,2026-08-24T14:32:27,6a26e5ea000000002900f646,complete,endpoint_exhausted,
account_guangzhou,9340,verified_local_broadband_guangzhou,guangzhou,0,,reply,6a261acc000000001702f6ec,0,0,2026-08-24T14:32:27,6a26e5d5000000002a025e5c,complete,endpoint_exhausted,
account_guangzhou,9340,verified_local_broadband_guangzhou,guangzhou,0,,reply,6a261acc000000001702f6ec,0,0,2026-08-24T14:32:27,6a26e59c00000000290137a5,complete,endpoint_exhausted,
account_guangzhou,9340,verified_local_broadband_guangzhou,guangzhou,3,,reply,6a261acc000000001702f6ec,3,1,2026-08-24T14:32:43,6a26e5950000000028038cd0,complete,endpoint_exhausted,
account_guangzhou,9340,verified_local_broadband_guangzhou,guangzhou,0,,reply,6a261acc000000001702f6ec,0,0,2026-08-24T14:32:43,6a26e591000000002701e1a0,complete,endpoint_exhausted,
account_guangzhou,9340,verified_local_broadband_guangzhou,guangzhou,1,,reply,6a261acc000000001702f6ec,1,0,2026-08-24T14:32:43,6a26e58a0000000027020117,complete,endpoint_exhausted,
account_guangzhou,9340,verified_local_broadband_guangzhou,guangzhou,0,,reply,6a261acc000000001702f6ec,0,0,2026-08-24T14:32:43,6a26e57e000000002b02411c,complete,endpoint_exhausted,
account_guangzhou,9340,verified_local_broadband_guangzhou,guangzhou,0,,reply,6a261acc000000001702f6ec,0,0,2026-08-24T14:32:43,6a26e57b0000000029027ab3,complete,endpoint_exhausted,
account_guangzhou,9340,verified_local_broadband_guangzhou,guangzhou,0,,reply,6a261acc000000001702f6ec,0,0,2026-08-24T14:32:58,6a26e56e0000000028009849,complete,endpoint_exhausted,
account_guangzhou,9340,verified_local_broadband_guangzhou,guangzhou,0,,reply,6a261acc000000001702f6ec,0,0,2026-08-24T14:32:58,6a26e554000000002a030c6d,complete,endpoint_exhausted,
account_guangzhou,9340,verified_local_broadband_guangzhou,guangzhou,0,,reply,6a261acc000000001702f6ec,0,0,2026-08-24T14:32:58,6a26e54f000000002900da9b,complete,endpoint_exhausted,
account_guangzhou,9340,verified_local_broadband_guangzhou,guangzhou,1,,reply,6a261acc000000001702f6ec,1,0,2026-08-24T14:32:58,6a26e5370000000028034595,complete,endpoint_exhausted,
account_guangzhou,9340,verified_local_broadband_guangzhou,guangzhou,0,,reply,6a261acc000000001702f6ec,0,0,2026-08-24T14:32:58,6a26e5320000000027023088,complete,endpoint_exhausted,
account_guangzhou,9340,verified_local_broadband_guangzhou,guangzhou,0,,reply,6a261acc000000001702f6ec,0,0,2026-08-24T14:32:58,6a26e52e0000000027017193,complete,endpoint_exhausted,
account_guangzhou,9340,verified_local_broadband_guangzhou,guangzhou,0,,reply,6a261acc000000001702f6ec,0,0,2026-08-24T14:32:58,6a26e5270000000029026da1,complete,endpoint_exhausted,
account_guangzhou,9340,verified_local_broadband_guangzhou,guangzhou,1,,reply,6a261acc000000001702f6ec,1,0,2026-08-24T14:32:58,6a26e4fb0000000028008419,complete,endpoint_exhausted,
account_guangzhou,9340,verified_local_broadband_guangzhou,guangzhou,0,,reply,6a261acc000000001702f6ec,0,0,2026-08-24T14:32:58,6a26e4f50000000028031868,complete,endpoint_exhausted,
account_guangzhou,9340,verified_local_broadband_guangzhou,guangzhou,0,,reply,6a261acc000000001702f6ec,0,0,2026-08-24T14:32:58,6a26e4db000000002900c76b,complete,endpoint_exhausted,
account_guangzhou,9340,verified_local_broadband_guangzhou,guangzhou,0,,reply,6a261acc000000001702f6ec,0,0,2026-08-24T14:33:13,6a26e4d70000000029010e2f,complete,endpoint_exhausted,
account_guangzhou,9340,verified_local_broadband_guangzhou,guangzhou,0,,reply,6a261acc000000001702f6ec,0,0,2026-08-24T14:33:13,6a26e4d20000000027015f5a,complete,endpoint_exhausted,
account_guangzhou,9340,verified_local_broadband_guangzhou,guangzhou,0,,reply,6a261acc000000001702f6ec,0,0,2026-08-24T14:33:13,6a26e4d00000000027015ed2,complete,endpoint_exhausted,
account_guangzhou,9340,verified_local_broadband_guangzhou,guangzhou,0,,reply,6a261acc000000001702f6ec,0,0,2026-08-24T14:33:13,6a26e4c0000000002a033690,complete,endpoint_exhausted,
account_guangzhou,9340,verified_local_broadband_guangzhou,guangzhou,0,,reply,6a261acc000000001702f6ec,0,0,2026-08-24T14:33:13,6a26e4b7000000002b000c8d,complete,endpoint_exhausted,
account_guangzhou,9340,verified_local_broadband_guangzhou,guangzhou,0,,reply,6a261acc000000001702f6ec,0,0,2026-08-24T14:33:13,6a26e4a8000000002702a0b1,complete,endpoint_exhausted,
account_guangzhou,9340,verified_local_broadband_guangzhou,guangzhou,0,,reply,6a261acc000000001702f6ec,0,0,2026-08-24T14:33:13,6a26e495000000002702d8e8,complete,endpoint_exhausted,
account_guangzhou,9340,verified_local_broadband_guangzhou,guangzhou,0,,reply,6a261acc000000001702f6ec,0,0,2026-08-24T14:33:13,6a26e4730000000027014c7c,complete,endpoint_exhausted,
account_guangzhou,9340,verified_local_broadband_guangzhou,guangzhou,0,,reply,6a261acc000000001702f6ec,0,0,2026-08-24T14:33:13,6a26e468000000002900f143,complete,endpoint_exhausted,
account_guangzhou,9340,verified_local_broadband_guangzhou,guangzhou,0,,reply,6a261acc000000001702f6ec,0,0,2026-08-24T14:33:13,6a26e466000000002800ab1f,complete,endpoint_exhausted,
account_guangzhou,9340,verified_local_broadband_guangzhou,guangzhou,1,,reply,6a261acc000000001702f6ec,1,0,2026-08-24T14:33:29,6a26e432000000002702c6b2,complete,endpoint_exhausted,
account_guangzhou,9340,verified_local_broadband_guangzhou,guangzhou,3,,reply,6a261acc000000001702f6ec,3,1,2026-08-24T14:33:44,6a26e41c0000000029037d61,complete,endpoint_exhausted,
account_guangzhou,9340,verified_local_broadband_guangzhou,guangzhou,0,,reply,6a261acc000000001702f6ec,0,0,2026-08-24T14:33:44,6a26e4130000000029024318,complete,endpoint_exhausted,
account_guangzhou,9340,verified_local_broadband_guangzhou,guangzhou,0,,reply,6a261acc000000001702f6ec,0,0,2026-08-24T14:33:44,6a26e4120000000028034c32,complete,endpoint_exhausted,
account_guangzhou,9340,verified_local_broadband_guangzhou,guangzhou,0,,reply,6a261acc000000001702f6ec,0,0,2026-08-24T14:33:44,6a26e411000000002901acc5,complete,endpoint_exhausted,
account_guangzhou,9340,verified_local_broadband_guangzhou,guangzhou,0,,reply,6a261acc000000001702f6ec,0,0,2026-08-24T14:33:44,6a26e40a000000002b0296b7,complete,endpoint_exhausted,
account_guangzhou,9340,verified_local_broadband_guangzhou,guangzhou,0,,reply,6a261acc000000001702f6ec,0,0,2026-08-24T14:33:44,6a26e405000000002a007837,complete,endpoint_exhausted,
account_guangzhou,9340,verified_local_broadband_guangzhou,guangzhou,0,,reply,6a261acc000000001702f6ec,0,0,2026-08-24T14:33:44,6a26e3ef000000002a025fcd,complete,endpoint_exhausted,
account_guangzhou,9340,verified_local_broadband_guangzhou,guangzhou,0,,reply,6a261acc000000001702f6ec,0,0,2026-08-24T14:33:44,6a26e3dd000000002a02e303,complete,endpoint_exhausted,
account_guangzhou,9340,verified_local_broadband_guangzhou,guangzhou,0,,reply,6a261acc000000001702f6ec,0,0,2026-08-24T14:33:44,6a26e3c8000000002b024a07,complete,endpoint_exhausted,
account_guangzhou,9340,verified_local_broadband_guangzhou,guangzhou,1,,reply,6a261acc000000001702f6ec,1,0,2026-08-24T14:33:59,6a26e3b5000000002800877e,complete,endpoint_exhausted,
account_guangzhou,9340,verified_local_broadband_guangzhou,guangzhou,0,,reply,6a261acc000000001702f6ec,0,0,2026-08-24T14:33:59,6a26e3ac000000002701c40f,complete,endpoint_exhausted,
account_guangzhou,9340,verified_local_broadband_guangzhou,guangzhou,0,,reply,6a261acc000000001702f6ec,0,0,2026-08-24T14:33:59,6a26e38d000000002a006739,complete,endpoint_exhausted,
account_guangzhou,9340,verified_local_broadband_guangzhou,guangzhou,0,,reply,6a261acc000000001702f6ec,0,0,2026-08-24T14:33:59,6a26e387000000002902c0fb,complete,endpoint_exhausted,
account_guangzhou,9340,verified_local_broadband_guangzhou,guangzhou,0,,reply,6a261acc000000001702f6ec,0,0,2026-08-24T14:33:59,6a26e38600000000290367d4,complete,endpoint_exhausted,
account_guangzhou,9340,verified_local_broadband_guangzhou,guangzhou,0,,reply,6a261acc000000001702f6ec,0,0,2026-08-24T14:33:59,6a26e37e0000000027015f5c,complete,endpoint_exhausted,
account_guangzhou,9340,verified_local_broadband_guangzhou,guangzhou,0,,reply,6a261acc000000001702f6ec,0,0,2026-08-24T14:33:59,6a26e378000000002803100b,complete,endpoint_exhausted,
account_guangzhou,9340,verified_local_broadband_guangzhou,guangzhou,0,,reply,6a261acc000000001702f6ec,0,0,2026-08-24T14:33:59,6a26e359000000002b001a05,complete,endpoint_exhausted,
account_guangzhou,9340,verified_local_broadband_guangzhou,guangzhou,0,,reply,6a261acc000000001702f6ec,0,0,2026-08-24T14:33:59,6a26e34b0000000028036419,complete,endpoint_exhausted,
account_guangzhou,9340,verified_local_broadband_guangzhou,guangzhou,0,,reply,6a261acc000000001702f6ec,0,0,2026-08-24T14:33:59,6a26e346000000002702da8f,complete,endpoint_exhausted,
account_guangzhou,9340,verified_local_broadband_guangzhou,guangzhou,0,,reply,6a261acc000000001702f6ec,0,0,2026-08-24T14:34:15,6a26e328000000002803e180,complete,endpoint_exhausted,
account_guangzhou,9340,verified_local_broadband_guangzhou,guangzhou,0,,reply,6a261acc000000001702f6ec,0,0,2026-08-24T14:34:15,6a26e326000000002702d4c7,complete,endpoint_exhausted,
account_guangzhou,9340,verified_local_broadband_guangzhou,guangzhou,0,,reply,6a261acc000000001702f6ec,0,0,2026-08-24T14:34:15,6a26e31c0000000028033b46,complete,endpoint_exhausted,
account_guangzhou,9340,verified_local_broadband_guangzhou,guangzhou,0,,reply,6a261acc000000001702f6ec,0,0,2026-08-24T14:34:15,6a26e2fc000000002800a518,complete,endpoint_exhausted,
account_guangzhou,9340,verified_local_broadband_guangzhou,guangzhou,0,,reply,6a261acc000000001702f6ec,0,0,2026-08-24T14:34:15,6a26e2f7000000002a0050fc,complete,endpoint_exhausted,
account_guangzhou,9340,verified_local_broadband_guangzhou,guangzhou,0,,reply,6a261acc000000001702f6ec,0,0,2026-08-24T14:34:15,6a26e2eb000000002b02afbe,complete,endpoint_exhausted,
account_guangzhou,9340,verified_local_broadband_guangzhou,guangzhou,0,,reply,6a261acc000000001702f6ec,0,0,2026-08-24T14:34:15,6a26e2cf000000002702c124,complete,endpoint_exhausted,
account_guangzhou,9340,verified_local_broadband_guangzhou,guangzhou,0,,reply,6a261acc000000001702f6ec,0,0,2026-08-24T14:34:15,6a26e2bc00000000280098cf,complete,endpoint_exhausted,
account_guangzhou,9340,verified_local_broadband_guangzhou,guangzhou,0,,reply,6a261acc000000001702f6ec,0,0,2026-08-24T14:34:15,6a26e29c000000002803229e,complete,endpoint_exhausted,
account_guangzhou,9340,verified_local_broadband_guangzhou,guangzhou,0,,reply,6a261acc000000001702f6ec,0,0,2026-08-24T14:34:15,6a26e295000000002803213d,complete,endpoint_exhausted,
account_guangzhou,9340,verified_local_broadband_guangzhou,guangzhou,0,,reply,6a261acc000000001702f6ec,0,0,2026-08-24T14:34:30,6a26e281000000002701c670,complete,endpoint_exhausted,
account_guangzhou,9340,verified_local_broadband_guangzhou,guangzhou,0,,reply,6a261acc000000001702f6ec,0,0,2026-08-24T14:34:30,6a26e27f000000002a03265b,complete,endpoint_exhausted,
account_guangzhou,9340,verified_local_broadband_guangzhou,guangzhou,0,,reply,6a261acc000000001702f6ec,0,0,2026-08-24T14:34:30,6a26e27a000000002702ef1f,complete,endpoint_exhausted,
account_guangzhou,9340,verified_local_broadband_guangzhou,guangzhou,2,,reply,6a261acc000000001702f6ec,2,1,2026-08-24T14:34:45,6a26e27a000000002701c533,complete,endpoint_exhausted,
account_guangzhou,9340,verified_local_broadband_guangzhou,guangzhou,0,,reply,6a261acc000000001702f6ec,0,0,2026-08-24T14:34:45,6a26e268000000002901113b,complete,endpoint_exhausted,
account_guangzhou,9340,verified_local_broadband_guangzhou,guangzhou,0,,reply,6a261acc000000001702f6ec,0,0,2026-08-24T14:34:45,6a26e267000000002901110e,complete,endpoint_exhausted,
account_guangzhou,9340,verified_local_broadband_guangzhou,guangzhou,1,,reply,6a261acc000000001702f6ec,1,0,2026-08-24T14:34:45,6a26e262000000002902d477,complete,endpoint_exhausted,
account_guangzhou,9340,verified_local_broadband_guangzhou,guangzhou,0,,reply,6a261acc000000001702f6ec,0,0,2026-08-24T14:34:45,6a26e25b00000000280087b4,complete,endpoint_exhausted,
account_guangzhou,9340,verified_local_broadband_guangzhou,guangzhou,0,,reply,6a261acc000000001702f6ec,0,0,2026-08-24T14:34:45,6a26e24c00000000280084b9,complete,endpoint_exhausted,
account_guangzhou,9340,verified_local_broadband_guangzhou,guangzhou,0,,reply,6a261acc000000001702f6ec,0,0,2026-08-24T14:34:45,6a26e24c000000002702e582,complete,endpoint_exhausted,
account_guangzhou,9340,verified_local_broadband_guangzhou,guangzhou,0,,reply,6a261acc000000001702f6ec,0,0,2026-08-24T14:35:01,6a26e244000000002a031dc9,complete,endpoint_exhausted,
account_guangzhou,9340,verified_local_broadband_guangzhou,guangzhou,0,,reply,6a261acc000000001702f6ec,0,0,2026-08-24T14:35:01,6a26e20b000000002702181c,complete,endpoint_exhausted,
account_guangzhou,9340,verified_local_broadband_guangzhou,guangzhou,0,,reply,6a261acc000000001702f6ec,0,0,2026-08-24T14:35:01,6a26e20a0000000027015646,complete,endpoint_exhausted,
account_guangzhou,9340,verified_local_broadband_guangzhou,guangzhou,0,,reply,6a261acc000000001702f6ec,0,0,2026-08-24T14:35:01,6a26e1ef000000002800b1c3,complete,endpoint_exhausted,
account_guangzhou,9340,verified_local_broadband_guangzhou,guangzhou,0,,reply,6a261acc000000001702f6ec,0,0,2026-08-24T14:35:01,6a26e1ed0000000028033da1,complete,endpoint_exhausted,
account_guangzhou,9340,verified_local_broadband_guangzhou,guangzhou,0,,reply,6a261acc000000001702f6ec,0,0,2026-08-24T14:35:01,6a26e1d3000000002b002153,complete,endpoint_exhausted,
account_guangzhou,9340,verified_local_broadband_guangzhou,guangzhou,0,,reply,6a261acc000000001702f6ec,0,0,2026-08-24T14:35:01,6a26e1bd0000000028034e61,complete,endpoint_exhausted,
account_guangzhou,9340,verified_local_broadband_guangzhou,guangzhou,1,,reply,6a261acc000000001702f6ec,1,0,2026-08-24T14:35:01,6a26e1ad000000002900e54c,complete,endpoint_exhausted,
account_guangzhou,9340,verified_local_broadband_guangzhou,guangzhou,0,,reply,6a261acc000000001702f6ec,0,0,2026-08-24T14:35:01,6a26e1920000000027017c93,complete,endpoint_exhausted,
account_guangzhou,9340,verified_local_broadband_guangzhou,guangzhou,0,,reply,6a261acc000000001702f6ec,0,0,2026-08-24T14:35:01,6a26e17d00000000290121c0,complete,endpoint_exhausted,
account_guangzhou,9340,verified_local_broadband_guangzhou,guangzhou,0,,reply,6a261acc000000001702f6ec,0,0,2026-08-24T14:35:16,6a26e17b0000000029035a0f,complete,endpoint_exhausted,
account_guangzhou,9340,verified_local_broadband_guangzhou,guangzhou,0,,reply,6a261acc000000001702f6ec,0,0,2026-08-24T14:35:16,6a26e16e000000002a005c1a,complete,endpoint_exhausted,
account_guangzhou,9340,verified_local_broadband_guangzhou,guangzhou,0,,reply,6a261acc000000001702f6ec,0,0,2026-08-24T14:35:16,6a26e16b0000000028037c4c,complete,endpoint_exhausted,
account_guangzhou,9340,verified_local_broadband_guangzhou,guangzhou,0,,reply,6a261acc000000001702f6ec,0,0,2026-08-24T14:35:16,6a26e15a000000002701c793,complete,endpoint_exhausted,
account_guangzhou,9340,verified_local_broadband_guangzhou,guangzhou,0,,reply,6a261acc000000001702f6ec,0,0,2026-08-24T14:35:16,6a26e159000000002a033c1a,complete,endpoint_exhausted,
account_guangzhou,9340,verified_local_broadband_guangzhou,guangzhou,0,,reply,6a261acc000000001702f6ec,0,0,2026-08-24T14:35:16,6a26e1550000000028009324,complete,endpoint_exhausted,
account_guangzhou,9340,verified_local_broadband_guangzhou,guangzhou,0,,reply,6a261acc000000001702f6ec,0,0,2026-08-24T14:35:16,6a26e1510000000029018541,complete,endpoint_exhausted,
account_guangzhou,9340,verified_local_broadband_guangzhou,guangzhou,0,,reply,6a261acc000000001702f6ec,0,0,2026-08-24T14:35:16,6a26e11c0000000027016296,complete,endpoint_exhausted,
account_guangzhou,9340,verified_local_broadband_guangzhou,guangzhou,0,,reply,6a261acc000000001702f6ec,0,0,2026-08-24T14:35:16,6a26e11b000000002a033159,complete,endpoint_exhausted,
account_guangzhou,9340,verified_local_broadband_guangzhou,guangzhou,0,,reply,6a261acc000000001702f6ec,0,0,2026-08-24T14:35:16,6a26e1110000000029034915,complete,endpoint_exhausted,
account_guangzhou,9340,verified_local_broadband_guangzhou,guangzhou,0,,reply,6a261acc000000001702f6ec,0,0,2026-08-24T14:35:31,6a26e10a000000002901bad3,complete,endpoint_exhausted,
account_guangzhou,9340,verified_local_broadband_guangzhou,guangzhou,0,,reply,6a261acc000000001702f6ec,0,0,2026-08-24T14:35:31,6a26e0ef000000002702a8df,complete,endpoint_exhausted,
account_guangzhou,9340,verified_local_broadband_guangzhou,guangzhou,1,,reply,6a261acc000000001702f6ec,1,0,2026-08-24T14:35:31,6a26e0dd0000000027021bf3,complete,endpoint_exhausted,
account_guangzhou,9340,verified_local_broadband_guangzhou,guangzhou,0,,reply,6a261acc000000001702f6ec,0,0,2026-08-24T14:35:31,6a26e0cb000000002803032d,complete,endpoint_exhausted,
account_guangzhou,9340,verified_local_broadband_guangzhou,guangzhou,0,,reply,6a261acc000000001702f6ec,0,0,2026-08-24T14:35:31,6a26e0cb0000000028030329,complete,endpoint_exhausted,
account_guangzhou,9340,verified_local_broadband_guangzhou,guangzhou,1,,reply,6a261acc000000001702f6ec,1,0,2026-08-24T14:35:31,6a26e0c3000000002702dab5,complete,endpoint_exhausted,
account_guangzhou,9340,verified_local_broadband_guangzhou,guangzhou,0,,reply,6a261acc000000001702f6ec,0,0,2026-08-24T14:35:31,6a26e0c2000000002803a3c8,complete,endpoint_exhausted,
account_guangzhou,9340,verified_local_broadband_guangzhou,guangzhou,0,,reply,6a261acc000000001702f6ec,0,0,2026-08-24T14:35:31,6a26e0a0000000002701e10f,complete,endpoint_exhausted,
account_guangzhou,9340,verified_local_broadband_guangzhou,guangzhou,0,,reply,6a261acc000000001702f6ec,0,0,2026-08-24T14:35:31,6a26e09d0000000028033a1e,complete,endpoint_exhausted,
account_guangzhou,9340,verified_local_broadband_guangzhou,guangzhou,0,,reply,6a261acc000000001702f6ec,0,0,2026-08-24T14:35:32,6a26e08500000000270292d9,complete,endpoint_exhausted,
account_guangzhou,9340,verified_local_broadband_guangzhou,guangzhou,0,,reply,6a261acc000000001702f6ec,0,0,2026-08-24T14:35:47,6a26e07a000000002b002be4,complete,endpoint_exhausted,
account_guangzhou,9340,verified_local_broadband_guangzhou,guangzhou,0,,reply,6a261acc000000001702f6ec,0,0,2026-08-24T14:35:47,6a26e06e0000000028033131,complete,endpoint_exhausted,
account_guangzhou,9340,verified_local_broadband_guangzhou,guangzhou,0,,reply,6a261acc000000001702f6ec,0,0,2026-08-24T14:35:47,6a26e033000000002b00213d,complete,endpoint_exhausted,
account_guangzhou,9340,verified_local_broadband_guangzhou,guangzhou,0,,reply,6a261acc000000001702f6ec,0,0,2026-08-24T14:35:47,6a26e026000000002a03073a,complete,endpoint_exhausted,
account_guangzhou,9340,verified_local_broadband_guangzhou,guangzhou,0,,reply,6a261acc000000001702f6ec,0,0,2026-08-24T14:35:47,6a26e01700000000280096fb,complete,endpoint_exhausted,
account_guangzhou,9340,verified_local_broadband_guangzhou,guangzhou,0,,reply,6a261acc000000001702f6ec,0,0,2026-08-24T14:35:47,6a26e015000000002b02baf9,complete,endpoint_exhausted,
account_guangzhou,9340,verified_local_broadband_guangzhou,guangzhou,0,,reply,6a261acc000000001702f6ec,0,0,2026-08-24T14:35:47,6a26dfcd000000002702aae6,complete,endpoint_exhausted,
account_guangzhou,9340,verified_local_broadband_guangzhou,guangzhou,0,,reply,6a261acc000000001702f6ec,0,0,2026-08-24T14:35:47,6a26dfc2000000002a0244e7,complete,endpoint_exhausted,
account_guangzhou,9340,verified_local_broadband_guangzhou,guangzhou,0,,reply,6a261acc000000001702f6ec,0,0,2026-08-24T14:35:47,6a26dfa7000000002803f53e,complete,endpoint_exhausted,
account_guangzhou,9340,verified_local_broadband_guangzhou,guangzhou,0,,reply,6a261acc000000001702f6ec,0,0,2026-08-24T14:35:47,6a26df70000000002b0005ef,complete,endpoint_exhausted,
account_guangzhou,9340,verified_local_broadband_guangzhou,guangzhou,0,,reply,6a261acc000000001702f6ec,0,0,2026-08-24T14:36:02,6a26df670000000028039afb,complete,endpoint_exhausted,
account_guangzhou,9340,verified_local_broadband_guangzhou,guangzhou,0,,reply,6a261acc000000001702f6ec,0,0,2026-08-24T14:36:02,6a26df5b000000002701e0f9,complete,endpoint_exhausted,
account_guangzhou,9340,verified_local_broadband_guangzhou,guangzhou,0,,reply,6a261acc000000001702f6ec,0,0,2026-08-24T14:36:02,6a26df5200000000280348a1,complete,endpoint_exhausted,
account_guangzhou,9340,verified_local_broadband_guangzhou,guangzhou,0,,reply,6a261acc000000001702f6ec,0,0,2026-08-24T14:36:02,6a26df3e0000000027017c75,complete,endpoint_exhausted,
account_guangzhou,9340,verified_local_broadband_guangzhou,guangzhou,0,,reply,6a261acc000000001702f6ec,0,0,2026-08-24T14:36:02,6a26df1e0000000028038be1,complete,endpoint_exhausted,
account_guangzhou,9340,verified_local_broadband_guangzhou,guangzhou,0,,reply,6a261acc000000001702f6ec,0,0,2026-08-24T14:36:02,6a26dedf000000002b024b9e,complete,endpoint_exhausted,
account_guangzhou,9340,verified_local_broadband_guangzhou,guangzhou,0,,reply,6a261acc000000001702f6ec,0,0,2026-08-24T14:36:02,6a26ded0000000002b024900,complete,endpoint_exhausted,
account_guangzhou,9340,verified_local_broadband_guangzhou,guangzhou,0,,reply,6a261acc000000001702f6ec,0,0,2026-08-24T14:36:02,6a26ded000000000280093ec,complete,endpoint_exhausted,
account_guangzhou,9340,verified_local_broadband_guangzhou,guangzhou,0,,reply,6a261acc000000001702f6ec,0,0,2026-08-24T14:36:02,6a26decd000000002900d10c,complete,endpoint_exhausted,
account_guangzhou,9340,verified_local_broadband_guangzhou,guangzhou,31,,reply,6a261acc000000001702f6ec,31,6,2026-08-24T14:37:34,6a26dec70000000028009230,complete,endpoint_exhausted,
account_guangzhou,9340,verified_local_broadband_guangzhou,guangzhou,0,,reply,6a261acc000000001702f6ec,0,0,2026-08-24T14:37:49,6a26dea00000000027015dd3,complete,endpoint_exhausted,
account_guangzhou,9340,verified_local_broadband_guangzhou,guangzhou,0,,reply,6a261acc000000001702f6ec,0,0,2026-08-24T14:37:49,6a26de90000000002803b06f,complete,endpoint_exhausted,
account_guangzhou,9340,verified_local_broadband_guangzhou,guangzhou,0,,reply,6a261acc000000001702f6ec,0,0,2026-08-24T14:37:49,6a26de79000000002a024f8f,complete,endpoint_exhausted,
account_guangzhou,9340,verified_local_broadband_guangzhou,guangzhou,0,,reply,6a261acc000000001702f6ec,0,0,2026-08-24T14:37:49,6a26de5500000000280351eb,complete,endpoint_exhausted,
account_guangzhou,9340,verified_local_broadband_guangzhou,guangzhou,0,,reply,6a261acc000000001702f6ec,0,0,2026-08-24T14:37:49,6a26de40000000002a0246a3,complete,endpoint_exhausted,
account_guangzhou,9340,verified_local_broadband_guangzhou,guangzhou,1,,reply,6a261acc000000001702f6ec,1,0,2026-08-24T14:37:49,6a26de3b000000002b02b23c,complete,endpoint_exhausted,
account_guangzhou,9340,verified_local_broadband_guangzhou,guangzhou,0,,reply,6a261acc000000001702f6ec,0,0,2026-08-24T14:37:49,6a26de29000000002b001212,complete,endpoint_exhausted,
account_guangzhou,9340,verified_local_broadband_guangzhou,guangzhou,0,,reply,6a261acc000000001702f6ec,0,0,2026-08-24T14:37:49,6a26de24000000002701daaa,complete,endpoint_exhausted,
account_guangzhou,9340,verified_local_broadband_guangzhou,guangzhou,0,,reply,6a261acc000000001702f6ec,0,0,2026-08-24T14:37:49,6a26de230000000027020aa2,complete,endpoint_exhausted,
account_guangzhou,9340,verified_local_broadband_guangzhou,guangzhou,0,,reply,6a261acc000000001702f6ec,0,0,2026-08-24T14:37:49,6a26de130000000028039577,complete,endpoint_exhausted,
account_guangzhou,9340,verified_local_broadband_guangzhou,guangzhou,0,,reply,6a261acc000000001702f6ec,0,0,2026-08-24T14:38:05,6a26de12000000002b000e2d,complete,endpoint_exhausted,
account_guangzhou,9340,verified_local_broadband_guangzhou,guangzhou,0,,reply,6a261acc000000001702f6ec,0,0,2026-08-24T14:38:05,6a26ddf60000000029034652,complete,endpoint_exhausted,
account_guangzhou,9340,verified_local_broadband_guangzhou,guangzhou,0,,reply,6a261acc000000001702f6ec,0,0,2026-08-24T14:38:05,6a26dde3000000002803783a,complete,endpoint_exhausted,
account_guangzhou,9340,verified_local_broadband_guangzhou,guangzhou,0,,reply,6a261acc000000001702f6ec,0,0,2026-08-24T14:38:05,6a26dd5c0000000027015706,complete,endpoint_exhausted,
account_guangzhou,9340,verified_local_broadband_guangzhou,guangzhou,1,,reply,6a261acc000000001702f6ec,1,0,2026-08-24T14:38:05,6a26dd57000000002702216e,complete,endpoint_exhausted,
account_guangzhou,9340,verified_local_broadband_guangzhou,guangzhou,0,,reply,6a261acc000000001702f6ec,0,0,2026-08-24T14:38:05,6a26dd510000000029013f1d,complete,endpoint_exhausted,
account_guangzhou,9340,verified_local_broadband_guangzhou,guangzhou,0,,reply,6a261acc000000001702f6ec,0,0,2026-08-24T14:38:05,6a26dcf6000000002901a04f,complete,endpoint_exhausted,
account_guangzhou,9340,verified_local_broadband_guangzhou,guangzhou,0,,reply,6a261acc000000001702f6ec,0,0,2026-08-24T14:38:05,6a26dcf30000000029035867,complete,endpoint_exhausted,
account_guangzhou,9340,verified_local_broadband_guangzhou,guangzhou,0,,reply,6a261acc000000001702f6ec,0,0,2026-08-24T14:38:05,6a26dcdd0000000027028aeb,complete,endpoint_exhausted,
account_guangzhou,9340,verified_local_broadband_guangzhou,guangzhou,0,,reply,6a261acc000000001702f6ec,0,0,2026-08-24T14:38:05,6a26dcd2000000002800a61c,complete,endpoint_exhausted,
account_guangzhou,9340,verified_local_broadband_guangzhou,guangzhou,0,,reply,6a261acc000000001702f6ec,0,0,2026-08-24T14:38:20,6a26dcb00000000029011b6f,complete,endpoint_exhausted,
account_guangzhou,9340,verified_local_broadband_guangzhou,guangzhou,0,,reply,6a261acc000000001702f6ec,0,0,2026-08-24T14:38:20,6a26dcad000000000d021800,complete,endpoint_exhausted,
account_guangzhou,9340,verified_local_broadband_guangzhou,guangzhou,0,,reply,6a261acc000000001702f6ec,0,0,2026-08-24T14:38:20,6a26dca10000000029019385,complete,endpoint_exhausted,
account_guangzhou,9340,verified_local_broadband_guangzhou,guangzhou,0,,reply,6a261acc000000001702f6ec,0,0,2026-08-24T14:38:20,6a26dca0000000002902ed52,complete,endpoint_exhausted,
account_guangzhou,9340,verified_local_broadband_guangzhou,guangzhou,0,,reply,6a261acc000000001702f6ec,0,0,2026-08-24T14:38:20,6a26dc74000000002a00520e,complete,endpoint_exhausted,
account_guangzhou,9340,verified_local_broadband_guangzhou,guangzhou,0,,reply,6a261acc000000001702f6ec,0,0,2026-08-24T14:38:20,6a26dc5c000000002900c004,complete,endpoint_exhausted,
account_guangzhou,9340,verified_local_broadband_guangzhou,guangzhou,0,,reply,6a261acc000000001702f6ec,0,0,2026-08-24T14:38:20,6a26dc31000000002803114c,complete,endpoint_exhausted,
account_guangzhou,9340,verified_local_broadband_guangzhou,guangzhou,0,,reply,6a261acc000000001702f6ec,0,0,2026-08-24T14:38:20,6a26dc2d000000002a0324c9,complete,endpoint_exhausted,
account_guangzhou,9340,verified_local_broadband_guangzhou,guangzhou,0,,reply,6a261acc000000001702f6ec,0,0,2026-08-24T14:38:20,6a26dc1a000000002901be8f,complete,endpoint_exhausted,
account_guangzhou,9340,verified_local_broadband_guangzhou,guangzhou,0,,reply,6a261acc000000001702f6ec,0,0,2026-08-24T14:38:20,6a26dbf7000000002803e06a,complete,endpoint_exhausted,
account_guangzhou,9340,verified_local_broadband_guangzhou,guangzhou,1,,reply,6a261acc000000001702f6ec,1,0,2026-08-24T14:38:36,6a26dbee000000002a007aab,complete,endpoint_exhausted,
account_guangzhou,9340,verified_local_broadband_guangzhou,guangzhou,0,,reply,6a261acc000000001702f6ec,0,0,2026-08-24T14:38:36,6a26dbbc000000002a03112a,complete,endpoint_exhausted,
account_guangzhou,9340,verified_local_broadband_guangzhou,guangzhou,0,,reply,6a261acc000000001702f6ec,0,0,2026-08-24T14:38:36,6a26db580000000027015d85,complete,endpoint_exhausted,
account_guangzhou,9340,verified_local_broadband_guangzhou,guangzhou,0,,reply,6a261acc000000001702f6ec,0,0,2026-08-24T14:38:36,6a26db3e000000002803b62f,complete,endpoint_exhausted,
account_guangzhou,9340,verified_local_broadband_guangzhou,guangzhou,0,,reply,6a261acc000000001702f6ec,0,0,2026-08-24T14:38:36,6a26db29000000002803b0dd,complete,endpoint_exhausted,
account_guangzhou,9340,verified_local_broadband_guangzhou,guangzhou,0,,reply,6a261acc000000001702f6ec,0,0,2026-08-24T14:38:36,6a26db290000000027022628,complete,endpoint_exhausted,
account_guangzhou,9340,verified_local_broadband_guangzhou,guangzhou,0,,reply,6a261acc000000001702f6ec,0,0,2026-08-24T14:38:36,6a26db00000000002b026ca7,complete,endpoint_exhausted,
account_guangzhou,9340,verified_local_broadband_guangzhou,guangzhou,0,,reply,6a261acc000000001702f6ec,0,0,2026-08-24T14:38:36,6a26daf40000000029018f5b,complete,endpoint_exhausted,
account_guangzhou,9340,verified_local_broadband_guangzhou,guangzhou,0,,reply,6a261acc000000001702f6ec,0,0,2026-08-24T14:38:36,6a26daed000000002701defd,complete,endpoint_exhausted,
account_guangzhou,9340,verified_local_broadband_guangzhou,guangzhou,0,,reply,6a261acc000000001702f6ec,0,0,2026-08-24T14:38:36,6a26dae5000000002702e296,complete,endpoint_exhausted,
account_guangzhou,9340,verified_local_broadband_guangzhou,guangzhou,0,,reply,6a261acc000000001702f6ec,0,0,2026-08-24T14:38:51,6a26dabb0000000029012a4e,complete,endpoint_exhausted,
account_guangzhou,9340,verified_local_broadband_guangzhou,guangzhou,0,,reply,6a261acc000000001702f6ec,0,0,2026-08-24T14:38:51,6a26da89000000002a026aa2,complete,endpoint_exhausted,
account_guangzhou,9340,verified_local_broadband_guangzhou,guangzhou,0,,reply,6a261acc000000001702f6ec,0,0,2026-08-24T14:38:51,6a26da6400000000290114b5,complete,endpoint_exhausted,
account_guangzhou,9340,verified_local_broadband_guangzhou,guangzhou,0,,reply,6a261acc000000001702f6ec,0,0,2026-08-24T14:38:51,6a26da5e000000002803c12f,complete,endpoint_exhausted,
account_guangzhou,9340,verified_local_broadband_guangzhou,guangzhou,0,,reply,6a261acc000000001702f6ec,0,0,2026-08-24T14:38:51,6a26da11000000002702f24d,complete,endpoint_exhausted,
account_guangzhou,9340,verified_local_broadband_guangzhou,guangzhou,1,,reply,6a261acc000000001702f6ec,1,0,2026-08-24T14:38:51,6a26d9fe000000002900eefd,complete,endpoint_exhausted,
account_guangzhou,9340,verified_local_broadband_guangzhou,guangzhou,0,,reply,6a261acc000000001702f6ec,0,0,2026-08-24T14:38:51,6a26d9d6000000002b02754c,complete,endpoint_exhausted,
account_guangzhou,9340,verified_local_broadband_guangzhou,guangzhou,0,,reply,6a261acc000000001702f6ec,0,0,2026-08-24T14:38:51,6a26d9cf000000002702935c,complete,endpoint_exhausted,
account_guangzhou,9340,verified_local_broadband_guangzhou,guangzhou,0,,reply,6a261acc000000001702f6ec,0,0,2026-08-24T14:38:51,6a26d9c10000000027017bfb,complete,endpoint_exhausted,
account_guangzhou,9340,verified_local_broadband_guangzhou,guangzhou,0,,reply,6a261acc000000001702f6ec,0,0,2026-08-24T14:38:51,6a26d9be000000002803d9ed,complete,endpoint_exhausted,
account_guangzhou,9340,verified_local_broadband_guangzhou,guangzhou,0,,reply,6a261acc000000001702f6ec,0,0,2026-08-24T14:39:06,6a26d99f000000002a0059e9,complete,endpoint_exhausted,
account_guangzhou,9340,verified_local_broadband_guangzhou,guangzhou,0,,reply,6a261acc000000001702f6ec,0,0,2026-08-24T14:39:06,6a26d974000000002702bf9b,complete,endpoint_exhausted,
account_guangzhou,9340,verified_local_broadband_guangzhou,guangzhou,0,,reply,6a261acc000000001702f6ec,0,0,2026-08-24T14:39:06,6a26d95b000000002b02a30f,complete,endpoint_exhausted,
account_guangzhou,9340,verified_local_broadband_guangzhou,guangzhou,0,,reply,6a261acc000000001702f6ec,0,0,2026-08-24T14:39:06,6a26d954000000002902576e,complete,endpoint_exhausted,
account_guangzhou,9340,verified_local_broadband_guangzhou,guangzhou,0,,reply,6a261acc000000001702f6ec,0,0,2026-08-24T14:39:06,6a26d90c0000000029036c33,complete,endpoint_exhausted,
account_guangzhou,9340,verified_local_broadband_guangzhou,guangzhou,0,,reply,6a261acc000000001702f6ec,0,0,2026-08-24T14:39:06,6a26d8860000000027028ace,complete,endpoint_exhausted,
account_guangzhou,9340,verified_local_broadband_guangzhou,guangzhou,0,,reply,6a261acc000000001702f6ec,0,0,2026-08-24T14:39:06,6a26d885000000002a02d459,complete,endpoint_exhausted,
account_guangzhou,9340,verified_local_broadband_guangzhou,guangzhou,0,,reply,6a261acc000000001702f6ec,0,0,2026-08-24T14:39:06,6a26d847000000002900c1f9,complete,endpoint_exhausted,
account_guangzhou,9340,verified_local_broadband_guangzhou,guangzhou,0,,reply,6a261acc000000001702f6ec,0,0,2026-08-24T14:39:06,6a26d8310000000028009557,complete,endpoint_exhausted,
account_guangzhou,9340,verified_local_broadband_guangzhou,guangzhou,0,,reply,6a261acc000000001702f6ec,0,0,2026-08-24T14:39:06,6a26d823000000002900f910,complete,endpoint_exhausted,
account_guangzhou,9340,verified_local_broadband_guangzhou,guangzhou,0,,reply,6a261acc000000001702f6ec,0,0,2026-08-24T14:39:22,6a26d819000000002203c1ca,complete,endpoint_exhausted,
account_guangzhou,9340,verified_local_broadband_guangzhou,guangzhou,0,,reply,6a261acc000000001702f6ec,0,0,2026-08-24T14:39:22,6a26d7d1000000002902ddd2,complete,endpoint_exhausted,
account_guangzhou,9340,verified_local_broadband_guangzhou,guangzhou,0,,reply,6a261acc000000001702f6ec,0,0,2026-08-24T14:39:22,6a26d7bf0000000029037091,complete,endpoint_exhausted,
account_guangzhou,9340,verified_local_broadband_guangzhou,guangzhou,12,,reply,6a261acc000000001702f6ec,12,3,2026-08-24T14:40:08,6a26d796000000002702dc10,complete,endpoint_exhausted,
account_guangzhou,9340,verified_local_broadband_guangzhou,guangzhou,0,,reply,6a261acc000000001702f6ec,0,0,2026-08-24T14:40:08,6a26d75a0000000029011c9f,complete,endpoint_exhausted,
account_guangzhou,9340,verified_local_broadband_guangzhou,guangzhou,0,,reply,6a261acc000000001702f6ec,0,0,2026-08-24T14:40:08,6a26d746000000002a006b6e,complete,endpoint_exhausted,
account_guangzhou,9340,verified_local_broadband_guangzhou,guangzhou,0,,reply,6a261acc000000001702f6ec,0,0,2026-08-24T14:40:08,6a26d704000000002a005ea0,complete,endpoint_exhausted,
account_guangzhou,9340,verified_local_broadband_guangzhou,guangzhou,0,,reply,6a261acc000000001702f6ec,0,0,2026-08-24T14:40:08,6a26d6f3000000002b02b7c9,complete,endpoint_exhausted,
account_guangzhou,9340,verified_local_broadband_guangzhou,guangzhou,0,,reply,6a261acc000000001702f6ec,0,0,2026-08-24T14:40:08,6a26d6f0000000002701f301,complete,endpoint_exhausted,
account_guangzhou,9340,verified_local_broadband_guangzhou,guangzhou,0,,reply,6a261acc000000001702f6ec,0,0,2026-08-24T14:40:08,6a26d6bc000000002702101e,complete,endpoint_exhausted,
account_guangzhou,9340,verified_local_broadband_guangzhou,guangzhou,1,,reply,6a261acc000000001702f6ec,1,0,2026-08-24T14:40:23,6a26d6ad000000002701e383,complete,endpoint_exhausted,
account_guangzhou,9340,verified_local_broadband_guangzhou,guangzhou,0,,reply,6a261acc000000001702f6ec,0,0,2026-08-24T14:40:23,6a26d6a400000000270208ea,complete,endpoint_exhausted,
account_guangzhou,9340,verified_local_broadband_guangzhou,guangzhou,7,,reply,6a261acc000000001702f6ec,7,2,2026-08-24T14:40:54,6a26d695000000002901830b,complete,endpoint_exhausted,
account_guangzhou,9340,verified_local_broadband_guangzhou,guangzhou,9,,reply,6a261acc000000001702f6ec,9,2,2026-08-24T14:41:24,6a26d692000000002b026d7b,complete,endpoint_exhausted,
account_guangzhou,9340,verified_local_broadband_guangzhou,guangzhou,0,,reply,6a261acc000000001702f6ec,0,0,2026-08-24T14:41:24,6a26d690000000002b02a6f7,complete,endpoint_exhausted,
account_guangzhou,9340,verified_local_broadband_guangzhou,guangzhou,0,,reply,6a261acc000000001702f6ec,0,0,2026-08-24T14:41:24,6a26d684000000002900cda3,complete,endpoint_exhausted,
account_guangzhou,9340,verified_local_broadband_guangzhou,guangzhou,0,,reply,6a261acc000000001702f6ec,0,0,2026-08-24T14:41:24,6a26d66c000000002800a51e,complete,endpoint_exhausted,
account_guangzhou,9340,verified_local_broadband_guangzhou,guangzhou,0,,reply,6a261acc000000001702f6ec,0,0,2026-08-24T14:41:24,6a26d646000000002b025fba,complete,endpoint_exhausted,
account_guangzhou,9340,verified_local_broadband_guangzhou,guangzhou,0,,reply,6a261acc000000001702f6ec,0,0,2026-08-24T14:41:24,6a26d6330000000027022b76,complete,endpoint_exhausted,
account_guangzhou,9340,verified_local_broadband_guangzhou,guangzhou,0,,reply,6a261acc000000001702f6ec,0,0,2026-08-24T14:41:24,6a26d623000000002b002ec3,complete,endpoint_exhausted,
account_guangzhou,9340,verified_local_broadband_guangzhou,guangzhou,130,"CAPTCHA appeared, request failed, Verifytype: 124, Verifyuuid: 33ad1292-520a-4c96-990b-8a77707ede82, Response: <Response [461 status code 461]>",reply,6a261acc000000001702f6ec,76,15,2026-08-24T14:45:30,6a26d60d00000000280358d4,incomplete,Exception,
account_guangzhou,9340,verified_local_broadband_guangzhou,guangzhou,,"CAPTCHA appeared, request failed, Verifytype: 124, Verifyuuid: 33ad1292-520a-4c96-990b-8a77707ede82, Response: <Response [461 status code 461]>",top_level,6a261acc000000001702f6ec,540,54,2026-08-24T14:45:30,,incomplete,Exception,True
account_guangzhou,9340,verified_local_broadband_guangzhou,guangzhou,0,,reply,6a261acc000000001702f6ec,0,0,2026-08-25T11:13:33,6a4912a10000000014038ef9,complete,endpoint_exhausted,
account_guangzhou,9340,verified_local_broadband_guangzhou,guangzhou,13,,reply,6a261acc000000001702f6ec,13,3,2026-08-25T11:14:19,6a2783e2000000002a027a0c,complete,endpoint_exhausted,
account_guangzhou,9340,verified_local_broadband_guangzhou,guangzhou,1,,reply,6a261acc000000001702f6ec,1,0,2026-08-25T11:14:19,6a26e835000000002a02f6ed,complete,endpoint_exhausted,
account_guangzhou,9340,verified_local_broadband_guangzhou,guangzhou,1,,reply,6a261acc000000001702f6ec,1,0,2026-08-25T11:14:19,6a266fc8000000002803f645,complete,endpoint_exhausted,
account_guangzhou,9340,verified_local_broadband_guangzhou,guangzhou,1,,reply,6a261acc000000001702f6ec,1,0,2026-08-25T11:14:19,6a26d216000000002a0275a0,complete,endpoint_exhausted,
account_guangzhou,9340,verified_local_broadband_guangzhou,guangzhou,1,,reply,6a261acc000000001702f6ec,1,0,2026-08-25T11:14:19,6a26bc3b0000000028034e5a,complete,endpoint_exhausted,
account_guangzhou,9340,verified_local_broadband_guangzhou,guangzhou,1,,reply,6a261acc000000001702f6ec,1,0,2026-08-25T11:14:19,6a27c68c0000000028031c36,complete,endpoint_exhausted,
account_guangzhou,9340,verified_local_broadband_guangzhou,guangzhou,2,,reply,6a261acc000000001702f6ec,2,1,2026-08-25T11:14:35,6a26e6170000000028037196,complete,endpoint_exhausted,
account_guangzhou,9340,verified_local_broadband_guangzhou,guangzhou,1,,reply,6a261acc000000001702f6ec,1,0,2026-08-25T11:14:35,6a26a559000000002702c08d,complete,endpoint_exhausted,
account_guangzhou,9340,verified_local_broadband_guangzhou,guangzhou,1,,reply,6a261acc000000001702f6ec,1,0,2026-08-25T11:14:35,6a26e0dd0000000027021bf3,complete,endpoint_exhausted,
account_guangzhou,9340,verified_local_broadband_guangzhou,guangzhou,1,,reply,6a261acc000000001702f6ec,1,0,2026-08-25T11:14:50,6a2723cb0000000028039c80,complete,endpoint_exhausted,
account_guangzhou,9340,verified_local_broadband_guangzhou,guangzhou,1,,reply,6a261acc000000001702f6ec,1,0,2026-08-25T11:14:50,6a26a579000000002a0323bf,complete,endpoint_exhausted,
account_guangzhou,9340,verified_local_broadband_guangzhou,guangzhou,0,,reply,6a261acc000000001702f6ec,0,0,2026-08-25T11:14:50,6a26e2fc000000002800a518,complete,endpoint_exhausted,
account_guangzhou,9340,verified_local_broadband_guangzhou,guangzhou,1,,reply,6a261acc000000001702f6ec,1,0,2026-08-25T11:14:50,6a26ff110000000027028b8c,complete,endpoint_exhausted,
account_guangzhou,9340,verified_local_broadband_guangzhou,guangzhou,1,,reply,6a261acc000000001702f6ec,1,0,2026-08-25T11:14:50,6a2784d9000000002803520a,complete,endpoint_exhausted,
account_guangzhou,9340,verified_local_broadband_guangzhou,guangzhou,1,,reply,6a261acc000000001702f6ec,1,0,2026-08-25T11:14:50,6a2bfa930000000028039bb2,complete,endpoint_exhausted,
account_guangzhou,9340,verified_local_broadband_guangzhou,guangzhou,1,,reply,6a261acc000000001702f6ec,1,0,2026-08-25T11:14:50,6a26e1ad000000002900e54c,complete,endpoint_exhausted,
account_guangzhou,9340,verified_local_broadband_guangzhou,guangzhou,145,,reply,6a261acc000000001702f6ec,145,29,2026-08-25T11:22:18,6a267451000000002b025e3c,complete,endpoint_exhausted,
account_guangzhou,9340,verified_local_broadband_guangzhou,guangzhou,1,,reply,6a261acc000000001702f6ec,1,0,2026-08-25T11:22:18,6a26b66c000000002900d0c2,complete,endpoint_exhausted,
account_guangzhou,9340,verified_local_broadband_guangzhou,guangzhou,130,,reply,6a261acc000000001702f6ec,130,26,2026-08-25T11:28:56,6a26d60d00000000280358d4,complete,endpoint_exhausted,
account_guangzhou,9340,verified_local_broadband_guangzhou,guangzhou,1,,reply,6a261acc000000001702f6ec,1,0,2026-08-25T11:29:12,6a26d584000000002a0338e8,complete,endpoint_exhausted,
account_guangzhou,9340,verified_local_broadband_guangzhou,guangzhou,0,,reply,6a261acc000000001702f6ec,0,0,2026-08-25T11:29:12,6a26d583000000002900cfc4,complete,endpoint_exhausted,
account_guangzhou,9340,verified_local_broadband_guangzhou,guangzhou,0,,reply,6a261acc000000001702f6ec,0,0,2026-08-25T11:29:12,6a26d582000000002a024a8d,complete,endpoint_exhausted,
account_guangzhou,9340,verified_local_broadband_guangzhou,guangzhou,0,,reply,6a261acc000000001702f6ec,0,0,2026-08-25T11:29:12,6a26d582000000002702d72a,complete,endpoint_exhausted,
account_guangzhou,9340,verified_local_broadband_guangzhou,guangzhou,0,,reply,6a261acc000000001702f6ec,0,0,2026-08-25T11:29:12,6a26d57a000000002a024906,complete,endpoint_exhausted,
account_guangzhou,9340,verified_local_broadband_guangzhou,guangzhou,0,,reply,6a261acc000000001702f6ec,0,0,2026-08-25T11:29:12,6a26d576000000002b000ef9,complete,endpoint_exhausted,
account_guangzhou,9340,verified_local_broadband_guangzhou,guangzhou,0,,reply,6a261acc000000001702f6ec,0,0,2026-08-25T11:29:12,6a26d55c0000000029025a3a,complete,endpoint_exhausted,
account_guangzhou,9340,verified_local_broadband_guangzhou,guangzhou,0,,reply,6a261acc000000001702f6ec,0,0,2026-08-25T11:29:12,6a26d550000000002803902b,complete,endpoint_exhausted,
account_guangzhou,9340,verified_local_broadband_guangzhou,guangzhou,0,,reply,6a261acc000000001702f6ec,0,0,2026-08-25T11:29:12,6a26d546000000002a032d1e,complete,endpoint_exhausted,
account_guangzhou,9340,verified_local_broadband_guangzhou,guangzhou,0,,reply,6a261acc000000001702f6ec,0,0,2026-08-25T11:29:12,6a26d528000000002b029c45,complete,endpoint_exhausted,
account_guangzhou,9340,verified_local_broadband_guangzhou,guangzhou,0,,reply,6a261acc000000001702f6ec,0,0,2026-08-25T11:29:27,6a26d52100000000290376e7,complete,endpoint_exhausted,
account_guangzhou,9340,verified_local_broadband_guangzhou,guangzhou,0,,reply,6a261acc000000001702f6ec,0,0,2026-08-25T11:29:27,6a26d50c000000002702b6e0,complete,endpoint_exhausted,
account_guangzhou,9340,verified_local_broadband_guangzhou,guangzhou,0,,reply,6a261acc000000001702f6ec,0,0,2026-08-25T11:29:27,6a26d4cf0000000029013aeb,complete,endpoint_exhausted,
account_guangzhou,9340,verified_local_broadband_guangzhou,guangzhou,0,,reply,6a261acc000000001702f6ec,0,0,2026-08-25T11:29:27,6a26d4c2000000002803e94a,complete,endpoint_exhausted,
account_guangzhou,9340,verified_local_broadband_guangzhou,guangzhou,1,,reply,6a261acc000000001702f6ec,1,0,2026-08-25T11:29:27,6a26d4b7000000002803aa32,complete,endpoint_exhausted,
account_guangzhou,9340,verified_local_broadband_guangzhou,guangzhou,0,,reply,6a261acc000000001702f6ec,0,0,2026-08-25T11:29:27,6a26d4af000000002803a7db,complete,endpoint_exhausted,
account_guangzhou,9340,verified_local_broadband_guangzhou,guangzhou,0,,reply,6a261acc000000001702f6ec,0,0,2026-08-25T11:29:27,6a26d4a9000000002702df4a,complete,endpoint_exhausted,
account_guangzhou,9340,verified_local_broadband_guangzhou,guangzhou,0,,reply,6a261acc000000001702f6ec,0,0,2026-08-25T11:29:27,6a26d49d0000000029035d23,complete,endpoint_exhausted,
account_guangzhou,9340,verified_local_broadband_guangzhou,guangzhou,0,,reply,6a261acc000000001702f6ec,0,0,2026-08-25T11:29:27,6a26d462000000002a025c54,complete,endpoint_exhausted,
account_guangzhou,9340,verified_local_broadband_guangzhou,guangzhou,0,,reply,6a261acc000000001702f6ec,0,0,2026-08-25T11:29:27,6a26d4580000000028033804,complete,endpoint_exhausted,
account_guangzhou,9340,verified_local_broadband_guangzhou,guangzhou,0,,reply,6a261acc000000001702f6ec,0,0,2026-08-25T11:29:43,6a26d4570000000029019f7d,complete,endpoint_exhausted,
account_guangzhou,9340,verified_local_broadband_guangzhou,guangzhou,0,,reply,6a261acc000000001702f6ec,0,0,2026-08-25T11:29:43,6a26d42e000000002702bc76,complete,endpoint_exhausted,
account_guangzhou,9340,verified_local_broadband_guangzhou,guangzhou,0,,reply,6a261acc000000001702f6ec,0,0,2026-08-25T11:29:43,6a26d412000000002b000d44,complete,endpoint_exhausted,
account_guangzhou,9340,verified_local_broadband_guangzhou,guangzhou,0,,reply,6a261acc000000001702f6ec,0,0,2026-08-25T11:29:43,6a26d4120000000029011030,complete,endpoint_exhausted,
account_guangzhou,9340,verified_local_broadband_guangzhou,guangzhou,0,,reply,6a261acc000000001702f6ec,0,0,2026-08-25T11:29:43,6a26d3f6000000002702f1d5,complete,endpoint_exhausted,
account_guangzhou,9340,verified_local_broadband_guangzhou,guangzhou,0,,reply,6a261acc000000001702f6ec,0,0,2026-08-25T11:29:43,6a26d3ca000000002a03264b,complete,endpoint_exhausted,
account_guangzhou,9340,verified_local_broadband_guangzhou,guangzhou,0,,reply,6a261acc000000001702f6ec,0,0,2026-08-25T11:29:43,6a26d3c10000000028037e00,complete,endpoint_exhausted,
account_guangzhou,9340,verified_local_broadband_guangzhou,guangzhou,0,,reply,6a261acc000000001702f6ec,0,0,2026-08-25T11:29:43,6a26d39a000000002701710f,complete,endpoint_exhausted,
account_guangzhou,9340,verified_local_broadband_guangzhou,guangzhou,0,,reply,6a261acc000000001702f6ec,0,0,2026-08-25T11:29:43,6a26d38a000000002803e0fb,complete,endpoint_exhausted,
account_guangzhou,9340,verified_local_broadband_guangzhou,guangzhou,0,,reply,6a261acc000000001702f6ec,0,0,2026-08-25T11:29:43,6a26d37c000000002b00303a,complete,endpoint_exhausted,
account_guangzhou,9340,verified_local_broadband_guangzhou,guangzhou,0,,reply,6a261acc000000001702f6ec,0,0,2026-08-25T11:29:58,6a26d33a000000002b02b94e,complete,endpoint_exhausted,
account_guangzhou,9340,verified_local_broadband_guangzhou,guangzhou,0,,reply,6a261acc000000001702f6ec,0,0,2026-08-25T11:29:58,6a26d334000000002701cff5,complete,endpoint_exhausted,
account_guangzhou,9340,verified_local_broadband_guangzhou,guangzhou,0,,reply,6a261acc000000001702f6ec,0,0,2026-08-25T11:29:58,6a26d31d000000002803c4be,complete,endpoint_exhausted,
account_guangzhou,9340,verified_local_broadband_guangzhou,guangzhou,0,,reply,6a261acc000000001702f6ec,0,0,2026-08-25T11:29:58,6a26d31500000000290352f7,complete,endpoint_exhausted,
account_guangzhou,9340,verified_local_broadband_guangzhou,guangzhou,0,,reply,6a261acc000000001702f6ec,0,0,2026-08-25T11:29:58,6a26d30900000000280321c0,complete,endpoint_exhausted,
account_guangzhou,9340,verified_local_broadband_guangzhou,guangzhou,0,,reply,6a261acc000000001702f6ec,0,0,2026-08-25T11:29:58,6a26d2df000000002a02d2a4,complete,endpoint_exhausted,
account_guangzhou,9340,verified_local_broadband_guangzhou,guangzhou,0,,reply,6a261acc000000001702f6ec,0,0,2026-08-25T11:29:58,6a26d2cc0000000029019aec,complete,endpoint_exhausted,
account_guangzhou,9340,verified_local_broadband_guangzhou,guangzhou,0,,reply,6a261acc000000001702f6ec,0,0,2026-08-25T11:29:58,6a26d2c1000000002702e41e,complete,endpoint_exhausted,
account_guangzhou,9340,verified_local_broadband_guangzhou,guangzhou,0,,reply,6a261acc000000001702f6ec,0,0,2026-08-25T11:29:58,6a26d2b3000000002b000776,complete,endpoint_exhausted,
account_guangzhou,9340,verified_local_broadband_guangzhou,guangzhou,0,,reply,6a261acc000000001702f6ec,0,0,2026-08-25T11:29:58,6a26d29d000000002a02c53e,complete,endpoint_exhausted,
account_guangzhou,9340,verified_local_broadband_guangzhou,guangzhou,0,,reply,6a261acc000000001702f6ec,0,0,2026-08-25T11:30:14,6a26d28b000000002b02641f,complete,endpoint_exhausted,
account_guangzhou,9340,verified_local_broadband_guangzhou,guangzhou,0,,reply,6a261acc000000001702f6ec,0,0,2026-08-25T11:30:14,6a26d2480000000028038ba8,complete,endpoint_exhausted,
account_guangzhou,9340,verified_local_broadband_guangzhou,guangzhou,0,,reply,6a261acc000000001702f6ec,0,0,2026-08-25T11:30:14,6a26d238000000002901bd3c,complete,endpoint_exhausted,
account_guangzhou,9340,verified_local_broadband_guangzhou,guangzhou,1,,reply,6a261acc000000001702f6ec,1,0,2026-08-25T11:30:14,6a26d216000000002a0275a0,complete,endpoint_exhausted,
account_guangzhou,9340,verified_local_broadband_guangzhou,guangzhou,0,,reply,6a261acc000000001702f6ec,0,0,2026-08-25T11:30:14,6a26d204000000002702f69c,complete,endpoint_exhausted,
account_guangzhou,9340,verified_local_broadband_guangzhou,guangzhou,0,,reply,6a261acc000000001702f6ec,0,0,2026-08-25T11:30:14,6a26d1d5000000002702a3a2,complete,endpoint_exhausted,
account_guangzhou,9340,verified_local_broadband_guangzhou,guangzhou,1,,reply,6a261acc000000001702f6ec,1,0,2026-08-25T11:30:14,6a26d1bd0000000029013dd2,complete,endpoint_exhausted,
account_guangzhou,9340,verified_local_broadband_guangzhou,guangzhou,0,,reply,6a261acc000000001702f6ec,0,0,2026-08-25T11:30:14,6a26d1bd000000002900dd37,complete,endpoint_exhausted,
account_guangzhou,9340,verified_local_broadband_guangzhou,guangzhou,0,,reply,6a261acc000000001702f6ec,0,0,2026-08-25T11:30:14,6a26d15b0000000027015cf1,complete,endpoint_exhausted,
account_guangzhou,9340,verified_local_broadband_guangzhou,guangzhou,0,,reply,6a261acc000000001702f6ec,0,0,2026-08-25T11:30:14,6a26d10a000000002803fd58,complete,endpoint_exhausted,
account_guangzhou,9340,verified_local_broadband_guangzhou,guangzhou,0,,reply,6a261acc000000001702f6ec,0,0,2026-08-25T11:30:29,6a26d101000000002702aa43,complete,endpoint_exhausted,
account_guangzhou,9340,verified_local_broadband_guangzhou,guangzhou,0,,reply,6a261acc000000001702f6ec,0,0,2026-08-25T11:30:29,6a26d0f9000000002902e4f9,complete,endpoint_exhausted,
account_guangzhou,9340,verified_local_broadband_guangzhou,guangzhou,0,,reply,6a261acc000000001702f6ec,0,0,2026-08-25T11:30:29,6a26d0f30000000027021924,complete,endpoint_exhausted,
account_guangzhou,9340,verified_local_broadband_guangzhou,guangzhou,0,,reply,6a261acc000000001702f6ec,0,0,2026-08-25T11:30:29,6a26d0e5000000002803413c,complete,endpoint_exhausted,
account_guangzhou,9340,verified_local_broadband_guangzhou,guangzhou,0,,reply,6a261acc000000001702f6ec,0,0,2026-08-25T11:30:29,6a26d0c3000000002800bd45,complete,endpoint_exhausted,
account_guangzhou,9340,verified_local_broadband_guangzhou,guangzhou,0,,reply,6a261acc000000001702f6ec,0,0,2026-08-25T11:30:29,6a26d0b3000000002702959b,complete,endpoint_exhausted,
account_guangzhou,9340,verified_local_broadband_guangzhou,guangzhou,0,,reply,6a261acc000000001702f6ec,0,0,2026-08-25T11:30:29,6a26d0900000000028030312,complete,endpoint_exhausted,
account_guangzhou,9340,verified_local_broadband_guangzhou,guangzhou,0,,reply,6a261acc000000001702f6ec,0,0,2026-08-25T11:30:29,6a26d038000000002b02a5c7,complete,endpoint_exhausted,
account_guangzhou,9340,verified_local_broadband_guangzhou,guangzhou,1,,reply,6a261acc000000001702f6ec,1,0,2026-08-25T11:30:29,6a26d0030000000027021b23,complete,endpoint_exhausted,
account_guangzhou,9340,verified_local_broadband_guangzhou,guangzhou,22,,reply,6a261acc000000001702f6ec,22,5,2026-08-25T11:31:47,6a26cff30000000027017b94,complete,endpoint_exhausted,
account_guangzhou,9340,verified_local_broadband_guangzhou,guangzhou,25,,reply,6a261acc000000001702f6ec,25,5,2026-08-25T11:33:20,6a26cfce0000000027029763,complete,endpoint_exhausted,
account_guangzhou,9340,verified_local_broadband_guangzhou,guangzhou,0,,reply,6a261acc000000001702f6ec,0,0,2026-08-25T11:33:20,6a26cf3a000000002803bcbf,complete,endpoint_exhausted,
account_guangzhou,9340,verified_local_broadband_guangzhou,guangzhou,0,,reply,6a261acc000000001702f6ec,0,0,2026-08-25T11:33:20,6a26cf090000000028009043,complete,endpoint_exhausted,
account_guangzhou,9340,verified_local_broadband_guangzhou,guangzhou,0,,reply,6a261acc000000001702f6ec,0,0,2026-08-25T11:33:20,6a26cec50000000028039a99,complete,endpoint_exhausted,
account_guangzhou,9340,verified_local_broadband_guangzhou,guangzhou,0,,reply,6a261acc000000001702f6ec,0,0,2026-08-25T11:33:20,6a26cec3000000002702067a,complete,endpoint_exhausted,
account_guangzhou,9340,verified_local_broadband_guangzhou,guangzhou,0,,reply,6a261acc000000001702f6ec,0,0,2026-08-25T11:33:20,6a26ceb5000000002800ba01,complete,endpoint_exhausted,
account_guangzhou,9340,verified_local_broadband_guangzhou,guangzhou,0,,reply,6a261acc000000001702f6ec,0,0,2026-08-25T11:33:20,6a26cea1000000002803e446,complete,endpoint_exhausted,
account_guangzhou,9340,verified_local_broadband_guangzhou,guangzhou,0,,reply,6a261acc000000001702f6ec,0,0,2026-08-25T11:33:20,6a26ce9b000000002900fa48,complete,endpoint_exhausted,
account_guangzhou,9340,verified_local_broadband_guangzhou,guangzhou,0,,reply,6a261acc000000001702f6ec,0,0,2026-08-25T11:33:20,6a26ce5f0000000028038200,complete,endpoint_exhausted,
account_guangzhou,9340,verified_local_broadband_guangzhou,guangzhou,0,,reply,6a261acc000000001702f6ec,0,0,2026-08-25T11:33:20,6a26ce5c000000002803201a,complete,endpoint_exhausted,
account_guangzhou,9340,verified_local_broadband_guangzhou,guangzhou,0,,reply,6a261acc000000001702f6ec,0,0,2026-08-25T11:33:35,6a26ce4b000000002a027b82,complete,endpoint_exhausted,
account_guangzhou,9340,verified_local_broadband_guangzhou,guangzhou,0,,reply,6a261acc000000001702f6ec,0,0,2026-08-25T11:33:35,6a26ce440000000029011105,complete,endpoint_exhausted,
account_guangzhou,9340,verified_local_broadband_guangzhou,guangzhou,0,,reply,6a261acc000000001702f6ec,0,0,2026-08-25T11:33:35,6a26ce21000000002803c041,complete,endpoint_exhausted,
account_guangzhou,9340,verified_local_broadband_guangzhou,guangzhou,0,,reply,6a261acc000000001702f6ec,0,0,2026-08-25T11:33:35,6a26cde800000000270291f3,complete,endpoint_exhausted,
account_guangzhou,9340,verified_local_broadband_guangzhou,guangzhou,0,,reply,6a261acc000000001702f6ec,0,0,2026-08-25T11:33:35,6a26cda9000000002803905f,complete,endpoint_exhausted,
account_guangzhou,9340,verified_local_broadband_guangzhou,guangzhou,0,,reply,6a261acc000000001702f6ec,0,0,2026-08-25T11:33:35,6a26cd94000000002902f93e,complete,endpoint_exhausted,
account_guangzhou,9340,verified_local_broadband_guangzhou,guangzhou,0,,reply,6a261acc000000001702f6ec,0,0,2026-08-25T11:33:35,6a26cd84000000002902f5db,complete,endpoint_exhausted,
account_guangzhou,9340,verified_local_broadband_guangzhou,guangzhou,1,,reply,6a261acc000000001702f6ec,1,0,2026-08-25T11:33:35,6a26cd76000000002701cc4e,complete,endpoint_exhausted,
account_guangzhou,9340,verified_local_broadband_guangzhou,guangzhou,0,,reply,6a261acc000000001702f6ec,0,0,2026-08-25T11:33:35,6a26cd72000000002a032978,complete,endpoint_exhausted,
account_guangzhou,9340,verified_local_broadband_guangzhou,guangzhou,0,,reply,6a261acc000000001702f6ec,0,0,2026-08-25T11:33:35,6a26cd61000000002702c409,complete,endpoint_exhausted,
account_guangzhou,9340,verified_local_broadband_guangzhou,guangzhou,0,,reply,6a261acc000000001702f6ec,0,0,2026-08-25T11:33:51,6a26cd59000000002702c207,complete,endpoint_exhausted,
account_guangzhou,9340,verified_local_broadband_guangzhou,guangzhou,0,,reply,6a261acc000000001702f6ec,0,0,2026-08-25T11:33:51,6a26ccc00000000027023dec,complete,endpoint_exhausted,
account_guangzhou,9340,verified_local_broadband_guangzhou,guangzhou,0,,reply,6a261acc000000001702f6ec,0,0,2026-08-25T11:33:51,6a26ccb40000000028032e60,complete,endpoint_exhausted,
account_guangzhou,9340,verified_local_broadband_guangzhou,guangzhou,0,,reply,6a261acc000000001702f6ec,0,0,2026-08-25T11:33:51,6a26cc86000000002803d1c5,complete,endpoint_exhausted,
account_guangzhou,9340,verified_local_broadband_guangzhou,guangzhou,0,,reply,6a261acc000000001702f6ec,0,0,2026-08-25T11:33:51,6a26cc45000000002b00010b,complete,endpoint_exhausted,
account_guangzhou,9340,verified_local_broadband_guangzhou,guangzhou,0,,reply,6a261acc000000001702f6ec,0,0,2026-08-25T11:33:51,6a26cc39000000002a0252f5,complete,endpoint_exhausted,
account_guangzhou,9340,verified_local_broadband_guangzhou,guangzhou,0,,reply,6a261acc000000001702f6ec,0,0,2026-08-25T11:33:51,6a26cc3700000000270178b7,complete,endpoint_exhausted,
account_guangzhou,9340,verified_local_broadband_guangzhou,guangzhou,0,,reply,6a261acc000000001702f6ec,0,0,2026-08-25T11:33:51,6a26cc0e0000000027016cd7,complete,endpoint_exhausted,
account_guangzhou,9340,verified_local_broadband_guangzhou,guangzhou,0,,reply,6a261acc000000001702f6ec,0,0,2026-08-25T11:33:51,6a26cb8f000000002b001e40,complete,endpoint_exhausted,
account_guangzhou,9340,verified_local_broadband_guangzhou,guangzhou,1,,reply,6a261acc000000001702f6ec,1,0,2026-08-25T11:33:51,6a26ca9a000000002900e8b7,complete,endpoint_exhausted,
account_guangzhou,9340,verified_local_broadband_guangzhou,guangzhou,0,,reply,6a261acc000000001702f6ec,0,0,2026-08-25T11:34:06,6a26ca88000000002702f5d9,complete,endpoint_exhausted,
account_guangzhou,9340,verified_local_broadband_guangzhou,guangzhou,0,,reply,6a261acc000000001702f6ec,0,0,2026-08-25T11:34:06,6a26ca6b000000002b02b6d6,complete,endpoint_exhausted,
account_guangzhou,9340,verified_local_broadband_guangzhou,guangzhou,0,,reply,6a261acc000000001702f6ec,0,0,2026-08-25T11:34:06,6a26c9de000000002701dc72,complete,endpoint_exhausted,
account_guangzhou,9340,verified_local_broadband_guangzhou,guangzhou,0,,reply,6a261acc000000001702f6ec,0,0,2026-08-25T11:34:06,6a26c95e000000002702e2b6,complete,endpoint_exhausted,
account_guangzhou,9340,verified_local_broadband_guangzhou,guangzhou,0,,reply,6a261acc000000001702f6ec,0,0,2026-08-25T11:34:06,6a26c92a000000002a02dbbc,complete,endpoint_exhausted,
account_guangzhou,9340,verified_local_broadband_guangzhou,guangzhou,0,,reply,6a261acc000000001702f6ec,0,0,2026-08-25T11:34:06,6a26c914000000002701ea72,complete,endpoint_exhausted,
account_guangzhou,9340,verified_local_broadband_guangzhou,guangzhou,0,,reply,6a261acc000000001702f6ec,0,0,2026-08-25T11:34:06,6a26c8d70000000028035b65,complete,endpoint_exhausted,
account_guangzhou,9340,verified_local_broadband_guangzhou,guangzhou,0,,reply,6a261acc000000001702f6ec,0,0,2026-08-25T11:34:06,6a26c8d3000000002b02a45b,complete,endpoint_exhausted,
account_guangzhou,9340,verified_local_broadband_guangzhou,guangzhou,0,,reply,6a261acc000000001702f6ec,0,0,2026-08-25T11:34:06,6a26c8c1000000002b0244a8,complete,endpoint_exhausted,
account_guangzhou,9340,verified_local_broadband_guangzhou,guangzhou,0,,reply,6a261acc000000001702f6ec,0,0,2026-08-25T11:34:06,6a26c8890000000029037f0e,complete,endpoint_exhausted,
account_guangzhou,9340,verified_local_broadband_guangzhou,guangzhou,0,,reply,6a261acc000000001702f6ec,0,0,2026-08-25T11:34:22,6a26c84e000000002702854f,complete,endpoint_exhausted,
account_guangzhou,9340,verified_local_broadband_guangzhou,guangzhou,0,,reply,6a261acc000000001702f6ec,0,0,2026-08-25T11:34:22,6a26c8210000000029036a8f,complete,endpoint_exhausted,
account_guangzhou,9340,verified_local_broadband_guangzhou,guangzhou,0,,reply,6a261acc000000001702f6ec,0,0,2026-08-25T11:34:22,6a26c81f000000002a02408a,complete,endpoint_exhausted,
account_guangzhou,9340,verified_local_broadband_guangzhou,guangzhou,0,,reply,6a261acc000000001702f6ec,0,0,2026-08-25T11:34:22,6a26c773000000002b029bc6,complete,endpoint_exhausted,
account_guangzhou,9340,verified_local_broadband_guangzhou,guangzhou,0,,reply,6a261acc000000001702f6ec,0,0,2026-08-25T11:34:22,6a26c74c0000000028039e68,complete,endpoint_exhausted,
account_guangzhou,9340,verified_local_broadband_guangzhou,guangzhou,0,,reply,6a261acc000000001702f6ec,0,0,2026-08-25T11:34:22,6a26c7420000000029025684,complete,endpoint_exhausted,
account_guangzhou,9340,verified_local_broadband_guangzhou,guangzhou,0,,reply,6a261acc000000001702f6ec,0,0,2026-08-25T11:34:22,6a26c6a0000000002803fcce,complete,endpoint_exhausted,
account_guangzhou,9340,verified_local_broadband_guangzhou,guangzhou,0,,reply,6a261acc000000001702f6ec,0,0,2026-08-25T11:34:22,6a26c685000000002803f557,complete,endpoint_exhausted,
account_guangzhou,9340,verified_local_broadband_guangzhou,guangzhou,0,,reply,6a261acc000000001702f6ec,0,0,2026-08-25T11:34:22,6a26c67f000000002a030b32,complete,endpoint_exhausted,
account_guangzhou,9340,verified_local_broadband_guangzhou,guangzhou,0,,reply,6a261acc000000001702f6ec,0,0,2026-08-25T11:34:22,6a26c62b000000002901a127,complete,endpoint_exhausted,
account_guangzhou,9340,verified_local_broadband_guangzhou,guangzhou,0,,reply,6a261acc000000001702f6ec,0,0,2026-08-25T11:34:38,6a26c6190000000027029f40,complete,endpoint_exhausted,
account_guangzhou,9340,verified_local_broadband_guangzhou,guangzhou,0,,reply,6a261acc000000001702f6ec,0,0,2026-08-25T11:34:38,6a26c5c700000000280368cd,complete,endpoint_exhausted,
account_guangzhou,9340,verified_local_broadband_guangzhou,guangzhou,0,,reply,6a261acc000000001702f6ec,0,0,2026-08-25T11:34:38,6a26c55d000000002701f335,complete,endpoint_exhausted,
account_guangzhou,9340,verified_local_broadband_guangzhou,guangzhou,0,,reply,6a261acc000000001702f6ec,0,0,2026-08-25T11:34:38,6a26c50a0000000028037858,complete,endpoint_exhausted,
account_guangzhou,9340,verified_local_broadband_guangzhou,guangzhou,0,,reply,6a261acc000000001702f6ec,0,0,2026-08-25T11:34:38,6a26c4ec00000000290269de,complete,endpoint_exhausted,
account_guangzhou,9340,verified_local_broadband_guangzhou,guangzhou,0,,reply,6a261acc000000001702f6ec,0,0,2026-08-25T11:34:38,6a26c4be00000000270289a3,complete,endpoint_exhausted,
account_guangzhou,9340,verified_local_broadband_guangzhou,guangzhou,0,,reply,6a261acc000000001702f6ec,0,0,2026-08-25T11:34:38,6a26c499000000002803f6d1,complete,endpoint_exhausted,
account_guangzhou,9340,verified_local_broadband_guangzhou,guangzhou,0,,reply,6a261acc000000001702f6ec,0,0,2026-08-25T11:34:38,6a26c48b000000002702227e,complete,endpoint_exhausted,
account_guangzhou,9340,verified_local_broadband_guangzhou,guangzhou,0,,reply,6a261acc000000001702f6ec,0,0,2026-08-25T11:34:38,6a26c44a0000000029024c74,complete,endpoint_exhausted,
account_guangzhou,9340,verified_local_broadband_guangzhou,guangzhou,0,,reply,6a261acc000000001702f6ec,0,0,2026-08-25T11:34:38,6a26c42c000000002b0022bb,complete,endpoint_exhausted,
account_guangzhou,9340,verified_local_broadband_guangzhou,guangzhou,0,,reply,6a261acc000000001702f6ec,0,0,2026-08-25T11:34:53,6a26c3a6000000002a025c31,complete,endpoint_exhausted,
account_guangzhou,9340,verified_local_broadband_guangzhou,guangzhou,0,,reply,6a261acc000000001702f6ec,0,0,2026-08-25T11:34:53,6a26c377000000002a0078d7,complete,endpoint_exhausted,
account_guangzhou,9340,verified_local_broadband_guangzhou,guangzhou,0,,reply,6a261acc000000001702f6ec,0,0,2026-08-25T11:34:53,6a26c34e000000002803db74,complete,endpoint_exhausted,
account_guangzhou,9340,verified_local_broadband_guangzhou,guangzhou,0,,reply,6a261acc000000001702f6ec,0,0,2026-08-25T11:34:53,6a26c2d1000000002a030838,complete,endpoint_exhausted,
account_guangzhou,9340,verified_local_broadband_guangzhou,guangzhou,0,,reply,6a261acc000000001702f6ec,0,0,2026-08-25T11:34:53,6a26c1fc000000002800ade6,complete,endpoint_exhausted,
account_guangzhou,9340,verified_local_broadband_guangzhou,guangzhou,0,,reply,6a261acc000000001702f6ec,0,0,2026-08-25T11:34:53,6a26c1d6000000002902d953,complete,endpoint_exhausted,
account_guangzhou,9340,verified_local_broadband_guangzhou,guangzhou,0,,reply,6a261acc000000001702f6ec,0,0,2026-08-25T11:34:53,6a26c17b000000002702f59c,complete,endpoint_exhausted,
account_guangzhou,9340,verified_local_broadband_guangzhou,guangzhou,0,,reply,6a261acc000000001702f6ec,0,0,2026-08-25T11:34:53,6a26c1690000000029024963,complete,endpoint_exhausted,
account_guangzhou,9340,verified_local_broadband_guangzhou,guangzhou,0,,reply,6a261acc000000001702f6ec,0,0,2026-08-25T11:34:53,6a26c14c000000002a004a63,complete,endpoint_exhausted,
account_guangzhou,9340,verified_local_broadband_guangzhou,guangzhou,0,,reply,6a261acc000000001702f6ec,0,0,2026-08-25T11:34:53,6a26c111000000002803c58c,complete,endpoint_exhausted,
account_guangzhou,9340,verified_local_broadband_guangzhou,guangzhou,0,,reply,6a261acc000000001702f6ec,0,0,2026-08-25T11:35:09,6a26c0b4000000002902d906,complete,endpoint_exhausted,
account_guangzhou,9340,verified_local_broadband_guangzhou,guangzhou,0,,reply,6a261acc000000001702f6ec,0,0,2026-08-25T11:35:09,6a26c07c000000002b024cab,complete,endpoint_exhausted,
account_guangzhou,9340,verified_local_broadband_guangzhou,guangzhou,0,,reply,6a261acc000000001702f6ec,0,0,2026-08-25T11:35:09,6a26c03e000000002b02afa0,complete,endpoint_exhausted,
account_guangzhou,9340,verified_local_broadband_guangzhou,guangzhou,0,,reply,6a261acc000000001702f6ec,0,0,2026-08-25T11:35:09,6a26bfcb000000002903461a,complete,endpoint_exhausted,
account_guangzhou,9340,verified_local_broadband_guangzhou,guangzhou,0,,reply,6a261acc000000001702f6ec,0,0,2026-08-25T11:35:09,6a26bfc200000000270167ae,complete,endpoint_exhausted,
account_guangzhou,9340,verified_local_broadband_guangzhou,guangzhou,0,,reply,6a261acc000000001702f6ec,0,0,2026-08-25T11:35:09,6a26bfa0000000002701ef96,complete,endpoint_exhausted,
account_guangzhou,9340,verified_local_broadband_guangzhou,guangzhou,0,,reply,6a261acc000000001702f6ec,0,0,2026-08-25T11:35:09,6a26bf5a0000000029026456,complete,endpoint_exhausted,
account_guangzhou,9340,verified_local_broadband_guangzhou,guangzhou,0,,reply,6a261acc000000001702f6ec,0,0,2026-08-25T11:35:09,6a26bf35000000002b02b6ea,complete,endpoint_exhausted,
account_guangzhou,9340,verified_local_broadband_guangzhou,guangzhou,0,,reply,6a261acc000000001702f6ec,0,0,2026-08-25T11:35:09,6a26bf35000000002701d3dd,complete,endpoint_exhausted,
account_guangzhou,9340,verified_local_broadband_guangzhou,guangzhou,0,,reply,6a261acc000000001702f6ec,0,0,2026-08-25T11:35:09,6a26bf1e000000002702c9b0,complete,endpoint_exhausted,
account_guangzhou,9340,verified_local_broadband_guangzhou,guangzhou,0,,reply,6a261acc000000001702f6ec,0,0,2026-08-25T11:35:41,6a26bf0f000000002800b08d,complete,endpoint_exhausted,
account_guangzhou,9340,verified_local_broadband_guangzhou,guangzhou,0,,reply,6a261acc000000001702f6ec,0,0,2026-08-25T11:35:41,6a26bef6000000002702b70f,complete,endpoint_exhausted,
account_guangzhou,9340,verified_local_broadband_guangzhou,guangzhou,0,,reply,6a261acc000000001702f6ec,0,0,2026-08-25T11:35:41,6a26be820000000029011b0e,complete,endpoint_exhausted,
account_guangzhou,9340,verified_local_broadband_guangzhou,guangzhou,0,,reply,6a261acc000000001702f6ec,0,0,2026-08-25T11:35:41,6a26be35000000002800b565,complete,endpoint_exhausted,
account_guangzhou,9340,verified_local_broadband_guangzhou,guangzhou,0,,reply,6a261acc000000001702f6ec,0,0,2026-08-25T11:35:41,6a26be27000000002800b1f4,complete,endpoint_exhausted,
account_guangzhou,9340,verified_local_broadband_guangzhou,guangzhou,0,,reply,6a261acc000000001702f6ec,0,0,2026-08-25T11:35:41,6a26be2300000000290265b4,complete,endpoint_exhausted,
account_guangzhou,9340,verified_local_broadband_guangzhou,guangzhou,0,,reply,6a261acc000000001702f6ec,0,0,2026-08-25T11:35:41,6a26bd7c0000000028036868,complete,endpoint_exhausted,
account_guangzhou,9340,verified_local_broadband_guangzhou,guangzhou,0,,reply,6a261acc000000001702f6ec,0,0,2026-08-25T11:35:41,6a26bcd00000000029012911,complete,endpoint_exhausted,
account_guangzhou,9340,verified_local_broadband_guangzhou,guangzhou,1,,reply,6a261acc000000001702f6ec,1,0,2026-08-25T11:35:41,6a26bc8700000000280362b4,complete,endpoint_exhausted,
account_guangzhou,9340,verified_local_broadband_guangzhou,guangzhou,0,,reply,6a261acc000000001702f6ec,0,0,2026-08-25T11:35:41,6a26bc7b000000002b02a3d6,complete,endpoint_exhausted,
account_guangzhou,9340,verified_local_broadband_guangzhou,guangzhou,1,,reply,6a261acc000000001702f6ec,1,0,2026-08-25T11:36:02,6a26bc3b0000000028034e5a,complete,endpoint_exhausted,
account_guangzhou,9340,verified_local_broadband_guangzhou,guangzhou,0,,reply,6a261acc000000001702f6ec,0,0,2026-08-25T11:36:02,6a26bbd30000000029026b90,complete,endpoint_exhausted,
account_guangzhou,9340,verified_local_broadband_guangzhou,guangzhou,4,,reply,6a261acc000000001702f6ec,4,1,2026-08-25T11:36:17,6a26bbc0000000002a031df6,complete,endpoint_exhausted,
account_guangzhou,9340,verified_local_broadband_guangzhou,guangzhou,0,,reply,6a261acc000000001702f6ec,0,0,2026-08-25T11:36:17,6a26bba2000000002a024094,complete,endpoint_exhausted,
account_guangzhou,9340,verified_local_broadband_guangzhou,guangzhou,0,,reply,6a261acc000000001702f6ec,0,0,2026-08-25T11:36:17,6a26bb700000000029010a3e,complete,endpoint_exhausted,
account_guangzhou,9340,verified_local_broadband_guangzhou,guangzhou,0,,reply,6a261acc000000001702f6ec,0,0,2026-08-25T11:36:17,6a26bb62000000002a02eb41,complete,endpoint_exhausted,
account_guangzhou,9340,verified_local_broadband_guangzhou,guangzhou,0,,reply,6a261acc000000001702f6ec,0,0,2026-08-25T11:36:17,6a26bb57000000002702ff5b,complete,endpoint_exhausted,
account_guangzhou,9340,verified_local_broadband_guangzhou,guangzhou,0,,reply,6a261acc000000001702f6ec,0,0,2026-08-25T11:36:17,6a26bb030000000028037ae9,complete,endpoint_exhausted,
account_guangzhou,9340,verified_local_broadband_guangzhou,guangzhou,0,,reply,6a261acc000000001702f6ec,0,0,2026-08-25T11:36:17,6a26bac6000000002901194b,complete,endpoint_exhausted,
account_guangzhou,9340,verified_local_broadband_guangzhou,guangzhou,0,,reply,6a261acc000000001702f6ec,0,0,2026-08-25T11:36:17,6a26baba000000002701f0c7,complete,endpoint_exhausted,
account_guangzhou,9340,verified_local_broadband_guangzhou,guangzhou,0,,reply,6a261acc000000001702f6ec,0,0,2026-08-25T11:36:33,6a26ba42000000002800b5b4,complete,endpoint_exhausted,
account_guangzhou,9340,verified_local_broadband_guangzhou,guangzhou,0,,reply,6a261acc000000001702f6ec,0,0,2026-08-25T11:36:33,6a26b9f90000000027015cf7,complete,endpoint_exhausted,
account_guangzhou,9340,verified_local_broadband_guangzhou,guangzhou,0,,reply,6a261acc000000001702f6ec,0,0,2026-08-25T11:36:33,6a26b9e9000000002702d9a9,complete,endpoint_exhausted,
account_guangzhou,9340,verified_local_broadband_guangzhou,guangzhou,0,,reply,6a261acc000000001702f6ec,0,0,2026-08-25T11:36:33,6a26b9d1000000002702d3bf,complete,endpoint_exhausted,
account_guangzhou,9340,verified_local_broadband_guangzhou,guangzhou,0,,reply,6a261acc000000001702f6ec,0,0,2026-08-25T11:36:33,6a26b9d0000000002903554d,complete,endpoint_exhausted,
account_guangzhou,9340,verified_local_broadband_guangzhou,guangzhou,0,,reply,6a261acc000000001702f6ec,0,0,2026-08-25T11:36:33,6a26b9a80000000028008aad,complete,endpoint_exhausted,
account_guangzhou,9340,verified_local_broadband_guangzhou,guangzhou,0,,reply,6a261acc000000001702f6ec,0,0,2026-08-25T11:36:33,6a26b9370000000028038955,complete,endpoint_exhausted,
account_guangzhou,9340,verified_local_broadband_guangzhou,guangzhou,0,,reply,6a261acc000000001702f6ec,0,0,2026-08-25T11:36:33,6a26b935000000002702e620,complete,endpoint_exhausted,
account_guangzhou,9340,verified_local_broadband_guangzhou,guangzhou,0,,reply,6a261acc000000001702f6ec,0,0,2026-08-25T11:36:33,6a26b8e10000000027029e50,complete,endpoint_exhausted,
account_guangzhou,9340,verified_local_broadband_guangzhou,guangzhou,0,,reply,6a261acc000000001702f6ec,0,0,2026-08-25T11:36:33,6a26b8ca0000000029010b56,complete,endpoint_exhausted,
account_guangzhou,9340,verified_local_broadband_guangzhou,guangzhou,0,,reply,6a261acc000000001702f6ec,0,0,2026-08-25T11:36:48,6a26b83a000000002b00063f,complete,endpoint_exhausted,
account_guangzhou,9340,verified_local_broadband_guangzhou,guangzhou,0,,reply,6a261acc000000001702f6ec,0,0,2026-08-25T11:36:48,6a26b79b00000000280084b6,complete,endpoint_exhausted,
account_guangzhou,9340,verified_local_broadband_guangzhou,guangzhou,0,,reply,6a261acc000000001702f6ec,0,0,2026-08-25T11:36:48,6a26b769000000002a03050a,complete,endpoint_exhausted,
account_guangzhou,9340,verified_local_broadband_guangzhou,guangzhou,0,,reply,6a261acc000000001702f6ec,0,0,2026-08-25T11:36:48,6a26b73c000000002a0264a7,complete,endpoint_exhausted,
account_guangzhou,9340,verified_local_broadband_guangzhou,guangzhou,0,,reply,6a261acc000000001702f6ec,0,0,2026-08-25T11:36:48,6a26b6b0000000002a02fa90,complete,endpoint_exhausted,
account_guangzhou,9340,verified_local_broadband_guangzhou,guangzhou,0,,reply,6a261acc000000001702f6ec,0,0,2026-08-25T11:36:48,6a26b677000000002803f234,complete,endpoint_exhausted,
account_guangzhou,9340,verified_local_broadband_guangzhou,guangzhou,1,,reply,6a261acc000000001702f6ec,1,0,2026-08-25T11:36:48,6a26b66c000000002900d0c2,complete,endpoint_exhausted,
account_guangzhou,9340,verified_local_broadband_guangzhou,guangzhou,3,,reply,6a261acc000000001702f6ec,3,1,2026-08-25T11:37:04,6a26b656000000002702bceb,complete,endpoint_exhausted,
account_guangzhou,9340,verified_local_broadband_guangzhou,guangzhou,0,,reply,6a261acc000000001702f6ec,0,0,2026-08-25T11:37:04,6a26b6480000000027015cca,complete,endpoint_exhausted,
account_guangzhou,9340,verified_local_broadband_guangzhou,guangzhou,0,,reply,6a261acc000000001702f6ec,0,0,2026-08-25T11:37:04,6a26b6100000000028038367,complete,endpoint_exhausted,
account_guangzhou,9340,verified_local_broadband_guangzhou,guangzhou,0,,reply,6a261acc000000001702f6ec,0,0,2026-08-25T11:37:19,6a26b5bd000000002902757a,complete,endpoint_exhausted,
account_guangzhou,9340,verified_local_broadband_guangzhou,guangzhou,0,,reply,6a261acc000000001702f6ec,0,0,2026-08-25T11:37:19,6a26b520000000002900f8a3,complete,endpoint_exhausted,
account_guangzhou,9340,verified_local_broadband_guangzhou,guangzhou,0,,reply,6a261acc000000001702f6ec,0,0,2026-08-25T11:37:19,6a26b51e000000002903612e,complete,endpoint_exhausted,
account_guangzhou,9340,verified_local_broadband_guangzhou,guangzhou,0,,reply,6a261acc000000001702f6ec,0,0,2026-08-25T11:37:19,6a26b4fd00000000280326dd,complete,endpoint_exhausted,
account_guangzhou,9340,verified_local_broadband_guangzhou,guangzhou,0,,reply,6a261acc000000001702f6ec,0,0,2026-08-25T11:37:19,6a26b42c000000002702aeee,complete,endpoint_exhausted,
account_guangzhou,9340,verified_local_broadband_guangzhou,guangzhou,1,,reply,6a261acc000000001702f6ec,1,0,2026-08-25T11:37:19,6a26b335000000002b02709b,complete,endpoint_exhausted,
account_guangzhou,9340,verified_local_broadband_guangzhou,guangzhou,0,,reply,6a261acc000000001702f6ec,0,0,2026-08-25T11:37:19,6a26b2e9000000002b026318,complete,endpoint_exhausted,
account_guangzhou,9340,verified_local_broadband_guangzhou,guangzhou,0,,reply,6a261acc000000001702f6ec,0,0,2026-08-25T11:37:19,6a26b2e8000000002b0262f0,complete,endpoint_exhausted,
account_guangzhou,9340,verified_local_broadband_guangzhou,guangzhou,1,,reply,6a261acc000000001702f6ec,1,0,2026-08-25T11:37:19,6a26b2960000000027020fec,complete,endpoint_exhausted,
account_guangzhou,9340,verified_local_broadband_guangzhou,guangzhou,0,,reply,6a261acc000000001702f6ec,0,0,2026-08-25T11:37:19,6a26b257000000002a031098,complete,endpoint_exhausted,
account_guangzhou,9340,verified_local_broadband_guangzhou,guangzhou,0,,reply,6a261acc000000001702f6ec,0,0,2026-08-25T11:37:35,6a26b1f2000000002b027594,complete,endpoint_exhausted,
account_guangzhou,9340,verified_local_broadband_guangzhou,guangzhou,0,,reply,6a261acc000000001702f6ec,0,0,2026-08-25T11:37:35,6a26b1ca000000002803ba39,complete,endpoint_exhausted,
account_guangzhou,9340,verified_local_broadband_guangzhou,guangzhou,0,,reply,6a261acc000000001702f6ec,0,0,2026-08-25T11:37:35,6a26b1a2000000002900cfb6,complete,endpoint_exhausted,
account_guangzhou,9340,verified_local_broadband_guangzhou,guangzhou,0,,reply,6a261acc000000001702f6ec,0,0,2026-08-25T11:37:35,6a26b141000000002701ce0e,complete,endpoint_exhausted,
account_guangzhou,9340,verified_local_broadband_guangzhou,guangzhou,0,,reply,6a261acc000000001702f6ec,0,0,2026-08-25T11:37:35,6a26b0ad000000002900cfaf,complete,endpoint_exhausted,
account_guangzhou,9340,verified_local_broadband_guangzhou,guangzhou,0,,reply,6a261acc000000001702f6ec,0,0,2026-08-25T11:37:35,6a26b0ac000000002701e6e4,complete,endpoint_exhausted,
account_guangzhou,9340,verified_local_broadband_guangzhou,guangzhou,0,,reply,6a261acc000000001702f6ec,0,0,2026-08-25T11:37:35,6a26b01e000000002902d4b6,complete,endpoint_exhausted,
account_guangzhou,9340,verified_local_broadband_guangzhou,guangzhou,0,,reply,6a261acc000000001702f6ec,0,0,2026-08-25T11:37:35,6a26b011000000002a03291b,complete,endpoint_exhausted,
account_guangzhou,9340,verified_local_broadband_guangzhou,guangzhou,1,,reply,6a261acc000000001702f6ec,1,0,2026-08-25T11:37:35,6a26af99000000002800bdf4,complete,endpoint_exhausted,
account_guangzhou,9340,verified_local_broadband_guangzhou,guangzhou,1,,reply,6a261acc000000001702f6ec,1,0,2026-08-25T11:37:35,6a26aec6000000002701ed03,complete,endpoint_exhausted,
account_guangzhou,9340,verified_local_broadband_guangzhou,guangzhou,0,,reply,6a261acc000000001702f6ec,0,0,2026-08-25T11:37:50,6a26ade5000000002701f1a2,complete,endpoint_exhausted,
account_guangzhou,9340,verified_local_broadband_guangzhou,guangzhou,0,,reply,6a261acc000000001702f6ec,0,0,2026-08-25T11:37:50,6a26adcd0000000028032ad8,complete,endpoint_exhausted,
account_guangzhou,9340,verified_local_broadband_guangzhou,guangzhou,1,,reply,6a261acc000000001702f6ec,1,0,2026-08-25T11:37:50,6a26ad450000000029010de9,complete,endpoint_exhausted,
account_guangzhou,9340,verified_local_broadband_guangzhou,guangzhou,0,,reply,6a261acc000000001702f6ec,0,0,2026-08-25T11:37:50,6a26ac39000000002803707d,complete,endpoint_exhausted,
account_guangzhou,9340,verified_local_broadband_guangzhou,guangzhou,0,,reply,6a261acc000000001702f6ec,0,0,2026-08-25T11:37:50,6a26abed0000000028035cb2,complete,endpoint_exhausted,
account_guangzhou,9340,verified_local_broadband_guangzhou,guangzhou,0,,reply,6a261acc000000001702f6ec,0,0,2026-08-25T11:37:50,6a26abe4000000002a02654e,complete,endpoint_exhausted,
account_guangzhou,9340,verified_local_broadband_guangzhou,guangzhou,0,,reply,6a261acc000000001702f6ec,0,0,2026-08-25T11:37:50,6a26aa780000000028039555,complete,endpoint_exhausted,
account_guangzhou,9340,verified_local_broadband_guangzhou,guangzhou,0,,reply,6a261acc000000001702f6ec,0,0,2026-08-25T11:37:50,6a26a9020000000027029085,complete,endpoint_exhausted,
account_guangzhou,9340,verified_local_broadband_guangzhou,guangzhou,1,,reply,6a261acc000000001702f6ec,1,0,2026-08-25T11:37:50,6a26a579000000002a0323bf,complete,endpoint_exhausted,
account_guangzhou,9340,verified_local_broadband_guangzhou,guangzhou,1,,reply,6a261acc000000001702f6ec,1,0,2026-08-25T11:37:50,6a26a559000000002702c08d,complete,endpoint_exhausted,
account_guangzhou,9340,verified_local_broadband_guangzhou,guangzhou,1,,reply,6a261acc000000001702f6ec,1,0,2026-08-25T11:38:06,6a26a128000000002b024953,complete,endpoint_exhausted,
account_guangzhou,9340,verified_local_broadband_guangzhou,guangzhou,1,,reply,6a261acc000000001702f6ec,1,0,2026-08-25T11:38:06,6a269f94000000002902dd8f,complete,endpoint_exhausted,
account_guangzhou,9340,verified_local_broadband_guangzhou,guangzhou,1,,reply,6a261acc000000001702f6ec,1,0,2026-08-25T11:38:06,6a269d7300000000290372e5,complete,endpoint_exhausted,
account_guangzhou,9340,verified_local_broadband_guangzhou,guangzhou,1,,reply,6a261acc000000001702f6ec,1,0,2026-08-25T11:38:06,6a266fc8000000002803f645,complete,endpoint_exhausted,
account_guangzhou,9340,verified_local_broadband_guangzhou,guangzhou,1,,reply,6a261acc000000001702f6ec,1,0,2026-08-25T11:38:06,6a264ee6000000002a005ab9,complete,endpoint_exhausted,
account_guangzhou,9340,verified_local_broadband_guangzhou,guangzhou,1,,reply,6a261acc000000001702f6ec,1,0,2026-08-25T11:38:06,6a26398d000000002902c45e,complete,endpoint_exhausted,
account_guangzhou,9340,verified_local_broadband_guangzhou,guangzhou,1,,reply,6a261acc000000001702f6ec,1,0,2026-08-25T11:38:06,6a261c8a000000002a02e8c0,complete,endpoint_exhausted,
account_guangzhou,9340,verified_local_broadband_guangzhou,guangzhou,25,,reply,6a261acc000000001702f6ec,25,5,2026-08-25T11:39:23,6a2712c7000000002901895d,complete,endpoint_exhausted,
account_guangzhou,9340,verified_local_broadband_guangzhou,guangzhou,24,,reply,6a261acc000000001702f6ec,24,5,2026-08-25T11:40:39,6a26b6e40000000029037a9b,complete,endpoint_exhausted,
account_guangzhou,9340,verified_local_broadband_guangzhou,guangzhou,6,,reply,6a261acc000000001702f6ec,6,1,2026-08-25T11:40:55,6a26b499000000002800b8be,complete,endpoint_exhausted,
account_guangzhou,9340,verified_local_broadband_guangzhou,guangzhou,0,,reply,6a261acc000000001702f6ec,0,0,2026-08-25T11:41:10,6a32dc3e000000002702090c,complete,endpoint_exhausted,
account_guangzhou,9340,verified_local_broadband_guangzhou,guangzhou,0,,reply,6a261acc000000001702f6ec,0,0,2026-08-25T11:41:10,6a2bf946000000002901bcbf,complete,endpoint_exhausted,
account_guangzhou,9340,verified_local_broadband_guangzhou,guangzhou,0,,reply,6a261acc000000001702f6ec,0,0,2026-08-25T11:41:10,6a2adb6e000000002803e87a,complete,endpoint_exhausted,
account_guangzhou,9340,verified_local_broadband_guangzhou,guangzhou,0,,reply,6a261acc000000001702f6ec,0,0,2026-08-25T11:41:10,6a295a8d000000002900dae9,complete,endpoint_exhausted,
account_guangzhou,9340,verified_local_broadband_guangzhou,guangzhou,0,,reply,6a261acc000000001702f6ec,0,0,2026-08-25T11:41:10,6a28b8e7000000002800819b,complete,endpoint_exhausted,
account_guangzhou,9340,verified_local_broadband_guangzhou,guangzhou,0,,reply,6a261acc000000001702f6ec,0,0,2026-08-25T11:41:10,6a2865d2000000002a006cab,complete,endpoint_exhausted,
account_guangzhou,9340,verified_local_broadband_guangzhou,guangzhou,0,,reply,6a261acc000000001702f6ec,0,0,2026-08-25T11:41:10,6a28303b000000000d023000,complete,endpoint_exhausted,
account_guangzhou,9340,verified_local_broadband_guangzhou,guangzhou,1,,reply,6a261acc000000001702f6ec,1,0,2026-08-25T11:41:10,6a282fc30000000029013134,complete,endpoint_exhausted,
account_guangzhou,9340,verified_local_broadband_guangzhou,guangzhou,0,,reply,6a261acc000000001702f6ec,0,0,2026-08-25T11:41:10,6a282cb9000000002a02756b,complete,endpoint_exhausted,
account_guangzhou,9340,verified_local_broadband_guangzhou,guangzhou,0,,reply,6a261acc000000001702f6ec,0,0,2026-08-25T11:41:10,6a2803b1000000002a005322,complete,endpoint_exhausted,
account_guangzhou,9340,verified_local_broadband_guangzhou,guangzhou,1,,reply,6a261acc000000001702f6ec,1,0,2026-08-25T11:41:26,6a27d03e000000002a027d83,complete,endpoint_exhausted,
account_guangzhou,9340,verified_local_broadband_guangzhou,guangzhou,0,,reply,6a261acc000000001702f6ec,0,0,2026-08-25T11:41:26,6a27c02d0000000029037de5,complete,endpoint_exhausted,
account_guangzhou,9340,verified_local_broadband_guangzhou,guangzhou,0,,reply,6a261acc000000001702f6ec,0,0,2026-08-25T11:41:26,6a27a44b000000002900e49f,complete,endpoint_exhausted,
account_guangzhou,9340,verified_local_broadband_guangzhou,guangzhou,0,,reply,6a261acc000000001702f6ec,0,0,2026-08-25T11:41:26,6a279d26000000002800b8ad,complete,endpoint_exhausted,
account_guangzhou,9340,verified_local_broadband_guangzhou,guangzhou,0,,reply,6a261acc000000001702f6ec,0,0,2026-08-25T11:41:26,6a27952d000000002803c917,complete,endpoint_exhausted,
account_guangzhou,9340,verified_local_broadband_guangzhou,guangzhou,0,,reply,6a261acc000000001702f6ec,0,0,2026-08-25T11:41:26,6a279288000000002702026c,complete,endpoint_exhausted,
account_guangzhou,9340,verified_local_broadband_guangzhou,guangzhou,0,,reply,6a261acc000000001702f6ec,0,0,2026-08-25T11:41:26,6a278b8c00000000280313b0,complete,endpoint_exhausted,
account_guangzhou,9340,verified_local_broadband_guangzhou,guangzhou,0,,reply,6a261acc000000001702f6ec,0,0,2026-08-25T11:41:26,6a278128000000002701ff9d,complete,endpoint_exhausted,
account_guangzhou,9340,verified_local_broadband_guangzhou,guangzhou,0,,reply,6a261acc000000001702f6ec,0,0,2026-08-25T11:41:26,6a2780fa000000002b026ce5,complete,endpoint_exhausted,
account_guangzhou,9340,verified_local_broadband_guangzhou,guangzhou,0,,reply,6a261acc000000001702f6ec,0,0,2026-08-25T11:41:26,6a2780e400000000270230c1,complete,endpoint_exhausted,
account_guangzhou,9340,verified_local_broadband_guangzhou,guangzhou,0,,reply,6a261acc000000001702f6ec,0,0,2026-08-25T11:41:41,6a2780870000000027021ccb,complete,endpoint_exhausted,
account_guangzhou,9340,verified_local_broadband_guangzhou,guangzhou,0,,reply,6a261acc000000001702f6ec,0,0,2026-08-25T11:41:41,6a277cca000000002800a575,complete,endpoint_exhausted,
account_guangzhou,9340,verified_local_broadband_guangzhou,guangzhou,0,,reply,6a261acc000000001702f6ec,0,0,2026-08-25T11:41:41,6a2710250000000029025603,complete,endpoint_exhausted,
account_guangzhou,9340,verified_local_broadband_guangzhou,guangzhou,0,,reply,6a261acc000000001702f6ec,0,0,2026-08-25T11:41:41,6a2704ce000000002702d9fa,complete,endpoint_exhausted,
account_guangzhou,9340,verified_local_broadband_guangzhou,guangzhou,0,,reply,6a261acc000000001702f6ec,0,0,2026-08-25T11:41:41,6a27039b0000000027029347,complete,endpoint_exhausted,
account_guangzhou,9340,verified_local_broadband_guangzhou,guangzhou,9,,reply,6a261acc000000001702f6ec,9,2,2026-08-25T11:42:12,6a2702ed000000002803b7f1,complete,endpoint_exhausted,
account_guangzhou,9340,verified_local_broadband_guangzhou,guangzhou,1,,reply,6a261acc000000001702f6ec,1,0,2026-08-25T11:42:13,6a26f78e000000002701ebeb,complete,endpoint_exhausted,
account_guangzhou,9340,verified_local_broadband_guangzhou,guangzhou,0,,reply,6a261acc000000001702f6ec,0,0,2026-08-25T11:42:13,6a26f1340000000029011e90,complete,endpoint_exhausted,
account_guangzhou,9340,verified_local_broadband_guangzhou,guangzhou,0,,reply,6a261acc000000001702f6ec,0,0,2026-08-25T11:42:13,6a26ec34000000002a007d5f,complete,endpoint_exhausted,
account_guangzhou,9340,verified_local_broadband_guangzhou,guangzhou,0,,reply,6a261acc000000001702f6ec,0,0,2026-08-25T11:42:13,6a26eb6c000000002701cf08,complete,endpoint_exhausted,
account_guangzhou,9340,verified_local_broadband_guangzhou,guangzhou,0,,reply,6a261acc000000001702f6ec,0,0,2026-08-25T11:42:28,6a26eacd000000002702aac1,complete,endpoint_exhausted,
account_guangzhou,9340,verified_local_broadband_guangzhou,guangzhou,0,,reply,6a261acc000000001702f6ec,0,0,2026-08-25T11:42:28,6a26e88e000000002b000a29,complete,endpoint_exhausted,
account_guangzhou,9340,verified_local_broadband_guangzhou,guangzhou,0,,reply,6a261acc000000001702f6ec,0,0,2026-08-25T11:42:28,6a26e699000000002900d3ed,complete,endpoint_exhausted,
account_guangzhou,9340,verified_local_broadband_guangzhou,guangzhou,0,,reply,6a261acc000000001702f6ec,0,0,2026-08-25T11:42:28,6a26e4640000000027029264,complete,endpoint_exhausted,
account_guangzhou,9340,verified_local_broadband_guangzhou,guangzhou,0,,reply,6a261acc000000001702f6ec,0,0,2026-08-25T11:42:28,6a26e440000000002803393a,complete,endpoint_exhausted,
account_guangzhou,9340,verified_local_broadband_guangzhou,guangzhou,0,,reply,6a261acc000000001702f6ec,0,0,2026-08-25T11:42:28,6a26e257000000002803fc63,complete,endpoint_exhausted,
account_guangzhou,9340,verified_local_broadband_guangzhou,guangzhou,0,,reply,6a261acc000000001702f6ec,0,0,2026-08-25T11:42:28,6a26e1bc000000002a02d5d5,complete,endpoint_exhausted,
account_guangzhou,9340,verified_local_broadband_guangzhou,guangzhou,0,,reply,6a261acc000000001702f6ec,0,0,2026-08-25T11:42:28,6a26e11e000000002a004f25,complete,endpoint_exhausted,
account_guangzhou,9340,verified_local_broadband_guangzhou,guangzhou,0,,reply,6a261acc000000001702f6ec,0,0,2026-08-25T11:42:28,6a26e054000000002a030ed8,complete,endpoint_exhausted,
account_guangzhou,9340,verified_local_broadband_guangzhou,guangzhou,0,,reply,6a261acc000000001702f6ec,0,0,2026-08-25T11:42:28,6a26e003000000002b02b811,complete,endpoint_exhausted,
account_guangzhou,9340,verified_local_broadband_guangzhou,guangzhou,0,,reply,6a261acc000000001702f6ec,0,0,2026-08-25T11:42:44,6a26dea50000000027015f0c,complete,endpoint_exhausted,
account_guangzhou,9340,verified_local_broadband_guangzhou,guangzhou,0,,reply,6a261acc000000001702f6ec,0,0,2026-08-25T11:42:44,6a26d87f0000000027028910,complete,endpoint_exhausted,
account_guangzhou,9340,verified_local_broadband_guangzhou,guangzhou,0,,reply,6a261acc000000001702f6ec,0,0,2026-08-25T11:42:44,6a26d67b000000002901be88,complete,endpoint_exhausted,
account_guangzhou,9340,verified_local_broadband_guangzhou,guangzhou,1,,reply,6a261acc000000001702f6ec,1,0,2026-08-25T11:42:44,6a26cdb2000000002902ffbb,complete,endpoint_exhausted,
account_guangzhou,9340,verified_local_broadband_guangzhou,guangzhou,0,,reply,6a261acc000000001702f6ec,0,0,2026-08-25T11:42:44,6a26c6e40000000029018ad4,complete,endpoint_exhausted,
account_guangzhou,9340,verified_local_broadband_guangzhou,guangzhou,1,,reply,6a261acc000000001702f6ec,1,0,2026-08-25T11:42:44,6a26c10f000000002803c4ea,complete,endpoint_exhausted,
account_guangzhou,9340,verified_local_broadband_guangzhou,guangzhou,1,,reply,6a261acc000000001702f6ec,1,0,2026-08-25T11:42:44,6a26ba19000000002a030fdd,complete,endpoint_exhausted,
account_guangzhou,9340,verified_local_broadband_guangzhou,guangzhou,0,,reply,6a261acc000000001702f6ec,0,0,2026-08-25T11:42:44,6a28fd2f00000000290277e4,complete,endpoint_exhausted,
account_guangzhou,9340,verified_local_broadband_guangzhou,guangzhou,0,,reply,6a261acc000000001702f6ec,0,0,2026-08-25T11:42:44,6a28535a0000000028035f20,complete,endpoint_exhausted,
account_guangzhou,9340,verified_local_broadband_guangzhou,guangzhou,0,,reply,6a261acc000000001702f6ec,0,0,2026-08-25T11:42:44,6a2843f60000000029024b99,complete,endpoint_exhausted,
account_guangzhou,9340,verified_local_broadband_guangzhou,guangzhou,1,,reply,6a261acc000000001702f6ec,1,0,2026-08-25T11:42:59,6a28400f000000002b000d67,complete,endpoint_exhausted,
account_guangzhou,9340,verified_local_broadband_guangzhou,guangzhou,0,,reply,6a261acc000000001702f6ec,0,0,2026-08-25T11:42:59,6a282d39000000002a02cc47,complete,endpoint_exhausted,
account_guangzhou,9340,verified_local_broadband_guangzhou,guangzhou,0,,reply,6a261acc000000001702f6ec,0,0,2026-08-25T11:42:59,6a281daa0000000029011bfa,complete,endpoint_exhausted,
account_guangzhou,9340,verified_local_broadband_guangzhou,guangzhou,0,,reply,6a261acc000000001702f6ec,0,0,2026-08-25T11:42:59,6a2812aa000000002702bd91,complete,endpoint_exhausted,
account_guangzhou,9340,verified_local_broadband_guangzhou,guangzhou,1,,reply,6a261acc000000001702f6ec,1,0,2026-08-25T11:42:59,6a280e5f0000000029013bc3,complete,endpoint_exhausted,
account_guangzhou,9340,verified_local_broadband_guangzhou,guangzhou,0,,reply,6a261acc000000001702f6ec,0,0,2026-08-25T11:42:59,6a280d6c000000002701ebcb,complete,endpoint_exhausted,
account_guangzhou,9340,verified_local_broadband_guangzhou,guangzhou,0,,reply,6a261acc000000001702f6ec,0,0,2026-08-25T11:42:59,6a27f7bb0000000027020610,complete,endpoint_exhausted,
account_guangzhou,9340,verified_local_broadband_guangzhou,guangzhou,0,,reply,6a261acc000000001702f6ec,0,0,2026-08-25T11:42:59,6a27eef10000000027022c0a,complete,endpoint_exhausted,
account_guangzhou,9340,verified_local_broadband_guangzhou,guangzhou,0,,reply,6a261acc000000001702f6ec,0,0,2026-08-25T11:42:59,6a27ed60000000002800b7dc,complete,endpoint_exhausted,
account_guangzhou,9340,verified_local_broadband_guangzhou,guangzhou,2,,reply,6a261acc000000001702f6ec,2,1,2026-08-25T11:43:15,6a27ec00000000002701dbac,complete,endpoint_exhausted,
account_guangzhou,9340,verified_local_broadband_guangzhou,guangzhou,0,,reply,6a261acc000000001702f6ec,0,0,2026-08-25T11:43:30,6a27e8bf0000000028032e9d,complete,endpoint_exhausted,
account_guangzhou,9340,verified_local_broadband_guangzhou,guangzhou,0,,reply,6a261acc000000001702f6ec,0,0,2026-08-25T11:43:30,6a27d0f200000000280325cd,complete,endpoint_exhausted,
account_guangzhou,9340,verified_local_broadband_guangzhou,guangzhou,0,,reply,6a261acc000000001702f6ec,0,0,2026-08-25T11:43:30,6a27c360000000002a0048ea,complete,endpoint_exhausted,
account_guangzhou,9340,verified_local_broadband_guangzhou,guangzhou,0,,reply,6a261acc000000001702f6ec,0,0,2026-08-25T11:43:30,6a27b96d000000002803a9a9,complete,endpoint_exhausted,
account_guangzhou,9340,verified_local_broadband_guangzhou,guangzhou,0,,reply,6a261acc000000001702f6ec,0,0,2026-08-25T11:43:30,6a27b15e000000002701594f,complete,endpoint_exhausted,
account_guangzhou,9340,verified_local_broadband_guangzhou,guangzhou,0,,reply,6a261acc000000001702f6ec,0,0,2026-08-25T11:43:30,6a27a686000000002b0016d6,complete,endpoint_exhausted,
account_guangzhou,9340,verified_local_broadband_guangzhou,guangzhou,0,,reply,6a261acc000000001702f6ec,0,0,2026-08-25T11:43:30,6a278a75000000002803e410,complete,endpoint_exhausted,
account_guangzhou,9340,verified_local_broadband_guangzhou,guangzhou,0,,reply,6a261acc000000001702f6ec,0,0,2026-08-25T11:43:30,6a277c340000000029011dc2,complete,endpoint_exhausted,
account_guangzhou,9340,verified_local_broadband_guangzhou,guangzhou,0,,reply,6a261acc000000001702f6ec,0,0,2026-08-25T11:43:30,6a277259000000002900d294,complete,endpoint_exhausted,
account_guangzhou,9340,verified_local_broadband_guangzhou,guangzhou,0,,reply,6a261acc000000001702f6ec,0,0,2026-08-25T11:43:30,6a2765bc000000002800b130,complete,endpoint_exhausted,
account_guangzhou,9340,verified_local_broadband_guangzhou,guangzhou,0,,reply,6a261acc000000001702f6ec,0,0,2026-08-25T11:43:45,6a275a0300000000290356c0,complete,endpoint_exhausted,
account_guangzhou,9340,verified_local_broadband_guangzhou,guangzhou,0,,reply,6a261acc000000001702f6ec,0,0,2026-08-25T11:43:45,6a27597e0000000029034cd0,complete,endpoint_exhausted,
account_guangzhou,9340,verified_local_broadband_guangzhou,guangzhou,0,,reply,6a261acc000000001702f6ec,0,0,2026-08-25T11:43:45,6a27592d000000002901016c,complete,endpoint_exhausted,
account_guangzhou,9340,verified_local_broadband_guangzhou,guangzhou,0,,reply,6a261acc000000001702f6ec,0,0,2026-08-25T11:43:45,6a273b140000000028038e98,complete,endpoint_exhausted,
account_guangzhou,9340,verified_local_broadband_guangzhou,guangzhou,0,,reply,6a261acc000000001702f6ec,0,0,2026-08-25T11:43:45,6a271915000000002702e8d6,complete,endpoint_exhausted,
account_guangzhou,9340,verified_local_broadband_guangzhou,guangzhou,0,,reply,6a261acc000000001702f6ec,0,0,2026-08-25T11:43:45,6a270526000000002b028041,complete,endpoint_exhausted,
account_guangzhou,9340,verified_local_broadband_guangzhou,guangzhou,0,,reply,6a261acc000000001702f6ec,0,0,2026-08-25T11:43:45,6a26f59b000000002800bb6b,complete,endpoint_exhausted,
account_guangzhou,9340,verified_local_broadband_guangzhou,guangzhou,0,,reply,6a261acc000000001702f6ec,0,0,2026-08-25T11:43:45,6a26f3870000000029011e06,complete,endpoint_exhausted,
account_guangzhou,9340,verified_local_broadband_guangzhou,guangzhou,1,,reply,6a261acc000000001702f6ec,1,0,2026-08-25T11:43:45,6a26f2ce000000002803a916,complete,endpoint_exhausted,
account_guangzhou,9340,verified_local_broadband_guangzhou,guangzhou,0,,reply,6a261acc000000001702f6ec,0,0,2026-08-25T11:43:45,6a26ed1b000000002a026e27,complete,endpoint_exhausted,
account_guangzhou,9340,verified_local_broadband_guangzhou,guangzhou,1,,reply,6a261acc000000001702f6ec,1,0,2026-08-25T11:44:01,6a26ec4f00000000280373e2,complete,endpoint_exhausted,
account_guangzhou,9340,verified_local_broadband_guangzhou,guangzhou,0,,reply,6a261acc000000001702f6ec,0,0,2026-08-25T11:44:01,6a26ea4d000000002702c688,complete,endpoint_exhausted,
account_guangzhou,9340,verified_local_broadband_guangzhou,guangzhou,0,,reply,6a261acc000000001702f6ec,0,0,2026-08-25T11:44:01,6a26e6020000000028036d60,complete,endpoint_exhausted,
account_guangzhou,9340,verified_local_broadband_guangzhou,guangzhou,0,,reply,6a261acc000000001702f6ec,0,0,2026-08-25T11:44:01,6a26e2de0000000028032f6b,complete,endpoint_exhausted,
account_guangzhou,9340,verified_local_broadband_guangzhou,guangzhou,0,,reply,6a261acc000000001702f6ec,0,0,2026-08-25T11:44:01,6a26e050000000002901a364,complete,endpoint_exhausted,
account_guangzhou,9340,verified_local_broadband_guangzhou,guangzhou,0,,reply,6a261acc000000001702f6ec,0,0,2026-08-25T11:44:01,6a26d35f0000000028036480,complete,endpoint_exhausted,
account_guangzhou,9340,verified_local_broadband_guangzhou,guangzhou,0,,reply,6a261acc000000001702f6ec,0,0,2026-08-25T11:44:01,6a26c532000000002901afce,complete,endpoint_exhausted,
account_guangzhou,9340,verified_local_broadband_guangzhou,guangzhou,0,,reply,6a261acc000000001702f6ec,0,0,2026-08-25T11:44:01,6a26b22c000000002b029233,complete,endpoint_exhausted,
account_guangzhou,9340,verified_local_broadband_guangzhou,guangzhou,,,top_level,6a261acc000000001702f6ec,328,33,2026-08-25T11:44:01,,complete,endpoint_exhausted,True
account_guangzhou,9340,verified_local_broadband_guangzhou,guangzhou,2,,reply,6a259776000000000603433a,2,1,2026-08-25T12:00:08,6a2761b100000000270142cf,complete,endpoint_exhausted,
account_guangzhou,9340,verified_local_broadband_guangzhou,guangzhou,21,,reply,6a259776000000000603433a,21,4,2026-08-25T12:01:09,6a263829000000002902d1b9,complete,endpoint_exhausted,
account_guangzhou,9340,verified_local_broadband_guangzhou,guangzhou,41,,reply,6a259776000000000603433a,41,8,2026-08-25T12:03:11,6a268cff000000002a02d5b9,complete,endpoint_exhausted,
account_guangzhou,9340,verified_local_broadband_guangzhou,guangzhou,22,,reply,6a259776000000000603433a,22,5,2026-08-25T12:04:28,6a268649000000002a027698,complete,endpoint_exhausted,
account_guangzhou,9340,verified_local_broadband_guangzhou,guangzhou,17,,reply,6a259776000000000603433a,17,4,2026-08-25T12:05:29,6a264ceb000000002900c92d,complete,endpoint_exhausted,
account_guangzhou,9340,verified_local_broadband_guangzhou,guangzhou,6,,reply,6a259776000000000603433a,6,1,2026-08-25T12:05:44,6a26a3ee000000002803b383,complete,endpoint_exhausted,
account_guangzhou,9340,verified_local_broadband_guangzhou,guangzhou,5,,reply,6a259776000000000603433a,5,1,2026-08-25T12:06:00,6a26b96a000000002b026650,complete,endpoint_exhausted,
account_guangzhou,9340,verified_local_broadband_guangzhou,guangzhou,5,,reply,6a259776000000000603433a,5,1,2026-08-25T12:06:15,6a26aad0000000002a02fcb2,complete,endpoint_exhausted,
account_guangzhou,9340,verified_local_broadband_guangzhou,guangzhou,6,,reply,6a259776000000000603433a,6,1,2026-08-25T12:06:30,6a2744c8000000002a004e5f,complete,endpoint_exhausted,
account_guangzhou,9340,verified_local_broadband_guangzhou,guangzhou,4,,reply,6a259776000000000603433a,4,1,2026-08-25T12:06:46,6a26b27b000000002900c848,complete,endpoint_exhausted,
account_guangzhou,9340,verified_local_broadband_guangzhou,guangzhou,5,,reply,6a259776000000000603433a,5,1,2026-08-25T12:07:16,6a275f63000000002a02dbf9,complete,endpoint_exhausted,
account_guangzhou,9340,verified_local_broadband_guangzhou,guangzhou,3,,reply,6a259776000000000603433a,3,1,2026-08-25T12:07:32,6a267fdf0000000027020842,complete,endpoint_exhausted,
account_guangzhou,9340,verified_local_broadband_guangzhou,guangzhou,1,,reply,6a259776000000000603433a,1,0,2026-08-25T12:07:32,6a26da94000000002702cf17,complete,endpoint_exhausted,
account_guangzhou,9340,verified_local_broadband_guangzhou,guangzhou,2,,reply,6a259776000000000603433a,2,1,2026-08-25T12:07:47,6a26a308000000002a02ff68,complete,endpoint_exhausted,
account_guangzhou,9340,verified_local_broadband_guangzhou,guangzhou,4,,reply,6a259776000000000603433a,4,1,2026-08-25T12:08:03,6a27c2de000000002701ef6a,complete,endpoint_exhausted,
account_guangzhou,9340,verified_local_broadband_guangzhou,guangzhou,1,,reply,6a259776000000000603433a,1,0,2026-08-25T12:08:03,6a27cacf000000002803cc8e,complete,endpoint_exhausted,
account_guangzhou,9340,verified_local_broadband_guangzhou,guangzhou,1,,reply,6a259776000000000603433a,1,0,2026-08-25T12:08:03,6a274cd400000000280394e6,complete,endpoint_exhausted,
account_guangzhou,9340,verified_local_broadband_guangzhou,guangzhou,1,,reply,6a259776000000000603433a,1,0,2026-08-25T12:08:03,6a2757770000000028031809,complete,endpoint_exhausted,
account_guangzhou,9340,verified_local_broadband_guangzhou,guangzhou,1,,reply,6a259776000000000603433a,1,0,2026-08-25T12:08:03,6a26c8ce000000002a02c90c,complete,endpoint_exhausted,
account_guangzhou,9340,verified_local_broadband_guangzhou,guangzhou,0,,reply,6a259776000000000603433a,0,0,2026-08-25T12:08:03,6a26ba4b000000002a031a84,complete,endpoint_exhausted,
account_guangzhou,9340,verified_local_broadband_guangzhou,guangzhou,0,,reply,6a259776000000000603433a,0,0,2026-08-25T12:08:18,6a27ae47000000002903776a,complete,endpoint_exhausted,
account_guangzhou,9340,verified_local_broadband_guangzhou,guangzhou,1,,reply,6a259776000000000603433a,1,0,2026-08-25T12:08:18,6a269998000000002803a8f3,complete,endpoint_exhausted,
account_guangzhou,9340,verified_local_broadband_guangzhou,guangzhou,0,,reply,6a259776000000000603433a,0,0,2026-08-25T12:08:18,6a26b0f70000000028038749,complete,endpoint_exhausted,
account_guangzhou,9340,verified_local_broadband_guangzhou,guangzhou,0,,reply,6a259776000000000603433a,0,0,2026-08-25T12:08:18,6a26c1ca000000002a006321,complete,endpoint_exhausted,
account_guangzhou,9340,verified_local_broadband_guangzhou,guangzhou,0,,reply,6a259776000000000603433a,0,0,2026-08-25T12:08:18,6a279f7f0000000029034392,complete,endpoint_exhausted,
account_guangzhou,9340,verified_local_broadband_guangzhou,guangzhou,0,,reply,6a259776000000000603433a,0,0,2026-08-25T12:08:18,6a27d65a000000002a005e8e,complete,endpoint_exhausted,
account_guangzhou,9340,verified_local_broadband_guangzhou,guangzhou,0,,reply,6a259776000000000603433a,0,0,2026-08-25T12:08:18,6a26d646000000002702821d,complete,endpoint_exhausted,
account_guangzhou,9340,verified_local_broadband_guangzhou,guangzhou,0,,reply,6a259776000000000603433a,0,0,2026-08-25T12:08:18,6a268c37000000002803f0f3,complete,endpoint_exhausted,
account_guangzhou,9340,verified_local_broadband_guangzhou,guangzhou,0,,reply,6a259776000000000603433a,0,0,2026-08-25T12:08:18,6a268df500000000270236e5,complete,endpoint_exhausted,
account_guangzhou,9340,verified_local_broadband_guangzhou,guangzhou,0,,reply,6a259776000000000603433a,0,0,2026-08-25T12:08:18,6a26b367000000002702d4f0,complete,endpoint_exhausted,
account_guangzhou,9340,verified_local_broadband_guangzhou,guangzhou,0,,reply,6a259776000000000603433a,0,0,2026-08-25T12:08:33,6a2769cb000000002900e90c,complete,endpoint_exhausted,
account_guangzhou,9340,verified_local_broadband_guangzhou,guangzhou,0,,reply,6a259776000000000603433a,0,0,2026-08-25T12:08:33,6a27f6920000000029011fd9,complete,endpoint_exhausted,
account_guangzhou,9340,verified_local_broadband_guangzhou,guangzhou,0,,reply,6a259776000000000603433a,0,0,2026-08-25T12:08:33,6a27624e000000002a02efeb,complete,endpoint_exhausted,
account_guangzhou,9340,verified_local_broadband_guangzhou,guangzhou,0,,reply,6a259776000000000603433a,0,0,2026-08-25T12:08:33,6a278df80000000028008a1a,complete,endpoint_exhausted,
account_guangzhou,9340,verified_local_broadband_guangzhou,guangzhou,0,,reply,6a259776000000000603433a,0,0,2026-08-25T12:08:33,6a27a49900000000280318ef,complete,endpoint_exhausted,
account_guangzhou,9340,verified_local_broadband_guangzhou,guangzhou,0,,reply,6a259776000000000603433a,0,0,2026-08-25T12:08:33,6a27b9ed0000000029010f56,complete,endpoint_exhausted,
account_guangzhou,9340,verified_local_broadband_guangzhou,guangzhou,0,,reply,6a259776000000000603433a,0,0,2026-08-25T12:08:33,6a27dc82000000002702a0cb,complete,endpoint_exhausted,
account_guangzhou,9340,verified_local_broadband_guangzhou,guangzhou,0,,reply,6a259776000000000603433a,0,0,2026-08-25T12:08:33,6a27abfd000000002701447c,complete,endpoint_exhausted,
account_guangzhou,9340,verified_local_broadband_guangzhou,guangzhou,0,,reply,6a259776000000000603433a,0,0,2026-08-25T12:08:33,6a2780050000000027015c45,complete,endpoint_exhausted,
account_guangzhou,9340,verified_local_broadband_guangzhou,guangzhou,0,,reply,6a259776000000000603433a,0,0,2026-08-25T12:08:33,6a279ac10000000029018314,complete,endpoint_exhausted,
account_guangzhou,9340,verified_local_broadband_guangzhou,guangzhou,0,,reply,6a259776000000000603433a,0,0,2026-08-25T12:08:49,6a27c82b000000002b0014bc,complete,endpoint_exhausted,
account_guangzhou,9340,verified_local_broadband_guangzhou,guangzhou,0,,reply,6a259776000000000603433a,0,0,2026-08-25T12:08:49,6a27c29c000000002a02f674,complete,endpoint_exhausted,
account_guangzhou,9340,verified_local_broadband_guangzhou,guangzhou,0,,reply,6a259776000000000603433a,0,0,2026-08-25T12:08:49,6a26bbfa0000000028033bc1,complete,endpoint_exhausted,
account_guangzhou,9340,verified_local_broadband_guangzhou,guangzhou,0,,reply,6a259776000000000603433a,0,0,2026-08-25T12:08:49,6a27a091000000002900e8df,complete,endpoint_exhausted,
account_guangzhou,9340,verified_local_broadband_guangzhou,guangzhou,0,,reply,6a259776000000000603433a,0,0,2026-08-25T12:08:49,6a280b810000000027029518,complete,endpoint_exhausted,
account_guangzhou,9340,verified_local_broadband_guangzhou,guangzhou,0,,reply,6a259776000000000603433a,0,0,2026-08-25T12:08:49,6a27947c000000002b027991,complete,endpoint_exhausted,
account_guangzhou,9340,verified_local_broadband_guangzhou,guangzhou,0,,reply,6a259776000000000603433a,0,0,2026-08-25T12:08:49,6a27b5940000000028034876,complete,endpoint_exhausted,
account_guangzhou,9340,verified_local_broadband_guangzhou,guangzhou,0,,reply,6a259776000000000603433a,0,0,2026-08-25T12:08:49,6a27a4d80000000027021f01,complete,endpoint_exhausted,
account_guangzhou,9340,verified_local_broadband_guangzhou,guangzhou,0,,reply,6a259776000000000603433a,0,0,2026-08-25T12:08:49,6a279aba000000002803c0ee,complete,endpoint_exhausted,
account_guangzhou,9340,verified_local_broadband_guangzhou,guangzhou,0,,reply,6a259776000000000603433a,0,0,2026-08-25T12:08:49,6a2752cd000000002b02bd9e,complete,endpoint_exhausted,
account_guangzhou,9340,verified_local_broadband_guangzhou,guangzhou,0,,reply,6a259776000000000603433a,0,0,2026-08-25T12:09:04,6a279667000000002803b71a,complete,endpoint_exhausted,
account_guangzhou,9340,verified_local_broadband_guangzhou,guangzhou,0,,reply,6a259776000000000603433a,0,0,2026-08-25T12:09:04,6a27a41700000000290186f3,complete,endpoint_exhausted,
account_guangzhou,9340,verified_local_broadband_guangzhou,guangzhou,0,,reply,6a259776000000000603433a,0,0,2026-08-25T12:09:04,6a27bb4f0000000027021ad3,complete,endpoint_exhausted,
account_guangzhou,9340,verified_local_broadband_guangzhou,guangzhou,0,,reply,6a259776000000000603433a,0,0,2026-08-25T12:09:04,6a27ce0a000000002702058b,complete,endpoint_exhausted,
account_guangzhou,9340,verified_local_broadband_guangzhou,guangzhou,0,,reply,6a259776000000000603433a,0,0,2026-08-25T12:09:04,6a279720000000002902d96e,complete,endpoint_exhausted,
account_guangzhou,9340,verified_local_broadband_guangzhou,guangzhou,0,,reply,6a259776000000000603433a,0,0,2026-08-25T12:09:04,6a280e6b000000002a033f72,complete,endpoint_exhausted,
account_guangzhou,9340,verified_local_broadband_guangzhou,guangzhou,0,,reply,6a259776000000000603433a,0,0,2026-08-25T12:09:04,6a2798aa000000002a004362,complete,endpoint_exhausted,
account_guangzhou,9340,verified_local_broadband_guangzhou,guangzhou,0,,reply,6a259776000000000603433a,0,0,2026-08-25T12:09:04,6a2755cf0000000027029b34,complete,endpoint_exhausted,
account_guangzhou,9340,verified_local_broadband_guangzhou,guangzhou,0,,reply,6a259776000000000603433a,0,0,2026-08-25T12:09:04,6a273825000000002b0289cc,complete,endpoint_exhausted,
account_guangzhou,9340,verified_local_broadband_guangzhou,guangzhou,0,,reply,6a259776000000000603433a,0,0,2026-08-25T12:09:04,6a27a54500000000270234cf,complete,endpoint_exhausted,
account_guangzhou,9340,verified_local_broadband_guangzhou,guangzhou,0,,reply,6a259776000000000603433a,0,0,2026-08-25T12:09:20,6a27bea9000000002300cd0b,complete,endpoint_exhausted,
account_guangzhou,9340,verified_local_broadband_guangzhou,guangzhou,0,,reply,6a259776000000000603433a,0,0,2026-08-25T12:09:20,6a26eb760000000027023988,complete,endpoint_exhausted,
account_guangzhou,9340,verified_local_broadband_guangzhou,guangzhou,0,,reply,6a259776000000000603433a,0,0,2026-08-25T12:09:20,6a27734c0000000027020b00,complete,endpoint_exhausted,
account_guangzhou,9340,verified_local_broadband_guangzhou,guangzhou,0,,reply,6a259776000000000603433a,0,0,2026-08-25T12:09:20,6a277295000000000d021401,complete,endpoint_exhausted,
account_guangzhou,9340,verified_local_broadband_guangzhou,guangzhou,0,,reply,6a259776000000000603433a,0,0,2026-08-25T12:09:20,6a276f080000000027020f1b,complete,endpoint_exhausted,
account_guangzhou,9340,verified_local_broadband_guangzhou,guangzhou,0,,reply,6a259776000000000603433a,0,0,2026-08-25T12:09:20,6a276e8f000000002a030979,complete,endpoint_exhausted,
account_guangzhou,9340,verified_local_broadband_guangzhou,guangzhou,0,,reply,6a259776000000000603433a,0,0,2026-08-25T12:09:20,6a276e69000000002a0063de,complete,endpoint_exhausted,
account_guangzhou,9340,verified_local_broadband_guangzhou,guangzhou,0,,reply,6a259776000000000603433a,0,0,2026-08-25T12:09:20,6a276d79000000002903757b,complete,endpoint_exhausted,
account_guangzhou,9340,verified_local_broadband_guangzhou,guangzhou,0,,reply,6a259776000000000603433a,0,0,2026-08-25T12:09:20,6a27649200000000290133f6,complete,endpoint_exhausted,
account_guangzhou,9340,verified_local_broadband_guangzhou,guangzhou,0,,reply,6a259776000000000603433a,0,0,2026-08-25T12:09:20,6a27630d000000002a0050a5,complete,endpoint_exhausted,
account_guangzhou,9340,verified_local_broadband_guangzhou,guangzhou,0,,reply,6a259776000000000603433a,0,0,2026-08-25T12:09:35,6a275ec7000000002702e6a8,complete,endpoint_exhausted,
account_guangzhou,9340,verified_local_broadband_guangzhou,guangzhou,0,,reply,6a259776000000000603433a,0,0,2026-08-25T12:09:35,6a275bb80000000029010693,complete,endpoint_exhausted,
account_guangzhou,9340,verified_local_broadband_guangzhou,guangzhou,0,,reply,6a259776000000000603433a,0,0,2026-08-25T12:09:35,6a274b9100000000270151f2,complete,endpoint_exhausted,
account_guangzhou,9340,verified_local_broadband_guangzhou,guangzhou,0,,reply,6a259776000000000603433a,0,0,2026-08-25T12:09:35,6a2749ed0000000027017744,complete,endpoint_exhausted,
account_guangzhou,9340,verified_local_broadband_guangzhou,guangzhou,0,,reply,6a259776000000000603433a,0,0,2026-08-25T12:09:35,6a2744e500000000290254c1,complete,endpoint_exhausted,
account_guangzhou,9340,verified_local_broadband_guangzhou,guangzhou,0,,reply,6a259776000000000603433a,0,0,2026-08-25T12:09:35,6a273f6a000000002b025c96,complete,endpoint_exhausted,
account_guangzhou,9340,verified_local_broadband_guangzhou,guangzhou,0,,reply,6a259776000000000603433a,0,0,2026-08-25T12:09:35,6a273850000000000d023000,complete,endpoint_exhausted,
account_guangzhou,9340,verified_local_broadband_guangzhou,guangzhou,0,,reply,6a259776000000000603433a,0,0,2026-08-25T12:09:35,6a26fc4e000000002901ab18,complete,endpoint_exhausted,
account_guangzhou,9340,verified_local_broadband_guangzhou,guangzhou,0,,reply,6a259776000000000603433a,0,0,2026-08-25T12:09:35,6a26fb2f00000000280311b5,complete,endpoint_exhausted,
account_guangzhou,9340,verified_local_broadband_guangzhou,guangzhou,0,,reply,6a259776000000000603433a,0,0,2026-08-25T12:09:35,6a26f5f400000000280319a0,complete,endpoint_exhausted,
account_guangzhou,9340,verified_local_broadband_guangzhou,guangzhou,0,,reply,6a259776000000000603433a,0,0,2026-08-25T12:09:50,6a26f30b000000002a030a1f,complete,endpoint_exhausted,
account_guangzhou,9340,verified_local_broadband_guangzhou,guangzhou,0,,reply,6a259776000000000603433a,0,0,2026-08-25T12:09:50,6a26f1d0000000002a00458d,complete,endpoint_exhausted,
account_guangzhou,9340,verified_local_broadband_guangzhou,guangzhou,0,,reply,6a259776000000000603433a,0,0,2026-08-25T12:09:50,6a26ed7a000000000d023002,complete,endpoint_exhausted,
account_guangzhou,9340,verified_local_broadband_guangzhou,guangzhou,0,,reply,6a259776000000000603433a,0,0,2026-08-25T12:09:50,6a26e69b000000002b02afe1,complete,endpoint_exhausted,
account_guangzhou,9340,verified_local_broadband_guangzhou,guangzhou,0,,reply,6a259776000000000603433a,0,0,2026-08-25T12:09:50,6a26e171000000002902f2a2,complete,endpoint_exhausted,
account_guangzhou,9340,verified_local_broadband_guangzhou,guangzhou,0,,reply,6a259776000000000603433a,0,0,2026-08-25T12:09:50,6a26e01f000000002b001e7f,complete,endpoint_exhausted,
account_guangzhou,9340,verified_local_broadband_guangzhou,guangzhou,0,,reply,6a259776000000000603433a,0,0,2026-08-25T12:09:50,6a26dfd0000000002901059d,complete,endpoint_exhausted,
account_guangzhou,9340,verified_local_broadband_guangzhou,guangzhou,0,,reply,6a259776000000000603433a,0,0,2026-08-25T12:09:50,6a26deb7000000002902c166,complete,endpoint_exhausted,
account_guangzhou,9340,verified_local_broadband_guangzhou,guangzhou,0,,reply,6a259776000000000603433a,0,0,2026-08-25T12:09:50,6a26deae00000000290364dc,complete,endpoint_exhausted,
account_guangzhou,9340,verified_local_broadband_guangzhou,guangzhou,0,,reply,6a259776000000000603433a,0,0,2026-08-25T12:09:50,6a26dd7d000000002b029461,complete,endpoint_exhausted,
account_guangzhou,9340,verified_local_broadband_guangzhou,guangzhou,0,,reply,6a259776000000000603433a,0,0,2026-08-25T12:10:06,6a26dd6d000000002b00325b,complete,endpoint_exhausted,
account_guangzhou,9340,verified_local_broadband_guangzhou,guangzhou,0,,reply,6a259776000000000603433a,0,0,2026-08-25T12:10:06,6a26dcc0000000002702c743,complete,endpoint_exhausted,
account_guangzhou,9340,verified_local_broadband_guangzhou,guangzhou,0,,reply,6a259776000000000603433a,0,0,2026-08-25T12:10:06,6a26dc490000000028031722,complete,endpoint_exhausted,
account_guangzhou,9340,verified_local_broadband_guangzhou,guangzhou,0,,reply,6a259776000000000603433a,0,0,2026-08-25T12:10:06,6a26d818000000002900f60a,complete,endpoint_exhausted,
account_guangzhou,9340,verified_local_broadband_guangzhou,guangzhou,0,,reply,6a259776000000000603433a,0,0,2026-08-25T12:10:06,6a26d7dc0000000028031449,complete,endpoint_exhausted,
account_guangzhou,9340,verified_local_broadband_guangzhou,guangzhou,0,,reply,6a259776000000000603433a,0,0,2026-08-25T12:10:06,6a26d7db00000000280313fa,complete,endpoint_exhausted,
account_guangzhou,9340,verified_local_broadband_guangzhou,guangzhou,0,,reply,6a259776000000000603433a,0,0,2026-08-25T12:10:06,6a26d251000000002702325f,complete,endpoint_exhausted,
account_guangzhou,9340,verified_local_broadband_guangzhou,guangzhou,0,,reply,6a259776000000000603433a,0,0,2026-08-25T12:10:06,6a26d029000000002b027376,complete,endpoint_exhausted,
account_guangzhou,9340,verified_local_broadband_guangzhou,guangzhou,0,,reply,6a259776000000000603433a,0,0,2026-08-25T12:10:06,6a26cef20000000027017881,complete,endpoint_exhausted,
account_guangzhou,9340,verified_local_broadband_guangzhou,guangzhou,0,,reply,6a259776000000000603433a,0,0,2026-08-25T12:10:06,6a26ce08000000002a030914,complete,endpoint_exhausted,
account_guangzhou,9340,verified_local_broadband_guangzhou,guangzhou,0,,reply,6a259776000000000603433a,0,0,2026-08-25T12:10:21,6a26cd4a000000002b003193,complete,endpoint_exhausted,
account_guangzhou,9340,verified_local_broadband_guangzhou,guangzhou,0,,reply,6a259776000000000603433a,0,0,2026-08-25T12:10:21,6a26cd41000000002b028919,complete,endpoint_exhausted,
account_guangzhou,9340,verified_local_broadband_guangzhou,guangzhou,0,,reply,6a259776000000000603433a,0,0,2026-08-25T12:10:21,6a26cc2f0000000028030850,complete,endpoint_exhausted,
account_guangzhou,9340,verified_local_broadband_guangzhou,guangzhou,0,,reply,6a259776000000000603433a,0,0,2026-08-25T12:10:21,6a26cbf6000000002702e28d,complete,endpoint_exhausted,
account_guangzhou,9340,verified_local_broadband_guangzhou,guangzhou,0,,reply,6a259776000000000603433a,0,0,2026-08-25T12:10:21,6a26c99d000000002b026fdf,complete,endpoint_exhausted,
account_guangzhou,9340,verified_local_broadband_guangzhou,guangzhou,0,,reply,6a259776000000000603433a,0,0,2026-08-25T12:10:21,6a26c7f5000000002a006014,complete,endpoint_exhausted,
account_guangzhou,9340,verified_local_broadband_guangzhou,guangzhou,0,,reply,6a259776000000000603433a,0,0,2026-08-25T12:10:21,6a26c6fb000000002902ebf0,complete,endpoint_exhausted,
account_guangzhou,9340,verified_local_broadband_guangzhou,guangzhou,0,,reply,6a259776000000000603433a,0,0,2026-08-25T12:10:21,6a26c2e0000000002b02b028,complete,endpoint_exhausted,
account_guangzhou,9340,verified_local_broadband_guangzhou,guangzhou,0,,reply,6a259776000000000603433a,0,0,2026-08-25T12:10:21,6a26c0a20000000029037545,complete,endpoint_exhausted,
account_guangzhou,9340,verified_local_broadband_guangzhou,guangzhou,0,,reply,6a259776000000000603433a,0,0,2026-08-25T12:10:21,6a26bf1b000000002900c217,complete,endpoint_exhausted,
account_guangzhou,9340,verified_local_broadband_guangzhou,guangzhou,0,,reply,6a259776000000000603433a,0,0,2026-08-25T12:10:37,6a26be940000000029027d9c,complete,endpoint_exhausted,
account_guangzhou,9340,verified_local_broadband_guangzhou,guangzhou,0,,reply,6a259776000000000603433a,0,0,2026-08-25T12:10:37,6a26bd710000000029011313,complete,endpoint_exhausted,
account_guangzhou,9340,verified_local_broadband_guangzhou,guangzhou,0,,reply,6a259776000000000603433a,0,0,2026-08-25T12:10:37,6a26bc15000000002a004a7d,complete,endpoint_exhausted,
account_guangzhou,9340,verified_local_broadband_guangzhou,guangzhou,0,,reply,6a259776000000000603433a,0,0,2026-08-25T12:10:37,6a26bb61000000002901b252,complete,endpoint_exhausted,
account_guangzhou,9340,verified_local_broadband_guangzhou,guangzhou,0,,reply,6a259776000000000603433a,0,0,2026-08-25T12:10:37,6a26b6d300000000290107d7,complete,endpoint_exhausted,
account_guangzhou,9340,verified_local_broadband_guangzhou,guangzhou,0,,reply,6a259776000000000603433a,0,0,2026-08-25T12:10:37,6a26b4b8000000002702195c,complete,endpoint_exhausted,
account_guangzhou,9340,verified_local_broadband_guangzhou,guangzhou,0,,reply,6a259776000000000603433a,0,0,2026-08-25T12:10:37,6a26b27b000000002803e30b,complete,endpoint_exhausted,
account_guangzhou,9340,verified_local_broadband_guangzhou,guangzhou,0,,reply,6a259776000000000603433a,0,0,2026-08-25T12:10:37,6a26b2020000000029034df9,complete,endpoint_exhausted,
account_guangzhou,9340,verified_local_broadband_guangzhou,guangzhou,0,,reply,6a259776000000000603433a,0,0,2026-08-25T12:10:37,6a26ad11000000002a0079b7,complete,endpoint_exhausted,
account_guangzhou,9340,verified_local_broadband_guangzhou,guangzhou,0,,reply,6a259776000000000603433a,0,0,2026-08-25T12:10:37,6a26ac8b000000002803452c,complete,endpoint_exhausted,
account_guangzhou,9340,verified_local_broadband_guangzhou,guangzhou,0,,reply,6a259776000000000603433a,0,0,2026-08-25T12:10:52,6a26a929000000002b027f10,complete,endpoint_exhausted,
account_guangzhou,9340,verified_local_broadband_guangzhou,guangzhou,0,,reply,6a259776000000000603433a,0,0,2026-08-25T12:10:52,6a26a7ff000000002a007edb,complete,endpoint_exhausted,
account_guangzhou,9340,verified_local_broadband_guangzhou,guangzhou,0,,reply,6a259776000000000603433a,0,0,2026-08-25T12:10:52,6a26a7cf000000002900d249,complete,endpoint_exhausted,
account_guangzhou,9340,verified_local_broadband_guangzhou,guangzhou,0,,reply,6a259776000000000603433a,0,0,2026-08-25T12:10:52,6a26a4d9000000002a030596,complete,endpoint_exhausted,
account_guangzhou,9340,verified_local_broadband_guangzhou,guangzhou,0,,reply,6a259776000000000603433a,0,0,2026-08-25T12:10:52,6a26a346000000002901996e,complete,endpoint_exhausted,
account_guangzhou,9340,verified_local_broadband_guangzhou,guangzhou,0,,reply,6a259776000000000603433a,0,0,2026-08-25T12:10:52,6a26a157000000002803c496,complete,endpoint_exhausted,
account_guangzhou,9340,verified_local_broadband_guangzhou,guangzhou,0,,reply,6a259776000000000603433a,0,0,2026-08-25T12:10:52,6a26a14b0000000028036343,complete,endpoint_exhausted,
account_guangzhou,9340,verified_local_broadband_guangzhou,guangzhou,0,,reply,6a259776000000000603433a,0,0,2026-08-25T12:10:52,6a269f87000000002701f69c,complete,endpoint_exhausted,
account_guangzhou,9340,verified_local_broadband_guangzhou,guangzhou,0,,reply,6a259776000000000603433a,0,0,2026-08-25T12:10:52,6a269f32000000002a033fa9,complete,endpoint_exhausted,
account_guangzhou,9340,verified_local_broadband_guangzhou,guangzhou,0,,reply,6a259776000000000603433a,0,0,2026-08-25T12:10:52,6a269db700000000290123f9,complete,endpoint_exhausted,
account_guangzhou,9340,verified_local_broadband_guangzhou,guangzhou,0,,reply,6a259776000000000603433a,0,0,2026-08-25T12:11:08,6a269bf0000000002702a6e1,complete,endpoint_exhausted,
account_guangzhou,9340,verified_local_broadband_guangzhou,guangzhou,0,,reply,6a259776000000000603433a,0,0,2026-08-25T12:11:08,6a269914000000002902f399,complete,endpoint_exhausted,
account_guangzhou,9340,verified_local_broadband_guangzhou,guangzhou,0,,reply,6a259776000000000603433a,0,0,2026-08-25T12:11:08,6a269884000000002b0011bd,complete,endpoint_exhausted,
account_guangzhou,9340,verified_local_broadband_guangzhou,guangzhou,0,,reply,6a259776000000000603433a,0,0,2026-08-25T12:11:08,6a2694ac000000002b0243a9,complete,endpoint_exhausted,
account_guangzhou,9340,verified_local_broadband_guangzhou,guangzhou,0,,reply,6a259776000000000603433a,0,0,2026-08-25T12:11:08,6a2693950000000027017d1a,complete,endpoint_exhausted,
account_guangzhou,9340,verified_local_broadband_guangzhou,guangzhou,0,,reply,6a259776000000000603433a,0,0,2026-08-25T12:11:08,6a269163000000002b02a016,complete,endpoint_exhausted,
account_guangzhou,9340,verified_local_broadband_guangzhou,guangzhou,0,,reply,6a259776000000000603433a,0,0,2026-08-25T12:11:08,6a268e2a0000000027029fa6,complete,endpoint_exhausted,
account_guangzhou,9340,verified_local_broadband_guangzhou,guangzhou,0,,reply,6a259776000000000603433a,0,0,2026-08-25T12:11:08,6a268b66000000002701ef7e,complete,endpoint_exhausted,
account_guangzhou,9340,verified_local_broadband_guangzhou,guangzhou,0,,reply,6a259776000000000603433a,0,0,2026-08-25T12:11:08,6a26856a00000000270200c8,complete,endpoint_exhausted,
account_guangzhou,9340,verified_local_broadband_guangzhou,guangzhou,0,,reply,6a259776000000000603433a,0,0,2026-08-25T12:11:08,6a267635000000002a02e89c,complete,endpoint_exhausted,
account_guangzhou,9340,verified_local_broadband_guangzhou,guangzhou,0,,reply,6a259776000000000603433a,0,0,2026-08-25T12:11:23,6a266d7e0000000027016923,complete,endpoint_exhausted,
account_guangzhou,9340,verified_local_broadband_guangzhou,guangzhou,0,,reply,6a259776000000000603433a,0,0,2026-08-25T12:11:23,6a263470000000002803c0d8,complete,endpoint_exhausted,
account_guangzhou,9340,verified_local_broadband_guangzhou,guangzhou,0,,reply,6a259776000000000603433a,0,0,2026-08-25T12:11:23,6a261aac000000002a0261fb,complete,endpoint_exhausted,
account_guangzhou,9340,verified_local_broadband_guangzhou,guangzhou,12,,reply,6a259776000000000603433a,12,3,2026-08-25T12:12:09,6a2788aa000000002803c264,complete,endpoint_exhausted,
account_guangzhou,9340,verified_local_broadband_guangzhou,guangzhou,14,,reply,6a259776000000000603433a,14,3,2026-08-25T12:12:55,6a26970f00000000270217c9,complete,endpoint_exhausted,
account_guangzhou,9340,verified_local_broadband_guangzhou,guangzhou,15,,reply,6a259776000000000603433a,15,3,2026-08-25T12:13:41,6a26f86e000000002702fa1e,complete,endpoint_exhausted,
account_guangzhou,9340,verified_local_broadband_guangzhou,guangzhou,43,,reply,6a259776000000000603433a,43,9,2026-08-25T12:16:00,6a269235000000002701c2b0,complete,endpoint_exhausted,
account_guangzhou,9340,verified_local_broadband_guangzhou,guangzhou,12,,reply,6a259776000000000603433a,12,3,2026-08-25T12:16:46,6a267608000000002b025d8f,complete,endpoint_exhausted,
account_guangzhou,9340,verified_local_broadband_guangzhou,guangzhou,16,,reply,6a259776000000000603433a,16,3,2026-08-25T12:17:32,6a265c49000000002702c6f4,complete,endpoint_exhausted,
account_guangzhou,9340,verified_local_broadband_guangzhou,guangzhou,0,,reply,6a259776000000000603433a,0,0,2026-08-25T12:17:32,6a263a63000000002902e450,complete,endpoint_exhausted,
account_guangzhou,9340,verified_local_broadband_guangzhou,guangzhou,3,,reply,6a259776000000000603433a,3,1,2026-08-25T12:18:02,6a26ca7f000000000d023c01,complete,endpoint_exhausted,
account_guangzhou,9340,verified_local_broadband_guangzhou,guangzhou,0,,reply,6a259776000000000603433a,0,0,2026-08-25T12:18:02,6a26ae810000000028034ac0,complete,endpoint_exhausted,
account_guangzhou,9340,verified_local_broadband_guangzhou,guangzhou,0,,reply,6a259776000000000603433a,0,0,2026-08-25T12:18:02,6a262bd5000000002803c48c,complete,endpoint_exhausted,
account_guangzhou,9340,verified_local_broadband_guangzhou,guangzhou,0,,reply,6a259776000000000603433a,0,0,2026-08-25T12:18:02,6a27f0fb00000000280091e8,complete,endpoint_exhausted,
account_guangzhou,9340,verified_local_broadband_guangzhou,guangzhou,0,,reply,6a259776000000000603433a,0,0,2026-08-25T12:18:02,6a27cab4000000002803c61c,complete,endpoint_exhausted,
account_guangzhou,9340,verified_local_broadband_guangzhou,guangzhou,0,,reply,6a259776000000000603433a,0,0,2026-08-25T12:18:02,6a27be4f0000000028036623,complete,endpoint_exhausted,
account_guangzhou,9340,verified_local_broadband_guangzhou,guangzhou,0,,reply,6a259776000000000603433a,0,0,2026-08-25T12:18:02,6a27bb55000000002a026c0e,complete,endpoint_exhausted,
account_guangzhou,9340,verified_local_broadband_guangzhou,guangzhou,0,,reply,6a259776000000000603433a,0,0,2026-08-25T12:18:02,6a27baa2000000002803e032,complete,endpoint_exhausted,
account_guangzhou,9340,verified_local_broadband_guangzhou,guangzhou,0,,reply,6a259776000000000603433a,0,0,2026-08-25T12:18:02,6a27b48f0000000029035dff,complete,endpoint_exhausted,
account_guangzhou,9340,verified_local_broadband_guangzhou,guangzhou,0,,reply,6a259776000000000603433a,0,0,2026-08-25T12:18:02,6a27a60a000000002a030477,complete,endpoint_exhausted,
account_guangzhou,9340,verified_local_broadband_guangzhou,guangzhou,0,,reply,6a259776000000000603433a,0,0,2026-08-25T12:18:18,6a27a5fc00000000290346a4,complete,endpoint_exhausted,
account_guangzhou,9340,verified_local_broadband_guangzhou,guangzhou,0,,reply,6a259776000000000603433a,0,0,2026-08-25T12:18:18,6a27a5ec000000002901921f,complete,endpoint_exhausted,
account_guangzhou,9340,verified_local_broadband_guangzhou,guangzhou,0,,reply,6a259776000000000603433a,0,0,2026-08-25T12:18:18,6a27a5df000000002b02796d,complete,endpoint_exhausted,
account_guangzhou,9340,verified_local_broadband_guangzhou,guangzhou,0,,reply,6a259776000000000603433a,0,0,2026-08-25T12:18:18,6a279d670000000029012c9b,complete,endpoint_exhausted,
account_guangzhou,9340,verified_local_broadband_guangzhou,guangzhou,0,,reply,6a259776000000000603433a,0,0,2026-08-25T12:18:18,6a279b79000000002803e7f5,complete,endpoint_exhausted,
account_guangzhou,9340,verified_local_broadband_guangzhou,guangzhou,0,,reply,6a259776000000000603433a,0,0,2026-08-25T12:18:18,6a27601d000000002800a5f6,complete,endpoint_exhausted,
account_guangzhou,9340,verified_local_broadband_guangzhou,guangzhou,0,,reply,6a259776000000000603433a,0,0,2026-08-25T12:18:18,6a275f4f000000002803589a,complete,endpoint_exhausted,
account_guangzhou,9340,verified_local_broadband_guangzhou,guangzhou,0,,reply,6a259776000000000603433a,0,0,2026-08-25T12:18:18,6a27485f000000002a030e72,complete,endpoint_exhausted,
account_guangzhou,9340,verified_local_broadband_guangzhou,guangzhou,0,,reply,6a259776000000000603433a,0,0,2026-08-25T12:18:18,6a273b610000000029037b8f,complete,endpoint_exhausted,
account_guangzhou,9340,verified_local_broadband_guangzhou,guangzhou,0,,reply,6a259776000000000603433a,0,0,2026-08-25T12:18:18,6a272868000000002a004c51,complete,endpoint_exhausted,
account_guangzhou,9340,verified_local_broadband_guangzhou,guangzhou,0,,reply,6a259776000000000603433a,0,0,2026-08-25T12:18:33,6a26f5ba000000002902f201,complete,endpoint_exhausted,
account_guangzhou,9340,verified_local_broadband_guangzhou,guangzhou,0,,reply,6a259776000000000603433a,0,0,2026-08-25T12:18:33,6a26e4930000000029013f65,complete,endpoint_exhausted,
account_guangzhou,9340,verified_local_broadband_guangzhou,guangzhou,0,,reply,6a259776000000000603433a,0,0,2026-08-25T12:18:33,6a26e254000000002902d276,complete,endpoint_exhausted,
account_guangzhou,9340,verified_local_broadband_guangzhou,guangzhou,0,,reply,6a259776000000000603433a,0,0,2026-08-25T12:18:33,6a26d90a000000002a0321ee,complete,endpoint_exhausted,
account_guangzhou,9340,verified_local_broadband_guangzhou,guangzhou,0,,reply,6a259776000000000603433a,0,0,2026-08-25T12:18:33,6a26d8be000000002a02dd95,complete,endpoint_exhausted,
account_guangzhou,9340,verified_local_broadband_guangzhou,guangzhou,0,,reply,6a259776000000000603433a,0,0,2026-08-25T12:18:33,6a26d56d000000002702d200,complete,endpoint_exhausted,
account_guangzhou,9340,verified_local_broadband_guangzhou,guangzhou,0,,reply,6a259776000000000603433a,0,0,2026-08-25T12:18:33,6a26d3ec000000002a02c546,complete,endpoint_exhausted,
account_guangzhou,9340,verified_local_broadband_guangzhou,guangzhou,0,,reply,6a259776000000000603433a,0,0,2026-08-25T12:18:33,6a26d2bb000000002b02a029,complete,endpoint_exhausted,
account_guangzhou,9340,verified_local_broadband_guangzhou,guangzhou,0,,reply,6a259776000000000603433a,0,0,2026-08-25T12:18:33,6a26cc26000000002900d0d1,complete,endpoint_exhausted,
account_guangzhou,9340,verified_local_broadband_guangzhou,guangzhou,0,,reply,6a259776000000000603433a,0,0,2026-08-25T12:18:33,6a26cacd00000000280384cf,complete,endpoint_exhausted,
account_guangzhou,9340,verified_local_broadband_guangzhou,guangzhou,0,,reply,6a259776000000000603433a,0,0,2026-08-25T12:18:49,6a26bf0f00000000290256bf,complete,endpoint_exhausted,
account_guangzhou,9340,verified_local_broadband_guangzhou,guangzhou,0,,reply,6a259776000000000603433a,0,0,2026-08-25T12:18:49,6a26be4100000000280360bb,complete,endpoint_exhausted,
account_guangzhou,9340,verified_local_broadband_guangzhou,guangzhou,0,,reply,6a259776000000000603433a,0,0,2026-08-25T12:18:49,6a26b80a000000002702d401,complete,endpoint_exhausted,
account_guangzhou,9340,verified_local_broadband_guangzhou,guangzhou,0,,reply,6a259776000000000603433a,0,0,2026-08-25T12:18:49,6a26b0180000000028038cc4,complete,endpoint_exhausted,
account_guangzhou,9340,verified_local_broadband_guangzhou,guangzhou,0,,reply,6a259776000000000603433a,0,0,2026-08-25T12:18:49,6a26ac6d000000002702cc4e,complete,endpoint_exhausted,
account_guangzhou,9340,verified_local_broadband_guangzhou,guangzhou,0,,reply,6a259776000000000603433a,0,0,2026-08-25T12:18:49,6a26a913000000002901b40d,complete,endpoint_exhausted,
account_guangzhou,9340,verified_local_broadband_guangzhou,guangzhou,3,,reply,6a259776000000000603433a,3,1,2026-08-25T12:19:04,6a26a7ca00000000290126b4,complete,endpoint_exhausted,
account_guangzhou,9340,verified_local_broadband_guangzhou,guangzhou,0,,reply,6a259776000000000603433a,0,0,2026-08-25T12:19:04,6a26a0530000000028031920,complete,endpoint_exhausted,
account_guangzhou,9340,verified_local_broadband_guangzhou,guangzhou,0,,reply,6a259776000000000603433a,0,0,2026-08-25T12:19:04,6a2680290000000027029c61,complete,endpoint_exhausted,
account_guangzhou,9340,verified_local_broadband_guangzhou,guangzhou,0,,reply,6a259776000000000603433a,0,0,2026-08-25T12:19:04,6a279d21000000002a007259,complete,endpoint_exhausted,
account_guangzhou,9340,verified_local_broadband_guangzhou,guangzhou,0,,reply,6a259776000000000603433a,0,0,2026-08-25T12:19:19,6a2781ef0000000021010163,complete,endpoint_exhausted,
account_guangzhou,9340,verified_local_broadband_guangzhou,guangzhou,0,,reply,6a259776000000000603433a,0,0,2026-08-25T12:19:19,6a2769bf000000002a005581,complete,endpoint_exhausted,
account_guangzhou,9340,verified_local_broadband_guangzhou,guangzhou,0,,reply,6a259776000000000603433a,0,0,2026-08-25T12:19:19,6a273b7d000000002702a264,complete,endpoint_exhausted,
account_guangzhou,9340,verified_local_broadband_guangzhou,guangzhou,0,,reply,6a259776000000000603433a,0,0,2026-08-25T12:19:19,6a26d655000000002a02ede2,complete,endpoint_exhausted,
account_guangzhou,9340,verified_local_broadband_guangzhou,guangzhou,0,,reply,6a259776000000000603433a,0,0,2026-08-25T12:19:19,6a26d645000000002a026d23,complete,endpoint_exhausted,
account_guangzhou,9340,verified_local_broadband_guangzhou,guangzhou,0,,reply,6a259776000000000603433a,0,0,2026-08-25T12:19:19,6a26c588000000002a00601d,complete,endpoint_exhausted,
account_guangzhou,9340,verified_local_broadband_guangzhou,guangzhou,0,,reply,6a259776000000000603433a,0,0,2026-08-25T12:19:19,6a268f50000000002901306b,complete,endpoint_exhausted,
account_guangzhou,9340,verified_local_broadband_guangzhou,guangzhou,0,,reply,6a259776000000000603433a,0,0,2026-08-25T12:19:19,6a268eda000000002901110d,complete,endpoint_exhausted,
account_guangzhou,9340,verified_local_broadband_guangzhou,guangzhou,,,top_level,6a259776000000000603433a,198,20,2026-08-25T12:19:19,,complete,endpoint_exhausted,True
account_guangzhou,9340,verified_local_broadband_guangzhou,guangzhou,35,,reply,6a26c4280000000016025570,35,7,2026-08-25T15:54:01,6a26c795000000002a02651a,complete,endpoint_exhausted,
account_guangzhou,9340,verified_local_broadband_guangzhou,guangzhou,13,,reply,6a26c4280000000016025570,13,3,2026-08-25T15:54:48,6a26dbe8000000002902d1d7,complete,endpoint_exhausted,
account_guangzhou,9340,verified_local_broadband_guangzhou,guangzhou,4,,reply,6a26c4280000000016025570,4,1,2026-08-25T15:55:04,6a275ea7000000002702e22f,complete,endpoint_exhausted,
account_guangzhou,9340,verified_local_broadband_guangzhou,guangzhou,2,,reply,6a26c4280000000016025570,2,1,2026-08-25T15:55:19,6a2732dd000000000d023001,complete,endpoint_exhausted,
account_guangzhou,9340,verified_local_broadband_guangzhou,guangzhou,3,,reply,6a26c4280000000016025570,3,1,2026-08-25T15:55:35,6a27abeb000000002a02eb18,complete,endpoint_exhausted,
account_guangzhou,9340,verified_local_broadband_guangzhou,guangzhou,2,,reply,6a26c4280000000016025570,2,1,2026-08-25T15:55:50,6a298721000000002b0270d0,complete,endpoint_exhausted,
account_guangzhou,9340,verified_local_broadband_guangzhou,guangzhou,0,,reply,6a26c4280000000016025570,0,0,2026-08-25T15:55:50,6a2793a7000000002701ef47,complete,endpoint_exhausted,
account_guangzhou,9340,verified_local_broadband_guangzhou,guangzhou,1,,reply,6a26c4280000000016025570,1,0,2026-08-25T15:55:50,6a2a9300000000002702fa9f,complete,endpoint_exhausted,
account_guangzhou,9340,verified_local_broadband_guangzhou,guangzhou,1,,reply,6a26c4280000000016025570,1,0,2026-08-25T15:55:50,6a27a50c000000002701d475,complete,endpoint_exhausted,
account_guangzhou,9340,verified_local_broadband_guangzhou,guangzhou,1,,reply,6a26c4280000000016025570,1,0,2026-08-25T15:55:50,6a2be51d0000000028033c58,complete,endpoint_exhausted,
account_guangzhou,9340,verified_local_broadband_guangzhou,guangzhou,0,,reply,6a26c4280000000016025570,0,0,2026-08-25T15:56:06,6a3902e1000000002a026a43,complete,endpoint_exhausted,
account_guangzhou,9340,verified_local_broadband_guangzhou,guangzhou,0,,reply,6a26c4280000000016025570,0,0,2026-08-25T15:56:06,6a2f8b3a000000002a00413b,complete,endpoint_exhausted,
account_guangzhou,9340,verified_local_broadband_guangzhou,guangzhou,0,,reply,6a26c4280000000016025570,0,0,2026-08-25T15:56:06,6a2d2756000000002902c901,complete,endpoint_exhausted,
account_guangzhou,9340,verified_local_broadband_guangzhou,guangzhou,0,,reply,6a26c4280000000016025570,0,0,2026-08-25T15:56:06,6a2c2293000000002900c68d,complete,endpoint_exhausted,
account_guangzhou,9340,verified_local_broadband_guangzhou,guangzhou,0,,reply,6a26c4280000000016025570,0,0,2026-08-25T15:56:06,6a2bd8a6000000000d021800,complete,endpoint_exhausted,
account_guangzhou,9340,verified_local_broadband_guangzhou,guangzhou,0,,reply,6a26c4280000000016025570,0,0,2026-08-25T15:56:06,6a2baed70000000029024559,complete,endpoint_exhausted,
account_guangzhou,9340,verified_local_broadband_guangzhou,guangzhou,0,,reply,6a26c4280000000016025570,0,0,2026-08-25T15:56:06,6a2b455a0000000029013148,complete,endpoint_exhausted,
account_guangzhou,9340,verified_local_broadband_guangzhou,guangzhou,0,,reply,6a26c4280000000016025570,0,0,2026-08-25T15:56:06,6a2b309a00000000290111fa,complete,endpoint_exhausted,
account_guangzhou,9340,verified_local_broadband_guangzhou,guangzhou,0,,reply,6a26c4280000000016025570,0,0,2026-08-25T15:56:06,6a2acb3c000000002a02cc17,complete,endpoint_exhausted,
account_guangzhou,9340,verified_local_broadband_guangzhou,guangzhou,0,,reply,6a26c4280000000016025570,0,0,2026-08-25T15:56:06,6a2a6d41000000002b024b83,complete,endpoint_exhausted,
account_guangzhou,9340,verified_local_broadband_guangzhou,guangzhou,0,,reply,6a26c4280000000016025570,0,0,2026-08-25T15:56:21,6a2a17cd0000000029012232,complete,endpoint_exhausted,
account_guangzhou,9340,verified_local_broadband_guangzhou,guangzhou,0,,reply,6a26c4280000000016025570,0,0,2026-08-25T15:56:21,6a2a0ecc000000002b02ab68,complete,endpoint_exhausted,
account_guangzhou,9340,verified_local_broadband_guangzhou,guangzhou,0,,reply,6a26c4280000000016025570,0,0,2026-08-25T15:56:21,6a29c002000000002b02bbdb,complete,endpoint_exhausted,
account_guangzhou,9340,verified_local_broadband_guangzhou,guangzhou,0,,reply,6a26c4280000000016025570,0,0,2026-08-25T15:56:21,6a2965c0000000002a02635d,complete,endpoint_exhausted,
account_guangzhou,9340,verified_local_broadband_guangzhou,guangzhou,0,,reply,6a26c4280000000016025570,0,0,2026-08-25T15:56:21,6a29321c000000002803cee8,complete,endpoint_exhausted,
account_guangzhou,9340,verified_local_broadband_guangzhou,guangzhou,0,,reply,6a26c4280000000016025570,0,0,2026-08-25T15:56:21,6a292f3e000000002701d944,complete,endpoint_exhausted,
account_guangzhou,9340,verified_local_broadband_guangzhou,guangzhou,0,,reply,6a26c4280000000016025570,0,0,2026-08-25T15:56:21,6a29260c000000002803ba24,complete,endpoint_exhausted,
account_guangzhou,9340,verified_local_broadband_guangzhou,guangzhou,0,,reply,6a26c4280000000016025570,0,0,2026-08-25T15:56:21,6a291390000000002803f14e,complete,endpoint_exhausted,
account_guangzhou,9340,verified_local_broadband_guangzhou,guangzhou,0,,reply,6a26c4280000000016025570,0,0,2026-08-25T15:56:21,6a28ee4e0000000028009948,complete,endpoint_exhausted,
account_guangzhou,9340,verified_local_broadband_guangzhou,guangzhou,0,,reply,6a26c4280000000016025570,0,0,2026-08-25T15:56:21,6a28ee33000000002a02d5b6,complete,endpoint_exhausted,
account_guangzhou,9340,verified_local_broadband_guangzhou,guangzhou,0,,reply,6a26c4280000000016025570,0,0,2026-08-25T15:56:37,6a28e9d3000000002702b724,complete,endpoint_exhausted,
account_guangzhou,9340,verified_local_broadband_guangzhou,guangzhou,0,,reply,6a26c4280000000016025570,0,0,2026-08-25T15:56:37,6a28e7f600000000270204f2,complete,endpoint_exhausted,
account_guangzhou,9340,verified_local_broadband_guangzhou,guangzhou,0,,reply,6a26c4280000000016025570,0,0,2026-08-25T15:56:37,6a28e6c6000000002702028d,complete,endpoint_exhausted,
account_guangzhou,9340,verified_local_broadband_guangzhou,guangzhou,0,,reply,6a26c4280000000016025570,0,0,2026-08-25T15:56:37,6a28cecd0000000029019df4,complete,endpoint_exhausted,
account_guangzhou,9340,verified_local_broadband_guangzhou,guangzhou,0,,reply,6a26c4280000000016025570,0,0,2026-08-25T15:56:37,6a28ccfb000000002a0338e1,complete,endpoint_exhausted,
account_guangzhou,9340,verified_local_broadband_guangzhou,guangzhou,0,,reply,6a26c4280000000016025570,0,0,2026-08-25T15:56:37,6a28cb0e000000002b0269fd,complete,endpoint_exhausted,
account_guangzhou,9340,verified_local_broadband_guangzhou,guangzhou,0,,reply,6a26c4280000000016025570,0,0,2026-08-25T15:56:37,6a28a61b000000002a02d3e6,complete,endpoint_exhausted,
account_guangzhou,9340,verified_local_broadband_guangzhou,guangzhou,0,,reply,6a26c4280000000016025570,0,0,2026-08-25T15:56:37,6a2896dc000000002803cbce,complete,endpoint_exhausted,
account_guangzhou,9340,verified_local_broadband_guangzhou,guangzhou,0,,reply,6a26c4280000000016025570,0,0,2026-08-25T15:56:37,6a2862f70000000028038902,complete,endpoint_exhausted,
account_guangzhou,9340,verified_local_broadband_guangzhou,guangzhou,0,,reply,6a26c4280000000016025570,0,0,2026-08-25T15:56:37,6a2848ed000000002b024907,complete,endpoint_exhausted,
account_guangzhou,9340,verified_local_broadband_guangzhou,guangzhou,0,,reply,6a26c4280000000016025570,0,0,2026-08-25T15:56:52,6a2846cd000000002900cd93,complete,endpoint_exhausted,
account_guangzhou,9340,verified_local_broadband_guangzhou,guangzhou,0,,reply,6a26c4280000000016025570,0,0,2026-08-25T15:56:52,6a284133000000002803367e,complete,endpoint_exhausted,
account_guangzhou,9340,verified_local_broadband_guangzhou,guangzhou,0,,reply,6a26c4280000000016025570,0,0,2026-08-25T15:56:52,6a2839b5000000002701ff3e,complete,endpoint_exhausted,
account_guangzhou,9340,verified_local_broadband_guangzhou,guangzhou,0,,reply,6a26c4280000000016025570,0,0,2026-08-25T15:56:52,6a283705000000002a007089,complete,endpoint_exhausted,
account_guangzhou,9340,verified_local_broadband_guangzhou,guangzhou,0,,reply,6a26c4280000000016025570,0,0,2026-08-25T15:56:52,6a2827be0000000029013dcf,complete,endpoint_exhausted,
account_guangzhou,9340,verified_local_broadband_guangzhou,guangzhou,0,,reply,6a26c4280000000016025570,0,0,2026-08-25T15:56:52,6a2815d2000000002a0250b9,complete,endpoint_exhausted,
account_guangzhou,9340,verified_local_broadband_guangzhou,guangzhou,0,,reply,6a26c4280000000016025570,0,0,2026-08-25T15:56:52,6a2803670000000028031e5e,complete,endpoint_exhausted,
account_guangzhou,9340,verified_local_broadband_guangzhou,guangzhou,0,,reply,6a26c4280000000016025570,0,0,2026-08-25T15:56:52,6a27ffd20000000028030091,complete,endpoint_exhausted,
account_guangzhou,9340,verified_local_broadband_guangzhou,guangzhou,0,,reply,6a26c4280000000016025570,0,0,2026-08-25T15:56:52,6a27ff9a000000002702d533,complete,endpoint_exhausted,
account_guangzhou,9340,verified_local_broadband_guangzhou,guangzhou,0,,reply,6a26c4280000000016025570,0,0,2026-08-25T15:56:52,6a27ff98000000002901218c,complete,endpoint_exhausted,
account_guangzhou,9340,verified_local_broadband_guangzhou,guangzhou,0,,reply,6a26c4280000000016025570,0,0,2026-08-25T15:57:08,6a27fe75000000002800a1eb,complete,endpoint_exhausted,
account_guangzhou,9340,verified_local_broadband_guangzhou,guangzhou,0,,reply,6a26c4280000000016025570,0,0,2026-08-25T15:57:08,6a27f975000000002a02da81,complete,endpoint_exhausted,
account_guangzhou,9340,verified_local_broadband_guangzhou,guangzhou,0,,reply,6a26c4280000000016025570,0,0,2026-08-25T15:57:08,6a27f3c70000000028030957,complete,endpoint_exhausted,
account_guangzhou,9340,verified_local_broadband_guangzhou,guangzhou,0,,reply,6a26c4280000000016025570,0,0,2026-08-25T15:57:08,6a27ef24000000002702c5f2,complete,endpoint_exhausted,
account_guangzhou,9340,verified_local_broadband_guangzhou,guangzhou,0,,reply,6a26c4280000000016025570,0,0,2026-08-25T15:57:08,6a27e5b4000000002900f072,complete,endpoint_exhausted,
account_guangzhou,9340,verified_local_broadband_guangzhou,guangzhou,0,,reply,6a26c4280000000016025570,0,0,2026-08-25T15:57:08,6a27de82000000002a033d22,complete,endpoint_exhausted,
account_guangzhou,9340,verified_local_broadband_guangzhou,guangzhou,0,,reply,6a26c4280000000016025570,0,0,2026-08-25T15:57:08,6a27de05000000002902e175,complete,endpoint_exhausted,
account_guangzhou,9340,verified_local_broadband_guangzhou,guangzhou,0,,reply,6a26c4280000000016025570,0,0,2026-08-25T15:57:08,6a27d8e90000000029025da7,complete,endpoint_exhausted,
account_guangzhou,9340,verified_local_broadband_guangzhou,guangzhou,0,,reply,6a26c4280000000016025570,0,0,2026-08-25T15:57:08,6a27d67d0000000028031f1a,complete,endpoint_exhausted,
account_guangzhou,9340,verified_local_broadband_guangzhou,guangzhou,0,,reply,6a26c4280000000016025570,0,0,2026-08-25T15:57:08,6a27d5670000000028009a91,complete,endpoint_exhausted,
account_guangzhou,9340,verified_local_broadband_guangzhou,guangzhou,0,,reply,6a26c4280000000016025570,0,0,2026-08-25T15:57:23,6a27d2e70000000029018cdd,complete,endpoint_exhausted,
account_guangzhou,9340,verified_local_broadband_guangzhou,guangzhou,0,,reply,6a26c4280000000016025570,0,0,2026-08-25T15:57:23,6a27d0f1000000002a025920,complete,endpoint_exhausted,
account_guangzhou,9340,verified_local_broadband_guangzhou,guangzhou,0,,reply,6a26c4280000000016025570,0,0,2026-08-25T15:57:23,6a27d060000000002702e2e8,complete,endpoint_exhausted,
account_guangzhou,9340,verified_local_broadband_guangzhou,guangzhou,0,,reply,6a26c4280000000016025570,0,0,2026-08-25T15:57:23,6a27cf18000000002a02ebca,complete,endpoint_exhausted,
account_guangzhou,9340,verified_local_broadband_guangzhou,guangzhou,0,,reply,6a26c4280000000016025570,0,0,2026-08-25T15:57:23,6a27cbac000000002a0328af,complete,endpoint_exhausted,
account_guangzhou,9340,verified_local_broadband_guangzhou,guangzhou,0,,reply,6a26c4280000000016025570,0,0,2026-08-25T15:57:23,6a27cae50000000028030a4d,complete,endpoint_exhausted,
account_guangzhou,9340,verified_local_broadband_guangzhou,guangzhou,0,,reply,6a26c4280000000016025570,0,0,2026-08-25T15:57:23,6a27ca7a000000002a0338c4,complete,endpoint_exhausted,
account_guangzhou,9340,verified_local_broadband_guangzhou,guangzhou,0,,reply,6a26c4280000000016025570,0,0,2026-08-25T15:57:23,6a27ca79000000000d021c00,complete,endpoint_exhausted,
account_guangzhou,9340,verified_local_broadband_guangzhou,guangzhou,0,,reply,6a26c4280000000016025570,0,0,2026-08-25T15:57:23,6a27ca5c000000002900ef51,complete,endpoint_exhausted,
account_guangzhou,9340,verified_local_broadband_guangzhou,guangzhou,0,,reply,6a26c4280000000016025570,0,0,2026-08-25T15:57:23,6a27c9e2000000002803d484,complete,endpoint_exhausted,
account_guangzhou,9340,verified_local_broadband_guangzhou,guangzhou,0,,reply,6a26c4280000000016025570,0,0,2026-08-25T15:57:39,6a27c71f000000002a02589b,complete,endpoint_exhausted,
account_guangzhou,9340,verified_local_broadband_guangzhou,guangzhou,0,,reply,6a26c4280000000016025570,0,0,2026-08-25T15:57:39,6a27c30d00000000270238c1,complete,endpoint_exhausted,
account_guangzhou,9340,verified_local_broadband_guangzhou,guangzhou,0,,reply,6a26c4280000000016025570,0,0,2026-08-25T15:57:39,6a27befb000000002a024b55,complete,endpoint_exhausted,
account_guangzhou,9340,verified_local_broadband_guangzhou,guangzhou,0,,reply,6a26c4280000000016025570,0,0,2026-08-25T15:57:39,6a27bdd00000000028009d78,complete,endpoint_exhausted,
account_guangzhou,9340,verified_local_broadband_guangzhou,guangzhou,0,,reply,6a26c4280000000016025570,0,0,2026-08-25T15:57:39,6a27bcc10000000027022882,complete,endpoint_exhausted,
account_guangzhou,9340,verified_local_broadband_guangzhou,guangzhou,0,,reply,6a26c4280000000016025570,0,0,2026-08-25T15:57:39,6a27bbf70000000029013eba,complete,endpoint_exhausted,
account_guangzhou,9340,verified_local_broadband_guangzhou,guangzhou,0,,reply,6a26c4280000000016025570,0,0,2026-08-25T15:57:39,6a27bb4a000000002900f051,complete,endpoint_exhausted,
account_guangzhou,9340,verified_local_broadband_guangzhou,guangzhou,0,,reply,6a26c4280000000016025570,0,0,2026-08-25T15:57:39,6a27b785000000000d021802,complete,endpoint_exhausted,
account_guangzhou,9340,verified_local_broadband_guangzhou,guangzhou,0,,reply,6a26c4280000000016025570,0,0,2026-08-25T15:57:39,6a27b596000000002702e248,complete,endpoint_exhausted,
account_guangzhou,9340,verified_local_broadband_guangzhou,guangzhou,0,,reply,6a26c4280000000016025570,0,0,2026-08-25T15:57:39,6a27b1d3000000002800a78b,complete,endpoint_exhausted,
account_guangzhou,9340,verified_local_broadband_guangzhou,guangzhou,0,,reply,6a26c4280000000016025570,0,0,2026-08-25T15:57:56,6a27b191000000002a02f55c,complete,endpoint_exhausted,
account_guangzhou,9340,verified_local_broadband_guangzhou,guangzhou,0,,reply,6a26c4280000000016025570,0,0,2026-08-25T15:57:56,6a27b0df000000002a03101e,complete,endpoint_exhausted,
account_guangzhou,9340,verified_local_broadband_guangzhou,guangzhou,0,,reply,6a26c4280000000016025570,0,0,2026-08-25T15:57:56,6a27b0bb0000000028033e1b,complete,endpoint_exhausted,
account_guangzhou,9340,verified_local_broadband_guangzhou,guangzhou,0,,reply,6a26c4280000000016025570,0,0,2026-08-25T15:57:56,6a27af94000000002702eacc,complete,endpoint_exhausted,
account_guangzhou,9340,verified_local_broadband_guangzhou,guangzhou,0,,reply,6a26c4280000000016025570,0,0,2026-08-25T15:57:56,6a27af4a0000000028039837,complete,endpoint_exhausted,
account_guangzhou,9340,verified_local_broadband_guangzhou,guangzhou,0,,reply,6a26c4280000000016025570,0,0,2026-08-25T15:57:56,6a27aec3000000002a0305c4,complete,endpoint_exhausted,
account_guangzhou,9340,verified_local_broadband_guangzhou,guangzhou,0,,reply,6a26c4280000000016025570,0,0,2026-08-25T15:57:56,6a27aea300000000280312f8,complete,endpoint_exhausted,
account_guangzhou,9340,verified_local_broadband_guangzhou,guangzhou,0,,reply,6a26c4280000000016025570,0,0,2026-08-25T15:57:56,6a27ae29000000002803c7c8,complete,endpoint_exhausted,
account_guangzhou,9340,verified_local_broadband_guangzhou,guangzhou,0,,reply,6a26c4280000000016025570,0,0,2026-08-25T15:57:56,6a27ae1d0000000028034bd2,complete,endpoint_exhausted,
account_guangzhou,9340,verified_local_broadband_guangzhou,guangzhou,0,,reply,6a26c4280000000016025570,0,0,2026-08-25T15:57:56,6a27ad57000000002a02dbeb,complete,endpoint_exhausted,
account_guangzhou,9340,verified_local_broadband_guangzhou,guangzhou,0,,reply,6a26c4280000000016025570,0,0,2026-08-25T15:58:17,6a27abbc000000002803c8ee,complete,endpoint_exhausted,
account_guangzhou,9340,verified_local_broadband_guangzhou,guangzhou,0,,reply,6a26c4280000000016025570,0,0,2026-08-25T15:58:17,6a27aac1000000002701e938,complete,endpoint_exhausted,
account_guangzhou,9340,verified_local_broadband_guangzhou,guangzhou,0,,reply,6a26c4280000000016025570,0,0,2026-08-25T15:58:17,6a27a9e400000000280382ff,complete,endpoint_exhausted,
account_guangzhou,9340,verified_local_broadband_guangzhou,guangzhou,0,,reply,6a26c4280000000016025570,0,0,2026-08-25T15:58:17,6a27a90a0000000027023392,complete,endpoint_exhausted,
account_guangzhou,9340,verified_local_broadband_guangzhou,guangzhou,1,,reply,6a26c4280000000016025570,1,0,2026-08-25T15:58:17,6a27a84b000000002803d8e3,complete,endpoint_exhausted,
account_guangzhou,9340,verified_local_broadband_guangzhou,guangzhou,0,,reply,6a26c4280000000016025570,0,0,2026-08-25T15:58:17,6a27a6c8000000002b02b6aa,complete,endpoint_exhausted,
account_guangzhou,9340,verified_local_broadband_guangzhou,guangzhou,0,,reply,6a26c4280000000016025570,0,0,2026-08-25T15:58:17,6a27a5ed0000000028035d6d,complete,endpoint_exhausted,
account_guangzhou,9340,verified_local_broadband_guangzhou,guangzhou,0,,reply,6a26c4280000000016025570,0,0,2026-08-25T15:58:17,6a27a526000000002803723b,complete,endpoint_exhausted,
account_guangzhou,9340,verified_local_broadband_guangzhou,guangzhou,0,,reply,6a26c4280000000016025570,0,0,2026-08-25T15:58:17,6a27a3860000000029026f89,complete,endpoint_exhausted,
account_guangzhou,9340,verified_local_broadband_guangzhou,guangzhou,0,,reply,6a26c4280000000016025570,0,0,2026-08-25T15:58:17,6a27a314000000002900e9e8,complete,endpoint_exhausted,
account_guangzhou,9340,verified_local_broadband_guangzhou,guangzhou,0,,reply,6a26c4280000000016025570,0,0,2026-08-25T15:58:33,6a27a2da00000000290122d7,complete,endpoint_exhausted,
account_guangzhou,9340,verified_local_broadband_guangzhou,guangzhou,0,,reply,6a26c4280000000016025570,0,0,2026-08-25T15:58:33,6a27a139000000002900cc0c,complete,endpoint_exhausted,
account_guangzhou,9340,verified_local_broadband_guangzhou,guangzhou,0,,reply,6a26c4280000000016025570,0,0,2026-08-25T15:58:33,6a279e0b000000002903484d,complete,endpoint_exhausted,
account_guangzhou,9340,verified_local_broadband_guangzhou,guangzhou,0,,reply,6a26c4280000000016025570,0,0,2026-08-25T15:58:33,6a279e06000000002a005762,complete,endpoint_exhausted,
account_guangzhou,9340,verified_local_broadband_guangzhou,guangzhou,0,,reply,6a26c4280000000016025570,0,0,2026-08-25T15:58:33,6a279c73000000002a02778f,complete,endpoint_exhausted,
account_guangzhou,9340,verified_local_broadband_guangzhou,guangzhou,0,,reply,6a26c4280000000016025570,0,0,2026-08-25T15:58:33,6a279c180000000029024d62,complete,endpoint_exhausted,
account_guangzhou,9340,verified_local_broadband_guangzhou,guangzhou,0,,reply,6a26c4280000000016025570,0,0,2026-08-25T15:58:33,6a279bf2000000002803b0e7,complete,endpoint_exhausted,
account_guangzhou,9340,verified_local_broadband_guangzhou,guangzhou,0,,reply,6a26c4280000000016025570,0,0,2026-08-25T15:58:33,6a279be1000000002701403b,complete,endpoint_exhausted,
account_guangzhou,9340,verified_local_broadband_guangzhou,guangzhou,0,,reply,6a26c4280000000016025570,0,0,2026-08-25T15:58:33,6a279ba9000000002900e3dc,complete,endpoint_exhausted,
account_guangzhou,9340,verified_local_broadband_guangzhou,guangzhou,0,,reply,6a26c4280000000016025570,0,0,2026-08-25T15:58:33,6a279a1e0000000029013502,complete,endpoint_exhausted,
account_guangzhou,9340,verified_local_broadband_guangzhou,guangzhou,0,,reply,6a26c4280000000016025570,0,0,2026-08-25T15:58:54,6a2796590000000029037a9e,complete,endpoint_exhausted,
account_guangzhou,9340,verified_local_broadband_guangzhou,guangzhou,0,,reply,6a26c4280000000016025570,0,0,2026-08-25T15:58:54,6a279638000000002a027d05,complete,endpoint_exhausted,
account_guangzhou,9340,verified_local_broadband_guangzhou,guangzhou,0,,reply,6a26c4280000000016025570,0,0,2026-08-25T15:58:54,6a2795a80000000029010b7d,complete,endpoint_exhausted,
account_guangzhou,9340,verified_local_broadband_guangzhou,guangzhou,0,,reply,6a26c4280000000016025570,0,0,2026-08-25T15:58:54,6a2795a3000000002b003125,complete,endpoint_exhausted,
account_guangzhou,9340,verified_local_broadband_guangzhou,guangzhou,0,,reply,6a26c4280000000016025570,0,0,2026-08-25T15:58:54,6a279503000000002803c157,complete,endpoint_exhausted,
account_guangzhou,9340,verified_local_broadband_guangzhou,guangzhou,0,,reply,6a26c4280000000016025570,0,0,2026-08-25T15:58:54,6a2794c1000000002a027ed5,complete,endpoint_exhausted,
account_guangzhou,9340,verified_local_broadband_guangzhou,guangzhou,0,,reply,6a26c4280000000016025570,0,0,2026-08-25T15:58:54,6a279462000000002702ac55,complete,endpoint_exhausted,
account_guangzhou,9340,verified_local_broadband_guangzhou,guangzhou,0,,reply,6a26c4280000000016025570,0,0,2026-08-25T15:58:54,6a27942f000000002b026c55,complete,endpoint_exhausted,
account_guangzhou,9340,verified_local_broadband_guangzhou,guangzhou,0,,reply,6a26c4280000000016025570,0,0,2026-08-25T15:58:54,6a279293000000002b003804,complete,endpoint_exhausted,
account_guangzhou,9340,verified_local_broadband_guangzhou,guangzhou,0,,reply,6a26c4280000000016025570,0,0,2026-08-25T15:58:54,6a2791a2000000002902c315,complete,endpoint_exhausted,
account_guangzhou,9340,verified_local_broadband_guangzhou,guangzhou,0,,reply,6a26c4280000000016025570,0,0,2026-08-25T15:59:10,6a2790a60000000029027c0c,complete,endpoint_exhausted,
account_guangzhou,9340,verified_local_broadband_guangzhou,guangzhou,0,,reply,6a26c4280000000016025570,0,0,2026-08-25T15:59:10,6a2790600000000027021491,complete,endpoint_exhausted,
account_guangzhou,9340,verified_local_broadband_guangzhou,guangzhou,0,,reply,6a26c4280000000016025570,0,0,2026-08-25T15:59:10,6a278ff30000000029037cc0,complete,endpoint_exhausted,
account_guangzhou,9340,verified_local_broadband_guangzhou,guangzhou,0,,reply,6a26c4280000000016025570,0,0,2026-08-25T15:59:10,6a278fbc000000002b0245bd,complete,endpoint_exhausted,
account_guangzhou,9340,verified_local_broadband_guangzhou,guangzhou,0,,reply,6a26c4280000000016025570,0,0,2026-08-25T15:59:10,6a278e5e0000000027022b4d,complete,endpoint_exhausted,
account_guangzhou,9340,verified_local_broadband_guangzhou,guangzhou,0,,reply,6a26c4280000000016025570,0,0,2026-08-25T15:59:10,6a278e0500000000270299c1,complete,endpoint_exhausted,
account_guangzhou,9340,verified_local_broadband_guangzhou,guangzhou,0,,reply,6a26c4280000000016025570,0,0,2026-08-25T15:59:10,6a278cc2000000002b02a8e7,complete,endpoint_exhausted,
account_guangzhou,9340,verified_local_broadband_guangzhou,guangzhou,0,,reply,6a26c4280000000016025570,0,0,2026-08-25T15:59:10,6a278c850000000029025ecc,complete,endpoint_exhausted,
account_guangzhou,9340,verified_local_broadband_guangzhou,guangzhou,0,,reply,6a26c4280000000016025570,0,0,2026-08-25T15:59:10,6a278c11000000002901135b,complete,endpoint_exhausted,
account_guangzhou,9340,verified_local_broadband_guangzhou,guangzhou,0,,reply,6a26c4280000000016025570,0,0,2026-08-25T15:59:10,6a278be30000000027029e2b,complete,endpoint_exhausted,
account_guangzhou,9340,verified_local_broadband_guangzhou,guangzhou,0,,reply,6a26c4280000000016025570,0,0,2026-08-25T15:59:25,6a278b91000000002803e06f,complete,endpoint_exhausted,
account_guangzhou,9340,verified_local_broadband_guangzhou,guangzhou,0,,reply,6a26c4280000000016025570,0,0,2026-08-25T15:59:25,6a278b81000000002b00284f,complete,endpoint_exhausted,
account_guangzhou,9340,verified_local_broadband_guangzhou,guangzhou,0,,reply,6a26c4280000000016025570,0,0,2026-08-25T15:59:25,6a278a76000000002702947b,complete,endpoint_exhausted,
account_guangzhou,9340,verified_local_broadband_guangzhou,guangzhou,0,,reply,6a26c4280000000016025570,0,0,2026-08-25T15:59:25,6a278900000000002a03098a,complete,endpoint_exhausted,
account_guangzhou,9340,verified_local_broadband_guangzhou,guangzhou,0,,reply,6a26c4280000000016025570,0,0,2026-08-25T15:59:25,6a27883b00000000270154db,complete,endpoint_exhausted,
account_guangzhou,9340,verified_local_broadband_guangzhou,guangzhou,0,,reply,6a26c4280000000016025570,0,0,2026-08-25T15:59:25,6a2787020000000028032e54,complete,endpoint_exhausted,
account_guangzhou,9340,verified_local_broadband_guangzhou,guangzhou,0,,reply,6a26c4280000000016025570,0,0,2026-08-25T15:59:25,6a2784a5000000002803e346,complete,endpoint_exhausted,
account_guangzhou,9340,verified_local_broadband_guangzhou,guangzhou,0,,reply,6a26c4280000000016025570,0,0,2026-08-25T15:59:25,6a2783db0000000029011f52,complete,endpoint_exhausted,
account_guangzhou,9340,verified_local_broadband_guangzhou,guangzhou,0,,reply,6a26c4280000000016025570,0,0,2026-08-25T15:59:25,6a2783980000000028034ee3,complete,endpoint_exhausted,
account_guangzhou,9340,verified_local_broadband_guangzhou,guangzhou,0,,reply,6a26c4280000000016025570,0,0,2026-08-25T15:59:25,6a27830c0000000027017f8f,complete,endpoint_exhausted,
account_guangzhou,9340,verified_local_broadband_guangzhou,guangzhou,0,,reply,6a26c4280000000016025570,0,0,2026-08-25T15:59:42,6a2782180000000027014fdd,complete,endpoint_exhausted,
account_guangzhou,9340,verified_local_broadband_guangzhou,guangzhou,0,,reply,6a26c4280000000016025570,0,0,2026-08-25T15:59:42,6a277f450000000029025d1b,complete,endpoint_exhausted,
account_guangzhou,9340,verified_local_broadband_guangzhou,guangzhou,0,,reply,6a26c4280000000016025570,0,0,2026-08-25T15:59:42,6a277e79000000002b024f3f,complete,endpoint_exhausted,
account_guangzhou,9340,verified_local_broadband_guangzhou,guangzhou,0,,reply,6a26c4280000000016025570,0,0,2026-08-25T15:59:42,6a27776e000000002b003758,complete,endpoint_exhausted,
account_guangzhou,9340,verified_local_broadband_guangzhou,guangzhou,0,,reply,6a26c4280000000016025570,0,0,2026-08-25T15:59:42,6a27761e000000002803659b,complete,endpoint_exhausted,
account_guangzhou,9340,verified_local_broadband_guangzhou,guangzhou,0,,reply,6a26c4280000000016025570,0,0,2026-08-25T15:59:42,6a27750e000000002a004059,complete,endpoint_exhausted,
account_guangzhou,9340,verified_local_broadband_guangzhou,guangzhou,0,,reply,6a26c4280000000016025570,0,0,2026-08-25T15:59:42,6a2774fc0000000029026e88,complete,endpoint_exhausted,
account_guangzhou,9340,verified_local_broadband_guangzhou,guangzhou,0,,reply,6a26c4280000000016025570,0,0,2026-08-25T15:59:42,6a2773fa0000000027014d65,complete,endpoint_exhausted,
account_guangzhou,9340,verified_local_broadband_guangzhou,guangzhou,0,,reply,6a26c4280000000016025570,0,0,2026-08-25T15:59:42,6a277383000000002803d097,complete,endpoint_exhausted,
account_guangzhou,9340,verified_local_broadband_guangzhou,guangzhou,0,,reply,6a26c4280000000016025570,0,0,2026-08-25T15:59:42,6a277350000000002800aa0f,complete,endpoint_exhausted,
account_guangzhou,9340,verified_local_broadband_guangzhou,guangzhou,0,,reply,6a26c4280000000016025570,0,0,2026-08-25T15:59:58,6a2771d9000000002a026888,complete,endpoint_exhausted,
account_guangzhou,9340,verified_local_broadband_guangzhou,guangzhou,0,,reply,6a26c4280000000016025570,0,0,2026-08-25T15:59:58,6a2771d2000000002b024b22,complete,endpoint_exhausted,
account_guangzhou,9340,verified_local_broadband_guangzhou,guangzhou,0,,reply,6a26c4280000000016025570,0,0,2026-08-25T15:59:58,6a2770d6000000002b001134,complete,endpoint_exhausted,
account_guangzhou,9340,verified_local_broadband_guangzhou,guangzhou,0,,reply,6a26c4280000000016025570,0,0,2026-08-25T15:59:58,6a2770ae000000002900c81e,complete,endpoint_exhausted,
account_guangzhou,9340,verified_local_broadband_guangzhou,guangzhou,0,,reply,6a26c4280000000016025570,0,0,2026-08-25T15:59:58,6a276ee3000000000d022800,complete,endpoint_exhausted,
account_guangzhou,9340,verified_local_broadband_guangzhou,guangzhou,0,,reply,6a26c4280000000016025570,0,0,2026-08-25T15:59:58,6a276e5c000000002a02788d,complete,endpoint_exhausted,
account_guangzhou,9340,verified_local_broadband_guangzhou,guangzhou,0,,reply,6a26c4280000000016025570,0,0,2026-08-25T15:59:58,6a276cff00000000270236d0,complete,endpoint_exhausted,
account_guangzhou,9340,verified_local_broadband_guangzhou,guangzhou,0,,reply,6a26c4280000000016025570,0,0,2026-08-25T15:59:58,6a276ccb000000002701480d,complete,endpoint_exhausted,
account_guangzhou,9340,verified_local_broadband_guangzhou,guangzhou,0,,reply,6a26c4280000000016025570,0,0,2026-08-25T15:59:58,6a276b56000000002702b0eb,complete,endpoint_exhausted,
account_guangzhou,9340,verified_local_broadband_guangzhou,guangzhou,0,,reply,6a26c4280000000016025570,0,0,2026-08-25T15:59:58,6a276a4b000000002803462c,complete,endpoint_exhausted,
account_guangzhou,9340,verified_local_broadband_guangzhou,guangzhou,0,,reply,6a26c4280000000016025570,0,0,2026-08-25T16:00:13,6a276a45000000002b025413,complete,endpoint_exhausted,
account_guangzhou,9340,verified_local_broadband_guangzhou,guangzhou,0,,reply,6a26c4280000000016025570,0,0,2026-08-25T16:00:13,6a276918000000002a0251c4,complete,endpoint_exhausted,
account_guangzhou,9340,verified_local_broadband_guangzhou,guangzhou,0,,reply,6a26c4280000000016025570,0,0,2026-08-25T16:00:13,6a27689e0000000027028758,complete,endpoint_exhausted,
account_guangzhou,9340,verified_local_broadband_guangzhou,guangzhou,0,,reply,6a26c4280000000016025570,0,0,2026-08-25T16:00:13,6a27682a000000002902608e,complete,endpoint_exhausted,
account_guangzhou,9340,verified_local_broadband_guangzhou,guangzhou,1,,reply,6a26c4280000000016025570,1,0,2026-08-25T16:00:13,6a27674800000000280326dd,complete,endpoint_exhausted,
account_guangzhou,9340,verified_local_broadband_guangzhou,guangzhou,0,,reply,6a26c4280000000016025570,0,0,2026-08-25T16:00:13,6a2765f6000000002901be93,complete,endpoint_exhausted,
account_guangzhou,9340,verified_local_broadband_guangzhou,guangzhou,0,,reply,6a26c4280000000016025570,0,0,2026-08-25T16:00:13,6a2764e600000000280306b7,complete,endpoint_exhausted,
account_guangzhou,9340,verified_local_broadband_guangzhou,guangzhou,4,,reply,6a26c4280000000016025570,4,1,2026-08-25T16:00:29,6a2764ad00000000280394a6,complete,endpoint_exhausted,
account_guangzhou,9340,verified_local_broadband_guangzhou,guangzhou,0,,reply,6a26c4280000000016025570,0,0,2026-08-25T16:00:29,6a276472000000002800808e,complete,endpoint_exhausted,
account_guangzhou,9340,verified_local_broadband_guangzhou,guangzhou,0,,reply,6a26c4280000000016025570,0,0,2026-08-25T16:00:29,6a27644d000000002702ea1f,complete,endpoint_exhausted,
account_guangzhou,9340,verified_local_broadband_guangzhou,guangzhou,0,,reply,6a26c4280000000016025570,0,0,2026-08-25T16:00:45,6a276427000000002a030b2f,complete,endpoint_exhausted,
account_guangzhou,9340,verified_local_broadband_guangzhou,guangzhou,0,,reply,6a26c4280000000016025570,0,0,2026-08-25T16:00:45,6a2764010000000027015598,complete,endpoint_exhausted,
account_guangzhou,9340,verified_local_broadband_guangzhou,guangzhou,0,,reply,6a26c4280000000016025570,0,0,2026-08-25T16:00:45,6a2763370000000028030669,complete,endpoint_exhausted,
account_guangzhou,9340,verified_local_broadband_guangzhou,guangzhou,0,,reply,6a26c4280000000016025570,0,0,2026-08-25T16:00:45,6a276257000000002903639b,complete,endpoint_exhausted,
account_guangzhou,9340,verified_local_broadband_guangzhou,guangzhou,0,,reply,6a26c4280000000016025570,0,0,2026-08-25T16:00:45,6a2761c8000000002803f5f8,complete,endpoint_exhausted,
account_guangzhou,9340,verified_local_broadband_guangzhou,guangzhou,0,,reply,6a26c4280000000016025570,0,0,2026-08-25T16:00:45,6a275e8a000000002a026c25,complete,endpoint_exhausted,
account_guangzhou,9340,verified_local_broadband_guangzhou,guangzhou,0,,reply,6a26c4280000000016025570,0,0,2026-08-25T16:00:45,6a275e53000000002a005ee5,complete,endpoint_exhausted,
account_guangzhou,9340,verified_local_broadband_guangzhou,guangzhou,0,,reply,6a26c4280000000016025570,0,0,2026-08-25T16:00:45,6a275de3000000002803696f,complete,endpoint_exhausted,
account_guangzhou,9340,verified_local_broadband_guangzhou,guangzhou,0,,reply,6a26c4280000000016025570,0,0,2026-08-25T16:00:45,6a275da700000000280361f6,complete,endpoint_exhausted,
account_guangzhou,9340,verified_local_broadband_guangzhou,guangzhou,0,,reply,6a26c4280000000016025570,0,0,2026-08-25T16:00:45,6a275cf3000000002803d74d,complete,endpoint_exhausted,
account_guangzhou,9340,verified_local_broadband_guangzhou,guangzhou,1,,reply,6a26c4280000000016025570,1,0,2026-08-25T16:01:18,6a275c9e0000000029027517,complete,endpoint_exhausted,
account_guangzhou,9340,verified_local_broadband_guangzhou,guangzhou,0,,reply,6a26c4280000000016025570,0,0,2026-08-25T16:01:18,6a275c70000000002a007515,complete,endpoint_exhausted,
account_guangzhou,9340,verified_local_broadband_guangzhou,guangzhou,0,,reply,6a26c4280000000016025570,0,0,2026-08-25T16:01:18,6a275c18000000002a02702a,complete,endpoint_exhausted,
account_guangzhou,9340,verified_local_broadband_guangzhou,guangzhou,0,,reply,6a26c4280000000016025570,0,0,2026-08-25T16:01:18,6a275bd00000000028030e3c,complete,endpoint_exhausted,
account_guangzhou,9340,verified_local_broadband_guangzhou,guangzhou,0,,reply,6a26c4280000000016025570,0,0,2026-08-25T16:01:18,6a2759ce000000002900eaeb,complete,endpoint_exhausted,
account_guangzhou,9340,verified_local_broadband_guangzhou,guangzhou,0,,reply,6a26c4280000000016025570,0,0,2026-08-25T16:01:18,6a275959000000002b0256a6,complete,endpoint_exhausted,
account_guangzhou,9340,verified_local_broadband_guangzhou,guangzhou,0,,reply,6a26c4280000000016025570,0,0,2026-08-25T16:01:18,6a2758ab000000002803da09,complete,endpoint_exhausted,
account_guangzhou,9340,verified_local_broadband_guangzhou,guangzhou,0,,reply,6a26c4280000000016025570,0,0,2026-08-25T16:01:18,6a2757ab0000000027014409,complete,endpoint_exhausted,
account_guangzhou,9340,verified_local_broadband_guangzhou,guangzhou,1,,reply,6a26c4280000000016025570,1,0,2026-08-25T16:01:18,6a2756650000000029013d0a,complete,endpoint_exhausted,
account_guangzhou,9340,verified_local_broadband_guangzhou,guangzhou,0,,reply,6a26c4280000000016025570,0,0,2026-08-25T16:01:18,6a27554d0000000028032087,complete,endpoint_exhausted,
account_guangzhou,9340,verified_local_broadband_guangzhou,guangzhou,0,,reply,6a26c4280000000016025570,0,0,2026-08-25T16:01:34,6a2754ff0000000027020468,complete,endpoint_exhausted,
account_guangzhou,9340,verified_local_broadband_guangzhou,guangzhou,2,,reply,6a26c4280000000016025570,2,1,2026-08-25T16:01:49,6a275470000000002803a290,complete,endpoint_exhausted,
account_guangzhou,9340,verified_local_broadband_guangzhou,guangzhou,0,,reply,6a26c4280000000016025570,0,0,2026-08-25T16:01:49,6a27543400000000280307d0,complete,endpoint_exhausted,
account_guangzhou,9340,verified_local_broadband_guangzhou,guangzhou,0,,reply,6a26c4280000000016025570,0,0,2026-08-25T16:01:49,6a2753ca000000002702f3ae,complete,endpoint_exhausted,
account_guangzhou,9340,verified_local_broadband_guangzhou,guangzhou,0,,reply,6a26c4280000000016025570,0,0,2026-08-25T16:01:49,6a275330000000002902c4f3,complete,endpoint_exhausted,
account_guangzhou,9340,verified_local_broadband_guangzhou,guangzhou,0,,reply,6a26c4280000000016025570,0,0,2026-08-25T16:01:49,6a274fd9000000002900c736,complete,endpoint_exhausted,
account_guangzhou,9340,verified_local_broadband_guangzhou,guangzhou,0,,reply,6a26c4280000000016025570,0,0,2026-08-25T16:01:49,6a274fb60000000028034ad9,complete,endpoint_exhausted,
account_guangzhou,9340,verified_local_broadband_guangzhou,guangzhou,0,,reply,6a26c4280000000016025570,0,0,2026-08-25T16:01:49,6a274e56000000002803150d,complete,endpoint_exhausted,
account_guangzhou,9340,verified_local_broadband_guangzhou,guangzhou,0,,reply,6a26c4280000000016025570,0,0,2026-08-25T16:01:49,6a274e0f0000000029027e30,complete,endpoint_exhausted,
account_guangzhou,9340,verified_local_broadband_guangzhou,guangzhou,7,,reply,6a26c4280000000016025570,7,2,2026-08-25T16:02:21,6a274a6e000000002901aa96,complete,endpoint_exhausted,
account_guangzhou,9340,verified_local_broadband_guangzhou,guangzhou,53,,reply,6a26c4280000000016025570,53,11,2026-08-25T16:05:26,6a2734f8000000002a027d7a,complete,endpoint_exhausted,
account_guangzhou,9340,verified_local_broadband_guangzhou,guangzhou,0,,reply,6a26c4280000000016025570,0,0,2026-08-25T16:05:26,6a272f57000000002b0258d2,complete,endpoint_exhausted,
account_guangzhou,9340,verified_local_broadband_guangzhou,guangzhou,0,,reply,6a26c4280000000016025570,0,0,2026-08-25T16:05:26,6a271c4b0000000029037fc5,complete,endpoint_exhausted,
account_guangzhou,9340,verified_local_broadband_guangzhou,guangzhou,0,,reply,6a26c4280000000016025570,0,0,2026-08-25T16:05:26,6a270c74000000002a00787f,complete,endpoint_exhausted,
account_guangzhou,9340,verified_local_broadband_guangzhou,guangzhou,0,,reply,6a26c4280000000016025570,0,0,2026-08-25T16:05:26,6a27018d000000002901b32e,complete,endpoint_exhausted,
account_guangzhou,9340,verified_local_broadband_guangzhou,guangzhou,0,,reply,6a26c4280000000016025570,0,0,2026-08-25T16:05:26,6a26ee4d000000002a024bbd,complete,endpoint_exhausted,
account_guangzhou,9340,verified_local_broadband_guangzhou,guangzhou,1,,reply,6a26c4280000000016025570,1,0,2026-08-25T16:05:26,6a26ea9800000000280372d0,complete,endpoint_exhausted,
account_guangzhou,9340,verified_local_broadband_guangzhou,guangzhou,0,,reply,6a26c4280000000016025570,0,0,2026-08-25T16:05:26,6a26e3240000000029018db6,complete,endpoint_exhausted,
account_guangzhou,9340,verified_local_broadband_guangzhou,guangzhou,0,,reply,6a26c4280000000016025570,0,0,2026-08-25T16:05:26,6a26d55e000000002803d109,complete,endpoint_exhausted,
account_guangzhou,9340,verified_local_broadband_guangzhou,guangzhou,0,,reply,6a26c4280000000016025570,0,0,2026-08-25T16:05:26,6a26d3d8000000002b00032d,complete,endpoint_exhausted,
account_guangzhou,9340,verified_local_broadband_guangzhou,guangzhou,2,,reply,6a26c4280000000016025570,2,1,2026-08-25T16:05:59,6a26d1f60000000028031a47,complete,endpoint_exhausted,
account_guangzhou,9340,verified_local_broadband_guangzhou,guangzhou,0,,reply,6a26c4280000000016025570,0,0,2026-08-25T16:05:59,6a26d04a0000000028035733,complete,endpoint_exhausted,
account_guangzhou,9340,verified_local_broadband_guangzhou,guangzhou,0,,reply,6a26c4280000000016025570,0,0,2026-08-25T16:05:59,6a26cf2f000000002702ad07,complete,endpoint_exhausted,
account_guangzhou,9340,verified_local_broadband_guangzhou,guangzhou,34,,reply,6a26c4280000000016025570,34,7,2026-08-25T16:07:47,6a2744d9000000002702f4bd,complete,endpoint_exhausted,
account_guangzhou,9340,verified_local_broadband_guangzhou,guangzhou,0,,reply,6a26c4280000000016025570,0,0,2026-08-25T16:07:47,6a2746370000000027028510,complete,endpoint_exhausted,
account_guangzhou,9340,verified_local_broadband_guangzhou,guangzhou,0,,reply,6a26c4280000000016025570,0,0,2026-08-25T16:07:47,6a2cd4250000000029025e0a,complete,endpoint_exhausted,
account_guangzhou,9340,verified_local_broadband_guangzhou,guangzhou,0,,reply,6a26c4280000000016025570,0,0,2026-08-25T16:07:47,6a2c8ed80000000029035d73,complete,endpoint_exhausted,
account_guangzhou,9340,verified_local_broadband_guangzhou,guangzhou,0,,reply,6a26c4280000000016025570,0,0,2026-08-25T16:07:47,6a2c0cdf0000000028008eb4,complete,endpoint_exhausted,
account_guangzhou,9340,verified_local_broadband_guangzhou,guangzhou,0,,reply,6a26c4280000000016025570,0,0,2026-08-25T16:07:47,6a2b6639000000002a030eb4,complete,endpoint_exhausted,
account_guangzhou,9340,verified_local_broadband_guangzhou,guangzhou,0,,reply,6a26c4280000000016025570,0,0,2026-08-25T16:07:47,6a2b512c00000000290108b0,complete,endpoint_exhausted,
account_guangzhou,9340,verified_local_broadband_guangzhou,guangzhou,0,,reply,6a26c4280000000016025570,0,0,2026-08-25T16:08:02,6a2a3e380000000027022a26,complete,endpoint_exhausted,
account_guangzhou,9340,verified_local_broadband_guangzhou,guangzhou,0,,reply,6a26c4280000000016025570,0,0,2026-08-25T16:08:02,6a295d19000000002b003654,complete,endpoint_exhausted,
account_guangzhou,9340,verified_local_broadband_guangzhou,guangzhou,0,,reply,6a26c4280000000016025570,0,0,2026-08-25T16:08:02,6a28af4c000000002900ff77,complete,endpoint_exhausted,
account_guangzhou,9340,verified_local_broadband_guangzhou,guangzhou,0,,reply,6a26c4280000000016025570,0,0,2026-08-25T16:08:02,6a28a95c000000002701f41d,complete,endpoint_exhausted,
account_guangzhou,9340,verified_local_broadband_guangzhou,guangzhou,0,,reply,6a26c4280000000016025570,0,0,2026-08-25T16:08:02,6a2848fb0000000028008994,complete,endpoint_exhausted,
account_guangzhou,9340,verified_local_broadband_guangzhou,guangzhou,0,,reply,6a26c4280000000016025570,0,0,2026-08-25T16:08:02,6a283be3000000002900e3cc,complete,endpoint_exhausted,
account_guangzhou,9340,verified_local_broadband_guangzhou,guangzhou,0,,reply,6a26c4280000000016025570,0,0,2026-08-25T16:08:02,6a2837c60000000029011355,complete,endpoint_exhausted,
account_guangzhou,9340,verified_local_broadband_guangzhou,guangzhou,0,,reply,6a26c4280000000016025570,0,0,2026-08-25T16:08:02,6a282267000000002701ea7b,complete,endpoint_exhausted,
account_guangzhou,9340,verified_local_broadband_guangzhou,guangzhou,0,,reply,6a26c4280000000016025570,0,0,2026-08-25T16:08:02,6a27e134000000002b000c65,complete,endpoint_exhausted,
account_guangzhou,9340,verified_local_broadband_guangzhou,guangzhou,0,,reply,6a26c4280000000016025570,0,0,2026-08-25T16:08:02,6a27d6a3000000002900e2fb,complete,endpoint_exhausted,
account_guangzhou,9340,verified_local_broadband_guangzhou,guangzhou,0,,reply,6a26c4280000000016025570,0,0,2026-08-25T16:08:18,6a27d68e0000000027014692,complete,endpoint_exhausted,
account_guangzhou,9340,verified_local_broadband_guangzhou,guangzhou,0,,reply,6a26c4280000000016025570,0,0,2026-08-25T16:08:18,6a27ca4b0000000027014a1b,complete,endpoint_exhausted,
account_guangzhou,9340,verified_local_broadband_guangzhou,guangzhou,0,,reply,6a26c4280000000016025570,0,0,2026-08-25T16:08:18,6a27bb59000000002902e769,complete,endpoint_exhausted,
account_guangzhou,9340,verified_local_broadband_guangzhou,guangzhou,0,,reply,6a26c4280000000016025570,0,0,2026-08-25T16:08:18,6a27b1990000000027028be5,complete,endpoint_exhausted,
account_guangzhou,9340,verified_local_broadband_guangzhou,guangzhou,0,,reply,6a26c4280000000016025570,0,0,2026-08-25T16:08:18,6a27ad94000000002702c26c,complete,endpoint_exhausted,
account_guangzhou,9340,verified_local_broadband_guangzhou,guangzhou,0,,reply,6a26c4280000000016025570,0,0,2026-08-25T16:08:18,6a27a342000000002b001be0,complete,endpoint_exhausted,
account_guangzhou,9340,verified_local_broadband_guangzhou,guangzhou,0,,reply,6a26c4280000000016025570,0,0,2026-08-25T16:08:18,6a27a0be000000002901be70,complete,endpoint_exhausted,
account_guangzhou,9340,verified_local_broadband_guangzhou,guangzhou,0,,reply,6a26c4280000000016025570,0,0,2026-08-25T16:08:18,6a279d02000000002a02e6b5,complete,endpoint_exhausted,
account_guangzhou,9340,verified_local_broadband_guangzhou,guangzhou,0,,reply,6a26c4280000000016025570,0,0,2026-08-25T16:08:18,6a279a6a0000000028039a8a,complete,endpoint_exhausted,
account_guangzhou,9340,verified_local_broadband_guangzhou,guangzhou,0,,reply,6a26c4280000000016025570,0,0,2026-08-25T16:08:18,6a2798a200000000280362af,complete,endpoint_exhausted,
account_guangzhou,9340,verified_local_broadband_guangzhou,guangzhou,0,,reply,6a26c4280000000016025570,0,0,2026-08-25T16:08:33,6a2796c800000000280096e6,complete,endpoint_exhausted,
account_guangzhou,9340,verified_local_broadband_guangzhou,guangzhou,0,,reply,6a26c4280000000016025570,0,0,2026-08-25T16:08:33,6a279323000000002702f352,complete,endpoint_exhausted,
account_guangzhou,9340,verified_local_broadband_guangzhou,guangzhou,0,,reply,6a26c4280000000016025570,0,0,2026-08-25T16:08:33,6a2790b1000000002800910d,complete,endpoint_exhausted,
account_guangzhou,9340,verified_local_broadband_guangzhou,guangzhou,0,,reply,6a26c4280000000016025570,0,0,2026-08-25T16:08:33,6a278d5a000000002702b639,complete,endpoint_exhausted,
account_guangzhou,9340,verified_local_broadband_guangzhou,guangzhou,0,,reply,6a26c4280000000016025570,0,0,2026-08-25T16:08:33,6a278cb6000000002702e083,complete,endpoint_exhausted,
account_guangzhou,9340,verified_local_broadband_guangzhou,guangzhou,0,,reply,6a26c4280000000016025570,0,0,2026-08-25T16:08:33,6a278c18000000002800b085,complete,endpoint_exhausted,
account_guangzhou,9340,verified_local_broadband_guangzhou,guangzhou,0,,reply,6a26c4280000000016025570,0,0,2026-08-25T16:08:33,6a278229000000002702fe51,complete,endpoint_exhausted,
account_guangzhou,9340,verified_local_broadband_guangzhou,guangzhou,0,,reply,6a26c4280000000016025570,0,0,2026-08-25T16:08:33,6a27797c000000002702c192,complete,endpoint_exhausted,
account_guangzhou,9340,verified_local_broadband_guangzhou,guangzhou,0,,reply,6a26c4280000000016025570,0,0,2026-08-25T16:08:33,6a2777d2000000002702ef8f,complete,endpoint_exhausted,
account_guangzhou,9340,verified_local_broadband_guangzhou,guangzhou,0,,reply,6a26c4280000000016025570,0,0,2026-08-25T16:08:33,6a276cce00000000290268d0,complete,endpoint_exhausted,
account_guangzhou,9340,verified_local_broadband_guangzhou,guangzhou,0,,reply,6a26c4280000000016025570,0,0,2026-08-25T16:08:49,6a276ae0000000002701770e,complete,endpoint_exhausted,
account_guangzhou,9340,verified_local_broadband_guangzhou,guangzhou,0,,reply,6a26c4280000000016025570,0,0,2026-08-25T16:08:49,6a27694e00000000270171f9,complete,endpoint_exhausted,
account_guangzhou,9340,verified_local_broadband_guangzhou,guangzhou,0,,reply,6a26c4280000000016025570,0,0,2026-08-25T16:08:49,6a27675a0000000027020def,complete,endpoint_exhausted,
account_guangzhou,9340,verified_local_broadband_guangzhou,guangzhou,0,,reply,6a26c4280000000016025570,0,0,2026-08-25T16:08:49,6a27670e00000000280341ed,complete,endpoint_exhausted,
account_guangzhou,9340,verified_local_broadband_guangzhou,guangzhou,0,,reply,6a26c4280000000016025570,0,0,2026-08-25T16:08:49,6a2763fd0000000029035152,complete,endpoint_exhausted,
account_guangzhou,9340,verified_local_broadband_guangzhou,guangzhou,0,,reply,6a26c4280000000016025570,0,0,2026-08-25T16:08:49,6a276156000000002803e45f,complete,endpoint_exhausted,
account_guangzhou,9340,verified_local_broadband_guangzhou,guangzhou,0,,reply,6a26c4280000000016025570,0,0,2026-08-25T16:08:49,6a275e80000000002a02c5bd,complete,endpoint_exhausted,
account_guangzhou,9340,verified_local_broadband_guangzhou,guangzhou,0,,reply,6a26c4280000000016025570,0,0,2026-08-25T16:08:49,6a275e1a00000000290255dc,complete,endpoint_exhausted,
account_guangzhou,9340,verified_local_broadband_guangzhou,guangzhou,0,,reply,6a26c4280000000016025570,0,0,2026-08-25T16:08:49,6a275d080000000028008b56,complete,endpoint_exhausted,
account_guangzhou,9340,verified_local_broadband_guangzhou,guangzhou,0,,reply,6a26c4280000000016025570,0,0,2026-08-25T16:08:49,6a275cfa000000002902f96a,complete,endpoint_exhausted,
account_guangzhou,9340,verified_local_broadband_guangzhou,guangzhou,0,,reply,6a26c4280000000016025570,0,0,2026-08-25T16:09:04,6a275a56000000002803c960,complete,endpoint_exhausted,
account_guangzhou,9340,verified_local_broadband_guangzhou,guangzhou,0,,reply,6a26c4280000000016025570,0,0,2026-08-25T16:09:04,6a27591b000000002a006763,complete,endpoint_exhausted,
account_guangzhou,9340,verified_local_broadband_guangzhou,guangzhou,0,,reply,6a26c4280000000016025570,0,0,2026-08-25T16:09:04,6a2758a000000000280386cd,complete,endpoint_exhausted,
account_guangzhou,9340,verified_local_broadband_guangzhou,guangzhou,5,,reply,6a26c4280000000016025570,5,1,2026-08-25T16:09:19,6a26e9d4000000002a007e59,complete,endpoint_exhausted,
account_guangzhou,9340,verified_local_broadband_guangzhou,guangzhou,0,,reply,6a26c4280000000016025570,0,0,2026-08-25T16:09:19,6a2cdc9600000000280097d3,complete,endpoint_exhausted,
account_guangzhou,9340,verified_local_broadband_guangzhou,guangzhou,0,,reply,6a26c4280000000016025570,0,0,2026-08-25T16:09:19,6a29328e000000002701d0ad,complete,endpoint_exhausted,
account_guangzhou,9340,verified_local_broadband_guangzhou,guangzhou,0,,reply,6a26c4280000000016025570,0,0,2026-08-25T16:09:19,6a29176500000000290136c0,complete,endpoint_exhausted,
account_guangzhou,9340,verified_local_broadband_guangzhou,guangzhou,0,,reply,6a26c4280000000016025570,0,0,2026-08-25T16:09:19,6a27de560000000029035c5d,complete,endpoint_exhausted,
account_guangzhou,9340,verified_local_broadband_guangzhou,guangzhou,0,,reply,6a26c4280000000016025570,0,0,2026-08-25T16:09:19,6a27bb860000000028034c39,complete,endpoint_exhausted,
account_guangzhou,9340,verified_local_broadband_guangzhou,guangzhou,0,,reply,6a26c4280000000016025570,0,0,2026-08-25T16:09:19,6a27a12c0000000028009dfb,complete,endpoint_exhausted,
account_guangzhou,9340,verified_local_broadband_guangzhou,guangzhou,0,,reply,6a26c4280000000016025570,0,0,2026-08-25T16:09:35,6a27983f000000002701dbea,complete,endpoint_exhausted,
account_guangzhou,9340,verified_local_broadband_guangzhou,guangzhou,0,,reply,6a26c4280000000016025570,0,0,2026-08-25T16:09:35,6a276e04000000002b024e9c,complete,endpoint_exhausted,
account_guangzhou,9340,verified_local_broadband_guangzhou,guangzhou,0,,reply,6a26c4280000000016025570,0,0,2026-08-25T16:09:35,6a275a27000000002a02e21a,complete,endpoint_exhausted,
account_guangzhou,9340,verified_local_broadband_guangzhou,guangzhou,0,,reply,6a26c4280000000016025570,0,0,2026-08-25T16:09:35,6a2758d7000000002b02a2c2,complete,endpoint_exhausted,
account_guangzhou,9340,verified_local_broadband_guangzhou,guangzhou,0,,reply,6a26c4280000000016025570,0,0,2026-08-25T16:09:35,6a2755a3000000002902eb3d,complete,endpoint_exhausted,
account_guangzhou,9340,verified_local_broadband_guangzhou,guangzhou,0,,reply,6a26c4280000000016025570,0,0,2026-08-25T16:09:35,6a26fa4c0000000029018d15,complete,endpoint_exhausted,
account_guangzhou,9340,verified_local_broadband_guangzhou,guangzhou,,,top_level,6a26c4280000000016025570,276,28,2026-08-25T16:09:35,,complete,endpoint_exhausted,True
account_guangzhou,9340,verified_local_broadband_guangzhou,guangzhou,2,,reply,6a24b7fe000000003501f0bf,2,1,2026-08-25T17:01:40,6a24ca330000000027016cc7,complete,endpoint_exhausted,
account_guangzhou,9340,verified_local_broadband_guangzhou,guangzhou,1,,reply,6a24b7fe000000003501f0bf,1,0,2026-08-25T17:01:40,6a24c527000000002b002636,complete,endpoint_exhausted,
account_guangzhou,9340,verified_local_broadband_guangzhou,guangzhou,1,,reply,6a24b7fe000000003501f0bf,1,0,2026-08-25T17:01:40,6a2511a90000000028030110,complete,endpoint_exhausted,
account_guangzhou,9340,verified_local_broadband_guangzhou,guangzhou,1,,reply,6a24b7fe000000003501f0bf,1,0,2026-08-25T17:01:40,6a24dc59000000002902c547,complete,endpoint_exhausted,
account_guangzhou,9340,verified_local_broadband_guangzhou,guangzhou,3,,reply,6a24b7fe000000003501f0bf,3,1,2026-08-25T17:01:55,6a24db3b0000000029010df1,complete,endpoint_exhausted,
account_guangzhou,9340,verified_local_broadband_guangzhou,guangzhou,0,,reply,6a24b7fe000000003501f0bf,0,0,2026-08-25T17:01:55,6a24cd9c0000000027028d17,complete,endpoint_exhausted,
account_guangzhou,9340,verified_local_broadband_guangzhou,guangzhou,0,,reply,6a24b7fe000000003501f0bf,0,0,2026-08-25T17:01:55,6a24e2fc00000000280310cc,complete,endpoint_exhausted,
account_guangzhou,9340,verified_local_broadband_guangzhou,guangzhou,1,,reply,6a24b7fe000000003501f0bf,1,0,2026-08-25T17:01:55,6a24bb4e000000002803824e,complete,endpoint_exhausted,
account_guangzhou,9340,verified_local_broadband_guangzhou,guangzhou,0,,reply,6a24b7fe000000003501f0bf,0,0,2026-08-25T17:01:55,6a24c820000000002701f5d4,complete,endpoint_exhausted,
account_guangzhou,9340,verified_local_broadband_guangzhou,guangzhou,0,,reply,6a24b7fe000000003501f0bf,0,0,2026-08-25T17:01:55,6a24ff34000000002a027f7a,complete,endpoint_exhausted,
account_guangzhou,9340,verified_local_broadband_guangzhou,guangzhou,0,,reply,6a24b7fe000000003501f0bf,0,0,2026-08-25T17:02:11,6a24dc5a000000002a032cbc,complete,endpoint_exhausted,
account_guangzhou,9340,verified_local_broadband_guangzhou,guangzhou,0,,reply,6a24b7fe000000003501f0bf,0,0,2026-08-25T17:02:11,6a24dc02000000002702a9fb,complete,endpoint_exhausted,
account_guangzhou,9340,verified_local_broadband_guangzhou,guangzhou,0,,reply,6a24b7fe000000003501f0bf,0,0,2026-08-25T17:02:11,6a2532b1000000002b0024e0,complete,endpoint_exhausted,
account_guangzhou,9340,verified_local_broadband_guangzhou,guangzhou,0,,reply,6a24b7fe000000003501f0bf,0,0,2026-08-25T17:02:11,6a25169e000000002900f1a1,complete,endpoint_exhausted,
account_guangzhou,9340,verified_local_broadband_guangzhou,guangzhou,0,,reply,6a24b7fe000000003501f0bf,0,0,2026-08-25T17:02:11,6a24dc1e000000002702b005,complete,endpoint_exhausted,
account_guangzhou,9340,verified_local_broadband_guangzhou,guangzhou,0,,reply,6a24b7fe000000003501f0bf,0,0,2026-08-25T17:02:11,6a24fba90000000027028163,complete,endpoint_exhausted,
account_guangzhou,9340,verified_local_broadband_guangzhou,guangzhou,0,,reply,6a24b7fe000000003501f0bf,0,0,2026-08-25T17:02:11,6a24c00f000000002a005c29,complete,endpoint_exhausted,
account_guangzhou,9340,verified_local_broadband_guangzhou,guangzhou,0,,reply,6a24b7fe000000003501f0bf,0,0,2026-08-25T17:02:11,6a2567b5000000002b00213d,complete,endpoint_exhausted,
account_guangzhou,9340,verified_local_broadband_guangzhou,guangzhou,,,top_level,6a24b7fe000000003501f0bf,18,2,2026-08-25T17:02:11,,complete,endpoint_exhausted,True
account_guangzhou,9340,verified_local_broadband_guangzhou,guangzhou,0,,reply,6a256a8c0000000007020a69,0,0,2026-08-25T17:08:02,6a83ed700000000002036995,complete,endpoint_exhausted,
account_guangzhou,9340,verified_local_broadband_guangzhou,guangzhou,,,top_level,6a256a8c0000000007020a69,1,1,2026-08-25T17:08:02,,complete,endpoint_exhausted,True
account_guangzhou,9340,verified_local_broadband_guangzhou,guangzhou,39,,reply,6a24f0640000000007028111,39,8,2026-08-25T17:15:54,6a250502000000002902f123,complete,endpoint_exhausted,
account_guangzhou,9340,verified_local_broadband_guangzhou,guangzhou,13,,reply,6a24f0640000000007028111,13,3,2026-08-25T17:16:40,6a25148e000000002901bc59,complete,endpoint_exhausted,
account_guangzhou,9340,verified_local_broadband_guangzhou,guangzhou,1,,reply,6a24f0640000000007028111,1,0,2026-08-25T17:16:40,6a25a116000000002b025856,complete,endpoint_exhausted,
account_guangzhou,9340,verified_local_broadband_guangzhou,guangzhou,8,,reply,6a24f0640000000007028111,8,2,2026-08-25T17:17:11,6a250a46000000002900cd6e,complete,endpoint_exhausted,
account_guangzhou,9340,verified_local_broadband_guangzhou,guangzhou,7,,reply,6a24f0640000000007028111,7,2,2026-08-25T17:17:42,6a2511270000000029010684,complete,endpoint_exhausted,
account_guangzhou,9340,verified_local_broadband_guangzhou,guangzhou,11,,reply,6a24f0640000000007028111,11,2,2026-08-25T17:18:12,6a2578400000000029019468,complete,endpoint_exhausted,
account_guangzhou,9340,verified_local_broadband_guangzhou,guangzhou,8,,reply,6a24f0640000000007028111,8,2,2026-08-25T17:18:43,6a252671000000002a031a49,complete,endpoint_exhausted,
account_guangzhou,9340,verified_local_broadband_guangzhou,guangzhou,5,,reply,6a24f0640000000007028111,5,1,2026-08-25T17:18:59,6a251b4b000000002900ff88,complete,endpoint_exhausted,
account_guangzhou,9340,verified_local_broadband_guangzhou,guangzhou,10,,reply,6a24f0640000000007028111,10,2,2026-08-25T17:19:29,6a2518ad000000002b025e24,complete,endpoint_exhausted,
account_guangzhou,9340,verified_local_broadband_guangzhou,guangzhou,3,,reply,6a24f0640000000007028111,3,1,2026-08-25T17:19:44,6a2556800000000028009fab,complete,endpoint_exhausted,
account_guangzhou,9340,verified_local_broadband_guangzhou,guangzhou,1,,reply,6a24f0640000000007028111,1,0,2026-08-25T17:20:00,6a251b69000000002701deb6,complete,endpoint_exhausted,
account_guangzhou,9340,verified_local_broadband_guangzhou,guangzhou,4,,reply,6a24f0640000000007028111,4,1,2026-08-25T17:20:15,6a25009b000000002701c1b9,complete,endpoint_exhausted,
account_guangzhou,9340,verified_local_broadband_guangzhou,guangzhou,2,,reply,6a24f0640000000007028111,2,1,2026-08-25T17:20:30,6a25254b000000002a0245c8,complete,endpoint_exhausted,
account_guangzhou,9340,verified_local_broadband_guangzhou,guangzhou,1,,reply,6a24f0640000000007028111,1,0,2026-08-25T17:20:30,6a2547c3000000002902e71c,complete,endpoint_exhausted,
account_guangzhou,9340,verified_local_broadband_guangzhou,guangzhou,0,,reply,6a24f0640000000007028111,0,0,2026-08-25T17:20:30,6a2548cc00000000280088e0,complete,endpoint_exhausted,
account_guangzhou,9340,verified_local_broadband_guangzhou,guangzhou,0,,reply,6a24f0640000000007028111,0,0,2026-08-25T17:20:30,6a250758000000002803e006,complete,endpoint_exhausted,
account_guangzhou,9340,verified_local_broadband_guangzhou,guangzhou,0,,reply,6a24f0640000000007028111,0,0,2026-08-25T17:20:30,6a251efb0000000029037e9f,complete,endpoint_exhausted,
account_guangzhou,9340,verified_local_broadband_guangzhou,guangzhou,0,,reply,6a24f0640000000007028111,0,0,2026-08-25T17:20:30,6a252ff7000000002701686c,complete,endpoint_exhausted,
account_guangzhou,9340,verified_local_broadband_guangzhou,guangzhou,0,,reply,6a24f0640000000007028111,0,0,2026-08-25T17:20:30,6a25173b0000000027014472,complete,endpoint_exhausted,
account_guangzhou,9340,verified_local_broadband_guangzhou,guangzhou,1,,reply,6a24f0640000000007028111,1,0,2026-08-25T17:20:30,6a25342400000000290100e5,complete,endpoint_exhausted,
account_guangzhou,9340,verified_local_broadband_guangzhou,guangzhou,1,,reply,6a24f0640000000007028111,1,0,2026-08-25T17:20:46,6a2611d5000000002803a6eb,complete,endpoint_exhausted,
account_guangzhou,9340,verified_local_broadband_guangzhou,guangzhou,0,,reply,6a24f0640000000007028111,0,0,2026-08-25T17:20:46,6a251a9d0000000027028fb2,complete,endpoint_exhausted,
account_guangzhou,9340,verified_local_broadband_guangzhou,guangzhou,0,,reply,6a24f0640000000007028111,0,0,2026-08-25T17:20:46,6a254f76000000002803cb56,complete,endpoint_exhausted,
account_guangzhou,9340,verified_local_broadband_guangzhou,guangzhou,0,,reply,6a24f0640000000007028111,0,0,2026-08-25T17:20:46,6a2569ec000000002b027684,complete,endpoint_exhausted,
account_guangzhou,9340,verified_local_broadband_guangzhou,guangzhou,0,,reply,6a24f0640000000007028111,0,0,2026-08-25T17:20:46,6a251b09000000002902ee91,complete,endpoint_exhausted,
account_guangzhou,9340,verified_local_broadband_guangzhou,guangzhou,0,,reply,6a24f0640000000007028111,0,0,2026-08-25T17:20:46,6a2545020000000028032eaa,complete,endpoint_exhausted,
account_guangzhou,9340,verified_local_broadband_guangzhou,guangzhou,0,,reply,6a24f0640000000007028111,0,0,2026-08-25T17:20:46,6a257e7a000000002803a21b,complete,endpoint_exhausted,
account_guangzhou,9340,verified_local_broadband_guangzhou,guangzhou,0,,reply,6a24f0640000000007028111,0,0,2026-08-25T17:20:46,6a250921000000002803c471,complete,endpoint_exhausted,
account_guangzhou,9340,verified_local_broadband_guangzhou,guangzhou,0,,reply,6a24f0640000000007028111,0,0,2026-08-25T17:20:46,6a254e8e000000002b003fa1,complete,endpoint_exhausted,
account_guangzhou,9340,verified_local_broadband_guangzhou,guangzhou,0,,reply,6a24f0640000000007028111,0,0,2026-08-25T17:20:46,6a2528e20000000027029f8c,complete,endpoint_exhausted,
account_guangzhou,9340,verified_local_broadband_guangzhou,guangzhou,0,,reply,6a24f0640000000007028111,0,0,2026-08-25T17:21:01,6a253d9a000000002803a4b7,complete,endpoint_exhausted,
account_guangzhou,9340,verified_local_broadband_guangzhou,guangzhou,0,,reply,6a24f0640000000007028111,0,0,2026-08-25T17:21:01,6a2624c1000000002900f56e,complete,endpoint_exhausted,
account_guangzhou,9340,verified_local_broadband_guangzhou,guangzhou,0,,reply,6a24f0640000000007028111,0,0,2026-08-25T17:21:01,6a27d9fa000000002803e63e,complete,endpoint_exhausted,
account_guangzhou,9340,verified_local_broadband_guangzhou,guangzhou,0,,reply,6a24f0640000000007028111,0,0,2026-08-25T17:21:01,6a255be8000000002900e33b,complete,endpoint_exhausted,
account_guangzhou,9340,verified_local_broadband_guangzhou,guangzhou,0,,reply,6a24f0640000000007028111,0,0,2026-08-25T17:21:01,6a2598c6000000002902594f,complete,endpoint_exhausted,
account_guangzhou,9340,verified_local_broadband_guangzhou,guangzhou,0,,reply,6a24f0640000000007028111,0,0,2026-08-25T17:21:01,6a252779000000002a0269fb,complete,endpoint_exhausted,
account_guangzhou,9340,verified_local_broadband_guangzhou,guangzhou,0,,reply,6a24f0640000000007028111,0,0,2026-08-25T17:21:01,6a2638b4000000002803dd9a,complete,endpoint_exhausted,
account_guangzhou,9340,verified_local_broadband_guangzhou,guangzhou,0,,reply,6a24f0640000000007028111,0,0,2026-08-25T17:21:01,6a25502a0000000029011e4e,complete,endpoint_exhausted,
account_guangzhou,9340,verified_local_broadband_guangzhou,guangzhou,0,,reply,6a24f0640000000007028111,0,0,2026-08-25T17:21:01,6a2525ed000000002803dce4,complete,endpoint_exhausted,
account_guangzhou,9340,verified_local_broadband_guangzhou,guangzhou,0,,reply,6a24f0640000000007028111,0,0,2026-08-25T17:21:01,6a25f7b1000000002901be68,complete,endpoint_exhausted,
account_guangzhou,9340,verified_local_broadband_guangzhou,guangzhou,0,,reply,6a24f0640000000007028111,0,0,2026-08-25T17:21:17,6a250cfa0000000027022fe2,complete,endpoint_exhausted,
account_guangzhou,9340,verified_local_broadband_guangzhou,guangzhou,0,,reply,6a24f0640000000007028111,0,0,2026-08-25T17:21:17,6a25668f000000002800bfa3,complete,endpoint_exhausted,
account_guangzhou,9340,verified_local_broadband_guangzhou,guangzhou,0,,reply,6a24f0640000000007028111,0,0,2026-08-25T17:21:17,6a256d9b000000002702c120,complete,endpoint_exhausted,
account_guangzhou,9340,verified_local_broadband_guangzhou,guangzhou,0,,reply,6a24f0640000000007028111,0,0,2026-08-25T17:21:17,6a2562fb00000000270285ea,complete,endpoint_exhausted,
account_guangzhou,9340,verified_local_broadband_guangzhou,guangzhou,0,,reply,6a24f0640000000007028111,0,0,2026-08-25T17:21:17,6a28e466000000002800bccf,complete,endpoint_exhausted,
account_guangzhou,9340,verified_local_broadband_guangzhou,guangzhou,0,,reply,6a24f0640000000007028111,0,0,2026-08-25T17:21:17,6a2526cf0000000029018c08,complete,endpoint_exhausted,
account_guangzhou,9340,verified_local_broadband_guangzhou,guangzhou,0,,reply,6a24f0640000000007028111,0,0,2026-08-25T17:21:17,6a256a86000000002702bbf9,complete,endpoint_exhausted,
account_guangzhou,9340,verified_local_broadband_guangzhou,guangzhou,0,,reply,6a24f0640000000007028111,0,0,2026-08-25T17:21:17,6a2595f20000000027021ec5,complete,endpoint_exhausted,
account_guangzhou,9340,verified_local_broadband_guangzhou,guangzhou,0,,reply,6a24f0640000000007028111,0,0,2026-08-25T17:21:17,6a254ebf00000000270211dc,complete,endpoint_exhausted,
account_guangzhou,9340,verified_local_broadband_guangzhou,guangzhou,0,,reply,6a24f0640000000007028111,0,0,2026-08-25T17:21:17,6a256df70000000027020e1c,complete,endpoint_exhausted,
account_guangzhou,9340,verified_local_broadband_guangzhou,guangzhou,0,,reply,6a24f0640000000007028111,0,0,2026-08-25T17:21:32,6a263989000000002901888d,complete,endpoint_exhausted,
account_guangzhou,9340,verified_local_broadband_guangzhou,guangzhou,0,,reply,6a24f0640000000007028111,0,0,2026-08-25T17:21:32,6a252d0d000000002b002b12,complete,endpoint_exhausted,
account_guangzhou,9340,verified_local_broadband_guangzhou,guangzhou,0,,reply,6a24f0640000000007028111,0,0,2026-08-25T17:21:32,6a252523000000002701c168,complete,endpoint_exhausted,
account_guangzhou,9340,verified_local_broadband_guangzhou,guangzhou,0,,reply,6a24f0640000000007028111,0,0,2026-08-25T17:21:32,6a252fd7000000002702be8d,complete,endpoint_exhausted,
account_guangzhou,9340,verified_local_broadband_guangzhou,guangzhou,0,,reply,6a24f0640000000007028111,0,0,2026-08-25T17:21:32,6a25966000000000280098c4,complete,endpoint_exhausted,
account_guangzhou,9340,verified_local_broadband_guangzhou,guangzhou,0,,reply,6a24f0640000000007028111,0,0,2026-08-25T17:21:32,6a260e3f000000002901a980,complete,endpoint_exhausted,
account_guangzhou,9340,verified_local_broadband_guangzhou,guangzhou,0,,reply,6a24f0640000000007028111,0,0,2026-08-25T17:21:32,6a251b8b000000002702d421,complete,endpoint_exhausted,
account_guangzhou,9340,verified_local_broadband_guangzhou,guangzhou,0,,reply,6a24f0640000000007028111,0,0,2026-08-25T17:21:32,6a2690da0000000028035b2b,complete,endpoint_exhausted,
account_guangzhou,9340,verified_local_broadband_guangzhou,guangzhou,0,,reply,6a24f0640000000007028111,0,0,2026-08-25T17:21:32,6a2674700000000027029eb7,complete,endpoint_exhausted,
account_guangzhou,9340,verified_local_broadband_guangzhou,guangzhou,2,,reply,6a24f0640000000007028111,2,1,2026-08-25T17:21:47,6a251a210000000027021f83,complete,endpoint_exhausted,
account_guangzhou,9340,verified_local_broadband_guangzhou,guangzhou,0,,reply,6a24f0640000000007028111,0,0,2026-08-25T17:22:03,6a25334f0000000028038d3c,complete,endpoint_exhausted,
account_guangzhou,9340,verified_local_broadband_guangzhou,guangzhou,0,,reply,6a24f0640000000007028111,0,0,2026-08-25T17:22:03,6a24fa8d000000002803b2bd,complete,endpoint_exhausted,
account_guangzhou,9340,verified_local_broadband_guangzhou,guangzhou,0,,reply,6a24f0640000000007028111,0,0,2026-08-25T17:22:03,6a254fed000000002b025d14,complete,endpoint_exhausted,
account_guangzhou,9340,verified_local_broadband_guangzhou,guangzhou,0,,reply,6a24f0640000000007028111,0,0,2026-08-25T17:22:03,6a2565f20000000029012023,complete,endpoint_exhausted,
account_guangzhou,9340,verified_local_broadband_guangzhou,guangzhou,0,,reply,6a24f0640000000007028111,0,0,2026-08-25T17:22:03,6a254a83000000002a032cd1,complete,endpoint_exhausted,
account_guangzhou,9340,verified_local_broadband_guangzhou,guangzhou,0,,reply,6a24f0640000000007028111,0,0,2026-08-25T17:22:03,6a254974000000002701d118,complete,endpoint_exhausted,
account_guangzhou,9340,verified_local_broadband_guangzhou,guangzhou,0,,reply,6a24f0640000000007028111,0,0,2026-08-25T17:22:03,6a2543e4000000002a02f758,complete,endpoint_exhausted,
account_guangzhou,9340,verified_local_broadband_guangzhou,guangzhou,0,,reply,6a24f0640000000007028111,0,0,2026-08-25T17:22:03,6a2542b4000000002701e1e7,complete,endpoint_exhausted,
account_guangzhou,9340,verified_local_broadband_guangzhou,guangzhou,0,,reply,6a24f0640000000007028111,0,0,2026-08-25T17:22:03,6a253e9a000000002702ddd9,complete,endpoint_exhausted,
account_guangzhou,9340,verified_local_broadband_guangzhou,guangzhou,0,,reply,6a24f0640000000007028111,0,0,2026-08-25T17:22:03,6a253c3c000000002a006708,complete,endpoint_exhausted,
account_guangzhou,9340,verified_local_broadband_guangzhou,guangzhou,0,,reply,6a24f0640000000007028111,0,0,2026-08-25T17:22:18,6a253bc8000000002702eb95,complete,endpoint_exhausted,
account_guangzhou,9340,verified_local_broadband_guangzhou,guangzhou,0,,reply,6a24f0640000000007028111,0,0,2026-08-25T17:22:18,6a253bc000000000280377bf,complete,endpoint_exhausted,
account_guangzhou,9340,verified_local_broadband_guangzhou,guangzhou,0,,reply,6a24f0640000000007028111,0,0,2026-08-25T17:22:18,6a2539f5000000002901a894,complete,endpoint_exhausted,
account_guangzhou,9340,verified_local_broadband_guangzhou,guangzhou,0,,reply,6a24f0640000000007028111,0,0,2026-08-25T17:22:18,6a25374800000000290139ee,complete,endpoint_exhausted,
account_guangzhou,9340,verified_local_broadband_guangzhou,guangzhou,0,,reply,6a24f0640000000007028111,0,0,2026-08-25T17:22:18,6a2535d400000000280308ce,complete,endpoint_exhausted,
account_guangzhou,9340,verified_local_broadband_guangzhou,guangzhou,0,,reply,6a24f0640000000007028111,0,0,2026-08-25T17:22:18,6a2535cf000000002b0036b6,complete,endpoint_exhausted,
account_guangzhou,9340,verified_local_broadband_guangzhou,guangzhou,0,,reply,6a24f0640000000007028111,0,0,2026-08-25T17:22:18,6a253199000000002b029c2f,complete,endpoint_exhausted,
account_guangzhou,9340,verified_local_broadband_guangzhou,guangzhou,0,,reply,6a24f0640000000007028111,0,0,2026-08-25T17:22:18,6a253115000000002902e9c1,complete,endpoint_exhausted,
account_guangzhou,9340,verified_local_broadband_guangzhou,guangzhou,0,,reply,6a24f0640000000007028111,0,0,2026-08-25T17:22:18,6a253113000000002a025209,complete,endpoint_exhausted,
account_guangzhou,9340,verified_local_broadband_guangzhou,guangzhou,0,,reply,6a24f0640000000007028111,0,0,2026-08-25T17:22:18,6a253009000000002a02e8f6,complete,endpoint_exhausted,
account_guangzhou,9340,verified_local_broadband_guangzhou,guangzhou,0,,reply,6a24f0640000000007028111,0,0,2026-08-25T17:22:34,6a252f74000000002b02bd6a,complete,endpoint_exhausted,
account_guangzhou,9340,verified_local_broadband_guangzhou,guangzhou,0,,reply,6a24f0640000000007028111,0,0,2026-08-25T17:22:34,6a252d0c00000000280085e0,complete,endpoint_exhausted,
account_guangzhou,9340,verified_local_broadband_guangzhou,guangzhou,0,,reply,6a24f0640000000007028111,0,0,2026-08-25T17:22:34,6a252cf30000000029019376,complete,endpoint_exhausted,
account_guangzhou,9340,verified_local_broadband_guangzhou,guangzhou,0,,reply,6a24f0640000000007028111,0,0,2026-08-25T17:22:34,6a252c7a0000000028037c57,complete,endpoint_exhausted,
account_guangzhou,9340,verified_local_broadband_guangzhou,guangzhou,0,,reply,6a24f0640000000007028111,0,0,2026-08-25T17:22:34,6a252398000000002a02cbf5,complete,endpoint_exhausted,
account_guangzhou,9340,verified_local_broadband_guangzhou,guangzhou,0,,reply,6a24f0640000000007028111,0,0,2026-08-25T17:22:34,6a25221c0000000027028683,complete,endpoint_exhausted,
account_guangzhou,9340,verified_local_broadband_guangzhou,guangzhou,0,,reply,6a24f0640000000007028111,0,0,2026-08-25T17:22:34,6a251d06000000002803214c,complete,endpoint_exhausted,
account_guangzhou,9340,verified_local_broadband_guangzhou,guangzhou,0,,reply,6a24f0640000000007028111,0,0,2026-08-25T17:22:34,6a251b0a000000002a032ee1,complete,endpoint_exhausted,
account_guangzhou,9340,verified_local_broadband_guangzhou,guangzhou,0,,reply,6a24f0640000000007028111,0,0,2026-08-25T17:22:34,6a2518a1000000002803ce54,complete,endpoint_exhausted,
account_guangzhou,9340,verified_local_broadband_guangzhou,guangzhou,0,,reply,6a24f0640000000007028111,0,0,2026-08-25T17:22:34,6a2517df000000002803e134,complete,endpoint_exhausted,
account_guangzhou,9340,verified_local_broadband_guangzhou,guangzhou,0,,reply,6a24f0640000000007028111,0,0,2026-08-25T17:22:49,6a25171c000000002b026243,complete,endpoint_exhausted,
account_guangzhou,9340,verified_local_broadband_guangzhou,guangzhou,0,,reply,6a24f0640000000007028111,0,0,2026-08-25T17:22:49,6a2516ad00000000270162f3,complete,endpoint_exhausted,
account_guangzhou,9340,verified_local_broadband_guangzhou,guangzhou,0,,reply,6a24f0640000000007028111,0,0,2026-08-25T17:22:49,6a25167f000000002702ddfa,complete,endpoint_exhausted,
account_guangzhou,9340,verified_local_broadband_guangzhou,guangzhou,0,,reply,6a24f0640000000007028111,0,0,2026-08-25T17:22:49,6a251494000000002803881d,complete,endpoint_exhausted,
account_guangzhou,9340,verified_local_broadband_guangzhou,guangzhou,0,,reply,6a24f0640000000007028111,0,0,2026-08-25T17:22:49,6a250db5000000002702a55d,complete,endpoint_exhausted,
account_guangzhou,9340,verified_local_broadband_guangzhou,guangzhou,0,,reply,6a24f0640000000007028111,0,0,2026-08-25T17:22:49,6a250ba300000000270220fc,complete,endpoint_exhausted,
account_guangzhou,9340,verified_local_broadband_guangzhou,guangzhou,0,,reply,6a24f0640000000007028111,0,0,2026-08-25T17:22:49,6a250b18000000002900ff0b,complete,endpoint_exhausted,
account_guangzhou,9340,verified_local_broadband_guangzhou,guangzhou,0,,reply,6a24f0640000000007028111,0,0,2026-08-25T17:22:49,6a2509d0000000002702ee43,complete,endpoint_exhausted,
account_guangzhou,9340,verified_local_broadband_guangzhou,guangzhou,0,,reply,6a24f0640000000007028111,0,0,2026-08-25T17:22:49,6a25097a0000000028035a9f,complete,endpoint_exhausted,
account_guangzhou,9340,verified_local_broadband_guangzhou,guangzhou,0,,reply,6a24f0640000000007028111,0,0,2026-08-25T17:22:49,6a2508f4000000002701e052,complete,endpoint_exhausted,
account_guangzhou,9340,verified_local_broadband_guangzhou,guangzhou,0,,reply,6a24f0640000000007028111,0,0,2026-08-25T17:23:04,6a250845000000002702d328,complete,endpoint_exhausted,
account_guangzhou,9340,verified_local_broadband_guangzhou,guangzhou,0,,reply,6a24f0640000000007028111,0,0,2026-08-25T17:23:04,6a25061c00000000280384d5,complete,endpoint_exhausted,
account_guangzhou,9340,verified_local_broadband_guangzhou,guangzhou,2,,reply,6a24f0640000000007028111,2,1,2026-08-25T17:23:20,6a2522a5000000002803215a,complete,endpoint_exhausted,
account_guangzhou,9340,verified_local_broadband_guangzhou,guangzhou,0,,reply,6a24f0640000000007028111,0,0,2026-08-25T17:23:20,6a26ac330000000029013f27,complete,endpoint_exhausted,
account_guangzhou,9340,verified_local_broadband_guangzhou,guangzhou,0,,reply,6a24f0640000000007028111,0,0,2026-08-25T17:23:20,6a261a17000000002a02e3b5,complete,endpoint_exhausted,
account_guangzhou,9340,verified_local_broadband_guangzhou,guangzhou,0,,reply,6a24f0640000000007028111,0,0,2026-08-25T17:23:20,6a25943f00000000290243e1,complete,endpoint_exhausted,
account_guangzhou,9340,verified_local_broadband_guangzhou,guangzhou,0,,reply,6a24f0640000000007028111,0,0,2026-08-25T17:23:20,6a256871000000002702de9e,complete,endpoint_exhausted,
account_guangzhou,9340,verified_local_broadband_guangzhou,guangzhou,0,,reply,6a24f0640000000007028111,0,0,2026-08-25T17:23:20,6a25508c00000000290267fa,complete,endpoint_exhausted,
account_guangzhou,9340,verified_local_broadband_guangzhou,guangzhou,0,,reply,6a24f0640000000007028111,0,0,2026-08-25T17:23:20,6a255023000000002701512a,complete,endpoint_exhausted,
account_guangzhou,9340,verified_local_broadband_guangzhou,guangzhou,0,,reply,6a24f0640000000007028111,0,0,2026-08-25T17:23:20,6a254828000000002800a234,complete,endpoint_exhausted,
account_guangzhou,9340,verified_local_broadband_guangzhou,guangzhou,0,,reply,6a24f0640000000007028111,0,0,2026-08-25T17:23:35,6a2546340000000028036008,complete,endpoint_exhausted,
account_guangzhou,9340,verified_local_broadband_guangzhou,guangzhou,0,,reply,6a24f0640000000007028111,0,0,2026-08-25T17:23:35,6a2545af0000000029027741,complete,endpoint_exhausted,
account_guangzhou,9340,verified_local_broadband_guangzhou,guangzhou,0,,reply,6a24f0640000000007028111,0,0,2026-08-25T17:23:35,6a254459000000002800bc09,complete,endpoint_exhausted,
account_guangzhou,9340,verified_local_broadband_guangzhou,guangzhou,0,,reply,6a24f0640000000007028111,0,0,2026-08-25T17:23:35,6a252db6000000002b02a448,complete,endpoint_exhausted,
account_guangzhou,9340,verified_local_broadband_guangzhou,guangzhou,0,,reply,6a24f0640000000007028111,0,0,2026-08-25T17:23:35,6a252836000000002902dff4,complete,endpoint_exhausted,
account_guangzhou,9340,verified_local_broadband_guangzhou,guangzhou,0,,reply,6a24f0640000000007028111,0,0,2026-08-25T17:23:35,6a25208b000000002902c678,complete,endpoint_exhausted,
account_guangzhou,9340,verified_local_broadband_guangzhou,guangzhou,0,,reply,6a24f0640000000007028111,0,0,2026-08-25T17:23:35,6a251b9f000000002a0266f7,complete,endpoint_exhausted,
account_guangzhou,9340,verified_local_broadband_guangzhou,guangzhou,0,,reply,6a24f0640000000007028111,0,0,2026-08-25T17:23:35,6a2516db0000000028033485,complete,endpoint_exhausted,
account_guangzhou,9340,verified_local_broadband_guangzhou,guangzhou,0,,reply,6a24f0640000000007028111,0,0,2026-08-25T17:23:35,6a2515fe00000000280358eb,complete,endpoint_exhausted,
account_guangzhou,9340,verified_local_broadband_guangzhou,guangzhou,0,,reply,6a24f0640000000007028111,0,0,2026-08-25T17:23:35,6a2511fb000000002b024470,complete,endpoint_exhausted,
account_guangzhou,9340,verified_local_broadband_guangzhou,guangzhou,0,,reply,6a24f0640000000007028111,0,0,2026-08-25T17:23:50,6a25933d000000002702ddf5,complete,endpoint_exhausted,
account_guangzhou,9340,verified_local_broadband_guangzhou,guangzhou,0,,reply,6a24f0640000000007028111,0,0,2026-08-25T17:23:50,6a253551000000002b025d75,complete,endpoint_exhausted,
account_guangzhou,9340,verified_local_broadband_guangzhou,guangzhou,0,,reply,6a24f0640000000007028111,0,0,2026-08-25T17:23:50,6a252d81000000002701512b,complete,endpoint_exhausted,
account_guangzhou,9340,verified_local_broadband_guangzhou,guangzhou,,,top_level,6a24f0640000000007028111,123,13,2026-08-25T17:23:50,,complete,endpoint_exhausted,True
account_guangzhou,9340,verified_local_broadband_guangzhou,guangzhou,,,top_level,6a24c6de0000000007027477,0,1,2026-08-25T17:29:41,,complete,endpoint_exhausted,True
account_guangzhou,9340,verified_local_broadband_guangzhou,guangzhou,0,,reply,6a24bc51000000001603f8ef,0,0,2026-08-25T17:35:31,6a2a246e000000002800bc6d,complete,endpoint_exhausted,
account_guangzhou,9340,verified_local_broadband_guangzhou,guangzhou,,,top_level,6a24bc51000000001603f8ef,1,1,2026-08-25T17:35:31,,complete,endpoint_exhausted,True
account_guangzhou,9340,verified_local_broadband_guangzhou,guangzhou,,,top_level,6a24d1a6000000001603c2f0,0,1,2026-08-25T17:41:22,,complete,endpoint_exhausted,True
account_guangzhou,9340,verified_local_broadband_guangzhou,guangzhou,9,,reply,6a23d1c0000000001c027d9a,9,2,2026-08-25T17:57:43,6a240a57000000002a006642,complete,endpoint_exhausted,
account_guangzhou,9340,verified_local_broadband_guangzhou,guangzhou,2,,reply,6a23d1c0000000001c027d9a,2,1,2026-08-25T17:57:58,6a2416c00000000029013a8e,complete,endpoint_exhausted,
account_guangzhou,9340,verified_local_broadband_guangzhou,guangzhou,2,,reply,6a23d1c0000000001c027d9a,2,1,2026-08-25T17:58:14,6a23f1d0000000002702f530,complete,endpoint_exhausted,
account_guangzhou,9340,verified_local_broadband_guangzhou,guangzhou,2,,reply,6a23d1c0000000001c027d9a,2,1,2026-08-25T17:58:29,6a240c1b000000002a031b25,complete,endpoint_exhausted,
account_guangzhou,9340,verified_local_broadband_guangzhou,guangzhou,1,,reply,6a23d1c0000000001c027d9a,1,0,2026-08-25T17:58:29,6a24022c00000000280377e3,complete,endpoint_exhausted,
account_guangzhou,9340,verified_local_broadband_guangzhou,guangzhou,2,,reply,6a23d1c0000000001c027d9a,2,1,2026-08-25T17:58:44,6a24e0620000000028009749,complete,endpoint_exhausted,
account_guangzhou,9340,verified_local_broadband_guangzhou,guangzhou,3,,reply,6a23d1c0000000001c027d9a,3,1,2026-08-25T17:59:00,6a2a40a700000000290241ff,complete,endpoint_exhausted,
account_guangzhou,9340,verified_local_broadband_guangzhou,guangzhou,1,,reply,6a23d1c0000000001c027d9a,1,0,2026-08-25T17:59:00,6a24f98c000000002101345b,complete,endpoint_exhausted,
account_guangzhou,9340,verified_local_broadband_guangzhou,guangzhou,1,,reply,6a23d1c0000000001c027d9a,1,0,2026-08-25T17:59:00,6a23d21f000000002a0264e1,complete,endpoint_exhausted,
account_guangzhou,9340,verified_local_broadband_guangzhou,guangzhou,0,,reply,6a23d1c0000000001c027d9a,0,0,2026-08-25T17:59:00,6a23f56b000000002902f029,complete,endpoint_exhausted,
account_guangzhou,9340,verified_local_broadband_guangzhou,guangzhou,0,,reply,6a23d1c0000000001c027d9a,0,0,2026-08-25T17:59:15,6a59cc7b000000002a03367e,complete,endpoint_exhausted,
account_guangzhou,9340,verified_local_broadband_guangzhou,guangzhou,0,,reply,6a23d1c0000000001c027d9a,0,0,2026-08-25T17:59:15,6a3b2a3a00000000150043f6,complete,endpoint_exhausted,
account_guangzhou,9340,verified_local_broadband_guangzhou,guangzhou,0,,reply,6a23d1c0000000001c027d9a,0,0,2026-08-25T17:59:15,6a328fdb0000000029035eab,complete,endpoint_exhausted,
account_guangzhou,9340,verified_local_broadband_guangzhou,guangzhou,0,,reply,6a23d1c0000000001c027d9a,0,0,2026-08-25T17:59:15,6a31da3d00000000290242c4,complete,endpoint_exhausted,
account_guangzhou,9340,verified_local_broadband_guangzhou,guangzhou,0,,reply,6a23d1c0000000001c027d9a,0,0,2026-08-25T17:59:15,6a2e5aa20000000028031a2e,complete,endpoint_exhausted,
account_guangzhou,9340,verified_local_broadband_guangzhou,guangzhou,0,,reply,6a23d1c0000000001c027d9a,0,0,2026-08-25T17:59:15,6a2c90a10000000029036ee6,complete,endpoint_exhausted,
account_guangzhou,9340,verified_local_broadband_guangzhou,guangzhou,0,,reply,6a23d1c0000000001c027d9a,0,0,2026-08-25T17:59:15,6a2b77790000000029012864,complete,endpoint_exhausted,
account_guangzhou,9340,verified_local_broadband_guangzhou,guangzhou,0,,reply,6a23d1c0000000001c027d9a,0,0,2026-08-25T17:59:15,6a2ac1290000000028038c2f,complete,endpoint_exhausted,
account_guangzhou,9340,verified_local_broadband_guangzhou,guangzhou,0,,reply,6a23d1c0000000001c027d9a,0,0,2026-08-25T17:59:15,6a27bdf4000000002a025f50,complete,endpoint_exhausted,
account_guangzhou,9340,verified_local_broadband_guangzhou,guangzhou,0,,reply,6a23d1c0000000001c027d9a,0,0,2026-08-25T17:59:15,6a2778de0000000027017a7c,complete,endpoint_exhausted,
account_guangzhou,9340,verified_local_broadband_guangzhou,guangzhou,0,,reply,6a23d1c0000000001c027d9a,0,0,2026-08-25T17:59:30,6a26c9130000000028036b6e,complete,endpoint_exhausted,
account_guangzhou,9340,verified_local_broadband_guangzhou,guangzhou,0,,reply,6a23d1c0000000001c027d9a,0,0,2026-08-25T17:59:30,6a26566b000000002a0041e3,complete,endpoint_exhausted,
account_guangzhou,9340,verified_local_broadband_guangzhou,guangzhou,0,,reply,6a23d1c0000000001c027d9a,0,0,2026-08-25T17:59:30,6a264b10000000002701ee0f,complete,endpoint_exhausted,
account_guangzhou,9340,verified_local_broadband_guangzhou,guangzhou,0,,reply,6a23d1c0000000001c027d9a,0,0,2026-08-25T17:59:30,6a26401d000000002a007507,complete,endpoint_exhausted,
account_guangzhou,9340,verified_local_broadband_guangzhou,guangzhou,0,,reply,6a23d1c0000000001c027d9a,0,0,2026-08-25T17:59:30,6a2618500000000029035c41,complete,endpoint_exhausted,
account_guangzhou,9340,verified_local_broadband_guangzhou,guangzhou,0,,reply,6a23d1c0000000001c027d9a,0,0,2026-08-25T17:59:30,6a2528c8000000002900dd5a,complete,endpoint_exhausted,
account_guangzhou,9340,verified_local_broadband_guangzhou,guangzhou,0,,reply,6a23d1c0000000001c027d9a,0,0,2026-08-25T17:59:30,6a24f6c600000000290346ac,complete,endpoint_exhausted,
account_guangzhou,9340,verified_local_broadband_guangzhou,guangzhou,0,,reply,6a23d1c0000000001c027d9a,0,0,2026-08-25T17:59:30,6a24db2e000000002900c6c4,complete,endpoint_exhausted,
account_guangzhou,9340,verified_local_broadband_guangzhou,guangzhou,0,,reply,6a23d1c0000000001c027d9a,0,0,2026-08-25T17:59:30,6a24d4fd0000000027023948,complete,endpoint_exhausted,
account_guangzhou,9340,verified_local_broadband_guangzhou,guangzhou,0,,reply,6a23d1c0000000001c027d9a,0,0,2026-08-25T17:59:30,6a24d3dd000000002b000dd1,complete,endpoint_exhausted,
account_guangzhou,9340,verified_local_broadband_guangzhou,guangzhou,0,,reply,6a23d1c0000000001c027d9a,0,0,2026-08-25T17:59:46,6a24d21b000000002701fb78,complete,endpoint_exhausted,
account_guangzhou,9340,verified_local_broadband_guangzhou,guangzhou,0,,reply,6a23d1c0000000001c027d9a,0,0,2026-08-25T17:59:46,6a24bd6e0000000028038858,complete,endpoint_exhausted,
account_guangzhou,9340,verified_local_broadband_guangzhou,guangzhou,0,,reply,6a23d1c0000000001c027d9a,0,0,2026-08-25T17:59:46,6a24bc8c00000000270212e9,complete,endpoint_exhausted,
account_guangzhou,9340,verified_local_broadband_guangzhou,guangzhou,0,,reply,6a23d1c0000000001c027d9a,0,0,2026-08-25T17:59:46,6a24b7c800000000270208bc,complete,endpoint_exhausted,
account_guangzhou,9340,verified_local_broadband_guangzhou,guangzhou,0,,reply,6a23d1c0000000001c027d9a,0,0,2026-08-25T17:59:46,6a24aafd00000000270176b1,complete,endpoint_exhausted,
account_guangzhou,9340,verified_local_broadband_guangzhou,guangzhou,0,,reply,6a23d1c0000000001c027d9a,0,0,2026-08-25T17:59:46,6a248395000000002b02b414,complete,endpoint_exhausted,
account_guangzhou,9340,verified_local_broadband_guangzhou,guangzhou,0,,reply,6a23d1c0000000001c027d9a,0,0,2026-08-25T17:59:46,6a2446a6000000002901b4be,complete,endpoint_exhausted,
account_guangzhou,9340,verified_local_broadband_guangzhou,guangzhou,0,,reply,6a23d1c0000000001c027d9a,0,0,2026-08-25T17:59:46,6a242e400000000029026149,complete,endpoint_exhausted,
account_guangzhou,9340,verified_local_broadband_guangzhou,guangzhou,0,,reply,6a23d1c0000000001c027d9a,0,0,2026-08-25T17:59:46,6a242cbd0000000027015efd,complete,endpoint_exhausted,
account_guangzhou,9340,verified_local_broadband_guangzhou,guangzhou,0,,reply,6a23d1c0000000001c027d9a,0,0,2026-08-25T17:59:46,6a242bcc000000002800be84,complete,endpoint_exhausted,
account_guangzhou,9340,verified_local_broadband_guangzhou,guangzhou,1,,reply,6a23d1c0000000001c027d9a,1,0,2026-08-25T18:00:01,6a242b360000000027028f0c,complete,endpoint_exhausted,
account_guangzhou,9340,verified_local_broadband_guangzhou,guangzhou,0,,reply,6a23d1c0000000001c027d9a,0,0,2026-08-25T18:00:01,6a242481000000002702dc67,complete,endpoint_exhausted,
account_guangzhou,9340,verified_local_broadband_guangzhou,guangzhou,0,,reply,6a23d1c0000000001c027d9a,0,0,2026-08-25T18:00:01,6a2423410000000027017f13,complete,endpoint_exhausted,
account_guangzhou,9340,verified_local_broadband_guangzhou,guangzhou,0,,reply,6a23d1c0000000001c027d9a,0,0,2026-08-25T18:00:01,6a24192b00000000290243d5,complete,endpoint_exhausted,
account_guangzhou,9340,verified_local_broadband_guangzhou,guangzhou,0,,reply,6a23d1c0000000001c027d9a,0,0,2026-08-25T18:00:01,6a240c8d000000002900d24c,complete,endpoint_exhausted,
account_guangzhou,9340,verified_local_broadband_guangzhou,guangzhou,0,,reply,6a23d1c0000000001c027d9a,0,0,2026-08-25T18:00:01,6a2409b7000000002803666b,complete,endpoint_exhausted,
account_guangzhou,9340,verified_local_broadband_guangzhou,guangzhou,0,,reply,6a23d1c0000000001c027d9a,0,0,2026-08-25T18:00:01,6a2408bc0000000029026785,complete,endpoint_exhausted,
account_guangzhou,9340,verified_local_broadband_guangzhou,guangzhou,0,,reply,6a23d1c0000000001c027d9a,0,0,2026-08-25T18:00:01,6a2404ba0000000029034fab,complete,endpoint_exhausted,
account_guangzhou,9340,verified_local_broadband_guangzhou,guangzhou,0,,reply,6a23d1c0000000001c027d9a,0,0,2026-08-25T18:00:01,6a24039f000000002a030ec9,complete,endpoint_exhausted,
account_guangzhou,9340,verified_local_broadband_guangzhou,guangzhou,0,,reply,6a23d1c0000000001c027d9a,0,0,2026-08-25T18:00:01,6a24033500000000270215c2,complete,endpoint_exhausted,
account_guangzhou,9340,verified_local_broadband_guangzhou,guangzhou,0,,reply,6a23d1c0000000001c027d9a,0,0,2026-08-25T18:00:16,6a24023a000000002900f263,complete,endpoint_exhausted,
account_guangzhou,9340,verified_local_broadband_guangzhou,guangzhou,0,,reply,6a23d1c0000000001c027d9a,0,0,2026-08-25T18:00:16,6a24021d000000002b02bf24,complete,endpoint_exhausted,
account_guangzhou,9340,verified_local_broadband_guangzhou,guangzhou,0,,reply,6a23d1c0000000001c027d9a,0,0,2026-08-25T18:00:16,6a24020b000000002702c3ce,complete,endpoint_exhausted,
account_guangzhou,9340,verified_local_broadband_guangzhou,guangzhou,0,,reply,6a23d1c0000000001c027d9a,0,0,2026-08-25T18:00:16,6a2400a9000000002b02bd18,complete,endpoint_exhausted,
account_guangzhou,9340,verified_local_broadband_guangzhou,guangzhou,0,,reply,6a23d1c0000000001c027d9a,0,0,2026-08-25T18:00:16,6a23ff2f000000002900f6a6,complete,endpoint_exhausted,
account_guangzhou,9340,verified_local_broadband_guangzhou,guangzhou,0,,reply,6a23d1c0000000001c027d9a,0,0,2026-08-25T18:00:16,6a23f807000000002a030205,complete,endpoint_exhausted,
account_guangzhou,9340,verified_local_broadband_guangzhou,guangzhou,0,,reply,6a23d1c0000000001c027d9a,0,0,2026-08-25T18:00:16,6a23f7b9000000002900e309,complete,endpoint_exhausted,
account_guangzhou,9340,verified_local_broadband_guangzhou,guangzhou,0,,reply,6a23d1c0000000001c027d9a,0,0,2026-08-25T18:00:16,6a23f7a8000000002b00157b,complete,endpoint_exhausted,
account_guangzhou,9340,verified_local_broadband_guangzhou,guangzhou,0,,reply,6a23d1c0000000001c027d9a,0,0,2026-08-25T18:00:16,6a23f590000000002900e6a0,complete,endpoint_exhausted,
account_guangzhou,9340,verified_local_broadband_guangzhou,guangzhou,0,,reply,6a23d1c0000000001c027d9a,0,0,2026-08-25T18:00:16,6a23f504000000002702a6cb,complete,endpoint_exhausted,
account_guangzhou,9340,verified_local_broadband_guangzhou,guangzhou,0,,reply,6a23d1c0000000001c027d9a,0,0,2026-08-25T18:00:32,6a23f3b6000000002903704a,complete,endpoint_exhausted,
account_guangzhou,9340,verified_local_broadband_guangzhou,guangzhou,0,,reply,6a23d1c0000000001c027d9a,0,0,2026-08-25T18:00:32,6a23f2d50000000027016c11,complete,endpoint_exhausted,
account_guangzhou,9340,verified_local_broadband_guangzhou,guangzhou,0,,reply,6a23d1c0000000001c027d9a,0,0,2026-08-25T18:00:32,6a23f18f000000002902edfd,complete,endpoint_exhausted,
account_guangzhou,9340,verified_local_broadband_guangzhou,guangzhou,0,,reply,6a23d1c0000000001c027d9a,0,0,2026-08-25T18:00:32,6a23ed06000000002a02ce26,complete,endpoint_exhausted,
account_guangzhou,9340,verified_local_broadband_guangzhou,guangzhou,0,,reply,6a23d1c0000000001c027d9a,0,0,2026-08-25T18:00:32,6a23ecfb0000000027022eb7,complete,endpoint_exhausted,
account_guangzhou,9340,verified_local_broadband_guangzhou,guangzhou,0,,reply,6a23d1c0000000001c027d9a,0,0,2026-08-25T18:00:32,6a23ec9d0000000027029c39,complete,endpoint_exhausted,
account_guangzhou,9340,verified_local_broadband_guangzhou,guangzhou,0,,reply,6a23d1c0000000001c027d9a,0,0,2026-08-25T18:00:32,6a23ebb5000000002a007d3f,complete,endpoint_exhausted,
account_guangzhou,9340,verified_local_broadband_guangzhou,guangzhou,0,,reply,6a23d1c0000000001c027d9a,0,0,2026-08-25T18:00:32,6a23eb8a0000000029027d83,complete,endpoint_exhausted,
account_guangzhou,9340,verified_local_broadband_guangzhou,guangzhou,0,,reply,6a23d1c0000000001c027d9a,0,0,2026-08-25T18:00:32,6a23eb3000000000290364ae,complete,endpoint_exhausted,
account_guangzhou,9340,verified_local_broadband_guangzhou,guangzhou,0,,reply,6a23d1c0000000001c027d9a,0,0,2026-08-25T18:00:32,6a23ea33000000002702d071,complete,endpoint_exhausted,
account_guangzhou,9340,verified_local_broadband_guangzhou,guangzhou,0,,reply,6a23d1c0000000001c027d9a,0,0,2026-08-25T18:00:47,6a23ea01000000002901b581,complete,endpoint_exhausted,
account_guangzhou,9340,verified_local_broadband_guangzhou,guangzhou,0,,reply,6a23d1c0000000001c027d9a,0,0,2026-08-25T18:00:47,6a23e73d000000002702dd56,complete,endpoint_exhausted,
account_guangzhou,9340,verified_local_broadband_guangzhou,guangzhou,0,,reply,6a23d1c0000000001c027d9a,0,0,2026-08-25T18:00:47,6a23e671000000002b02609c,complete,endpoint_exhausted,
account_guangzhou,9340,verified_local_broadband_guangzhou,guangzhou,0,,reply,6a23d1c0000000001c027d9a,0,0,2026-08-25T18:00:47,6a23e64a000000002902ee98,complete,endpoint_exhausted,
account_guangzhou,9340,verified_local_broadband_guangzhou,guangzhou,0,,reply,6a23d1c0000000001c027d9a,0,0,2026-08-25T18:00:47,6a23e5f30000000028009e36,complete,endpoint_exhausted,
account_guangzhou,9340,verified_local_broadband_guangzhou,guangzhou,0,,reply,6a23d1c0000000001c027d9a,0,0,2026-08-25T18:00:47,6a23e4ec00000000270234f7,complete,endpoint_exhausted,
account_guangzhou,9340,verified_local_broadband_guangzhou,guangzhou,0,,reply,6a23d1c0000000001c027d9a,0,0,2026-08-25T18:00:47,6a23e3de000000002803ca2f,complete,endpoint_exhausted,
account_guangzhou,9340,verified_local_broadband_guangzhou,guangzhou,0,,reply,6a23d1c0000000001c027d9a,0,0,2026-08-25T18:00:47,6a23e35a000000002803151a,complete,endpoint_exhausted,
account_guangzhou,9340,verified_local_broadband_guangzhou,guangzhou,0,,reply,6a23d1c0000000001c027d9a,0,0,2026-08-25T18:00:47,6a23e1ca000000002800ab0e,complete,endpoint_exhausted,
account_guangzhou,9340,verified_local_broadband_guangzhou,guangzhou,0,,reply,6a23d1c0000000001c027d9a,0,0,2026-08-25T18:00:47,6a23e0bc000000002803c26a,complete,endpoint_exhausted,
account_guangzhou,9340,verified_local_broadband_guangzhou,guangzhou,0,,reply,6a23d1c0000000001c027d9a,0,0,2026-08-25T18:01:02,6a23dff8000000002800b950,complete,endpoint_exhausted,
account_guangzhou,9340,verified_local_broadband_guangzhou,guangzhou,0,,reply,6a23d1c0000000001c027d9a,0,0,2026-08-25T18:01:02,6a23dfe0000000002702b645,complete,endpoint_exhausted,
account_guangzhou,9340,verified_local_broadband_guangzhou,guangzhou,0,,reply,6a23d1c0000000001c027d9a,0,0,2026-08-25T18:01:02,6a23dfbe000000002800ab43,complete,endpoint_exhausted,
account_guangzhou,9340,verified_local_broadband_guangzhou,guangzhou,0,,reply,6a23d1c0000000001c027d9a,0,0,2026-08-25T18:01:02,6a23db5a0000000029010e66,complete,endpoint_exhausted,
account_guangzhou,9340,verified_local_broadband_guangzhou,guangzhou,0,,reply,6a23d1c0000000001c027d9a,0,0,2026-08-25T18:01:02,6a23db2e000000002901825f,complete,endpoint_exhausted,
account_guangzhou,9340,verified_local_broadband_guangzhou,guangzhou,0,,reply,6a23d1c0000000001c027d9a,0,0,2026-08-25T18:01:02,6a23d66b0000000027015ab1,complete,endpoint_exhausted,
account_guangzhou,9340,verified_local_broadband_guangzhou,guangzhou,0,,reply,6a23d1c0000000001c027d9a,0,0,2026-08-25T18:01:02,6a33817a000000002803787b,complete,endpoint_exhausted,
account_guangzhou,9340,verified_local_broadband_guangzhou,guangzhou,0,,reply,6a23d1c0000000001c027d9a,0,0,2026-08-25T18:01:02,6a2a30de000000002701dbcb,complete,endpoint_exhausted,
account_guangzhou,9340,verified_local_broadband_guangzhou,guangzhou,0,,reply,6a23d1c0000000001c027d9a,0,0,2026-08-25T18:01:02,6a293056000000002803a394,complete,endpoint_exhausted,
account_guangzhou,9340,verified_local_broadband_guangzhou,guangzhou,0,,reply,6a23d1c0000000001c027d9a,0,0,2026-08-25T18:01:02,6a27c6b50000000027017dbc,complete,endpoint_exhausted,
account_guangzhou,9340,verified_local_broadband_guangzhou,guangzhou,0,,reply,6a23d1c0000000001c027d9a,0,0,2026-08-25T18:01:18,6a26b90e0000000027023a20,complete,endpoint_exhausted,
account_guangzhou,9340,verified_local_broadband_guangzhou,guangzhou,2,,reply,6a23d1c0000000001c027d9a,2,1,2026-08-25T18:01:33,6a26a817000000002803053a,complete,endpoint_exhausted,
account_guangzhou,9340,verified_local_broadband_guangzhou,guangzhou,0,,reply,6a23d1c0000000001c027d9a,0,0,2026-08-25T18:01:33,6a2695690000000027017147,complete,endpoint_exhausted,
account_guangzhou,9340,verified_local_broadband_guangzhou,guangzhou,0,,reply,6a23d1c0000000001c027d9a,0,0,2026-08-25T18:01:33,6a268841000000002b0003bd,complete,endpoint_exhausted,
account_guangzhou,9340,verified_local_broadband_guangzhou,guangzhou,0,,reply,6a23d1c0000000001c027d9a,0,0,2026-08-25T18:01:33,6a2644df0000000029013960,complete,endpoint_exhausted,
account_guangzhou,9340,verified_local_broadband_guangzhou,guangzhou,0,,reply,6a23d1c0000000001c027d9a,0,0,2026-08-25T18:01:33,6a257e6b000000002a027a0b,complete,endpoint_exhausted,
account_guangzhou,9340,verified_local_broadband_guangzhou,guangzhou,0,,reply,6a23d1c0000000001c027d9a,0,0,2026-08-25T18:01:33,6a25555900000000270226cb,complete,endpoint_exhausted,
account_guangzhou,9340,verified_local_broadband_guangzhou,guangzhou,0,,reply,6a23d1c0000000001c027d9a,0,0,2026-08-25T18:01:33,6a2516ed000000002702f8d9,complete,endpoint_exhausted,
account_guangzhou,9340,verified_local_broadband_guangzhou,guangzhou,0,,reply,6a23d1c0000000001c027d9a,0,0,2026-08-25T18:01:33,6a2506eb000000002702c2e7,complete,endpoint_exhausted,
account_guangzhou,9340,verified_local_broadband_guangzhou,guangzhou,0,,reply,6a23d1c0000000001c027d9a,0,0,2026-08-25T18:01:33,6a24e754000000002803750a,complete,endpoint_exhausted,
account_guangzhou,9340,verified_local_broadband_guangzhou,guangzhou,0,,reply,6a23d1c0000000001c027d9a,0,0,2026-08-25T18:01:49,6a24af77000000002b024ef1,complete,endpoint_exhausted,
account_guangzhou,9340,verified_local_broadband_guangzhou,guangzhou,0,,reply,6a23d1c0000000001c027d9a,0,0,2026-08-25T18:01:49,6a2497e6000000002701c3c5,complete,endpoint_exhausted,
account_guangzhou,9340,verified_local_broadband_guangzhou,guangzhou,0,,reply,6a23d1c0000000001c027d9a,0,0,2026-08-25T18:01:49,6a243f82000000002901ae17,complete,endpoint_exhausted,
account_guangzhou,9340,verified_local_broadband_guangzhou,guangzhou,0,,reply,6a23d1c0000000001c027d9a,0,0,2026-08-25T18:01:49,6a243a6d000000002b00245c,complete,endpoint_exhausted,
account_guangzhou,9340,verified_local_broadband_guangzhou,guangzhou,0,,reply,6a23d1c0000000001c027d9a,0,0,2026-08-25T18:01:49,6a242241000000002a02f281,complete,endpoint_exhausted,
account_guangzhou,9340,verified_local_broadband_guangzhou,guangzhou,0,,reply,6a23d1c0000000001c027d9a,0,0,2026-08-25T18:01:49,6a241e0f000000002702e2a9,complete,endpoint_exhausted,
account_guangzhou,9340,verified_local_broadband_guangzhou,guangzhou,0,,reply,6a23d1c0000000001c027d9a,0,0,2026-08-25T18:01:49,6a2417c7000000002701487e,complete,endpoint_exhausted,
account_guangzhou,9340,verified_local_broadband_guangzhou,guangzhou,0,,reply,6a23d1c0000000001c027d9a,0,0,2026-08-25T18:01:49,6a2416e1000000002901856f,complete,endpoint_exhausted,
account_guangzhou,9340,verified_local_broadband_guangzhou,guangzhou,0,,reply,6a23d1c0000000001c027d9a,0,0,2026-08-25T18:01:49,6a24121a000000002901350d,complete,endpoint_exhausted,
account_guangzhou,9340,verified_local_broadband_guangzhou,guangzhou,0,,reply,6a23d1c0000000001c027d9a,0,0,2026-08-25T18:01:49,6a240e50000000002b02b974,complete,endpoint_exhausted,
account_guangzhou,9340,verified_local_broadband_guangzhou,guangzhou,0,,reply,6a23d1c0000000001c027d9a,0,0,2026-08-25T18:02:04,6a240c4b000000002b000702,complete,endpoint_exhausted,
account_guangzhou,9340,verified_local_broadband_guangzhou,guangzhou,0,,reply,6a23d1c0000000001c027d9a,0,0,2026-08-25T18:02:04,6a240acf0000000028032dd4,complete,endpoint_exhausted,
account_guangzhou,9340,verified_local_broadband_guangzhou,guangzhou,0,,reply,6a23d1c0000000001c027d9a,0,0,2026-08-25T18:02:04,6a240a27000000002900eca3,complete,endpoint_exhausted,
account_guangzhou,9340,verified_local_broadband_guangzhou,guangzhou,0,,reply,6a23d1c0000000001c027d9a,0,0,2026-08-25T18:02:04,6a24072a0000000029025c76,complete,endpoint_exhausted,
account_guangzhou,9340,verified_local_broadband_guangzhou,guangzhou,0,,reply,6a23d1c0000000001c027d9a,0,0,2026-08-25T18:02:04,6a2404ef000000002b026d6a,complete,endpoint_exhausted,
account_guangzhou,9340,verified_local_broadband_guangzhou,guangzhou,1,,reply,6a23d1c0000000001c027d9a,1,0,2026-08-25T18:02:04,6a240437000000002702955c,complete,endpoint_exhausted,
account_guangzhou,9340,verified_local_broadband_guangzhou,guangzhou,0,,reply,6a23d1c0000000001c027d9a,0,0,2026-08-25T18:02:04,6a24029a000000002803b22c,complete,endpoint_exhausted,
account_guangzhou,9340,verified_local_broadband_guangzhou,guangzhou,0,,reply,6a23d1c0000000001c027d9a,0,0,2026-08-25T18:02:04,6a2400cc000000002701cff3,complete,endpoint_exhausted,
account_guangzhou,9340,verified_local_broadband_guangzhou,guangzhou,0,,reply,6a23d1c0000000001c027d9a,0,0,2026-08-25T18:02:04,6a23fd080000000028030289,complete,endpoint_exhausted,
account_guangzhou,9340,verified_local_broadband_guangzhou,guangzhou,0,,reply,6a23d1c0000000001c027d9a,0,0,2026-08-25T18:02:04,6a23fcdc000000002701e3a4,complete,endpoint_exhausted,
account_guangzhou,9340,verified_local_broadband_guangzhou,guangzhou,0,,reply,6a23d1c0000000001c027d9a,0,0,2026-08-25T18:02:19,6a23fae7000000002702fae2,complete,endpoint_exhausted,
account_guangzhou,9340,verified_local_broadband_guangzhou,guangzhou,0,,reply,6a23d1c0000000001c027d9a,0,0,2026-08-25T18:02:19,6a23f9de000000002702fd78,complete,endpoint_exhausted,
account_guangzhou,9340,verified_local_broadband_guangzhou,guangzhou,0,,reply,6a23d1c0000000001c027d9a,0,0,2026-08-25T18:02:19,6a23f9830000000028037e6a,complete,endpoint_exhausted,
account_guangzhou,9340,verified_local_broadband_guangzhou,guangzhou,0,,reply,6a23d1c0000000001c027d9a,0,0,2026-08-25T18:02:19,6a23f935000000002803045d,complete,endpoint_exhausted,
account_guangzhou,9340,verified_local_broadband_guangzhou,guangzhou,0,,reply,6a23d1c0000000001c027d9a,0,0,2026-08-25T18:02:19,6a23f5d8000000002a02ee67,complete,endpoint_exhausted,
account_guangzhou,9340,verified_local_broadband_guangzhou,guangzhou,0,,reply,6a23d1c0000000001c027d9a,0,0,2026-08-25T18:02:19,6a23f2670000000028039c0c,complete,endpoint_exhausted,
account_guangzhou,9340,verified_local_broadband_guangzhou,guangzhou,0,,reply,6a23d1c0000000001c027d9a,0,0,2026-08-25T18:02:19,6a23eabc000000002800beb0,complete,endpoint_exhausted,
account_guangzhou,9340,verified_local_broadband_guangzhou,guangzhou,0,,reply,6a23d1c0000000001c027d9a,0,0,2026-08-25T18:02:19,6a23e8c2000000002701dd93,complete,endpoint_exhausted,
account_guangzhou,9340,verified_local_broadband_guangzhou,guangzhou,0,,reply,6a23d1c0000000001c027d9a,0,0,2026-08-25T18:02:19,6a23e86b000000002901038b,complete,endpoint_exhausted,
account_guangzhou,9340,verified_local_broadband_guangzhou,guangzhou,0,,reply,6a23d1c0000000001c027d9a,0,0,2026-08-25T18:02:19,6a23e7ce00000000270142e4,complete,endpoint_exhausted,
account_guangzhou,9340,verified_local_broadband_guangzhou,guangzhou,0,,reply,6a23d1c0000000001c027d9a,0,0,2026-08-25T18:02:35,6a23e723000000002803ad12,complete,endpoint_exhausted,
account_guangzhou,9340,verified_local_broadband_guangzhou,guangzhou,0,,reply,6a23d1c0000000001c027d9a,0,0,2026-08-25T18:02:35,6a23e5d8000000002a02ff3c,complete,endpoint_exhausted,
account_guangzhou,9340,verified_local_broadband_guangzhou,guangzhou,0,,reply,6a23d1c0000000001c027d9a,0,0,2026-08-25T18:02:35,6a23e51e00000000280355ff,complete,endpoint_exhausted,
account_guangzhou,9340,verified_local_broadband_guangzhou,guangzhou,0,,reply,6a23d1c0000000001c027d9a,0,0,2026-08-25T18:02:35,6a23e515000000002a02d830,complete,endpoint_exhausted,
account_guangzhou,9340,verified_local_broadband_guangzhou,guangzhou,0,,reply,6a23d1c0000000001c027d9a,0,0,2026-08-25T18:02:35,6a23e405000000002900ef28,complete,endpoint_exhausted,
account_guangzhou,9340,verified_local_broadband_guangzhou,guangzhou,0,,reply,6a23d1c0000000001c027d9a,0,0,2026-08-25T18:02:35,6a23e3da000000002a007cad,complete,endpoint_exhausted,
account_guangzhou,9340,verified_local_broadband_guangzhou,guangzhou,0,,reply,6a23d1c0000000001c027d9a,0,0,2026-08-25T18:02:35,6a23e1ae000000002800a421,complete,endpoint_exhausted,
account_guangzhou,9340,verified_local_broadband_guangzhou,guangzhou,1,,reply,6a23d1c0000000001c027d9a,1,0,2026-08-25T18:02:35,6a23e1a1000000002701469f,complete,endpoint_exhausted,
account_guangzhou,9340,verified_local_broadband_guangzhou,guangzhou,0,,reply,6a23d1c0000000001c027d9a,0,0,2026-08-25T18:02:35,6a23e186000000002701d6fe,complete,endpoint_exhausted,
account_guangzhou,9340,verified_local_broadband_guangzhou,guangzhou,0,,reply,6a23d1c0000000001c027d9a,0,0,2026-08-25T18:02:35,6a23e0e40000000029018809,complete,endpoint_exhausted,
account_guangzhou,9340,verified_local_broadband_guangzhou,guangzhou,0,,reply,6a23d1c0000000001c027d9a,0,0,2026-08-25T18:02:50,6a23e0b70000000028032bdb,complete,endpoint_exhausted,
account_guangzhou,9340,verified_local_broadband_guangzhou,guangzhou,0,,reply,6a23d1c0000000001c027d9a,0,0,2026-08-25T18:02:50,6a23e0a7000000002701dd60,complete,endpoint_exhausted,
account_guangzhou,9340,verified_local_broadband_guangzhou,guangzhou,0,,reply,6a23d1c0000000001c027d9a,0,0,2026-08-25T18:02:50,6a23e0450000000028008b08,complete,endpoint_exhausted,
account_guangzhou,9340,verified_local_broadband_guangzhou,guangzhou,0,,reply,6a23d1c0000000001c027d9a,0,0,2026-08-25T18:02:50,6a23e0420000000029036518,complete,endpoint_exhausted,
account_guangzhou,9340,verified_local_broadband_guangzhou,guangzhou,0,,reply,6a23d1c0000000001c027d9a,0,0,2026-08-25T18:02:50,6a23e036000000002a026c97,complete,endpoint_exhausted,
account_guangzhou,9340,verified_local_broadband_guangzhou,guangzhou,0,,reply,6a23d1c0000000001c027d9a,0,0,2026-08-25T18:02:50,6a23df8b000000002a031aeb,complete,endpoint_exhausted,
account_guangzhou,9340,verified_local_broadband_guangzhou,guangzhou,0,,reply,6a23d1c0000000001c027d9a,0,0,2026-08-25T18:02:50,6a23debb000000002800ab97,complete,endpoint_exhausted,
account_guangzhou,9340,verified_local_broadband_guangzhou,guangzhou,0,,reply,6a23d1c0000000001c027d9a,0,0,2026-08-25T18:02:50,6a23de72000000002b003322,complete,endpoint_exhausted,
account_guangzhou,9340,verified_local_broadband_guangzhou,guangzhou,0,,reply,6a23d1c0000000001c027d9a,0,0,2026-08-25T18:02:50,6a23ddc6000000002a0062d2,complete,endpoint_exhausted,
account_guangzhou,9340,verified_local_broadband_guangzhou,guangzhou,0,,reply,6a23d1c0000000001c027d9a,0,0,2026-08-25T18:02:50,6a23ddaf000000002b02452a,complete,endpoint_exhausted,
account_guangzhou,9340,verified_local_broadband_guangzhou,guangzhou,0,,reply,6a23d1c0000000001c027d9a,0,0,2026-08-25T18:03:05,6a23dd21000000002701762e,complete,endpoint_exhausted,
account_guangzhou,9340,verified_local_broadband_guangzhou,guangzhou,0,,reply,6a23d1c0000000001c027d9a,0,0,2026-08-25T18:03:05,6a23dcab0000000027022bbd,complete,endpoint_exhausted,
account_guangzhou,9340,verified_local_broadband_guangzhou,guangzhou,0,,reply,6a23d1c0000000001c027d9a,0,0,2026-08-25T18:03:05,6a23dbda000000002900edf8,complete,endpoint_exhausted,
account_guangzhou,9340,verified_local_broadband_guangzhou,guangzhou,0,,reply,6a23d1c0000000001c027d9a,0,0,2026-08-25T18:03:05,6a23dab20000000029012a30,complete,endpoint_exhausted,
account_guangzhou,9340,verified_local_broadband_guangzhou,guangzhou,0,,reply,6a23d1c0000000001c027d9a,0,0,2026-08-25T18:03:05,6a23dab00000000027022d13,complete,endpoint_exhausted,
account_guangzhou,9340,verified_local_broadband_guangzhou,guangzhou,0,,reply,6a23d1c0000000001c027d9a,0,0,2026-08-25T18:03:05,6a23da48000000002701e1bd,complete,endpoint_exhausted,
account_guangzhou,9340,verified_local_broadband_guangzhou,guangzhou,0,,reply,6a23d1c0000000001c027d9a,0,0,2026-08-25T18:03:05,6a23d9ec0000000029013b56,complete,endpoint_exhausted,
account_guangzhou,9340,verified_local_broadband_guangzhou,guangzhou,0,,reply,6a23d1c0000000001c027d9a,0,0,2026-08-25T18:03:05,6a23d9af000000002a005f50,complete,endpoint_exhausted,
account_guangzhou,9340,verified_local_broadband_guangzhou,guangzhou,0,,reply,6a23d1c0000000001c027d9a,0,0,2026-08-25T18:03:05,6a23d6d30000000028037818,complete,endpoint_exhausted,
account_guangzhou,9340,verified_local_broadband_guangzhou,guangzhou,0,,reply,6a23d1c0000000001c027d9a,0,0,2026-08-25T18:03:05,6a23d6c1000000002803016d,complete,endpoint_exhausted,
account_guangzhou,9340,verified_local_broadband_guangzhou,guangzhou,0,,reply,6a23d1c0000000001c027d9a,0,0,2026-08-25T18:03:21,6a23d3b0000000002b029ee2,complete,endpoint_exhausted,
account_guangzhou,9340,verified_local_broadband_guangzhou,guangzhou,,,top_level,6a23d1c0000000001c027d9a,161,17,2026-08-25T18:03:21,,complete,endpoint_exhausted,True
account_guangzhou,9340,verified_local_broadband_guangzhou,guangzhou,,,top_level,6a26baab000000002200a8ff,0,1,2026-08-25T18:09:11,,complete,endpoint_exhausted,True
account_guangzhou,9340,verified_local_broadband_guangzhou,guangzhou,,,top_level,6a2569e40000000022009df2,0,1,2026-08-25T18:15:01,,complete,endpoint_exhausted,True
account_guangzhou,9340,verified_local_broadband_guangzhou,guangzhou,0,,reply,6a26a01f000000002202d893,0,0,2026-08-25T14:37:31,6a26a45f000000002800aae6,complete,endpoint_exhausted,
account_guangzhou,9340,verified_local_broadband_guangzhou,guangzhou,,,top_level,6a26a01f000000002202d893,1,1,2026-08-25T14:37:31,,complete,endpoint_exhausted,True
account_guangzhou,9340,verified_local_broadband_guangzhou,guangzhou,,,top_level,6a255a0f0000000021022d26,0,1,2026-08-25T14:43:21,,complete,endpoint_exhausted,True
account_guangzhou,9340,verified_local_broadband_guangzhou,guangzhou,,,top_level,6a2563ae0000000008000f58,0,1,2026-08-25T14:49:11,,complete,endpoint_exhausted,True
account_guangzhou,9340,verified_local_broadband_guangzhou,guangzhou,3,,reply,6a2361a500000000220198c7,3,1,2026-08-25T14:55:17,6a30dd73000000002702847e,complete,endpoint_exhausted,
account_guangzhou,9340,verified_local_broadband_guangzhou,guangzhou,,,top_level,6a2361a500000000220198c7,1,1,2026-08-25T14:55:17,,complete,endpoint_exhausted,True
account_guangzhou,9340,verified_local_broadband_guangzhou,guangzhou,1,,reply,6a244b690000000035031735,1,0,2026-08-25T15:01:10,6a24a4d400000000270164fa,complete,endpoint_exhausted,
account_guangzhou,9340,verified_local_broadband_guangzhou,guangzhou,,,top_level,6a244b690000000035031735,1,1,2026-08-25T15:01:10,,complete,endpoint_exhausted,True
account_guangzhou,9340,verified_local_broadband_guangzhou,guangzhou,14,,reply,6a24c8c000000000360024a5,14,3,2026-08-25T15:07:47,6a259180000000002a02f445,complete,endpoint_exhausted,
account_guangzhou,9340,verified_local_broadband_guangzhou,guangzhou,4,,reply,6a24c8c000000000360024a5,4,1,2026-08-25T15:08:02,6a27acf5000000002900d846,complete,endpoint_exhausted,
account_guangzhou,9340,verified_local_broadband_guangzhou,guangzhou,0,,reply,6a24c8c000000000360024a5,0,0,2026-08-25T15:08:02,6a25017b0000000027023c4a,complete,endpoint_exhausted,
account_guangzhou,9340,verified_local_broadband_guangzhou,guangzhou,1,,reply,6a24c8c000000000360024a5,1,0,2026-08-25T15:08:02,6a2618a40000000027016ddf,complete,endpoint_exhausted,
account_guangzhou,9340,verified_local_broadband_guangzhou,guangzhou,0,,reply,6a24c8c000000000360024a5,0,0,2026-08-25T15:08:02,6a260cfd000000002702f0ed,complete,endpoint_exhausted,
account_guangzhou,9340,verified_local_broadband_guangzhou,guangzhou,0,,reply,6a24c8c000000000360024a5,0,0,2026-08-25T15:08:02,6a25223a000000002b02a13d,complete,endpoint_exhausted,
account_guangzhou,9340,verified_local_broadband_guangzhou,guangzhou,0,,reply,6a24c8c000000000360024a5,0,0,2026-08-25T15:08:02,6a2629940000000027023af1,complete,endpoint_exhausted,
account_guangzhou,9340,verified_local_broadband_guangzhou,guangzhou,0,,reply,6a24c8c000000000360024a5,0,0,2026-08-25T15:08:02,6a2544b7000000002a0240db,complete,endpoint_exhausted,
account_guangzhou,9340,verified_local_broadband_guangzhou,guangzhou,0,,reply,6a24c8c000000000360024a5,0,0,2026-08-25T15:08:02,6a26b953000000002a03293b,complete,endpoint_exhausted,
account_guangzhou,9340,verified_local_broadband_guangzhou,guangzhou,0,,reply,6a24c8c000000000360024a5,0,0,2026-08-25T15:08:02,6a2667770000000029037bf2,complete,endpoint_exhausted,
account_guangzhou,9340,verified_local_broadband_guangzhou,guangzhou,0,,reply,6a24c8c000000000360024a5,0,0,2026-08-25T15:08:17,6a2658880000000028032ed9,complete,endpoint_exhausted,
account_guangzhou,9340,verified_local_broadband_guangzhou,guangzhou,0,,reply,6a24c8c000000000360024a5,0,0,2026-08-25T15:08:17,6a255fa4000000002702adb8,complete,endpoint_exhausted,
account_guangzhou,9340,verified_local_broadband_guangzhou,guangzhou,0,,reply,6a24c8c000000000360024a5,0,0,2026-08-25T15:08:17,6a251ac5000000002a007bff,complete,endpoint_exhausted,
account_guangzhou,9340,verified_local_broadband_guangzhou,guangzhou,0,,reply,6a24c8c000000000360024a5,0,0,2026-08-25T15:08:17,6a25fb54000000002803de01,complete,endpoint_exhausted,
account_guangzhou,9340,verified_local_broadband_guangzhou,guangzhou,0,,reply,6a24c8c000000000360024a5,0,0,2026-08-25T15:08:17,6a24ea5200000000290108ee,complete,endpoint_exhausted,
account_guangzhou,9340,verified_local_broadband_guangzhou,guangzhou,,,top_level,6a24c8c000000000360024a5,15,2,2026-08-25T15:08:17,,complete,endpoint_exhausted,True
account_guangzhou,9340,verified_local_broadband_guangzhou,guangzhou,1,,reply,6a2413e400000000080323e7,1,0,2026-08-25T15:24:08,6a2508f8000000002803073d,complete,endpoint_exhausted,
account_guangzhou,9340,verified_local_broadband_guangzhou,guangzhou,,,top_level,6a2413e400000000080323e7,1,1,2026-08-25T15:24:08,,complete,endpoint_exhausted,True
